master_cell_id,master_row_idx,master_col_idx,latitude,longitude,dist_from_mine_m,bearing_from_mine_deg,is_mine_core_zone,pixel_count,cell_area_km2,may_blue_B02,may_green_B03,may_red_B04,may_nir_B08,may_swir1_B11,may_swir2_B12,aug_blue_B02,aug_green_B03,aug_red_B04,aug_nir_B08,aug_swir1_B11,aug_swir2_B12,may_vv,may_vh,aug_vv,aug_vh,may_ndvi,may_ndwi,may_mndwi,may_bsi,may_swir_ratio,may_clay_index,may_iron_oxide,may_vv_vh_ratio,aug_ndvi,aug_ndwi,aug_mndwi,aug_bsi,aug_swir_ratio,aug_clay_index,aug_iron_oxide,aug_vv_vh_ratio,delta_ndvi,delta_ndwi,delta_mndwi,delta_bsi,delta_swir_ratio,delta_clay_index,delta_iron_oxide,delta_vv,delta_vh,delta_vv_vh_ratio,delta_nir,delta_swir1,mineral_score_mean,mineral_score_max,flood_risk_score_mean,ore_pixel_ratio,ore_surface_proxy,surface_zone,grade_tier_bis,mn_grade_range,env_NDVI,env_LST_Celsius,env_Rainfall_annual_mean_mm,env_Rainfall_monsoon_mean_mm,env_Rainfall_daily_max_mm,env_Rainfall_7day_rolling_max_mm,env_Rainfall_30day_rolling_max_mm,env_Rainfall_monthly_mean_clim_mm,env_Rainfall_extreme_events_total,env_Soil_Moisture_mean_m3m3,env_Soil_Moisture_monsoon_peak_m3m3,env_Soil_Moisture_dry_season_m3m3,env_Soil_Moisture_std,env_LST_mean_C,env_LST_summer_max_C,env_NDVI_mean,environment_source_grid_id,environment_match_dist_m,soil_phh2o_0_5cm,soil_phh2o_5_15cm,soil_phh2o_15_30cm,soil_phh2o_30_60cm,soil_phh2o_60_100cm,soil_phh2o_100_200cm,soil_clay_0_5cm,soil_clay_5_15cm,soil_clay_15_30cm,soil_clay_30_60cm,soil_clay_60_100cm,soil_clay_100_200cm,soil_sand_0_5cm,soil_sand_5_15cm,soil_sand_15_30cm,soil_sand_30_60cm,soil_sand_60_100cm,soil_sand_100_200cm,soil_silt_0_5cm,soil_silt_5_15cm,soil_silt_15_30cm,soil_silt_30_60cm,soil_silt_60_100cm,soil_silt_100_200cm,soil_soc_0_5cm,soil_soc_5_15cm,soil_soc_15_30cm,soil_soc_30_60cm,soil_soc_60_100cm,soil_soc_100_200cm,soil_bdod_0_5cm,soil_bdod_5_15cm,soil_bdod_15_30cm,soil_bdod_30_60cm,soil_bdod_60_100cm,soil_bdod_100_200cm,soil_cec_0_5cm,soil_cec_5_15cm,soil_cec_15_30cm,soil_cec_30_60cm,soil_cec_60_100cm,soil_cec_100_200cm,soil_cfvo_0_5cm,soil_cfvo_5_15cm,soil_cfvo_15_30cm,soil_cfvo_30_60cm,soil_cfvo_60_100cm,soil_cfvo_100_200cm,soil_wrb_class_code,soil_source_cell_id,soil_match_dist_m,terrain_elevation,terrain_slope_deg,terrain_aspect_deg,terrain_curvature,terrain_terrain_ruggedness,terrain_TPI,terrain_TRI,terrain_source_cell_id,terrain_match_dist_m,terrain_available,lithology_toposheet,lithology_age,lithology_supergroup,lithology_group_name,lithology_formation,lithology_member,lithology_lithologic,lithology_sub_group,lithology_intrusive,lithology_script,lithology_notation,lithology_stratigrap,lithology_notation12,lithology_stratigr_1,lithology_sld_name,lithology_notation_l,lithology_source_gid,lithology_match_dist_m,lithology_available,lithology_is_point_sample_not_polygon,manganese_present,confidence,historical_mining_status,nearest_benchmark_site,distance_to_benchmark_m,ground_truth_real_grid_id,ground_truth_match_dist_m,label_source
MASTER_00_00,0,0,21.805992,80.192965,5991.834961,215.478943,0,593,0.09,0.14854,0.172924,0.193791,0.259758,0.311208,0.280426,0.189136,0.200995,0.199395,0.280623,0.326288,0.269576,0.314018,0.04621,0.459518,0.063629,0.152013,-0.205416,-0.293277,0.10755,0.899501,1.216589,1.306576,9.564548,0.174198,-0.167687,-0.242142,0.056431,0.824043,1.178389,1.048328,9.712768,0.022184,0.037729,0.051135,-0.05112,-0.075458,-0.038201,-0.258248,0.1455,0.017419,0.15864,0.020865,0.015079,0.506629,0.5883,0.359732,0.325464,1,mixed_agricultural,grade_C_siliceous_low_25to30,25-30% Mn + SiO2>=15% (Siliceous),0.156,36.36,1625.07,1432.68,104.75,293.23,736.99,4.46,6,0.2525,0.5004,0.1417,0.126,30.03,48.93,0.434,GRID_300M_00_00,166.14597922211314,,,,,,,,,,,,,,,,,,,,,,,,,,,,,,,,,,,,,,,,,,,,,,,,,29,MB300-0001,38.92627923524633,,,,,,,,,3922.7484492474778,False,64C02,NEOPROTEROZOIC,,,,,GRANITE,,ACID INTRUSIVE,å¸ Pt3u1,å¸ Pt<SUB>3</SUB>u1,"9293779850999293,NEOPROTEROZOIC , GRANITE,2223",,NEOPROTEROZOIC-GRANITE,lithology_gcs_ngdr5,å¸ Ptï¿½ï€§1,330285.0,0.0,True,True,,,,,,,,UNKNOWN
MASTER_00_01,0,1,21.806034,80.195529,5838.595215,213.393982,0,773,0.09,0.141242,0.167913,0.190908,0.273012,0.317527,0.274548,0.180554,0.194821,0.188299,0.300396,0.320907,0.252508,0.642105,0.030533,1.36724,0.04868,0.185053,-0.245912,-0.317366,0.104334,0.86267,1.177045,1.367163,22.677048,0.235538,-0.215565,-0.248622,0.026997,0.781596,1.082734,1.035659,33.10429,0.050484,0.030346,0.068745,-0.077337,-0.081073,-0.094311,-0.331504,0.725135,0.018147,7.85375,0.027384,0.00338,0.515772,0.6124,0.366459,0.241915,1,built_up,grade_C_siliceous_low_25to30,25-30% Mn + SiO2>=15% (Siliceous),0.19,36.36,1625.07,1432.68,104.75,293.23,736.99,4.46,6,0.2525,0.5004,0.1417,0.126,30.03,48.93,0.434,GRID_300M_00_01,148.2729798244505,,,,,,,,,,,,,,,,,,,,,,,,,,,,,,,,,,,,,,,,,,,,,,,,,29,MB300-0002,24.980618685446824,,,,,,,,,3790.679543295053,False,64C01,ARCHAEAN,,TIRODI GNEISSIC COMPLEX,,,GNEISS/MIGMATITE,,,Atgc2,Atgc2,"9998979997995291,ARCHAEAN , GNEISS/MIGMATITE,4350",,ARCHAEAN-GNEISS-MIGMATITE,lithology_gcs_ngdr11,Atgc2,330252.0,0.0,True,True,,,,,,,,UNKNOWN
MASTER_00_02,0,2,21.80603,80.198442,5679.29248,210.862503,0,770,0.09,0.127878,0.155714,0.179579,0.26733,0.322705,0.280743,0.162779,0.177602,0.167218,0.297384,0.303681,0.232034,0.263013,0.034924,0.939734,0.062662,0.203539,-0.269209,-0.35399,0.118923,0.867221,1.217215,1.421324,12.036376,0.285782,-0.253533,-0.265703,0.008853,0.756418,1.039195,1.017667,17.269454,0.082243,0.015675,0.088288,-0.110069,-0.110803,-0.17802,-0.403657,0.676721,0.027738,5.748658,0.030054,-0.019024,0.524174,0.6714,0.372121,0.333766,1,built_up,grade_C_siliceous_low_25to30,25-30% Mn + SiO2>=15% (Siliceous),0.176,36.96,1625.07,1432.68,104.75,293.23,736.99,4.46,6,0.2525,0.5004,0.1417,0.126,30.03,48.93,0.434,GRID_300M_00_02,148.16542874960476,,,,,,,,,,,,,,,,,,,,,,,,,,,,,,,,,,,,,,,,,,,,,,,,,29,MB300-0003,22.880400340367196,,,,,,,,,3663.4773344541823,False,64C01,ARCHAEAN,,TIRODI GNEISSIC COMPLEX,,,GNEISS/MIGMATITE,,,Atgc2,Atgc2,"9998979997995291,ARCHAEAN , GNEISS/MIGMATITE,4350",,ARCHAEAN-GNEISS-MIGMATITE,lithology_gcs_ngdr11,Atgc2,330260.0,0.0,True,True,,,,,,,,UNKNOWN
MASTER_00_03,0,3,21.806028,80.201348,5531.85791,208.198761,0,779,0.09,0.130278,0.157734,0.181258,0.258276,0.311725,0.272696,0.160519,0.175171,0.169266,0.276778,0.308644,0.246402,0.369001,0.045977,0.770949,0.06159,0.181057,-0.246149,-0.333813,0.119363,0.873319,1.218813,1.396599,13.496649,0.245128,-0.22603,-0.279656,0.043515,0.795166,1.130395,1.046799,16.991943,0.064072,0.020119,0.054157,-0.075847,-0.078153,-0.088418,-0.3498,0.401947,0.015613,3.100261,0.018503,-0.00308,0.522718,0.5902,0.355148,0.349166,1,built_up,grade_C_siliceous_low_25to30,25-30% Mn + SiO2>=15% (Siliceous),0.167,36.96,1625.07,1432.68,104.75,293.23,736.99,4.46,6,0.2525,0.5004,0.1417,0.126,30.03,48.93,0.434,GRID_300M_00_03,147.81290090550345,,,,,,,,,,,,,,,,,,,,,,,,,,,,,,,,,,,,,,,,,,,,,,,,,29,MB300-0004,21.075981467643174,,,,,,,,,3557.2725996362983,False,64C01,ARCHAEAN,,TIRODI GNEISSIC COMPLEX,,,GRANULITE,,,Atgc3,Atgc3,"9998979997996299,ARCHAEAN , GRANULITE,4351",,ARCHAEAN-GRANULITE,lithology_gcs_ngdr11,Atgc3,330235.0,0.0,True,True,,,,,,,,UNKNOWN
MASTER_00_04,0,4,21.806027,80.204264,5396.550293,205.385147,0,778,0.09,0.118229,0.142808,0.165159,0.242641,0.298386,0.26348,0.142058,0.145113,0.13214,0.199179,0.18966,0.140807,0.288417,0.046034,0.670412,0.06563,0.19528,-0.260682,-0.355634,0.12231,0.87875,1.243895,1.398512,8.777251,0.189549,-0.139852,-0.095,-0.043508,0.716934,0.935954,0.922599,13.466351,-0.005732,0.12083,0.260634,-0.165818,-0.161816,-0.307941,-0.475913,0.381995,0.019595,4.770153,-0.043463,-0.108727,0.521347,0.6073,0.463317,0.294344,1,waterlogged,grade_C_siliceous_low_25to30,25-30% Mn + SiO2>=15% (Siliceous),0.175,36.96,1625.07,1432.68,104.75,293.23,736.99,4.46,6,0.2525,0.5004,0.1417,0.126,30.03,48.93,0.434,GRID_300M_00_04,148.1552787221213,,,,,,,,,,,,,,,,,,,,,,,,,,,,,,,,,,,,,,,,,,,,,,,,,29,MB300-0005,19.370782261366937,,,,,,,,,3473.492966642393,False,64C01,ARCHAEAN,,TIRODI GNEISSIC COMPLEX,,,GRANULITE,,,Atgc3,Atgc3,"9998979997996299,ARCHAEAN , GRANULITE,4351",,ARCHAEAN-GRANULITE,lithology_gcs_ngdr11,Atgc3,330236.0,0.0,True,True,,,,,,,,UNKNOWN
MASTER_00_05,0,5,21.806011,80.207178,5276.430176,202.431458,0,769,0.09,0.120688,0.146042,0.171283,0.239345,0.310711,0.278059,0.35136,0.341124,0.324062,0.378262,0.385625,0.310529,0.241347,0.031414,0.545137,0.049999,0.158878,-0.227391,-0.344902,0.139513,0.888525,1.306325,1.418066,9.801652,0.090433,-0.060276,-0.063375,-0.018719,0.791744,1.010516,0.916721,15.481171,-0.068445,0.167115,0.281527,-0.158232,-0.096782,-0.295809,-0.501345,0.30379,0.018585,5.678686,0.138917,0.074914,0.532315,0.6553,0.474763,0.516255,1,waterlogged,grade_C_siliceous_low_25to30,25-30% Mn + SiO2>=15% (Siliceous),0.202,36.96,1625.07,1432.68,104.75,293.23,736.99,4.46,6,0.2525,0.5004,0.1417,0.126,30.03,48.93,0.434,GRID_300M_00_05,146.98205835225662,7.4,7.5,7.5,7.7,7.8,7.9,43.2,43.8,46.5,46.8,45.8,47.3,17.1,17.5,15.6,15.2,16.3,16.8,39.7,38.7,37.9,38.0,37.9,36.0,13.2,8.9,6.2,5.4,3.2,2.8,1.57,1.6,1.64,1.63,1.65,1.65,31.5,31.9,31.7,31.6,31.5,31.4,7.0,6.3,7.0,8.9,9.1,10.5,29,MB300-0006,16.09521259438751,,,,,,,,,3416.014374494687,False,64C01,CENOZOIC,,,,,LATERITE,,,Czl2,Czl2,"4689729789998315,CENOZOIC , LATERITE,0656",,CENOZOIC-LATERITE,lithology_gcs_ngdr2,Czl2,330249.0,0.0,True,True,,,,,,,,UNKNOWN
MASTER_00_06,0,6,21.806021,80.210083,5168.652832,199.367798,0,768,0.09,0.100653,0.130052,0.143976,0.290527,0.299318,0.226558,0.152536,0.152505,0.132181,0.215219,0.200212,0.14357,0.164841,0.038182,0.212913,0.034102,0.34123,-0.381128,-0.395209,0.057155,0.750796,1.045301,1.424053,6.412027,0.232137,-0.159763,-0.098582,-0.065548,0.689814,0.904492,0.860598,10.510693,-0.109093,0.221364,0.296627,-0.122703,-0.060981,-0.140808,-0.563456,0.048073,-0.00408,4.066006,-0.075308,-0.099107,0.510014,0.6394,0.463754,0.209635,1,waterlogged,grade_C_siliceous_low_25to30,25-30% Mn + SiO2>=15% (Siliceous),0.194,37.87,1625.07,1432.68,104.75,293.23,736.99,4.46,6,0.2525,0.5004,0.1417,0.126,30.03,48.93,0.434,GRID_300M_00_06,147.75497702305384,7.4,7.5,7.6,7.6,7.8,7.9,42.9,43.6,46.1,46.5,45.7,46.7,17.4,17.7,15.9,15.5,16.6,17.1,39.7,38.7,38.0,38.0,37.7,36.3,13.1,8.8,6.3,5.5,3.3,2.5,1.57,1.59,1.63,1.63,1.64,1.64,31.5,32.0,31.7,31.6,31.5,31.4,7.4,6.5,7.2,8.5,8.7,10.9,29,MB300-0007,15.683469605396366,,,,,,,,,3381.6184786281074,False,64C01,CENOZOIC,,,,,LATERITE,,,Czl2,Czl2,"4689729789998315,CENOZOIC , LATERITE,0656",,CENOZOIC-LATERITE,lithology_gcs_ngdr2,Czl2,330246.0,0.0,True,True,,,,,,,,UNKNOWN
MASTER_00_07,0,7,21.806071,80.212969,5072.464844,196.217896,0,782,0.09,0.090079,0.116329,0.132766,0.269054,0.278469,0.204501,0.416884,0.391515,0.359747,0.380787,0.305197,0.240415,0.122085,0.024155,0.182342,0.035882,0.344509,-0.394843,-0.410127,0.062189,0.728454,1.050851,1.452095,7.681634,0.078276,-0.029327,0.076487,-0.087246,0.772591,0.811621,0.878538,7.482643,-0.266233,0.365516,0.486614,-0.149435,0.044137,-0.23923,-0.573557,0.060256,0.011727,-0.170801,0.111733,0.026727,0.518754,0.6208,0.555616,0.047315,0,water_body,grade_D_manganiferous_sub25,< 25% Mn (Manganiferous/ROM dilution),0.317,37.87,1625.07,1432.68,104.75,293.23,736.99,4.46,6,0.2525,0.5004,0.1417,0.126,30.03,48.93,0.434,GRID_300M_00_07,151.27253068542123,7.5,7.6,7.6,7.7,7.8,7.9,43.2,43.7,46.4,46.8,45.7,46.5,17.7,18.0,16.0,15.7,17.0,17.4,39.2,38.2,37.6,37.5,37.3,36.2,13.5,9.2,6.3,5.7,3.6,2.5,1.57,1.59,1.63,1.63,1.64,1.64,31.6,32.1,31.8,31.6,31.4,31.2,7.2,6.3,7.2,8.5,8.8,10.7,29,MB300-0008,19.703639999963343,,,,,,,,,3369.186244399226,False,64C01,CENOZOIC,,,,,LATERITE,,,Czl2,Czl2,"4689729789998315,CENOZOIC , LATERITE,0656",,CENOZOIC-LATERITE,lithology_gcs_ngdr2,Czl2,330244.0,0.0,True,True,,,,,,,,UNKNOWN
MASTER_00_08,0,8,21.806073,80.21583,4997.922363,192.972916,0,803,0.09,0.090296,0.122894,0.136502,0.301627,0.281151,0.194972,0.536344,0.495716,0.459096,0.437718,0.356202,0.298435,0.141374,0.036324,0.168625,0.028871,0.382347,-0.421116,-0.390555,0.027115,0.688604,0.940614,1.492343,5.38533,-0.001848,0.044114,0.150086,-0.089298,0.8217,0.812739,0.867539,8.880058,-0.384196,0.465229,0.540641,-0.116414,0.133095,-0.127875,-0.624804,0.027251,-0.007452,3.464787,0.136091,0.075051,0.516442,0.6235,0.580943,0.001245,0,water_body,grade_D_manganiferous_sub25,< 25% Mn (Manganiferous/ROM dilution),0.353,39.18,1625.07,1432.68,104.75,293.23,736.99,4.46,6,0.2525,0.5004,0.1417,0.126,30.03,48.93,0.434,GRID_300M_00_08,149.06881442498877,7.5,7.6,7.6,7.7,7.8,7.9,42.9,43.2,46.1,46.7,45.5,46.4,17.6,18.0,16.0,15.7,17.0,17.2,39.6,38.8,37.9,37.6,37.5,36.4,13.7,9.4,6.3,5.8,3.5,2.5,1.55,1.56,1.6,1.6,1.61,1.61,31.0,31.9,31.6,31.6,31.4,31.3,7.1,6.4,7.1,8.5,8.5,10.0,29,MB300-0009,18.849977207212596,,,,,,,,,3370.4327888249854,False,64C01,CENOZOIC,,,,,LATERITE,,,Czl2,Czl2,"4689729789998315,CENOZOIC , LATERITE,0656",,CENOZOIC-LATERITE,lithology_gcs_ngdr2,Czl2,330243.0,0.0,True,True,,,,,,,,UNKNOWN
MASTER_00_09,0,9,21.806071,80.218744,4939.405273,189.576004,0,799,0.09,0.087825,0.119326,0.132877,0.282956,0.263485,0.181727,0.679605,0.631192,0.593841,0.547465,0.447101,0.375621,0.127543,0.034108,0.111838,0.023029,0.373304,-0.408625,-0.368721,0.019293,0.678223,0.929666,1.479768,5.493753,-0.023605,0.055115,0.146793,-0.075852,0.845747,0.838065,0.895076,9.235071,-0.396909,0.463741,0.515514,-0.095145,0.167525,-0.0916,-0.584692,-0.015705,-0.011078,3.69696,0.264508,0.183616,0.515811,0.631,0.570832,0.002503,0,water_body,grade_B_blast_furnace_25to44,25-44% Mn (BF + Medium grade),0.319,39.18,1625.07,1432.68,104.75,293.23,736.99,4.46,6,0.2525,0.5004,0.1417,0.126,30.03,48.93,0.434,GRID_300M_00_09,149.17324701307714,7.5,7.6,7.7,7.8,7.9,7.9,42.4,42.7,45.7,46.4,45.2,46.0,17.5,17.8,15.7,15.6,16.9,17.1,40.2,39.4,38.6,38.0,37.9,36.9,13.5,9.5,6.4,6.0,3.6,2.5,1.54,1.55,1.59,1.59,1.6,1.6,30.7,32.1,31.9,32.2,32.0,31.9,6.6,6.1,6.6,8.0,7.8,9.3,29,MB300-0010,16.855149750365506,,,,,,,,,3372.2384021359226,False,64C01,CENOZOIC,,,,,LATERITE,,,Czl2,Czl2,"4689729789998315,CENOZOIC , LATERITE,0656",,CENOZOIC-LATERITE,lithology_gcs_ngdr2,Czl2,330250.0,0.0,True,True,,,,,,,,UNKNOWN
MASTER_00_10,0,10,21.806071,80.221667,4898.288086,186.100357,0,801,0.09,0.091655,0.12159,0.144165,0.278499,0.274228,0.192359,1.042725,0.951574,0.893878,0.794043,0.59273,0.468634,0.114993,0.035049,0.148078,0.024759,0.325634,-0.390679,-0.378769,0.052476,0.693654,0.986512,1.545248,4.751154,-0.056619,0.08652,0.222179,-0.100082,0.794598,0.760495,0.868864,10.185192,-0.382253,0.477198,0.600948,-0.152558,0.100944,-0.226016,-0.676384,0.033085,-0.01029,5.374708,0.515543,0.318502,0.53699,0.6289,0.618577,0.001248,0,water_body,grade_D_manganiferous_sub25,< 25% Mn (Manganiferous/ROM dilution),0.314,39.18,1625.07,1432.68,104.75,293.23,736.99,4.46,6,0.2525,0.5004,0.1417,0.126,30.03,48.93,0.434,GRID_300M_00_10,149.93080311443245,7.5,7.6,7.6,7.8,7.9,7.9,41.6,42.4,45.2,46.5,45.3,45.4,17.5,17.5,15.8,15.4,16.7,17.1,41.0,40.0,39.0,38.1,38.1,37.5,13.4,9.7,6.4,5.5,3.5,2.5,1.55,1.56,1.59,1.6,1.61,1.61,31.0,32.1,31.9,32.1,32.0,31.7,6.6,6.0,6.2,7.8,7.9,9.7,29,MB300-0011,15.050914559771774,,,,,,,,,3373.8389642578245,False,64C01,CENOZOIC,,,,,LATERITE,,,Czl2,Czl2,"4689729789998315,CENOZOIC , LATERITE,0656",,CENOZOIC-LATERITE,lithology_gcs_ngdr2,Czl2,330238.0,0.0,True,True,,,,,,,,UNKNOWN
MASTER_00_11,0,11,21.806076,80.22458,4875.019531,182.591766,0,802,0.09,0.097299,0.130383,0.157048,0.295732,0.309081,0.220717,0.729355,0.669666,0.62074,0.595877,0.4673,0.386726,0.136688,0.03615,0.133192,0.020744,0.312325,-0.388535,-0.403638,0.07892,0.709521,1.047281,1.597805,5.897112,-0.000866,0.040207,0.153498,-0.092817,0.83298,0.797701,0.864606,10.77229,-0.313191,0.428743,0.557136,-0.171737,0.123459,-0.24958,-0.7332,-0.003496,-0.015406,4.834435,0.300145,0.158219,0.550371,0.6378,0.594475,0.018703,0,water_body,grade_B_blast_furnace_25to44,25-44% Mn (BF + Medium grade),0.391,39.49,1625.07,1432.68,104.75,293.23,736.99,4.46,6,0.2525,0.5004,0.1417,0.126,30.03,48.93,0.434,GRID_300M_00_11,150.61881113692587,7.5,7.6,7.6,7.8,7.9,7.9,41.3,42.4,44.8,47.1,45.5,45.5,17.4,17.2,15.7,15.2,16.6,17.1,41.3,40.4,39.5,37.8,37.8,37.4,13.3,9.4,6.5,5.6,3.6,2.4,1.55,1.56,1.59,1.6,1.61,1.6,31.1,31.7,31.7,31.9,31.6,31.2,7.3,6.7,7.0,7.9,7.8,9.2,29,MB300-0012,14.14103760471732,,,,,,,,,3374.7510002211793,False,64C01,LATE CRETACEOUS - PALAEOCENE,DECCAN TRAP,AMARKANTAK,,,BASALT,,,K2Pg1dau2,K<SUB>2</SUB>Pg<SUB>1</SUB>dau2,"4790739798999100,LATE CRETACEOUS - PALAEOCENE , BASALT,1172",,LATE-CRETACEOUS-PALAEOCENE-BASALT,lithology_gcs_ngdr3,Kï¿½î½¥gï¿½î»œau2,330242.0,0.0,True,True,,,,,,,,UNKNOWN
MASTER_00_12,0,12,21.806067,80.227502,4871.685547,179.052841,0,783,0.09,0.080402,0.109438,0.114769,0.268402,0.234347,0.158245,0.391446,0.374602,0.337476,0.39405,0.318747,0.262593,0.180218,0.046131,0.088205,0.01602,0.408004,-0.421475,-0.357421,-0.009068,0.667481,0.872749,1.407973,5.257002,0.109001,-0.049209,0.060689,-0.092448,0.805571,0.808719,0.874019,10.505395,-0.299003,0.372266,0.41811,-0.08338,0.13809,-0.06403,-0.533955,-0.092013,-0.030111,5.227786,0.125648,0.0844,0.495656,0.602,0.524883,0.014049,0,waterlogged,grade_B_blast_furnace_25to44,25-44% Mn (BF + Medium grade),0.307,39.49,1625.07,1432.68,104.75,293.23,736.99,4.46,6,0.2525,0.5004,0.1417,0.126,30.03,48.93,0.434,GRID_300M_00_12,150.4709349063299,7.5,7.6,7.6,7.8,7.9,7.9,41.2,42.6,45.1,47.8,46.2,45.9,17.8,17.5,15.8,15.1,16.6,17.2,40.9,40.0,39.1,37.0,37.2,36.9,13.7,8.9,6.4,5.3,3.5,2.4,1.55,1.56,1.59,1.6,1.61,1.61,31.0,31.8,31.7,31.9,31.6,31.1,7.0,6.5,7.1,7.6,7.7,8.7,29,MB300-0013,11.79832056365196,,,,,,,,,3377.3527996925927,False,64C01,NEOPROTEROZOIC,,,,,GRANITE,,ACID INTRUSIVE,å¸ Pt3u1,å¸ Pt<SUB>3</SUB>u1,"9293779850999293,NEOPROTEROZOIC , GRANITE,2223",,NEOPROTEROZOIC-GRANITE,lithology_gcs_ngdr5,å¸ Ptï¿½ï€§1,330241.0,0.0,True,True,,,,,,,,UNKNOWN
MASTER_00_13,0,13,21.806081,80.230424,4884.438477,175.51857,0,811,0.09,0.088827,0.117586,0.126668,0.258801,0.250355,0.186633,0.132521,0.143762,0.113384,0.250349,0.182618,0.118131,0.137882,0.033544,0.24459,0.036002,0.348668,-0.374596,-0.357664,0.031707,0.730999,0.983224,1.41106,6.706399,0.376959,-0.267934,-0.098866,-0.137608,0.625468,0.721222,0.850996,11.621704,0.028291,0.106662,0.258798,-0.169315,-0.105531,-0.262001,-0.560064,0.106708,0.002457,4.887717,-0.008452,-0.067738,0.503847,0.6091,0.462396,0.162762,1,sparse_vegetation,grade_B_blast_furnace_25to44,25-44% Mn (BF + Medium grade),0.295,39.49,1625.07,1432.68,104.75,293.23,736.99,4.46,6,0.2525,0.5004,0.1417,0.126,30.03,48.93,0.434,GRID_300M_00_13,152.54638865887324,7.5,7.6,7.6,7.8,7.9,7.9,41.0,42.6,44.8,47.7,46.0,45.7,18.1,17.5,15.7,15.0,16.6,17.2,41.0,39.9,39.5,37.3,37.4,37.0,14.2,9.5,6.7,5.6,3.9,2.8,1.55,1.56,1.6,1.6,1.62,1.61,31.1,32.1,31.9,32.1,31.8,31.3,7.2,6.7,7.6,8.8,9.3,10.2,29,MB300-0014,12.468159555179614,,,,,,,,,3377.3959506627707,False,64C01,NEOPROTEROZOIC,,,,,GRANITE,,ACID INTRUSIVE,å¸ Pt3u1,å¸ Pt<SUB>3</SUB>u1,"9293779850999293,NEOPROTEROZOIC , GRANITE,2223",,NEOPROTEROZOIC-GRANITE,lithology_gcs_ngdr5,å¸ Ptï¿½ï€§1,330251.0,0.0,True,True,,,,,,,,UNKNOWN
MASTER_00_14,0,14,21.806123,80.233274,4911.415039,172.097641,0,818,0.09,0.108763,0.136589,0.153178,0.275795,0.296881,0.24779,0.136034,0.148717,0.132535,0.261536,0.256056,0.198086,0.323967,0.036169,0.361673,0.038787,0.293376,-0.339065,-0.370265,0.069955,0.821084,1.091644,1.398851,11.925969,0.326738,-0.269008,-0.236461,-0.026859,0.747752,0.967063,0.964538,13.561739,0.033362,0.070057,0.133804,-0.096814,-0.073332,-0.124581,-0.434313,0.037707,0.002618,1.738923,-0.014259,-0.040824,0.503969,0.6158,0.387664,0.188264,1,built_up,grade_B_blast_furnace_25to44,25-44% Mn (BF + Medium grade),0.34,39.49,1625.07,1432.68,104.75,293.23,736.99,4.46,6,0.2525,0.5004,0.1417,0.126,30.03,48.93,0.434,GRID_300M_00_14,153.73193560967096,7.5,7.6,7.6,7.8,7.8,7.9,40.4,41.7,43.9,46.6,45.0,45.0,18.2,17.7,15.9,15.4,17.0,17.5,41.5,40.6,40.2,38.0,38.0,37.5,14.6,9.7,6.5,5.6,4.1,3.0,1.55,1.56,1.6,1.6,1.61,1.61,31.3,31.9,31.7,31.9,31.6,31.4,7.0,6.4,7.5,8.9,9.7,10.6,29,MB300-0015,14.841568643018958,,,,,,,,,3374.050837914058,False,64C01,NEOPROTEROZOIC,,,,,GRANITE,,ACID INTRUSIVE,å¸ Pt3u1,å¸ Pt<SUB>3</SUB>u1,"9293779850999293,NEOPROTEROZOIC , GRANITE,2223",,NEOPROTEROZOIC-GRANITE,lithology_gcs_ngdr5,å¸ Ptï¿½ï€§1,330248.0,0.0,True,True,,,,,,,,UNKNOWN
MASTER_00_15,0,15,21.806112,80.236155,4962.190918,168.703186,0,836,0.09,0.109319,0.137486,0.158242,0.282577,0.315407,0.258841,0.227416,0.230975,0.213101,0.320251,0.308299,0.241992,0.210874,0.030821,0.380837,0.038329,0.287659,-0.346056,-0.393158,0.089494,0.815584,1.124885,1.442236,9.2554,0.245988,-0.19481,-0.154557,-0.037716,0.756619,0.943305,0.933992,13.220268,-0.041671,0.151246,0.238601,-0.12721,-0.058965,-0.18158,-0.508244,0.169963,0.007508,4.074691,0.037673,-0.007108,0.516784,0.6179,0.437212,0.228469,1,built_up,grade_B_blast_furnace_25to44,25-44% Mn (BF + Medium grade),0.23,39.46,1625.07,1432.68,104.75,293.23,736.99,4.46,6,0.2525,0.5004,0.1417,0.126,30.03,48.93,0.434,GRID_300M_00_15,151.32011392160956,7.6,7.6,7.6,7.7,7.8,7.9,39.3,40.9,42.8,45.8,44.3,44.6,18.5,17.9,16.4,15.7,17.3,17.8,42.2,41.2,40.8,38.5,38.4,37.7,14.1,10.5,6.5,5.9,4.0,3.1,1.55,1.56,1.59,1.59,1.61,1.6,31.9,32.5,32.2,32.4,32.1,31.9,7.2,6.9,8.0,9.3,10.0,11.3,29,MB300-0016,12.549511026736447,,,,,,,,,3376.7891277283466,False,64C01,NEOPROTEROZOIC,,,,,GRANITE,,ACID INTRUSIVE,å¸ Pt3u1,å¸ Pt<SUB>3</SUB>u1,"9293779850999293,NEOPROTEROZOIC , GRANITE,2223",,NEOPROTEROZOIC-GRANITE,lithology_gcs_ngdr5,å¸ Ptï¿½ï€§1,330257.0,0.0,True,True,,,,,,,,UNKNOWN
MASTER_00_16,0,16,21.806116,80.239073,5029.243652,165.341965,0,839,0.09,0.08968,0.118537,0.126466,0.276692,0.266364,0.197627,0.171081,0.172284,0.144572,0.247143,0.182468,0.122929,0.141462,0.034968,0.18732,0.031191,0.380725,-0.400952,-0.381464,0.025224,0.730693,0.971465,1.389983,6.391735,0.297812,-0.198316,-0.009935,-0.151678,0.627208,0.699184,0.823166,9.01484,-0.082913,0.202636,0.371529,-0.176901,-0.103485,-0.272282,-0.566817,0.045859,-0.003777,2.59565,-0.029549,-0.083896,0.495032,0.6059,0.511793,0.072706,0,waterlogged,grade_B_blast_furnace_25to44,25-44% Mn (BF + Medium grade),0.31,39.46,1625.07,1432.68,104.75,293.23,736.99,4.46,6,0.2525,0.5004,0.1417,0.126,30.03,48.93,0.434,GRID_300M_00_16,152.1855004426769,7.5,7.6,7.6,7.7,7.8,7.9,39.6,41.5,42.9,45.7,44.1,44.5,18.4,17.6,16.3,15.9,17.6,18.0,42.0,40.8,40.8,38.4,38.4,37.5,14.2,10.6,6.3,5.8,4.0,3.2,1.54,1.55,1.59,1.59,1.6,1.6,31.8,32.6,32.3,32.5,32.2,31.8,7.5,7.5,8.4,9.8,10.6,11.7,29,MB300-0017,11.129123129584288,,,,,,,,,3377.822167148585,False,64C01,NEOPROTEROZOIC,,,,,GRANITE,,ACID INTRUSIVE,å¸ Pt3u1,å¸ Pt<SUB>3</SUB>u1,"9293779850999293,NEOPROTEROZOIC , GRANITE,2223",,NEOPROTEROZOIC-GRANITE,lithology_gcs_ngdr5,å¸ Ptï¿½ï€§1,330258.0,0.0,True,True,,,,,,,,UNKNOWN
MASTER_00_17,0,17,21.806116,80.241987,5113.496582,162.085449,0,839,0.09,0.098701,0.127029,0.141668,0.281391,0.288754,0.226809,0.218668,0.220228,0.1969,0.314808,0.283402,0.210719,0.156831,0.033027,0.222432,0.035415,0.337705,-0.377715,-0.387294,0.050826,0.770193,1.045652,1.413474,6.439941,0.250157,-0.193092,-0.13054,-0.058166,0.726172,0.902032,0.91015,9.40559,-0.087548,0.184623,0.256754,-0.108992,-0.044021,-0.14362,-0.503324,0.065601,0.002388,2.966352,0.033418,-0.005352,0.504143,0.6159,0.444411,0.218117,1,sparse_vegetation,grade_B_blast_furnace_25to44,25-44% Mn (BF + Medium grade),0.329,39.46,1625.07,1432.68,104.75,293.23,736.99,4.46,6,0.2525,0.5004,0.1417,0.126,30.03,48.93,0.434,GRID_300M_00_17,152.46891559097588,7.6,7.6,7.7,7.7,7.8,7.9,40.3,42.3,43.6,46.0,44.3,44.6,18.4,17.6,16.2,16.0,17.8,18.2,41.3,40.1,40.1,37.9,37.9,37.2,14.6,10.4,6.2,5.8,3.8,3.1,1.53,1.55,1.58,1.58,1.6,1.59,31.2,31.9,31.7,31.9,31.6,31.1,7.8,7.7,8.6,10.1,10.7,11.9,29,MB300-0018,9.582436728344986,,,,,,,,,3379.4037592127092,False,64C01,NEOPROTEROZOIC,,,,,GRANITE,,ACID INTRUSIVE,å¸ Pt3u1,å¸ Pt<SUB>3</SUB>u1,"9293779850999293,NEOPROTEROZOIC , GRANITE,2223",,NEOPROTEROZOIC-GRANITE,lithology_gcs_ngdr5,å¸ Ptï¿½ï€§1,330255.0,0.0,True,True,,,,,,,,UNKNOWN
MASTER_00_18,0,18,21.806116,80.244905,5213.841797,158.940445,0,840,0.09,0.115353,0.148953,0.188302,0.301772,0.359043,0.282632,0.132741,0.141954,0.114734,0.254275,0.192137,0.12869,0.13141,0.029144,0.201745,0.030583,0.23638,-0.339385,-0.412862,0.131937,0.78652,1.193719,1.624312,8.362307,0.38233,-0.28132,-0.123587,-0.132527,0.635233,0.742361,0.853484,8.929544,0.14595,0.058065,0.289275,-0.264464,-0.151287,-0.451358,-0.770828,0.070335,0.001439,0.578199,-0.047498,-0.166906,0.565091,0.6265,0.478694,0.422619,1,sparse_vegetation,grade_C_siliceous_low_25to30,25-30% Mn + SiO2>=15% (Siliceous),0.194,39.01,1625.07,1432.68,104.75,293.23,736.99,4.46,6,0.2525,0.5004,0.1417,0.126,30.03,48.93,0.434,GRID_300M_00_18,152.94569112561544,7.6,7.6,7.7,7.7,7.8,7.9,40.7,42.6,44.1,46.1,44.2,44.6,18.7,17.9,16.5,16.4,18.2,18.6,40.6,39.5,39.3,37.5,37.6,36.9,14.2,10.6,6.2,5.2,3.6,2.9,1.51,1.53,1.57,1.57,1.59,1.59,30.9,31.0,31.0,31.1,30.8,30.6,8.4,8.2,9.1,10.0,10.2,11.4,29,MB300-0019,8.220401632026904,,,,,,,,,3399.063778637397,False,64C01,PALAEOPROTEROZOIC,,SAUSAR,MANSAR,,GONDITE/MANGANESE ORE,,,Pt1sm1,Pt<SUB>1</SUB>sm1,"9695949959991292,PALAEOPROTEROZOIC , GONDITE/MANGANESE ORE,3440",,PALAEOPROTEROZOIC-GONDITE-MANGANESE-ORE,lithology_gcs_ngdr7,Ptï¿½î»«m1,330245.0,0.0,True,True,,,,,,,,UNKNOWN
MASTER_00_19,0,19,21.806111,80.247821,5329.641602,155.927551,0,833,0.09,0.09602,0.127336,0.152426,0.289754,0.304411,0.222718,0.193816,0.200419,0.174734,0.289543,0.231869,0.163061,0.107866,0.028342,0.158802,0.02527,0.325543,-0.393181,-0.404533,0.070943,0.72174,1.042929,1.554748,6.022139,0.285163,-0.204225,-0.066354,-0.111429,0.667873,0.766564,0.879607,9.861877,-0.04038,0.188956,0.338179,-0.182372,-0.053867,-0.276364,-0.675141,0.050935,-0.003073,3.823128,-0.000211,-0.072542,0.538561,0.6245,0.490985,0.222089,1,sparse_vegetation,grade_D_manganiferous_sub25,< 25% Mn (Manganiferous/ROM dilution),0.258,39.01,1625.07,1432.68,104.75,293.23,736.99,4.46,6,0.2525,0.5004,0.1417,0.126,30.03,48.93,0.434,GRID_300M_00_19,152.7909755225627,7.6,7.6,7.7,7.7,7.8,7.8,40.6,42.4,44.2,46.0,44.2,44.5,18.7,17.9,16.4,16.4,18.1,18.4,40.7,39.7,39.3,37.6,37.8,37.0,14.9,10.2,6.0,5.1,3.2,2.5,1.51,1.54,1.57,1.57,1.59,1.59,31.1,30.9,30.9,31.1,30.9,30.8,8.3,8.1,9.1,10.0,10.3,11.6,29,MB300-0020,6.584234556468329,,,,,,,,,3445.6031375449193,False,64C01,PALAEOPROTEROZOIC,,SAUSAR,MANSAR,,GONDITE/MANGANESE ORE,,,Pt1sm1,Pt<SUB>1</SUB>sm1,"9695949959991292,PALAEOPROTEROZOIC , GONDITE/MANGANESE ORE,3440",,PALAEOPROTEROZOIC-GONDITE-MANGANESE-ORE,lithology_gcs_ngdr7,Ptï¿½î»«m1,330247.0,0.0,True,True,,,,,,,,UNKNOWN
MASTER_00_20,0,20,21.806138,80.250725,5455.895996,153.044357,0,844,0.09,0.09464,0.122713,0.143746,0.296196,0.32378,0.243622,0.14463,0.161903,0.134169,0.315913,0.251619,0.158608,0.117475,0.024993,0.176142,0.035331,0.352692,-0.413649,-0.447185,0.082412,0.745007,1.096845,1.496846,6.979153,0.414925,-0.329326,-0.221712,-0.093412,0.622656,0.796512,0.927544,8.047642,0.062232,0.084324,0.225474,-0.175825,-0.122351,-0.300333,-0.569302,0.058667,0.010338,1.064332,0.019717,-0.07216,0.526388,0.6156,0.42542,0.118483,1,sparse_vegetation,grade_D_manganiferous_sub25,< 25% Mn (Manganiferous/ROM dilution),0.273,39.01,1625.07,1432.68,104.75,293.23,736.99,4.46,6,0.2525,0.5004,0.1417,0.126,30.03,48.93,0.434,GRID_300M_00_20,155.26125492728215,7.5,7.5,7.6,7.7,7.7,7.8,39.9,41.4,44.2,46.0,44.0,44.7,18.9,18.3,16.5,16.4,18.1,18.3,41.2,40.3,39.3,37.6,38.0,37.0,15.8,9.9,6.5,6.7,3.7,3.4,1.52,1.54,1.57,1.58,1.6,1.6,31.1,30.9,31.0,31.2,30.9,30.9,10.1,9.5,11.5,13.4,14.0,14.5,29,MB300-0021,8.103757216212864,,,,,,,,,3513.6585162658,False,64C01,PALAEOPROTEROZOIC,,SAUSAR,MANSAR,,MUSCOVITE SCHIST,,,Pt1sm5,Pt<SUB>1</SUB>sm5,"9695949959995344,PALAEOPROTEROZOIC , MUSCOVITE SCHIST,3444",,PALAEOPROTEROZOIC-MUSCOVITE-SCHIST,lithology_gcs_ngdr7,Ptï¿½î»«m5,330256.0,0.0,True,True,,,,,,,,UNKNOWN
MASTER_00_21,0,21,21.806173,80.25358,5591.930664,150.339035,0,855,0.09,0.08413,0.113492,0.125262,0.290529,0.270116,0.1901,0.08805,0.107559,0.076521,0.268814,0.159516,0.086202,0.137156,0.034436,0.193833,0.030047,0.406226,-0.438204,-0.40461,0.016375,0.694842,0.935094,1.454317,5.551138,0.546706,-0.41835,-0.181822,-0.203661,0.541067,0.59629,0.867945,8.994822,0.14048,0.019853,0.222788,-0.220036,-0.153774,-0.338804,-0.586372,0.056677,-0.00439,3.452157,-0.021715,-0.1106,0.504382,0.6166,0.441651,0.11345,1,sparse_vegetation,grade_C_siliceous_low_25to30,25-30% Mn + SiO2>=15% (Siliceous),0.293,38.99,1625.07,1432.68,104.75,293.23,736.99,4.46,6,0.2525,0.5004,0.1417,0.126,30.03,48.93,0.434,GRID_300M_00_21,156.34956844290397,7.4,7.4,7.5,7.5,7.6,7.6,39.4,40.9,44.4,46.1,43.9,44.9,19.3,18.7,16.8,16.7,18.2,18.4,41.3,40.4,38.9,37.2,37.9,36.8,16.4,10.8,7.1,6.0,3.9,3.8,1.51,1.53,1.56,1.58,1.59,1.59,31.5,31.3,31.3,31.5,31.3,31.4,12.0,12.0,15.2,16.9,17.3,16.8,29,MB300-0022,10.209320218790454,,,,,,,,,3602.8619905928917,False,64C01,PALAEOPROTEROZOIC,,SAUSAR,MANSAR,,MUSCOVITE SCHIST,,,Pt1sm5,Pt<SUB>1</SUB>sm5,"9695949959995344,PALAEOPROTEROZOIC , MUSCOVITE SCHIST,3444",,PALAEOPROTEROZOIC-MUSCOVITE-SCHIST,lithology_gcs_ngdr7,Ptï¿½î»«m5,330237.0,0.0,True,True,,,,,,,,UNKNOWN
MASTER_00_22,0,22,21.806157,80.256468,5746.536133,147.769073,0,861,0.09,0.085458,0.114954,0.129704,0.276045,0.295854,0.225949,0.084163,0.105901,0.077936,0.271289,0.186038,0.104893,0.115427,0.024812,0.20303,0.035719,0.367101,-0.410304,-0.433518,0.070279,0.749219,1.085786,1.489925,7.550399,0.545741,-0.430216,-0.26875,-0.147043,0.56197,0.697997,0.922182,9.559254,0.17864,-0.019911,0.164768,-0.217323,-0.187249,-0.387789,-0.567743,0.087602,0.010907,2.013976,-0.004756,-0.109816,0.51988,0.6223,0.406341,0.140534,1,sparse_vegetation,grade_C_siliceous_low_25to30,25-30% Mn + SiO2>=15% (Siliceous),0.278,38.99,1625.07,1432.68,104.75,293.23,736.99,4.46,6,0.2525,0.5004,0.1417,0.126,30.03,48.93,0.434,GRID_300M_00_22,153.86817350452753,7.3,7.4,7.4,7.4,7.5,7.6,38.3,39.9,44.1,46.1,43.9,44.8,19.7,19.0,16.9,16.6,18.1,18.3,42.0,41.0,39.1,37.3,38.1,36.8,16.4,10.9,7.1,5.5,3.7,3.4,1.51,1.53,1.56,1.56,1.58,1.59,31.5,31.4,31.4,31.6,31.4,31.4,12.2,12.6,16.1,17.5,17.5,17.1,29,MB300-0023,7.645395550928582,,,,,,,,,3720.006235409221,False,64C02,PALAEOPROTEROZOIC,,SAUSAR,MANSAR,,MUSCOVITE SCHIST,,,Pt1sm5,Pt<SUB>1</SUB>sm5,"9695949959995344,PALAEOPROTEROZOIC , MUSCOVITE SCHIST,3444",,PALAEOPROTEROZOIC-MUSCOVITE-SCHIST,lithology_gcs_ngdr7,Ptï¿½î»«m5,330287.0,0.0,True,True,,,,,,,,UNKNOWN
MASTER_00_23,0,23,21.806161,80.259397,5912.604492,145.29245,0,862,0.09,0.085817,0.114172,0.132084,0.264321,0.295022,0.223076,0.08464,0.10797,0.080575,0.251831,0.182127,0.103559,0.108742,0.025603,0.13536,0.022293,0.339025,-0.396769,-0.437149,0.09152,0.748468,1.123851,1.522917,6.528976,0.513971,-0.398124,-0.249294,-0.125614,0.566135,0.724855,0.948565,9.982543,0.174946,-0.001355,0.187855,-0.217135,-0.182333,-0.398996,-0.574351,0.026618,-0.00331,3.47748,-0.01249,-0.112894,0.533822,0.6218,0.416406,0.165893,1,sparse_vegetation,grade_C_siliceous_low_25to30,25-30% Mn + SiO2>=15% (Siliceous),0.243,38.99,1625.07,1432.68,104.75,293.23,736.99,4.46,6,0.2525,0.5004,0.1417,0.126,30.03,48.93,0.434,GRID_300M_00_23,155.138872868153,7.3,7.4,7.4,7.5,7.5,7.6,38.6,39.9,44.0,46.4,44.1,44.9,19.6,19.2,17.0,16.6,18.0,18.3,41.8,40.9,38.9,37.1,38.0,36.8,16.8,11.1,6.7,5.4,3.4,2.8,1.5,1.52,1.55,1.55,1.57,1.57,31.5,31.5,31.5,31.7,31.5,31.5,12.2,12.8,16.2,17.7,17.5,17.2,29,MB300-0024,5.833648426031234,,,,,,,,,3856.832217262523,False,64C01,PALAEOPROTEROZOIC,,SAUSAR,MANSAR,,BIOTITE SCHIST,,,Pt1sm7,Pt<SUB>1</SUB>sm7,"9695949959997225,PALAEOPROTEROZOIC , BIOTITE SCHIST,3446",,PALAEOPROTEROZOIC-BIOTITE-SCHIST,lithology_gcs_ngdr8,Ptï¿½î»«m7,330253.0,0.0,True,True,,,,,,,,UNKNOWN
MASTER_00_24,0,24,21.806163,80.261871,6061.20459,143.309738,0,606,0.09,0.087601,0.115468,0.134117,0.262424,0.304613,0.232621,0.084288,0.107484,0.079492,0.247613,0.170839,0.094636,0.09974,0.023519,0.116606,0.0226,0.331201,-0.389703,-0.443638,0.101252,0.752432,1.168752,1.510181,6.653519,0.510431,-0.391018,-0.218505,-0.142822,0.55264,0.691305,0.940055,7.31482,0.17923,-0.001315,0.225133,-0.244074,-0.199792,-0.477447,-0.570126,0.016866,-0.000919,0.710302,-0.014811,-0.133774,0.535509,0.6308,0.437034,0.216172,1,sparse_vegetation,grade_C_siliceous_low_25to30,25-30% Mn + SiO2>=15% (Siliceous),0.286,38.88,1625.07,1432.68,104.75,293.23,736.99,4.46,6,0.2525,0.5004,0.1417,0.126,30.03,48.93,0.434,GRID_300M_00_24,142.26315126969925,7.3,7.4,7.4,7.5,7.5,7.6,38.3,40.2,43.8,46.3,44.0,44.8,20.2,19.3,17.3,16.8,18.1,18.6,41.6,40.5,38.8,36.9,37.8,36.7,16.9,11.1,6.7,5.3,3.4,2.7,1.5,1.52,1.55,1.55,1.57,1.57,31.5,31.5,31.5,31.7,31.6,31.6,12.4,12.7,16.4,17.5,17.2,17.1,29,MB300-0025,45.17641113643697,,,,,,,,,3986.7973801455223,False,64C01,PALAEOPROTEROZOIC,,SAUSAR,MANSAR,,BIOTITE SCHIST,,,Pt1sm7,Pt<SUB>1</SUB>sm7,"9695949959997225,PALAEOPROTEROZOIC , BIOTITE SCHIST,3446",,PALAEOPROTEROZOIC-BIOTITE-SCHIST,lithology_gcs_ngdr8,Ptï¿½î»«m7,330259.0,0.0,True,True,,,,,,,,UNKNOWN
MASTER_01_00,1,0,21.808528,80.192931,5766.972656,217.130219,0,699,0.09,0.152462,0.180224,0.203098,0.279496,0.325308,0.287144,0.200153,0.213692,0.209841,0.301447,0.339623,0.272793,0.557511,0.041299,1.255833,0.061467,0.164505,-0.221492,-0.294428,0.102377,0.880997,1.17762,1.345002,16.058787,0.184741,-0.173118,-0.232307,0.045244,0.800048,1.141285,1.044699,24.000464,0.020235,0.048374,0.062121,-0.057132,-0.080949,-0.036335,-0.300304,0.698323,0.020168,8.042719,0.021952,0.014316,0.511669,0.6586,0.365702,0.241774,1,built_up,grade_C_siliceous_low_25to30,25-30% Mn + SiO2>=15% (Siliceous),0.138,37.2,1625.07,1432.68,104.75,293.23,736.99,4.46,6,0.2525,0.5004,0.1417,0.126,30.03,48.93,0.434,GRID_300M_01_00,150.78339061842027,,,,,,,,,,,,,,,,,,,,,,,,,,,,,,,,,,,,,,,,,,,,,,,,,29,MB300-0026,30.36360328268725,,,,,,,,,3684.4067794528637,False,64C01,PALAEOPROTEROZOIC,,SAUSAR,MANSAR,,PHYLLITE,,,Pt1sm9,Pt<SUB>1</SUB>sm9,"9695949959999351,PALAEOPROTEROZOIC , PHYLLITE,3448",,PALAEOPROTEROZOIC-PHYLLITE,lithology_gcs_ngdr8,Ptï¿½î»«m9,330254.0,0.0,True,True,,,,,,,,UNKNOWN
MASTER_01_01,1,1,21.80855,80.195513,5608.477051,214.978394,0,897,0.09,0.132704,0.158561,0.18399,0.272898,0.329222,0.287415,0.177372,0.190896,0.184083,0.296549,0.318408,0.25194,0.466101,0.051156,1.271878,0.054994,0.202152,-0.27147,-0.35777,0.11933,0.871939,1.225582,1.417882,14.768115,0.239837,-0.218832,-0.253413,0.027342,0.782346,1.091627,1.031927,22.828832,0.037685,0.052639,0.104357,-0.091987,-0.089593,-0.133955,-0.385954,0.805777,0.003839,8.406783,0.023651,-0.010813,0.52331,0.6697,0.37585,0.246377,1,built_up,grade_C_siliceous_low_25to30,25-30% Mn + SiO2>=15% (Siliceous),0.189,37.2,1625.07,1432.68,104.75,293.23,736.99,4.46,6,0.2525,0.5004,0.1417,0.126,30.03,48.93,0.434,GRID_300M_01_01,130.37728236328203,,,,,,,,,,,,,,,,,,,,,,,,,,,,,,,,,,,,,,,,,,,,,,,,,29,MB300-0027,4.266644141382202,,,,,,,,,3544.608029706953,False,64C02,PALAEOPROTEROZOIC,,SAUSAR,MANSAR,,PHYLLITE,,,Pt1sm9,Pt<SUB>1</SUB>sm9,"9695949959999351,PALAEOPROTEROZOIC , PHYLLITE,3448",,PALAEOPROTEROZOIC-PHYLLITE,lithology_gcs_ngdr8,Ptï¿½î»«m9,330286.0,0.0,True,True,,,,,,,,UNKNOWN
MASTER_01_02,1,2,21.808548,80.198434,5441.695801,212.380127,0,899,0.09,0.135481,0.163357,0.1862,0.27172,0.319894,0.282427,0.177132,0.19129,0.189721,0.287563,0.32329,0.263763,0.406889,0.046517,0.894492,0.048618,0.195621,-0.255868,-0.332311,0.107411,0.877097,1.192693,1.392512,13.284086,0.211951,-0.204445,-0.259778,0.046187,0.805485,1.136506,1.064678,21.132518,0.016329,0.051424,0.072533,-0.061224,-0.071612,-0.056186,-0.327833,0.487604,0.002101,8.071016,0.015843,0.003396,0.516349,0.6585,0.361903,0.311457,1,built_up,grade_C_siliceous_low_25to30,25-30% Mn + SiO2>=15% (Siliceous),0.179,37.2,1625.07,1432.68,104.75,293.23,736.99,4.46,6,0.2525,0.5004,0.1417,0.126,30.03,48.93,0.434,GRID_300M_01_02,130.9843867256245,,,,,,,,,,,,,,,,,,,,,,,,,,,,,,,,,,,,,,,,,,,,,,,,,29,MB300-0028,1.7201714724221435,,,,,,,,,3407.502548098544,False,64C01,PALAEOPROTEROZOIC,,SAUSAR,SITASAONGI,,CONGLOMERATE,,,Pt1ss4,Pt<SUB>1</SUB>ss4,"9695949961999256,PALAEOPROTEROZOIC , CONGLOMERATE,3456",,PALAEOPROTEROZOIC-CONGLOMERATE,lithology_gcs_ngdr7,Ptï¿½î»«s4,330240.0,0.0,True,True,,,,,,,,UNKNOWN
MASTER_01_03,1,3,21.808549,80.201349,5286.879883,209.630539,0,899,0.09,0.127037,0.151025,0.172851,0.248013,0.302943,0.27244,0.162382,0.17311,0.167736,0.270269,0.302871,0.248793,0.329841,0.056594,0.41199,0.064882,0.190053,-0.251649,-0.343477,0.117972,0.89327,1.2337,1.369372,7.667133,0.240915,-0.221293,-0.276364,0.038794,0.812787,1.137209,1.022016,8.97919,0.050862,0.030355,0.067113,-0.079178,-0.080483,-0.096491,-0.347357,0.082149,0.008288,1.365548,0.022256,-7.2e-05,0.514163,0.6076,0.359472,0.416018,1,mixed_agricultural,grade_C_siliceous_low_25to30,25-30% Mn + SiO2>=15% (Siliceous),0.307,37.99,1625.07,1432.68,104.75,293.23,736.99,4.46,6,0.2525,0.5004,0.1417,0.126,30.03,48.93,0.434,GRID_300M_01_03,131.44076572198662,,,,,,,,,,,,,,,,,,,,,,,,,,,,,,,,,,,,,,,,,,,,,,,,,29,MB300-0029,0.41328980028629303,,,,,,,,,3292.3255798747045,False,64C01,PALAEOPROTEROZOIC,,SAUSAR,SITASAONGI,,CONGLOMERATE,,,Pt1ss4,Pt<SUB>1</SUB>ss4,"9695949961999256,PALAEOPROTEROZOIC , CONGLOMERATE,3456",,PALAEOPROTEROZOIC-CONGLOMERATE,lithology_gcs_ngdr7,Ptï¿½î»«s4,330239.0,0.0,True,True,,,,,,,,UNKNOWN
MASTER_01_04,1,4,21.808576,80.204229,5143.938477,206.773575,0,865,0.09,0.114295,0.137307,0.153571,0.223792,0.264636,0.231681,0.158386,0.161558,0.149642,0.226784,0.243572,0.196274,0.284763,0.046775,0.625183,0.051347,0.176153,-0.205791,-0.276243,0.085251,0.851774,1.182107,1.300232,10.684346,0.202012,-0.159186,-0.161474,-0.009482,0.774236,1.054484,0.936317,13.826292,0.025859,0.046605,0.11477,-0.094733,-0.077537,-0.127623,-0.363916,0.34042,0.004572,3.311299,0.002992,-0.021064,0.505558,0.6001,0.401399,0.308671,1,built_up,grade_B_blast_furnace_25to44,25-44% Mn (BF + Medium grade),0.117,37.99,1625.07,1432.68,104.75,293.23,736.99,4.46,6,0.2525,0.5004,0.1417,0.126,30.03,48.93,0.434,GRID_300M_01_04,132.21082003407423,,,,,,,,,,,,,,,,,,,,,,,,,,,,,,,,,,,,,,,,,,,,,,,,,29,MB300-0030,2.356510850479711,,,,,,,,,3199.5744035744974,False,64C02,ARCHAEAN,,TIRODI GNEISSIC COMPLEX,,,GNEISS/MIGMATITE,,,Atgc2,Atgc2,"9998979997995291,ARCHAEAN , GNEISS/MIGMATITE,4350",,ARCHAEAN-GNEISS-MIGMATITE,lithology_gcs_ngdr11,Atgc2,330284.0,0.0,True,True,,,,,,,,UNKNOWN
MASTER_01_05,1,5,21.808593,80.207181,5012.604492,203.677399,0,851,0.09,0.079972,0.103836,0.103422,0.208061,0.201371,0.143325,0.240143,0.226019,0.201394,0.236575,0.202899,0.159678,0.088468,0.021914,0.131079,0.025869,0.290555,-0.27143,-0.252409,0.011837,0.695031,0.997555,1.266558,7.128183,0.097505,-0.022393,0.093095,-0.111499,0.737978,0.808191,0.810486,8.462709,-0.19305,0.249036,0.345504,-0.123336,0.042946,-0.189364,-0.456072,0.042611,0.003955,1.437599,0.028514,0.001528,0.493859,0.6079,0.522575,0.019976,0,waterlogged,grade_B_blast_furnace_25to44,25-44% Mn (BF + Medium grade),0.34,37.99,1625.07,1432.68,104.75,293.23,736.99,4.46,6,0.2525,0.5004,0.1417,0.126,30.03,48.93,0.434,GRID_300M_01_05,136.3746742923919,7.4,7.5,7.6,7.6,7.7,7.8,43.0,44.0,46.3,46.5,45.5,47.0,16.7,16.8,15.3,15.0,16.1,16.7,40.3,39.2,38.5,38.5,38.5,36.3,13.8,8.9,6.1,5.6,3.2,4.1,1.58,1.6,1.64,1.64,1.65,1.65,30.7,31.2,31.0,31.0,31.1,31.2,6.3,6.0,7.1,8.8,8.6,10.4,29,MB300-0031,3.7555465546166027,,,,,,,,,3132.289591607532,False,64C02,CENOZOIC,,,,,LATERITE,,,Czl2,Czl2,"4689729789998315,CENOZOIC , LATERITE,0656",,CENOZOIC-LATERITE,lithology_gcs_ngdr2,Czl2,330283.0,0.0,True,True,,,,,,,,UNKNOWN
MASTER_01_06,1,6,21.808568,80.21007,4903.209961,200.477524,0,872,0.09,0.094842,0.123465,0.146404,0.279741,0.309429,0.226821,0.254251,0.233643,0.207243,0.214902,0.167733,0.126483,0.088467,0.02088,0.106051,0.019164,0.321392,-0.388579,-0.422579,0.085991,0.722705,1.112517,1.520266,6.428096,0.064182,0.020182,0.17069,-0.136891,0.696478,0.746595,0.783647,10.03241,-0.25721,0.408761,0.593269,-0.222883,-0.026227,-0.365921,-0.73662,0.017584,-0.001716,3.557605,-0.064838,-0.141696,0.538983,0.6184,0.615442,0.020642,0,water_body,grade_B_blast_furnace_25to44,25-44% Mn (BF + Medium grade),0.335,38.87,1625.07,1432.68,104.75,293.23,736.99,4.46,6,0.2525,0.5004,0.1417,0.126,30.03,48.93,0.434,GRID_300M_01_06,132.96907793561107,7.5,7.5,7.6,7.7,7.8,7.8,42.7,43.4,46.0,46.6,45.6,46.6,17.2,17.5,15.6,15.1,16.3,16.9,40.1,39.2,38.4,38.3,38.2,36.5,13.9,8.6,6.0,5.8,3.2,2.8,1.57,1.6,1.63,1.64,1.65,1.65,30.6,31.2,31.0,30.9,31.0,31.2,7.5,7.0,7.9,8.9,8.7,10.7,29,MB300-0032,3.1645401955156074,,,,,,,,,3098.882424861704,False,,,,,,,,,,,,,,,,,,283.5352215702679,False,True,,,,,,,,UNKNOWN
MASTER_01_07,1,7,21.808641,80.21292,4800.715332,197.227188,0,886,0.09,0.08602,0.115281,0.125935,0.278251,0.26228,0.184389,0.85352,0.747213,0.67767,0.604772,0.399486,0.30226,0.134227,0.027693,0.151816,0.023007,0.384245,-0.413924,-0.384768,0.022452,0.694275,0.950693,1.438485,6.861356,-0.058485,0.108964,0.317582,-0.155721,0.734381,0.653456,0.792756,12.017349,-0.442729,0.522888,0.70235,-0.178173,0.040106,-0.297238,-0.64573,0.017589,-0.004686,5.058163,0.326521,0.137206,0.506854,0.6079,0.669899,0.0,0,water_body,non_ore,Background,0.362,38.87,1625.07,1432.68,104.75,293.23,736.99,4.46,6,0.2525,0.5004,0.1417,0.126,30.03,48.93,0.434,GRID_300M_01_07,136.35580709120723,7.4,7.5,7.6,7.7,7.8,7.9,43.0,43.7,46.1,46.6,45.6,46.5,17.6,17.9,16.0,15.7,16.9,17.3,39.4,38.4,37.9,37.8,37.5,36.2,13.8,8.6,6.0,5.8,3.5,2.5,1.56,1.59,1.62,1.63,1.64,1.64,31.2,31.5,31.3,31.1,31.0,31.2,6.9,6.2,7.2,8.1,8.0,9.8,29,MB300-0033,5.329270851877625,,,,,,,,,3083.050930799155,False,,,,,,,,,,,,,,,,,,286.13719311301645,False,True,,,,,,,,UNKNOWN
MASTER_01_08,1,8,21.808634,80.215841,4721.039551,193.733917,0,888,0.09,0.088973,0.119951,0.13411,0.280592,0.270229,0.189043,0.994647,0.891075,0.828616,0.720471,0.530456,0.421192,0.126495,0.032105,0.171986,0.022637,0.3602,-0.401696,-0.382615,0.037457,0.692414,0.967787,1.486972,5.806047,-0.072073,0.10872,0.256432,-0.116256,0.79326,0.739423,0.832778,13.667736,-0.432273,0.510416,0.639047,-0.153713,0.100847,-0.228363,-0.654194,0.045491,-0.009467,7.80873,0.439879,0.260227,0.520797,0.6153,0.636099,0.0,0,water_body,non_ore,Background,0.265,39.57,1625.07,1432.68,104.75,293.23,736.99,4.46,6,0.2525,0.5004,0.1417,0.126,30.03,48.93,0.434,GRID_300M_01_08,136.40543081957432,7.5,7.6,7.6,7.7,7.8,7.9,43.0,43.5,46.3,47.0,45.9,46.6,17.7,18.1,16.1,15.7,17.0,17.3,39.3,38.4,37.6,37.2,37.1,36.0,14.0,8.7,6.1,6.0,3.5,2.5,1.55,1.57,1.61,1.6,1.61,1.61,31.0,31.8,31.7,31.7,31.5,31.5,6.6,6.3,6.9,7.9,8.0,9.5,29,MB300-0034,2.361013009501669,,,,,,,,,3085.428593811402,False,,,,,,,,,,,,,,,,,,285.09278548026924,False,True,,,,,,,,UNKNOWN
MASTER_01_09,1,9,21.808639,80.218753,4658.411133,190.148331,0,896,0.09,0.087674,0.116938,0.128976,0.277161,0.262978,0.184067,0.976465,0.856627,0.777529,0.706685,0.478148,0.365442,0.117989,0.030614,0.127663,0.022997,0.368746,-0.404416,-0.378614,0.026561,0.689069,0.96391,1.449791,5.937678,-0.047741,0.095989,0.285224,-0.145878,0.760854,0.676006,0.797616,8.808591,-0.416487,0.500405,0.663837,-0.172439,0.071785,-0.287904,-0.652175,0.009675,-0.007617,2.853642,0.429524,0.21517,0.512626,0.6121,0.651999,0.0,0,water_body,non_ore,Background,0.249,39.57,1625.07,1432.68,104.75,293.23,736.99,4.46,6,0.2525,0.5004,0.1417,0.126,30.03,48.93,0.434,GRID_300M_01_09,137.0967349966911,7.5,7.6,7.6,7.8,7.9,7.9,42.8,43.1,46.1,47.3,46.0,46.8,17.7,18.1,16.0,15.6,16.9,17.1,39.5,38.8,37.9,37.2,37.1,36.1,14.0,8.8,6.3,6.2,3.6,2.5,1.55,1.56,1.59,1.6,1.61,1.61,30.8,31.9,31.8,32.0,31.8,31.7,6.4,6.2,6.7,7.7,8.0,9.8,29,MB300-0035,0.9349348613224145,,,,,,,,,3086.453196645504,False,,,,,,,,,,,,,,,,,,285.8712724293472,False,True,,,,,,,,UNKNOWN
MASTER_01_10,1,10,21.808641,80.221677,4614.587402,186.464081,0,889,0.09,0.104988,0.139925,0.178535,0.307143,0.330106,0.237346,1.19869,1.046879,0.953895,0.839764,0.56539,0.439958,0.091063,0.023384,0.145785,0.020557,0.270056,-0.374773,-0.402165,0.100102,0.715213,1.075887,1.688392,5.670352,-0.064432,0.110547,0.298155,-0.145305,0.778581,0.677013,0.796929,12.159322,-0.334488,0.485319,0.70032,-0.245406,0.063368,-0.398873,-0.891464,0.054721,-0.002827,6.44089,0.532621,0.235284,0.572863,0.6375,0.675451,0.0,0,water_body,non_ore,Background,0.361,39.57,1625.07,1432.68,104.75,293.23,736.99,4.46,6,0.2525,0.5004,0.1417,0.126,30.03,48.93,0.434,GRID_300M_01_10,138.17418184435593,7.5,7.6,7.6,7.7,7.9,7.9,41.4,42.6,45.0,46.8,45.6,45.8,17.7,17.5,16.0,15.4,16.8,17.1,40.9,39.9,39.0,37.8,37.6,37.2,14.6,9.0,6.6,5.8,3.5,2.4,1.55,1.56,1.59,1.59,1.61,1.61,30.9,31.6,31.6,31.8,31.5,31.2,7.0,6.7,6.9,8.1,8.0,9.8,29,MB300-0036,1.7443448413769926,,,,,,,,,3087.8380358352183,False,,,,,,,,,,,,,,,,,,286.0942657427529,False,True,,,,,,,,UNKNOWN
MASTER_01_11,1,11,21.808642,80.22458,4590.538086,182.753159,0,891,0.09,0.091267,0.123214,0.145868,0.288284,0.282037,0.195214,1.248163,1.108504,1.024361,0.907869,0.625956,0.480001,0.138825,0.035035,0.157362,0.024452,0.33385,-0.401086,-0.386775,0.052406,0.685839,0.977968,1.580612,6.079569,-0.060561,0.099823,0.277325,-0.132355,0.767112,0.692023,0.821104,10.729897,-0.394411,0.50091,0.664099,-0.18476,0.081273,-0.285945,-0.759507,0.018537,-0.010583,4.638886,0.619585,0.343918,0.542052,0.6302,0.652075,0.0,0,water_body,non_ore,Background,0.331,39.57,1625.07,1432.68,104.75,293.23,736.99,4.46,6,0.2525,0.5004,0.1417,0.126,30.03,48.93,0.434,GRID_300M_01_11,137.93286101677884,7.5,7.6,7.6,7.7,7.9,7.9,41.2,42.6,45.2,47.2,45.7,45.6,17.6,17.2,15.6,15.2,16.7,17.2,41.2,40.2,39.2,37.5,37.7,37.2,14.0,9.2,6.5,5.7,3.6,2.4,1.55,1.56,1.59,1.59,1.61,1.61,31.0,31.8,31.7,31.9,31.6,31.1,7.2,6.7,7.1,7.8,7.7,9.0,29,MB300-0037,2.664635425806941,,,,,,,,,3089.173519898597,False,,,,,,,,,,,,,,,,,,285.6471199998632,False,True,,,,,,,,UNKNOWN
MASTER_01_12,1,12,21.808633,80.227497,4586.927246,179.000076,0,887,0.09,0.078474,0.108068,0.110983,0.271964,0.229261,0.150583,0.658942,0.586921,0.520337,0.543699,0.40432,0.3218,0.175989,0.047324,0.098238,0.01712,0.424134,-0.430354,-0.355867,-0.021176,0.651528,0.849328,1.395425,5.0911,0.053711,0.011141,0.150331,-0.125009,0.788346,0.760166,0.806502,10.714966,-0.370423,0.441495,0.506197,-0.103833,0.136818,-0.089162,-0.588922,-0.077752,-0.030204,5.579359,0.271736,0.17506,0.491487,0.607,0.570815,0.0,0,water_body,non_ore,Background,0.383,39.71,1625.07,1432.68,104.75,293.23,736.99,4.46,6,0.2525,0.5004,0.1417,0.126,30.03,48.93,0.434,GRID_300M_01_12,137.5959017664651,7.5,7.6,7.6,7.7,7.8,7.9,40.4,41.9,44.5,47.5,45.8,45.7,17.8,17.3,15.8,15.0,16.6,17.2,41.8,40.8,39.7,37.4,37.5,37.0,13.4,9.9,6.5,5.7,3.6,2.5,1.55,1.56,1.59,1.59,1.61,1.61,31.5,32.2,32.0,32.2,31.9,31.3,7.2,6.6,7.2,7.8,7.8,9.2,29,MB300-0038,5.546094960462805,,,,,,,,,3091.766892022469,False,,,,,,,,,,,,,,,,,,285.64758716415133,False,True,,,,,,,,UNKNOWN
MASTER_01_13,1,13,21.808707,80.230353,4593.252441,175.326401,0,887,0.09,0.073529,0.100913,0.096063,0.2673,0.209627,0.13741,0.154549,0.161877,0.128839,0.256751,0.177904,0.114232,0.158591,0.043705,0.187571,0.028748,0.473863,-0.450752,-0.348067,-0.059795,0.647339,0.793067,1.291024,5.522526,0.349525,-0.239283,-0.049761,-0.153013,0.621057,0.686223,0.83771,9.175674,-0.124339,0.211468,0.298306,-0.093219,-0.026282,-0.106844,-0.453314,0.02898,-0.014957,3.635246,-0.010549,-0.031723,0.461397,0.5809,0.47138,0.012401,0,waterlogged,grade_B_blast_furnace_25to44,25-44% Mn (BF + Medium grade),0.311,39.71,1625.07,1432.68,104.75,293.23,736.99,4.46,6,0.2525,0.5004,0.1417,0.126,30.03,48.93,0.434,GRID_300M_01_13,141.8425920624162,7.5,7.6,7.6,7.7,7.8,7.9,40.0,41.6,43.9,47.2,45.6,45.5,18.1,17.6,15.9,15.1,16.7,17.2,41.9,40.8,40.2,37.7,37.7,37.2,13.7,10.3,6.6,5.9,3.6,2.5,1.55,1.56,1.59,1.6,1.61,1.61,31.9,32.7,32.4,32.6,32.3,31.7,7.2,6.9,7.8,9.3,9.7,10.9,29,MB300-0039,2.655044369131371,,,,,,,,,3084.9788682690237,False,,,,,,,,,,,,,,,,,,292.41835220328085,False,True,,,,,,,,UNKNOWN
MASTER_01_14,1,14,21.808727,80.233241,4624.789062,171.64769,0,890,0.09,0.07275,0.102042,0.0939,0.267089,0.203115,0.129927,0.120717,0.133163,0.104218,0.218227,0.132641,0.07808,0.185948,0.046883,0.149433,0.022046,0.476386,-0.442091,-0.327553,-0.069639,0.635362,0.77142,1.282496,5.216658,0.345291,-0.231807,0.026354,-0.183856,0.578989,0.597508,0.858983,11.475694,-0.131095,0.210284,0.353906,-0.114217,-0.056373,-0.173912,-0.423513,-0.036516,-0.024838,6.210714,-0.048862,-0.070473,0.459404,0.5745,0.506434,0.0,0,waterlogged,non_ore,Background,0.384,39.71,1625.07,1432.68,104.75,293.23,736.99,4.46,6,0.2525,0.5004,0.1417,0.126,30.03,48.93,0.434,GRID_300M_01_14,142.79214659965407,7.5,7.6,7.6,7.7,7.8,7.9,39.2,40.8,42.9,45.8,44.3,44.5,18.3,17.7,16.1,15.4,17.1,17.6,42.5,41.5,41.0,38.7,38.5,37.9,14.6,10.8,6.2,5.7,3.6,2.7,1.54,1.55,1.58,1.59,1.6,1.6,31.8,32.4,32.1,32.3,32.0,31.7,7.1,6.6,7.7,9.3,10.2,11.4,29,MB300-0040,4.171748598238915,,,,,,,,,3084.1660944958307,False,,,,,,,,,,,,,,,,,,289.89733201790483,False,True,,,,,,,,UNKNOWN
MASTER_01_15,1,15,21.808729,80.236157,4677.64502,168.003708,0,898,0.09,0.092026,0.12314,0.137977,0.291005,0.284243,0.2045,0.171518,0.175709,0.147703,0.249995,0.191699,0.127767,0.134813,0.034623,0.175301,0.028132,0.36389,-0.405598,-0.392497,0.040654,0.712236,0.982771,1.479829,5.785111,0.287702,-0.187086,-0.017187,-0.136776,0.624093,0.722005,0.838349,10.203644,-0.076188,0.218511,0.37531,-0.17743,-0.088143,-0.260766,-0.64148,0.040489,-0.006491,4.398752,-0.041011,-0.092544,0.51677,0.6211,0.510956,0.115813,1,sparse_vegetation,grade_B_blast_furnace_25to44,25-44% Mn (BF + Medium grade),0.397,39.47,1625.07,1432.68,104.75,293.23,736.99,4.46,6,0.2525,0.5004,0.1417,0.126,30.03,48.93,0.434,GRID_300M_01_15,143.3323995862748,7.5,7.6,7.6,7.7,7.8,7.9,39.0,41.0,42.7,45.6,44.1,44.4,18.3,17.6,16.2,15.6,17.3,17.7,42.6,41.5,41.2,38.8,38.6,37.9,15.0,10.7,6.1,5.7,3.7,2.9,1.54,1.56,1.59,1.59,1.6,1.6,31.8,32.5,32.2,32.4,32.1,31.7,7.0,6.6,7.6,9.3,10.6,11.7,29,MB300-0041,2.2782067538274355,,,,,,,,,3085.5330621260555,False,,,,,,,,,,,,,,,,,,291.32451328972473,False,True,,,,,,,,UNKNOWN
MASTER_01_16,1,16,21.808727,80.23907,4749.371582,164.459991,0,897,0.09,0.092277,0.122369,0.13643,0.293675,0.281902,0.205413,0.160784,0.171142,0.141978,0.282152,0.204746,0.133836,0.1218,0.027751,0.158237,0.029149,0.38042,-0.414106,-0.388503,0.022756,0.716647,0.962525,1.438959,6.574343,0.352211,-0.258775,-0.082766,-0.137592,0.628694,0.706955,0.878466,8.733934,-0.028209,0.155331,0.305736,-0.160348,-0.087953,-0.255569,-0.560494,0.036437,0.001398,2.159124,-0.011523,-0.077156,0.50373,0.6278,0.47586,0.153846,1,sparse_vegetation,grade_B_blast_furnace_25to44,25-44% Mn (BF + Medium grade),0.299,39.47,1625.07,1432.68,104.75,293.23,736.99,4.46,6,0.2525,0.5004,0.1417,0.126,30.03,48.93,0.434,GRID_300M_01_16,143.38483159539925,7.5,7.6,7.7,7.7,7.8,7.9,39.7,41.8,42.9,45.8,44.0,44.5,18.4,17.5,16.3,15.9,17.6,18.0,41.9,40.7,40.8,38.4,38.4,37.5,15.3,10.9,6.1,5.6,3.7,2.9,1.53,1.56,1.59,1.59,1.6,1.6,31.5,32.5,32.1,32.4,32.1,31.6,7.4,7.2,8.2,9.9,10.9,12.0,29,MB300-0042,0.4132898021489382,,,,,,,,,3087.225316677644,False,,,,,,,,,,,,,,,,,,290.6566852807313,False,True,,,,,,,,UNKNOWN
MASTER_01_17,1,17,21.808731,80.241987,4838.091309,161.027695,0,893,0.09,0.103786,0.133674,0.159047,0.284886,0.316674,0.247615,0.115164,0.130913,0.108523,0.263248,0.204303,0.142805,0.178494,0.030119,0.223837,0.036056,0.291378,-0.363024,-0.406098,0.094169,0.775015,1.117392,1.525064,7.385008,0.420555,-0.333304,-0.18421,-0.116909,0.657244,0.76095,0.928381,8.953031,0.129177,0.02972,0.221888,-0.211078,-0.11777,-0.356441,-0.596684,0.045343,0.005938,1.57128,-0.021638,-0.112371,0.536054,0.628,0.439474,0.255319,1,sparse_vegetation,grade_B_blast_furnace_25to44,25-44% Mn (BF + Medium grade),0.265,39.47,1625.07,1432.68,104.75,293.23,736.99,4.46,6,0.2525,0.5004,0.1417,0.126,30.03,48.93,0.434,GRID_300M_01_17,144.22399700386137,7.5,7.6,7.6,7.7,7.8,7.9,40.4,42.4,43.8,46.2,44.1,44.6,18.6,17.8,16.5,16.2,17.9,18.3,40.9,39.8,39.6,37.6,37.9,37.2,15.6,10.6,6.3,6.1,3.7,3.0,1.53,1.55,1.59,1.59,1.6,1.6,30.9,31.8,31.7,31.9,31.7,31.1,7.8,7.6,8.5,10.3,10.8,12.0,29,MB300-0043,1.515091586699591,,,,,,,,,3088.3708092803063,False,,,,,,,,,,,,,,,,,,291.10180000029504,False,True,,,,,,,,UNKNOWN
MASTER_01_18,1,18,21.808733,80.244903,4943.705078,157.732788,0,893,0.09,0.101689,0.134419,0.162791,0.293132,0.314351,0.233966,0.102389,0.110816,0.084583,0.181667,0.114014,0.068806,0.10449,0.023538,0.158281,0.025657,0.292925,-0.371456,-0.398535,0.088385,0.739333,1.078152,1.581832,6.998526,0.354675,-0.226902,0.035535,-0.195316,0.579005,0.59964,0.819555,10.085176,0.06175,0.144554,0.43407,-0.283702,-0.160329,-0.478512,-0.762277,0.053791,0.002119,3.05266,-0.111465,-0.200338,0.54808,0.6283,0.554792,0.131019,1,water_body,grade_B_blast_furnace_25to44,25-44% Mn (BF + Medium grade),0.255,39.21,1625.07,1432.68,104.75,293.23,736.99,4.46,6,0.2525,0.5004,0.1417,0.126,30.03,48.93,0.434,GRID_300M_01_18,144.82089846112365,7.6,7.6,7.7,7.7,7.8,7.9,40.7,42.6,44.3,46.2,44.3,44.7,18.4,17.6,16.2,16.1,17.8,18.3,40.8,39.8,39.5,37.7,37.8,37.0,15.9,10.1,6.2,5.5,3.1,2.4,1.52,1.55,1.58,1.58,1.59,1.59,30.4,30.6,30.9,31.1,31.0,30.5,8.4,8.1,9.1,10.1,10.5,11.8,29,MB300-0044,3.4079377001379414,,,,,,,,,3109.6254879476473,False,,,,,,,,,,,,,,,,,,291.3245132897241,False,True,,,,,,,,UNKNOWN
MASTER_01_19,1,19,21.808722,80.247807,5065.820312,154.60498,0,885,0.09,0.093561,0.125315,0.14402,0.290757,0.291101,0.21063,0.296212,0.293157,0.265107,0.380375,0.330511,0.239728,0.103916,0.028077,0.175794,0.027731,0.349063,-0.399781,-0.393863,0.051768,0.715742,0.999913,1.51086,5.402087,0.219505,-0.15881,-0.070881,-0.079293,0.696403,0.842378,0.886964,10.255262,-0.129558,0.24097,0.322982,-0.131061,-0.019339,-0.157535,-0.623896,0.071877,-0.000346,4.801867,0.089618,0.03941,0.525244,0.6133,0.478096,0.20339,1,waterlogged,grade_B_blast_furnace_25to44,25-44% Mn (BF + Medium grade),0.32,39.21,1625.07,1432.68,104.75,293.23,736.99,4.46,6,0.2525,0.5004,0.1417,0.126,30.03,48.93,0.434,GRID_300M_01_19,143.50017352104902,7.5,7.6,7.6,7.7,7.8,7.8,40.7,42.7,44.3,46.1,44.1,44.6,18.4,17.6,16.2,16.1,17.8,18.2,40.8,39.8,39.5,37.8,38.0,37.2,16.3,10.0,6.4,5.5,3.3,2.7,1.53,1.55,1.59,1.59,1.6,1.6,30.4,30.5,30.8,30.9,30.8,30.5,9.5,9.1,11.0,11.9,12.2,13.7,29,MB300-0045,5.6842541993038225,,,,,,,,,3160.747813063311,False,,,,,,,,,,,,,,,,,,290.660119421282,False,True,,,,,,,,UNKNOWN
MASTER_01_20,1,20,21.808816,80.250654,5189.180664,151.628006,0,890,0.09,0.096876,0.126731,0.151133,0.306629,0.32451,0.240576,0.134385,0.14972,0.120082,0.296564,0.210408,0.126554,0.115724,0.026599,0.183962,0.034782,0.350783,-0.417365,-0.438661,0.074359,0.735944,1.060378,1.528643,6.854745,0.435586,-0.336067,-0.16024,-0.143719,0.588364,0.695927,0.892251,8.675294,0.084803,0.081298,0.278421,-0.218078,-0.14758,-0.364452,-0.636392,0.068238,0.008183,1.844372,-0.010065,-0.114102,0.53014,0.6287,0.459706,0.106742,1,sparse_vegetation,grade_C_siliceous_low_25to30,25-30% Mn + SiO2>=15% (Siliceous),0.309,39.21,1625.07,1432.68,104.75,293.23,736.99,4.46,6,0.2525,0.5004,0.1417,0.126,30.03,48.93,0.434,GRID_300M_01_20,149.91493235017623,7.5,7.5,7.6,7.7,7.7,7.8,40.7,42.5,44.8,46.3,44.3,45.0,18.6,17.8,16.3,16.1,17.8,18.1,40.7,39.6,38.9,37.5,37.9,36.8,16.1,9.7,6.8,5.7,3.8,3.5,1.53,1.55,1.58,1.59,1.6,1.6,30.8,30.5,30.7,30.9,30.6,30.6,11.2,10.4,12.8,14.7,14.9,15.4,29,MB300-0046,5.003832155910643,,,,,,,,,3226.0563539437785,False,,,,,,,,,,,,,,,,,,298.20520571629373,False,True,,,,,,,,UNKNOWN
MASTER_01_21,1,21,21.808816,80.253563,5338.118164,148.797256,0,893,0.09,0.09362,0.12263,0.147216,0.285864,0.318098,0.242101,0.092089,0.113598,0.09074,0.264048,0.189089,0.113475,0.125711,0.029237,0.191975,0.034688,0.329064,-0.398767,-0.442803,0.094523,0.756068,1.126162,1.540077,6.109551,0.479511,-0.385233,-0.226907,-0.127717,0.585911,0.723846,0.974101,9.277604,0.150448,0.013534,0.215896,-0.22224,-0.170156,-0.402315,-0.565975,0.066264,0.005451,3.142228,-0.021815,-0.129009,0.536872,0.6354,0.429337,0.260918,1,sparse_vegetation,grade_C_siliceous_low_25to30,25-30% Mn + SiO2>=15% (Siliceous),0.356,38.94,1625.07,1432.68,104.75,293.23,736.99,4.46,6,0.2525,0.5004,0.1417,0.126,30.03,48.93,0.434,GRID_300M_01_21,149.95904081333248,7.5,7.5,7.5,7.6,7.7,7.7,40.0,41.6,44.8,46.5,44.4,45.2,19.1,18.6,16.6,16.4,18.0,18.3,40.9,39.9,38.6,37.1,37.7,36.5,16.7,10.3,7.0,5.9,3.7,3.7,1.52,1.54,1.57,1.59,1.6,1.6,31.2,30.8,30.7,30.8,30.6,30.7,11.6,11.3,14.6,16.9,17.0,17.4,29,MB300-0047,3.423798950719342,,,,,,,,,3328.4115144025945,False,,,,,,,,,,,,,,,,,,294.22400303768956,False,True,,,,,,,,UNKNOWN
MASTER_01_22,1,22,21.808822,80.256473,5498.84375,146.120377,0,897,0.09,0.087567,0.118746,0.135737,0.286541,0.300094,0.221524,0.085043,0.108592,0.082053,0.254862,0.181517,0.104876,0.103077,0.025351,0.180316,0.029185,0.369842,-0.415915,-0.425112,0.061282,0.724629,1.053362,1.512893,6.308997,0.506958,-0.395114,-0.236107,-0.130382,0.574395,0.712114,0.960514,10.532552,0.137116,0.020801,0.189005,-0.191664,-0.150233,-0.341248,-0.552379,0.077239,0.003834,4.187784,-0.031679,-0.118576,0.524477,0.6295,0.415873,0.156076,1,sparse_vegetation,grade_C_siliceous_low_25to30,25-30% Mn + SiO2>=15% (Siliceous),0.261,38.94,1625.07,1432.68,104.75,293.23,736.99,4.46,6,0.2525,0.5004,0.1417,0.126,30.03,48.93,0.434,GRID_300M_01_22,150.6512582272164,7.4,7.4,7.5,7.5,7.6,7.6,39.5,41.0,44.6,46.5,44.3,45.2,19.4,18.9,16.7,16.5,18.0,18.3,41.1,40.2,38.6,37.0,37.7,36.4,16.6,10.5,7.0,5.6,3.5,3.3,1.51,1.53,1.56,1.57,1.59,1.59,31.4,31.1,31.1,31.1,30.9,30.9,12.5,12.6,16.7,17.7,17.1,17.2,29,MB300-0048,2.3610130091503794,,,,,,,,,3453.418285148518,False,,,,,,,,,,,,,,,,,,296.66824980948337,False,True,,,,,,,,UNKNOWN
MASTER_01_23,1,23,21.808819,80.259391,5672.150879,143.600311,0,899,0.09,0.090463,0.121105,0.142745,0.277717,0.310857,0.231751,0.085564,0.108383,0.07968,0.251742,0.167109,0.09385,0.09106,0.022254,0.163051,0.024024,0.328419,-0.393762,-0.433914,0.094781,0.73663,1.125834,1.559496,5.766767,0.514792,-0.393644,-0.203732,-0.156823,0.560742,0.662731,0.928912,10.855989,0.186372,0.000118,0.230182,-0.251604,-0.175888,-0.463103,-0.630583,0.071991,0.00177,5.086905,-0.025975,-0.143748,0.543236,0.6274,0.443082,0.189099,1,sparse_vegetation,grade_C_siliceous_low_25to30,25-30% Mn + SiO2>=15% (Siliceous),0.272,38.94,1625.07,1432.68,104.75,293.23,736.99,4.46,6,0.2525,0.5004,0.1417,0.126,30.03,48.93,0.434,GRID_300M_01_23,150.74910672677998,7.4,7.4,7.5,7.5,7.6,7.6,38.8,40.4,44.9,47.0,44.8,45.4,19.8,19.2,16.7,16.4,17.8,18.3,41.4,40.4,38.4,36.7,37.4,36.3,16.0,10.5,6.9,5.5,3.3,2.7,1.51,1.54,1.56,1.57,1.58,1.59,31.7,31.4,31.4,31.5,31.3,31.3,12.5,12.5,15.9,17.6,17.1,17.1,29,MB300-0049,0.10332245007157326,,,,,,,,,3600.545877246504,False,,,,,,,,,,,,,,,,,,295.8892094312286,False,True,,,,,,,,UNKNOWN
MASTER_01_24,1,24,21.808821,80.261869,5827.084961,141.578171,0,624,0.09,0.090825,0.12053,0.140624,0.27196,0.3075,0.229432,0.090368,0.114575,0.087903,0.239742,0.163032,0.096682,0.081319,0.020654,0.120618,0.019288,0.327091,-0.387854,-0.433412,0.097856,0.737845,1.131538,1.528439,6.063431,0.462267,-0.350671,-0.160753,-0.141361,0.588167,0.676958,0.968003,10.009756,0.135175,0.037183,0.272659,-0.239217,-0.149678,-0.45458,-0.560436,0.039299,-0.001367,3.939784,-0.032218,-0.144468,0.539636,0.6253,0.461575,0.144231,1,sparse_vegetation,grade_C_siliceous_low_25to30,25-30% Mn + SiO2>=15% (Siliceous),0.29,38.46,1625.07,1432.68,104.75,293.23,736.99,4.46,6,0.2525,0.5004,0.1417,0.126,30.03,48.93,0.434,GRID_300M_01_24,137.71923902518856,7.4,7.4,7.5,7.5,7.6,7.6,38.2,40.0,44.6,46.8,44.5,45.2,20.3,19.5,17.0,16.6,18.0,18.5,41.6,40.5,38.4,36.6,37.4,36.3,15.6,10.2,6.7,5.4,3.3,2.7,1.51,1.54,1.57,1.57,1.59,1.59,31.6,31.5,31.5,31.7,31.7,31.6,13.0,12.8,16.1,17.9,17.4,17.5,29,MB300-0050,43.722547235997006,,,,,,,,,3739.6390121937443,False,,,,,,,,,,,,,,,,,,295.88863215851876,False,True,,,,,,,,UNKNOWN
MASTER_02_00,2,0,21.811259,80.192934,5528.150879,219.024124,0,686,0.09,0.152808,0.177324,0.199145,0.267153,0.315075,0.283919,0.208066,0.2146,0.212373,0.276164,0.328987,0.272872,0.547098,0.048957,1.255072,0.130654,0.150649,-0.205919,-0.286381,0.103906,0.900767,1.196718,1.311076,15.823938,0.132906,-0.125892,-0.213261,0.056652,0.828084,1.205756,1.01818,16.749284,-0.017744,0.080027,0.073119,-0.047254,-0.072683,0.009037,-0.292895,0.707974,0.081697,0.6127,0.009011,0.013912,0.50596,0.5739,0.371747,0.231778,1,built_up,grade_C_siliceous_low_25to30,25-30% Mn + SiO2>=15% (Siliceous),0.135,37.2,1625.07,1432.68,104.75,293.23,736.99,4.46,6,0.2525,0.5004,0.1417,0.126,30.03,48.93,0.434,GRID_300M_02_00,153.39532966038632,,,,,,,,,,,,,,,,,,,,,,,,,,,,,,,,,,,,,,,,,,,,,,,,,29,MB300-0051,32.47164235855443,,,,,,,,,3432.817545088775,False,,,,,,,,,,,,,,,,,,304.0150780181085,False,True,,,,,,,,UNKNOWN
MASTER_02_01,2,1,21.811253,80.195516,5365.148438,216.812851,0,896,0.09,0.133864,0.157756,0.179303,0.259294,0.312567,0.273247,0.186394,0.195623,0.188553,0.285964,0.31252,0.248463,0.749675,0.052378,0.794382,0.063542,0.187461,-0.247918,-0.336656,0.114416,0.873462,1.227456,1.359905,14.691951,0.207954,-0.187086,-0.232912,0.028211,0.7887,1.115974,1.006199,17.629932,0.020493,0.060832,0.103743,-0.086204,-0.084762,-0.111482,-0.353706,0.044707,0.011164,2.688952,0.02667,-4.7e-05,0.515844,0.6262,0.379878,0.196429,1,built_up,grade_C_siliceous_low_25to30,25-30% Mn + SiO2>=15% (Siliceous),0.184,37.2,1625.07,1432.68,104.75,293.23,736.99,4.46,6,0.2525,0.5004,0.1417,0.126,30.03,48.93,0.434,GRID_300M_02_01,130.82930239322414,,,,,,,,,,,,,,,,,,,,,,,,,,,,,,,,,,,,,,,,,,,,,,,,,29,MB300-0052,2.6196401955081274,,,,,,,,,3285.2208843818103,False,,,,,,,,,,,,,,,,,,300.8981196552152,False,True,,,,,,,,UNKNOWN
MASTER_02_02,2,2,21.81125,80.198435,5190.890625,214.15152,0,898,0.09,0.130361,0.15476,0.172279,0.272097,0.300489,0.255099,0.186106,0.194082,0.189046,0.290182,0.309396,0.242314,0.348692,0.048919,0.675543,0.070364,0.240385,-0.285086,-0.3337,0.079833,0.842734,1.126584,1.331789,10.251644,0.222615,-0.203797,-0.235689,0.018718,0.771674,1.085661,1.004223,15.072948,-0.01777,0.08129,0.098012,-0.061115,-0.071059,-0.040923,-0.327566,0.326851,0.021445,4.29822,0.018085,0.008907,0.500628,0.5967,0.373883,0.222717,1,built_up,grade_C_siliceous_low_25to30,25-30% Mn + SiO2>=15% (Siliceous),0.23,37.2,1625.07,1432.68,104.75,293.23,736.99,4.46,6,0.2525,0.5004,0.1417,0.126,30.03,48.93,0.434,GRID_300M_02_02,131.2251139919197,,,,,,,,,,,,,,,,,,,,,,,,,,,,,,,,,,,,,,,,,,,,,,,,,29,MB300-0053,0.9126360008588158,,,,,,,,,3137.0000969931953,False,,,,,,,,,,,,,,,,,,300.78665774607913,False,True,,,,,,,,UNKNOWN
MASTER_02_03,2,3,21.811252,80.201346,5028.383301,211.324265,0,896,0.09,0.113522,0.137246,0.161624,0.248537,0.31395,0.267464,0.190901,0.192646,0.178923,0.252747,0.246807,0.200637,0.31941,0.035495,0.866756,0.060956,0.214387,-0.289882,-0.391794,0.134687,0.853336,1.270962,1.453463,12.624799,0.19124,-0.145794,-0.122215,-0.032359,0.77969,0.972061,0.925699,14.712236,-0.023147,0.144088,0.269579,-0.167045,-0.073646,-0.298901,-0.527764,0.547346,0.025461,2.303531,0.00421,-0.067143,0.534408,0.6331,0.458924,0.34375,1,waterlogged,grade_B_blast_furnace_25to44,25-44% Mn (BF + Medium grade),0.177,37.99,1625.07,1432.68,104.75,293.23,736.99,4.46,6,0.2525,0.5004,0.1417,0.126,30.03,48.93,0.434,GRID_300M_02_03,131.52678805161014,7.5,7.5,7.6,7.6,7.7,7.8,44.9,46.1,46.6,46.7,46.2,47.4,16.6,16.4,15.9,16.4,17.2,17.9,38.5,37.5,37.4,36.8,36.6,34.7,14.1,8.8,6.1,5.3,3.3,2.4,1.54,1.58,1.6,1.63,1.64,1.65,31.5,31.6,31.4,31.4,31.4,31.7,7.8,6.9,7.5,9.0,9.3,11.2,29,MB300-0054,1.8276078199607897,,,,,,,,,3011.568515500902,False,,,,,,,,,,,,,,,,,,300.89811965521426,False,True,,,,,,,,UNKNOWN
MASTER_02_04,2,4,21.811251,80.204267,4878.869629,208.302597,0,899,0.09,0.107683,0.133598,0.153646,0.259771,0.297772,0.246142,0.287836,0.273312,0.251908,0.284014,0.267685,0.225305,0.19024,0.028166,0.380291,0.043565,0.262924,-0.321035,-0.382602,0.09605,0.815979,1.166462,1.421773,9.690239,0.068766,-0.026932,-0.001345,-0.044285,0.833797,0.955553,0.880774,11.653584,-0.194157,0.294103,0.381258,-0.140335,0.017818,-0.210909,-0.540999,0.190051,0.015399,1.98896,0.024243,-0.030087,0.519513,0.6008,0.510416,0.210234,1,waterlogged,grade_B_blast_furnace_25to44,25-44% Mn (BF + Medium grade),0.21,37.99,1625.07,1432.68,104.75,293.23,736.99,4.46,6,0.2525,0.5004,0.1417,0.126,30.03,48.93,0.434,GRID_300M_02_04,132.23433252677765,7.5,7.6,7.6,7.6,7.7,7.8,41.4,43.1,44.8,46.1,45.3,46.0,17.1,16.7,15.7,15.6,16.4,16.9,41.5,40.2,39.5,38.4,38.3,37.0,13.9,9.0,6.1,5.0,3.1,2.4,1.54,1.57,1.62,1.62,1.63,1.64,30.9,31.0,30.6,30.6,30.8,31.0,6.4,5.9,6.5,8.4,8.4,10.2,29,MB300-0055,4.367530156508402,,,,,,,,,2911.9409990628337,False,,,,,,,,,,,,,,,,,,297.80688276889526,False,True,,,,,,,,UNKNOWN
MASTER_02_05,2,5,21.811249,80.20713,4746.331543,205.164642,0,859,0.09,0.083155,0.110618,0.118649,0.283321,0.264054,0.184689,0.439508,0.402637,0.367216,0.372724,0.323863,0.275072,0.107557,0.025425,0.15039,0.02372,0.410663,-0.434575,-0.407452,0.0168,0.693074,0.948614,1.409508,6.199826,0.009998,0.038553,0.10786,-0.08135,0.845357,0.872387,0.834533,10.240907,-0.400665,0.473128,0.515312,-0.09815,0.152283,-0.076227,-0.574975,0.042833,-0.001705,4.048879,0.089403,0.05981,0.498246,0.6194,0.561721,0.005821,0,water_body,grade_B_blast_furnace_25to44,25-44% Mn (BF + Medium grade),0.305,37.99,1625.07,1432.68,104.75,293.23,736.99,4.46,6,0.2525,0.5004,0.1417,0.126,30.03,48.93,0.434,GRID_300M_02_05,129.33018985548935,7.5,7.5,7.6,7.6,7.7,7.8,42.4,43.7,45.6,46.4,45.4,46.4,17.1,17.1,15.7,15.2,16.3,16.9,40.5,39.3,38.7,38.4,38.3,36.7,14.0,9.4,6.1,5.4,3.2,2.4,1.56,1.59,1.63,1.64,1.65,1.65,30.8,31.1,30.9,30.9,31.0,31.0,6.3,5.9,6.8,8.8,8.9,10.6,29,MB300-0056,4.250301411299107,,,,,,,,,2842.250911889717,False,,,,,,,,,,,,,,,,,,295.7128730708489,False,True,,,,,,,,UNKNOWN
MASTER_02_06,2,6,21.811326,80.209996,4620.593262,201.89476,0,910,0.09,0.080182,0.108701,0.114894,0.287111,0.256077,0.172569,0.461304,0.420167,0.383807,0.367223,0.309058,0.260392,0.131599,0.029968,0.153667,0.028687,0.434526,-0.450435,-0.397788,-0.004741,0.663843,0.899636,1.409316,6.542651,-0.005361,0.057373,0.144161,-0.091101,0.823998,0.84539,0.832809,8.350024,-0.439886,0.507808,0.541949,-0.086361,0.160154,-0.054246,-0.576507,0.022068,-0.001281,1.820213,0.080113,0.052981,0.494552,0.6209,0.574993,0.004396,0,water_body,grade_B_blast_furnace_25to44,25-44% Mn (BF + Medium grade),0.34,37.99,1625.07,1432.68,104.75,293.23,736.99,4.46,6,0.2525,0.5004,0.1417,0.126,30.03,48.93,0.434,GRID_300M_02_06,134.12204233697227,7.4,7.5,7.6,7.6,7.7,7.8,42.4,43.4,45.4,46.2,45.3,46.2,17.5,17.6,15.9,15.3,16.6,17.0,40.1,39.0,38.6,38.3,38.1,36.7,14.2,9.3,6.0,5.6,3.2,2.4,1.56,1.59,1.63,1.64,1.64,1.65,30.7,31.1,30.8,30.8,30.9,31.0,6.3,6.0,6.9,8.3,8.3,9.9,29,MB300-0057,5.0685947620220135,,,,,,,,,2793.422530307815,False,,,,,,,,,,,,,,,,,,420.8987822445353,False,True,,,,,,,,UNKNOWN
MASTER_02_07,2,7,21.81134,80.212921,4515.391113,198.35112,0,890,0.09,0.083268,0.110631,0.12521,0.264669,0.264232,0.186139,0.68402,0.593331,0.532434,0.477156,0.34521,0.274929,0.114295,0.026917,0.18454,0.028754,0.362372,-0.408272,-0.40459,0.04887,0.69898,1.00756,1.479421,5.990315,-0.057646,0.112559,0.276147,-0.143376,0.776953,0.714152,0.776279,11.073362,-0.420019,0.520831,0.680737,-0.192246,0.077972,-0.293407,-0.703142,0.070245,0.001837,5.062456,0.212487,0.080978,0.521657,0.635,0.656941,0.0,0,water_body,non_ore,Background,0.338,38.87,1625.07,1432.68,104.75,293.23,736.99,4.46,6,0.2525,0.5004,0.1417,0.126,30.03,48.93,0.434,GRID_300M_02_07,136.31527470481385,7.5,7.6,7.6,7.7,7.8,7.9,42.5,43.5,45.8,46.6,45.5,46.1,17.8,18.0,16.3,15.8,17.0,17.5,39.6,38.5,38.0,37.7,37.5,36.4,13.9,9.2,5.9,5.6,3.4,2.4,1.55,1.58,1.61,1.62,1.63,1.62,31.1,31.5,31.3,31.1,30.9,31.1,6.7,6.0,6.8,7.9,8.3,9.5,29,MB300-0058,3.3472317409977514,,,,,,,,,2782.677530123122,False,,,,,,,,,,,,,,,,,,586.5660468277514,False,True,,,,,,,,UNKNOWN
MASTER_02_08,2,8,21.811349,80.215834,4429.070312,194.667999,0,892,0.09,0.08775,0.118534,0.135614,0.282585,0.270259,0.186931,0.949538,0.814673,0.721096,0.672027,0.44166,0.322762,0.116262,0.028463,0.162837,0.025636,0.366719,-0.412571,-0.385034,0.031158,0.680221,0.950938,1.508492,6.159272,-0.032107,0.096846,0.304377,-0.170983,0.714138,0.652179,0.752817,10.854863,-0.398825,0.509417,0.68941,-0.202141,0.033916,-0.298759,-0.755675,0.046574,-0.002827,4.670633,0.389442,0.171401,0.523401,0.6314,0.66749,0.0,0,water_body,non_ore,Background,0.297,38.87,1625.07,1432.68,104.75,293.23,736.99,4.46,6,0.2525,0.5004,0.1417,0.126,30.03,48.93,0.434,GRID_300M_02_08,137.43919821844943,7.5,7.6,7.7,7.7,7.8,7.9,42.4,43.3,45.7,46.9,45.7,46.4,18.1,18.3,16.5,15.9,17.2,17.6,39.5,38.4,37.8,37.2,37.1,36.0,14.0,9.0,6.1,5.9,3.5,2.4,1.54,1.56,1.6,1.6,1.61,1.61,30.8,31.8,31.6,31.8,31.6,31.6,6.6,6.3,6.7,7.8,8.0,9.6,29,MB300-0059,2.3409309833136067,,,,,,,,,2783.2587885759353,False,,,,,,,,,,,,,,,,,,587.324465412498,False,True,,,,,,,,UNKNOWN
MASTER_02_09,2,9,21.811338,80.21876,4363.697754,190.832352,0,883,0.09,0.085787,0.115037,0.129398,0.273382,0.257557,0.177701,0.908013,0.79002,0.708905,0.646955,0.456516,0.354814,0.12658,0.03198,0.143331,0.019467,0.368415,-0.408625,-0.375159,0.023416,0.677699,0.944563,1.478318,6.437158,-0.03971,0.097309,0.270607,-0.148255,0.766041,0.701597,0.776335,12.24694,-0.408125,0.505934,0.645766,-0.171671,0.088343,-0.242966,-0.701983,0.016751,-0.012513,5.766349,0.373573,0.198959,0.51759,0.6232,0.644029,0.0,0,water_body,non_ore,Background,0.347,39.57,1625.07,1432.68,104.75,293.23,736.99,4.46,6,0.2525,0.5004,0.1417,0.126,30.03,48.93,0.434,GRID_300M_02_09,137.39073876264084,7.5,7.6,7.6,7.7,7.8,7.9,42.2,43.0,45.4,46.9,45.6,46.2,17.9,18.1,16.4,15.8,17.1,17.5,39.9,38.9,38.2,37.3,37.3,36.3,14.4,8.9,6.3,5.9,3.5,2.5,1.54,1.56,1.59,1.6,1.61,1.61,30.7,31.9,31.7,32.0,31.8,31.7,6.6,6.4,6.8,7.7,7.9,9.5,29,MB300-0060,1.712077581295989,,,,,,,,,2786.1020368416425,False,,,,,,,,,,,,,,,,,,586.3247705693609,False,True,,,,,,,,UNKNOWN
MASTER_02_10,2,10,21.811352,80.221682,4315.730469,186.906937,0,881,0.09,0.08696,0.117246,0.136752,0.273136,0.274538,0.189263,1.151678,0.999294,0.894241,0.835219,0.556682,0.420089,0.130689,0.032654,0.13595,0.025008,0.335475,-0.398355,-0.39875,0.063013,0.685266,1.008612,1.561203,5.859001,-0.023688,0.085884,0.287298,-0.164323,0.744492,0.661624,0.767046,10.692104,-0.359163,0.484239,0.686048,-0.227336,0.059225,-0.346989,-0.794157,0.005261,-0.007646,4.77169,0.562084,0.282144,0.542224,0.617,0.666514,0.0,0,water_body,non_ore,Background,0.341,39.57,1625.07,1432.68,104.75,293.23,736.99,4.46,6,0.2525,0.5004,0.1417,0.126,30.03,48.93,0.434,GRID_300M_02_10,139.48339882874967,7.5,7.6,7.6,7.8,7.9,7.9,41.4,42.8,44.9,46.7,45.4,45.8,17.8,17.5,16.1,15.5,16.9,17.2,40.8,39.7,38.9,37.8,37.7,37.0,14.3,9.0,6.5,5.7,3.5,2.6,1.55,1.56,1.59,1.6,1.61,1.61,30.8,31.7,31.7,31.8,31.5,31.3,7.0,6.7,7.0,8.0,8.0,9.7,29,MB300-0061,3.7461659808612833,,,,,,,,,2786.151942472287,False,,,,,,,,,,,,,,,,,,587.8829629224355,False,True,,,,,,,,UNKNOWN
MASTER_02_11,2,11,21.811336,80.224576,4291.845215,182.949921,0,889,0.09,0.08684,0.11639,0.131561,0.271826,0.27393,0.189068,1.021287,0.883152,0.784749,0.761419,0.516623,0.394671,0.14187,0.035926,0.160949,0.025282,0.355934,-0.400841,-0.398096,0.05247,0.682949,1.002226,1.492528,5.886152,0.00088,0.064988,0.25354,-0.162034,0.760837,0.679739,0.755982,9.982003,-0.355054,0.465829,0.651636,-0.214504,0.077888,-0.322486,-0.736546,0.019079,-0.010644,4.057138,0.489593,0.242693,0.527893,0.6221,0.648084,0.0,0,water_body,non_ore,Background,0.324,39.57,1625.07,1432.68,104.75,293.23,736.99,4.46,6,0.2525,0.5004,0.1417,0.126,30.03,48.93,0.434,GRID_300M_02_11,137.1474996941576,7.5,7.6,7.6,7.7,7.8,7.9,40.7,42.3,44.5,46.9,45.2,45.2,17.8,17.3,15.8,15.3,16.8,17.3,41.5,40.4,39.6,37.8,38.0,37.5,14.0,9.4,6.5,5.7,3.5,2.6,1.55,1.56,1.58,1.59,1.61,1.6,31.1,31.6,31.6,31.8,31.5,31.1,7.1,6.5,7.1,8.3,8.5,9.6,29,MB300-0062,4.763919727368828,,,,,,,,,2789.355367025081,False,,,,,,,,,,,,,,,,,,585.5433458548754,False,True,,,,,,,,UNKNOWN
MASTER_02_12,2,12,21.81137,80.227461,4283.081055,178.978958,0,881,0.09,0.084143,0.113018,0.124458,0.282395,0.265807,0.18194,0.357744,0.320732,0.264027,0.36911,0.251817,0.181964,0.132503,0.038069,0.160316,0.024694,0.399097,-0.429785,-0.398726,0.019426,0.674524,0.943528,1.44635,4.578393,0.233351,-0.12461,0.074773,-0.17602,0.686558,0.674763,0.761544,11.738486,-0.165746,0.305176,0.473499,-0.195446,0.012034,-0.268765,-0.684806,0.027812,-0.013376,7.127594,0.086715,-0.01399,0.508736,0.6197,0.559383,0.091941,0,water_body,grade_B_blast_furnace_25to44,25-44% Mn (BF + Medium grade),0.405,39.71,1625.07,1432.68,104.75,293.23,736.99,4.46,6,0.2525,0.5004,0.1417,0.126,30.03,48.93,0.434,GRID_300M_02_12,139.11498187280625,7.6,7.6,7.6,7.7,7.8,7.9,39.8,41.6,43.8,47.0,45.3,45.2,18.0,17.4,16.0,15.3,16.8,17.3,42.1,40.9,40.2,37.8,37.9,37.4,13.3,9.9,6.5,5.7,3.6,2.7,1.55,1.56,1.58,1.59,1.61,1.6,31.3,32.0,31.8,32.0,31.7,31.1,7.0,6.4,7.0,8.2,8.5,9.8,29,MB300-0063,1.8401116942934093,,,,,,,,,2787.0830101419624,False,,,,,,,,,,,,,,,,,,590.3451594090865,False,True,,,,,,,,UNKNOWN
MASTER_02_13,2,13,21.811426,80.230317,4292.182129,175.04747,0,889,0.09,0.077412,0.104394,0.106049,0.260302,0.22965,0.153525,0.134516,0.140528,0.105837,0.234854,0.157137,0.090667,0.120485,0.032962,0.160527,0.026693,0.427646,-0.427544,-0.371837,-0.011001,0.661079,0.884684,1.348935,5.246604,0.382713,-0.254727,-0.055619,-0.167284,0.570809,0.669361,0.804948,10.423441,-0.044933,0.172817,0.316218,-0.156283,-0.09027,-0.215323,-0.543987,0.040042,-0.006268,5.204392,-0.025448,-0.072512,0.485802,0.609,0.484302,0.021372,0,sparse_vegetation,grade_B_blast_furnace_25to44,25-44% Mn (BF + Medium grade),0.365,39.71,1625.07,1432.68,104.75,293.23,736.99,4.46,6,0.2525,0.5004,0.1417,0.126,30.03,48.93,0.434,GRID_300M_02_13,141.91638489041077,7.6,7.6,7.6,7.7,7.8,7.9,39.4,41.2,43.1,46.3,44.7,44.8,18.2,17.7,16.3,15.5,17.1,17.6,42.4,41.1,40.6,38.2,38.1,37.6,13.4,9.9,6.5,5.7,3.5,2.7,1.55,1.56,1.59,1.6,1.61,1.61,31.8,32.4,32.2,32.4,32.1,31.5,7.0,6.6,7.5,8.9,9.4,10.7,29,MB300-0064,4.925167717195289,,,,,,,,,2782.2927817365007,False,,,,,,,,,,,,,,,,,,595.1080995569056,False,True,,,,,,,,UNKNOWN
MASTER_02_14,2,14,21.811428,80.233234,4328.24707,171.080353,0,887,0.09,0.074948,0.104847,0.101971,0.269749,0.21915,0.141853,0.123467,0.133954,0.105789,0.216266,0.157523,0.093964,0.156111,0.041543,0.152947,0.022811,0.448956,-0.437127,-0.35187,-0.035568,0.64538,0.823343,1.354245,5.194953,0.342087,-0.231118,-0.065065,-0.133458,0.587397,0.718717,0.851691,11.65828,-0.106869,0.206009,0.286805,-0.09789,-0.057983,-0.104625,-0.502554,-0.003164,-0.018732,6.404061,-0.053483,-0.061627,0.479832,0.5832,0.465655,0.001127,0,sparse_vegetation,grade_B_blast_furnace_25to44,25-44% Mn (BF + Medium grade),0.373,39.71,1625.07,1432.68,104.75,293.23,736.99,4.46,6,0.2525,0.5004,0.1417,0.126,30.03,48.93,0.434,GRID_300M_02_14,142.54848306652443,7.6,7.6,7.6,7.7,7.8,7.9,39.1,41.0,42.9,45.8,44.1,44.3,18.2,17.6,16.2,15.6,17.2,17.5,42.7,41.4,40.9,38.7,38.7,38.1,14.0,10.0,6.5,5.7,3.4,2.5,1.54,1.56,1.59,1.6,1.61,1.61,31.7,32.4,32.1,32.4,32.0,31.5,7.0,6.5,7.5,9.1,9.8,11.1,29,MB300-0065,2.9534661550132784,,,,,,,,,2783.5506956796175,False,,,,,,,,,,,,,,,,,,590.5670615707469,False,True,,,,,,,,UNKNOWN
MASTER_02_15,2,15,21.811431,80.236154,4384.736816,167.193085,0,895,0.09,0.08733,0.121206,0.133493,0.286131,0.269315,0.185448,0.162031,0.171772,0.142272,0.265549,0.187862,0.120499,0.125961,0.039088,0.133123,0.022061,0.37015,-0.405484,-0.375781,0.03145,0.68293,0.942058,1.510203,4.698645,0.31475,-0.220343,-0.036653,-0.139666,0.626134,0.693633,0.870133,10.482526,-0.0554,0.185141,0.339127,-0.171116,-0.056796,-0.248424,-0.64007,0.007162,-0.017027,5.715967,-0.020582,-0.081453,0.52255,0.6317,0.496641,0.061453,0,waterlogged,grade_B_blast_furnace_25to44,25-44% Mn (BF + Medium grade),0.342,39.71,1625.07,1432.68,104.75,293.23,736.99,4.46,6,0.2525,0.5004,0.1417,0.126,30.03,48.93,0.434,GRID_300M_02_15,143.3803236779688,7.5,7.6,7.6,7.7,7.7,7.8,39.0,40.9,42.9,45.4,43.8,44.1,18.2,17.5,16.1,15.6,17.3,17.7,42.8,41.6,41.0,39.0,38.8,38.2,15.3,10.3,6.3,5.6,3.4,2.6,1.53,1.56,1.59,1.59,1.6,1.6,31.7,32.4,32.0,32.3,32.1,31.5,7.1,6.5,7.4,9.2,10.1,11.4,29,MB300-0066,0.8386266966441465,,,,,,,,,2784.8193135988968,False,,,,,,,,,,,,,,,,,,592.1110890145136,False,True,,,,,,,,UNKNOWN
MASTER_02_16,2,16,21.811421,80.239068,4461.870117,163.434128,0,885,0.09,0.09704,0.12783,0.155375,0.268031,0.299496,0.221607,0.105158,0.12166,0.091147,0.237861,0.137391,0.076972,0.108421,0.025129,0.115285,0.018095,0.267458,-0.35208,-0.398844,0.106479,0.737181,1.127994,1.592987,8.422714,0.443858,-0.321144,-0.052608,-0.202287,0.560382,0.575259,0.868222,10.691733,0.1764,0.030936,0.346236,-0.308766,-0.176798,-0.552735,-0.724765,0.006864,-0.007033,2.265965,-0.03017,-0.162105,0.558473,0.6297,0.51655,0.279096,1,waterlogged,grade_B_blast_furnace_25to44,25-44% Mn (BF + Medium grade),0.35,39.47,1625.07,1432.68,104.75,293.23,736.99,4.46,6,0.2525,0.5004,0.1417,0.126,30.03,48.93,0.434,GRID_300M_02_16,142.69998245543928,7.5,7.6,7.6,7.7,7.7,7.8,39.6,41.6,43.0,45.5,43.6,44.0,18.2,17.4,16.2,15.8,17.5,17.9,42.2,41.0,40.8,38.8,38.9,38.1,15.6,10.7,6.3,5.6,3.4,2.6,1.53,1.56,1.59,1.59,1.6,1.6,32.0,32.6,32.2,32.5,32.4,31.7,7.8,7.3,8.1,9.6,10.2,11.5,29,MB300-0067,1.963573858547788,,,,,,,,,2787.406664863684,False,,,,,,,,,,,,,,,,,,590.5528259648264,False,True,,,,,,,,UNKNOWN
MASTER_02_17,2,17,21.81143,80.241988,4555.853516,159.801575,0,893,0.09,0.084787,0.112813,0.123509,0.254687,0.252288,0.180789,0.095885,0.117348,0.090363,0.23632,0.148412,0.083248,0.119458,0.025686,0.126125,0.023483,0.350897,-0.384719,-0.377286,0.043596,0.709733,1.002019,1.440237,7.076479,0.443253,-0.332661,-0.103461,-0.166558,0.558799,0.624193,0.94134,9.343709,0.092355,0.052058,0.273825,-0.210153,-0.150934,-0.377826,-0.498897,0.006668,-0.002202,2.260449,-0.018367,-0.103876,0.514481,0.6159,0.4713,0.120941,1,sparse_vegetation,grade_B_blast_furnace_25to44,25-44% Mn (BF + Medium grade),0.32,39.47,1625.07,1432.68,104.75,293.23,736.99,4.46,6,0.2525,0.5004,0.1417,0.126,30.03,48.93,0.434,GRID_300M_02_17,144.17683049218022,7.5,7.6,7.6,7.7,7.8,7.8,40.4,42.3,43.6,45.9,43.7,44.1,18.6,17.8,16.5,16.2,18.0,18.4,41.1,39.9,39.8,37.9,38.4,37.6,16.1,10.5,6.4,5.6,3.4,2.7,1.53,1.56,1.59,1.6,1.6,1.6,31.6,32.3,32.0,32.4,32.3,31.5,8.3,8.1,9.1,10.8,11.2,12.5,29,MB300-0068,3.5611223305208917,,,,,,,,,2788.006872692359,False,,,,,,,,,,,,,,,,,,591.5544890232181,False,True,,,,,,,,UNKNOWN
MASTER_02_18,2,18,21.811426,80.244883,4667.730957,156.365631,0,878,0.09,0.101105,0.131974,0.163582,0.280611,0.334877,0.26392,0.094569,0.11667,0.090117,0.25692,0.191694,0.116513,0.089486,0.017145,0.151744,0.033741,0.264007,-0.358028,-0.433933,0.13152,0.786731,1.20248,1.609167,8.559028,0.471797,-0.365277,-0.223415,-0.115172,0.601058,0.744836,0.95099,7.459179,0.207789,-0.007249,0.210518,-0.246692,-0.185673,-0.457644,-0.658177,0.062258,0.016596,-1.099627,-0.023691,-0.143184,0.559387,0.6222,0.432943,0.308656,1,sparse_vegetation,grade_B_blast_furnace_25to44,25-44% Mn (BF + Medium grade),0.256,39.47,1625.07,1432.68,104.75,293.23,736.99,4.46,6,0.2525,0.5004,0.1417,0.126,30.03,48.93,0.434,GRID_300M_02_18,143.13821790997264,7.5,7.6,7.6,7.7,7.8,7.8,40.9,42.9,44.1,45.9,43.7,44.0,18.5,17.6,16.5,16.2,18.0,18.4,40.6,39.5,39.5,37.9,38.3,37.6,16.9,9.8,6.3,5.7,3.3,2.7,1.54,1.57,1.6,1.6,1.61,1.6,30.8,31.3,31.4,31.7,31.7,30.9,8.3,8.2,9.6,10.9,11.3,12.7,29,MB300-0069,4.6634879129014095,,,,,,,,,2811.944166181659,False,,,,,,,,,,,,,,,,,,591.1135705432285,False,True,,,,,,,,UNKNOWN
MASTER_02_19,2,19,21.811486,80.247758,4788.134277,153.085358,0,892,0.09,0.099051,0.131846,0.158561,0.293743,0.33931,0.270143,0.105643,0.127358,0.099691,0.286037,0.230199,0.13926,0.085709,0.019348,0.184376,0.034462,0.306925,-0.38185,-0.437742,0.10974,0.788147,1.157928,1.579617,7.157138,0.484243,-0.38358,-0.287182,-0.086514,0.601826,0.808914,0.945485,8.711327,0.177318,-0.00173,0.15056,-0.196255,-0.186321,-0.349015,-0.634133,0.098667,0.015115,1.489004,-0.007706,-0.109111,0.543573,0.6128,0.395119,0.294843,1,sparse_vegetation,grade_B_blast_furnace_25to44,25-44% Mn (BF + Medium grade),0.28,39.21,1625.07,1432.68,104.75,293.23,736.99,4.46,6,0.2525,0.5004,0.1417,0.126,30.03,48.93,0.434,GRID_300M_02_19,147.4454307007948,7.4,7.5,7.6,7.7,7.7,7.8,40.7,42.7,44.0,45.7,43.4,44.0,18.4,17.6,16.4,16.2,17.9,18.3,40.9,39.7,39.6,38.1,38.7,37.7,17.3,10.2,6.8,6.0,3.8,3.8,1.54,1.57,1.59,1.61,1.62,1.62,30.4,30.9,31.1,31.2,31.2,30.7,11.4,11.2,14.5,15.6,15.8,16.7,29,MB300-0070,1.3669240517115384,,,,,,,,,2859.6481162896466,False,,,,,,,,,,,,,,,,,,598.3804059278522,False,True,,,,,,,,UNKNOWN
MASTER_02_20,2,20,21.81152,80.250641,4926.53125,149.983246,0,896,0.09,0.090918,0.120098,0.14029,0.284777,0.310006,0.231464,0.086177,0.107198,0.077746,0.269107,0.187042,0.104275,0.1149,0.021591,0.180116,0.032428,0.344076,-0.405582,-0.436483,0.08292,0.741289,1.097432,1.524619,7.789219,0.549154,-0.42682,-0.263861,-0.148567,0.554224,0.695926,0.899304,8.785356,0.205078,-0.021238,0.172622,-0.231486,-0.187065,-0.401506,-0.625315,0.065216,0.010837,0.977494,-0.01567,-0.122964,0.532215,0.6392,0.411655,0.135045,1,sparse_vegetation,grade_B_blast_furnace_25to44,25-44% Mn (BF + Medium grade),0.258,39.21,1625.07,1432.68,104.75,293.23,736.99,4.46,6,0.2525,0.5004,0.1417,0.126,30.03,48.93,0.434,GRID_300M_02_20,149.75121520638643,7.4,7.5,7.5,7.6,7.6,7.7,40.4,42.3,44.4,46.3,43.9,44.8,18.9,18.1,16.6,16.3,18.0,18.4,40.6,39.5,39.0,37.3,38.1,36.9,16.8,10.5,7.0,6.3,3.9,4.1,1.53,1.56,1.58,1.6,1.61,1.61,30.7,30.9,30.9,31.1,30.9,30.8,12.8,12.6,16.2,17.8,17.3,17.8,29,MB300-0071,4.418432156344706,,,,,,,,,2939.791601615435,False,,,,,,,,,,,,,,,,,,599.1871005678503,False,True,,,,,,,,UNKNOWN
MASTER_02_21,2,21,21.811521,80.253556,5083.21582,147.050232,0,894,0.09,0.093669,0.122441,0.145636,0.280364,0.32754,0.255298,0.092262,0.117415,0.095544,0.276614,0.219537,0.129247,0.108903,0.024994,0.179141,0.033203,0.323773,-0.39079,-0.452839,0.109643,0.770877,1.182831,1.527895,6.268621,0.47662,-0.393451,-0.295192,-0.07894,0.583512,0.806608,1.030269,9.484899,0.152847,-0.002662,0.157647,-0.188582,-0.187365,-0.376223,-0.497625,0.070239,0.008209,3.222747,-0.003751,-0.108004,0.537778,0.6412,0.393521,0.187919,1,sparse_vegetation,grade_B_blast_furnace_25to44,25-44% Mn (BF + Medium grade),0.28,38.94,1625.07,1432.68,104.75,293.23,736.99,4.46,6,0.2525,0.5004,0.1417,0.126,30.03,48.93,0.434,GRID_300M_02_21,150.15598399917235,7.4,7.4,7.5,7.5,7.6,7.6,40.0,41.8,44.4,46.4,44.0,44.9,19.4,18.7,16.9,16.5,18.1,18.5,40.6,39.5,38.7,37.0,37.9,36.6,16.7,10.6,7.0,6.2,3.5,3.4,1.52,1.55,1.57,1.6,1.61,1.61,31.1,31.2,31.0,31.0,30.7,30.7,12.0,12.0,16.0,17.4,16.9,17.4,29,MB300-0072,2.5331893160207084,,,,,,,,,3051.786582891458,False,,,,,,,,,,,,,,,,,,595.3445243464872,False,True,,,,,,,,UNKNOWN
MASTER_02_22,2,22,21.811521,80.256474,5252.83252,144.297623,0,897,0.09,0.094244,0.125075,0.151086,0.286419,0.337416,0.264104,0.082548,0.107605,0.079403,0.28671,0.209768,0.121106,0.101103,0.021816,0.19057,0.032587,0.31648,-0.392927,-0.457103,0.116381,0.77617,1.185098,1.582135,7.05961,0.563413,-0.449894,-0.314978,-0.124406,0.57237,0.735917,0.954881,9.984102,0.246933,-0.056966,0.142125,-0.240787,-0.2038,-0.449181,-0.627254,0.089467,0.010771,2.943043,0.000291,-0.127648,0.546893,0.6303,0.393431,0.243032,1,sparse_vegetation,grade_C_siliceous_low_25to30,25-30% Mn + SiO2>=15% (Siliceous),0.211,38.94,1625.07,1432.68,104.75,293.23,736.99,4.46,6,0.2525,0.5004,0.1417,0.126,30.03,48.93,0.434,GRID_300M_02_22,150.5947179227112,7.4,7.4,7.5,7.5,7.5,7.6,39.4,41.0,44.4,46.5,44.2,45.0,19.7,19.1,16.9,16.6,18.0,18.5,41.0,39.9,38.6,37.0,37.8,36.6,16.7,10.4,7.0,6.0,3.4,2.9,1.52,1.54,1.57,1.59,1.6,1.6,31.5,31.3,31.3,31.2,31.1,31.0,12.3,12.5,16.6,17.4,16.6,16.8,29,MB300-0073,0.44528000010177493,,,,,,,,,3188.642729059477,False,,,,,,,,,,,,,,,,,,597.1208018102493,False,True,,,,,,,,UNKNOWN
MASTER_02_23,2,23,21.811527,80.259393,5433.308105,141.716614,0,894,0.09,0.093019,0.122032,0.139785,0.281871,0.314489,0.244687,0.089184,0.110001,0.08481,0.256264,0.187564,0.116645,0.146493,0.025154,0.246056,0.030637,0.340811,-0.394779,-0.440362,0.089486,0.770216,1.133059,1.491381,8.649838,0.499499,-0.393993,-0.241145,-0.127262,0.605734,0.730662,0.944242,10.847296,0.158689,0.000786,0.199217,-0.216748,-0.164481,-0.402397,-0.547138,0.099563,0.005484,2.118519,-0.025607,-0.126925,0.525016,0.6132,0.421054,0.155481,1,sparse_vegetation,grade_C_siliceous_low_25to30,25-30% Mn + SiO2>=15% (Siliceous),0.293,38.94,1625.07,1432.68,104.75,293.23,736.99,4.46,6,0.2525,0.5004,0.1417,0.126,30.03,48.93,0.434,GRID_300M_02_23,151.641573807749,7.4,7.4,7.5,7.5,7.5,7.6,39.1,40.6,44.7,47.0,44.6,45.1,20.0,19.4,17.0,16.5,17.9,18.5,41.0,40.0,38.3,36.5,37.4,36.4,16.1,10.5,7.0,5.9,3.4,2.7,1.52,1.54,1.57,1.58,1.59,1.59,31.7,31.5,31.5,31.5,31.4,31.3,12.6,12.6,16.4,18.0,17.3,17.4,29,MB300-0074,1.787947732887135,,,,,,,,,3346.633965613689,False,,,,,,,,,,,,,,,,,,597.3432629737976,False,True,,,,,,,,UNKNOWN
MASTER_02_24,2,24,21.811525,80.261872,5595.291504,139.665634,0,629,0.09,0.105782,0.134841,0.162744,0.274794,0.335718,0.278014,0.11406,0.132086,0.115667,0.256254,0.222715,0.164421,0.2689,0.027356,0.354607,0.0388,0.258026,-0.341373,-0.427993,0.132903,0.826265,1.231134,1.540281,11.573754,0.383809,-0.320208,-0.229242,-0.062728,0.702254,0.865874,1.006544,13.106419,0.125782,0.021165,0.198751,-0.195632,-0.124011,-0.36526,-0.533737,0.085706,0.011444,1.440935,-0.01854,-0.113003,0.544359,0.6231,0.420523,0.263911,1,sparse_vegetation,grade_C_siliceous_low_25to30,25-30% Mn + SiO2>=15% (Siliceous),0.238,38.94,1625.07,1432.68,104.75,293.23,736.99,4.46,6,0.2525,0.5004,0.1417,0.126,30.03,48.93,0.434,GRID_300M_02_24,138.20637670032363,7.4,7.5,7.5,7.5,7.6,7.6,38.7,40.4,44.8,47.0,44.6,45.2,20.2,19.6,17.1,16.6,18.0,18.5,41.0,40.1,38.1,36.4,37.4,36.3,15.6,10.1,6.7,5.7,3.3,2.6,1.52,1.55,1.57,1.58,1.59,1.6,31.6,31.4,31.4,31.5,31.4,31.3,13.0,12.6,16.1,18.1,17.6,17.5,29,MB300-0075,41.99674409710988,,,,,,,,,3496.295157557117,False,,,,,,,,,,,,,,,,,,596.8978489422667,False,True,,,,,,,,UNKNOWN
MASTER_03_00,3,0,21.813956,80.19294,5298.608398,221.058151,0,690,0.09,0.145163,0.16481,0.185885,0.240348,0.309902,0.29207,0.20855,0.210181,0.208452,0.260704,0.336361,0.28922,1.152138,0.153617,1.913815,0.175869,0.131712,-0.189584,-0.311039,0.127722,0.939385,1.306535,1.294972,13.97849,0.112893,-0.107141,-0.233738,0.075679,0.857771,1.30944,0.999221,22.333597,-0.018819,0.082444,0.077301,-0.052043,-0.081614,0.002905,-0.295751,0.761677,0.022252,8.744437,0.020357,0.026459,0.506949,0.5877,0.368082,0.305797,1,built_up,grade_C_siliceous_low_25to30,25-30% Mn + SiO2>=15% (Siliceous),0.12,36.53,1625.07,1432.68,104.75,293.23,736.99,4.46,6,0.2525,0.5004,0.1417,0.126,30.03,48.93,0.434,GRID_300M_03_00,153.68549315214776,,,,,,,,,,,,,,,,,,,,,,,,,,,,,,,,,,,,,,,,,,,,,,,,,29,MB300-0076,34.454626322562376,,,,,,,,,3193.1286023070456,False,,,,,,,,,,,,,,,,,,604.2456755356717,False,True,,,,,,,,UNKNOWN
MASTER_03_01,3,1,21.813955,80.195516,5128.249023,218.820511,0,899,0.09,0.125503,0.147738,0.168826,0.265496,0.312562,0.27162,0.166093,0.16662,0.15745,0.227041,0.246349,0.19773,0.599708,0.076447,0.71159,0.094086,0.230665,-0.291217,-0.366852,0.103135,0.861155,1.198098,1.379526,11.11243,0.181201,-0.144003,-0.149438,-0.011592,0.753133,1.054899,0.932601,12.170546,-0.049465,0.147214,0.217414,-0.114727,-0.108022,-0.143199,-0.446925,0.111882,0.017639,1.113711,-0.038456,-0.066213,0.511975,0.7003,0.431589,0.215795,1,waterlogged,grade_C_siliceous_low_25to30,25-30% Mn + SiO2>=15% (Siliceous),0.223,37.2,1625.07,1432.68,104.75,293.23,736.99,4.46,6,0.2525,0.5004,0.1417,0.126,30.03,48.93,0.434,GRID_300M_03_01,131.1008194864625,,,,,,,,,,,,,,,,,,,,,,,,,,,,,,,,,,,,,,,,,,,,,,,,,29,MB300-0077,1.6772533938094356,,,,,,,,,3033.7788241977937,False,,,,,,,,,,,,,,,,,,601.6846798425595,False,True,,,,,,,,UNKNOWN
MASTER_03_02,3,2,21.813955,80.198433,4945.366211,216.10762,0,899,0.09,0.105586,0.130221,0.150452,0.263559,0.303252,0.243333,0.224267,0.213491,0.192198,0.237145,0.205636,0.155609,0.177553,0.032777,0.4581,0.054086,0.276634,-0.338515,-0.402062,0.100835,0.801301,1.172116,1.433456,7.656229,0.133547,-0.07135,0.014308,-0.086011,0.71679,0.850101,0.847159,12.951523,-0.143087,0.267165,0.41637,-0.186847,-0.08451,-0.322015,-0.586297,0.280548,0.021309,5.344653,-0.026415,-0.097616,0.523148,0.6579,0.529975,0.053393,0,waterlogged,grade_B_blast_furnace_25to44,25-44% Mn (BF + Medium grade),0.308,37.2,1625.07,1432.68,104.75,293.23,736.99,4.46,6,0.2525,0.5004,0.1417,0.126,30.03,48.93,0.434,GRID_300M_03_02,131.6438502624784,,,,,,,,,,,,,,,,,,,,,,,,,,,,,,,,,,,,,,,,,,,,,,,,,29,MB300-0078,2.169771458953619,,,,,,,,,2872.3916613573824,False,,,,,,,,,,,,,,,,,,601.9072488681725,False,True,,,,,,,,UNKNOWN
MASTER_03_03,3,3,21.813954,80.201348,4774.705078,213.193375,0,898,0.09,0.108728,0.13629,0.160598,0.264793,0.319323,0.258256,0.375597,0.34576,0.316147,0.334589,0.29888,0.248943,0.293096,0.029396,1.84166,0.052412,0.248658,-0.323108,-0.404237,0.124695,0.807915,1.21249,1.48928,12.530024,0.034536,0.013351,0.068343,-0.072488,0.828394,0.900869,0.842445,18.502607,-0.214122,0.336459,0.47258,-0.197183,0.02048,-0.311621,-0.646835,1.548565,0.023016,6.537566,0.069796,-0.020442,0.539562,0.6637,0.558078,0.042316,0,waterlogged,grade_B_blast_furnace_25to44,25-44% Mn (BF + Medium grade),0.174,37.2,1625.07,1432.68,104.75,293.23,736.99,4.46,6,0.2525,0.5004,0.1417,0.126,30.03,48.93,0.434,GRID_300M_03_03,131.91835398481575,7.5,7.5,7.6,7.6,7.7,7.8,44.3,45.4,46.5,47.1,46.4,47.7,16.4,16.3,15.5,15.6,16.4,17.1,39.2,38.3,38.0,37.3,37.1,35.2,14.1,8.7,6.2,5.5,3.2,2.4,1.54,1.58,1.61,1.63,1.64,1.65,31.4,31.5,31.2,31.2,31.2,31.5,8.3,7.3,7.9,10.4,10.7,12.5,29,MB300-0079,3.796561980515321,,,,,,,,,2734.986075260881,False,,,,,,,,,,,,,,,,,,601.6846088716358,False,True,,,,,,,,UNKNOWN
MASTER_03_04,3,4,21.813954,80.204217,4619.473633,210.124054,0,867,0.09,0.106519,0.134669,0.163711,0.26387,0.332597,0.26693,0.418296,0.386455,0.357161,0.349918,0.317365,0.275718,0.177963,0.020641,4.77619,0.042664,0.237437,-0.326488,-0.424849,0.144334,0.801312,1.271668,1.548019,11.485223,-0.005043,0.045132,0.087529,-0.060714,0.869349,0.931202,0.868323,17.962159,-0.24248,0.37162,0.512378,-0.205048,0.068036,-0.340466,-0.679697,4.598228,0.022023,7.060259,0.086047,-0.015232,0.556091,0.6345,0.573349,0.058824,0,water_body,grade_B_blast_furnace_25to44,25-44% Mn (BF + Medium grade),0.233,37.99,1625.07,1432.68,104.75,293.23,736.99,4.46,6,0.2525,0.5004,0.1417,0.126,30.03,48.93,0.434,GRID_300M_03_04,129.58268823638574,7.5,7.6,7.6,7.6,7.7,7.8,42.2,43.7,45.4,46.6,45.8,46.7,16.9,16.6,15.6,15.3,16.2,16.8,40.9,39.7,39.1,38.1,38.0,36.6,14.0,8.9,6.2,5.2,3.1,2.8,1.55,1.58,1.62,1.63,1.64,1.64,31.0,31.1,30.8,30.7,30.9,31.1,7.1,6.4,6.9,9.3,9.5,11.2,29,MB300-0080,3.228279999922961,,,,,,,,,2626.486146859587,False,,,,,,,,,,,,,,,,,,598.6802438890244,False,True,,,,,,,,UNKNOWN
MASTER_03_05,3,5,21.81399,80.207097,4474.305176,206.86171,0,904,0.09,0.083317,0.111932,0.122612,0.287479,0.27996,0.197899,0.62982,0.561468,0.508709,0.482411,0.394076,0.327517,0.104264,0.023314,0.172897,0.030708,0.408347,-0.439298,-0.423265,0.029467,0.692973,0.988542,1.446656,6.48958,-0.026204,0.075668,0.174461,-0.103773,0.83096,0.818675,0.807785,9.48745,-0.43455,0.514966,0.597726,-0.13324,0.137988,-0.169867,-0.638872,0.068633,0.007394,2.965305,0.194933,0.114117,0.507445,0.6513,0.603056,0.0,0,water_body,non_ore,Background,0.301,37.99,1625.07,1432.68,104.75,293.23,736.99,4.46,6,0.2525,0.5004,0.1417,0.126,30.03,48.93,0.434,GRID_300M_03_05,131.313063931993,7.5,7.6,7.6,7.6,7.7,7.8,41.8,43.6,45.2,46.1,45.3,45.8,17.5,17.0,15.9,15.4,16.5,17.1,40.8,39.4,39.0,38.4,38.2,37.1,14.1,9.4,6.2,5.2,3.3,3.0,1.55,1.58,1.62,1.63,1.64,1.64,30.8,31.0,30.7,30.6,30.8,30.9,6.2,5.8,6.3,8.3,8.4,10.0,29,MB300-0081,2.4029504583764325,,,,,,,,,2543.8724813624835,False,,,,,,,,,,,,,,,,,,600.856725876167,False,True,,,,,,,,UNKNOWN
MASTER_03_06,3,6,21.814045,80.210002,4341.738281,203.372803,0,898,0.09,0.081364,0.10868,0.11753,0.278863,0.26869,0.187345,0.58649,0.524075,0.473152,0.44832,0.357597,0.293107,0.125664,0.029287,0.182541,0.036009,0.408874,-0.437293,-0.418671,0.0287,0.690349,0.974978,1.428886,6.463521,-0.025683,0.078072,0.191846,-0.111789,0.810857,0.794861,0.804931,9.133283,-0.434557,0.515366,0.610517,-0.14049,0.120509,-0.180117,-0.623955,0.056877,0.006722,2.626141,0.169457,0.088907,0.504873,0.6133,0.611487,0.0,0,water_body,non_ore,Background,0.281,37.99,1625.07,1432.68,104.75,293.23,736.99,4.46,6,0.2525,0.5004,0.1417,0.126,30.03,48.93,0.434,GRID_300M_03_06,136.34645689492922,7.5,7.5,7.6,7.6,7.7,7.8,41.7,43.1,44.9,46.0,45.1,45.8,17.9,17.7,16.2,15.6,16.8,17.3,40.3,39.2,38.9,38.4,38.1,36.9,14.1,9.7,6.1,5.3,3.3,2.4,1.55,1.58,1.61,1.63,1.64,1.64,30.9,31.1,30.8,30.6,30.8,30.9,6.2,5.7,6.5,7.6,7.6,9.4,29,MB300-0082,4.312253253050629,,,,,,,,,2491.8970008157125,False,,,,,,,,,,,,,,,,,,673.2786225400821,False,True,,,,,,,,UNKNOWN
MASTER_03_07,3,7,21.81405,80.212918,4231.019531,199.637848,0,892,0.09,0.072659,0.101853,0.100871,0.256468,0.21247,0.136765,0.733023,0.653087,0.592596,0.560003,0.441623,0.363798,0.147956,0.03899,0.1243,0.022112,0.434095,-0.429418,-0.350879,-0.025366,0.641756,0.836745,1.38351,5.070792,-0.023379,0.074203,0.192745,-0.113622,0.818512,0.78764,0.806595,9.690134,-0.457474,0.503621,0.543624,-0.088256,0.176757,-0.049106,-0.576915,-0.023655,-0.016878,4.589961,0.303535,0.229153,0.489064,0.6059,0.587578,0.0,0,water_body,non_ore,Background,0.302,38.87,1625.07,1432.68,104.75,293.23,736.99,4.46,6,0.2525,0.5004,0.1417,0.126,30.03,48.93,0.434,GRID_300M_03_07,137.19744265398617,7.4,7.5,7.6,7.7,7.8,7.8,41.6,43.0,44.7,46.0,45.0,45.5,18.1,18.0,16.5,15.8,17.2,17.6,40.2,39.1,38.7,38.1,37.9,36.8,13.7,9.4,5.9,5.3,3.6,2.7,1.55,1.57,1.61,1.62,1.63,1.62,30.9,31.2,30.9,30.7,30.7,30.8,6.6,6.0,6.8,7.9,8.2,9.7,29,MB300-0083,2.8512116782362367,,,,,,,,,2481.0882093376695,False,,,,,,,,,,,,,,,,,,848.7574564855653,False,True,,,,,,,,UNKNOWN
MASTER_03_08,3,8,21.814046,80.215833,4140.217285,195.718491,0,892,0.09,0.07635,0.105399,0.112593,0.261338,0.233736,0.15383,0.444103,0.38216,0.322747,0.348133,0.230083,0.162631,0.120493,0.03048,0.123023,0.024331,0.400757,-0.424755,-0.377818,0.010345,0.655847,0.898006,1.462973,5.420148,0.087834,0.014754,0.23151,-0.193892,0.66593,0.646375,0.708442,8.488997,-0.312922,0.439509,0.609327,-0.204237,0.010082,-0.251631,-0.754531,0.00253,-0.006149,3.038731,0.086795,-0.003653,0.511192,0.6132,0.631163,0.0,0,water_body,non_ore,Background,0.341,38.87,1625.07,1432.68,104.75,293.23,736.99,4.46,6,0.2525,0.5004,0.1417,0.126,30.03,48.93,0.434,GRID_300M_03_08,137.1954585484297,7.5,7.6,7.6,7.7,7.8,7.9,41.6,42.7,44.7,46.3,45.1,45.5,18.2,18.2,16.7,16.0,17.4,17.8,40.2,39.0,38.5,37.7,37.6,36.7,13.6,9.3,6.2,5.6,3.6,2.5,1.53,1.56,1.6,1.6,1.61,1.61,30.8,31.3,31.1,31.0,30.9,31.0,6.7,6.2,6.6,7.7,8.0,9.6,29,MB300-0084,0.9957580097377263,,,,,,,,,2483.1245366133408,False,,,,,,,,,,,,,,,,,,887.5544141260759,False,True,,,,,,,,UNKNOWN
MASTER_03_09,3,9,21.814057,80.21876,4067.623535,191.630905,0,886,0.09,0.077579,0.104887,0.114781,0.252037,0.231,0.155415,0.228889,0.19297,0.146017,0.209173,0.119323,0.070736,0.114072,0.030919,0.132871,0.021721,0.37686,-0.411152,-0.374729,0.021035,0.669481,0.922914,1.46707,5.122,0.220357,-0.07635,0.201699,-0.240774,0.572686,0.574477,0.671866,10.896058,-0.156503,0.334803,0.576427,-0.26181,-0.096795,-0.348437,-0.795204,0.018799,-0.009198,5.741041,-0.042865,-0.111677,0.515358,0.6132,0.625379,0.009029,0,water_body,grade_B_blast_furnace_25to44,25-44% Mn (BF + Medium grade),0.337,38.87,1625.07,1432.68,104.75,293.23,736.99,4.46,6,0.2525,0.5004,0.1417,0.126,30.03,48.93,0.434,GRID_300M_03_09,139.27198238897176,7.5,7.6,7.6,7.7,7.8,7.9,41.1,42.3,44.3,46.1,44.9,45.3,18.0,18.1,16.7,15.9,17.2,17.6,40.9,39.6,39.1,38.0,37.9,37.1,14.6,9.2,6.3,5.6,3.4,2.6,1.53,1.55,1.59,1.59,1.6,1.6,30.7,31.6,31.4,31.4,31.3,31.3,6.8,6.4,6.8,7.9,8.0,9.7,29,MB300-0085,3.2337992256060666,,,,,,,,,2483.529676987357,False,,,,,,,,,,,,,,,,,,889.0030570799834,False,True,,,,,,,,UNKNOWN
MASTER_03_10,3,10,21.814037,80.221658,4020.316895,187.453934,0,893,0.09,0.075384,0.104244,0.106189,0.260291,0.22569,0.147457,0.189226,0.173001,0.131048,0.254306,0.162588,0.098607,0.131234,0.043656,0.199943,0.026434,0.41915,-0.425507,-0.367007,-0.006484,0.65082,0.876983,1.401428,4.204897,0.351988,-0.224128,-0.005329,-0.193676,0.590317,0.646513,0.758816,11.270927,-0.067163,0.201379,0.361678,-0.187193,-0.060503,-0.23047,-0.642612,0.068709,-0.017222,7.041665,-0.005985,-0.063102,0.496929,0.5981,0.512207,0.011198,0,waterlogged,grade_B_blast_furnace_25to44,25-44% Mn (BF + Medium grade),0.298,39.57,1625.07,1432.68,104.75,293.23,736.99,4.46,6,0.2525,0.5004,0.1417,0.126,30.03,48.93,0.434,GRID_300M_03_10,136.8371626382871,7.5,7.6,7.6,7.7,7.8,7.9,40.8,42.5,44.1,46.4,45.1,45.5,18.1,17.8,16.5,15.6,17.0,17.3,41.1,39.8,39.4,38.0,38.0,37.2,14.6,9.0,6.3,5.6,3.5,3.0,1.53,1.54,1.59,1.59,1.6,1.6,30.8,31.8,31.7,31.7,31.6,31.4,6.8,6.5,7.0,8.0,8.2,9.8,29,MB300-0086,4.266644141991138,,,,,,,,,2487.2986088338835,False,,,,,,,,,,,,,,,,,,886.7756075634192,False,True,,,,,,,,UNKNOWN
MASTER_03_11,3,11,21.814053,80.224527,3990.993896,183.245255,0,874,0.09,0.087375,0.117308,0.136538,0.275941,0.279538,0.193766,0.263116,0.243667,0.19991,0.306681,0.21543,0.14919,0.128487,0.036564,0.14338,0.023975,0.346202,-0.404297,-0.405148,0.059814,0.686715,1.011526,1.540422,4.503608,0.250449,-0.14771,0.031056,-0.159528,0.667379,0.702445,0.786052,9.010106,-0.095753,0.256586,0.436203,-0.219342,-0.019336,-0.309081,-0.75437,0.014893,-0.012589,4.463653,0.03074,-0.064108,0.537009,0.6221,0.543752,0.042334,0,waterlogged,grade_B_blast_furnace_25to44,25-44% Mn (BF + Medium grade),0.334,39.57,1625.07,1432.68,104.75,293.23,736.99,4.46,6,0.2525,0.5004,0.1417,0.126,30.03,48.93,0.434,GRID_300M_03_11,136.21350501028473,7.5,7.6,7.6,7.7,7.8,7.9,40.8,42.7,44.7,46.6,44.8,44.9,18.0,17.5,16.0,15.6,17.2,17.5,41.1,39.8,39.3,37.8,38.1,37.6,14.3,9.3,6.5,5.7,3.5,2.9,1.53,1.54,1.58,1.59,1.6,1.6,30.9,31.4,31.4,31.5,31.3,30.9,6.8,6.1,6.9,8.6,9.2,10.3,29,MB300-0087,3.0914353820466856,,,,,,,,,2486.8693266671094,False,,,,,,,,,,,,,,,,,,888.016524733946,False,True,,,,,,,,UNKNOWN
MASTER_03_12,3,12,21.814111,80.227389,3978.687744,179.007462,0,910,0.09,0.091456,0.122849,0.143896,0.277117,0.290766,0.205565,0.156755,0.156199,0.121355,0.243967,0.157991,0.095911,0.112157,0.02824,0.160571,0.023519,0.326348,-0.387369,-0.402903,0.074043,0.699374,1.049087,1.548267,5.696058,0.345758,-0.229481,-0.011502,-0.177792,0.598621,0.645168,0.802234,9.662216,0.01941,0.157888,0.3914,-0.251835,-0.100753,-0.403919,-0.746033,0.048415,-0.004721,3.975136,-0.03315,-0.132775,0.542399,0.6227,0.52808,0.11978,1,waterlogged,grade_B_blast_furnace_25to44,25-44% Mn (BF + Medium grade),0.353,39.57,1625.07,1432.68,104.75,293.23,736.99,4.46,6,0.2525,0.5004,0.1417,0.126,30.03,48.93,0.434,GRID_300M_03_12,139.57891104928288,7.5,7.6,7.6,7.7,7.8,7.9,40.4,42.3,44.2,46.8,44.9,44.9,18.1,17.5,16.2,15.6,17.2,17.6,41.4,40.1,39.6,37.7,37.9,37.5,13.6,9.7,6.6,5.7,3.6,3.0,1.53,1.55,1.58,1.59,1.6,1.6,30.8,31.4,31.4,31.6,31.3,30.9,6.9,5.9,6.8,8.1,8.4,9.7,29,MB300-0088,5.25331297202441,,,,,,,,,2481.8642433823406,False,,,,,,,,,,,,,,,,,,895.5341919014564,False,True,,,,,,,,UNKNOWN
MASTER_03_13,3,13,21.814132,80.230324,3993.116943,174.664673,0,893,0.09,0.084635,0.114159,0.127894,0.265346,0.258803,0.179147,0.111481,0.123125,0.091714,0.217257,0.141025,0.079234,0.127378,0.037663,0.147844,0.021678,0.356586,-0.399133,-0.382723,0.041657,0.683897,0.975018,1.492796,5.012598,0.403336,-0.272907,-0.057228,-0.173858,0.559848,0.647045,0.821096,11.121809,0.046749,0.126226,0.325495,-0.215515,-0.12405,-0.327973,-0.6717,0.020465,-0.015985,6.071192,-0.048089,-0.117778,0.524705,0.6078,0.495531,0.066069,0,sparse_vegetation,grade_B_blast_furnace_25to44,25-44% Mn (BF + Medium grade),0.332,39.71,1625.07,1432.68,104.75,293.23,736.99,4.46,6,0.2525,0.5004,0.1417,0.126,30.03,48.93,0.434,GRID_300M_03_13,142.94313578118155,7.5,7.6,7.6,7.7,7.8,7.9,39.7,41.6,43.3,46.5,44.7,44.8,18.5,17.9,16.7,15.8,17.4,17.9,41.8,40.5,40.0,37.7,37.9,37.4,13.5,9.6,6.7,5.6,3.5,3.0,1.54,1.55,1.58,1.59,1.6,1.61,31.0,31.5,31.4,31.7,31.5,30.9,7.1,6.4,7.1,8.3,8.6,9.8,29,MB300-0089,3.136477744773645,,,,,,,,,2481.169507294459,False,,,,,,,,,,,,,,,,,,896.2968755100321,False,True,,,,,,,,UNKNOWN
MASTER_03_14,3,14,21.814136,80.233237,4031.615967,170.413483,0,897,0.09,0.078952,0.109313,0.116738,0.259074,0.231682,0.157217,0.116802,0.129898,0.101033,0.223767,0.152332,0.087762,0.136417,0.050992,0.136324,0.019529,0.379441,-0.404512,-0.356187,0.011905,0.673394,0.904697,1.468646,3.824527,0.374734,-0.261054,-0.06695,-0.150493,0.573018,0.676239,0.86397,11.531284,-0.004707,0.143459,0.289236,-0.162397,-0.100376,-0.228458,-0.604676,-9.3e-05,-0.031463,7.663329,-0.035307,-0.079351,0.512133,0.6017,0.476051,0.070234,0,sparse_vegetation,grade_B_blast_furnace_25to44,25-44% Mn (BF + Medium grade),0.384,39.71,1625.07,1432.68,104.75,293.23,736.99,4.46,6,0.2525,0.5004,0.1417,0.126,30.03,48.93,0.434,GRID_300M_03_14,143.5785379282258,7.5,7.6,7.6,7.7,7.7,7.8,38.8,40.7,42.9,45.4,43.5,43.9,18.3,17.6,16.3,15.7,17.4,17.7,42.9,41.7,40.9,39.0,39.1,38.4,15.1,9.8,6.5,5.6,3.3,2.6,1.53,1.55,1.58,1.6,1.6,1.6,31.5,31.9,31.6,31.9,31.7,31.1,7.3,6.7,7.5,8.6,9.1,10.5,29,MB300-0090,1.720186182204155,,,,,,,,,2482.198269222642,False,,,,,,,,,,,,,,,,,,892.0153520485027,False,True,,,,,,,,UNKNOWN
MASTER_03_15,3,15,21.814134,80.236131,4092.103027,166.29422,0,869,0.09,0.08088,0.11035,0.117355,0.258438,0.233538,0.158339,0.108744,0.124334,0.095955,0.211065,0.111306,0.063527,0.115908,0.039809,0.112241,0.018997,0.378518,-0.400989,-0.353699,0.010616,0.671199,0.907422,1.440758,4.760593,0.371772,-0.255106,0.064612,-0.215526,0.570275,0.523583,0.883691,10.728918,-0.006747,0.145882,0.418311,-0.226142,-0.100923,-0.383839,-0.557067,-0.003666,-0.020812,5.928763,-0.047372,-0.122232,0.508532,0.5933,0.548899,0.026467,0,waterlogged,grade_B_blast_furnace_25to44,25-44% Mn (BF + Medium grade),0.275,39.71,1625.07,1432.68,104.75,293.23,736.99,4.46,6,0.2525,0.5004,0.1417,0.126,30.03,48.93,0.434,GRID_300M_03_15,142.66035248919164,7.6,7.6,7.7,7.7,7.7,7.8,39.1,41.0,43.0,45.1,43.2,43.5,18.2,17.4,16.1,15.7,17.5,17.9,42.7,41.6,40.9,39.2,39.3,38.5,15.7,10.2,6.4,5.5,3.1,2.2,1.53,1.55,1.59,1.6,1.61,1.6,32.0,32.2,31.9,32.2,32.1,31.4,7.8,7.0,7.7,9.0,9.7,10.9,29,MB300-0091,1.239869405515492,,,,,,,,,2483.9569631717654,False,,,,,,,,,,,,,,,,,,893.0124829061151,False,True,,,,,,,,UNKNOWN
MASTER_03_16,3,16,21.814145,80.239077,4173.23291,162.238876,0,882,0.09,0.094925,0.121237,0.144433,0.247059,0.284542,0.213462,0.096257,0.119527,0.09116,0.232508,0.143586,0.079864,0.095503,0.016772,0.118094,0.018952,0.265037,-0.340181,-0.400644,0.108549,0.746094,1.164852,1.50839,10.170391,0.43294,-0.317103,-0.07962,-0.169307,0.556415,0.617125,0.946091,12.797892,0.167903,0.023078,0.321024,-0.277856,-0.189679,-0.547727,-0.562299,0.022591,0.00218,2.752964,-0.014551,-0.140956,0.546642,0.5998,0.499096,0.304989,1,waterlogged,grade_B_blast_furnace_25to44,25-44% Mn (BF + Medium grade),0.205,39.47,1625.07,1432.68,104.75,293.23,736.99,4.46,6,0.2525,0.5004,0.1417,0.126,30.03,48.93,0.434,GRID_300M_03_16,145.5874027320011,7.6,7.6,7.7,7.7,7.7,7.8,39.9,41.8,43.3,45.4,43.2,43.6,18.1,17.2,16.1,15.8,17.6,18.1,42.1,40.9,40.5,38.9,39.2,38.3,15.4,10.4,6.3,5.8,3.1,2.2,1.53,1.56,1.59,1.6,1.6,1.6,32.2,32.4,32.1,32.4,32.3,31.6,8.2,7.6,8.4,10.0,10.5,11.8,29,MB300-0092,3.3138059730321014,,,,,,,,,2484.299913491151,False,,,,,,,,,,,,,,,,,,893.7883755530614,False,True,,,,,,,,UNKNOWN
MASTER_03_17,3,17,21.814125,80.24197,4275.720703,158.441574,0,885,0.09,0.094359,0.120351,0.146528,0.244798,0.291896,0.223073,0.088745,0.111398,0.084108,0.229021,0.13439,0.073325,0.093685,0.013743,0.13765,0.022373,0.251735,-0.339444,-0.416119,0.127202,0.763664,1.201687,1.54738,11.350608,0.458839,-0.340486,-0.080204,-0.188166,0.543663,0.583395,0.943709,10.336245,0.207104,-0.001042,0.335915,-0.315367,-0.220001,-0.618292,-0.603671,0.043966,0.00863,-0.919257,-0.015777,-0.157506,0.555573,0.6074,0.508492,0.301695,1,waterlogged,grade_B_blast_furnace_25to44,25-44% Mn (BF + Medium grade),0.261,39.47,1625.07,1432.68,104.75,293.23,736.99,4.46,6,0.2525,0.5004,0.1417,0.126,30.03,48.93,0.434,GRID_300M_03_17,142.89095159759856,7.5,7.6,7.7,7.7,7.7,7.8,40.5,42.5,43.8,45.8,43.2,43.5,18.9,18.1,16.8,16.3,18.3,18.6,40.6,39.4,39.4,37.9,38.6,37.8,16.5,10.1,6.3,5.7,3.0,2.3,1.54,1.57,1.6,1.61,1.61,1.61,31.5,31.8,31.9,32.1,32.0,31.3,8.6,8.2,9.6,11.3,11.7,13.4,29,MB300-0093,4.607295570938807,,,,,,,,,2488.054651024319,False,,,,,,,,,,,,,,,,,,891.5636102358785,False,True,,,,,,,,UNKNOWN
MASTER_03_18,3,18,21.81416,80.244846,4389.679688,154.822525,0,888,0.09,0.096525,0.127425,0.154895,0.273887,0.324364,0.254516,0.139368,0.158752,0.13486,0.290231,0.22913,0.156111,0.105589,0.018647,0.206322,0.029606,0.281052,-0.364617,-0.434546,0.124736,0.781195,1.189847,1.59313,8.296195,0.405145,-0.320002,-0.199565,-0.095272,0.650063,0.778958,0.973147,10.736816,0.124093,0.044615,0.234981,-0.220008,-0.131133,-0.410888,-0.619983,0.100733,0.010959,2.482268,0.016344,-0.095234,0.554126,0.6121,0.440206,0.322072,1,sparse_vegetation,grade_B_blast_furnace_25to44,25-44% Mn (BF + Medium grade),0.207,39.47,1625.07,1432.68,104.75,293.23,736.99,4.46,6,0.2525,0.5004,0.1417,0.126,30.03,48.93,0.434,GRID_300M_03_18,144.81534930004563,7.5,7.6,7.6,7.7,7.7,7.8,40.6,42.7,43.8,45.8,43.0,43.2,19.2,18.3,17.0,16.5,18.5,18.8,40.2,39.0,39.2,37.7,38.6,38.0,16.9,10.0,6.5,6.2,3.3,2.7,1.55,1.57,1.6,1.61,1.61,1.61,31.1,31.5,31.6,31.7,31.7,31.0,8.8,8.5,10.4,11.8,12.2,13.8,29,MB300-0094,1.6123487122497528,,,,,,,,,2509.992791314457,False,,,,,,,,,,,,,,,,,,895.4788297628171,False,True,,,,,,,,UNKNOWN
MASTER_03_19,3,19,21.814214,80.247716,4518.158691,151.39476,0,906,0.09,0.098663,0.130324,0.163758,0.276027,0.33332,0.257998,0.11265,0.135665,0.108012,0.272953,0.207032,0.127338,0.110802,0.021469,0.16873,0.028512,0.257272,-0.357422,-0.437469,0.139383,0.773826,1.21373,1.65201,8.35355,0.450839,-0.348116,-0.217247,-0.105608,0.602865,0.75772,0.96308,8.944261,0.193568,0.009306,0.220222,-0.244991,-0.170961,-0.45601,-0.68893,0.057928,0.007043,0.633607,-0.003074,-0.126288,0.57057,0.622,0.436395,0.35872,1,sparse_vegetation,grade_B_blast_furnace_25to44,25-44% Mn (BF + Medium grade),0.258,39.47,1625.07,1432.68,104.75,293.23,736.99,4.46,6,0.2525,0.5004,0.1417,0.126,30.03,48.93,0.434,GRID_300M_03_19,148.5174431240024,7.4,7.5,7.6,7.6,7.7,7.7,40.4,42.5,43.6,45.4,42.6,43.2,18.9,18.1,16.9,16.5,18.3,18.7,40.8,39.5,39.5,38.1,39.1,38.2,17.8,10.6,7.7,7.1,4.1,4.0,1.54,1.57,1.59,1.61,1.61,1.61,30.5,31.2,31.3,31.4,31.4,30.7,11.8,12.1,15.7,16.1,16.4,16.8,29,MB300-0095,4.782191663009647,,,,,,,,,2564.1840424500065,False,,,,,,,,,,,,,,,,,,902.0911983930466,False,True,,,,,,,,UNKNOWN
MASTER_03_20,3,20,21.814223,80.250643,4669.210938,148.138672,0,896,0.09,0.096395,0.126764,0.154212,0.281603,0.337522,0.256803,0.081869,0.106548,0.07851,0.26515,0.18411,0.103458,0.097122,0.023209,0.144128,0.026965,0.29847,-0.380241,-0.449863,0.12342,0.755682,1.19914,1.584524,6.065725,0.53957,-0.422832,-0.260144,-0.140616,0.559745,0.698489,0.953414,7.452432,0.2411,-0.042592,0.189718,-0.264035,-0.195936,-0.500651,-0.631111,0.047006,0.003757,1.413607,-0.016453,-0.153412,0.555156,0.6341,0.421746,0.273438,1,sparse_vegetation,grade_B_blast_furnace_25to44,25-44% Mn (BF + Medium grade),0.232,39.21,1625.07,1432.68,104.75,293.23,736.99,4.46,6,0.2525,0.5004,0.1417,0.126,30.03,48.93,0.434,GRID_300M_03_20,150.2421062750233,7.4,7.4,7.5,7.5,7.6,7.6,39.8,41.7,43.5,45.6,42.9,43.8,19.2,18.4,17.0,16.6,18.2,18.6,41.1,39.9,39.4,37.8,38.9,37.7,17.4,10.5,7.4,6.2,3.9,4.0,1.53,1.55,1.57,1.6,1.61,1.6,30.8,31.3,31.3,31.5,31.4,31.3,12.3,12.9,16.8,17.4,16.7,17.1,29,MB300-0096,2.7450087547499424,,,,,,,,,2657.454683339184,False,,,,,,,,,,,,,,,,,,900.0620771637497,False,True,,,,,,,,UNKNOWN
MASTER_03_21,3,21,21.814227,80.253558,4834.06543,145.111649,0,897,0.09,0.088319,0.116011,0.135026,0.271495,0.313279,0.243892,0.080769,0.107804,0.080062,0.295875,0.223445,0.125302,0.111671,0.023767,0.17247,0.04043,0.34476,-0.399148,-0.451457,0.096253,0.761207,1.16618,1.49483,7.760456,0.564202,-0.456063,-0.342983,-0.106822,0.557438,0.770354,0.985917,6.876767,0.219442,-0.056916,0.108475,-0.203074,-0.203769,-0.395826,-0.508914,0.060798,0.016663,-0.908642,0.02438,-0.089834,0.528841,0.6411,0.372651,0.19175,1,sparse_vegetation,grade_B_blast_furnace_25to44,25-44% Mn (BF + Medium grade),0.255,39.21,1625.07,1432.68,104.75,293.23,736.99,4.46,6,0.2525,0.5004,0.1417,0.126,30.03,48.93,0.434,GRID_300M_03_21,150.94974033344297,7.4,7.4,7.5,7.5,7.5,7.6,39.6,41.4,43.7,45.8,43.0,43.9,19.6,18.9,17.2,16.8,18.4,18.7,40.7,39.7,39.1,37.4,38.6,37.3,16.6,10.3,6.8,5.9,3.4,3.3,1.52,1.55,1.57,1.59,1.61,1.6,31.2,31.6,31.5,31.6,31.4,31.3,12.2,12.4,16.7,16.8,15.9,16.5,29,MB300-0097,1.450843752523101,,,,,,,,,2780.580844026076,False,,,,,,,,,,,,,,,,,,896.5741615038899,False,True,,,,,,,,UNKNOWN
MASTER_03_22,3,22,21.814225,80.256472,5012.086914,142.297089,0,892,0.09,0.09011,0.117532,0.1438,0.26076,0.314118,0.238993,0.0811,0.106625,0.07667,0.267223,0.193675,0.106907,0.095648,0.021927,0.166149,0.027764,0.290312,-0.376836,-0.455068,0.131003,0.759252,1.21707,1.586042,7.424064,0.551142,-0.426608,-0.283491,-0.127416,0.551051,0.727755,0.94447,8.937499,0.26083,-0.049771,0.171577,-0.258419,-0.208201,-0.489315,-0.641572,0.070501,0.005837,1.531147,0.006463,-0.120443,0.557857,0.6113,0.410868,0.253363,1,sparse_vegetation,grade_B_blast_furnace_25to44,25-44% Mn (BF + Medium grade),0.242,38.94,1625.07,1432.68,104.75,293.23,736.99,4.46,6,0.2525,0.5004,0.1417,0.126,30.03,48.93,0.434,GRID_300M_03_22,151.01017865046768,7.4,7.4,7.5,7.5,7.5,7.6,39.6,41.2,44.0,46.4,43.8,44.4,19.8,19.2,17.3,16.7,18.2,18.7,40.6,39.7,38.7,37.0,38.1,37.0,16.8,10.3,6.8,5.8,3.4,2.9,1.52,1.54,1.57,1.6,1.61,1.61,31.7,31.7,31.8,31.6,31.6,31.4,12.1,12.4,16.8,17.1,16.2,16.8,29,MB300-0098,1.2597002469843068,,,,,,,,,2930.119907035011,False,,,,,,,,,,,,,,,,,,898.1298550915769,False,True,,,,,,,,UNKNOWN
MASTER_03_23,3,23,21.814224,80.259396,5201.79248,139.671539,0,894,0.09,0.092959,0.12174,0.141696,0.276182,0.296547,0.222482,0.084666,0.105848,0.080953,0.247185,0.185763,0.113849,0.12259,0.025131,0.234362,0.030612,0.329408,-0.390055,-0.419393,0.081316,0.743843,1.080945,1.512007,6.726048,0.506856,-0.395911,-0.254751,-0.120969,0.588261,0.748968,0.942059,10.802231,0.177447,-0.005856,0.164642,-0.202285,-0.155582,-0.331977,-0.569948,0.111771,0.005481,4.084942,-0.028997,-0.110784,0.531193,0.6267,0.407315,0.131991,1,sparse_vegetation,grade_C_siliceous_low_25to30,25-30% Mn + SiO2>=15% (Siliceous),0.28,38.94,1625.07,1432.68,104.75,293.23,736.99,4.46,6,0.2525,0.5004,0.1417,0.126,30.03,48.93,0.434,GRID_300M_03_23,151.57486084925185,7.4,7.4,7.5,7.5,7.5,7.6,39.2,40.7,44.2,46.5,44.0,44.6,20.0,19.4,17.3,16.7,18.2,18.7,40.8,39.9,38.5,36.8,37.9,36.7,16.7,10.4,7.0,6.0,3.4,2.7,1.52,1.54,1.57,1.59,1.61,1.61,31.7,31.7,31.8,31.7,31.6,31.4,12.3,12.6,16.9,17.4,16.4,16.7,29,MB300-0099,3.9386926405327527,,,,,,,,,3102.2871770363417,False,,,,,,,,,,,,,,,,,,897.5731659470305,False,True,,,,,,,,UNKNOWN
MASTER_03_24,3,24,21.814224,80.261871,5370.387695,137.596878,0,628,0.09,0.091154,0.120808,0.134394,0.288632,0.291277,0.216834,0.096089,0.114731,0.088085,0.25177,0.187305,0.123279,0.157527,0.02979,0.225428,0.030059,0.367392,-0.40896,-0.412324,0.052954,0.737306,1.018836,1.467933,6.669696,0.487861,-0.372057,-0.206038,-0.137999,0.61936,0.72362,0.903357,11.116781,0.120469,0.036903,0.206286,-0.190953,-0.117945,-0.295216,-0.564575,0.067901,0.000269,4.544412,-0.036862,-0.103973,0.513604,0.6091,0.427186,0.044586,0,sparse_vegetation,grade_C_siliceous_low_25to30,25-30% Mn + SiO2>=15% (Siliceous),0.277,38.94,1625.07,1432.68,104.75,293.23,736.99,4.46,6,0.2525,0.5004,0.1417,0.126,30.03,48.93,0.434,GRID_300M_03_24,138.1906567773881,7.4,7.4,7.5,7.5,7.6,7.6,39.0,40.6,44.6,46.9,44.4,44.9,20.1,19.5,17.2,16.6,18.0,18.5,40.8,39.9,38.2,36.5,37.6,36.5,15.5,10.0,6.7,5.9,3.3,2.5,1.52,1.54,1.58,1.58,1.6,1.6,31.5,31.5,31.5,31.5,31.4,31.2,12.4,12.2,15.8,17.2,17.0,16.8,29,MB300-0100,40.733849990776015,,,,,,,,,3262.7400651118714,False,,,,,,,,,,,,,,,,,,897.3505199998617,False,True,,,,,,,,UNKNOWN
MASTER_04_00,4,0,21.81656,80.192908,5086.411133,223.224518,0,620,0.09,0.11535,0.131076,0.142354,0.215904,0.249489,0.224906,0.254903,0.247553,0.237669,0.283962,0.323551,0.271365,0.600765,0.038469,0.861925,0.060882,0.178834,-0.194289,-0.265568,0.065673,0.870592,1.197078,1.192222,16.850961,0.091709,-0.072213,-0.136238,0.024356,0.831171,1.161957,0.948537,19.970815,-0.087124,0.122076,0.12933,-0.041317,-0.039421,-0.035121,-0.243685,0.26116,0.022413,3.676302,0.068058,0.074062,0.482814,0.6165,0.402537,0.112903,1,built_up,grade_C_siliceous_low_25to30,25-30% Mn + SiO2>=15% (Siliceous),0.187,37.23,1625.07,1432.68,104.75,293.23,736.99,4.46,6,0.2525,0.5004,0.1417,0.126,30.03,48.93,0.434,GRID_300M_04_00,144.05890862807487,,,,,,,,,,,,,,,,,,,,,,,,,,,,,,,,,,,,,,,,,,,,,,,,,29,MB300-0101,33.65638653633809,,,,,,,,,2974.7846436134496,False,,,,,,,,,,,,,,,,,,894.1253980383449,False,True,,,,,,,,UNKNOWN
MASTER_04_01,4,1,21.816651,80.195519,4898.401367,221.012756,0,894,0.09,0.128335,0.153515,0.172899,0.254824,0.294676,0.260311,0.174679,0.169758,0.159067,0.193204,0.205643,0.162838,0.334424,0.036743,0.671068,0.060173,0.196073,-0.246347,-0.314367,0.096371,0.876996,1.171646,1.346016,12.258645,0.089946,-0.051923,-0.067068,-0.016439,0.763734,1.053014,0.902173,14.594672,-0.106127,0.194425,0.2473,-0.11281,-0.113262,-0.118632,-0.443844,0.336644,0.023431,2.47358,-0.061619,-0.089032,0.506922,0.6317,0.4586,0.228188,1,waterlogged,grade_B_blast_furnace_25to44,25-44% Mn (BF + Medium grade),0.154,37.71,1625.07,1432.68,104.75,293.23,736.99,4.46,6,0.2525,0.5004,0.1417,0.126,30.03,48.93,0.434,GRID_300M_04_01,131.01020451078867,,,,,,,,,,,,,,,,,,,,,,,,,,,,,,,,,,,,,,,,,,,,,,,,,29,MB300-0102,2.479738812893629,,,,,,,,,2792.4450148572782,False,,,,,,,,,,,,,,,,,,901.8035330835454,False,True,,,,,,,,UNKNOWN
MASTER_04_02,4,2,21.816659,80.198428,4706.555176,218.265747,0,893,0.09,0.116901,0.141629,0.160841,0.267722,0.304219,0.247148,0.252756,0.234024,0.21131,0.229338,0.201999,0.162272,0.224206,0.037879,0.36294,0.057245,0.250691,-0.308304,-0.368515,0.095134,0.812195,1.154848,1.386722,8.297599,0.063984,-0.005661,0.056777,-0.079089,0.768834,0.901188,0.837503,8.601389,-0.186707,0.302642,0.425293,-0.174223,-0.043361,-0.253659,-0.549218,0.138734,0.019365,0.285957,-0.038383,-0.102221,0.516434,0.6046,0.540491,0.095185,0,waterlogged,grade_B_blast_furnace_25to44,25-44% Mn (BF + Medium grade),0.162,37.71,1625.07,1432.68,104.75,293.23,736.99,4.46,6,0.2525,0.5004,0.1417,0.126,30.03,48.93,0.434,GRID_300M_04_02,131.79396999899092,,,,,,,,,,,,,,,,,,,,,,,,,,,,,,,,,,,,,,,,,,,,,,,,,29,MB300-0103,3.2718955178531246,,,,,,,,,2615.954901085169,False,,,,,,,,,,,,,,,,,,902.9167328208571,False,True,,,,,,,,UNKNOWN
MASTER_04_03,4,3,21.816654,80.20129,4530.264648,215.333176,0,865,0.09,0.105237,0.132295,0.154051,0.271923,0.31702,0.247951,0.366165,0.332915,0.301888,0.294053,0.247984,0.193801,0.297119,0.034414,0.281763,0.047679,0.285202,-0.350213,-0.411432,0.104412,0.773176,1.176698,1.470435,10.865189,-0.003064,0.05407,0.135211,-0.088911,0.771038,0.85916,0.835687,9.006396,-0.288265,0.404283,0.546643,-0.193324,-0.002139,-0.317538,-0.634749,-0.015356,0.013264,-1.825939,0.02213,-0.069036,0.533151,0.6152,0.591161,0.035838,0,water_body,grade_B_blast_furnace_25to44,25-44% Mn (BF + Medium grade),0.231,37.71,1625.07,1432.68,104.75,293.23,736.99,4.46,6,0.2525,0.5004,0.1417,0.126,30.03,48.93,0.434,GRID_300M_04_03,128.56752880286314,7.5,7.5,7.6,7.6,7.7,7.8,43.6,44.5,46.0,46.9,46.0,47.1,16.3,16.2,15.2,15.2,16.0,16.7,40.1,39.3,38.9,37.9,38.0,36.2,14.3,8.9,6.2,5.6,3.1,2.5,1.55,1.58,1.61,1.64,1.64,1.65,31.1,31.2,31.1,31.1,31.1,31.4,9.2,8.4,9.1,12.3,12.9,14.1,29,MB300-0104,2.968609418258655,,,,,,,,,2467.1263581697785,False,,,,,,,,,,,,,,,,,,902.2691935989437,False,True,,,,,,,,UNKNOWN
MASTER_04_04,4,4,21.816664,80.204165,4364.747559,212.166901,0,893,0.09,0.081739,0.106102,0.117083,0.260188,0.266497,0.194514,0.704346,0.625431,0.569247,0.517074,0.413523,0.33453,0.091293,0.020353,0.172897,0.033708,0.379062,-0.417136,-0.428607,0.05007,0.717712,1.06657,1.413661,8.104712,-0.047667,0.093851,0.200388,-0.105541,0.806306,0.809229,0.81824,8.293906,-0.426729,0.510987,0.628995,-0.155611,0.088594,-0.257341,-0.595421,0.081604,0.013355,0.214207,0.256886,0.147026,0.5085,0.6032,0.620372,0.0,0,water_body,non_ore,Background,0.306,38.74,1625.07,1432.68,104.75,293.23,736.99,4.46,6,0.2525,0.5004,0.1417,0.126,30.03,48.93,0.434,GRID_300M_04_04,127.63315114502235,7.5,7.6,7.7,7.6,7.7,7.8,42.6,44.0,45.8,47.2,46.3,47.1,16.8,16.6,15.5,15.0,16.0,16.7,40.5,39.4,38.7,37.7,37.7,36.2,14.6,9.0,6.3,5.5,3.1,2.8,1.55,1.58,1.62,1.63,1.64,1.64,31.1,31.1,30.9,30.9,31.0,31.2,7.5,6.8,7.3,10.3,10.7,12.3,29,MB300-0105,5.003657726371568,,,,,,,,,2344.2536339754347,False,,,,,,,,,,,,,,,,,,900.3804428216592,False,True,,,,,,,,UNKNOWN
MASTER_04_05,4,5,21.816723,80.207074,4207.087402,208.757675,0,909,0.09,0.080757,0.106667,0.117372,0.276083,0.259486,0.18324,0.961687,0.861864,0.801168,0.698106,0.534883,0.433364,0.117433,0.022959,0.181857,0.028629,0.407386,-0.441018,-0.413738,0.017982,0.695599,0.955302,1.429713,7.75951,-0.066359,0.102998,0.226317,-0.105108,0.813315,0.778878,0.836128,10.366554,-0.473745,0.544015,0.640055,-0.12309,0.117716,-0.176424,-0.593584,0.064425,0.00567,2.638198,0.422023,0.275397,0.501468,0.5944,0.624073,0.0,0,water_body,non_ore,Background,0.349,38.74,1625.07,1432.68,104.75,293.23,736.99,4.46,6,0.2525,0.5004,0.1417,0.126,30.03,48.93,0.434,GRID_300M_04_05,133.27784312467006,7.5,7.6,7.7,7.6,7.7,7.8,41.7,43.7,45.2,46.0,45.1,45.7,17.3,16.8,15.7,15.4,16.5,17.1,41.0,39.6,39.1,38.6,38.4,37.2,14.6,9.6,6.5,5.3,3.4,3.0,1.54,1.58,1.61,1.62,1.63,1.63,30.8,30.7,30.6,30.4,30.6,30.7,6.0,5.5,5.7,7.3,7.4,9.3,29,MB300-0106,3.6649108584003796,,,,,,,,,2247.929742639109,False,,,,,,,,,,,,,,,,,,905.0991222663142,False,True,,,,,,,,UNKNOWN
MASTER_04_06,4,6,21.816753,80.209998,4067.727783,205.057571,0,887,0.09,0.089986,0.121396,0.137638,0.289621,0.265537,0.186543,1.022227,0.918593,0.852001,0.758593,0.568209,0.449278,0.148672,0.035454,0.16105,0.024537,0.366147,-0.411089,-0.367304,0.018762,0.693341,0.916791,1.503825,5.91865,-0.056783,0.094124,0.230268,-0.110166,0.792415,0.757966,0.837017,10.339325,-0.42293,0.505213,0.597572,-0.128928,0.099074,-0.158825,-0.666808,0.012378,-0.010916,4.418613,0.468972,0.302673,0.516984,0.622,0.615985,0.0,0,water_body,non_ore,Background,0.312,38.74,1625.07,1432.68,104.75,293.23,736.99,4.46,6,0.2525,0.5004,0.1417,0.126,30.03,48.93,0.434,GRID_300M_04_06,136.9925733927053,7.5,7.5,7.6,7.6,7.7,7.8,41.8,43.5,45.3,45.9,45.0,45.9,17.7,17.3,15.7,15.4,16.6,17.2,40.5,39.3,39.0,38.6,38.3,37.0,15.2,10.0,6.2,5.2,3.3,2.5,1.54,1.56,1.6,1.61,1.62,1.62,30.7,30.7,30.5,30.3,30.4,30.5,6.7,6.2,6.7,7.9,8.0,10.1,29,MB300-0107,3.6816126424731537,,,,,,,,,2192.0181532305282,False,,,,,,,,,,,,,,,,,,953.8625572507576,False,True,,,,,,,,UNKNOWN
MASTER_04_07,4,7,21.816744,80.21292,3950.563721,201.093964,0,890,0.09,0.085039,0.116197,0.125759,0.277765,0.256213,0.175937,0.912987,0.802605,0.724216,0.681051,0.506795,0.401114,0.13049,0.033829,0.138671,0.025093,0.386328,-0.410859,-0.368165,0.012854,0.67346,0.925717,1.450345,5.664549,-0.017899,0.07328,0.219179,-0.131726,0.785326,0.743863,0.789707,8.685994,-0.404227,0.484138,0.587344,-0.14458,0.111866,-0.181854,-0.660639,0.00818,-0.008736,2.976836,0.403286,0.250583,0.509347,0.6392,0.613393,0.0,0,water_body,non_ore,Background,0.286,38.74,1625.07,1432.68,104.75,293.23,736.99,4.46,6,0.2525,0.5004,0.1417,0.126,30.03,48.93,0.434,GRID_300M_04_07,136.83006239944166,7.5,7.6,7.6,7.7,7.8,7.9,41.3,42.7,44.1,45.7,44.7,45.1,18.1,18.1,16.8,16.0,17.4,17.9,40.6,39.3,39.1,38.2,38.0,37.0,14.9,9.9,6.1,5.1,3.7,2.9,1.53,1.55,1.59,1.6,1.61,1.61,30.8,30.8,30.6,30.4,30.5,30.5,6.6,6.3,6.9,8.0,8.4,10.2,29,MB300-0108,1.515091586699591,,,,,,,,,2181.319192010047,False,,,,,,,,,,,,,,,,,,1083.941691345199,False,True,,,,,,,,UNKNOWN
MASTER_04_08,4,8,21.816765,80.215856,3849.841797,196.90213,0,861,0.09,0.079841,0.110628,0.118063,0.265122,0.232694,0.155895,0.189083,0.181371,0.146294,0.226549,0.149733,0.097808,0.142469,0.037495,0.120113,0.016667,0.386161,-0.409804,-0.350739,0.00289,0.662933,0.884257,1.46563,5.746063,0.224066,-0.115651,0.097255,-0.171698,0.642585,0.658657,0.781409,11.816066,-0.162094,0.294153,0.447994,-0.174588,-0.020348,-0.2256,-0.684221,-0.022356,-0.020828,6.048606,-0.038573,-0.082961,0.510292,0.6099,0.555584,0.017422,0,water_body,grade_B_blast_furnace_25to44,25-44% Mn (BF + Medium grade),0.343,39.15,1625.07,1432.68,104.75,293.23,736.99,4.46,6,0.2525,0.5004,0.1417,0.126,30.03,48.93,0.434,GRID_300M_04_08,140.34048295650564,7.5,7.6,7.6,7.7,7.8,7.9,41.0,42.3,43.8,45.9,44.6,45.1,18.1,18.1,16.9,16.0,17.4,17.8,40.8,39.6,39.2,38.1,37.9,37.1,14.5,9.7,6.2,5.2,3.6,2.5,1.53,1.54,1.59,1.59,1.6,1.6,30.8,30.8,30.6,30.2,30.3,30.4,7.0,6.5,6.9,8.1,8.4,10.2,29,MB300-0109,4.882643971925959,,,,,,,,,2180.6465358242826,False,,,,,,,,,,,,,,,,,,1190.2364716105433,False,True,,,,,,,,UNKNOWN
MASTER_04_09,4,9,21.81674,80.218742,3776.811035,192.570114,0,887,0.09,0.071114,0.101357,0.098085,0.269358,0.206441,0.13101,0.118644,0.123353,0.094056,0.182977,0.105809,0.059805,0.145872,0.053761,0.153121,0.020394,0.465682,-0.450821,-0.338633,-0.058412,0.630541,0.775436,1.368529,3.871789,0.316316,-0.189478,0.087457,-0.205128,0.565366,0.579072,0.791493,12.485638,-0.149366,0.261343,0.426091,-0.146716,-0.065175,-0.196364,-0.577036,0.007248,-0.033368,8.570752,-0.086381,-0.100633,0.476257,0.6158,0.543506,0.0,0,water_body,non_ore,Background,0.352,39.15,1625.07,1432.68,104.75,293.23,736.99,4.46,6,0.2525,0.5004,0.1417,0.126,30.03,48.93,0.434,GRID_300M_04_09,136.77646887758056,7.5,7.6,7.6,7.7,7.8,7.9,40.5,42.0,43.4,45.7,44.4,44.8,18.0,17.9,16.8,16.0,17.3,17.7,41.5,40.1,39.7,38.4,38.3,37.5,14.3,9.0,6.3,5.3,3.5,2.6,1.53,1.54,1.58,1.59,1.6,1.6,30.9,31.0,30.8,30.5,30.6,30.5,6.6,6.1,6.6,7.7,7.9,9.6,29,MB300-0110,3.863296246559185,,,,,,,,,2184.9337415023883,False,,,,,,,,,,,,,,,,,,1187.6730979773126,False,True,,,,,,,,UNKNOWN
MASTER_04_10,4,10,21.816758,80.22161,3721.696777,188.131714,0,875,0.09,0.069835,0.09801,0.090993,0.279119,0.210695,0.133234,0.116728,0.127444,0.097309,0.229289,0.153484,0.085567,0.145364,0.042923,0.173892,0.026939,0.505117,-0.47575,-0.362144,-0.075401,0.626862,0.775255,1.287717,4.771204,0.399018,-0.280592,-0.075305,-0.163402,0.55775,0.665915,0.833015,10.088624,-0.106098,0.195158,0.286839,-0.088001,-0.069112,-0.10934,-0.454702,0.028528,-0.015984,5.283974,-0.04983,-0.057211,0.456718,0.5952,0.461563,0.017143,0,dense_vegetation,grade_B_blast_furnace_25to44,25-44% Mn (BF + Medium grade),0.381,39.29,1625.07,1432.68,104.75,293.23,736.99,4.46,6,0.2525,0.5004,0.1417,0.126,30.03,48.93,0.434,GRID_300M_04_10,136.37640225528614,7.5,7.6,7.6,7.7,7.8,7.9,40.0,41.8,43.2,45.7,44.2,44.7,18.3,17.7,16.6,15.8,17.2,17.5,41.7,40.4,40.2,38.4,38.6,37.9,14.5,8.9,6.3,5.2,3.4,3.0,1.53,1.54,1.58,1.59,1.59,1.6,30.5,31.4,31.2,31.3,31.3,31.2,6.6,6.1,6.8,7.8,8.2,9.6,29,MB300-0111,2.1302945919038234,,,,,,,,,2184.379120780099,False,,,,,,,,,,,,,,,,,,1189.69141731212,False,True,,,,,,,,UNKNOWN
MASTER_04_11,4,11,21.816774,80.224506,3689.568848,183.543884,0,910,0.09,0.079116,0.106709,0.115781,0.258295,0.243324,0.166367,0.119553,0.131183,0.100716,0.234464,0.146365,0.083082,0.120435,0.03514,0.164297,0.024336,0.383481,-0.413402,-0.38751,0.026716,0.678607,0.949517,1.448376,4.58137,0.396022,-0.279348,-0.046706,-0.179647,0.566665,0.625479,0.841355,11.004984,0.01254,0.134054,0.340804,-0.206363,-0.111942,-0.324038,-0.607022,0.043862,-0.010804,6.380904,-0.023831,-0.096959,0.512059,0.612,0.500254,0.043956,0,waterlogged,grade_B_blast_furnace_25to44,25-44% Mn (BF + Medium grade),0.344,39.29,1625.07,1432.68,104.75,293.23,736.99,4.46,6,0.2525,0.5004,0.1417,0.126,30.03,48.93,0.434,GRID_300M_04_11,137.26615484550547,7.5,7.6,7.6,7.7,7.8,7.9,40.3,42.3,44.0,46.1,44.3,44.5,18.2,17.6,16.3,15.8,17.4,17.7,41.5,40.1,39.7,38.0,38.3,37.8,14.4,8.9,6.4,5.3,3.4,3.1,1.53,1.54,1.58,1.59,1.59,1.6,30.6,31.2,31.2,31.5,31.4,31.1,6.4,5.8,6.5,8.2,8.8,10.1,29,MB300-0112,2.2308188664942774,,,,,,,,,2184.024109089087,False,,,,,,,,,,,,,,,,,,1190.9259038434961,False,True,,,,,,,,UNKNOWN
MASTER_04_12,4,12,21.816844,80.227409,3675.420654,178.893738,0,893,0.09,0.085216,0.114588,0.129164,0.26037,0.261266,0.182889,0.117031,0.128323,0.097597,0.230706,0.142004,0.08004,0.122852,0.038181,0.151923,0.020243,0.340732,-0.388203,-0.388844,0.057557,0.695057,1.010337,1.501409,4.697561,0.402011,-0.281461,-0.041779,-0.185903,0.56403,0.613975,0.832634,13.272784,0.06128,0.106742,0.347064,-0.243461,-0.131026,-0.396362,-0.668774,0.029071,-0.017937,8.539537,-0.029664,-0.119263,0.530247,0.6105,0.508849,0.073908,0,waterlogged,grade_B_blast_furnace_25to44,25-44% Mn (BF + Medium grade),0.281,39.29,1625.07,1432.68,104.75,293.23,736.99,4.46,6,0.2525,0.5004,0.1417,0.126,30.03,48.93,0.434,GRID_300M_04_12,143.89006436267297,7.5,7.6,7.6,7.7,7.8,7.9,39.8,41.7,43.1,46.0,44.1,44.2,18.4,17.8,16.8,15.9,17.6,18.0,41.8,40.5,40.1,38.0,38.3,37.8,14.3,9.2,6.5,5.3,3.4,2.9,1.53,1.54,1.58,1.59,1.59,1.6,30.9,31.1,31.1,31.4,31.3,30.9,6.6,5.8,6.6,7.8,8.2,9.4,29,MB300-0113,4.622196878987512,,,,,,,,,2177.7928443088063,False,,,,,,,,,,,,,,,,,,1199.73412108042,False,True,,,,,,,,UNKNOWN
MASTER_04_13,4,13,21.81684,80.230327,3693.964844,174.226761,0,890,0.09,0.077387,0.105763,0.112071,0.254567,0.228664,0.152584,0.11942,0.134029,0.10443,0.232672,0.16224,0.09284,0.117618,0.037946,0.124611,0.020585,0.389473,-0.410968,-0.366505,0.011483,0.663832,0.90769,1.438284,4.311949,0.379571,-0.26675,-0.084578,-0.141943,0.569792,0.694011,0.870964,9.808093,-0.009902,0.144218,0.281927,-0.153426,-0.09404,-0.21368,-0.56732,0.006993,-0.017361,5.4648,-0.021895,-0.066424,0.508259,0.6097,0.468638,0.025843,0,sparse_vegetation,grade_B_blast_furnace_25to44,25-44% Mn (BF + Medium grade),0.352,39.32,1625.07,1432.68,104.75,293.23,736.99,4.46,6,0.2525,0.5004,0.1417,0.126,30.03,48.93,0.434,GRID_300M_04_13,143.97379547067985,7.5,7.6,7.6,7.7,7.8,7.9,39.4,41.3,42.6,46.0,44.1,44.2,18.6,18.0,17.1,16.0,17.7,18.0,41.9,40.7,40.3,38.0,38.2,37.7,14.4,9.3,6.6,5.6,3.4,2.9,1.53,1.55,1.58,1.6,1.6,1.6,31.0,31.2,31.2,31.5,31.5,30.9,6.8,6.1,6.7,8.0,8.2,9.2,29,MB300-0114,2.579054689022681,,,,,,,,,2179.841552487301,False,,,,,,,,,,,,,,,,,,1197.7338124428259,False,True,,,,,,,,UNKNOWN
MASTER_04_14,4,14,21.816847,80.233233,3735.245361,169.65097,0,889,0.09,0.085334,0.116202,0.130439,0.270426,0.258686,0.18,0.15468,0.170343,0.143944,0.261156,0.186558,0.12562,0.119426,0.035419,0.146462,0.022434,0.355352,-0.398777,-0.375035,0.03704,0.688802,0.959288,1.509134,5.011855,0.319145,-0.229904,-0.046146,-0.130075,0.633321,0.698341,0.923265,12.091133,-0.036207,0.168873,0.328888,-0.167116,-0.055481,-0.260948,-0.585868,0.027036,-0.012985,7.072546,-0.009271,-0.072127,0.524909,0.6303,0.491293,0.057368,0,waterlogged,grade_B_blast_furnace_25to44,25-44% Mn (BF + Medium grade),0.313,39.32,1625.07,1432.68,104.75,293.23,736.99,4.46,6,0.2525,0.5004,0.1417,0.126,30.03,48.93,0.434,GRID_300M_04_14,144.5676999784933,7.5,7.6,7.6,7.7,7.7,7.8,39.0,41.0,42.4,45.3,43.4,43.8,18.4,17.7,16.8,16.0,17.7,18.0,42.6,41.3,40.9,38.7,38.9,38.3,15.5,9.3,6.5,5.5,3.3,2.8,1.52,1.55,1.58,1.6,1.6,1.6,31.4,31.5,31.5,31.7,31.8,31.2,7.2,6.6,7.3,8.4,8.9,10.1,29,MB300-0115,1.922365564606209,,,,,,,,,2180.518463700122,False,,,,,,,,,,,,,,,,,,1193.8031961552444,False,True,,,,,,,,UNKNOWN
MASTER_04_15,4,15,21.816842,80.236156,3801.385742,165.183029,0,892,0.09,0.091467,0.119039,0.139796,0.249409,0.272989,0.199684,0.110967,0.130879,0.102895,0.242122,0.146818,0.083244,0.112211,0.021957,0.139691,0.024036,0.282218,-0.350235,-0.390003,0.091602,0.726583,1.113227,1.516904,9.277557,0.403636,-0.296747,-0.04456,-0.176235,0.559442,0.601735,0.927165,9.466817,0.121418,0.053488,0.345443,-0.267837,-0.16714,-0.511491,-0.589739,0.02748,0.002079,0.262756,-0.007287,-0.126171,0.544221,0.6083,0.511825,0.206278,1,waterlogged,grade_B_blast_furnace_25to44,25-44% Mn (BF + Medium grade),0.294,39.32,1625.07,1432.68,104.75,293.23,736.99,4.46,6,0.2525,0.5004,0.1417,0.126,30.03,48.93,0.434,GRID_300M_04_15,144.75249676284608,7.5,7.6,7.7,7.7,7.7,7.8,38.8,40.8,42.2,44.6,42.5,43.0,18.3,17.5,16.6,16.1,17.9,18.2,42.8,41.6,41.2,39.3,39.6,38.9,15.6,10.0,6.5,5.5,3.1,2.5,1.52,1.55,1.58,1.6,1.61,1.6,31.8,31.7,31.5,31.8,31.8,31.2,7.8,7.4,8.1,9.0,9.6,10.8,29,MB300-0116,2.7985762515270554,,,,,,,,,2182.698787904137,False,,,,,,,,,,,,,,,,,,1194.4636044691208,False,True,,,,,,,,UNKNOWN
MASTER_04_16,4,16,21.816826,80.239043,3889.783691,160.950165,0,869,0.09,0.092675,0.119104,0.1428,0.240398,0.27313,0.203666,0.098625,0.123454,0.094887,0.242186,0.141892,0.077601,0.119707,0.023275,0.125517,0.02137,0.255524,-0.334385,-0.389183,0.107884,0.743548,1.14616,1.530231,8.654068,0.433229,-0.320594,-0.060832,-0.1811,0.547263,0.585355,0.958051,9.812071,0.177705,0.013791,0.328352,-0.288984,-0.196285,-0.560806,-0.57218,0.00581,-0.001906,1.040026,0.001788,-0.131238,0.550838,0.6166,0.507203,0.257768,1,waterlogged,grade_B_blast_furnace_25to44,25-44% Mn (BF + Medium grade),0.219,39.32,1625.07,1432.68,104.75,293.23,736.99,4.46,6,0.2525,0.5004,0.1417,0.126,30.03,48.93,0.434,GRID_300M_04_16,142.16152281055648,7.5,7.6,7.7,7.7,7.7,7.8,39.6,41.5,42.9,45.1,42.7,43.1,18.3,17.5,16.5,15.9,17.9,18.3,42.0,40.9,40.7,39.0,39.4,38.6,15.3,10.2,6.4,5.5,3.0,2.2,1.53,1.56,1.59,1.6,1.61,1.61,32.4,32.3,32.0,32.2,32.1,31.5,8.1,7.7,8.6,9.9,10.5,11.8,29,MB300-0117,3.7718470222821736,,,,,,,,,2185.8749608236394,False,,,,,,,,,,,,,,,,,,1192.2412293824607,False,True,,,,,,,,UNKNOWN
MASTER_04_17,4,17,21.816853,80.241911,3993.273682,156.925323,0,871,0.09,0.088053,0.11547,0.133229,0.24562,0.258646,0.189047,0.090595,0.114982,0.089693,0.222088,0.140953,0.079225,0.102359,0.019803,0.136472,0.021989,0.296787,-0.357593,-0.381403,0.078345,0.727615,1.069257,1.504138,8.033329,0.419882,-0.311577,-0.08055,-0.157045,0.560051,0.626387,0.986156,11.501287,0.123094,0.046016,0.300853,-0.23539,-0.167564,-0.44287,-0.517982,0.034113,0.002186,3.370372,-0.023532,-0.117694,0.536429,0.6085,0.487336,0.19403,1,sparse_vegetation,grade_B_blast_furnace_25to44,25-44% Mn (BF + Medium grade),0.282,39.47,1625.07,1432.68,104.75,293.23,736.99,4.46,6,0.2525,0.5004,0.1417,0.126,30.03,48.93,0.434,GRID_300M_04_17,142.98510656509484,7.5,7.6,7.6,7.7,7.7,7.8,40.3,42.2,43.4,45.5,42.7,43.1,18.7,17.9,16.7,16.0,18.1,18.5,41.1,40.0,40.0,38.5,39.2,38.4,15.5,10.2,6.3,5.9,2.9,2.2,1.54,1.57,1.6,1.61,1.61,1.61,32.2,32.3,32.1,32.2,32.1,31.5,8.6,7.8,9.1,10.5,11.1,13.0,29,MB300-0118,3.030183173707108,,,,,,,,,2184.3221522243025,False,,,,,,,,,,,,,,,,,,1195.2686344183207,False,True,,,,,,,,UNKNOWN
MASTER_04_18,4,18,21.816889,80.244813,4116.066895,153.072632,0,903,0.09,0.100002,0.131731,0.156613,0.277496,0.3202,0.254183,0.107558,0.129009,0.105956,0.257918,0.201178,0.128272,0.127252,0.021751,0.172456,0.031515,0.286588,-0.357617,-0.416164,0.109189,0.786815,1.159728,1.54898,8.532649,0.416664,-0.326235,-0.194969,-0.097537,0.620228,0.767781,0.982142,8.631979,0.130076,0.031382,0.221195,-0.206726,-0.166587,-0.391946,-0.566839,0.045203,0.009764,0.169423,-0.019578,-0.119022,0.542136,0.6173,0.435983,0.282392,1,sparse_vegetation,grade_B_blast_furnace_25to44,25-44% Mn (BF + Medium grade),0.223,39.47,1625.07,1432.68,104.75,293.23,736.99,4.46,6,0.2525,0.5004,0.1417,0.126,30.03,48.93,0.434,GRID_300M_04_18,146.34380189116743,7.5,7.5,7.6,7.7,7.7,7.8,40.2,42.3,43.4,45.3,42.3,42.6,19.0,18.2,17.1,16.4,18.4,18.8,40.7,39.5,39.6,38.3,39.3,38.6,18.4,11.2,7.4,7.5,5.3,4.6,1.56,1.57,1.59,1.61,1.62,1.62,31.9,32.2,32.1,32.1,32.0,31.4,11.0,10.6,13.0,13.7,14.0,15.3,29,MB300-0119,2.4407290478082215,,,,,,,,,2209.3230688500053,False,,,,,,,,,,,,,,,,,,1199.2880319737762,False,True,,,,,,,,UNKNOWN
MASTER_04_19,4,19,21.81692,80.247708,4256.489746,149.468704,0,883,0.09,0.107352,0.141959,0.179725,0.297355,0.33962,0.260669,0.097519,0.121918,0.093868,0.257346,0.167406,0.100667,0.111781,0.02495,0.158601,0.028244,0.25157,-0.353198,-0.409212,0.120603,0.76695,1.147243,1.660315,6.230904,0.467309,-0.356033,-0.143905,-0.159562,0.588626,0.645498,0.963556,10.077705,0.215739,-0.002835,0.265308,-0.280165,-0.178324,-0.501745,-0.696759,0.04682,0.003295,3.846984,-0.04001,-0.172214,0.568123,0.6258,0.470629,0.442809,1,sparse_vegetation,grade_B_blast_furnace_25to44,25-44% Mn (BF + Medium grade),0.236,39.47,1625.07,1432.68,104.75,293.23,736.99,4.46,6,0.2525,0.5004,0.1417,0.126,30.03,48.93,0.434,GRID_300M_04_19,148.8934266511402,7.4,7.5,7.5,7.6,7.7,7.7,40.0,42.1,43.4,45.5,42.4,43.1,19.1,18.3,17.1,16.4,18.3,18.6,40.9,39.6,39.5,38.1,39.3,38.2,18.6,11.1,7.9,7.6,4.3,3.6,1.54,1.56,1.59,1.61,1.61,1.61,31.4,31.9,31.8,31.8,31.8,31.3,11.8,12.0,15.1,15.4,15.6,15.9,29,MB300-0120,3.9504142580389043,,,,,,,,,2274.2604588724907,False,,,,,,,,,,,,,,,,,,1203.3145231433389,False,True,,,,,,,,UNKNOWN
MASTER_04_20,4,20,21.81694,80.250624,4414.813965,146.094452,0,877,0.09,0.09369,0.125359,0.148939,0.276839,0.296775,0.222357,0.089032,0.117366,0.093772,0.245916,0.180941,0.11033,0.104632,0.02544,0.160452,0.02413,0.312082,-0.378854,-0.398453,0.079598,0.737373,1.066715,1.563072,6.453345,0.447347,-0.352074,-0.198576,-0.105704,0.599573,0.736481,1.046874,11.130414,0.135265,0.02678,0.199877,-0.185303,-0.1378,-0.330234,-0.516198,0.055819,-0.00131,4.601023,-0.030923,-0.115834,0.54111,0.642,0.426612,0.201824,1,sparse_vegetation,grade_B_blast_furnace_25to44,25-44% Mn (BF + Medium grade),0.246,39.06,1625.07,1432.68,104.75,293.23,736.99,4.46,6,0.2525,0.5004,0.1417,0.126,30.03,48.93,0.434,GRID_300M_04_20,151.26417817273514,7.3,7.4,7.5,7.5,7.6,7.6,39.5,41.5,43.3,45.4,42.6,43.4,19.2,18.4,17.1,16.5,18.2,18.5,41.3,40.1,39.6,38.0,39.3,38.1,17.3,10.4,7.2,6.1,3.8,3.5,1.53,1.55,1.57,1.59,1.6,1.6,31.2,31.7,31.7,31.7,31.7,31.6,12.0,12.7,16.3,15.9,15.5,16.2,29,MB300-0121,3.6751897327710323,,,,,,,,,2377.3672998301204,False,,,,,,,,,,,,,,,,,,1202.523921061418,False,True,,,,,,,,UNKNOWN
MASTER_04_21,4,21,21.816928,80.253557,4591.298828,142.97139,0,898,0.09,0.079959,0.108523,0.113502,0.276624,0.250787,0.17861,0.088544,0.11795,0.093104,0.266149,0.217613,0.126232,0.107448,0.028384,0.163212,0.031993,0.422443,-0.435255,-0.381244,-0.001292,0.696008,0.906714,1.402056,5.400668,0.466367,-0.37144,-0.286875,-0.063854,0.578899,0.831603,1.048894,8.517453,0.043924,0.063815,0.094369,-0.062562,-0.117109,-0.075111,-0.353162,0.055764,0.003609,3.099248,-0.010475,-0.033174,0.490234,0.6064,0.360537,0.016704,0,sparse_vegetation,grade_B_blast_furnace_25to44,25-44% Mn (BF + Medium grade),0.295,39.06,1625.07,1432.68,104.75,293.23,736.99,4.46,6,0.2525,0.5004,0.1417,0.126,30.03,48.93,0.434,GRID_300M_04_21,151.10831476478114,7.4,7.4,7.4,7.4,7.5,7.6,39.5,41.2,43.4,45.6,42.7,43.6,19.4,18.8,17.2,16.8,18.3,18.7,41.1,40.0,39.4,37.7,39.0,37.7,17.1,10.5,6.8,5.7,3.6,3.4,1.52,1.54,1.56,1.59,1.6,1.6,31.1,31.5,31.5,31.5,31.5,31.4,12.2,12.9,17.2,16.7,15.9,16.7,29,MB300-0122,1.5134985696572083,,,,,,,,,2516.5404786986164,False,,,,,,,,,,,,,,,,,,1197.2489584733873,False,True,,,,,,,,UNKNOWN
MASTER_04_22,4,22,21.81693,80.256478,4778.366699,140.088562,0,895,0.09,0.08409,0.111749,0.125776,0.279478,0.299081,0.22431,0.08075,0.104219,0.075092,0.272165,0.192804,0.106858,0.093886,0.0227,0.189529,0.035088,0.387549,-0.427522,-0.448946,0.065136,0.736395,1.086116,1.461609,5.94808,0.559375,-0.436934,-0.284284,-0.140348,0.548619,0.712275,0.927074,9.676598,0.171826,-0.009411,0.164662,-0.205483,-0.187776,-0.373841,-0.534535,0.095642,0.012388,3.684541,-0.007312,-0.106278,0.514419,0.6805,0.400589,0.127374,1,sparse_vegetation,grade_B_blast_furnace_25to44,25-44% Mn (BF + Medium grade),0.27,38.65,1625.07,1432.68,104.75,293.23,736.99,4.46,6,0.2525,0.5004,0.1417,0.126,30.03,48.93,0.434,GRID_300M_04_22,151.8784683321559,7.4,7.4,7.5,7.5,7.5,7.6,39.7,41.3,43.8,46.3,43.6,44.2,19.6,19.0,17.2,16.6,18.1,18.6,40.6,39.7,38.9,37.1,38.3,37.2,17.1,10.7,6.8,5.6,3.3,3.1,1.52,1.54,1.57,1.59,1.6,1.6,31.7,31.8,31.8,31.7,31.8,31.6,12.1,12.7,17.2,17.0,16.1,16.9,29,MB300-0123,3.3969039502755134,,,,,,,,,2680.8734720748503,False,,,,,,,,,,,,,,,,,,1199.2508050916128,False,True,,,,,,,,UNKNOWN
MASTER_04_23,4,23,21.816912,80.259358,4975.513184,137.481659,0,875,0.09,0.091408,0.117982,0.141193,0.272415,0.319938,0.237927,0.109534,0.130615,0.101768,0.278753,0.199193,0.114761,0.101442,0.022097,0.158211,0.02794,0.319499,-0.394468,-0.458214,0.113619,0.740804,1.185083,1.532714,6.473071,0.483171,-0.372765,-0.212579,-0.136126,0.565456,0.710372,0.920804,8.721442,0.163672,0.021703,0.245634,-0.249745,-0.175348,-0.474711,-0.611911,0.056769,0.005843,2.248154,0.006339,-0.120745,0.545359,0.6062,0.44423,0.163429,1,sparse_vegetation,grade_B_blast_furnace_25to44,25-44% Mn (BF + Medium grade),0.264,38.65,1625.07,1432.68,104.75,293.23,736.99,4.46,6,0.2525,0.5004,0.1417,0.126,30.03,48.93,0.434,GRID_300M_04_23,148.7996219877749,7.4,7.4,7.5,7.5,7.5,7.6,39.2,40.9,44.3,46.6,44.1,44.7,20.0,19.4,17.3,16.7,18.1,18.6,40.8,39.8,38.3,36.7,37.8,36.6,16.1,10.6,6.9,5.8,3.3,2.9,1.52,1.55,1.58,1.6,1.61,1.61,31.6,31.8,31.9,31.7,31.7,31.5,12.5,12.8,16.8,17.3,16.2,16.6,29,MB300-0124,4.354515644986567,,,,,,,,,2866.5711467113592,False,,,,,,,,,,,,,,,,,,1196.8081036796184,False,True,,,,,,,,UNKNOWN
MASTER_04_24,4,24,21.816941,80.261836,5149.196289,135.3629,0,645,0.09,0.085798,0.114506,0.130889,0.274786,0.286823,0.206216,0.08225,0.104226,0.073667,0.25771,0.158022,0.086113,0.101688,0.024573,0.148108,0.027276,0.360202,-0.411933,-0.424089,0.066566,0.711461,1.048482,1.509286,6.163254,0.548555,-0.41743,-0.194479,-0.190459,0.545638,0.612738,0.891925,8.778885,0.188353,-0.005498,0.22961,-0.257025,-0.165823,-0.435744,-0.617362,0.04642,0.002704,2.586967,-0.017076,-0.128801,0.528646,0.6102,0.446108,0.075969,0,sparse_vegetation,grade_B_blast_furnace_25to44,25-44% Mn (BF + Medium grade),0.294,38.65,1625.07,1432.68,104.75,293.23,736.99,4.46,6,0.2525,0.5004,0.1417,0.126,30.03,48.93,0.434,GRID_300M_04_24,139.67618496962342,7.5,7.5,7.5,7.5,7.6,7.7,39.0,40.9,44.5,46.8,44.3,44.8,20.1,19.4,17.2,16.6,18.0,18.5,40.9,39.8,38.3,36.6,37.7,36.6,15.1,10.1,6.6,5.8,3.2,2.8,1.53,1.54,1.58,1.59,1.6,1.6,31.6,31.6,31.6,31.6,31.6,31.4,12.6,12.5,16.2,17.6,16.7,16.7,29,MB300-0125,42.8455449979353,,,,,,,,,3037.0675503159837,False,,,,,,,,,,,,,,,,,,1199.8124098318538,False,True,,,,,,,,UNKNOWN
MASTER_05_00,5,0,21.819399,80.192926,4860.270508,225.753983,0,667,0.09,0.11914,0.140027,0.152536,0.239008,0.264417,0.231405,0.474625,0.439596,0.410569,0.407255,0.386208,0.336264,0.345046,0.049962,0.784007,0.108353,0.214585,-0.242747,-0.291886,0.066639,0.860391,1.127256,1.258707,8.873471,0.001796,0.033111,0.052289,-0.04604,0.866724,0.965046,0.86793,9.144286,-0.21279,0.275858,0.344175,-0.112679,0.006333,-0.16221,-0.390777,0.438961,0.058391,0.311652,0.168247,0.121791,0.487797,0.667,0.51081,0.074963,0,waterlogged,grade_B_blast_furnace_25to44,25-44% Mn (BF + Medium grade),0.224,37.23,1625.07,1432.68,104.75,293.23,736.99,4.46,6,0.2525,0.5004,0.1417,0.126,30.03,48.93,0.434,GRID_300M_05_00,156.1130143069778,,,,,,,,,,,,,,,,,,,,,,,,,,,,,,,,,,,,,,,,,,,,,,,,,29,MB300-0126,36.52120525047479,,,,,,,,,2747.8562340445237,False,,,,,,,,,,,,,,,,,,1210.1598302697073,False,True,,,,,,,,UNKNOWN
MASTER_05_01,5,1,21.819391,80.195478,4676.192871,223.498367,0,858,0.09,0.11794,0.141852,0.152998,0.247658,0.264905,0.229188,0.272231,0.253699,0.232433,0.250862,0.240772,0.202218,0.183325,0.04166,0.293505,0.073863,0.235519,-0.257663,-0.28269,0.054647,0.852084,1.075615,1.279807,6.413883,0.043942,0.001967,0.023178,-0.051523,0.829091,0.963943,0.854122,5.172641,-0.191577,0.25963,0.305867,-0.10617,-0.022993,-0.111672,-0.425685,0.11018,0.032203,-1.222366,0.003204,-0.024134,0.485683,0.6171,0.493498,0.12704,1,waterlogged,grade_B_blast_furnace_25to44,25-44% Mn (BF + Medium grade),0.177,37.23,1625.07,1432.68,104.75,293.23,736.99,4.46,6,0.2525,0.5004,0.1417,0.126,30.03,48.93,0.434,GRID_300M_05_01,132.28582644270836,,,,,,,,,,,,,,,,,,,,,,,,,,,,,,,,,,,,,,,,,,,,,,,,,29,MB300-0127,3.345987190046897,,,,,,,,,2563.0243678835523,False,,,,,,,,,,,,,,,,,,1206.8255381621002,False,True,,,,,,,,UNKNOWN
MASTER_05_02,5,2,21.819366,80.198377,4477.854492,220.700729,0,874,0.09,0.104032,0.130157,0.144372,0.277287,0.294544,0.234816,0.236889,0.211777,0.184436,0.200912,0.166402,0.123348,0.231744,0.040354,0.345559,0.079311,0.320695,-0.362775,-0.392694,0.066927,0.789922,1.082416,1.388795,6.517386,0.055755,0.018645,0.112898,-0.112845,0.715283,0.832031,0.774934,7.088844,-0.26494,0.38142,0.505592,-0.179773,-0.074639,-0.250385,-0.61386,0.113815,0.038957,0.567982,-0.076375,-0.128142,0.503702,0.663,0.574061,0.006865,0,water_body,grade_B_blast_furnace_25to44,25-44% Mn (BF + Medium grade),0.325,37.71,1625.07,1432.68,104.75,293.23,736.99,4.46,6,0.2525,0.5004,0.1417,0.126,30.03,48.93,0.434,GRID_300M_05_02,129.44932961327697,,,,,,,,,,,,,,,,,,,,,,,,,,,,,,,,,,,,,,,,,,,,,,,,,29,MB300-0128,1.1272318994770911,,,,,,,,,2372.6335046915838,False,,,,,,,,,,,,,,,,,,1204.2741607905564,False,True,,,,,,,,UNKNOWN
MASTER_05_03,5,3,21.819365,80.201245,4291.204102,217.706802,0,895,0.09,0.094178,0.120064,0.13573,0.266351,0.296239,0.230368,0.678072,0.600443,0.547388,0.498423,0.388613,0.30057,0.196807,0.037657,0.292409,0.080997,0.334281,-0.382939,-0.425663,0.084054,0.769572,1.126433,1.435912,7.55387,-0.041989,0.093453,0.214624,-0.117892,0.752735,0.785571,0.800481,7.459695,-0.376271,0.476392,0.640287,-0.201945,-0.016836,-0.340862,-0.63543,0.095602,0.04334,-0.04834,0.232072,0.092373,0.516901,0.6514,0.634143,0.0,0,water_body,non_ore,Background,0.292,37.71,1625.07,1432.68,104.75,293.23,736.99,4.46,6,0.2525,0.5004,0.1417,0.126,30.03,48.93,0.434,GRID_300M_05_03,127.06749909391624,7.5,7.5,7.6,7.6,7.7,7.8,43.1,44.1,46.1,47.0,46.1,47.0,16.4,16.3,15.1,15.1,16.0,16.8,40.5,39.5,38.8,37.9,37.9,36.2,14.6,9.3,6.1,5.6,3.0,2.4,1.55,1.58,1.61,1.64,1.64,1.65,31.0,31.2,31.1,31.2,31.1,31.5,9.8,9.1,9.8,12.8,13.5,14.4,29,MB300-0129,4.98256309864122,,,,,,,,,2205.9769496333984,False,,,,,,,,,,,,,,,,,,1204.0850687796851,False,True,,,,,,,,UNKNOWN
MASTER_05_04,5,4,21.819395,80.204182,4110.334961,214.395874,0,910,0.09,0.070048,0.094729,0.088545,0.283511,0.211351,0.138528,0.711482,0.615149,0.545711,0.518653,0.378994,0.285393,0.124189,0.030155,0.182955,0.029591,0.518902,-0.491721,-0.373148,-0.08985,0.642387,0.77773,1.239361,5.882392,-0.023535,0.084873,0.23751,-0.14294,0.749198,0.733091,0.76639,10.149475,-0.542437,0.576594,0.610658,-0.053089,0.10681,-0.044639,-0.472972,0.058766,-0.000564,4.23208,0.235142,0.167643,0.442265,0.6018,0.608692,0.0,0,water_body,non_ore,Background,0.356,37.71,1625.07,1432.68,104.75,293.23,736.99,4.46,6,0.2525,0.5004,0.1417,0.126,30.03,48.93,0.434,GRID_300M_05_04,131.48850507886533,7.5,7.6,7.7,7.6,7.7,7.8,42.9,44.3,46.0,47.6,46.4,47.0,17.2,17.0,15.9,15.3,16.3,17.0,39.9,38.7,38.1,37.1,37.2,36.0,14.6,9.6,6.4,5.6,3.1,2.4,1.54,1.58,1.6,1.63,1.63,1.64,31.5,31.3,31.1,31.1,31.1,31.5,7.3,6.6,7.1,9.9,10.5,12.0,29,MB300-0130,1.127231898222508,,,,,,,,,2062.4978990972886,False,,,,,,,,,,,,,,,,,,1204.3808702335077,False,True,,,,,,,,UNKNOWN
MASTER_05_05,5,5,21.819454,80.20708,3943.74707,210.868652,0,887,0.09,0.089713,0.11451,0.137339,0.249044,0.299391,0.227786,0.839328,0.721978,0.641836,0.597316,0.425005,0.328778,0.108508,0.019379,0.193122,0.033442,0.287208,-0.366239,-0.445727,0.12541,0.759601,1.223556,1.523169,9.845863,-0.029892,0.091305,0.252915,-0.148358,0.769979,0.717714,0.761174,9.065531,-0.3171,0.457544,0.698642,-0.273768,0.010378,-0.505842,-0.761994,0.084614,0.014063,-0.740379,0.348272,0.125615,0.548347,0.6219,0.668563,0.0,0,water_body,non_ore,Background,0.284,38.74,1625.07,1432.68,104.75,293.23,736.99,4.46,6,0.2525,0.5004,0.1417,0.126,30.03,48.93,0.434,GRID_300M_05_05,136.5623242993198,7.5,7.6,7.7,7.6,7.7,7.8,41.8,43.6,45.3,46.2,45.3,45.8,17.6,17.1,16.0,15.7,16.8,17.4,40.6,39.3,38.7,38.0,37.8,36.7,15.6,10.2,6.4,5.2,3.2,2.4,1.53,1.56,1.59,1.61,1.61,1.62,31.0,30.7,30.7,30.5,30.6,30.8,6.4,6.0,6.2,7.2,7.4,9.3,29,MB300-0131,4.138570940392606,,,,,,,,,1953.926740177573,False,,,,,,,,,,,,,,,,,,1209.0915550916327,False,True,,,,,,,,UNKNOWN
MASTER_05_06,5,6,21.81945,80.210001,3798.554443,206.966324,0,895,0.09,0.093094,0.120282,0.141516,0.265031,0.292725,0.214403,0.908626,0.787746,0.702484,0.677079,0.48944,0.383853,0.121462,0.025505,0.160466,0.025873,0.307282,-0.374867,-0.415042,0.091021,0.726054,1.126502,1.506947,7.474259,-0.010114,0.068862,0.223941,-0.140383,0.781931,0.729478,0.774798,10.492038,-0.317396,0.44373,0.638983,-0.231405,0.055877,-0.397024,-0.732149,0.039003,0.000368,2.95848,0.412049,0.196715,0.53979,0.6154,0.640615,0.0,0,water_body,non_ore,Background,0.332,38.74,1625.07,1432.68,104.75,293.23,736.99,4.46,6,0.2525,0.5004,0.1417,0.126,30.03,48.93,0.434,GRID_300M_05_06,136.8651669016407,7.5,7.6,7.6,7.6,7.7,7.8,41.8,43.6,45.2,46.1,45.2,45.9,17.9,17.5,16.1,15.8,17.1,17.6,40.3,38.9,38.7,38.0,37.6,36.5,16.2,10.5,6.2,5.1,3.5,2.7,1.52,1.54,1.58,1.59,1.6,1.6,30.6,30.6,30.5,30.3,30.3,30.5,7.5,7.1,7.6,8.8,8.7,10.6,29,MB300-0132,2.310472080918364,,,,,,,,,1893.7650356110364,False,,,,,,,,,,,,,,,,,,1243.2268627781277,False,True,,,,,,,,UNKNOWN
MASTER_05_07,5,7,21.819452,80.212927,3671.407715,202.771133,0,886,0.09,0.107458,0.140605,0.174731,0.26679,0.337128,0.260617,0.501383,0.43612,0.369615,0.445681,0.321052,0.233906,0.082585,0.017513,0.181979,0.035536,0.212189,-0.311469,-0.412956,0.154354,0.772645,1.274953,1.618587,7.860528,0.161937,-0.066503,0.10207,-0.163011,0.69547,0.715156,0.742809,8.128125,-0.050252,0.244965,0.515026,-0.317366,-0.077175,-0.559797,-0.875779,0.099394,0.018023,0.346659,0.178892,-0.016076,0.576732,0.6601,0.595583,0.159142,1,water_body,grade_B_blast_furnace_25to44,25-44% Mn (BF + Medium grade),0.293,38.74,1625.07,1432.68,104.75,293.23,736.99,4.46,6,0.2525,0.5004,0.1417,0.126,30.03,48.93,0.434,GRID_300M_05_07,137.9673807126101,7.4,7.5,7.6,7.7,7.7,7.8,41.1,42.5,43.7,45.6,44.6,45.1,18.0,17.9,16.9,16.1,17.4,17.8,40.9,39.6,39.3,38.4,38.0,37.0,16.1,10.3,6.1,5.1,3.7,2.9,1.52,1.54,1.58,1.59,1.6,1.6,30.5,30.5,30.4,30.2,30.3,30.4,7.4,7.1,7.5,8.8,8.9,10.8,29,MB300-0133,3.3969039483557184,,,,,,,,,1880.0515122743616,False,,,,,,,,,,,,,,,,,,1346.7456847351896,False,True,,,,,,,,UNKNOWN
MASTER_05_08,5,8,21.819441,80.215823,3567.729492,198.341553,0,887,0.09,0.095313,0.128641,0.150599,0.285888,0.288871,0.209431,0.133161,0.141972,0.110916,0.245481,0.160194,0.094129,0.139414,0.029826,0.186217,0.030268,0.318129,-0.379665,-0.382858,0.063244,0.717223,1.027879,1.551716,7.017778,0.375554,-0.263678,-0.0478,-0.170041,0.58271,0.648464,0.83486,9.877464,0.057424,0.115987,0.335057,-0.233285,-0.134513,-0.379415,-0.716857,0.046803,0.000442,2.838824,-0.040407,-0.128677,0.537925,0.6419,0.50304,0.131905,1,waterlogged,grade_B_blast_furnace_25to44,25-44% Mn (BF + Medium grade),0.335,39.15,1625.07,1432.68,104.75,293.23,736.99,4.46,6,0.2525,0.5004,0.1417,0.126,30.03,48.93,0.434,GRID_300M_05_08,136.27563224309154,7.5,7.6,7.7,7.7,7.8,7.9,40.4,41.8,43.4,45.7,44.4,44.9,18.3,18.2,16.9,16.0,17.4,17.8,41.3,40.0,39.7,38.4,38.2,37.3,15.9,10.2,6.2,5.0,3.3,2.4,1.52,1.54,1.57,1.59,1.6,1.6,30.6,30.4,30.3,30.0,30.1,30.2,7.0,6.6,7.0,8.0,8.3,10.1,29,MB300-0134,3.351374582213308,,,,,,,,,1882.8071695127717,False,,,,,,,,,,,,,,,,,,1488.1259357584895,False,True,,,,,,,,UNKNOWN
MASTER_05_09,5,9,21.819459,80.218686,3484.217041,193.742737,0,876,0.09,0.074279,0.104692,0.104563,0.27871,0.223126,0.14531,0.117142,0.127156,0.09656,0.219145,0.125026,0.070341,0.164783,0.051957,0.189197,0.026135,0.456841,-0.451744,-0.356545,-0.043931,0.644026,0.809856,1.386589,4.523517,0.384946,-0.26217,0.014271,-0.206113,0.563047,0.571341,0.822956,12.21849,-0.071894,0.189573,0.370816,-0.162182,-0.08098,-0.238515,-0.563633,0.024413,-0.025822,7.657784,-0.059565,-0.0981,0.481449,0.6392,0.515101,0.007991,0,waterlogged,grade_B_blast_furnace_25to44,25-44% Mn (BF + Medium grade),0.379,39.15,1625.07,1432.68,104.75,293.23,736.99,4.46,6,0.2525,0.5004,0.1417,0.126,30.03,48.93,0.434,GRID_300M_05_09,135.65694009625676,7.5,7.6,7.6,7.7,7.8,7.9,39.7,41.2,42.7,45.3,44.0,44.5,18.1,17.9,16.9,16.0,17.3,17.7,42.2,40.8,40.4,38.8,38.6,37.8,14.9,9.4,6.3,5.2,3.4,2.5,1.53,1.54,1.58,1.59,1.6,1.6,30.8,30.7,30.5,30.2,30.3,30.3,6.8,6.3,6.7,7.8,8.1,9.5,29,MB300-0135,2.0574314740103863,,,,,,,,,1882.224695187127,False,,,,,,,,,,,,,,,,,,1490.3642082713088,False,True,,,,,,,,UNKNOWN
MASTER_05_10,5,10,21.81945,80.221573,3426.74585,188.902466,0,898,0.09,0.07723,0.105163,0.112106,0.262334,0.236971,0.158498,0.11659,0.127915,0.098466,0.225223,0.132326,0.075641,0.133411,0.040585,0.175006,0.025878,0.405495,-0.4261,-0.38139,0.007308,0.662094,0.912569,1.429716,4.57221,0.388073,-0.271571,-0.00805,-0.196203,0.570019,0.588398,0.842448,11.408825,-0.017422,0.154529,0.37334,-0.20351,-0.092074,-0.324171,-0.587268,0.041595,-0.014707,6.747496,-0.03711,-0.104645,0.504468,0.6284,0.516892,0.032294,0,waterlogged,grade_B_blast_furnace_25to44,25-44% Mn (BF + Medium grade),0.344,39.15,1625.07,1432.68,104.75,293.23,736.99,4.46,6,0.2525,0.5004,0.1417,0.126,30.03,48.93,0.434,GRID_300M_05_10,133.72939414187368,7.5,7.6,7.6,7.7,7.8,7.8,39.0,40.9,42.2,45.1,43.7,44.2,18.3,17.8,16.9,16.0,17.4,17.7,42.6,41.3,40.9,38.9,38.9,38.2,14.7,8.8,6.4,5.2,3.5,2.6,1.53,1.54,1.59,1.6,1.6,1.61,31.0,31.3,31.0,30.9,30.9,30.8,6.4,5.8,6.6,7.7,8.1,9.1,29,MB300-0136,5.093423469244881,,,,,,,,,1884.729826693449,False,,,,,,,,,,,,,,,,,,1489.381947490085,False,True,,,,,,,,UNKNOWN
MASTER_05_11,5,11,21.819514,80.224476,3386.330078,183.913895,0,908,0.09,0.078592,0.108353,0.11444,0.261616,0.240761,0.162727,0.151758,0.159304,0.129158,0.243798,0.165962,0.110628,0.146152,0.044103,0.145672,0.02347,0.391818,-0.411384,-0.377032,0.018313,0.670242,0.934049,1.441441,4.56556,0.324719,-0.220465,-0.022631,-0.154242,0.647296,0.673758,0.845775,9.600026,-0.067099,0.190919,0.3544,-0.172555,-0.022946,-0.260291,-0.595666,-0.00048,-0.020633,5.026083,-0.017818,-0.074799,0.509323,0.6012,0.50387,0.04185,0,waterlogged,grade_B_blast_furnace_25to44,25-44% Mn (BF + Medium grade),0.339,39.29,1625.07,1432.68,104.75,293.23,736.99,4.46,6,0.2525,0.5004,0.1417,0.126,30.03,48.93,0.434,GRID_300M_05_11,139.73899980610642,7.5,7.6,7.6,7.7,7.8,7.9,39.7,41.6,43.0,45.6,43.9,44.3,18.3,17.7,16.6,15.9,17.4,17.7,42.0,40.7,40.4,38.5,38.7,37.9,14.2,8.7,6.4,5.2,3.5,3.1,1.53,1.54,1.58,1.59,1.59,1.6,30.3,31.0,30.8,31.1,31.0,30.9,6.2,5.6,6.5,8.0,8.6,9.7,29,MB300-0137,3.2861032344499344,,,,,,,,,1879.0554458430925,False,,,,,,,,,,,,,,,,,,1495.9567533649001,False,True,,,,,,,,UNKNOWN
MASTER_05_12,5,12,21.819536,80.227408,3376.647461,178.797318,0,891,0.09,0.078092,0.107416,0.114896,0.254035,0.230064,0.155299,0.174051,0.178036,0.147755,0.256792,0.178616,0.122716,0.126705,0.036473,0.135598,0.021767,0.376589,-0.403454,-0.36166,0.017557,0.671787,0.915035,1.464294,4.895417,0.290731,-0.194385,-0.003357,-0.149115,0.663185,0.683647,0.840732,10.17295,-0.085857,0.209069,0.358303,-0.166672,-0.008602,-0.231388,-0.623562,0.008892,-0.014706,5.264892,0.002757,-0.051448,0.513652,0.5934,0.508624,0.006734,0,waterlogged,grade_B_blast_furnace_25to44,25-44% Mn (BF + Medium grade),0.337,39.29,1625.07,1432.68,104.75,293.23,736.99,4.46,6,0.2525,0.5004,0.1417,0.126,30.03,48.93,0.434,GRID_300M_05_12,143.05198651675,7.5,7.6,7.6,7.7,7.8,7.9,39.6,41.4,42.9,45.8,43.8,44.1,18.3,17.7,16.7,15.9,17.6,17.9,42.0,40.8,40.4,38.3,38.6,38.0,14.3,8.9,6.3,5.0,3.3,2.9,1.52,1.54,1.57,1.59,1.59,1.6,30.6,30.8,30.8,31.0,31.0,30.7,6.7,6.1,6.8,8.4,8.8,9.9,29,MB300-0138,2.4512185637613872,,,,,,,,,1878.2643302504903,False,,,,,,,,,,,,,,,,,,1499.4005358917796,False,True,,,,,,,,UNKNOWN
MASTER_05_13,5,13,21.819541,80.230323,3395.749512,173.72348,0,896,0.09,0.075824,0.104445,0.107304,0.254163,0.223953,0.151355,0.224314,0.223644,0.191069,0.288034,0.218825,0.158803,0.111052,0.028207,0.136735,0.022903,0.404358,-0.41159,-0.359471,-0.000646,0.671265,0.896932,1.404286,5.615276,0.212675,-0.132282,0.009313,-0.114567,0.712967,0.75552,0.854409,10.732144,-0.191684,0.279308,0.368784,-0.113921,0.041701,-0.141411,-0.549877,0.025684,-0.005304,5.071167,0.033871,-0.005127,0.49732,0.5971,0.505769,0.03125,0,waterlogged,grade_B_blast_furnace_25to44,25-44% Mn (BF + Medium grade),0.348,39.29,1625.07,1432.68,104.75,293.23,736.99,4.46,6,0.2525,0.5004,0.1417,0.126,30.03,48.93,0.434,GRID_300M_05_13,143.88008011853688,7.6,7.6,7.7,7.7,7.8,7.9,39.4,41.3,42.6,45.6,43.5,43.7,18.5,17.8,17.0,16.1,17.9,18.2,42.0,40.8,40.5,38.3,38.6,38.1,14.4,9.2,6.4,5.1,3.3,2.9,1.52,1.54,1.58,1.6,1.6,1.6,31.1,31.1,31.1,31.3,31.3,31.0,6.8,6.2,6.7,8.0,8.4,9.3,29,MB300-0139,2.126326303734686,,,,,,,,,1879.3079690903348,False,,,,,,,,,,,,,,,,,,1498.4035394730834,False,True,,,,,,,,UNKNOWN
MASTER_05_14,5,14,21.819541,80.233238,3441.551025,168.747498,0,900,0.09,0.081976,0.111048,0.123429,0.261764,0.258719,0.182636,0.19871,0.199513,0.16471,0.282445,0.192274,0.124791,0.125807,0.036117,0.170339,0.025762,0.363534,-0.401846,-0.394615,0.045652,0.699298,1.003472,1.48175,5.119931,0.280809,-0.183319,0.02175,-0.158644,0.620993,0.665156,0.828404,11.050377,-0.082725,0.218527,0.416365,-0.204296,-0.078305,-0.338316,-0.653347,0.044532,-0.010354,5.901347,0.020681,-0.066444,0.520987,0.6395,0.534425,0.057778,0,waterlogged,grade_B_blast_furnace_25to44,25-44% Mn (BF + Medium grade),0.297,39.32,1625.07,1432.68,104.75,293.23,736.99,4.46,6,0.2525,0.5004,0.1417,0.126,30.03,48.93,0.434,GRID_300M_05_14,144.21702409185608,7.5,7.6,7.6,7.7,7.8,7.9,38.9,41.0,41.7,45.3,43.1,43.5,18.5,17.8,17.2,16.2,17.9,18.3,42.5,41.2,41.1,38.6,38.9,38.2,14.7,9.0,6.5,5.4,3.3,2.7,1.52,1.54,1.58,1.6,1.6,1.61,31.5,31.3,31.4,31.4,31.5,31.1,7.4,7.1,7.6,8.8,9.3,10.4,29,MB300-0140,2.686383712105453,,,,,,,,,1880.7973855475573,False,,,,,,,,,,,,,,,,,,1493.6963912980136,False,True,,,,,,,,UNKNOWN
MASTER_05_15,5,15,21.819532,80.236132,3512.883545,163.97699,0,883,0.09,0.08733,0.111857,0.132343,0.223935,0.258838,0.195058,0.145934,0.162079,0.130992,0.276599,0.182981,0.113534,0.103553,0.017444,0.169603,0.024071,0.254845,-0.329768,-0.395097,0.113716,0.752486,1.170568,1.510189,9.038359,0.37774,-0.275425,-0.063615,-0.156546,0.59372,0.651521,0.904335,11.183993,0.122894,0.054343,0.331482,-0.270262,-0.158766,-0.519047,-0.605854,0.06605,0.006627,2.189754,0.052664,-0.075856,0.548337,0.5945,0.504285,0.303511,1,waterlogged,grade_B_blast_furnace_25to44,25-44% Mn (BF + Medium grade),0.306,39.32,1625.07,1432.68,104.75,293.23,736.99,4.46,6,0.2525,0.5004,0.1417,0.126,30.03,48.93,0.434,GRID_300M_05_15,142.60932694520739,7.5,7.5,7.6,7.7,7.8,7.9,39.1,41.1,42.3,44.7,42.3,42.8,18.4,17.7,16.7,16.1,18.1,18.4,42.5,41.2,41.0,39.1,39.6,38.8,15.0,9.8,6.3,5.3,3.0,2.3,1.53,1.55,1.59,1.6,1.61,1.61,31.5,31.4,31.3,31.4,31.4,31.1,7.7,7.3,8.2,9.3,9.9,11.2,29,MB300-0141,3.075169628830811,,,,,,,,,1883.3273742179979,False,,,,,,,,,,,,,,,,,,1493.9162901183784,False,True,,,,,,,,UNKNOWN
MASTER_05_16,5,16,21.81955,80.239002,3603.883789,159.444717,0,879,0.09,0.085763,0.109772,0.128309,0.220349,0.249463,0.188095,0.11132,0.133758,0.104662,0.258215,0.15879,0.09038,0.130958,0.022328,0.166734,0.025172,0.262714,-0.331427,-0.388017,0.104807,0.752076,1.149401,1.490159,8.632258,0.425156,-0.317069,-0.072573,-0.173766,0.561988,0.607512,0.936815,10.054976,0.162442,0.014358,0.315443,-0.278573,-0.190088,-0.541889,-0.553344,0.035776,0.002844,1.39364,0.037866,-0.090673,0.542145,0.5966,0.499652,0.285552,1,sparse_vegetation,grade_B_blast_furnace_25to44,25-44% Mn (BF + Medium grade),0.21,39.32,1625.07,1432.68,104.75,293.23,736.99,4.46,6,0.2525,0.5004,0.1417,0.126,30.03,48.93,0.434,GRID_300M_05_16,142.63942185166658,7.5,7.6,7.6,7.7,7.8,7.8,39.9,41.9,43.0,45.1,42.4,42.8,18.5,17.7,16.7,16.1,18.2,18.6,41.5,40.4,40.4,38.8,39.4,38.6,15.2,10.4,6.3,5.3,3.0,2.2,1.54,1.57,1.6,1.61,1.62,1.61,32.2,32.3,32.0,32.0,31.9,31.4,9.7,8.7,10.3,11.4,11.7,13.3,29,MB300-0142,2.533189316590503,,,,,,,,,1882.6561229879512,False,,,,,,,,,,,,,,,,,,1495.4908726419526,False,True,,,,,,,,UNKNOWN
MASTER_05_17,5,17,21.819558,80.241903,3718.489502,155.122864,0,907,0.09,0.089361,0.115105,0.136187,0.227141,0.260063,0.200883,0.099633,0.123754,0.096723,0.2392,0.16619,0.094876,0.104289,0.018528,0.151636,0.025232,0.248308,-0.322713,-0.384237,0.110829,0.769926,1.163648,1.515465,10.013794,0.423738,-0.316539,-0.139994,-0.128118,0.568791,0.694707,0.970227,8.810508,0.17543,0.006174,0.244243,-0.238947,-0.201135,-0.468941,-0.545238,0.047347,0.006704,-1.147186,0.012059,-0.093873,0.546006,0.612,0.460077,0.329658,1,sparse_vegetation,grade_B_blast_furnace_25to44,25-44% Mn (BF + Medium grade),0.223,39.47,1625.07,1432.68,104.75,293.23,736.99,4.46,6,0.2525,0.5004,0.1417,0.126,30.03,48.93,0.434,GRID_300M_05_17,143.1309014145152,7.5,7.6,7.6,7.7,7.8,7.8,40.1,42.1,43.2,45.2,42.5,43.0,18.3,17.6,16.5,15.9,18.0,18.4,41.5,40.3,40.2,38.9,39.5,38.6,15.4,10.5,6.5,5.6,3.3,2.6,1.55,1.56,1.59,1.62,1.62,1.62,32.3,32.5,32.2,32.2,32.2,31.6,11.5,10.9,13.4,13.9,14.5,15.6,29,MB300-0143,3.047684152844863,,,,,,,,,1883.3169151717987,False,,,,,,,,,,,,,,,,,,1496.3886096531219,False,True,,,,,,,,UNKNOWN
MASTER_05_18,5,18,21.819626,80.244802,3847.092773,151.037598,0,900,0.09,0.098882,0.127997,0.149484,0.276304,0.313879,0.249253,0.141518,0.164092,0.141707,0.315887,0.269077,0.182131,0.12664,0.02305,0.232781,0.034471,0.304567,-0.367275,-0.417392,0.097358,0.78496,1.143009,1.497605,7.774071,0.388607,-0.321185,-0.248273,-0.054935,0.665954,0.861329,1.007569,9.151228,0.084039,0.046091,0.169119,-0.152293,-0.119005,-0.28168,-0.490036,0.106141,0.011421,1.365456,0.039583,-0.044802,0.529953,0.6254,0.401956,0.237778,1,sparse_vegetation,grade_B_blast_furnace_25to44,25-44% Mn (BF + Medium grade),0.221,39.47,1625.07,1432.68,104.75,293.23,736.99,4.46,6,0.2525,0.5004,0.1417,0.126,30.03,48.93,0.434,GRID_300M_05_18,149.62962733940927,7.5,7.5,7.5,7.6,7.7,7.7,40.1,42.1,43.2,45.2,42.3,42.6,19.0,18.1,17.0,16.4,18.3,18.7,41.0,39.7,39.8,38.4,39.4,38.7,19.0,11.5,8.1,8.1,5.1,4.2,1.54,1.56,1.58,1.6,1.61,1.61,32.0,32.4,32.1,32.1,32.1,31.4,11.5,11.5,14.2,15.5,15.4,16.3,29,MB300-0144,4.1182235635315,,,,,,,,,1909.2020239803749,False,,,,,,,,,,,,,,,,,,1503.9708530242574,False,True,,,,,,,,UNKNOWN
MASTER_05_19,5,19,21.819628,80.247724,4001.348633,147.261887,0,893,0.09,0.113243,0.144974,0.180616,0.291424,0.359858,0.297365,0.100567,0.125147,0.106189,0.283748,0.244174,0.170048,0.147852,0.026739,0.251151,0.035283,0.239513,-0.336409,-0.427476,0.141583,0.826113,1.24324,1.590184,8.027785,0.458618,-0.384703,-0.305339,-0.06074,0.666633,0.863997,1.038488,11.177889,0.219105,-0.048294,0.122137,-0.202322,-0.15948,-0.379243,-0.551696,0.103299,0.008544,3.123541,-0.007676,-0.115684,0.555982,0.6246,0.384952,0.468085,1,sparse_vegetation,grade_B_blast_furnace_25to44,25-44% Mn (BF + Medium grade),0.192,39.47,1625.07,1432.68,104.75,293.23,736.99,4.46,6,0.2525,0.5004,0.1417,0.126,30.03,48.93,0.434,GRID_300M_05_19,150.37933927288628,7.4,7.4,7.5,7.6,7.6,7.6,40.0,42.0,43.3,45.4,42.3,43.2,19.1,18.3,17.2,16.4,18.3,18.6,41.0,39.7,39.5,38.2,39.4,38.2,18.8,11.0,7.8,7.3,4.2,3.7,1.54,1.55,1.58,1.6,1.61,1.61,31.8,32.2,32.0,32.0,32.0,31.6,11.7,11.8,14.8,15.5,15.4,16.1,29,MB300-0145,2.2264000005088747,,,,,,,,,1988.3187676018972,False,,,,,,,,,,,,,,,,,,1504.7458167879045,False,True,,,,,,,,UNKNOWN
MASTER_05_20,5,20,21.819628,80.250641,4171.605957,143.787216,0,894,0.09,0.096972,0.129623,0.158945,0.271254,0.312204,0.240116,0.093843,0.120946,0.096528,0.245787,0.170989,0.101639,0.127648,0.021164,0.147525,0.02159,0.265994,-0.352698,-0.411139,0.117776,0.764026,1.166124,1.625022,7.705325,0.433551,-0.336457,-0.153517,-0.125459,0.585669,0.690636,1.024547,12.354658,0.167557,0.016241,0.257623,-0.243236,-0.178357,-0.475488,-0.600475,0.019876,0.000426,4.601787,-0.025467,-0.141215,0.561636,0.6304,0.460512,0.38255,1,sparse_vegetation,grade_B_blast_furnace_25to44,25-44% Mn (BF + Medium grade),0.249,39.47,1625.07,1432.68,104.75,293.23,736.99,4.46,6,0.2525,0.5004,0.1417,0.126,30.03,48.93,0.434,GRID_300M_05_20,150.76315740356355,7.4,7.4,7.4,7.5,7.6,7.6,39.6,41.6,43.4,45.6,42.6,43.4,19.3,18.5,17.2,16.5,18.2,18.6,41.1,39.9,39.4,37.9,39.2,37.9,17.5,10.3,7.0,5.8,3.5,3.2,1.53,1.55,1.57,1.59,1.6,1.6,31.5,32.1,32.0,31.9,32.0,31.7,12.2,12.7,16.4,15.5,15.5,16.4,29,MB300-0146,1.6430516180448873,,,,,,,,,2108.0573549092824,False,,,,,,,,,,,,,,,,,,1501.7318800964706,False,True,,,,,,,,UNKNOWN
MASTER_05_21,5,21,21.81963,80.253561,4355.882812,140.592102,0,897,0.09,0.08409,0.112976,0.1249,0.276512,0.27902,0.203493,0.087016,0.112843,0.084421,0.263192,0.187929,0.105624,0.117635,0.027512,0.191771,0.033424,0.380617,-0.418231,-0.419196,0.051154,0.722542,1.021459,1.468975,6.096785,0.507436,-0.39261,-0.23549,-0.12758,0.559887,0.714278,0.967525,8.021368,0.126819,0.02562,0.183706,-0.178733,-0.162655,-0.307181,-0.501451,0.074136,0.005912,1.940526,-0.013321,-0.091092,0.514343,0.6103,0.412727,0.069119,0,sparse_vegetation,grade_B_blast_furnace_25to44,25-44% Mn (BF + Medium grade),0.319,39.06,1625.07,1432.68,104.75,293.23,736.99,4.46,6,0.2525,0.5004,0.1417,0.126,30.03,48.93,0.434,GRID_300M_05_21,151.4841570697718,7.4,7.4,7.5,7.4,7.5,7.6,39.0,40.6,43.4,45.8,42.9,43.6,19.7,19.2,17.3,16.7,18.3,18.8,41.3,40.2,39.2,37.6,38.9,37.6,17.5,10.7,6.9,5.9,3.4,3.3,1.52,1.54,1.57,1.59,1.6,1.6,31.2,31.5,31.4,31.4,31.5,31.4,12.3,13.2,17.6,17.3,16.3,17.1,29,MB300-0147,3.3361678237450647,,,,,,,,,2261.862961403491,False,,,,,,,,,,,,,,,,,,1498.034526307768,False,True,,,,,,,,UNKNOWN
MASTER_05_22,5,22,21.819625,80.256444,4550.6875,137.705368,0,877,0.09,0.088319,0.115339,0.133418,0.278283,0.330735,0.261238,0.086231,0.11409,0.085612,0.304273,0.207503,0.115521,0.087803,0.020503,0.152227,0.036934,0.362007,-0.415226,-0.475572,0.103336,0.775115,1.195032,1.480038,6.748632,0.538317,-0.432461,-0.260504,-0.144106,0.551979,0.684321,0.983062,6.807929,0.17631,-0.017235,0.215068,-0.247441,-0.223136,-0.51071,-0.496976,0.064424,0.016431,0.081706,0.02599,-0.123232,0.524173,0.6451,0.424974,0.13569,1,sparse_vegetation,grade_B_blast_furnace_25to44,25-44% Mn (BF + Medium grade),0.245,39.06,1625.07,1432.68,104.75,293.23,736.99,4.46,6,0.2525,0.5004,0.1417,0.126,30.03,48.93,0.434,GRID_300M_05_22,149.90543344291876,7.4,7.4,7.5,7.5,7.5,7.6,39.0,40.6,43.8,46.1,43.4,44.0,19.8,19.2,17.3,16.7,18.2,18.8,41.2,40.2,38.9,37.2,38.4,37.3,17.8,11.0,7.0,5.9,3.5,3.3,1.52,1.54,1.57,1.6,1.61,1.61,31.7,31.8,31.8,31.7,31.9,31.8,12.2,13.2,17.4,18.0,16.7,17.6,29,MB300-0148,2.745008755165396,,,,,,,,,2441.5443243843097,False,,,,,,,,,,,,,,,,,,1499.2598107148199,False,True,,,,,,,,UNKNOWN
MASTER_05_23,5,23,21.819642,80.259314,4753.317383,135.052536,0,882,0.09,0.090536,0.117833,0.139935,0.278716,0.324786,0.242938,0.09937,0.125146,0.098652,0.282767,0.209512,0.119294,0.113888,0.024152,0.187222,0.031437,0.337841,-0.404892,-0.465639,0.106859,0.741974,1.177618,1.521194,7.179904,0.483493,-0.383619,-0.250632,-0.109759,0.561774,0.753972,0.982896,9.943724,0.145652,0.021273,0.215007,-0.216619,-0.180199,-0.423646,-0.538297,0.073335,0.007285,2.778669,0.00405,-0.115274,0.539476,0.6193,0.422385,0.157596,1,sparse_vegetation,grade_B_blast_furnace_25to44,25-44% Mn (BF + Medium grade),0.314,38.65,1625.07,1432.68,104.75,293.23,736.99,4.46,6,0.2525,0.5004,0.1417,0.126,30.03,48.93,0.434,GRID_300M_05_23,150.05162424607394,7.4,7.4,7.5,7.5,7.5,7.6,39.1,40.6,44.1,46.4,43.8,44.4,19.9,19.4,17.3,16.7,18.1,18.7,41.0,40.0,38.6,36.9,38.1,36.9,17.0,10.9,7.1,6.0,3.4,3.2,1.52,1.54,1.57,1.6,1.61,1.61,31.6,31.8,31.8,31.7,31.8,31.6,12.3,13.1,17.2,18.4,16.9,17.7,29,MB300-0149,2.8784137372771417,,,,,,,,,2639.9881617219444,False,,,,,,,,,,,,,,,,,,1500.7294228578012,False,True,,,,,,,,UNKNOWN
MASTER_05_24,5,24,21.819647,80.261835,4939.882324,132.915863,0,653,0.09,0.097754,0.126908,0.152884,0.278791,0.327487,0.243115,0.09378,0.118376,0.092406,0.224977,0.13937,0.077573,0.07424,0.017214,0.092206,0.019826,0.30023,-0.375481,-0.435077,0.109823,0.73195,1.177435,1.542318,7.458679,0.414434,-0.306696,-0.063144,-0.162775,0.555187,0.613507,0.983997,8.55038,0.114204,0.068785,0.371934,-0.272598,-0.176764,-0.563928,-0.558321,0.017966,0.002612,1.072716,-0.053815,-0.188117,0.54986,0.6117,0.514183,0.182236,1,waterlogged,grade_B_blast_furnace_25to44,25-44% Mn (BF + Medium grade),0.183,38.65,1625.07,1432.68,104.75,293.23,736.99,4.46,6,0.2525,0.5004,0.1417,0.126,30.03,48.93,0.434,GRID_300M_05_24,140.32620949085657,7.4,7.4,7.4,7.5,7.5,7.6,39.4,40.9,44.6,46.9,44.3,44.9,20.1,19.5,17.4,16.7,18.1,18.6,40.6,39.6,38.1,36.5,37.6,36.4,15.8,10.9,7.0,5.9,3.3,3.1,1.52,1.54,1.57,1.59,1.59,1.59,31.5,31.7,31.7,31.6,31.5,31.4,12.2,12.6,16.3,17.8,16.8,17.0,29,MB300-0150,41.636345179064286,,,,,,,,,2829.2305650898707,False,,,,,,,,,,,,,,,,,,1501.043488629364,False,True,,,,,,,,UNKNOWN
MASTER_06_00,6,0,21.822055,80.19293,4659.030762,228.348434,0,684,0.09,0.13589,0.162087,0.181593,0.267638,0.307741,0.271377,0.525712,0.487695,0.456005,0.47392,0.454345,0.375333,0.507697,0.034957,1.210902,0.059493,0.194387,-0.246658,-0.31377,0.095478,0.878837,1.164103,1.341319,16.66422,0.027999,0.006762,0.026043,-0.045273,0.819448,0.964488,0.868148,18.490703,-0.166388,0.25342,0.339812,-0.140751,-0.059388,-0.199614,-0.473171,0.703205,0.024537,1.216456,0.206282,0.146604,0.505785,0.5865,0.507631,0.179825,1,waterlogged,grade_B_blast_furnace_25to44,25-44% Mn (BF + Medium grade),0.205,37.23,1625.07,1432.68,104.75,293.23,736.99,4.46,6,0.2525,0.5004,0.1417,0.126,30.03,48.93,0.434,GRID_300M_06_00,153.0216408353581,7.4,7.5,7.6,7.5,7.7,7.8,43.8,45.1,46.0,46.5,45.5,46.1,18.6,18.3,17.4,17.5,18.3,19.2,37.7,36.6,36.6,36.1,36.1,34.9,13.2,10.1,6.4,5.3,3.2,2.5,1.54,1.57,1.6,1.65,1.66,1.66,33.2,33.2,32.9,33.0,33.0,33.5,9.8,9.2,11.7,14.1,14.3,14.6,29,MB300-0151,38.02331359905961,,,,,,,,,2553.813149359954,False,,,,,,,,,,,,,,,,,,1505.82564354468,False,True,,,,,,,,UNKNOWN
MASTER_06_01,6,1,21.822071,80.195457,4466.603027,226.146881,0,875,0.09,0.127076,0.152133,0.168378,0.274332,0.29494,0.252249,0.260877,0.244095,0.221642,0.250051,0.231303,0.182633,0.271256,0.032707,0.534363,0.060264,0.242513,-0.285416,-0.327695,0.067396,0.846008,1.11193,1.324004,11.8168,0.071968,-0.017188,0.03056,-0.068444,0.770394,0.917809,0.840261,11.99558,-0.170545,0.268228,0.358255,-0.135839,-0.075614,-0.194121,-0.483743,0.263108,0.027556,0.161549,-0.024281,-0.063637,0.495645,0.6287,0.512274,0.115429,1,waterlogged,grade_B_blast_furnace_25to44,25-44% Mn (BF + Medium grade),0.185,37.23,1625.07,1432.68,104.75,293.23,736.99,4.46,6,0.2525,0.5004,0.1417,0.126,30.03,48.93,0.434,GRID_300M_06_01,129.33025129239218,7.4,7.5,7.6,7.5,7.7,7.8,41.4,42.8,45.2,46.3,45.5,45.8,17.3,17.0,15.7,15.4,16.5,17.3,41.4,40.2,39.1,38.2,38.0,37.0,13.2,10.1,6.4,5.4,3.2,2.5,1.54,1.57,1.6,1.64,1.64,1.65,31.9,32.0,31.8,32.0,32.0,32.5,8.9,8.6,10.1,12.8,13.3,14.6,29,MB300-0152,0.8340419551974098,,,,,,,,,2353.830232346332,False,,,,,,,,,,,,,,,,,,1505.1688412052913,False,True,,,,,,,,UNKNOWN
MASTER_06_02,6,2,21.822061,80.198335,4258.608398,223.370178,0,898,0.09,0.118838,0.143838,0.160188,0.263305,0.288696,0.243969,0.191312,0.176051,0.153794,0.176725,0.149851,0.107007,0.248199,0.041006,0.338314,0.069247,0.245232,-0.29175,-0.340804,0.07808,0.839372,1.122755,1.343471,6.601722,0.074414,-0.002392,0.077054,-0.097283,0.694878,0.857939,0.797824,7.758184,-0.170818,0.289358,0.417859,-0.175363,-0.144493,-0.264816,-0.545647,0.090116,0.028241,1.17395,-0.08658,-0.138845,0.501763,0.6399,0.543994,0.025612,0,waterlogged,grade_B_blast_furnace_25to44,25-44% Mn (BF + Medium grade),0.37,37.71,1625.07,1432.68,104.75,293.23,736.99,4.46,6,0.2525,0.5004,0.1417,0.126,30.03,48.93,0.434,GRID_300M_06_02,126.72941816144557,7.5,7.6,7.7,7.6,7.7,7.8,41.1,43.1,45.6,47.5,46.5,46.6,17.7,17.2,15.9,15.2,16.3,17.1,41.1,39.7,38.5,37.3,37.1,36.2,14.0,9.4,6.1,5.2,3.1,2.5,1.54,1.57,1.61,1.63,1.63,1.64,30.8,31.0,31.0,30.9,30.8,31.2,7.9,7.2,8.0,11.1,11.6,12.8,29,MB300-0153,4.321669869385628,,,,,,,,,2144.4794527693903,False,,,,,,,,,,,,,,,,,,1504.3019376151865,False,True,,,,,,,,UNKNOWN
MASTER_06_03,6,3,21.822066,80.201255,4057.458984,220.28569,0,902,0.09,0.114067,0.141054,0.158329,0.27057,0.295818,0.241655,0.686375,0.614183,0.563058,0.525644,0.424567,0.349661,0.171228,0.044682,0.321004,0.079801,0.266469,-0.315238,-0.360531,0.080609,0.812539,1.115006,1.386762,5.914519,-0.033882,0.078481,0.182309,-0.102319,0.817269,0.811695,0.820758,5.935354,-0.300351,0.39372,0.54284,-0.182929,0.00473,-0.30331,-0.566003,0.149776,0.03512,0.026887,0.255074,0.128749,0.510224,0.6305,0.600349,0.0,0,water_body,non_ore,Background,0.284,37.71,1625.07,1432.68,104.75,293.23,736.99,4.46,6,0.2525,0.5004,0.1417,0.126,30.03,48.93,0.434,GRID_300M_06_03,127.80485227662656,7.5,7.6,7.7,7.7,7.7,7.8,41.5,43.4,45.6,47.8,46.9,46.9,18.0,17.5,16.2,15.2,16.3,17.1,40.5,39.1,38.1,37.0,36.9,36.1,14.7,9.4,6.6,5.4,3.2,2.5,1.54,1.57,1.61,1.63,1.63,1.64,30.7,30.6,30.6,30.5,30.5,30.8,8.0,7.3,7.7,9.9,10.2,11.3,29,MB300-0154,4.089903492938249,,,,,,,,,1954.1515088230728,False,,,,,,,,,,,,,,,,,,1504.7437841918806,False,True,,,,,,,,UNKNOWN
MASTER_06_04,6,4,21.822134,80.204155,3864.911133,216.977234,0,911,0.09,0.112418,0.140351,0.161559,0.267939,0.303393,0.240299,0.460999,0.403691,0.348626,0.385035,0.283754,0.211469,0.136205,0.035242,0.462404,0.100644,0.254947,-0.315831,-0.369851,0.096102,0.786964,1.140718,1.433741,6.551617,0.094383,-0.007927,0.152531,-0.154367,0.705355,0.726959,0.745473,8.696721,-0.160564,0.307903,0.522382,-0.250469,-0.081608,-0.413759,-0.688268,0.326199,0.065402,2.124857,0.117096,-0.019639,0.52689,0.6014,0.599273,0.02854,0,water_body,grade_B_blast_furnace_25to44,25-44% Mn (BF + Medium grade),0.207,37.71,1625.07,1432.68,104.75,293.23,736.99,4.46,6,0.2525,0.5004,0.1417,0.126,30.03,48.93,0.434,GRID_300M_06_04,133.84987089541426,7.5,7.6,7.7,7.7,7.7,7.8,41.4,43.3,45.5,47.6,46.6,46.8,18.2,17.7,16.3,15.2,16.4,17.1,40.4,39.0,38.1,37.1,37.0,36.1,14.6,9.5,6.6,5.4,3.2,2.4,1.54,1.57,1.6,1.63,1.63,1.64,31.0,30.8,30.7,30.6,30.5,30.9,7.1,6.4,6.8,8.5,8.9,10.6,29,MB300-0155,2.8358569735012096,,,,,,,,,1789.3915954390654,False,,,,,,,,,,,,,,,,,,1509.2959265039474,False,True,,,,,,,,UNKNOWN
MASTER_06_05,6,5,21.822159,80.207085,3688.870361,213.255402,0,897,0.09,0.110331,0.140672,0.167561,0.269434,0.327336,0.259496,0.392636,0.351964,0.308294,0.353,0.285528,0.21892,0.180402,0.022962,0.760356,0.036562,0.237087,-0.316283,-0.400894,0.130873,0.790818,1.224517,1.520872,10.651378,0.093169,-0.025465,0.075784,-0.107662,0.755559,0.820242,0.802458,19.615099,-0.143919,0.290818,0.476678,-0.238535,-0.035259,-0.404274,-0.718414,0.579954,0.0136,9.160598,0.083566,-0.041807,0.550223,0.6185,0.56746,0.133779,1,water_body,grade_B_blast_furnace_25to44,25-44% Mn (BF + Medium grade),0.212,37.71,1625.07,1432.68,104.75,293.23,736.99,4.46,6,0.2525,0.5004,0.1417,0.126,30.03,48.93,0.434,GRID_300M_06_05,137.39989574458232,7.5,7.6,7.7,7.7,7.7,7.8,41.4,43.3,45.4,46.7,45.6,46.3,18.1,17.6,16.1,15.6,16.8,17.4,40.5,39.1,38.5,37.7,37.5,36.3,14.9,9.6,6.3,5.2,3.1,2.3,1.54,1.56,1.59,1.61,1.62,1.62,31.3,30.9,30.7,30.6,30.6,30.9,6.6,5.8,6.3,7.0,7.6,9.6,29,MB300-0156,3.602277296543111,,,,,,,,,1666.3002058915176,False,,,,,,,,,,,,,,,,,,1510.1996940808554,False,True,,,,,,,,UNKNOWN
MASTER_06_06,6,6,21.822153,80.209999,3533.811035,209.175919,0,894,0.09,0.097779,0.126738,0.151405,0.262207,0.2972,0.219864,0.328394,0.295625,0.248212,0.330652,0.243542,0.171248,0.138069,0.029125,0.299709,0.034083,0.272773,-0.348612,-0.400752,0.104435,0.733624,1.149543,1.538171,7.863335,0.188865,-0.098284,0.063332,-0.143221,0.668651,0.733535,0.799872,11.753079,-0.083908,0.250328,0.464083,-0.247656,-0.064973,-0.416008,-0.7383,0.161639,0.004959,4.030451,0.068445,-0.053658,0.550798,0.6845,0.562866,0.186801,1,water_body,grade_B_blast_furnace_25to44,25-44% Mn (BF + Medium grade),0.24,38.74,1625.07,1432.68,104.75,293.23,736.99,4.46,6,0.2525,0.5004,0.1417,0.126,30.03,48.93,0.434,GRID_300M_06_06,137.14110466741886,7.5,7.6,7.7,7.6,7.7,7.7,41.7,43.6,45.4,46.5,45.3,45.7,18.1,17.6,16.2,15.9,17.2,17.8,40.2,38.8,38.4,37.6,37.4,36.5,15.9,10.5,6.2,5.1,3.2,2.4,1.53,1.55,1.58,1.6,1.61,1.61,30.6,30.7,30.6,30.6,30.4,30.6,7.4,6.6,7.4,8.3,8.9,10.7,29,MB300-0157,2.581938255098543,,,,,,,,,1595.6689099966043,False,,,,,,,,,,,,,,,,,,1537.3234963860243,False,True,,,,,,,,UNKNOWN
MASTER_06_07,6,7,21.822149,80.212908,3398.195801,204.754807,0,886,0.09,0.088239,0.118926,0.130654,0.281881,0.25864,0.182841,0.132435,0.14581,0.115975,0.234941,0.15417,0.092506,0.141325,0.032636,0.166409,0.026133,0.379423,-0.407887,-0.36318,0.010195,0.694106,0.924501,1.44217,7.267715,0.33064,-0.22536,-0.010595,-0.156067,0.598266,0.652334,0.875088,9.403314,-0.048783,0.182527,0.352585,-0.166262,-0.09584,-0.272167,-0.567082,0.025084,-0.006503,2.154331,-0.04694,-0.104469,0.504787,0.6331,0.505487,0.098194,0,waterlogged,grade_B_blast_furnace_25to44,25-44% Mn (BF + Medium grade),0.308,38.74,1625.07,1432.68,104.75,293.23,736.99,4.46,6,0.2525,0.5004,0.1417,0.126,30.03,48.93,0.434,GRID_300M_06_07,136.75888918231655,7.5,7.6,7.7,7.7,7.7,7.8,40.7,42.5,44.1,45.8,44.5,44.9,18.3,17.8,16.7,16.2,17.6,18.1,41.0,39.7,39.1,38.1,37.9,37.0,16.4,10.7,6.3,5.0,3.6,3.0,1.52,1.54,1.57,1.58,1.58,1.59,30.2,30.3,30.2,29.9,30.1,30.2,7.4,6.7,7.3,8.3,8.9,11.0,29,MB300-0158,2.96912978547093,,,,,,,,,1579.966121136552,False,,,,,,,,,,,,,,,,,,1620.9211496773407,False,True,,,,,,,,UNKNOWN
MASTER_06_08,6,8,21.822162,80.215772,3284.181885,200.086807,0,877,0.09,0.087222,0.117829,0.124706,0.284615,0.258383,0.18408,0.121595,0.136542,0.107812,0.243692,0.166629,0.102263,0.167247,0.037613,0.198351,0.029478,0.397939,-0.415411,-0.368186,0.00263,0.695964,0.919338,1.416812,6.990174,0.384216,-0.277577,-0.076472,-0.151643,0.592393,0.674521,0.883827,11.252765,-0.013723,0.137834,0.291714,-0.154272,-0.103571,-0.244818,-0.532985,0.031104,-0.008134,4.277638,-0.040923,-0.091754,0.496698,0.6264,0.473111,0.085519,0,sparse_vegetation,grade_B_blast_furnace_25to44,25-44% Mn (BF + Medium grade),0.31,39.15,1625.07,1432.68,104.75,293.23,736.99,4.46,6,0.2525,0.5004,0.1417,0.126,30.03,48.93,0.434,GRID_300M_06_08,135.7443424042717,7.5,7.6,7.6,7.7,7.7,7.8,39.3,41.1,43.0,45.3,43.8,44.2,18.5,18.0,16.9,16.1,17.7,18.1,42.2,40.8,40.2,38.6,38.5,37.7,16.0,10.3,6.3,5.1,3.6,2.9,1.52,1.53,1.57,1.58,1.59,1.59,30.7,30.6,30.4,30.1,30.3,30.2,6.9,6.2,6.8,7.7,8.2,10.0,29,MB300-0159,1.2941282224718198,,,,,,,,,1579.9167373508205,False,,,,,,,,,,,,,,,,,,1752.0056830648218,False,True,,,,,,,,UNKNOWN
MASTER_06_09,6,9,21.822158,80.218647,3195.069824,195.089279,0,889,0.09,0.093124,0.129093,0.14046,0.29607,0.257453,0.183307,0.118261,0.13302,0.106131,0.221511,0.147057,0.091846,0.135324,0.035866,0.17605,0.027268,0.36981,-0.396281,-0.334711,0.001568,0.701153,0.877974,1.475365,6.405468,0.348049,-0.242591,-0.036173,-0.150856,0.616105,0.663019,0.891126,12.135659,-0.021761,0.15369,0.298538,-0.152424,-0.085048,-0.214956,-0.584239,0.040727,-0.008598,5.656021,-0.074559,-0.110397,0.506488,0.6462,0.48434,0.110236,1,waterlogged,grade_B_blast_furnace_25to44,25-44% Mn (BF + Medium grade),0.344,39.15,1625.07,1432.68,104.75,293.23,736.99,4.46,6,0.2525,0.5004,0.1417,0.126,30.03,48.93,0.434,GRID_300M_06_09,133.732774953424,7.5,7.6,7.6,7.7,7.8,7.8,38.8,40.6,42.5,45.1,43.5,43.9,18.5,18.0,16.8,16.2,17.8,18.1,42.7,41.4,40.7,38.8,38.8,38.0,15.2,9.6,6.5,5.3,3.9,3.0,1.53,1.54,1.58,1.59,1.6,1.6,31.0,30.9,30.7,30.5,30.5,30.5,6.4,5.7,6.4,7.4,7.7,9.0,29,MB300-0160,4.812541172324627,,,,,,,,,1581.813960368008,False,,,,,,,,,,,,,,,,,,1790.8328847267865,False,True,,,,,,,,UNKNOWN
MASTER_06_10,6,10,21.822188,80.221583,3126.734619,189.745514,0,904,0.09,0.093465,0.129872,0.141158,0.291614,0.25495,0.183427,0.140286,0.145923,0.11998,0.186971,0.121128,0.079707,0.123723,0.039404,0.121582,0.018631,0.371371,-0.39169,-0.326485,-0.005258,0.699053,0.878069,1.452462,4.87377,0.222275,-0.122539,0.10499,-0.1596,0.644125,0.63816,0.849486,10.667528,-0.149096,0.269151,0.431475,-0.154342,-0.054928,-0.239909,-0.602976,-0.002141,-0.020772,5.739805,-0.104643,-0.133822,0.501985,0.6238,0.550386,0.033186,0,water_body,grade_B_blast_furnace_25to44,25-44% Mn (BF + Medium grade),0.313,39.15,1625.07,1432.68,104.75,293.23,736.99,4.46,6,0.2525,0.5004,0.1417,0.126,30.03,48.93,0.434,GRID_300M_06_10,138.03926882297822,7.5,7.6,7.7,7.7,7.8,7.8,38.7,40.4,42.1,45.2,43.5,44.0,18.7,18.2,17.3,16.3,17.8,18.2,42.6,41.4,40.7,38.5,38.7,37.9,14.9,9.1,6.5,5.3,3.9,3.1,1.53,1.54,1.58,1.59,1.6,1.6,30.5,30.5,30.4,30.3,30.2,30.2,6.6,6.0,6.8,7.6,8.1,9.2,29,MB300-0161,1.0837767273379475,,,,,,,,,1580.1632494922785,False,,,,,,,,,,,,,,,,,,1794.1654322038978,False,True,,,,,,,,UNKNOWN
MASTER_06_11,6,11,21.822247,80.22449,3083.654785,184.273621,0,895,0.09,0.085143,0.117295,0.126472,0.287967,0.256153,0.176686,0.287493,0.279783,0.250309,0.315446,0.258846,0.205814,0.131049,0.036537,0.141706,0.022931,0.397298,-0.421412,-0.366148,0.002131,0.680092,0.893124,1.459377,4.818905,0.128626,-0.066581,0.043736,-0.093553,0.775169,0.806661,0.862695,12.078784,-0.268672,0.35483,0.409884,-0.095685,0.095077,-0.086463,-0.596683,0.010657,-0.013606,7.227818,0.027479,0.002694,0.504888,0.6106,0.520857,0.010056,0,waterlogged,grade_B_blast_furnace_25to44,25-44% Mn (BF + Medium grade),0.349,39.29,1625.07,1432.68,104.75,293.23,736.99,4.46,6,0.2525,0.5004,0.1417,0.126,30.03,48.93,0.434,GRID_300M_06_11,143.7683505726176,7.5,7.6,7.7,7.7,7.8,7.9,38.4,40.2,41.7,44.8,42.9,43.5,18.7,18.1,17.3,16.4,18.0,18.3,42.9,41.6,40.9,38.8,39.1,38.2,14.2,8.9,6.5,5.2,3.8,3.1,1.53,1.54,1.58,1.59,1.59,1.6,30.5,30.9,30.8,31.0,31.0,30.9,6.8,6.2,6.9,7.9,8.5,9.7,29,MB300-0162,4.118840000126511,,,,,,,,,1575.0626447704672,False,,,,,,,,,,,,,,,,,,1800.1797377018584,False,True,,,,,,,,UNKNOWN
MASTER_06_12,6,12,21.822247,80.227406,3075.878662,178.683838,0,894,0.09,0.080972,0.11072,0.117991,0.270707,0.248152,0.172043,0.410217,0.390936,0.355976,0.414081,0.356983,0.290937,0.119866,0.033042,0.163479,0.023786,0.399814,-0.419346,-0.379297,0.011845,0.68603,0.92064,1.433115,5.158604,0.088904,-0.039001,0.03882,-0.074509,0.805471,0.857711,0.869967,11.299088,-0.310911,0.380344,0.418117,-0.086354,0.119441,-0.062929,-0.563148,0.043613,-0.009257,6.061355,0.143374,0.108831,0.502539,0.61,0.520093,0.021253,0,waterlogged,grade_B_blast_furnace_25to44,25-44% Mn (BF + Medium grade),0.338,39.29,1625.07,1432.68,104.75,293.23,736.99,4.46,6,0.2525,0.5004,0.1417,0.126,30.03,48.93,0.434,GRID_300M_06_12,144.1438877709221,7.5,7.6,7.6,7.7,7.8,7.9,38.8,40.7,42.0,45.0,42.6,43.2,18.7,18.0,17.1,16.2,18.0,18.3,42.6,41.3,40.9,38.8,39.3,38.5,14.6,9.4,6.3,4.9,3.4,2.5,1.52,1.54,1.57,1.59,1.59,1.6,30.4,30.3,30.4,30.3,30.3,30.3,7.4,6.8,7.4,8.7,9.2,10.5,29,MB300-0163,2.940722185767354,,,,,,,,,1576.673304550545,False,,,,,,,,,,,,,,,,,,1801.1849115825719,False,True,,,,,,,,UNKNOWN
MASTER_06_13,6,13,21.822245,80.230322,3097.615234,173.11998,0,899,0.09,0.076477,0.10483,0.107736,0.27491,0.233094,0.158072,0.289148,0.285986,0.254884,0.359182,0.297906,0.210424,0.137144,0.03615,0.180418,0.029456,0.440693,-0.445851,-0.375979,-0.023994,0.668796,0.860737,1.381047,5.407298,0.180968,-0.120577,-0.020724,-0.085341,0.695922,0.821173,0.876946,9.390938,-0.259725,0.325275,0.355255,-0.061347,0.027126,-0.039564,-0.504101,0.043274,-0.006694,3.952427,0.084273,0.064811,0.483824,0.6057,0.486748,0.058954,0,waterlogged,grade_B_blast_furnace_25to44,25-44% Mn (BF + Medium grade),0.34,39.29,1625.07,1432.68,104.75,293.23,736.99,4.46,6,0.2525,0.5004,0.1417,0.126,30.03,48.93,0.434,GRID_300M_06_13,144.32565669799922,7.5,7.5,7.6,7.7,7.8,7.9,39.3,41.2,42.2,45.1,42.6,43.0,18.5,17.9,17.0,16.2,18.1,18.4,42.1,41.0,40.9,38.7,39.3,38.5,14.7,9.5,6.3,5.1,3.2,2.4,1.52,1.54,1.58,1.6,1.6,1.61,30.8,30.6,30.7,30.6,30.7,30.8,7.6,7.1,7.9,9.2,9.7,11.2,29,MB300-0164,2.896493648220353,,,,,,,,,1578.5074556649265,False,,,,,,,,,,,,,,,,,,1799.4073427044943,False,True,,,,,,,,UNKNOWN
MASTER_06_14,6,14,21.822233,80.233216,3148.520752,167.727722,0,885,0.09,0.081448,0.110299,0.119935,0.265616,0.261636,0.18718,0.180398,0.188222,0.155721,0.303906,0.22471,0.139343,0.139726,0.029276,0.197494,0.032386,0.379857,-0.410809,-0.402724,0.041557,0.708702,0.997686,1.45592,6.778041,0.340696,-0.246641,-0.089459,-0.130294,0.60576,0.728119,0.856239,9.646475,-0.039161,0.164169,0.313265,-0.171851,-0.102941,-0.269567,-0.599682,0.057768,0.00311,2.849297,0.03829,-0.036926,0.512489,0.6109,0.477823,0.073446,0,sparse_vegetation,grade_B_blast_furnace_25to44,25-44% Mn (BF + Medium grade),0.34,39.29,1625.07,1432.68,104.75,293.23,736.99,4.46,6,0.2525,0.5004,0.1417,0.126,30.03,48.93,0.434,GRID_300M_06_14,142.4743797091863,7.5,7.5,7.6,7.7,7.8,7.9,39.8,41.8,43.0,45.2,42.7,43.1,18.8,18.0,16.9,16.2,18.3,18.7,41.4,40.3,40.1,38.5,39.1,38.3,14.6,10.0,6.3,5.3,3.2,2.5,1.53,1.55,1.59,1.61,1.61,1.61,31.4,31.1,31.1,31.0,31.2,31.0,7.7,7.2,8.6,9.9,10.7,12.2,29,MB300-0165,2.8051595363560637,,,,,,,,,1581.250359435245,False,,,,,,,,,,,,,,,,,,1793.3752125669073,False,True,,,,,,,,UNKNOWN
MASTER_06_15,6,15,21.822255,80.236085,3221.961182,162.574295,0,879,0.09,0.089397,0.117245,0.136483,0.269308,0.297287,0.224995,0.115111,0.132387,0.103586,0.261612,0.185284,0.107133,0.122636,0.029167,0.199531,0.034046,0.329358,-0.39008,-0.434308,0.09023,0.751871,1.122391,1.503664,6.658177,0.425666,-0.320963,-0.159683,-0.13227,0.575242,0.718664,0.897665,9.306459,0.096307,0.069117,0.274625,-0.2225,-0.176629,-0.403728,-0.605999,0.076895,0.004879,2.705923,-0.007696,-0.112003,0.531477,0.6189,0.459649,0.266212,1,sparse_vegetation,grade_B_blast_furnace_25to44,25-44% Mn (BF + Medium grade),0.277,39.32,1625.07,1432.68,104.75,293.23,736.99,4.46,6,0.2525,0.5004,0.1417,0.126,30.03,48.93,0.434,GRID_300M_06_15,142.84126216960507,7.4,7.5,7.6,7.7,7.8,7.8,40.1,41.9,43.4,45.4,42.8,43.2,18.9,18.2,16.9,16.3,18.4,18.8,41.0,40.0,39.8,38.3,38.9,38.0,16.0,10.7,6.5,5.6,3.7,3.1,1.53,1.56,1.59,1.61,1.62,1.62,31.4,31.4,31.3,31.2,31.2,31.0,11.6,11.5,14.3,14.4,14.8,15.5,29,MB300-0166,1.9081950137491717,,,,,,,,,1580.2266553399597,False,,,,,,,,,,,,,,,,,,1797.053314465927,False,True,,,,,,,,UNKNOWN
MASTER_06_16,6,16,21.822244,80.238976,3324.481201,157.678482,0,899,0.09,0.083846,0.110276,0.123752,0.265724,0.268325,0.195334,0.100612,0.119919,0.088005,0.270721,0.180405,0.098413,0.137678,0.026505,0.224441,0.04124,0.360574,-0.405123,-0.415465,0.055419,0.725534,1.035777,1.454001,7.453356,0.501237,-0.377595,-0.192425,-0.160946,0.543631,0.669943,0.873442,7.827997,0.140662,0.027528,0.22304,-0.216365,-0.181903,-0.365834,-0.580558,0.086762,0.014735,0.398395,0.004996,-0.08792,0.515611,0.5959,0.438617,0.14683,1,sparse_vegetation,grade_B_blast_furnace_25to44,25-44% Mn (BF + Medium grade),0.249,39.32,1625.07,1432.68,104.75,293.23,736.99,4.46,6,0.2525,0.5004,0.1417,0.126,30.03,48.93,0.434,GRID_300M_06_16,140.9874083249296,7.4,7.5,7.5,7.7,7.7,7.8,39.9,41.7,43.0,45.2,42.5,43.0,18.7,17.9,16.8,16.1,18.1,18.6,41.3,40.4,40.2,38.7,39.4,38.5,16.8,11.1,6.9,5.8,3.7,3.1,1.53,1.55,1.58,1.6,1.61,1.61,31.7,32.1,31.9,31.9,31.9,31.4,12.6,12.5,15.8,16.8,16.0,16.6,29,MB300-0167,4.641333220724988,,,,,,,,,1582.849611018657,False,,,,,,,,,,,,,,,,,,1795.3969334334145,False,True,,,,,,,,UNKNOWN
MASTER_06_17,6,17,21.822303,80.241885,3443.672607,153.019577,0,914,0.09,0.081231,0.110328,0.117381,0.2712,0.261756,0.185359,0.094731,0.11285,0.083736,0.248035,0.172702,0.095988,0.119429,0.033192,0.190839,0.034191,0.400594,-0.421063,-0.402839,0.029656,0.698934,0.973327,1.426378,4.936745,0.489907,-0.367906,-0.19626,-0.148066,0.55078,0.694723,0.880498,8.106666,0.089313,0.053157,0.206579,-0.177722,-0.148153,-0.278604,-0.545879,0.07141,0.000999,3.171042,-0.023165,-0.089055,0.504233,0.6058,0.427542,0.095186,0,sparse_vegetation,grade_B_blast_furnace_25to44,25-44% Mn (BF + Medium grade),0.415,39.32,1625.07,1432.68,104.75,293.23,736.99,4.46,6,0.2525,0.5004,0.1417,0.126,30.03,48.93,0.434,GRID_300M_06_17,147.01361837346732,7.4,7.4,7.5,7.6,7.7,7.7,39.8,41.6,42.9,45.1,42.4,42.9,18.5,17.8,16.7,16.0,17.9,18.4,41.6,40.6,40.4,39.0,39.7,38.7,17.3,11.3,7.1,5.9,3.7,3.1,1.53,1.55,1.57,1.59,1.6,1.6,31.7,32.1,31.9,31.9,31.9,31.4,12.1,12.4,15.6,17.1,15.9,16.6,29,MB300-0168,2.4606259399946144,,,,,,,,,1577.8670573642316,False,,,,,,,,,,,,,,,,,,1801.9676588526434,False,True,,,,,,,,UNKNOWN
MASTER_06_18,6,18,21.822334,80.244808,3587.372559,148.703491,0,899,0.09,0.089539,0.118367,0.13611,0.275049,0.301104,0.22656,0.105893,0.130392,0.099352,0.31874,0.225416,0.131439,0.127091,0.029645,0.241801,0.050222,0.342793,-0.39798,-0.434076,0.084862,0.745527,1.106163,1.505134,6.499449,0.523324,-0.416132,-0.261689,-0.136613,0.573999,0.713203,0.934605,7.991507,0.180531,-0.018151,0.172387,-0.221476,-0.171528,-0.39296,-0.57053,0.114709,0.020576,1.502034,0.043691,-0.075689,0.529512,0.6164,0.410582,0.163515,1,sparse_vegetation,grade_B_blast_furnace_25to44,25-44% Mn (BF + Medium grade),0.288,39.47,1625.07,1432.68,104.75,293.23,736.99,4.46,6,0.2525,0.5004,0.1417,0.126,30.03,48.93,0.434,GRID_300M_06_18,150.79651719684324,7.4,7.5,7.5,7.6,7.6,7.7,40.3,42.3,43.8,45.4,42.6,43.2,18.3,17.5,16.5,15.9,17.8,18.3,41.4,40.1,39.6,38.7,39.6,38.5,17.7,10.9,7.6,6.4,3.9,3.3,1.53,1.54,1.56,1.59,1.61,1.6,31.6,32.0,31.7,31.7,31.7,31.5,12.6,12.5,15.4,16.6,15.8,16.5,29,MB300-0169,3.229933016330658,,,,,,,,,1614.334977670907,False,,,,,,,,,,,,,,,,,,1805.4155782005182,False,True,,,,,,,,UNKNOWN
MASTER_06_19,6,19,21.822329,80.247724,3752.687256,144.78447,0,894,0.09,0.102489,0.13382,0.154049,0.278113,0.308581,0.249672,0.104501,0.131181,0.113839,0.277139,0.250508,0.176244,0.133296,0.031847,0.228944,0.037745,0.291995,-0.350837,-0.395989,0.092347,0.801307,1.125393,1.500658,5.715042,0.423769,-0.356301,-0.302684,-0.035076,0.676507,0.906652,1.069493,9.793794,0.131774,-0.005464,0.093305,-0.127423,-0.1248,-0.218741,-0.431165,0.095647,0.005898,4.094574,-0.000974,-0.058073,0.527601,0.6407,0.36683,0.354586,1,sparse_vegetation,grade_B_blast_furnace_25to44,25-44% Mn (BF + Medium grade),0.211,39.47,1625.07,1432.68,104.75,293.23,736.99,4.46,6,0.2525,0.5004,0.1417,0.126,30.03,48.93,0.434,GRID_300M_06_19,150.58241506370098,7.4,7.4,7.5,7.6,7.6,7.7,40.3,42.3,43.8,45.7,42.7,43.7,18.7,17.9,16.9,16.3,18.1,18.5,41.0,39.8,39.3,38.1,39.2,37.8,17.0,10.1,7.2,6.2,3.9,3.3,1.53,1.55,1.57,1.6,1.61,1.61,31.5,31.8,31.6,31.6,31.6,31.7,12.2,12.3,15.4,15.9,15.2,15.9,29,MB300-0170,1.8952184234710554,,,,,,,,,1707.798256049705,False,,,,,,,,,,,,,,,,,,1805.4155782000526,False,True,,,,,,,,UNKNOWN
MASTER_06_20,6,20,21.822336,80.250642,3933.10083,141.199234,0,896,0.09,0.097123,0.129614,0.156901,0.27106,0.318921,0.251985,0.133409,0.153995,0.132466,0.2709,0.220496,0.147649,0.105518,0.0203,0.176885,0.028173,0.271004,-0.353327,-0.420457,0.122476,0.784671,1.187272,1.612603,8.649751,0.371383,-0.292218,-0.169325,-0.085418,0.63864,0.790881,0.995979,10.52949,0.100379,0.061109,0.251132,-0.207894,-0.146031,-0.396391,-0.616624,0.071367,0.007873,1.920422,-0.00016,-0.098425,0.557012,0.6295,0.449463,0.370536,1,sparse_vegetation,grade_B_blast_furnace_25to44,25-44% Mn (BF + Medium grade),0.265,39.47,1625.07,1432.68,104.75,293.23,736.99,4.46,6,0.2525,0.5004,0.1417,0.126,30.03,48.93,0.434,GRID_300M_06_20,151.71780040590318,7.4,7.4,7.4,7.5,7.6,7.6,39.5,41.4,43.4,45.5,42.6,43.6,19.1,18.4,17.1,16.4,18.2,18.6,41.4,40.2,39.5,38.0,39.2,37.7,17.7,10.3,7.1,5.9,3.6,3.3,1.52,1.54,1.56,1.59,1.6,1.6,31.5,31.9,31.7,31.7,31.7,31.6,12.3,13.0,16.6,15.9,15.4,16.2,29,MB300-0171,3.0476094327389753,,,,,,,,,1845.2144266959162,False,,,,,,,,,,,,,,,,,,1803.181752878977,False,True,,,,,,,,UNKNOWN
MASTER_06_21,6,21,21.822319,80.253532,4127.60498,137.991272,0,873,0.09,0.092969,0.125697,0.156789,0.253021,0.317132,0.253303,0.11667,0.141571,0.113573,0.281973,0.207947,0.123498,0.110413,0.020143,0.144063,0.024324,0.236578,-0.335546,-0.43149,0.153735,0.796285,1.261482,1.67986,8.432012,0.43917,-0.339722,-0.186777,-0.114075,0.584877,0.727759,0.973906,9.571976,0.202592,-0.004176,0.244713,-0.26781,-0.211408,-0.533723,-0.705954,0.03365,0.004181,1.147655,0.028952,-0.109185,0.577371,0.6259,0.453271,0.44559,1,sparse_vegetation,grade_B_blast_furnace_25to44,25-44% Mn (BF + Medium grade),0.178,39.06,1625.07,1432.68,104.75,293.23,736.99,4.46,6,0.2525,0.5004,0.1417,0.126,30.03,48.93,0.434,GRID_300M_06_21,149.2286013115356,7.3,7.4,7.4,7.5,7.5,7.6,39.8,41.6,43.8,46.0,43.3,44.3,19.0,18.3,16.9,16.4,18.0,18.5,41.3,40.1,39.3,37.6,38.7,37.2,17.7,10.4,6.9,5.8,3.3,3.1,1.51,1.53,1.56,1.59,1.6,1.6,31.3,32.0,32.1,32.0,32.0,32.0,12.1,12.4,17.0,16.6,15.9,16.7,29,MB300-0172,3.2909446697735807,,,,,,,,,2018.897925383289,False,,,,,,,,,,,,,,,,,,1797.3795623123124,False,True,,,,,,,,UNKNOWN
MASTER_06_22,6,22,21.822346,80.256393,4328.334961,135.064713,0,883,0.09,0.09438,0.123961,0.153766,0.276761,0.329681,0.249921,0.08762,0.110886,0.081854,0.26934,0.192126,0.105866,0.105044,0.023407,0.15028,0.03075,0.29291,-0.382124,-0.45298,0.128112,0.755839,1.196216,1.609349,6.623998,0.526951,-0.40878,-0.256929,-0.133014,0.548676,0.714378,0.929227,8.130419,0.234041,-0.026656,0.196051,-0.261126,-0.207163,-0.481838,-0.680122,0.045236,0.007343,1.484613,-0.007421,-0.137555,0.560284,0.6334,0.423568,0.231031,1,sparse_vegetation,grade_B_blast_furnace_25to44,25-44% Mn (BF + Medium grade),0.272,39.06,1625.07,1432.68,104.75,293.23,736.99,4.46,6,0.2525,0.5004,0.1417,0.126,30.03,48.93,0.434,GRID_300M_06_22,150.0993047354481,7.3,7.4,7.4,7.4,7.5,7.6,39.1,40.6,43.6,46.0,43.1,43.9,19.6,19.0,17.2,16.6,18.1,18.6,41.4,40.4,39.2,37.5,38.8,37.5,17.1,10.9,6.8,5.7,3.3,3.1,1.51,1.53,1.56,1.59,1.6,1.6,31.0,31.3,31.3,31.1,31.3,31.2,11.8,12.3,17.1,16.5,15.6,16.2,29,MB300-0173,2.8586106257077173,,,,,,,,,2213.739306300988,False,,,,,,,,,,,,,,,,,,1802.1761404487909,False,True,,,,,,,,UNKNOWN
MASTER_06_23,6,23,21.822336,80.2593,4545.500977,132.401093,0,900,0.09,0.087601,0.114257,0.132074,0.273892,0.313661,0.237495,0.123802,0.131557,0.101484,0.262659,0.188885,0.112626,0.131251,0.02882,0.229719,0.036771,0.351578,-0.409209,-0.465079,0.101042,0.753579,1.159902,1.492765,6.544766,0.45434,-0.342713,-0.190502,-0.1396,0.581001,0.726747,0.860895,10.321507,0.102762,0.066496,0.274577,-0.240642,-0.172578,-0.433156,-0.63187,0.098467,0.007951,3.740163,-0.011234,-0.124776,0.529906,0.609,0.45497,0.082222,0,sparse_vegetation,grade_B_blast_furnace_25to44,25-44% Mn (BF + Medium grade),0.281,39.06,1625.07,1432.68,104.75,293.23,736.99,4.46,6,0.2525,0.5004,0.1417,0.126,30.03,48.93,0.434,GRID_300M_06_23,148.98955416205627,7.3,7.4,7.4,7.5,7.5,7.6,39.5,40.8,44.2,46.6,43.7,44.5,19.7,19.2,17.2,16.5,18.1,18.6,40.8,40.0,38.7,36.8,38.2,36.9,16.4,11.0,6.8,5.9,3.5,3.1,1.5,1.53,1.55,1.57,1.58,1.59,31.3,31.4,31.4,31.3,31.6,31.4,12.4,12.9,17.6,17.2,16.0,16.8,29,MB300-0174,4.312253253496922,,,,,,,,,2435.304613827595,False,,,,,,,,,,,,,,,,,,1800.6288921518899,False,True,,,,,,,,UNKNOWN
MASTER_06_24,6,24,21.8224,80.26181,4735.144531,130.227829,0,670,0.09,0.085876,0.112485,0.123403,0.27337,0.279462,0.21401,0.145885,0.160571,0.13242,0.318555,0.248054,0.168449,0.253152,0.031078,0.339865,0.039584,0.383614,-0.415053,-0.421909,0.048502,0.750912,1.038039,1.413846,8.476532,0.426738,-0.339535,-0.223279,-0.104053,0.662578,0.781381,0.917925,12.890705,0.043124,0.075518,0.19863,-0.152555,-0.088334,-0.256658,-0.495921,0.086713,0.008506,4.659259,0.045184,-0.031407,0.500918,0.6229,0.415022,0.091045,0,sparse_vegetation,grade_B_blast_furnace_25to44,25-44% Mn (BF + Medium grade),0.313,38.65,1625.07,1432.68,104.75,293.23,736.99,4.46,6,0.2525,0.5004,0.1417,0.126,30.03,48.93,0.434,GRID_300M_06_24,146.01160800719805,7.4,7.4,7.4,7.4,7.5,7.6,39.3,40.8,44.5,47.3,44.7,45.3,20.0,19.3,17.1,16.3,17.8,18.3,40.8,39.8,38.5,36.3,37.5,36.4,15.9,10.7,7.1,5.7,3.7,3.2,1.51,1.54,1.56,1.57,1.57,1.58,31.4,31.4,31.5,31.5,31.6,31.5,12.4,12.9,17.3,17.3,16.2,17.0,29,MB300-0175,42.71411471891464,,,,,,,,,2634.362797766609,False,,,,,,,,,,,,,,,,,,1807.5138285085618,False,True,,,,,,,,UNKNOWN
MASTER_07_00,7,0,21.824758,80.192896,4467.98877,231.254883,0,646,0.09,0.094761,0.120618,0.139003,0.268908,0.297768,0.224334,0.243484,0.239956,0.215352,0.312479,0.285325,0.2021,0.161944,0.021637,0.46734,0.033238,0.320209,-0.380352,-0.423388,0.087842,0.748802,1.127624,1.463617,10.778107,0.22526,-0.162884,-0.107575,-0.060954,0.681872,0.896686,0.883356,14.510713,-0.09495,0.217468,0.315813,-0.148796,-0.066929,-0.230938,-0.580261,0.305396,0.011602,3.891374,0.043571,-0.012443,0.527241,0.598,0.470296,0.153251,1,sparse_vegetation,grade_B_blast_furnace_25to44,25-44% Mn (BF + Medium grade),0.297,38.41,1625.07,1432.68,104.75,293.23,736.99,4.46,6,0.2525,0.5004,0.1417,0.126,30.03,48.93,0.434,GRID_300M_07_00,150.84376450252967,7.4,7.5,7.6,7.6,7.8,7.9,42.4,43.6,45.1,45.8,45.2,45.8,17.9,17.7,16.6,16.6,17.5,18.1,39.8,38.7,38.3,37.6,37.3,36.1,14.5,9.2,6.4,5.3,3.3,2.5,1.54,1.57,1.6,1.64,1.65,1.65,32.5,32.5,32.2,32.5,32.5,33.0,9.3,8.8,10.3,12.6,13.1,13.7,29,MB300-0176,36.07345067265845,,,,,,,,,2381.2286694077297,False,,,,,,,,,,,,,,,,,,1806.727219123081,False,True,,,,,,,,UNKNOWN
MASTER_07_01,7,1,21.824759,80.19542,4268.19873,229.070816,0,885,0.09,0.085576,0.107502,0.126812,0.241972,0.275844,0.203839,0.127249,0.126713,0.101441,0.183139,0.127379,0.075214,0.11578,0.021645,0.165853,0.038105,0.308781,-0.37864,-0.436857,0.100118,0.734469,1.162964,1.470252,9.487657,0.291265,-0.179919,0.020118,-0.164418,0.570616,0.676764,0.791978,6.775617,-0.017515,0.198721,0.456974,-0.264535,-0.163853,-0.486199,-0.678275,0.050073,0.016461,-2.620579,-0.058834,-0.148465,0.535746,0.6143,0.553335,0.064407,0,waterlogged,grade_B_blast_furnace_25to44,25-44% Mn (BF + Medium grade),0.259,38.41,1625.07,1432.68,104.75,293.23,736.99,4.46,6,0.2525,0.5004,0.1417,0.126,30.03,48.93,0.434,GRID_300M_07_01,126.25348093033504,7.4,7.5,7.6,7.5,7.7,7.8,41.4,42.7,45.7,47.0,46.1,46.5,17.1,16.9,15.2,14.7,15.8,16.4,41.5,40.3,39.1,38.2,38.1,37.1,14.4,8.9,6.6,5.4,3.3,2.6,1.55,1.58,1.61,1.65,1.65,1.66,31.9,32.3,32.2,32.4,32.4,32.8,7.8,7.1,8.1,10.9,11.2,12.4,29,MB300-0177,4.020375507907961,,,,,,,,,2166.430529691928,False,,,,,,,,,,,,,,,,,,1804.4114654345294,False,True,,,,,,,,UNKNOWN
MASTER_07_02,7,2,21.824762,80.198331,4046.135986,226.290527,0,895,0.09,0.095143,0.120634,0.143106,0.238603,0.292001,0.226478,0.117963,0.119345,0.096701,0.178172,0.136343,0.084453,0.151579,0.025012,0.205995,0.043133,0.251628,-0.324569,-0.413053,0.129935,0.772468,1.236161,1.492077,8.743156,0.298324,-0.193602,-0.043688,-0.132471,0.59804,0.75045,0.812865,7.440988,0.046696,0.130967,0.369364,-0.262406,-0.174428,-0.485711,-0.679212,0.054416,0.018122,-1.27455,-0.060431,-0.155658,0.547647,0.6389,0.51684,0.206704,1,waterlogged,grade_B_blast_furnace_25to44,25-44% Mn (BF + Medium grade),0.332,38.41,1625.07,1432.68,104.75,293.23,736.99,4.46,6,0.2525,0.5004,0.1417,0.126,30.03,48.93,0.434,GRID_300M_07_02,126.70051972011142,7.4,7.5,7.6,7.6,7.7,7.8,41.1,43.0,45.7,47.4,46.3,46.5,17.7,17.3,15.8,15.0,16.2,16.9,41.2,39.7,38.5,37.6,37.5,36.6,14.4,8.7,6.3,5.3,3.2,2.5,1.55,1.58,1.61,1.65,1.65,1.65,31.5,32.0,31.9,32.0,32.0,32.3,6.3,5.9,7.0,9.2,9.8,11.3,29,MB300-0178,4.362708425255155,,,,,,,,,1932.663545564411,False,,,,,,,,,,,,,,,,,,1804.9738537697294,False,True,,,,,,,,UNKNOWN
MASTER_07_03,7,3,21.824799,80.20126,3830.765869,223.215347,0,913,0.09,0.102038,0.128011,0.150203,0.260946,0.305751,0.243136,0.268583,0.247281,0.213505,0.297729,0.246681,0.178771,0.143714,0.027711,0.252754,0.048411,0.27528,-0.344552,-0.413131,0.110829,0.791038,1.181974,1.471871,8.173911,0.200377,-0.125204,-0.027207,-0.100521,0.699848,0.833044,0.819639,7.674806,-0.074903,0.219348,0.385924,-0.21135,-0.09119,-0.34893,-0.652232,0.10904,0.0207,-0.444561,0.036783,-0.05907,0.532944,0.6854,0.516572,0.194962,1,waterlogged,grade_B_blast_furnace_25to44,25-44% Mn (BF + Medium grade),0.278,38.8,1625.07,1432.68,104.75,293.23,736.99,4.46,6,0.2525,0.5004,0.1417,0.126,30.03,48.93,0.434,GRID_300M_07_03,131.29112437092243,7.4,7.5,7.6,7.6,7.7,7.8,41.3,43.3,45.7,46.9,45.6,46.5,18.1,17.7,16.2,15.2,16.4,16.9,40.6,39.1,38.1,37.9,38.0,36.6,14.0,9.4,6.2,5.3,3.1,2.5,1.55,1.57,1.61,1.63,1.64,1.64,31.3,31.6,31.6,31.8,31.7,32.0,5.7,5.4,6.1,7.4,7.9,9.9,29,MB300-0179,1.3290362861655372,,,,,,,,,1715.7836533302973,False,,,,,,,,,,,,,,,,,,1808.9733727625876,False,True,,,,,,,,UNKNOWN
MASTER_07_04,7,4,21.824851,80.204168,3627.707764,219.827728,0,889,0.09,0.117486,0.145678,0.170308,0.266047,0.321001,0.264396,0.171747,0.174747,0.151662,0.272925,0.249098,0.179583,0.172352,0.032463,0.299165,0.057752,0.224593,-0.295752,-0.379406,0.122974,0.822992,1.214955,1.456215,8.497988,0.290734,-0.22188,-0.173223,-0.054763,0.705457,0.922443,0.893796,7.336132,0.066141,0.073872,0.206183,-0.177736,-0.117535,-0.292512,-0.562418,0.126813,0.025289,-1.108106,0.006877,-0.071903,0.535082,0.6153,0.43328,0.409449,1,sparse_vegetation,grade_B_blast_furnace_25to44,25-44% Mn (BF + Medium grade),0.228,38.8,1625.07,1432.68,104.75,293.23,736.99,4.46,6,0.2525,0.5004,0.1417,0.126,30.03,48.93,0.434,GRID_300M_07_04,136.2574563657421,7.5,7.6,7.6,7.6,7.7,7.8,40.7,42.5,45.3,47.1,46.0,46.8,18.4,17.9,16.2,15.1,16.4,16.9,40.9,39.6,38.5,37.8,37.6,36.4,14.2,9.4,6.3,5.2,3.0,2.3,1.54,1.57,1.6,1.63,1.63,1.63,30.8,31.0,31.0,30.9,30.8,31.0,6.4,5.7,6.0,7.2,7.6,9.7,29,MB300-0180,3.2133488433969055,,,,,,,,,1528.1380848033348,False,,,,,,,,,,,,,,,,,,1811.7439628522523,False,True,,,,,,,,UNKNOWN
MASTER_07_05,7,5,21.824861,80.207074,3442.736328,216.008484,0,892,0.09,0.10835,0.138421,0.163946,0.260371,0.308176,0.245354,0.151305,0.165221,0.149877,0.269866,0.241507,0.168673,0.129968,0.031404,0.296983,0.053677,0.230678,-0.306809,-0.382674,0.122015,0.794892,1.196316,1.513251,7.090144,0.288819,-0.23823,-0.179531,-0.042671,0.690576,0.897101,0.980545,8.69564,0.058141,0.068578,0.203144,-0.164686,-0.104316,-0.299215,-0.532707,0.167014,0.022273,1.631606,0.009495,-0.066669,0.546697,0.6423,0.4289,0.358744,1,sparse_vegetation,grade_B_blast_furnace_25to44,25-44% Mn (BF + Medium grade),0.253,38.8,1625.07,1432.68,104.75,293.23,736.99,4.46,6,0.2525,0.5004,0.1417,0.126,30.03,48.93,0.434,GRID_300M_07_05,137.1165537614191,7.5,7.6,7.7,7.7,7.7,7.8,41.1,43.0,45.1,46.6,45.5,46.0,18.4,17.8,16.3,15.7,17.0,17.6,40.6,39.2,38.5,37.7,37.5,36.4,15.1,9.9,6.2,5.1,3.0,2.3,1.54,1.55,1.59,1.6,1.6,1.61,31.2,31.5,31.3,31.5,31.5,31.3,7.1,6.3,6.9,7.9,8.5,10.4,29,MB300-0181,2.9407221849038137,,,,,,,,,1385.3731757491857,False,,,,,,,,,,,,,,,,,,1810.987505475084,False,True,,,,,,,,UNKNOWN
MASTER_07_06,7,6,21.824834,80.209995,3277.393066,211.718369,0,866,0.09,0.11754,0.162956,0.207675,0.28886,0.352734,0.281907,0.13866,0.162748,0.155586,0.248308,0.220465,0.155717,0.084966,0.017849,0.173991,0.027488,0.178653,-0.286337,-0.375672,0.153611,0.790355,1.230614,1.728475,8.200638,0.248156,-0.209623,-0.119141,-0.043899,0.668302,0.868883,1.088479,12.729876,0.069502,0.076714,0.256531,-0.19751,-0.122053,-0.361731,-0.639995,0.089026,0.009639,4.540871,-0.040552,-0.13227,0.592172,0.6902,0.46144,0.415704,1,waterlogged,grade_B_blast_furnace_25to44,25-44% Mn (BF + Medium grade),0.215,38.79,1625.07,1432.68,104.75,293.23,736.99,4.46,6,0.2525,0.5004,0.1417,0.126,30.03,48.93,0.434,GRID_300M_07_06,135.2102128392295,7.5,7.6,7.7,7.7,7.7,7.8,40.8,42.7,44.8,46.2,44.8,45.1,18.4,17.9,16.5,16.0,17.4,18.0,40.7,39.3,38.7,37.8,37.7,36.8,16.2,10.4,6.0,4.9,2.9,2.3,1.53,1.55,1.58,1.58,1.58,1.59,31.0,31.5,31.3,31.5,31.6,31.2,7.3,6.6,7.1,8.0,8.7,10.9,29,MB300-0182,3.954833116057097,,,,,,,,,1301.3114595639358,False,,,,,,,,,,,,,,,,,,1831.177654964081,False,True,,,,,,,,UNKNOWN
MASTER_07_07,7,7,21.824875,80.212855,3128.507812,207.16716,0,872,0.09,0.096394,0.124285,0.143549,0.265694,0.281502,0.212174,0.160026,0.175063,0.149244,0.27457,0.214716,0.148491,0.189625,0.025698,0.286031,0.026512,0.307443,-0.362876,-0.383906,0.070659,0.745256,1.071206,1.465045,9.594875,0.318321,-0.237059,-0.109314,-0.095359,0.666628,0.774603,0.937633,14.912615,0.010878,0.125817,0.274591,-0.166018,-0.078628,-0.296603,-0.527412,0.096405,0.000814,5.278765,0.008876,-0.066786,0.524746,0.617,0.46296,0.220183,1,sparse_vegetation,grade_B_blast_furnace_25to44,25-44% Mn (BF + Medium grade),0.276,38.79,1625.07,1432.68,104.75,293.23,736.99,4.46,6,0.2525,0.5004,0.1417,0.126,30.03,48.93,0.434,GRID_300M_07_07,136.6668733297109,7.5,7.6,7.6,7.7,7.8,7.8,39.7,41.6,43.4,45.7,44.3,44.6,18.7,18.2,17.0,16.1,17.7,18.2,41.7,40.2,39.6,38.2,38.0,37.2,16.3,10.4,6.2,5.0,3.7,2.9,1.53,1.55,1.58,1.58,1.58,1.59,30.7,31.4,31.1,31.2,31.3,30.8,7.3,6.7,7.3,8.2,9.0,11.1,29,MB300-0183,1.4392068679699628,,,,,,,,,1276.5586329416292,False,,,,,,,,,,,,,,,,,,1904.964970772035,False,True,,,,,,,,UNKNOWN
MASTER_07_08,7,8,21.824857,80.215739,3006.358887,202.106384,0,899,0.09,0.10103,0.130345,0.149835,0.277467,0.292485,0.226179,0.119949,0.141014,0.114693,0.279815,0.217323,0.143862,0.15736,0.028083,0.349238,0.0403,0.305418,-0.361518,-0.383026,0.070237,0.764972,1.068397,1.471655,9.196845,0.417556,-0.325184,-0.193095,-0.102185,0.64465,0.769387,0.947378,11.997855,0.112138,0.036334,0.189931,-0.172422,-0.120322,-0.299009,-0.524278,0.191878,0.012217,2.825589,0.002348,-0.075162,0.522225,0.632,0.423656,0.206897,1,sparse_vegetation,grade_B_blast_furnace_25to44,25-44% Mn (BF + Medium grade),0.311,38.8,1625.07,1432.68,104.75,293.23,736.99,4.46,6,0.2525,0.5004,0.1417,0.126,30.03,48.93,0.434,GRID_300M_07_08,133.73277495383604,7.5,7.6,7.6,7.7,7.7,7.8,38.9,40.8,42.8,45.6,43.9,44.3,18.8,18.3,17.0,16.1,17.7,18.1,42.3,41.0,40.2,38.2,38.3,37.5,16.7,10.5,6.2,5.0,3.7,3.0,1.53,1.54,1.58,1.58,1.58,1.59,30.7,31.2,31.0,31.2,31.3,30.9,7.0,6.3,7.4,8.4,9.3,11.1,29,MB300-0184,3.7904368452195896,,,,,,,,,1280.0272451083404,False,,,,,,,,,,,,,,,,,,2014.8969933344656,False,True,,,,,,,,UNKNOWN
MASTER_07_09,7,9,21.824866,80.218657,2905.5896,196.612122,0,901,0.09,0.105639,0.133126,0.146248,0.271204,0.274858,0.22049,0.126079,0.141042,0.1224,0.256577,0.233557,0.170105,0.192431,0.032511,0.325035,0.041228,0.304859,-0.341142,-0.348442,0.047973,0.79038,1.033838,1.375211,9.918615,0.355511,-0.286098,-0.229686,-0.048682,0.706701,0.912213,0.958188,11.678325,0.050652,0.055043,0.118757,-0.096655,-0.083679,-0.121625,-0.417023,0.132604,0.008717,1.822808,-0.014626,-0.041301,0.498592,0.6264,0.385839,0.217536,1,built_up,grade_B_blast_furnace_25to44,25-44% Mn (BF + Medium grade),0.205,38.8,1625.07,1432.68,104.75,293.23,736.99,4.46,6,0.2525,0.5004,0.1417,0.126,30.03,48.93,0.434,GRID_300M_07_09,135.10138616147302,7.5,7.6,7.6,7.7,7.7,7.8,38.5,40.3,42.4,45.1,43.4,43.9,18.6,18.1,16.9,16.2,17.8,18.1,42.9,41.6,40.7,38.7,38.8,38.0,17.2,11.1,6.3,5.1,3.8,3.1,1.52,1.54,1.58,1.59,1.59,1.59,30.8,31.2,31.0,31.4,31.5,31.0,6.8,6.1,7.1,8.3,9.0,10.5,29,MB300-0185,3.292117277809025,,,,,,,,,1280.6586418641823,False,,,,,,,,,,,,,,,,,,2092.2787099158236,False,True,,,,,,,,UNKNOWN
MASTER_07_10,7,10,21.824927,80.221561,2827.920898,190.832642,0,911,0.09,0.108725,0.137924,0.157194,0.280871,0.292689,0.231849,0.176873,0.178147,0.157594,0.231503,0.20191,0.15292,0.199203,0.034292,0.27538,0.04217,0.290888,-0.343483,-0.363656,0.065523,0.783276,1.059157,1.439698,8.132828,0.208492,-0.140911,-0.058654,-0.074949,0.7272,0.86384,0.881601,8.968611,-0.082396,0.202573,0.305002,-0.140472,-0.056076,-0.195316,-0.558097,0.076177,0.007878,0.82549,-0.049367,-0.090779,0.515133,0.6617,0.478481,0.255763,1,waterlogged,grade_B_blast_furnace_25to44,25-44% Mn (BF + Medium grade),0.299,38.8,1625.07,1432.68,104.75,293.23,736.99,4.46,6,0.2525,0.5004,0.1417,0.126,30.03,48.93,0.434,GRID_300M_07_10,140.9503730809806,7.5,7.6,7.6,7.7,7.7,7.8,38.2,39.9,41.9,44.7,42.9,43.6,18.8,18.3,17.2,16.4,18.1,18.3,43.0,41.8,40.9,38.8,39.0,38.1,16.2,10.8,6.2,5.0,3.6,2.8,1.53,1.54,1.58,1.6,1.59,1.6,30.3,30.8,30.8,30.7,30.8,30.6,7.5,6.7,7.7,8.9,9.5,10.9,29,MB300-0186,2.5483589043216024,,,,,,,,,1275.4370188343414,False,,,,,,,,,,,,,,,,,,2099.078492313673,False,True,,,,,,,,UNKNOWN
MASTER_07_11,7,11,21.824943,80.224487,2785.262451,184.737,0,891,0.09,0.086334,0.116,0.126406,0.275894,0.259185,0.186052,0.553398,0.52627,0.497452,0.522569,0.488157,0.406234,0.129088,0.030727,0.220226,0.027897,0.378933,-0.40906,-0.378448,0.022293,0.707201,0.946586,1.444438,6.523188,0.038046,-0.005389,0.032342,-0.046317,0.82309,0.929199,0.897221,10.237399,-0.340887,0.403671,0.410791,-0.06861,0.115889,-0.017388,-0.547217,0.091138,-0.00283,3.719818,0.246675,0.228971,0.505926,0.6093,0.513971,0.023569,0,waterlogged,grade_B_blast_furnace_25to44,25-44% Mn (BF + Medium grade),0.245,38.8,1625.07,1432.68,104.75,293.23,736.99,4.46,6,0.2525,0.5004,0.1417,0.126,30.03,48.93,0.434,GRID_300M_07_11,143.3303955956396,7.5,7.5,7.6,7.7,7.8,7.8,37.8,39.7,41.2,44.9,42.6,43.3,19.3,18.5,17.7,16.6,18.4,18.7,42.9,41.7,41.2,38.6,39.0,38.0,15.7,10.9,6.4,5.0,3.6,2.8,1.53,1.55,1.59,1.6,1.6,1.61,30.6,30.7,30.8,30.7,30.8,30.8,8.0,7.5,8.8,10.0,10.5,12.2,29,MB300-0187,2.745008755165396,,,,,,,,,1275.2161605543738,False,,,,,,,,,,,,,,,,,,2100.296420976557,False,True,,,,,,,,UNKNOWN
MASTER_07_12,7,12,21.824943,80.227408,2776.636475,178.538025,0,895,0.09,0.083058,0.111585,0.122226,0.278025,0.261046,0.184283,0.501487,0.478279,0.446562,0.493096,0.459568,0.373099,0.130663,0.030108,0.176396,0.030582,0.397402,-0.427442,-0.396159,0.019681,0.695484,0.943401,1.444772,6.655398,0.058152,-0.021025,0.017442,-0.04907,0.806696,0.928323,0.888245,9.557082,-0.33925,0.406416,0.413601,-0.068751,0.111212,-0.015078,-0.556527,0.045733,0.000474,2.90876,0.215071,0.198522,0.505006,0.6313,0.510994,0.053631,0,waterlogged,grade_B_blast_furnace_25to44,25-44% Mn (BF + Medium grade),0.351,39.05,1625.07,1432.68,104.75,293.23,736.99,4.46,6,0.2525,0.5004,0.1417,0.126,30.03,48.93,0.434,GRID_300M_07_12,143.9415206678658,7.5,7.5,7.6,7.7,7.7,7.8,38.7,40.7,41.5,45.0,42.3,43.0,19.2,18.4,17.7,16.5,18.5,18.8,42.2,40.9,40.8,38.5,39.2,38.2,15.8,10.4,6.5,4.8,3.6,2.9,1.53,1.55,1.59,1.61,1.6,1.61,30.4,30.3,30.4,30.2,30.4,30.5,8.1,7.6,8.9,10.1,10.3,11.9,29,MB300-0188,3.2575664880841178,,,,,,,,,1276.8640206957089,False,,,,,,,,,,,,,,,,,,2101.298765518052,False,True,,,,,,,,UNKNOWN
MASTER_07_13,7,13,21.824937,80.2303,2800.880127,172.433014,0,880,0.09,0.086712,0.117026,0.132067,0.298867,0.297024,0.212437,0.279441,0.271542,0.239806,0.325435,0.278767,0.204662,0.138018,0.026985,0.176061,0.037301,0.393671,-0.436476,-0.432217,0.044244,0.707134,1.002267,1.492889,7.382891,0.183252,-0.108077,-0.009201,-0.094444,0.694168,0.828894,0.841148,7.416274,-0.210419,0.328399,0.423016,-0.138688,-0.012966,-0.173373,-0.651742,0.038043,0.010316,0.051847,0.026568,-0.018257,0.516807,0.6183,0.51792,0.053409,0,waterlogged,grade_B_blast_furnace_25to44,25-44% Mn (BF + Medium grade),0.335,39.05,1625.07,1432.68,104.75,293.23,736.99,4.46,6,0.2525,0.5004,0.1417,0.126,30.03,48.93,0.434,GRID_300M_07_13,142.59447518423283,7.5,7.5,7.6,7.7,7.8,7.9,38.5,40.5,41.6,45.0,42.3,42.9,19.1,18.3,17.4,16.4,18.4,18.7,42.5,41.2,41.0,38.6,39.3,38.3,16.1,10.5,6.5,4.9,3.7,2.8,1.53,1.55,1.59,1.6,1.61,1.61,30.6,30.6,30.7,30.5,30.6,30.7,8.5,7.8,9.1,10.3,10.8,12.4,29,MB300-0189,2.402011811161424,,,,,,,,,1279.0317085098077,False,,,,,,,,,,,,,,,,,,2099.0890199281594,False,True,,,,,,,,UNKNOWN
MASTER_07_14,7,14,21.824961,80.233164,2852.104492,166.5392,0,884,0.09,0.096422,0.127353,0.145733,0.294438,0.313435,0.23666,0.136671,0.144926,0.115098,0.246908,0.178756,0.108332,0.136668,0.035763,0.211061,0.036331,0.341824,-0.395913,-0.423663,0.076552,0.751282,1.075681,1.500552,5.963427,0.363852,-0.255501,-0.087569,-0.141593,0.590287,0.717732,0.833286,9.293573,0.022028,0.140411,0.336094,-0.218144,-0.160995,-0.357949,-0.667266,0.074393,0.000568,3.306903,-0.04753,-0.134679,0.525455,0.607,0.491038,0.093891,0,sparse_vegetation,grade_B_blast_furnace_25to44,25-44% Mn (BF + Medium grade),0.254,39.05,1625.07,1432.68,104.75,293.23,736.99,4.46,6,0.2525,0.5004,0.1417,0.126,30.03,48.93,0.434,GRID_300M_07_14,143.0230658388781,7.4,7.5,7.6,7.7,7.8,7.9,39.6,41.3,42.7,45.9,43.3,43.7,18.6,18.0,16.8,16.0,18.0,18.3,41.8,40.8,40.4,38.1,38.7,37.9,16.1,10.1,6.5,5.4,3.6,2.9,1.52,1.54,1.58,1.6,1.6,1.6,30.8,30.9,30.8,30.7,30.8,30.8,11.2,9.8,11.9,13.3,13.8,14.5,29,MB300-0190,1.96312655787915,,,,,,,,,1277.6181878070931,False,,,,,,,,,,,,,,,,,,2097.0769587849004,False,True,,,,,,,,UNKNOWN
MASTER_07_15,7,15,21.824948,80.236059,2937.327881,160.879089,0,899,0.09,0.081845,0.110572,0.116484,0.265004,0.252007,0.182209,0.459088,0.434332,0.400513,0.440888,0.370189,0.309989,0.125662,0.032965,0.18638,0.02918,0.394318,-0.410028,-0.385214,0.020517,0.710021,0.965125,1.400354,5.775037,0.091702,-0.048484,0.041073,-0.073468,0.821654,0.840292,0.919865,9.023373,-0.302616,0.361544,0.426287,-0.093985,0.111633,-0.124833,-0.480488,0.060718,-0.003786,3.240115,0.175884,0.118182,0.497258,0.5999,0.523809,0.044494,0,water_body,grade_B_blast_furnace_25to44,25-44% Mn (BF + Medium grade),0.291,39.21,1625.07,1432.68,104.75,293.23,736.99,4.46,6,0.2525,0.5004,0.1417,0.126,30.03,48.93,0.434,GRID_300M_07_15,141.1053152096643,7.4,7.5,7.6,7.7,7.8,7.8,39.5,41.0,43.0,45.7,43.1,43.5,19.0,18.3,16.8,16.2,18.1,18.5,41.5,40.6,40.1,38.1,38.8,38.0,16.6,10.0,6.6,5.4,3.6,2.9,1.52,1.55,1.58,1.6,1.61,1.61,30.6,30.7,30.8,30.7,30.7,30.6,11.8,11.7,14.0,14.3,14.8,15.2,29,MB300-0191,4.0311945203749024,,,,,,,,,1280.5879300680028,False,,,,,,,,,,,,,,,,,,2096.84698051592,False,True,,,,,,,,UNKNOWN
MASTER_07_16,7,16,21.82497,80.238983,3047.053955,155.503189,0,907,0.09,0.084684,0.112668,0.125087,0.259047,0.264048,0.193581,0.182587,0.189045,0.157354,0.286256,0.208245,0.140133,0.110095,0.027725,0.187393,0.034099,0.351385,-0.391824,-0.400689,0.057709,0.728019,1.031914,1.46088,6.28999,0.346797,-0.246226,-0.075425,-0.140284,0.627164,0.711072,0.867415,8.51456,-0.004588,0.145598,0.325264,-0.197993,-0.100855,-0.320842,-0.593465,0.077298,0.006374,2.263293,0.027209,-0.055803,0.517745,0.6147,0.488305,0.08269,0,sparse_vegetation,grade_B_blast_furnace_25to44,25-44% Mn (BF + Medium grade),0.27,39.21,1625.07,1432.68,104.75,293.23,736.99,4.46,6,0.2525,0.5004,0.1417,0.126,30.03,48.93,0.434,GRID_300M_07_16,144.0197128715263,7.4,7.4,7.5,7.6,7.6,7.7,39.2,40.7,42.7,44.9,42.3,42.6,18.6,18.0,16.7,16.1,17.9,18.4,42.1,41.2,40.7,38.9,39.8,39.1,17.9,10.9,7.1,5.7,3.7,3.1,1.52,1.53,1.57,1.59,1.6,1.59,30.5,31.0,31.2,31.1,31.1,30.7,12.8,13.5,16.8,16.9,16.5,17.2,29,MB300-0192,2.0692854705450703,,,,,,,,,1279.6866651613882,False,,,,,,,,,,,,,,,,,,2098.8478799223712,False,True,,,,,,,,UNKNOWN
MASTER_07_17,7,17,21.825029,80.241884,3176.9729,150.543213,0,897,0.09,0.092552,0.124299,0.14405,0.28701,0.311695,0.230044,0.199725,0.207019,0.180433,0.309255,0.243257,0.16621,0.117738,0.026413,0.204989,0.037671,0.337716,-0.39613,-0.428012,0.086018,0.733506,1.088946,1.540548,6.552274,0.32064,-0.231153,-0.067223,-0.131125,0.630854,0.729141,0.87277,8.779406,-0.017076,0.164977,0.360789,-0.217143,-0.102652,-0.359805,-0.667777,0.08725,0.011258,2.232072,0.022245,-0.068438,0.53716,0.6275,0.501717,0.090301,0,sparse_vegetation,grade_B_blast_furnace_25to44,25-44% Mn (BF + Medium grade),0.237,39.21,1625.07,1432.68,104.75,293.23,736.99,4.46,6,0.2525,0.5004,0.1417,0.126,30.03,48.93,0.434,GRID_300M_07_17,149.72687103397234,7.4,7.4,7.5,7.6,7.6,7.7,39.0,40.5,42.6,44.9,42.2,42.7,18.5,17.9,16.6,15.9,17.7,18.3,42.5,41.5,40.7,39.2,40.0,38.9,18.1,11.8,7.2,5.8,3.8,3.2,1.52,1.54,1.56,1.59,1.6,1.6,31.3,31.6,31.5,31.4,31.4,31.1,13.5,13.7,17.2,17.2,16.4,16.9,29,MB300-0193,3.09143538137606,,,,,,,,,1274.6730819511056,False,,,,,,,,,,,,,,,,,,2105.422056604206,False,True,,,,,,,,UNKNOWN
MASTER_07_18,7,18,21.825035,80.244805,3334.616943,146.031311,0,897,0.09,0.096275,0.128918,0.156693,0.289991,0.341273,0.261161,0.172902,0.189172,0.159263,0.347913,0.280822,0.178898,0.121935,0.024112,0.204151,0.034537,0.303667,-0.385036,-0.45122,0.122525,0.761729,1.180596,1.612619,7.083599,0.423442,-0.333122,-0.228932,-0.095418,0.613758,0.797236,0.921296,8.506774,0.119775,0.051914,0.222288,-0.217943,-0.147972,-0.383361,-0.691323,0.082216,0.010425,1.434413,0.057923,-0.060451,0.556684,0.6458,0.429668,0.218506,1,sparse_vegetation,grade_B_blast_furnace_25to44,25-44% Mn (BF + Medium grade),0.286,39.15,1625.07,1432.68,104.75,293.23,736.99,4.46,6,0.2525,0.5004,0.1417,0.126,30.03,48.93,0.434,GRID_300M_07_18,150.8753105474151,7.4,7.4,7.5,7.6,7.6,7.7,38.9,40.5,42.9,45.3,42.5,43.5,18.6,18.0,16.6,15.9,17.7,18.1,42.4,41.5,40.4,38.8,39.7,38.3,17.8,11.8,7.0,5.8,3.5,2.9,1.52,1.54,1.56,1.6,1.6,1.6,31.6,31.8,31.7,31.6,31.7,31.5,13.3,13.6,17.2,17.2,16.3,16.8,29,MB300-0194,2.54835890346165,,,,,,,,,1322.93712462225,False,,,,,,,,,,,,,,,,,,2106.0884245980246,False,True,,,,,,,,UNKNOWN
MASTER_07_19,7,19,21.825035,80.247725,3511.611816,141.957016,0,898,0.09,0.087666,0.11988,0.131135,0.286997,0.275879,0.202529,0.089359,0.112144,0.086521,0.244942,0.182085,0.107984,0.120561,0.027948,0.20627,0.030543,0.378415,-0.410419,-0.389957,0.032264,0.724311,0.972143,1.474947,6.411328,0.473326,-0.364018,-0.212732,-0.117858,0.581542,0.732564,0.960391,10.076666,0.094911,0.046401,0.177225,-0.150122,-0.142769,-0.23958,-0.514556,0.085709,0.002595,3.636522,-0.042055,-0.093795,0.509927,0.624,0.412208,0.106904,1,sparse_vegetation,grade_B_blast_furnace_25to44,25-44% Mn (BF + Medium grade),0.208,39.15,1625.07,1432.68,104.75,293.23,736.99,4.46,6,0.2525,0.5004,0.1417,0.126,30.03,48.93,0.434,GRID_300M_07_19,151.33576857552967,7.4,7.4,7.5,7.5,7.6,7.6,39.5,41.4,43.4,45.6,42.7,43.7,19.1,18.4,17.1,16.5,18.3,18.6,41.4,40.2,39.5,37.9,39.1,37.6,17.1,10.8,6.8,5.8,3.5,3.0,1.52,1.54,1.56,1.59,1.6,1.6,31.0,31.3,31.2,31.1,31.2,31.2,12.8,13.4,17.1,16.5,15.6,16.2,29,MB300-0195,3.0960191653063958,,,,,,,,,1435.0155337619528,False,,,,,,,,,,,,,,,,,,2106.643031420964,False,True,,,,,,,,UNKNOWN
MASTER_07_20,7,20,21.825028,80.250611,3702.878662,138.33847,0,874,0.09,0.097459,0.132052,0.163724,0.2822,0.33464,0.257363,0.108285,0.1252,0.097374,0.233675,0.16106,0.095108,0.101648,0.021748,0.163219,0.022433,0.269813,-0.362363,-0.432341,0.131095,0.765157,1.193685,1.668923,6.812874,0.42727,-0.309104,-0.111174,-0.154615,0.567058,0.668837,0.895428,11.217991,0.157457,0.053259,0.321167,-0.28571,-0.198099,-0.524848,-0.773495,0.061571,0.000685,4.351437,-0.048525,-0.17358,0.570589,0.6321,0.492599,0.371854,1,sparse_vegetation,grade_B_blast_furnace_25to44,25-44% Mn (BF + Medium grade),0.204,39.15,1625.07,1432.68,104.75,293.23,736.99,4.46,6,0.2525,0.5004,0.1417,0.126,30.03,48.93,0.434,GRID_300M_07_20,149.70669132106352,7.4,7.4,7.5,7.5,7.6,7.6,39.6,41.4,43.5,45.6,42.6,43.8,19.1,18.4,17.1,16.6,18.4,18.8,41.3,40.2,39.4,37.8,39.1,37.5,17.2,11.0,6.9,5.9,3.6,3.2,1.52,1.54,1.56,1.6,1.61,1.61,30.9,31.4,31.3,31.1,31.1,31.2,12.7,13.2,17.1,16.9,15.6,16.5,29,MB300-0196,1.974445853641936,,,,,,,,,1595.5067161815682,False,,,,,,,,,,,,,,,,,,2102.867788345779,False,True,,,,,,,,UNKNOWN
MASTER_07_21,7,21,21.825048,80.253475,3903.702881,135.079681,0,873,0.09,0.094662,0.129695,0.161732,0.266496,0.331779,0.267636,0.102303,0.117357,0.093211,0.208101,0.155019,0.091471,0.104798,0.019544,0.123014,0.019767,0.248264,-0.34487,-0.435399,0.14982,0.802225,1.254245,1.69668,8.383065,0.375256,-0.267646,-0.106464,-0.122945,0.580131,0.724284,0.907853,10.827886,0.126992,0.077223,0.328935,-0.272765,-0.222095,-0.529962,-0.788827,0.018216,0.000223,2.457572,-0.058395,-0.17676,0.576094,0.6422,0.49349,0.380298,1,waterlogged,grade_B_blast_furnace_25to44,25-44% Mn (BF + Medium grade),0.213,39.02,1625.07,1432.68,104.75,293.23,736.99,4.46,6,0.2525,0.5004,0.1417,0.126,30.03,48.93,0.434,GRID_300M_07_21,150.02757431000433,7.3,7.4,7.4,7.4,7.5,7.6,39.3,41.0,43.6,45.8,43.1,44.1,19.1,18.4,17.0,16.5,18.2,18.5,41.7,40.6,39.4,37.7,38.8,37.3,16.9,10.8,6.9,5.8,3.4,3.2,1.51,1.53,1.56,1.6,1.6,1.61,31.3,31.6,31.6,31.2,31.4,31.4,12.3,12.7,17.0,16.5,15.3,16.3,29,MB300-0197,2.768171702691224,,,,,,,,,1787.8693344865264,False,,,,,,,,,,,,,,,,,,2101.1930075383134,False,True,,,,,,,,UNKNOWN
MASTER_07_22,7,22,21.825038,80.256382,4121.345215,132.140518,0,891,0.09,0.085824,0.115981,0.131862,0.265359,0.280594,0.207297,0.098982,0.109321,0.086383,0.173201,0.121144,0.075092,0.102393,0.022837,0.131889,0.02061,0.345431,-0.393764,-0.405999,0.066893,0.725291,1.055678,1.513325,6.478548,0.364838,-0.241939,-0.046526,-0.152935,0.580952,0.678346,0.863741,10.914207,0.019408,0.151825,0.359473,-0.219828,-0.14434,-0.377332,-0.649584,0.029496,-0.002227,4.385268,-0.092158,-0.15945,0.528913,0.6141,0.506867,0.124579,1,waterlogged,grade_B_blast_furnace_25to44,25-44% Mn (BF + Medium grade),0.224,39.02,1625.07,1432.68,104.75,293.23,736.99,4.46,6,0.2525,0.5004,0.1417,0.126,30.03,48.93,0.434,GRID_300M_07_22,148.95425220195432,7.3,7.4,7.4,7.4,7.5,7.6,39.5,41.0,44.1,46.5,43.6,44.4,19.5,19.0,17.2,16.6,18.2,18.6,41.0,40.1,38.7,37.0,38.3,37.0,17.1,11.3,6.9,5.8,3.4,3.2,1.5,1.52,1.54,1.58,1.58,1.59,31.0,31.2,31.3,31.1,31.2,31.1,12.0,12.7,17.3,16.5,15.6,17.0,29,MB300-0198,4.039787629474915,,,,,,,,,2011.1590926248534,False,,,,,,,,,,,,,,,,,,2101.85170261994,False,True,,,,,,,,UNKNOWN
MASTER_07_23,7,23,21.825067,80.259301,4346.944824,129.449005,0,913,0.09,0.083178,0.109275,0.124033,0.259678,0.297649,0.227767,0.565847,0.516245,0.46694,0.522967,0.421032,0.346583,0.143673,0.029757,0.187373,0.035139,0.355245,-0.404077,-0.460761,0.097902,0.757815,1.169166,1.470678,7.527953,0.069229,-0.0151,0.096364,-0.10518,0.811209,0.804089,0.824447,8.151552,-0.286015,0.388977,0.557125,-0.203082,0.053395,-0.365077,-0.646231,0.0437,0.005382,0.654463,0.263288,0.123383,0.525104,0.6174,0.585543,0.001095,0,water_body,grade_B_blast_furnace_25to44,25-44% Mn (BF + Medium grade),0.247,39.02,1625.07,1432.68,104.75,293.23,736.99,4.46,6,0.2525,0.5004,0.1417,0.126,30.03,48.93,0.434,GRID_300M_07_23,152.33630745117824,7.3,7.3,7.4,7.4,7.5,7.6,39.2,40.5,44.0,47.2,44.3,44.9,19.6,19.1,17.0,16.2,17.8,18.3,41.2,40.4,39.0,36.6,38.0,36.8,17.3,11.3,6.7,5.4,3.6,3.3,1.5,1.53,1.55,1.57,1.58,1.58,30.7,30.9,31.1,31.0,31.1,31.0,12.2,13.1,17.8,16.7,16.2,17.4,29,MB300-0199,1.6418733598937905,,,,,,,,,2251.0105771425888,False,,,,,,,,,,,,,,,,,,2104.6392936538186,False,True,,,,,,,,UNKNOWN
MASTER_07_24,7,24,21.825123,80.261822,4546.70459,127.307793,0,652,0.09,0.074946,0.100685,0.099839,0.275921,0.252154,0.177506,0.46227,0.432019,0.388157,0.481965,0.388868,0.318322,0.140638,0.033671,0.228075,0.041932,0.46973,-0.45997,-0.424434,-0.004816,0.692863,0.930938,1.307044,5.752175,0.146078,-0.088256,0.019527,-0.097759,0.804681,0.804954,0.85502,8.154087,-0.323652,0.371713,0.443961,-0.092943,0.111818,-0.125985,-0.452024,0.087437,0.008261,2.372383,0.206044,0.136714,0.47104,0.6268,0.522521,0.015337,0,waterlogged,grade_B_blast_furnace_25to44,25-44% Mn (BF + Medium grade),0.468,38.34,1625.07,1432.68,104.75,293.23,736.99,4.46,6,0.2525,0.5004,0.1417,0.126,30.03,48.93,0.434,GRID_300M_07_24,148.797482590188,7.3,7.4,7.4,7.4,7.5,7.5,39.1,40.7,44.1,47.3,44.4,44.9,19.7,19.0,17.0,16.2,17.8,18.3,41.2,40.3,38.9,36.5,37.8,36.8,17.3,11.2,6.9,5.2,3.7,3.3,1.5,1.53,1.55,1.57,1.57,1.58,30.7,30.9,31.2,31.2,31.3,31.3,12.3,13.3,17.8,17.4,16.8,17.7,29,MB300-0200,40.11589535820881,,,,,,,,,2467.318021476372,False,,,,,,,,,,,,,,,,,,2110.6332721068266,False,True,,,,,,,,UNKNOWN
MASTER_08_00,8,0,21.827473,80.192888,4286.513672,234.404755,0,632,0.09,0.100982,0.137311,0.177786,0.258606,0.345792,0.285897,0.114,0.135661,0.1225,0.238051,0.210637,0.134613,0.079692,0.009566,0.220448,0.026248,0.186518,-0.306547,-0.432073,0.185331,0.825449,1.340951,1.75735,16.636132,0.319574,-0.272141,-0.213325,-0.028646,0.638483,0.885194,1.074497,10.780789,0.133056,0.034406,0.218748,-0.213977,-0.186966,-0.455756,-0.682852,0.140755,0.016682,-5.251698,-0.020555,-0.135155,0.598259,0.6423,0.43209,0.376582,1,built_up,grade_B_blast_furnace_25to44,25-44% Mn (BF + Medium grade),0.119,38.41,1625.07,1432.68,104.75,293.23,736.99,4.46,6,0.2525,0.5004,0.1417,0.126,30.03,48.93,0.434,GRID_300M_08_00,151.46103140053924,7.5,7.5,7.6,7.6,7.7,7.8,41.6,42.9,45.3,46.4,45.4,46.0,17.1,16.9,15.4,15.1,16.1,16.7,41.3,40.1,39.2,38.5,38.5,37.3,15.3,8.9,6.5,5.3,3.3,2.6,1.55,1.57,1.62,1.65,1.66,1.66,31.9,32.3,32.0,32.2,32.3,32.8,6.1,5.3,6.2,7.1,7.8,9.5,29,MB300-0201,36.787003383601714,,,,,,,,,2232.98780680369,False,,,,,,,,,,,,,,,,,,2108.962079808041,False,True,,,,,,,,UNKNOWN
MASTER_08_01,8,1,21.827471,80.195424,4076.982422,232.26564,0,890,0.09,0.093414,0.119959,0.150383,0.240071,0.30732,0.241362,0.104908,0.123214,0.104344,0.237435,0.199773,0.120418,0.103998,0.016183,0.166346,0.031289,0.231311,-0.332757,-0.43873,0.155405,0.782717,1.288716,1.604257,12.17767,0.388143,-0.314886,-0.234969,-0.060214,0.600669,0.846091,0.993004,8.359067,0.156833,0.017871,0.203761,-0.215619,-0.182048,-0.442626,-0.611252,0.062348,0.015106,-3.779728,-0.002636,-0.107547,0.570923,0.6418,0.423514,0.257303,1,built_up,grade_B_blast_furnace_25to44,25-44% Mn (BF + Medium grade),0.244,38.41,1625.07,1432.68,104.75,293.23,736.99,4.46,6,0.2525,0.5004,0.1417,0.126,30.03,48.93,0.434,GRID_300M_08_01,127.60771237613844,7.4,7.5,7.5,7.6,7.7,7.8,41.7,43.5,45.7,47.3,46.0,46.5,17.7,17.3,15.9,15.1,16.2,17.0,40.6,39.2,38.4,37.6,37.7,36.6,14.5,8.7,6.6,5.4,3.5,2.8,1.55,1.58,1.62,1.65,1.66,1.66,31.2,31.7,31.5,31.7,31.7,32.1,5.9,5.3,6.1,6.6,7.0,8.9,29,MB300-0202,2.5558731728790245,,,,,,,,,2001.3446870321277,False,,,,,,,,,,,,,,,,,,2106.3057933594296,False,True,,,,,,,,UNKNOWN
MASTER_08_02,8,2,21.827477,80.198343,3843.183594,229.527512,0,896,0.09,0.090148,0.117056,0.138691,0.251427,0.285134,0.212327,0.100187,0.114855,0.089643,0.23257,0.172476,0.100723,0.107053,0.02543,0.164752,0.040174,0.29057,-0.360883,-0.415648,0.103246,0.739033,1.154562,1.519224,7.845567,0.438253,-0.331894,-0.186767,-0.123219,0.576548,0.741856,0.890538,6.964779,0.147683,0.028989,0.228881,-0.226465,-0.162485,-0.412706,-0.628686,0.057699,0.014744,-0.843961,-0.018857,-0.112657,0.544671,0.6447,0.443,0.280134,1,sparse_vegetation,grade_B_blast_furnace_25to44,25-44% Mn (BF + Medium grade),0.267,38.41,1625.07,1432.68,104.75,293.23,736.99,4.46,6,0.2525,0.5004,0.1417,0.126,30.03,48.93,0.434,GRID_300M_08_02,128.77294826998383,7.5,7.5,7.6,7.6,7.8,7.9,41.2,43.1,45.6,46.7,45.3,46.1,18.2,17.7,16.2,15.4,16.7,17.2,40.6,39.2,38.2,37.8,38.1,36.7,13.6,8.8,6.5,5.2,3.4,2.5,1.55,1.57,1.61,1.64,1.65,1.65,31.3,31.6,31.5,31.5,31.6,31.8,6.3,5.8,6.3,6.8,7.1,9.2,29,MB300-0203,3.2872649412791914,,,,,,,,,1744.8663347252082,False,,,,,,,,,,,,,,,,,,2107.1972567957396,False,True,,,,,,,,UNKNOWN
MASTER_08_03,8,3,21.827543,80.20124,3616.242676,226.544495,0,910,0.09,0.094679,0.122916,0.142943,0.280318,0.300464,0.227257,0.119991,0.129361,0.102907,0.254872,0.192782,0.125032,0.176407,0.026503,0.297811,0.035819,0.330197,-0.3902,-0.419955,0.077868,0.749481,1.085302,1.494469,10.042586,0.427532,-0.322943,-0.173382,-0.133477,0.619444,0.743654,0.845482,12.201904,0.097335,0.067257,0.246573,-0.211345,-0.130037,-0.341648,-0.648987,0.121404,0.009317,2.001163,-0.025447,-0.107682,0.526976,0.6246,0.447964,0.121978,1,sparse_vegetation,grade_B_blast_furnace_25to44,25-44% Mn (BF + Medium grade),0.359,38.8,1625.07,1432.68,104.75,293.23,736.99,4.46,6,0.2525,0.5004,0.1417,0.126,30.03,48.93,0.434,GRID_300M_08_03,134.45301315401963,7.4,7.5,7.6,7.6,7.8,7.8,40.5,42.3,45.4,47.1,45.6,46.6,18.4,18.0,16.2,15.2,16.4,17.0,41.1,39.7,38.4,37.7,37.9,36.5,14.0,8.9,6.1,5.2,3.2,2.4,1.54,1.57,1.61,1.64,1.64,1.64,31.3,31.6,31.6,31.7,31.7,31.9,6.1,5.7,6.3,7.4,7.6,9.5,29,MB300-0204,2.5603600000031292,,,,,,,,,1502.574158594575,False,,,,,,,,,,,,,,,,,,2114.4420729847147,False,True,,,,,,,,UNKNOWN
MASTER_08_04,8,4,21.827561,80.204166,3402.274902,223.07692,0,897,0.09,0.10609,0.135161,0.159227,0.285463,0.312563,0.238535,0.30263,0.294339,0.266637,0.353868,0.303341,0.24663,0.213301,0.030054,0.201556,0.031663,0.294285,-0.360463,-0.397937,0.08734,0.755814,1.104115,1.496151,8.869264,0.18614,-0.129342,-0.045978,-0.075144,0.787102,0.856783,0.890279,9.389244,-0.108145,0.231121,0.351959,-0.162484,0.031288,-0.247331,-0.605872,-0.011746,0.001609,0.535574,0.068406,-0.009222,0.533304,0.6196,0.496056,0.208473,1,waterlogged,grade_B_blast_furnace_25to44,25-44% Mn (BF + Medium grade),0.253,38.8,1625.07,1432.68,104.75,293.23,736.99,4.46,6,0.2525,0.5004,0.1417,0.126,30.03,48.93,0.434,GRID_300M_08_04,137.1165537618844,7.5,7.6,7.6,7.6,7.7,7.8,40.8,42.7,45.0,46.8,45.8,46.2,18.8,18.3,16.7,15.7,17.0,17.5,40.5,39.0,38.4,37.5,37.2,36.3,14.8,8.9,6.3,5.1,3.1,2.3,1.53,1.55,1.59,1.61,1.61,1.61,30.5,31.5,31.2,31.5,31.7,31.5,6.0,5.5,5.9,7.3,7.6,9.5,29,MB300-0205,3.896533893239473,,,,,,,,,1286.6894639492227,False,,,,,,,,,,,,,,,,,,2113.420224337527,False,True,,,,,,,,UNKNOWN
MASTER_08_05,8,5,21.827548,80.207059,3207.19873,219.165787,0,879,0.09,0.106194,0.133498,0.162536,0.258729,0.325672,0.255611,0.126177,0.137227,0.116357,0.227882,0.187163,0.125498,0.110958,0.024106,0.200524,0.036935,0.232635,-0.321867,-0.421303,0.144326,0.782875,1.265591,1.535033,7.018745,0.308449,-0.227097,-0.116193,-0.089481,0.652946,0.812197,0.912222,8.31031,0.075815,0.09477,0.30511,-0.233807,-0.129929,-0.453394,-0.622811,0.089566,0.012829,1.290401,-0.030847,-0.138509,0.558093,0.6507,0.479346,0.370876,1,sparse_vegetation,grade_B_blast_furnace_25to44,25-44% Mn (BF + Medium grade),0.275,38.8,1625.07,1432.68,104.75,293.23,736.99,4.46,6,0.2525,0.5004,0.1417,0.126,30.03,48.93,0.434,GRID_300M_08_05,135.09006810191894,7.5,7.6,7.6,7.7,7.8,7.8,40.7,42.6,44.8,46.4,45.3,45.7,18.7,18.2,16.6,15.9,17.3,17.8,40.6,39.2,38.6,37.7,37.4,36.5,15.6,9.7,6.2,5.0,3.1,2.3,1.53,1.55,1.58,1.6,1.6,1.6,30.6,31.2,31.1,31.2,31.3,31.1,6.3,5.9,6.3,7.7,8.0,9.7,29,MB300-0206,1.4465143075212836,,,,,,,,,1116.5199371154386,False,,,,,,,,,,,,,,,,,,2110.1082511462523,False,True,,,,,,,,UNKNOWN
MASTER_08_06,8,6,21.827578,80.209937,3025.970947,214.848068,0,871,0.09,0.099942,0.128803,0.149185,0.266153,0.293425,0.242673,0.18639,0.193906,0.179954,0.25313,0.231084,0.184229,0.232026,0.041055,0.431371,0.051657,0.304472,-0.356909,-0.385516,0.072024,0.793495,1.106221,1.463649,7.475714,0.176354,-0.134893,-0.072339,-0.043241,0.765847,0.906045,0.974287,10.393986,-0.128118,0.222017,0.313177,-0.115265,-0.027648,-0.200176,-0.489362,0.199345,0.010603,2.75031,-0.013023,-0.062341,0.517353,0.7039,0.472979,0.280138,1,waterlogged,grade_B_blast_furnace_25to44,25-44% Mn (BF + Medium grade),0.237,38.8,1625.07,1432.68,104.75,293.23,736.99,4.46,6,0.2525,0.5004,0.1417,0.126,30.03,48.93,0.434,GRID_300M_08_06,136.5236313997772,7.5,7.6,7.7,7.7,7.7,7.8,40.0,41.8,44.0,45.8,44.1,44.4,18.5,18.0,16.6,15.9,17.6,18.1,41.5,40.1,39.4,38.2,38.3,37.4,16.7,10.3,6.1,4.9,3.4,2.7,1.53,1.54,1.58,1.59,1.59,1.59,30.7,31.2,31.1,31.1,31.2,30.8,7.1,6.5,7.0,8.0,8.5,10.2,29,MB300-0207,2.059111781596616,,,,,,,,,1003.8735318981346,False,,,,,,,,,,,,,,,,,,2132.507687340544,False,True,,,,,,,,UNKNOWN
MASTER_08_07,8,7,21.82756,80.212821,2868.310791,209.949051,0,899,0.09,0.100432,0.127923,0.158938,0.26822,0.321526,0.262923,0.172328,0.183524,0.164704,0.303572,0.267847,0.197122,0.194451,0.034253,1.744875,0.045514,0.26619,-0.355377,-0.427508,0.122899,0.803701,1.208086,1.573987,8.040868,0.31393,-0.258268,-0.183302,-0.058299,0.709431,0.876838,0.966286,14.827106,0.04774,0.097109,0.244206,-0.181199,-0.094269,-0.331247,-0.607701,1.550424,0.011261,7.372999,0.035352,-0.053679,0.549383,0.7197,0.44013,0.357063,1,sparse_vegetation,grade_B_blast_furnace_25to44,25-44% Mn (BF + Medium grade),0.231,38.79,1625.07,1432.68,104.75,293.23,736.99,4.46,6,0.2525,0.5004,0.1417,0.126,30.03,48.93,0.434,GRID_300M_08_07,133.55120510980674,7.5,7.6,7.6,7.7,7.7,7.7,39.3,41.1,43.2,45.6,43.7,44.0,18.6,18.2,16.9,16.0,17.8,18.3,42.1,40.7,40.0,38.5,38.6,37.7,16.9,10.4,6.3,5.1,3.6,2.8,1.52,1.54,1.58,1.59,1.59,1.59,31.1,31.3,31.3,31.3,31.3,30.8,7.6,6.8,7.4,8.7,9.4,11.2,29,MB300-0208,3.485757901581772,,,,,,,,,977.8812275685264,False,,,,,,,,,,,,,,,,,,2190.347336585469,False,True,,,,,,,,UNKNOWN
MASTER_08_08,8,8,21.82756,80.215737,2730.718994,204.478806,0,898,0.09,0.104335,0.133756,0.160545,0.289433,0.322236,0.249432,0.122133,0.14075,0.113126,0.292713,0.222851,0.146317,0.163194,0.034079,0.352701,0.038855,0.290421,-0.367814,-0.414723,0.099377,0.772065,1.123234,1.533999,6.484014,0.440555,-0.344459,-0.210747,-0.114224,0.635496,0.76234,0.915352,12.821998,0.150135,0.023355,0.203975,-0.213601,-0.136569,-0.360894,-0.618647,0.189508,0.004776,6.297334,0.00328,-0.099385,0.539223,0.6181,0.429153,0.268374,1,sparse_vegetation,grade_B_blast_furnace_25to44,25-44% Mn (BF + Medium grade),0.382,38.79,1625.07,1432.68,104.75,293.23,736.99,4.46,6,0.2525,0.5004,0.1417,0.126,30.03,48.93,0.434,GRID_300M_08_08,133.9324345964936,7.5,7.6,7.6,7.7,7.7,7.8,39.3,41.2,43.2,45.8,43.8,44.2,18.8,18.3,16.9,16.0,17.9,18.3,41.9,40.6,39.8,38.2,38.4,37.5,16.6,10.7,6.2,5.1,3.6,2.9,1.52,1.54,1.59,1.59,1.59,1.6,30.9,31.1,31.1,31.1,31.2,30.7,7.5,6.7,7.4,8.6,9.5,11.1,29,MB300-0209,3.72637404582496,,,,,,,,,979.514870889906,False,,,,,,,,,,,,,,,,,,2289.004301103407,False,True,,,,,,,,UNKNOWN
MASTER_08_09,8,9,21.827594,80.218658,2616.789307,198.50621,0,899,0.09,0.098723,0.129094,0.158561,0.247817,0.299339,0.236871,0.10813,0.121885,0.097407,0.200703,0.146536,0.088687,0.107511,0.021073,0.14852,0.026658,0.218559,-0.308358,-0.390322,0.134944,0.7882,1.221412,1.591148,10.597513,0.330398,-0.228358,-0.07864,-0.117324,0.603336,0.742697,0.898762,9.310806,0.111839,0.079999,0.311683,-0.252267,-0.184864,-0.478715,-0.692386,0.041009,0.005585,-1.230661,-0.047114,-0.152803,0.563797,0.6433,0.493066,0.290323,1,waterlogged,grade_B_blast_furnace_25to44,25-44% Mn (BF + Medium grade),0.255,38.8,1625.07,1432.68,104.75,293.23,736.99,4.46,6,0.2525,0.5004,0.1417,0.126,30.03,48.93,0.434,GRID_300M_08_09,137.90983992727945,7.5,7.6,7.6,7.7,7.7,7.8,38.7,40.5,42.8,45.5,43.5,44.0,19.0,18.4,17.0,16.2,17.9,18.3,42.3,41.2,40.2,38.3,38.5,37.8,17.1,11.0,6.4,5.4,3.7,2.9,1.53,1.55,1.59,1.6,1.6,1.61,30.5,30.8,30.9,30.9,31.0,30.6,8.2,7.3,8.2,9.4,9.9,11.6,29,MB300-0210,1.0487341386227953,,,,,,,,,977.4094519521192,False,,,,,,,,,,,,,,,,,,2395.956837025541,False,True,,,,,,,,UNKNOWN
MASTER_08_10,8,10,21.827649,80.221579,2531.453857,192.076736,0,894,0.09,0.078489,0.105011,0.108262,0.269226,0.238788,0.16496,0.256265,0.248325,0.22262,0.284334,0.244973,0.183519,0.152014,0.029585,0.201186,0.038459,0.432508,-0.436643,-0.384782,-0.011346,0.679519,0.901052,1.346464,7.217508,0.152333,-0.083933,0.017411,-0.092086,0.700538,0.824406,0.851852,7.699478,-0.280175,0.35271,0.402193,-0.08074,0.021019,-0.076646,-0.494612,0.049171,0.008875,0.521251,0.015109,0.006185,0.481794,0.6125,0.510304,0.016779,0,waterlogged,grade_B_blast_furnace_25to44,25-44% Mn (BF + Medium grade),0.396,38.8,1625.07,1432.68,104.75,293.23,736.99,4.46,6,0.2525,0.5004,0.1417,0.126,30.03,48.93,0.434,GRID_300M_08_10,143.9732187448089,7.4,7.6,7.6,7.7,7.7,7.8,38.4,40.1,42.2,45.0,42.9,43.6,19.0,18.4,17.2,16.4,18.1,18.4,42.6,41.5,40.6,38.6,38.9,38.0,17.3,10.8,6.6,5.3,3.8,3.0,1.53,1.55,1.59,1.61,1.6,1.61,30.4,30.7,31.0,31.0,31.2,30.8,7.5,6.6,7.6,8.8,9.5,11.5,29,MB300-0211,4.171026493435196,,,,,,,,,972.9689294133211,False,,,,,,,,,,,,,,,,,,2402.080168333252,False,True,,,,,,,,UNKNOWN
MASTER_08_11,8,11,21.827649,80.224488,2486.067627,185.306656,0,898,0.09,0.083389,0.108701,0.123043,0.251155,0.266353,0.191134,0.622275,0.58407,0.549358,0.580225,0.543513,0.446607,0.115708,0.028896,0.162435,0.032911,0.344223,-0.394005,-0.418044,0.072038,0.712589,1.069652,1.462516,6.03523,0.031938,0.000591,0.034853,-0.049536,0.815354,0.934882,0.879694,8.466119,-0.312285,0.394596,0.452898,-0.121574,0.102766,-0.134771,-0.582822,0.046727,0.004015,2.427803,0.32907,0.27716,0.525682,0.6029,0.532964,0.033408,0,waterlogged,grade_B_blast_furnace_25to44,25-44% Mn (BF + Medium grade),0.265,38.8,1625.07,1432.68,104.75,293.23,736.99,4.46,6,0.2525,0.5004,0.1417,0.126,30.03,48.93,0.434,GRID_300M_08_11,143.97321874397076,7.5,7.5,7.6,7.7,7.7,7.8,38.0,39.8,41.3,45.0,42.6,43.3,19.3,18.7,17.7,16.6,18.6,18.9,42.7,41.5,41.0,38.4,38.9,37.8,16.3,10.7,6.5,5.0,3.8,2.9,1.53,1.55,1.59,1.6,1.61,1.61,30.4,30.7,30.8,30.7,30.8,30.9,7.9,7.2,8.7,9.6,10.2,12.0,29,MB300-0212,3.4347510248529534,,,,,,,,,974.4523427356611,False,,,,,,,,,,,,,,,,,,2401.5251726342563,False,True,,,,,,,,UNKNOWN
MASTER_08_12,8,12,21.827645,80.227389,2476.866455,178.405716,0,877,0.09,0.091518,0.120453,0.144789,0.276841,0.31109,0.228135,0.612804,0.574764,0.539355,0.553111,0.496807,0.404069,0.110173,0.028367,0.141291,0.025041,0.315984,-0.392839,-0.441332,0.104045,0.732309,1.128795,1.570334,5.744064,0.024703,0.011056,0.065999,-0.060701,0.802405,0.898006,0.875984,9.893666,-0.291281,0.403895,0.507331,-0.164745,0.070096,-0.23079,-0.694351,0.031118,-0.003326,4.114201,0.276269,0.185718,0.549245,0.6153,0.560231,0.057013,0,waterlogged,grade_B_blast_furnace_25to44,25-44% Mn (BF + Medium grade),0.319,39.05,1625.07,1432.68,104.75,293.23,736.99,4.46,6,0.2525,0.5004,0.1417,0.126,30.03,48.93,0.434,GRID_300M_08_12,143.25081466941168,7.5,7.5,7.6,7.7,7.8,7.8,38.5,40.2,41.7,45.0,42.4,43.1,19.0,18.4,17.4,16.5,18.5,18.8,42.5,41.3,40.8,38.4,39.1,38.1,16.4,10.8,6.5,5.0,3.7,2.9,1.53,1.55,1.59,1.61,1.61,1.61,30.4,30.5,30.5,30.5,30.6,30.6,9.0,7.9,9.6,10.1,10.7,12.4,29,MB300-0213,2.688689196634828,,,,,,,,,976.439024911597,False,,,,,,,,,,,,,,,,,,2402.0913345732715,False,True,,,,,,,,UNKNOWN
MASTER_08_13,8,13,21.827662,80.23025,2500.516357,171.63623,0,883,0.09,0.088861,0.118363,0.137924,0.280044,0.29188,0.213122,0.300616,0.281008,0.244325,0.289286,0.217017,0.163348,0.129606,0.028231,0.186667,0.036539,0.346044,-0.406203,-0.42322,0.072043,0.726433,1.048333,1.534736,6.828656,0.142246,-0.04058,0.156831,-0.164345,0.66414,0.6876,0.768236,6.976266,-0.203798,0.365623,0.580051,-0.236388,-0.062292,-0.360733,-0.766501,0.057061,0.008308,0.179763,0.009242,-0.074863,0.532559,0.6137,0.611174,0.00453,0,water_body,grade_B_blast_furnace_25to44,25-44% Mn (BF + Medium grade),0.328,39.05,1625.07,1432.68,104.75,293.23,736.99,4.46,6,0.2525,0.5004,0.1417,0.126,30.03,48.93,0.434,GRID_300M_08_13,142.86617430160456,7.4,7.5,7.6,7.7,7.8,7.9,39.1,40.9,42.4,45.3,42.7,43.2,19.0,18.3,17.2,16.4,18.3,18.7,41.9,40.9,40.5,38.3,39.0,38.1,16.2,10.5,6.5,5.3,3.6,2.8,1.54,1.56,1.59,1.61,1.62,1.62,30.4,30.5,30.5,30.4,30.4,30.5,11.2,10.3,12.7,13.5,14.1,14.6,29,MB300-0214,1.712077581295989,,,,,,,,,975.8415690942737,False,,,,,,,,,,,,,,,,,,2402.4641877737854,False,True,,,,,,,,UNKNOWN
MASTER_08_14,8,14,21.827649,80.233139,2562.259033,165.041992,0,898,0.09,0.090136,0.11908,0.138966,0.266376,0.285737,0.210512,0.152769,0.14983,0.121726,0.180275,0.12658,0.0855,0.127944,0.029678,0.153793,0.025369,0.319404,-0.381866,-0.409908,0.082195,0.729932,1.078704,1.528758,7.22115,0.217045,-0.098166,0.116857,-0.172667,0.621671,0.663057,0.774867,8.701012,-0.102359,0.2837,0.526765,-0.254862,-0.108261,-0.415647,-0.75389,0.025849,-0.004309,1.518463,-0.086101,-0.159157,0.537517,0.6087,0.591786,0.062361,0,water_body,grade_B_blast_furnace_25to44,25-44% Mn (BF + Medium grade),0.241,39.05,1625.07,1432.68,104.75,293.23,736.99,4.46,6,0.2525,0.5004,0.1417,0.126,30.03,48.93,0.434,GRID_300M_08_14,140.74060662640323,7.4,7.5,7.5,7.7,7.8,7.8,39.7,41.3,43.1,46.0,43.4,43.8,18.7,18.0,16.6,16.1,17.9,18.2,41.6,40.8,40.3,37.9,38.7,38.0,16.3,10.2,6.3,5.5,3.4,2.6,1.53,1.54,1.58,1.61,1.61,1.61,30.3,30.7,30.8,30.6,30.7,30.6,13.4,13.2,16.6,16.0,16.4,16.8,29,MB300-0215,3.8698729470528015,,,,,,,,,978.6473868791625,False,,,,,,,,,,,,,,,,,,2396.3149163251915,False,True,,,,,,,,UNKNOWN
MASTER_08_15,8,15,21.827649,80.236059,2655.868896,158.758789,0,896,0.09,0.080953,0.109994,0.119777,0.262265,0.252768,0.177509,0.487284,0.445503,0.39621,0.452209,0.362538,0.286078,0.117456,0.029404,0.144621,0.025961,0.377306,-0.407981,-0.389608,0.03342,0.693594,0.973988,1.459262,5.678968,0.104008,-0.036124,0.077073,-0.110825,0.759851,0.798209,0.808909,8.447872,-0.273298,0.371857,0.466681,-0.144244,0.066257,-0.175778,-0.650353,0.027166,-0.003443,2.76916,0.189944,0.10977,0.513715,0.6094,0.550188,0.055804,0,water_body,grade_B_blast_furnace_25to44,25-44% Mn (BF + Medium grade),0.284,39.05,1625.07,1432.68,104.75,293.23,736.99,4.46,6,0.2525,0.5004,0.1417,0.126,30.03,48.93,0.434,GRID_300M_08_15,141.20666923745887,7.4,7.5,7.5,7.6,7.7,7.8,39.3,40.8,42.6,45.0,42.4,42.7,18.7,18.0,16.7,16.4,18.1,18.4,42.1,41.2,40.6,38.6,39.5,38.8,16.4,10.5,6.6,5.7,3.3,2.7,1.51,1.53,1.56,1.6,1.6,1.6,30.4,30.7,30.9,30.8,30.9,30.7,13.6,13.5,16.5,15.9,15.8,16.2,29,MB300-0216,4.194936554110243,,,,,,,,,980.3109563826608,False,,,,,,,,,,,,,,,,,,2397.519358310704,False,True,,,,,,,,UNKNOWN
MASTER_08_16,8,16,21.827716,80.238963,2771.572998,152.929184,0,914,0.09,0.075076,0.102572,0.104834,0.262711,0.233342,0.160563,0.178323,0.180132,0.142434,0.287503,0.196965,0.11899,0.117755,0.031302,0.182791,0.03,0.433839,-0.437858,-0.383668,-0.008523,0.677602,0.897486,1.376565,5.051985,0.38157,-0.26563,-0.072801,-0.164257,0.577461,0.675424,0.815291,9.478702,-0.052269,0.172229,0.310867,-0.155734,-0.100141,-0.222062,-0.561273,0.065036,-0.001302,4.40896,0.024791,-0.036376,0.486705,0.5942,0.478758,0.041575,0,waterlogged,grade_B_blast_furnace_25to44,25-44% Mn (BF + Medium grade),0.322,39.21,1625.07,1432.68,104.75,293.23,736.99,4.46,6,0.2525,0.5004,0.1417,0.126,30.03,48.93,0.434,GRID_300M_08_16,147.86751185484417,7.4,7.4,7.5,7.5,7.6,7.7,39.0,40.5,42.4,44.6,41.8,42.2,18.6,18.0,16.8,16.4,18.1,18.5,42.4,41.5,40.8,39.0,40.0,39.3,17.3,10.6,7.0,5.8,3.6,2.9,1.5,1.52,1.55,1.59,1.6,1.6,30.3,30.6,30.9,30.9,30.9,30.7,13.7,14.1,17.4,16.3,15.8,16.4,29,MB300-0217,2.303647785266883,,,,,,,,,974.3162650200741,False,,,,,,,,,,,,,,,,,,2404.5388605802177,False,True,,,,,,,,UNKNOWN
MASTER_08_17,8,17,21.827743,80.241888,2918.563232,147.625992,0,896,0.09,0.09795,0.131646,0.155355,0.293124,0.32624,0.256094,0.106822,0.128243,0.105313,0.296104,0.241028,0.152685,0.161295,0.029094,0.28615,0.045277,0.316248,-0.381995,-0.424021,0.095669,0.776213,1.11505,1.564982,7.814598,0.469897,-0.386837,-0.292501,-0.081965,0.62217,0.817169,0.97579,9.400169,0.153649,-0.004842,0.13152,-0.177634,-0.154043,-0.297881,-0.589192,0.124856,0.016183,1.367941,0.00298,-0.085211,0.538406,0.6687,0.386382,0.214286,1,sparse_vegetation,grade_B_blast_furnace_25to44,25-44% Mn (BF + Medium grade),0.306,39.21,1625.07,1432.68,104.75,293.23,736.99,4.46,6,0.2525,0.5004,0.1417,0.126,30.03,48.93,0.434,GRID_300M_08_17,151.32176938686453,7.4,7.4,7.5,7.5,7.6,7.6,39.0,40.6,42.8,45.0,42.2,43.0,18.6,18.0,16.7,16.3,18.0,18.2,42.4,41.5,40.5,38.7,39.9,38.8,17.2,11.1,7.1,5.8,3.5,2.8,1.51,1.53,1.56,1.59,1.6,1.6,30.6,30.9,30.9,30.8,30.9,30.9,13.7,13.8,17.2,16.3,15.5,16.0,29,MB300-0218,3.6668958253233384,,,,,,,,,973.0092481383408,False,,,,,,,,,,,,,,,,,,2407.5393699313945,False,True,,,,,,,,UNKNOWN
MASTER_08_18,8,18,21.827741,80.244807,3090.262939,142.914108,0,899,0.09,0.101593,0.136163,0.162817,0.291529,0.332719,0.265476,0.098363,0.122256,0.098187,0.307571,0.242838,0.155152,0.154238,0.025156,0.286156,0.042394,0.290173,-0.364689,-0.420733,0.109939,0.793108,1.149396,1.594077,8.546889,0.51812,-0.42901,-0.324388,-0.095904,0.620253,0.800283,0.980157,9.719797,0.227947,-0.064322,0.096346,-0.205843,-0.172854,-0.349113,-0.61392,0.131918,0.017238,1.248266,0.016042,-0.089881,0.546764,0.6267,0.374858,0.304783,1,sparse_vegetation,grade_B_blast_furnace_25to44,25-44% Mn (BF + Medium grade),0.275,39.21,1625.07,1432.68,104.75,293.23,736.99,4.46,6,0.2525,0.5004,0.1417,0.126,30.03,48.93,0.434,GRID_300M_08_18,151.56997749579884,7.4,7.4,7.5,7.6,7.6,7.7,39.1,40.7,43.0,45.4,42.5,43.6,19.1,18.4,17.0,16.4,18.2,18.5,41.8,40.8,39.9,38.3,39.4,37.8,17.2,11.3,7.0,5.9,3.3,2.7,1.51,1.53,1.55,1.59,1.6,1.6,31.3,31.5,31.5,31.3,31.4,31.5,13.4,13.5,17.1,16.3,15.3,15.8,29,MB300-0219,3.3973523530639467,,,,,,,,,1036.5090776335906,False,,,,,,,,,,,,,,,,,,2407.316295130945,False,True,,,,,,,,UNKNOWN
MASTER_08_19,8,19,21.827729,80.247695,3279.236084,138.777481,0,881,0.09,0.099245,0.131621,0.152302,0.280301,0.31027,0.245033,0.09775,0.120429,0.098099,0.268776,0.221807,0.146694,0.18302,0.026616,0.28376,0.031295,0.302714,-0.362613,-0.40437,0.093285,0.78365,1.110829,1.528557,9.315468,0.467706,-0.378599,-0.281602,-0.078796,0.637454,0.820847,0.990411,14.997603,0.164992,-0.015986,0.122768,-0.172081,-0.146196,-0.289983,-0.538146,0.10074,0.004679,5.664432,-0.011525,-0.088463,0.533141,0.6147,0.386068,0.240636,1,sparse_vegetation,grade_B_blast_furnace_25to44,25-44% Mn (BF + Medium grade),0.206,39.15,1625.07,1432.68,104.75,293.23,736.99,4.46,6,0.2525,0.5004,0.1417,0.126,30.03,48.93,0.434,GRID_300M_08_19,149.48239758020244,7.4,7.4,7.5,7.5,7.6,7.6,39.1,41.0,43.2,45.2,42.2,43.5,19.3,18.6,17.3,16.7,18.5,18.8,41.6,40.5,39.6,38.0,39.3,37.7,17.3,11.0,6.9,6.0,3.3,2.9,1.51,1.53,1.56,1.59,1.6,1.6,30.9,31.3,31.3,31.1,31.1,30.9,12.8,13.1,17.0,16.3,15.1,15.7,29,MB300-0220,1.6756872903601276,,,,,,,,,1175.5017105918635,False,,,,,,,,,,,,,,,,,,2406.550973451948,False,True,,,,,,,,UNKNOWN
MASTER_08_20,8,20,21.827749,80.250566,3479.702148,135.087952,0,882,0.09,0.083559,0.114813,0.126851,0.26973,0.257055,0.182202,0.085359,0.102043,0.074991,0.21151,0.137603,0.075217,0.101223,0.025064,0.134878,0.021375,0.371006,-0.404788,-0.374139,0.028784,0.697615,0.948979,1.491167,5.753227,0.472282,-0.342044,-0.126766,-0.173249,0.541258,0.639518,0.874269,11.110273,0.101276,0.062744,0.247374,-0.202033,-0.156357,-0.309461,-0.616899,0.033655,-0.003689,5.311594,-0.05822,-0.119452,0.516708,0.6398,0.458074,0.121315,1,sparse_vegetation,grade_B_blast_furnace_25to44,25-44% Mn (BF + Medium grade),0.241,39.15,1625.07,1432.68,104.75,293.23,736.99,4.46,6,0.2525,0.5004,0.1417,0.126,30.03,48.93,0.434,GRID_300M_08_20,150.09336045184355,7.4,7.4,7.5,7.5,7.6,7.6,38.4,40.2,42.9,45.0,42.0,43.2,19.5,18.8,17.4,16.9,18.6,18.9,42.0,40.9,39.7,38.2,39.4,37.8,17.2,11.0,6.9,5.8,3.3,3.0,1.52,1.54,1.57,1.59,1.6,1.61,31.0,31.2,31.2,30.9,31.0,30.9,13.1,13.4,17.3,16.4,15.0,15.9,29,MB300-0221,1.8730829904029669,,,,,,,,,1362.736131130704,False,,,,,,,,,,,,,,,,,,2405.792611948474,False,True,,,,,,,,UNKNOWN
MASTER_08_21,8,21,21.827751,80.253461,3696.172852,131.80983,0,891,0.09,0.095062,0.130158,0.159196,0.280337,0.327035,0.254203,0.12972,0.14303,0.117228,0.24173,0.177788,0.115426,0.095677,0.019823,0.119873,0.020129,0.284079,-0.367392,-0.424752,0.118031,0.767698,1.168281,1.654115,7.405407,0.382744,-0.28075,-0.118641,-0.128347,0.621945,0.720428,0.904482,9.651262,0.098665,0.086642,0.306111,-0.246379,-0.145753,-0.447853,-0.749633,0.024196,0.000306,2.263487,-0.038607,-0.149247,0.562758,0.6411,0.480923,0.382716,1,sparse_vegetation,grade_B_blast_furnace_25to44,25-44% Mn (BF + Medium grade),0.257,39.02,1625.07,1432.68,104.75,293.23,736.99,4.46,6,0.2525,0.5004,0.1417,0.126,30.03,48.93,0.434,GRID_300M_08_21,149.8155291987164,7.4,7.4,7.5,7.5,7.5,7.6,38.8,40.5,43.4,45.7,42.8,43.9,19.6,19.0,17.5,16.9,18.6,19.0,41.6,40.5,39.1,37.4,38.6,37.1,16.8,10.8,6.9,5.7,3.3,3.0,1.51,1.53,1.56,1.59,1.6,1.61,30.9,31.1,31.1,30.8,30.9,30.8,12.8,13.1,17.4,16.6,15.3,16.3,29,MB300-0222,3.105723323873817,,,,,,,,,1586.9469056586634,False,,,,,,,,,,,,,,,,,,2402.094427778771,False,True,,,,,,,,UNKNOWN
MASTER_08_22,8,22,21.827751,80.256386,3925.963623,128.876938,0,904,0.09,0.10036,0.132823,0.16692,0.272179,0.350776,0.280404,0.137298,0.142944,0.117211,0.215036,0.157509,0.108706,0.089454,0.01655,0.135334,0.023771,0.246194,-0.345573,-0.44731,0.156447,0.792706,1.28886,1.649969,8.275323,0.310407,-0.209015,-0.047015,-0.131905,0.671873,0.722423,0.849751,8.699992,0.064213,0.136558,0.400296,-0.288352,-0.120833,-0.566437,-0.800219,0.04588,0.007221,0.443519,-0.057143,-0.193267,0.573783,0.6274,0.527336,0.42146,1,waterlogged,grade_B_blast_furnace_25to44,25-44% Mn (BF + Medium grade),0.198,39.02,1625.07,1432.68,104.75,293.23,736.99,4.46,6,0.2525,0.5004,0.1417,0.126,30.03,48.93,0.434,GRID_300M_08_22,150.4519705078761,7.4,7.4,7.5,7.5,7.5,7.6,39.0,40.6,43.8,46.3,43.5,44.5,19.7,19.1,17.4,16.8,18.4,18.9,41.2,40.2,38.8,36.9,38.1,36.6,16.7,10.8,6.9,5.6,3.4,3.0,1.51,1.53,1.56,1.59,1.6,1.61,31.0,31.2,31.3,30.9,31.1,31.0,12.3,12.6,16.9,16.3,15.4,16.4,29,MB300-0223,3.0339215986000814,,,,,,,,,1835.4225687473884,False,,,,,,,,,,,,,,,,,,2403.8590106758284,False,True,,,,,,,,UNKNOWN
MASTER_08_23,8,23,21.827813,80.259282,4158.314453,126.22126,0,910,0.09,0.082375,0.109782,0.120889,0.275792,0.283809,0.209738,0.18576,0.191124,0.159881,0.303078,0.226223,0.152032,0.127823,0.026336,0.181462,0.042793,0.399103,-0.429573,-0.435878,0.048289,0.723176,1.041623,1.432765,7.493746,0.372331,-0.275757,-0.130403,-0.12755,0.638425,0.736831,0.874684,6.810146,-0.026772,0.153816,0.305475,-0.175838,-0.084751,-0.304792,-0.558081,0.053639,0.016457,-0.660263,0.027286,-0.057586,0.506565,0.6532,0.466631,0.089011,0,sparse_vegetation,grade_B_blast_furnace_25to44,25-44% Mn (BF + Medium grade),0.25,39.02,1625.07,1432.68,104.75,293.23,736.99,4.46,6,0.2525,0.5004,0.1417,0.126,30.03,48.93,0.434,GRID_300M_08_23,156.42338966977547,7.4,7.4,7.4,7.4,7.5,7.6,38.8,40.1,43.7,47.1,44.2,44.9,19.7,19.2,17.1,16.3,17.9,18.4,41.5,40.7,39.2,36.6,37.9,36.7,17.2,10.9,6.8,5.6,3.6,3.1,1.51,1.54,1.56,1.59,1.59,1.6,30.9,31.0,31.2,31.0,31.1,31.1,12.6,13.2,17.2,16.7,16.2,17.1,29,MB300-0224,2.6580725722640492,,,,,,,,,2092.209078358129,False,,,,,,,,,,,,,,,,,,2410.3299274274823,False,True,,,,,,,,UNKNOWN
MASTER_08_24,8,24,21.827831,80.261822,4371.063965,124.172295,0,660,0.09,0.075566,0.10071,0.104237,0.268108,0.25809,0.181919,0.289092,0.290798,0.255249,0.424762,0.329452,0.247991,0.120169,0.032957,0.228198,0.045829,0.446586,-0.451666,-0.430872,0.014405,0.689511,0.972639,1.347594,5.833491,0.331901,-0.256275,-0.135884,-0.108826,0.720888,0.771894,0.908994,6.429697,-0.114684,0.195392,0.294989,-0.123231,0.031377,-0.200745,-0.4386,0.108029,0.012873,0.65743,0.156654,0.071362,0.485508,0.6407,0.454355,0.025758,0,dense_vegetation,grade_B_blast_furnace_25to44,25-44% Mn (BF + Medium grade),0.434,39.02,1625.07,1432.68,104.75,293.23,736.99,4.46,6,0.2525,0.5004,0.1417,0.126,30.03,48.93,0.434,GRID_300M_08_24,149.68296642640135,7.3,7.4,7.4,7.5,7.6,7.6,38.8,40.1,43.6,47.2,44.4,45.1,19.5,18.9,17.1,16.2,17.7,18.2,41.6,40.9,39.3,36.6,37.9,36.8,17.0,11.0,6.7,5.5,3.6,3.2,1.51,1.54,1.56,1.58,1.58,1.58,30.8,31.0,31.3,31.3,31.4,31.3,12.7,13.5,17.6,17.1,16.6,17.4,29,MB300-0225,38.6562998010759,,,,,,,,,2327.4816745037583,False,,,,,,,,,,,,,,,,,,2412.0870732353633,False,True,,,,,,,,UNKNOWN
MASTER_09_00,9,0,21.830183,80.192891,4118.424805,237.807556,0,640,0.09,0.104326,0.144169,0.190571,0.259523,0.354255,0.302531,0.103218,0.132479,0.120815,0.256136,0.227754,0.145722,0.090209,0.009011,0.202317,0.035898,0.153961,-0.286188,-0.422151,0.199458,0.853816,1.368469,1.827122,15.834621,0.359666,-0.317942,-0.264313,-0.015549,0.639124,0.890812,1.16825,8.2703,0.205705,-0.031754,0.157839,-0.215007,-0.214692,-0.477657,-0.658872,0.112108,0.026887,-7.402878,-0.003387,-0.126501,0.610913,0.6486,0.405542,0.398438,1,built_up,grade_B_blast_furnace_25to44,25-44% Mn (BF + Medium grade),0.159,38.0,1625.07,1432.68,104.75,293.23,736.99,4.46,6,0.2525,0.5004,0.1417,0.126,30.03,48.93,0.434,GRID_300M_09_00,152.5586695495415,7.5,7.5,7.6,7.6,7.7,7.8,41.2,43.0,44.8,46.2,44.8,44.8,17.5,17.0,15.9,15.4,16.6,17.4,41.3,39.9,39.4,38.4,38.6,37.7,15.4,8.9,6.4,4.8,3.0,2.8,1.55,1.58,1.63,1.64,1.65,1.64,31.9,32.4,32.2,32.5,32.5,32.8,6.6,5.6,6.3,7.0,7.2,9.0,29,MB300-0226,38.64660484562226,,,,,,,,,2116.8650563882165,False,,,,,,,,,,,,,,,,,,2410.638142808486,False,True,,,,,,,,UNKNOWN
MASTER_09_01,9,1,21.830182,80.195421,3900.395752,235.765594,0,886,0.09,0.095419,0.123235,0.152833,0.261733,0.319484,0.246181,0.094511,0.114814,0.091644,0.255944,0.187009,0.11143,0.125287,0.020089,0.193188,0.030047,0.265853,-0.35891,-0.443198,0.136622,0.767346,1.231301,1.591963,9.469183,0.470965,-0.376883,-0.229256,-0.120843,0.586495,0.73543,0.961022,9.484527,0.205111,-0.017973,0.213942,-0.257465,-0.180851,-0.495871,-0.630941,0.067901,0.009958,-0.067924,-0.005788,-0.132475,0.562009,0.6235,0.433993,0.290068,1,sparse_vegetation,grade_B_blast_furnace_25to44,25-44% Mn (BF + Medium grade),0.321,38.41,1625.07,1432.68,104.75,293.23,736.99,4.46,6,0.2525,0.5004,0.1417,0.126,30.03,48.93,0.434,GRID_300M_09_01,128.58771874324043,7.4,7.5,7.5,7.6,7.7,7.8,40.9,42.8,45.1,46.7,45.0,45.4,18.5,17.9,16.4,15.6,16.9,17.7,40.6,39.3,38.5,37.7,38.1,37.0,14.6,9.0,6.5,5.1,3.3,3.0,1.55,1.57,1.62,1.64,1.65,1.64,31.6,32.1,32.1,32.3,32.2,32.3,6.5,5.8,6.4,7.5,7.4,8.8,29,MB300-0227,2.2359693811094554,,,,,,,,,1871.4429278595771,False,,,,,,,,,,,,,,,,,,2408.0930013247594,False,True,,,,,,,,UNKNOWN
MASTER_09_02,9,2,21.830205,80.198342,3653.941406,233.143066,0,906,0.09,0.100495,0.13664,0.165913,0.28409,0.330387,0.254789,0.095023,0.11471,0.091617,0.249422,0.168548,0.099071,0.096018,0.021036,0.1916,0.037899,0.28048,-0.358691,-0.420921,0.116287,0.762046,1.17278,1.607728,8.742373,0.464702,-0.363488,-0.163859,-0.15746,0.566777,0.666928,0.940005,8.162681,0.184222,-0.004797,0.257063,-0.273747,-0.195268,-0.505852,-0.667723,0.095582,0.016863,-0.503155,-0.034668,-0.161838,0.557486,0.6769,0.462834,0.277042,1,sparse_vegetation,grade_B_blast_furnace_25to44,25-44% Mn (BF + Medium grade),0.32,38.41,1625.07,1432.68,104.75,293.23,736.99,4.46,6,0.2525,0.5004,0.1417,0.126,30.03,48.93,0.434,GRID_300M_09_02,131.4739618154648,7.4,7.5,7.5,7.6,7.7,7.8,40.5,42.2,45.2,46.8,44.9,45.9,18.7,18.2,16.5,15.5,17.0,17.5,40.9,39.6,38.3,37.7,38.1,36.7,13.9,9.0,6.5,5.1,3.4,2.8,1.55,1.57,1.61,1.64,1.64,1.64,31.5,31.9,31.9,32.1,32.0,32.0,6.6,5.8,6.1,7.1,7.1,8.4,29,MB300-0228,2.4020118103602077,,,,,,,,,1593.271271591855,False,,,,,,,,,,,,,,,,,,2410.875979666939,False,True,,,,,,,,UNKNOWN
MASTER_09_03,9,3,21.830264,80.201252,3414.624756,230.213348,0,897,0.09,0.088524,0.117378,0.134773,0.280728,0.278141,0.198536,0.091999,0.102698,0.076418,0.197522,0.117656,0.066113,0.127032,0.030671,0.196873,0.029746,0.353698,-0.408168,-0.404391,0.052086,0.709956,0.999333,1.506058,6.085242,0.43771,-0.308759,-0.051717,-0.202793,0.552681,0.590816,0.826629,10.600641,0.084012,0.099408,0.352674,-0.254879,-0.157275,-0.408517,-0.679429,0.069841,-0.000925,4.527391,-0.083207,-0.160485,0.525055,0.6043,0.509644,0.061315,0,waterlogged,grade_B_blast_furnace_25to44,25-44% Mn (BF + Medium grade),0.311,38.41,1625.07,1432.68,104.75,293.23,736.99,4.46,6,0.2525,0.5004,0.1417,0.126,30.03,48.93,0.434,GRID_300M_09_03,137.1946672768389,7.4,7.4,7.5,7.6,7.7,7.8,40.5,42.2,45.0,46.6,44.8,45.7,18.6,18.2,16.6,15.6,17.0,17.4,40.9,39.6,38.4,37.8,38.1,36.9,13.9,8.9,6.4,5.0,3.2,2.5,1.55,1.57,1.61,1.63,1.64,1.64,31.2,31.7,31.7,31.9,31.9,31.8,6.6,5.8,6.0,7.3,7.4,8.7,29,MB300-0229,4.701890799308385,,,,,,,,,1324.4144786539764,False,,,,,,,,,,,,,,,,,,2417.334576288772,False,True,,,,,,,,UNKNOWN
MASTER_09_04,9,4,21.830251,80.204146,3192.191162,226.766144,0,881,0.09,0.100301,0.131712,0.15407,0.285813,0.302467,0.225448,0.140509,0.145729,0.116238,0.23718,0.160118,0.108942,0.103902,0.028643,0.178634,0.027432,0.304497,-0.369501,-0.391148,0.07814,0.739574,1.06532,1.527421,5.369858,0.362738,-0.248321,-0.030008,-0.174494,0.643965,0.649494,0.820692,10.918934,0.058241,0.121179,0.361139,-0.252634,-0.095609,-0.415826,-0.706728,0.074732,-0.001211,5.525269,-0.048633,-0.142349,0.536373,0.6298,0.516609,0.1521,1,waterlogged,grade_B_blast_furnace_25to44,25-44% Mn (BF + Medium grade),0.308,38.8,1625.07,1432.68,104.75,293.23,736.99,4.46,6,0.2525,0.5004,0.1417,0.126,30.03,48.93,0.434,GRID_300M_09_04,135.22242706135972,7.5,7.6,7.6,7.6,7.7,7.8,40.5,42.2,45.0,46.4,44.8,45.3,18.6,18.2,16.5,15.8,17.3,17.6,40.9,39.5,38.5,37.9,38.0,37.0,13.7,8.9,6.3,5.1,3.2,2.3,1.53,1.56,1.59,1.61,1.62,1.61,30.5,31.2,31.2,31.4,31.5,31.4,6.4,5.7,5.8,7.2,7.3,9.1,29,MB300-0230,2.112127093529378,,,,,,,,,1078.9265140840664,False,,,,,,,,,,,,,,,,,,2412.876239892729,False,True,,,,,,,,UNKNOWN
MASTER_09_05,9,5,21.830274,80.207011,2982.155273,222.914413,0,884,0.09,0.098269,0.128403,0.160225,0.278838,0.321801,0.236129,0.108609,0.117355,0.092225,0.196906,0.125849,0.078874,0.106129,0.022505,0.150185,0.029942,0.280317,-0.371259,-0.428045,0.115674,0.728971,1.155282,1.606613,7.22592,0.364418,-0.252053,-0.027199,-0.172893,0.618606,0.637443,0.846405,8.566202,0.084101,0.119207,0.400846,-0.288567,-0.110365,-0.517839,-0.760208,0.044056,0.007437,1.327961,-0.081932,-0.195952,0.562781,0.6337,0.532388,0.238688,1,waterlogged,grade_B_blast_furnace_25to44,25-44% Mn (BF + Medium grade),0.421,38.8,1625.07,1432.68,104.75,293.23,736.99,4.46,6,0.2525,0.5004,0.1417,0.126,30.03,48.93,0.434,GRID_300M_09_05,135.36677831968734,7.5,7.6,7.6,7.7,7.8,7.9,40.4,42.3,44.8,46.3,44.5,45.0,18.9,18.4,16.6,16.0,17.6,18.1,40.7,39.3,38.6,37.8,37.9,36.9,14.3,9.2,6.1,5.0,3.2,2.4,1.53,1.55,1.59,1.6,1.61,1.61,30.7,31.0,31.0,31.2,31.3,31.2,6.5,5.7,6.0,7.3,7.6,9.3,29,MB300-0231,2.6507082720954123,,,,,,,,,866.4576754972005,False,,,,,,,,,,,,,,,,,,2413.5928344395,False,True,,,,,,,,UNKNOWN
MASTER_09_06,9,6,21.830263,80.20993,2787.05835,218.365234,0,869,0.09,0.073712,0.097451,0.09829,0.253897,0.216853,0.146937,0.205157,0.20647,0.175751,0.279994,0.208361,0.152479,0.107871,0.02849,0.119566,0.029079,0.441941,-0.441893,-0.371227,-0.02887,0.665813,0.875989,1.313608,6.097635,0.251504,-0.166233,-0.001442,-0.127695,0.702163,0.727413,0.86741,7.244041,-0.190436,0.27566,0.369785,-0.098824,0.036349,-0.148576,-0.446198,0.011695,0.000589,1.17136,0.026096,-0.008491,0.474058,0.5994,0.500958,0.03107,0,waterlogged,grade_B_blast_furnace_25to44,25-44% Mn (BF + Medium grade),0.393,38.8,1625.07,1432.68,104.75,293.23,736.99,4.46,6,0.2525,0.5004,0.1417,0.126,30.03,48.93,0.434,GRID_300M_09_06,134.8078740664558,7.5,7.6,7.6,7.7,7.8,7.8,40.0,42.0,44.0,45.8,43.8,44.3,18.8,18.2,16.7,16.1,17.9,18.4,41.2,39.8,39.3,38.1,38.3,37.4,16.1,9.9,6.1,4.9,3.3,2.5,1.52,1.54,1.58,1.59,1.6,1.6,30.4,31.0,31.0,31.0,31.1,31.1,7.0,6.2,6.9,7.8,8.0,9.8,29,MB300-0232,1.0487341390676523,,,,,,,,,717.663905005772,False,,,,,,,,,,,,,,,,,,2428.968402400579,False,True,,,,,,,,UNKNOWN
MASTER_09_07,9,7,21.830261,80.212822,2612.768799,213.232086,0,898,0.09,0.082947,0.105449,0.108318,0.257757,0.244971,0.179536,0.116117,0.133355,0.10725,0.278075,0.223881,0.143278,0.170358,0.037756,0.243625,0.049223,0.413719,-0.418532,-0.394008,0.006479,0.718071,0.971927,1.283949,6.428671,0.439209,-0.346653,-0.246965,-0.08934,0.626205,0.814073,0.923176,7.694571,0.02549,0.07188,0.147043,-0.095819,-0.091866,-0.157854,-0.360773,0.073267,0.011467,1.28009,0.020318,-0.02109,0.474063,0.592,0.388051,0.099109,0,sparse_vegetation,grade_B_blast_furnace_25to44,25-44% Mn (BF + Medium grade),0.379,38.79,1625.07,1432.68,104.75,293.23,736.99,4.46,6,0.2525,0.5004,0.1417,0.126,30.03,48.93,0.434,GRID_300M_09_07,133.79643456611473,7.5,7.5,7.6,7.7,7.7,7.8,39.2,41.1,42.9,45.6,43.2,43.8,19.3,18.5,17.2,16.2,18.2,18.6,41.5,40.3,39.9,38.2,38.5,37.6,16.8,10.1,6.2,4.9,3.4,2.6,1.52,1.54,1.58,1.6,1.6,1.6,30.5,31.0,30.9,30.8,30.9,30.7,7.0,6.2,7.3,8.1,8.8,10.2,29,MB300-0233,3.0901866226025922,,,,,,,,,677.9266098037443,False,,,,,,,,,,,,,,,,,,2481.5001808538195,False,True,,,,,,,,UNKNOWN
MASTER_09_08,9,8,21.830273,80.215745,2459.497559,207.369827,0,905,0.09,0.107947,0.132548,0.152658,0.261195,0.300525,0.250477,0.12007,0.138096,0.122199,0.280076,0.264371,0.193265,0.205574,0.033001,0.3625,0.052531,0.267478,-0.32803,-0.391318,0.098517,0.828674,1.165524,1.411753,8.394453,0.394038,-0.336509,-0.309811,-0.024899,0.714867,0.961793,1.003365,9.53508,0.12656,-0.008479,0.081507,-0.123416,-0.113807,-0.203731,-0.408388,0.156926,0.01953,1.150467,0.018881,-0.036154,0.51572,0.5988,0.361758,0.316022,1,sparse_vegetation,grade_B_blast_furnace_25to44,25-44% Mn (BF + Medium grade),0.307,38.79,1625.07,1432.68,104.75,293.23,736.99,4.46,6,0.2525,0.5004,0.1417,0.126,30.03,48.93,0.434,GRID_300M_09_08,135.69652052128993,7.5,7.5,7.6,7.7,7.7,7.8,39.0,40.8,42.9,45.6,43.2,43.7,19.3,18.6,17.1,16.2,18.2,18.6,41.7,40.6,40.0,38.2,38.6,37.7,16.6,10.6,6.2,5.0,3.5,2.7,1.53,1.55,1.59,1.61,1.61,1.61,30.7,30.9,30.9,30.9,31.0,30.7,7.6,6.5,7.8,8.5,9.4,10.8,29,MB300-0234,3.0914353820636484,,,,,,,,,678.322572375498,False,,,,,,,,,,,,,,,,,,2570.5155451786113,False,True,,,,,,,,UNKNOWN
MASTER_09_09,9,9,21.830341,80.218642,2330.327393,200.9254,0,900,0.09,0.100053,0.129656,0.16017,0.27398,0.339007,0.263471,0.112192,0.1322,0.106766,0.273338,0.233004,0.144672,0.082142,0.017543,0.185859,0.039075,0.265568,-0.357003,-0.444473,0.138616,0.772547,1.24559,1.588918,8.580485,0.433657,-0.340895,-0.264536,-0.067563,0.612539,0.855916,0.9474,8.464726,0.168089,0.016107,0.179937,-0.206179,-0.160008,-0.389673,-0.641518,0.103717,0.021532,-0.088121,-0.000642,-0.106004,0.561447,0.6392,0.409186,0.341111,1,sparse_vegetation,grade_B_blast_furnace_25to44,25-44% Mn (BF + Medium grade),0.257,38.79,1625.07,1432.68,104.75,293.23,736.99,4.46,6,0.2525,0.5004,0.1417,0.126,30.03,48.93,0.434,GRID_300M_09_09,141.94810963271564,7.5,7.6,7.6,7.7,7.7,7.8,38.9,40.5,42.6,45.5,42.9,43.4,19.1,18.5,17.2,16.3,18.3,18.7,41.9,41.0,40.1,38.2,38.7,37.9,16.7,10.9,6.4,5.1,3.6,2.8,1.53,1.55,1.59,1.61,1.61,1.61,30.4,30.7,30.6,30.8,30.9,30.6,7.7,6.5,7.8,8.6,9.2,11.2,29,MB300-0235,3.0074153918139412,,,,,,,,,672.2891343158805,False,,,,,,,,,,,,,,,,,,2695.080474771566,False,True,,,,,,,,UNKNOWN
MASTER_09_10,9,10,21.83035,80.221574,2239.25708,193.694778,0,896,0.09,0.090717,0.12043,0.138729,0.278047,0.286809,0.208172,0.180381,0.18054,0.157298,0.230136,0.186037,0.137034,0.121299,0.02996,0.264515,0.030009,0.337774,-0.39295,-0.403596,0.064345,0.717716,1.045621,1.510066,6.671969,0.216494,-0.13271,0.009564,-0.116562,0.680388,0.763989,0.84843,11.161992,-0.12128,0.26024,0.41316,-0.180907,-0.037328,-0.281632,-0.661636,0.143216,4.9e-05,4.526325,-0.04791,-0.100772,0.530055,0.622,0.526976,0.087054,0,waterlogged,grade_B_blast_furnace_25to44,25-44% Mn (BF + Medium grade),0.262,38.8,1625.07,1432.68,104.75,293.23,736.99,4.46,6,0.2525,0.5004,0.1417,0.126,30.03,48.93,0.434,GRID_300M_09_10,143.9406832861019,7.5,7.6,7.6,7.7,7.7,7.8,38.9,40.3,42.0,44.9,42.2,42.8,19.0,18.5,17.5,16.5,18.5,18.8,42.1,41.1,40.6,38.5,39.3,38.3,16.8,10.7,6.6,5.0,3.7,2.8,1.53,1.55,1.59,1.61,1.61,1.61,30.3,30.6,30.6,30.7,30.8,30.6,9.0,7.5,8.8,9.7,10.3,12.2,29,MB300-0236,4.100564166437405,,,,,,,,,673.1070539403149,False,,,,,,,,,,,,,,,,,,2702.7553612612774,False,True,,,,,,,,UNKNOWN
MASTER_09_11,9,11,21.830334,80.224466,2189.693604,186.087952,0,871,0.09,0.086442,0.11345,0.134169,0.241472,0.262566,0.193732,0.242963,0.22915,0.198437,0.249005,0.205902,0.147481,0.116691,0.023313,0.122189,0.019821,0.286205,-0.358498,-0.395371,0.093196,0.734239,1.101331,1.543381,9.041008,0.132275,-0.045954,0.083432,-0.122018,0.678418,0.782824,0.795614,10.276528,-0.15393,0.312544,0.478803,-0.215214,-0.055822,-0.318507,-0.747767,0.005498,-0.003491,1.30187,0.007533,-0.056663,0.546085,0.6273,0.565993,0.099885,0,waterlogged,grade_B_blast_furnace_25to44,25-44% Mn (BF + Medium grade),0.321,38.8,1625.07,1432.68,104.75,293.23,736.99,4.46,6,0.2525,0.5004,0.1417,0.126,30.03,48.93,0.434,GRID_300M_09_11,141.56484435943506,7.4,7.5,7.6,7.7,7.7,7.8,38.0,39.5,41.0,44.6,42.0,42.7,19.4,18.9,17.9,16.8,18.8,19.1,42.6,41.6,41.2,38.6,39.2,38.3,16.3,10.6,6.5,4.8,3.6,2.8,1.53,1.55,1.6,1.62,1.62,1.62,30.2,30.3,30.4,30.5,30.5,30.5,10.3,9.1,11.4,11.8,12.2,13.6,29,MB300-0237,2.208489639517196,,,,,,,,,676.2212905146317,False,,,,,,,,,,,,,,,,,,2700.4262485059876,False,True,,,,,,,,UNKNOWN
MASTER_09_12,9,12,21.830359,80.227328,2175.503418,178.349136,0,873,0.09,0.083841,0.111362,0.125611,0.258488,0.260691,0.187825,0.762425,0.692793,0.642291,0.605361,0.464487,0.380257,0.111414,0.024113,0.135079,0.021714,0.344522,-0.393265,-0.399526,0.057164,0.71519,1.031707,1.484667,7.117725,-0.014115,0.058896,0.187832,-0.109077,0.803457,0.770529,0.831564,10.314826,-0.358637,0.452161,0.587358,-0.166242,0.088267,-0.261178,-0.653104,0.023665,-0.002398,3.164231,0.346874,0.203796,0.524183,0.6194,0.609184,0.0,0,water_body,non_ore,Background,0.289,38.8,1625.07,1432.68,104.75,293.23,736.99,4.46,6,0.2525,0.5004,0.1417,0.126,30.03,48.93,0.434,GRID_300M_09_12,142.0693895912204,7.4,7.5,7.6,7.7,7.8,7.8,38.4,39.8,41.3,44.8,42.3,42.8,19.2,18.6,17.6,16.6,18.5,18.8,42.4,41.5,41.1,38.6,39.2,38.4,16.7,10.7,6.4,5.2,3.5,2.7,1.53,1.55,1.6,1.62,1.62,1.62,30.1,30.4,30.3,30.5,30.4,30.3,12.5,11.3,14.0,14.6,14.9,15.4,29,MB300-0238,2.2149903987651656,,,,,,,,,674.6412271732738,False,,,,,,,,,,,,,,,,,,2704.2452008315367,False,True,,,,,,,,UNKNOWN
MASTER_09_13,9,13,21.83035,80.230225,2205.375488,170.574936,0,892,0.09,0.087512,0.11356,0.136595,0.237984,0.279375,0.213237,1.026235,0.942117,0.886063,0.814871,0.615411,0.520611,0.119265,0.020415,0.153092,0.027979,0.267822,-0.349315,-0.421548,0.122667,0.762292,1.194316,1.5548,10.076276,-0.033881,0.067625,0.204462,-0.101939,0.841969,0.759021,0.863907,7.185201,-0.301703,0.416941,0.62601,-0.224606,0.079677,-0.435295,-0.690893,0.033827,0.007564,-2.791996,0.576887,0.336035,0.553582,0.6111,0.631738,0.004484,0,water_body,grade_B_blast_furnace_25to44,25-44% Mn (BF + Medium grade),0.269,39.05,1625.07,1432.68,104.75,293.23,736.99,4.46,6,0.2525,0.5004,0.1417,0.126,30.03,48.93,0.434,GRID_300M_09_13,140.693400783079,7.4,7.5,7.5,7.7,7.8,7.8,39.2,40.6,42.1,45.2,42.6,43.0,18.7,18.0,16.8,16.3,18.0,18.3,42.1,41.3,41.1,38.5,39.4,38.7,17.0,10.7,6.3,5.8,3.4,2.6,1.53,1.55,1.59,1.62,1.62,1.62,30.5,30.8,30.7,30.7,30.6,30.6,13.4,13.0,16.1,16.2,16.7,16.8,29,MB300-0239,3.3513745809986704,,,,,,,,,677.142688888034,False,,,,,,,,,,,,,,,,,,2701.7033209626557,False,True,,,,,,,,UNKNOWN
MASTER_09_14,9,14,21.83035,80.233139,2273.895752,163.092072,0,895,0.09,0.084361,0.111085,0.131923,0.242531,0.268952,0.197022,0.751807,0.696782,0.653792,0.620646,0.495606,0.420937,0.109064,0.021378,0.124259,0.026687,0.294684,-0.368642,-0.414242,0.101121,0.73141,1.124223,1.555076,8.725379,-0.004692,0.040657,0.148425,-0.085331,0.843683,0.810815,0.883382,8.203943,-0.299377,0.409299,0.562666,-0.186452,0.112274,-0.313408,-0.671694,0.015194,0.005309,-0.547727,0.378115,0.226654,0.549352,0.6255,0.597003,0.014525,0,water_body,grade_B_blast_furnace_25to44,25-44% Mn (BF + Medium grade),0.318,39.05,1625.07,1432.68,104.75,293.23,736.99,4.46,6,0.2525,0.5004,0.1417,0.126,30.03,48.93,0.434,GRID_300M_09_14,140.94403009698098,7.4,7.5,7.5,7.7,7.8,7.8,39.5,40.8,42.3,45.4,42.8,43.1,18.5,17.9,16.6,16.3,17.9,18.2,42.0,41.4,41.0,38.4,39.4,38.7,16.5,10.4,6.3,6.0,3.4,2.6,1.52,1.54,1.58,1.61,1.62,1.62,30.1,30.5,30.6,30.5,30.6,30.4,13.9,13.8,16.7,16.6,16.7,16.8,29,MB300-0240,3.8847841371112883,,,,,,,,,678.677627060934,False,,,,,,,,,,,,,,,,,,2696.9857104194616,False,True,,,,,,,,UNKNOWN
MASTER_09_15,9,15,21.830375,80.236074,2376.963867,156.081543,0,911,0.09,0.083201,0.107362,0.129669,0.228194,0.26909,0.200725,0.341969,0.326691,0.28727,0.383607,0.299389,0.223843,0.112821,0.022334,0.163757,0.028134,0.275661,-0.35826,-0.430475,0.123401,0.745632,1.192327,1.551774,7.344431,0.228206,-0.147637,-0.013318,-0.116803,0.682022,0.765552,0.844026,9.217817,-0.047455,0.210623,0.417156,-0.240204,-0.063609,-0.426775,-0.707748,0.050935,0.0058,1.867266,0.155413,0.030299,0.555238,0.6077,0.531829,0.20966,1,waterlogged,grade_B_blast_furnace_25to44,25-44% Mn (BF + Medium grade),0.289,39.05,1625.07,1432.68,104.75,293.23,736.99,4.46,6,0.2525,0.5004,0.1417,0.126,30.03,48.93,0.434,GRID_300M_09_15,144.58425722453984,7.4,7.5,7.5,7.6,7.7,7.8,39.3,40.4,41.9,44.9,42.2,42.7,18.2,17.6,16.6,16.2,17.8,18.1,42.5,42.0,41.5,38.9,40.0,39.1,16.3,10.4,6.6,6.1,3.3,2.7,1.51,1.53,1.57,1.6,1.61,1.61,29.9,30.6,30.7,30.7,30.7,30.4,14.3,14.2,16.7,16.0,16.0,15.9,29,MB300-0241,2.835856973135624,,,,,,,,,677.7465897808083,False,,,,,,,,,,,,,,,,,,2700.9701261400005,False,True,,,,,,,,UNKNOWN
MASTER_09_16,9,16,21.830442,80.238972,2506.373047,149.760956,0,896,0.09,0.086511,0.114402,0.132596,0.26199,0.279424,0.203744,0.134844,0.148241,0.116241,0.269518,0.189165,0.109126,0.110829,0.026724,0.174827,0.029722,0.332777,-0.391022,-0.417289,0.077101,0.723172,1.078793,1.51153,6.707681,0.401774,-0.292126,-0.115524,-0.144795,0.569101,0.697986,0.856747,8.608071,0.068997,0.098895,0.301765,-0.221897,-0.154071,-0.380807,-0.654783,0.063999,0.002998,1.870845,0.007527,-0.09026,0.533459,0.6188,0.476759,0.208705,1,sparse_vegetation,grade_B_blast_furnace_25to44,25-44% Mn (BF + Medium grade),0.304,39.21,1625.07,1432.68,104.75,293.23,736.99,4.46,6,0.2525,0.5004,0.1417,0.126,30.03,48.93,0.434,GRID_300M_09_16,150.9974630053485,7.4,7.4,7.5,7.6,7.6,7.7,39.4,40.6,42.5,45.0,42.1,43.0,18.6,18.1,17.0,16.6,18.1,18.5,42.0,41.3,40.5,38.4,39.8,38.5,17.3,10.3,6.9,6.3,3.4,2.7,1.51,1.53,1.56,1.6,1.61,1.6,30.1,30.7,30.8,30.7,30.8,30.6,14.3,14.6,17.4,16.0,15.6,15.8,29,MB300-0242,3.911420130489571,,,,,,,,,671.7131608361674,False,,,,,,,,,,,,,,,,,,2707.9904274330597,False,True,,,,,,,,UNKNOWN
MASTER_09_17,9,17,21.83044,80.241893,2670.876221,144.176025,0,897,0.09,0.083188,0.114777,0.123956,0.28247,0.260483,0.184288,0.105234,0.128592,0.099545,0.276847,0.188137,0.108413,0.115986,0.029011,0.205668,0.030868,0.399267,-0.423901,-0.384991,0.015086,0.698151,0.925248,1.464063,5.509314,0.467814,-0.361153,-0.173185,-0.145854,0.571509,0.675882,0.943296,11.107193,0.068547,0.062748,0.211806,-0.160941,-0.126642,-0.249366,-0.520767,0.089683,0.001858,5.588486,-0.005623,-0.072346,0.505564,0.603,0.43176,0.086957,0,sparse_vegetation,grade_B_blast_furnace_25to44,25-44% Mn (BF + Medium grade),0.264,39.21,1625.07,1432.68,104.75,293.23,736.99,4.46,6,0.2525,0.5004,0.1417,0.126,30.03,48.93,0.434,GRID_300M_09_17,151.32213241933312,7.4,7.4,7.5,7.6,7.6,7.7,39.5,40.8,42.8,45.1,42.1,43.2,18.9,18.4,17.1,16.7,18.2,18.5,41.7,40.9,40.1,38.2,39.6,38.2,17.5,10.4,7.1,6.2,3.4,2.7,1.5,1.52,1.55,1.59,1.6,1.6,30.4,31.0,31.1,31.0,31.0,30.9,14.4,14.7,17.6,16.1,15.5,15.7,29,MB300-0243,3.778126161466393,,,,,,,,,673.6520973669288,False,,,,,,,,,,,,,,,,,,2707.765098290057,False,True,,,,,,,,UNKNOWN
MASTER_09_18,9,18,21.830431,80.244781,2855.961182,139.344086,0,880,0.09,0.086905,0.11676,0.12741,0.293975,0.301576,0.225981,0.094194,0.117107,0.092173,0.312252,0.233051,0.142158,0.177216,0.03414,0.283359,0.044623,0.402999,-0.432627,-0.444347,0.052499,0.741437,1.038348,1.443622,6.754674,0.543859,-0.45101,-0.326162,-0.116998,0.594906,0.755857,0.962058,9.197638,0.14086,-0.018384,0.118185,-0.169497,-0.146531,-0.28249,-0.481564,0.106143,0.010483,2.418054,0.018277,-0.068525,0.505099,0.6061,0.373629,0.088636,0,sparse_vegetation,grade_B_blast_furnace_25to44,25-44% Mn (BF + Medium grade),0.328,39.21,1625.07,1432.68,104.75,293.23,736.99,4.46,6,0.2525,0.5004,0.1417,0.126,30.03,48.93,0.434,GRID_300M_09_18,149.5879486312418,7.4,7.4,7.5,7.5,7.6,7.6,39.3,40.7,42.7,45.5,42.5,43.6,19.5,19.0,17.7,16.8,18.5,18.9,41.2,40.3,39.6,37.7,39.0,37.4,16.9,10.8,7.2,6.2,3.3,2.5,1.51,1.53,1.56,1.59,1.6,1.6,30.8,31.1,31.2,31.1,31.0,31.0,14.1,14.3,17.6,16.1,15.3,15.3,29,MB300-0244,1.712077581295989,,,,,,,,,761.7913690807204,False,,,,,,,,,,,,,,,,,,2706.7761216526264,False,True,,,,,,,,UNKNOWN
MASTER_09_19,9,19,21.830453,80.247649,3054.972412,135.10582,0,885,0.09,0.090267,0.1249,0.141588,0.293097,0.311899,0.23656,0.090656,0.114396,0.086965,0.27818,0.207485,0.120117,0.114598,0.026654,0.184581,0.032909,0.352279,-0.399612,-0.427803,0.076408,0.749917,1.08636,1.537283,6.455409,0.522846,-0.415429,-0.285124,-0.114614,0.575112,0.74813,0.954666,9.246311,0.170567,-0.015817,0.142679,-0.191022,-0.174806,-0.33823,-0.582617,0.069983,0.006255,2.746903,-0.014917,-0.104414,0.529684,0.6299,0.392895,0.272316,1,sparse_vegetation,grade_B_blast_furnace_25to44,25-44% Mn (BF + Medium grade),0.224,39.21,1625.07,1432.68,104.75,293.23,736.99,4.46,6,0.2525,0.5004,0.1417,0.126,30.03,48.93,0.434,GRID_300M_09_19,150.27533415643921,7.4,7.4,7.5,7.5,7.6,7.6,38.5,40.1,42.3,44.9,41.8,43.1,19.6,19.0,17.6,16.8,18.5,18.9,41.9,40.9,40.0,38.3,39.7,38.0,17.1,11.0,7.0,6.3,3.4,2.6,1.51,1.53,1.56,1.59,1.6,1.61,30.7,31.0,31.0,30.8,30.8,30.7,14.3,14.7,18.1,16.9,15.5,15.6,29,MB300-0245,1.941307519714248,,,,,,,,,936.7931968086247,False,,,,,,,,,,,,,,,,,,2709.809714983985,False,True,,,,,,,,UNKNOWN
MASTER_09_20,9,20,21.830443,80.250545,3273.093506,131.416016,0,899,0.09,0.084488,0.114492,0.128643,0.269442,0.294947,0.220619,0.08571,0.106757,0.078125,0.254061,0.183388,0.099684,0.10488,0.025642,0.168958,0.029145,0.358862,-0.403295,-0.439407,0.083447,0.741518,1.105702,1.501471,6.549339,0.524287,-0.402166,-0.252153,-0.133098,0.541209,0.721841,0.909301,8.928924,0.165425,0.001129,0.187254,-0.216546,-0.200309,-0.383861,-0.59217,0.064078,0.003503,2.370884,-0.01538,-0.11156,0.527279,0.6159,0.415505,0.170189,1,sparse_vegetation,grade_B_blast_furnace_25to44,25-44% Mn (BF + Medium grade),0.24,39.15,1625.07,1432.68,104.75,293.23,736.99,4.46,6,0.2525,0.5004,0.1417,0.126,30.03,48.93,0.434,GRID_300M_09_20,148.79323752651013,7.4,7.4,7.4,7.5,7.6,7.6,37.9,39.6,42.4,44.8,41.6,42.9,19.9,19.3,17.7,17.0,18.7,19.1,42.2,41.1,39.9,38.3,39.7,38.1,17.4,11.5,7.1,6.3,3.6,3.0,1.51,1.53,1.56,1.59,1.6,1.61,30.9,31.1,31.0,30.8,30.8,30.6,14.3,14.7,17.9,17.2,15.7,16.2,29,MB300-0246,3.338527951746315,,,,,,,,,1166.5117666340093,False,,,,,,,,,,,,,,,,,,2705.6965190715014,False,True,,,,,,,,UNKNOWN
MASTER_09_21,9,21,21.830445,80.253464,3504.171143,128.15834,0,897,0.09,0.083616,0.114116,0.127011,0.271294,0.281969,0.207198,0.084044,0.103998,0.077573,0.228491,0.165347,0.09141,0.11465,0.024494,0.145431,0.024251,0.366884,-0.407776,-0.419759,0.063715,0.727273,1.046569,1.503305,6.631019,0.487909,-0.368633,-0.216817,-0.127974,0.550587,0.722633,0.92141,10.672111,0.121025,0.039143,0.202942,-0.191688,-0.176686,-0.323936,-0.581895,0.030782,-0.000243,3.976455,-0.042803,-0.116623,0.52341,0.6118,0.423861,0.083612,0,sparse_vegetation,grade_B_blast_furnace_25to44,25-44% Mn (BF + Medium grade),0.216,39.15,1625.07,1432.68,104.75,293.23,736.99,4.46,6,0.2525,0.5004,0.1417,0.126,30.03,48.93,0.434,GRID_300M_09_21,149.40719188100536,7.4,7.4,7.4,7.5,7.6,7.6,37.9,39.4,42.5,45.7,42.5,43.6,20.0,19.5,17.8,16.8,18.5,19.0,42.0,41.1,39.7,37.6,39.0,37.4,17.1,11.5,7.0,6.1,3.4,2.9,1.51,1.54,1.56,1.59,1.6,1.61,31.0,31.1,31.1,30.8,30.9,30.8,14.1,14.5,18.1,17.4,16.0,16.6,29,MB300-0247,3.4666476589283586,,,,,,,,,1423.7834548909225,False,,,,,,,,,,,,,,,,,,2701.985622417506,False,True,,,,,,,,UNKNOWN
MASTER_09_22,9,22,21.830488,80.256376,3741.879639,125.262756,0,909,0.09,0.093666,0.123874,0.149298,0.274422,0.333282,0.261021,0.085441,0.106667,0.077326,0.253924,0.167914,0.091147,0.098253,0.019283,0.149489,0.027269,0.300029,-0.37877,-0.456215,0.129356,0.777727,1.221927,1.581288,8.168236,0.529458,-0.404636,-0.212315,-0.163698,0.541416,0.658458,0.9109,8.922327,0.229428,-0.025865,0.2439,-0.293054,-0.236311,-0.563468,-0.670388,0.051235,0.007986,0.759641,-0.020498,-0.165368,0.552329,0.618,0.450864,0.226623,1,sparse_vegetation,grade_B_blast_furnace_25to44,25-44% Mn (BF + Medium grade),0.223,39.02,1625.07,1432.68,104.75,293.23,736.99,4.46,6,0.2525,0.5004,0.1417,0.126,30.03,48.93,0.434,GRID_300M_09_22,154.02718989184055,7.4,7.4,7.5,7.5,7.6,7.6,38.5,39.9,43.3,46.6,43.8,44.7,19.9,19.4,17.6,16.6,18.2,18.7,41.6,40.7,39.1,36.7,38.1,36.5,16.7,10.9,6.7,5.7,3.4,2.9,1.52,1.54,1.58,1.6,1.61,1.61,31.1,31.2,31.3,31.0,31.1,31.1,13.3,13.4,17.1,16.8,16.7,16.9,29,MB300-0248,0.0,,,,,,,,,1693.2639829078328,False,,,,,,,,,,,,,,,,,,2708.5436001734756,False,True,,,,,,,,UNKNOWN
MASTER_09_23,9,23,21.830533,80.259295,3988.591064,122.708923,0,898,0.09,0.099907,0.131063,0.160864,0.282436,0.354814,0.280983,0.081484,0.108513,0.079295,0.271586,0.212981,0.119232,0.103116,0.022047,0.170022,0.026773,0.280382,-0.367426,-0.458618,0.142061,0.786089,1.259703,1.596198,6.658132,0.54429,-0.425427,-0.317433,-0.095767,0.559051,0.784656,0.972365,9.92804,0.263908,-0.058002,0.141185,-0.237827,-0.227039,-0.475047,-0.623833,0.066907,0.004726,3.248496,-0.01085,-0.141833,0.559133,0.6242,0.392094,0.387528,1,sparse_vegetation,grade_B_blast_furnace_25to44,25-44% Mn (BF + Medium grade),0.216,39.02,1625.07,1432.68,104.75,293.23,736.99,4.46,6,0.2525,0.5004,0.1417,0.126,30.03,48.93,0.434,GRID_300M_09_23,159.08153291932524,7.4,7.4,7.5,7.5,7.6,7.6,38.4,39.8,43.6,47.3,44.8,45.5,19.6,18.9,17.0,16.2,17.6,18.1,42.0,41.3,39.4,36.5,37.6,36.4,17.0,10.5,6.4,5.8,3.5,3.0,1.52,1.54,1.57,1.59,1.59,1.6,30.8,31.0,31.3,31.3,31.4,31.3,13.7,14.0,17.6,17.8,17.7,18.0,29,MB300-0249,3.9717479310010324,,,,,,,,,1972.4648439547507,False,,,,,,,,,,,,,,,,,,2713.1115088637343,False,True,,,,,,,,UNKNOWN
MASTER_09_24,9,24,21.830533,80.261823,4210.07666,120.793297,0,659,0.09,0.096604,0.126892,0.155888,0.27327,0.352445,0.279592,0.082943,0.108946,0.079213,0.285533,0.223397,0.124542,0.092608,0.019619,0.156809,0.030131,0.27604,-0.365657,-0.470293,0.15537,0.790598,1.298241,1.605821,7.329544,0.562946,-0.44498,-0.343992,-0.097571,0.556921,0.78896,0.952686,7.75845,0.286906,-0.079322,0.126302,-0.252941,-0.233677,-0.509281,-0.653134,0.064202,0.010512,0.481263,0.012263,-0.129048,0.564016,0.6198,0.384536,0.300455,1,sparse_vegetation,grade_B_blast_furnace_25to44,25-44% Mn (BF + Medium grade),0.217,39.02,1625.07,1432.68,104.75,293.23,736.99,4.46,6,0.2525,0.5004,0.1417,0.126,30.03,48.93,0.434,GRID_300M_09_24,150.0260326479314,7.3,7.4,7.4,7.5,7.6,7.6,38.3,40.1,43.7,47.5,45.0,45.7,19.5,18.7,16.8,16.0,17.4,17.9,42.2,41.3,39.5,36.6,37.6,36.4,16.2,10.5,6.3,5.9,3.5,3.0,1.52,1.54,1.57,1.58,1.58,1.58,31.1,31.3,31.6,31.7,31.8,31.6,13.8,14.2,17.7,18.2,17.7,17.9,29,MB300-0250,37.049858743141506,,,,,,,,,2220.304793462332,False,,,,,,,,,,,,,,,,,,2712.872933282079,False,True,,,,,,,,UNKNOWN
MASTER_10_00,10,0,21.832866,80.192883,3968.474121,241.455032,0,640,0.09,0.099235,0.12791,0.164277,0.253068,0.346625,0.276218,0.094147,0.119983,0.101363,0.254079,0.207445,0.129791,0.080937,0.011367,0.145391,0.030598,0.214563,-0.329072,-0.461825,0.18363,0.796259,1.375271,1.651353,13.776633,0.433793,-0.358609,-0.259262,-0.067141,0.618423,0.81365,1.066248,7.457926,0.21923,-0.029537,0.202563,-0.250771,-0.177836,-0.561621,-0.585105,0.064454,0.019231,-6.219007,0.001012,-0.139181,0.585406,0.6348,0.422917,0.382812,1,built_up,grade_B_blast_furnace_25to44,25-44% Mn (BF + Medium grade),0.194,38.0,1625.07,1432.68,104.75,293.23,736.99,4.46,6,0.2525,0.5004,0.1417,0.126,30.03,48.93,0.434,GRID_300M_10_00,150.7017742682055,7.5,7.6,7.6,7.7,7.7,7.8,41.1,42.8,44.7,46.3,44.9,45.3,17.8,17.3,16.0,15.2,16.6,17.3,41.2,39.9,39.3,38.3,38.5,37.4,15.3,9.2,6.3,4.8,3.0,2.8,1.54,1.57,1.62,1.64,1.64,1.64,31.6,32.1,32.0,32.3,32.2,32.3,6.3,5.4,6.0,7.0,7.2,8.7,29,MB300-0251,39.62960275169255,,,,,,,,,2040.8043321100952,False,,,,,,,,,,,,,,,,,,2709.310699243089,False,True,,,,,,,,UNKNOWN
MASTER_10_01,10,1,21.832874,80.195436,3739.095703,239.54068,0,884,0.09,0.096786,0.122918,0.15105,0.262358,0.316731,0.235262,0.084301,0.104806,0.077735,0.247013,0.155654,0.088243,0.106528,0.02268,0.169474,0.029138,0.268644,-0.358035,-0.440821,0.131923,0.742525,1.22614,1.550525,7.598968,0.518119,-0.399738,-0.181748,-0.178998,0.561195,0.632938,0.916685,8.526226,0.249475,-0.041703,0.259074,-0.31092,-0.18133,-0.593202,-0.63384,0.062946,0.006458,0.902525,-0.015346,-0.161078,0.559185,0.6163,0.464803,0.269231,1,sparse_vegetation,grade_B_blast_furnace_25to44,25-44% Mn (BF + Medium grade),0.32,38.41,1625.07,1432.68,104.75,293.23,736.99,4.46,6,0.2525,0.5004,0.1417,0.126,30.03,48.93,0.434,GRID_300M_10_01,128.73290164884844,7.5,7.5,7.6,7.6,7.7,7.8,41.0,42.8,45.4,46.8,45.1,45.7,18.6,18.0,16.4,15.5,16.9,17.5,40.5,39.1,38.3,37.7,38.1,36.7,15.0,9.2,6.3,5.0,3.2,2.8,1.53,1.56,1.61,1.63,1.64,1.64,31.7,32.4,32.4,32.7,32.5,32.6,5.9,5.1,5.4,6.4,6.8,8.2,29,MB300-0252,5.3689845499472,,,,,,,,,1782.2783001670816,False,,,,,,,,,,,,,,,,,,2707.7593677717427,False,True,,,,,,,,UNKNOWN
MASTER_10_02,10,2,21.832949,80.198321,3481.664062,237.178986,0,903,0.09,0.091907,0.119133,0.141183,0.263037,0.289756,0.21242,0.08611,0.108389,0.079636,0.271441,0.172992,0.096996,0.10775,0.02392,0.180589,0.033117,0.304621,-0.374675,-0.414461,0.092347,0.727452,1.113233,1.521329,7.116383,0.541343,-0.4231,-0.21496,-0.177248,0.554197,0.636129,0.918588,9.129021,0.236723,-0.048425,0.1995,-0.269595,-0.173255,-0.477104,-0.602742,0.072839,0.009197,1.98595,0.008404,-0.116765,0.541877,0.6297,0.436096,0.280177,1,sparse_vegetation,grade_B_blast_furnace_25to44,25-44% Mn (BF + Medium grade),0.305,38.41,1625.07,1432.68,104.75,293.23,736.99,4.46,6,0.2525,0.5004,0.1417,0.126,30.03,48.93,0.434,GRID_300M_10_02,134.72100353427246,7.4,7.5,7.5,7.6,7.7,7.8,40.7,42.4,45.2,46.8,45.0,45.9,18.7,18.3,16.6,15.7,17.1,17.6,40.7,39.3,38.2,37.5,37.9,36.4,14.7,9.3,6.4,5.0,3.3,2.6,1.53,1.56,1.61,1.63,1.64,1.63,31.7,32.4,32.3,32.7,32.5,32.6,5.7,5.0,5.3,6.3,6.6,8.1,29,MB300-0253,2.9407221849564915,,,,,,,,,1490.4779850565649,False,,,,,,,,,,,,,,,,,,2716.3444118945818,False,True,,,,,,,,UNKNOWN
MASTER_10_03,10,3,21.832959,80.201226,3233.562012,234.318771,0,880,0.09,0.089194,0.117474,0.134222,0.27662,0.270348,0.190297,0.08808,0.106539,0.079737,0.231504,0.145803,0.079607,0.113704,0.0284,0.182476,0.028802,0.356318,-0.403655,-0.387551,0.037459,0.692209,0.98433,1.472877,6.4391,0.483498,-0.365264,-0.149725,-0.173406,0.545744,0.633518,0.902993,10.783803,0.12718,0.038391,0.237826,-0.210865,-0.146464,-0.350812,-0.569884,0.068772,0.000402,4.288075,-0.045116,-0.124546,0.519767,0.6341,0.451628,0.192045,1,sparse_vegetation,grade_B_blast_furnace_25to44,25-44% Mn (BF + Medium grade),0.309,38.41,1625.07,1432.68,104.75,293.23,736.99,4.46,6,0.2525,0.5004,0.1417,0.126,30.03,48.93,0.434,GRID_300M_10_03,135.49500736237016,7.4,7.5,7.5,7.6,7.7,7.8,40.7,42.4,45.3,46.8,45.0,45.8,18.7,18.3,16.6,15.9,17.2,17.7,40.6,39.2,38.1,37.4,37.8,36.6,14.2,9.2,6.3,4.8,3.1,2.5,1.54,1.57,1.6,1.62,1.63,1.63,30.5,31.5,31.2,31.6,31.7,31.3,6.5,5.7,6.0,7.5,7.8,9.3,29,MB300-0254,2.7493255936585124,,,,,,,,,1202.0967069767548,False,,,,,,,,,,,,,,,,,,2717.3509184580566,False,True,,,,,,,,UNKNOWN
MASTER_10_04,10,4,21.832979,80.204077,2998.439209,231.078735,0,865,0.09,0.095577,0.124631,0.144032,0.27363,0.287022,0.209436,0.096458,0.11501,0.090606,0.232179,0.1608,0.09958,0.105828,0.027182,0.238384,0.026185,0.315877,-0.375971,-0.394028,0.072706,0.722521,1.056792,1.509403,6.22304,0.439865,-0.334134,-0.141885,-0.146241,0.598677,0.680596,0.931825,13.632689,0.123988,0.041837,0.252143,-0.218947,-0.123844,-0.376196,-0.577578,0.132556,-0.000997,7.259461,-0.041451,-0.126221,0.534053,0.6172,0.458189,0.191908,1,sparse_vegetation,grade_B_blast_furnace_25to44,25-44% Mn (BF + Medium grade),0.331,38.8,1625.07,1432.68,104.75,293.23,736.99,4.46,6,0.2525,0.5004,0.1417,0.126,30.03,48.93,0.434,GRID_300M_10_04,134.75719580456095,7.5,7.5,7.6,7.6,7.8,7.9,40.2,41.9,44.8,46.3,44.4,45.0,18.8,18.3,16.5,15.9,17.5,17.8,41.0,39.7,38.7,37.9,38.1,37.1,13.5,9.2,6.3,4.8,3.3,2.4,1.54,1.55,1.59,1.61,1.62,1.62,30.8,31.4,31.3,31.4,31.5,31.3,6.4,5.7,5.9,7.2,7.5,9.0,29,MB300-0255,4.563180003726083,,,,,,,,,925.9193336775512,False,,,,,,,,,,,,,,,,,,2716.5873569352098,False,True,,,,,,,,UNKNOWN
MASTER_10_05,10,5,21.832964,80.206986,2772.811279,227.157288,0,891,0.09,0.096312,0.128263,0.161883,0.284155,0.327079,0.238964,0.085602,0.103122,0.075019,0.221953,0.13965,0.075487,0.111965,0.025425,0.129042,0.021648,0.277292,-0.376961,-0.435683,0.12245,0.728391,1.160564,1.667947,6.597625,0.490894,-0.361072,-0.13878,-0.181498,0.540199,0.628778,0.87395,9.422391,0.213602,0.015889,0.296904,-0.303948,-0.188192,-0.531787,-0.793997,0.017078,-0.003778,2.793799,-0.062202,-0.187429,0.573463,0.6348,0.483039,0.298541,1,sparse_vegetation,grade_B_blast_furnace_25to44,25-44% Mn (BF + Medium grade),0.433,38.8,1625.07,1432.68,104.75,293.23,736.99,4.46,6,0.2525,0.5004,0.1417,0.126,30.03,48.93,0.434,GRID_300M_10_05,133.30584560299914,7.4,7.5,7.6,7.7,7.8,7.9,40.0,42.1,44.4,46.0,44.0,44.5,18.7,18.1,16.5,16.0,17.7,18.1,41.2,39.8,39.1,38.0,38.3,37.4,14.1,9.7,6.2,4.8,3.5,2.6,1.53,1.55,1.59,1.6,1.61,1.61,30.7,31.1,31.1,31.1,31.1,31.1,6.5,5.7,6.3,7.4,7.8,9.2,29,MB300-0256,3.029256339885914,,,,,,,,,662.9377272394386,False,,,,,,,,,,,,,,,,,,2713.0545328308135,False,True,,,,,,,,UNKNOWN
MASTER_10_06,10,6,21.832964,80.20991,2560.122559,222.569321,0,891,0.09,0.078075,0.108886,0.110599,0.274216,0.230258,0.152808,0.093131,0.113079,0.087235,0.234606,0.161249,0.089848,0.158931,0.041112,0.135789,0.022041,0.426671,-0.429506,-0.353402,-0.019952,0.657759,0.849089,1.402776,5.353417,0.454219,-0.344903,-0.170543,-0.139423,0.555532,0.695136,0.929901,12.525443,0.027548,0.084603,0.182859,-0.119471,-0.102226,-0.153953,-0.472875,-0.023142,-0.019071,7.061483,-0.03961,-0.069009,0.491313,0.6197,0.418871,0.03367,0,sparse_vegetation,grade_B_blast_furnace_25to44,25-44% Mn (BF + Medium grade),0.393,38.8,1625.07,1432.68,104.75,293.23,736.99,4.46,6,0.2525,0.5004,0.1417,0.126,30.03,48.93,0.434,GRID_300M_10_06,134.05077820296032,7.4,7.5,7.6,7.7,7.8,7.9,39.8,41.9,43.7,45.9,43.7,44.2,19.0,18.2,16.8,16.1,18.0,18.4,41.2,39.9,39.4,37.9,38.3,37.5,15.2,10.2,6.3,4.8,3.6,2.7,1.53,1.55,1.58,1.59,1.6,1.61,30.6,31.1,31.1,31.0,31.0,31.0,6.5,5.7,6.6,7.8,8.3,9.7,29,MB300-0257,2.167553455106368,,,,,,,,,447.56587712172495,False,,,,,,,,,,,,,,,,,,2727.593138978374,False,True,,,,,,,,UNKNOWN
MASTER_10_07,10,7,21.832967,80.212827,2366.957031,217.208801,0,887,0.09,0.069121,0.092419,0.084621,0.249124,0.183705,0.120301,0.093747,0.112082,0.088281,0.216678,0.16443,0.094006,0.119991,0.032197,0.133367,0.023749,0.490537,-0.453689,-0.325376,-0.08993,0.646827,0.754238,1.207882,5.294605,0.412162,-0.308437,-0.174942,-0.105293,0.569596,0.760935,0.937236,10.34571,-0.078375,0.145252,0.150434,-0.015363,-0.077231,0.006698,-0.270646,0.013376,-0.008448,4.992455,-0.032446,-0.019275,0.440237,0.5763,0.393555,0.033822,0,dense_vegetation,grade_B_blast_furnace_25to44,25-44% Mn (BF + Medium grade),0.341,38.8,1625.07,1432.68,104.75,293.23,736.99,4.46,6,0.2525,0.5004,0.1417,0.126,30.03,48.93,0.434,GRID_300M_10_07,134.7258696760918,7.4,7.5,7.6,7.7,7.8,7.9,39.6,41.7,43.5,45.9,43.6,44.0,19.2,18.4,17.1,16.3,18.2,18.6,41.2,39.9,39.5,37.8,38.2,37.4,15.2,10.1,6.3,4.9,3.6,2.7,1.53,1.55,1.58,1.6,1.6,1.6,30.7,31.2,31.2,31.0,31.1,31.0,6.6,5.7,6.8,7.8,8.3,9.7,29,MB300-0258,3.3083066165399666,,,,,,,,,378.62669207451165,False,,,,,,,,,,,,,,,,,,2775.31589737005,False,True,,,,,,,,UNKNOWN
MASTER_10_08,10,8,21.833003,80.215743,2194.878418,211.014908,0,911,0.09,0.103497,0.131407,0.146345,0.275619,0.28984,0.227711,0.141571,0.158534,0.137002,0.280991,0.234681,0.164478,0.220881,0.041947,0.28428,0.048893,0.316138,-0.357707,-0.377669,0.062111,0.776046,1.06504,1.400573,7.749301,0.359885,-0.287166,-0.195721,-0.071775,0.68443,0.832755,0.965292,8.334883,0.043747,0.070541,0.181948,-0.133887,-0.091616,-0.232285,-0.435281,0.0634,0.006946,0.602281,0.005372,-0.055159,0.507017,0.6011,0.41492,0.20966,1,sparse_vegetation,grade_B_blast_furnace_25to44,25-44% Mn (BF + Medium grade),0.287,38.79,1625.07,1432.68,104.75,293.23,736.99,4.46,6,0.2525,0.5004,0.1417,0.126,30.03,48.93,0.434,GRID_300M_10_08,138.6696415940648,7.4,7.5,7.6,7.7,7.7,7.8,38.9,40.7,42.7,45.8,43.3,43.7,19.4,18.7,17.2,16.3,18.2,18.5,41.7,40.6,40.1,37.9,38.6,37.8,15.4,10.2,6.4,4.8,3.5,2.7,1.53,1.55,1.59,1.61,1.61,1.61,30.7,31.2,31.1,31.0,31.1,30.9,7.0,6.0,7.2,8.2,8.9,10.2,29,MB300-0259,2.208489639517196,,,,,,,,,376.4098680312981,False,,,,,,,,,,,,,,,,,,2857.6974125641923,False,True,,,,,,,,UNKNOWN
MASTER_10_09,10,9,21.833055,80.21865,2051.314941,203.909088,0,892,0.09,0.107365,0.13719,0.162583,0.274965,0.328184,0.262514,0.117214,0.135091,0.114651,0.266604,0.227221,0.152216,0.142503,0.025858,0.315714,0.05548,0.261247,-0.33355,-0.408687,0.119038,0.797288,1.20299,1.503862,8.253538,0.396764,-0.318836,-0.232234,-0.070597,0.651281,0.845139,0.962234,5.744645,0.135517,0.014713,0.176453,-0.189635,-0.146007,-0.35785,-0.541628,0.173211,0.029622,-2.429628,-0.008361,-0.100962,0.540419,0.6461,0.413733,0.329596,1,sparse_vegetation,grade_B_blast_furnace_25to44,25-44% Mn (BF + Medium grade),0.267,38.79,1625.07,1432.68,104.75,293.23,736.99,4.46,6,0.2525,0.5004,0.1417,0.126,30.03,48.93,0.434,GRID_300M_10_09,143.81121700987828,7.5,7.5,7.6,7.7,7.7,7.8,38.7,40.5,42.4,45.5,43.0,43.4,19.5,18.8,17.5,16.6,18.4,18.7,41.8,40.7,40.2,38.0,38.6,37.9,15.8,10.6,6.5,5.0,3.7,2.9,1.53,1.55,1.6,1.62,1.62,1.62,31.0,31.3,31.2,31.2,31.2,31.0,9.0,7.7,8.6,9.3,9.9,11.1,29,MB300-0260,4.249465074425229,,,,,,,,,372.3115313546345,False,,,,,,,,,,,,,,,,,,2969.775157805548,False,True,,,,,,,,UNKNOWN
MASTER_10_10,10,10,21.833049,80.221545,1950.32251,195.865356,0,879,0.09,0.110336,0.145895,0.17016,0.288931,0.327631,0.262453,0.163696,0.17999,0.150508,0.331038,0.267167,0.183286,0.102177,0.021115,0.199431,0.055594,0.259335,-0.325685,-0.377874,0.102565,0.792103,1.16545,1.534122,7.407056,0.380345,-0.297616,-0.196117,-0.089924,0.663028,0.83022,0.931369,5.686251,0.12101,0.02807,0.181757,-0.192489,-0.129075,-0.33523,-0.602754,0.097254,0.034478,-1.71666,0.042106,-0.060465,0.541421,0.635,0.424365,0.391354,1,sparse_vegetation,grade_B_blast_furnace_25to44,25-44% Mn (BF + Medium grade),0.244,38.8,1625.07,1432.68,104.75,293.23,736.99,4.46,6,0.2525,0.5004,0.1417,0.126,30.03,48.93,0.434,GRID_300M_10_10,142.6280759485137,7.5,7.5,7.6,7.7,7.8,7.8,38.6,40.1,41.7,45.1,42.4,42.9,19.5,18.9,17.8,16.8,18.7,19.0,41.9,41.0,40.5,38.1,38.9,38.1,15.8,10.5,6.5,5.0,3.6,2.8,1.53,1.55,1.6,1.62,1.62,1.63,31.0,31.5,31.3,31.4,31.4,31.1,11.4,10.0,11.8,13.0,13.4,14.2,29,MB300-0261,2.125418516682613,,,,,,,,,374.38227620481365,False,,,,,,,,,,,,,,,,,,3003.217414173929,False,True,,,,,,,,UNKNOWN
MASTER_10_11,10,11,21.833071,80.224406,1888.639771,187.25235,0,880,0.09,0.09585,0.123973,0.155835,0.242563,0.320977,0.251579,0.116209,0.113323,0.085566,0.158116,0.098638,0.055582,0.094121,0.011781,0.132149,0.027276,0.216941,-0.321282,-0.439555,0.168065,0.782519,1.324753,1.621069,13.937714,0.29042,-0.154805,0.097555,-0.206978,0.555661,0.605591,0.732915,7.710456,0.073479,0.166477,0.53711,-0.375043,-0.226857,-0.719162,-0.888154,0.038028,0.015495,-6.02466,-0.084447,-0.222338,0.578791,0.6195,0.608872,0.052273,0,water_body,grade_B_blast_furnace_25to44,25-44% Mn (BF + Medium grade),0.282,38.8,1625.07,1432.68,104.75,293.23,736.99,4.46,6,0.2525,0.5004,0.1417,0.126,30.03,48.93,0.434,GRID_300M_10_11,142.81626289500906,7.5,7.5,7.6,7.7,7.8,7.8,38.0,39.7,41.3,44.7,42.3,42.8,19.5,18.8,17.8,16.8,18.6,18.9,42.5,41.5,41.0,38.4,39.0,38.3,15.7,10.5,6.5,4.9,3.6,2.7,1.53,1.55,1.6,1.62,1.62,1.62,31.2,31.5,31.4,31.5,31.4,31.2,12.5,11.8,13.9,15.2,15.5,16.1,29,MB300-0262,3.4101411168348528,,,,,,,,,372.7469881066472,False,,,,,,,,,,,,,,,,,,3005.137177112548,False,True,,,,,,,,UNKNOWN
MASTER_10_12,10,12,21.83306,80.227312,1875.765259,178.137589,0,878,0.09,0.103713,0.136531,0.174717,0.253214,0.334671,0.274318,0.384469,0.342717,0.296845,0.318628,0.230871,0.164765,0.089384,0.012606,0.113431,0.023283,0.185121,-0.299133,-0.420773,0.17548,0.817398,1.328946,1.678934,11.909858,0.061312,0.019921,0.185207,-0.148787,0.684129,0.717849,0.763474,8.01804,-0.123809,0.319054,0.60598,-0.324267,-0.13327,-0.611098,-0.91546,0.024047,0.010677,-3.813991,0.065414,-0.103801,0.586509,0.6379,0.638357,0.004556,0,water_body,grade_B_blast_furnace_25to44,25-44% Mn (BF + Medium grade),0.246,38.8,1625.07,1432.68,104.75,293.23,736.99,4.46,6,0.2525,0.5004,0.1417,0.126,30.03,48.93,0.434,GRID_300M_10_12,141.60977034197768,7.5,7.5,7.6,7.7,7.8,7.8,37.8,39.5,41.2,44.4,42.1,42.5,19.5,18.8,17.7,16.7,18.4,18.7,42.6,41.7,41.2,38.8,39.4,38.7,15.8,10.6,6.5,5.0,3.5,2.7,1.53,1.55,1.6,1.62,1.63,1.63,31.2,31.6,31.4,31.5,31.4,31.2,12.8,12.2,14.3,15.6,16.0,16.6,29,MB300-0263,2.3402477406181172,,,,,,,,,375.54571991102074,False,,,,,,,,,,,,,,,,,,3004.924886512083,False,True,,,,,,,,UNKNOWN
MASTER_10_13,10,13,21.833038,80.230211,1911.418823,169.155151,0,860,0.09,0.096492,0.124382,0.160052,0.228768,0.315251,0.258434,0.832939,0.737953,0.667992,0.632088,0.459704,0.374499,0.099133,0.011235,0.095168,0.017454,0.176251,-0.293823,-0.433395,0.187713,0.819132,1.385062,1.654814,15.194683,-0.019065,0.072601,0.226357,-0.131847,0.800621,0.731973,0.796251,8.862668,-0.195316,0.366425,0.659752,-0.31956,-0.018511,-0.653089,-0.858563,-0.003965,0.00622,-6.206282,0.40332,0.144454,0.587945,0.6184,0.66026,0.0,0,water_body,non_ore,Background,0.224,39.05,1625.07,1432.68,104.75,293.23,736.99,4.46,6,0.2525,0.5004,0.1417,0.126,30.03,48.93,0.434,GRID_300M_10_13,138.9927694904696,7.4,7.5,7.5,7.7,7.8,7.8,38.2,39.9,41.5,44.6,42.1,42.6,19.0,18.3,17.2,16.5,18.2,18.5,42.7,41.8,41.4,38.9,39.8,38.9,16.1,10.4,6.5,5.7,3.4,2.6,1.53,1.55,1.59,1.62,1.63,1.63,30.8,31.4,31.2,31.3,31.2,30.9,13.0,12.8,14.9,15.8,16.5,16.6,29,MB300-0264,5.200392801937075,,,,,,,,,379.4544296003751,False,,,,,,,,,,,,,,,,,,3000.9339389736415,False,True,,,,,,,,UNKNOWN
MASTER_10_14,10,14,21.833047,80.23317,1990.455322,160.497208,0,867,0.09,0.085423,0.109055,0.13525,0.201855,0.258341,0.201827,0.751245,0.668285,0.600793,0.602726,0.449465,0.356627,0.115467,0.014153,0.082997,0.016407,0.196298,-0.29565,-0.406886,0.157756,0.78173,1.294757,1.579191,12.804826,0.035706,0.029883,0.180612,-0.135683,0.762056,0.741476,0.785188,10.421212,-0.160592,0.325533,0.587498,-0.293439,-0.019674,-0.553281,-0.794004,-0.032469,0.002254,-2.347622,0.400871,0.191124,0.572875,0.618,0.627911,0.010381,0,water_body,grade_B_blast_furnace_25to44,25-44% Mn (BF + Medium grade),0.311,39.05,1625.07,1432.68,104.75,293.23,736.99,4.46,6,0.2525,0.5004,0.1417,0.126,30.03,48.93,0.434,GRID_300M_10_14,142.07343382616054,7.4,7.5,7.5,7.7,7.7,7.8,38.2,39.8,41.5,44.7,42.0,42.7,18.8,18.2,16.9,16.4,18.0,18.4,42.9,42.1,41.6,38.8,40.0,38.9,16.5,10.3,6.5,6.0,3.4,2.6,1.53,1.55,1.59,1.62,1.62,1.63,30.6,31.2,31.1,31.2,31.1,30.8,13.4,13.4,15.7,16.1,16.3,16.1,29,MB300-0265,5.890845800718096,,,,,,,,,380.7488584620005,False,,,,,,,,,,,,,,,,,,2997.1989424668554,False,True,,,,,,,,UNKNOWN
MASTER_10_15,10,15,21.833128,80.236052,2100.25415,152.755142,0,899,0.09,0.094824,0.122846,0.153422,0.249599,0.30321,0.228586,0.317863,0.307719,0.276683,0.334758,0.284218,0.214824,0.105731,0.020912,0.116978,0.020799,0.239857,-0.338256,-0.421954,0.138193,0.751925,1.228585,1.608202,8.038695,0.13995,-0.065234,0.04351,-0.098224,0.698673,0.813194,0.843335,10.444082,-0.099907,0.273022,0.465464,-0.236418,-0.053253,-0.415392,-0.764868,0.011246,-0.000113,2.3211,0.085159,-0.018992,0.570788,0.6212,0.556464,0.175751,1,waterlogged,grade_B_blast_furnace_25to44,25-44% Mn (BF + Medium grade),0.252,39.05,1625.07,1432.68,104.75,293.23,736.99,4.46,6,0.2525,0.5004,0.1417,0.126,30.03,48.93,0.434,GRID_300M_10_15,149.18244439712788,7.5,7.5,7.5,7.7,7.7,7.8,38.2,39.6,41.4,44.5,41.7,42.6,18.6,17.9,16.8,16.4,17.8,18.3,43.2,42.5,41.8,39.1,40.4,39.0,16.4,10.5,6.6,6.0,3.4,2.7,1.53,1.55,1.59,1.62,1.62,1.62,30.1,31.0,30.9,31.0,31.0,30.6,13.8,13.6,15.6,15.9,16.3,16.0,29,MB300-0266,2.7609774005220364,,,,,,,,,373.0613543281487,False,,,,,,,,,,,,,,,,,,3007.439949476501,False,True,,,,,,,,UNKNOWN
MASTER_10_16,10,16,21.833146,80.238973,2252.294189,145.909668,0,891,0.09,0.101313,0.137849,0.167396,0.295792,0.32785,0.247134,0.362755,0.359199,0.329106,0.424726,0.377671,0.29884,0.087219,0.02046,0.143462,0.020323,0.293258,-0.3694,-0.407643,0.095432,0.742326,1.110846,1.610632,6.238049,0.146271,-0.098333,-0.037054,-0.05628,0.778074,0.885728,0.910435,12.545378,-0.146987,0.271068,0.37059,-0.151712,0.035748,-0.225117,-0.700198,0.056243,-0.000136,6.255167,0.128934,0.049821,0.553819,0.6548,0.500859,0.383838,1,waterlogged,grade_B_blast_furnace_25to44,25-44% Mn (BF + Medium grade),0.27,39.05,1625.07,1432.68,104.75,293.23,736.99,4.46,6,0.2525,0.5004,0.1417,0.126,30.03,48.93,0.434,GRID_300M_10_16,151.55032918026438,7.4,7.5,7.5,7.6,7.6,7.7,38.8,40.2,42.2,45.1,42.3,43.4,18.8,18.1,16.9,16.4,17.8,18.3,42.5,41.7,40.9,38.4,39.9,38.3,16.8,10.6,6.9,6.3,3.3,2.6,1.52,1.54,1.58,1.61,1.62,1.61,30.2,31.0,31.0,31.0,31.0,30.6,13.7,13.7,16.0,15.7,15.5,15.3,29,MB300-0267,4.171748598549272,,,,,,,,,372.8000466746901,False,,,,,,,,,,,,,,,,,,3008.997339397669,False,True,,,,,,,,UNKNOWN
MASTER_10_17,10,17,21.833137,80.241862,2432.436035,140.107315,0,878,0.09,0.090982,0.122351,0.141463,0.284177,0.316843,0.241042,0.163315,0.181306,0.150628,0.349001,0.27962,0.179416,0.123358,0.028335,0.216177,0.039701,0.34384,-0.400017,-0.437794,0.088873,0.750529,1.119695,1.534469,6.324404,0.425114,-0.339419,-0.240732,-0.088686,0.627382,0.808515,0.941873,9.332794,0.081275,0.060598,0.197062,-0.17756,-0.123147,-0.31118,-0.592595,0.09282,0.011366,3.03076,0.064824,-0.037223,0.533763,0.6291,0.414389,0.156036,1,sparse_vegetation,grade_B_blast_furnace_25to44,25-44% Mn (BF + Medium grade),0.182,39.21,1625.07,1432.68,104.75,293.23,736.99,4.46,6,0.2525,0.5004,0.1417,0.126,30.03,48.93,0.434,GRID_300M_10_17,149.86996644545937,7.4,7.4,7.5,7.6,7.6,7.6,39.0,40.4,42.4,45.0,42.2,43.3,19.1,18.4,17.1,16.6,18.0,18.3,42.0,41.2,40.5,38.3,39.8,38.3,17.3,10.5,7.0,6.2,3.3,2.6,1.51,1.53,1.56,1.6,1.61,1.61,30.1,31.0,30.9,31.0,31.0,30.9,14.3,14.5,16.8,15.5,15.3,15.6,29,MB300-0268,1.5499055444595025,,,,,,,,,375.1047288544321,False,,,,,,,,,,,,,,,,,,3008.0054469951606,False,True,,,,,,,,UNKNOWN
MASTER_10_18,10,18,21.833157,80.244728,2629.998779,135.135056,0,889,0.09,0.103655,0.137305,0.163855,0.29232,0.348265,0.281466,0.099533,0.121117,0.099252,0.264594,0.220112,0.14016,0.134533,0.02434,0.261703,0.03934,0.290792,-0.363078,-0.43445,0.121394,0.803928,1.195486,1.566926,7.426863,0.452755,-0.365709,-0.275811,-0.07511,0.619268,0.834937,0.983201,10.973005,0.161963,-0.002632,0.158639,-0.196504,-0.184659,-0.36055,-0.583725,0.12717,0.015,3.566166,-0.027726,-0.128153,0.544474,0.6372,0.399847,0.310461,1,sparse_vegetation,grade_B_blast_furnace_25to44,25-44% Mn (BF + Medium grade),0.275,39.21,1625.07,1432.68,104.75,293.23,736.99,4.46,6,0.2525,0.5004,0.1417,0.126,30.03,48.93,0.434,GRID_300M_10_18,150.35598127590535,7.4,7.4,7.4,7.5,7.6,7.6,38.4,40.0,41.8,45.1,42.3,43.5,19.6,19.1,17.9,16.8,18.4,18.9,41.9,41.0,40.3,38.1,39.3,37.6,17.2,10.3,6.9,6.1,3.4,2.6,1.51,1.53,1.56,1.6,1.61,1.61,30.9,31.8,31.7,31.9,31.7,31.9,14.4,14.7,17.1,15.7,15.6,16.0,29,MB300-0269,2.7261370521401336,,,,,,,,,510.5955712344704,False,,,,,,,,,,,,,,,,,,3010.2596728032026,False,True,,,,,,,,UNKNOWN
MASTER_10_19,10,19,21.833147,80.247625,2849.10376,130.891525,0,892,0.09,0.09491,0.128842,0.153563,0.276138,0.322836,0.253865,0.116325,0.139278,0.114229,0.28335,0.219538,0.138328,0.131345,0.02388,0.202887,0.032187,0.292318,-0.364088,-0.42746,0.115669,0.777431,1.181407,1.597859,9.163778,0.432026,-0.344783,-0.221164,-0.094424,0.618714,0.772313,0.988143,10.22812,0.139708,0.019305,0.206296,-0.210093,-0.158717,-0.409093,-0.609716,0.071542,0.008307,1.074838,0.007212,-0.103297,0.551829,0.626,0.426579,0.327354,1,sparse_vegetation,grade_B_blast_furnace_25to44,25-44% Mn (BF + Medium grade),0.233,39.21,1625.07,1432.68,104.75,293.23,736.99,4.46,6,0.2525,0.5004,0.1417,0.126,30.03,48.93,0.434,GRID_300M_10_19,148.880851425049,7.4,7.4,7.4,7.5,7.6,7.6,38.1,39.8,41.7,45.0,42.3,43.6,19.7,19.1,17.9,16.8,18.3,18.8,42.1,41.1,40.4,38.2,39.4,37.6,17.0,10.8,6.9,6.0,3.4,2.7,1.51,1.53,1.56,1.6,1.61,1.61,30.8,31.6,31.5,31.6,31.6,31.5,14.5,14.9,17.8,16.7,15.9,16.2,29,MB300-0270,3.186547200631018,,,,,,,,,750.1516887481724,False,,,,,,,,,,,,,,,,,,3009.715651976664,False,True,,,,,,,,UNKNOWN
MASTER_10_20,10,20,21.833142,80.250551,3083.590088,127.230286,0,895,0.09,0.083533,0.11493,0.124729,0.286186,0.28675,0.210478,0.098728,0.121678,0.09417,0.27792,0.212919,0.12292,0.136821,0.029866,0.193707,0.032924,0.40087,-0.426964,-0.422701,0.040803,0.720996,1.01561,1.459792,7.110386,0.496062,-0.390937,-0.272504,-0.104082,0.572151,0.770754,0.946948,8.521293,0.095192,0.036027,0.150197,-0.144885,-0.148845,-0.244855,-0.512844,0.056886,0.003058,1.429663,-0.008267,-0.073831,0.50829,0.6085,0.390326,0.121788,1,sparse_vegetation,grade_B_blast_furnace_25to44,25-44% Mn (BF + Medium grade),0.257,39.15,1625.07,1432.68,104.75,293.23,736.99,4.46,6,0.2525,0.5004,0.1417,0.126,30.03,48.93,0.434,GRID_300M_10_20,149.01391239975706,7.4,7.4,7.5,7.5,7.6,7.6,37.6,39.4,42.1,45.7,42.9,44.0,20.1,19.4,17.9,16.7,18.3,18.8,42.2,41.2,40.0,37.6,38.8,37.2,16.4,11.4,7.1,5.9,3.6,2.8,1.52,1.54,1.57,1.6,1.61,1.61,31.1,31.5,31.6,31.5,31.5,31.3,14.7,14.8,18.1,17.3,16.0,16.4,29,MB300-0271,3.379321882077459,,,,,,,,,1024.325734552924,False,,,,,,,,,,,,,,,,,,3006.1390391896994,False,True,,,,,,,,UNKNOWN
MASTER_10_21,10,21,21.83316,80.253468,3326.735107,124.070198,0,905,0.09,0.078285,0.107774,0.113024,0.277296,0.271274,0.19397,0.139006,0.160024,0.132822,0.291797,0.233488,0.153618,0.108954,0.030366,0.168729,0.027374,0.422662,-0.438061,-0.426681,0.03191,0.706255,0.994,1.424941,5.374472,0.412119,-0.318435,-0.207338,-0.089012,0.631676,0.793138,0.962742,10.014158,-0.010543,0.119626,0.219344,-0.120921,-0.074579,-0.200861,-0.462199,0.059775,-0.002993,4.628448,0.014501,-0.037787,0.500758,0.609,0.41863,0.035359,0,sparse_vegetation,grade_B_blast_furnace_25to44,25-44% Mn (BF + Medium grade),0.278,39.15,1625.07,1432.68,104.75,293.23,736.99,4.46,6,0.2525,0.5004,0.1417,0.126,30.03,48.93,0.434,GRID_300M_10_21,151.21781171494953,7.4,7.4,7.4,7.5,7.6,7.6,37.5,39.3,42.3,46.1,43.3,44.4,20.3,19.5,17.9,16.6,18.2,18.7,42.2,41.2,39.8,37.3,38.5,36.9,16.2,11.5,7.1,5.7,3.6,2.7,1.52,1.54,1.57,1.6,1.61,1.61,31.3,31.6,31.7,31.5,31.6,31.5,14.2,14.4,17.9,17.4,16.4,16.9,29,MB300-0272,2.9342472340593657,,,,,,,,,1309.3229783349436,False,,,,,,,,,,,,,,,,,,3004.2151277394014,False,True,,,,,,,,UNKNOWN
MASTER_10_22,10,22,21.833223,80.256369,3574.605225,121.292862,0,905,0.09,0.089323,0.118202,0.135047,0.282184,0.31282,0.237798,0.087106,0.11422,0.089656,0.250903,0.192226,0.109173,0.114061,0.024601,0.141709,0.028528,0.357292,-0.408836,-0.448181,0.084908,0.752301,1.120001,1.492347,6.430276,0.467858,-0.368188,-0.241513,-0.094886,0.564932,0.773347,1.023865,8.653683,0.110566,0.040647,0.206668,-0.179795,-0.187368,-0.346654,-0.468483,0.027648,0.003927,2.184629,-0.031281,-0.120593,0.524913,0.6047,0.416752,0.172376,1,sparse_vegetation,grade_B_blast_furnace_25to44,25-44% Mn (BF + Medium grade),0.232,39.02,1625.07,1432.68,104.75,293.23,736.99,4.46,6,0.2525,0.5004,0.1417,0.126,30.03,48.93,0.434,GRID_300M_10_22,157.53709647087797,7.4,7.4,7.5,7.5,7.6,7.6,37.7,39.3,42.5,46.4,43.8,44.9,20.2,19.4,17.7,16.5,18.0,18.5,42.2,41.2,39.8,37.1,38.2,36.6,16.2,11.2,6.7,5.6,3.5,2.9,1.52,1.54,1.58,1.61,1.62,1.62,31.3,31.5,31.7,31.5,31.6,31.5,14.5,14.5,18.2,17.8,17.7,17.9,29,MB300-0273,2.8754460371803403,,,,,,,,,1597.5921414818715,False,,,,,,,,,,,,,,,,,,3013.0044832599333,False,True,,,,,,,,UNKNOWN
MASTER_10_23,10,23,21.833236,80.259294,3834.617676,118.934677,0,896,0.09,0.113703,0.148218,0.189287,0.290296,0.391821,0.320422,0.07993,0.110243,0.081827,0.266689,0.211249,0.121294,0.092531,0.017325,0.141678,0.022873,0.213655,-0.3251,-0.451211,0.178143,0.815967,1.350853,1.658831,8.503498,0.526231,-0.410971,-0.30624,-0.085739,0.573324,0.793514,1.021397,9.487846,0.312576,-0.085871,0.144971,-0.263882,-0.242643,-0.557339,-0.637434,0.049147,0.005548,0.979788,-0.023607,-0.180572,0.581258,0.6302,0.399929,0.552455,1,sparse_vegetation,grade_B_blast_furnace_25to44,25-44% Mn (BF + Medium grade),0.185,39.02,1625.07,1432.68,104.75,293.23,736.99,4.46,6,0.2525,0.5004,0.1417,0.126,30.03,48.93,0.434,GRID_300M_10_23,159.46336261576087,7.3,7.4,7.4,7.5,7.6,7.6,38.3,39.9,43.3,47.1,44.9,45.8,19.7,19.0,17.2,16.3,17.6,18.1,42.1,41.1,39.5,36.6,37.5,36.1,16.8,11.0,6.3,5.6,3.5,2.8,1.52,1.54,1.58,1.61,1.62,1.62,31.0,31.3,31.5,31.5,31.6,31.5,14.1,14.2,18.0,18.6,18.4,18.4,29,MB300-0274,4.16570100832899,,,,,,,,,1892.945595302942,False,,,,,,,,,,,,,,,,,,3014.0077884448324,False,True,,,,,,,,UNKNOWN
MASTER_10_24,10,24,21.833241,80.261823,4064.349121,117.151245,0,653,0.09,0.087312,0.114208,0.126214,0.287668,0.296631,0.227348,0.086163,0.113267,0.088081,0.240219,0.176891,0.099818,0.08808,0.022023,0.111992,0.024864,0.413073,-0.437278,-0.432278,0.027568,0.741952,1.03333,1.373897,5.864191,0.454475,-0.349998,-0.204352,-0.105866,0.562755,0.737313,1.017224,7.464123,0.041402,0.087279,0.227926,-0.133434,-0.179197,-0.296018,-0.356674,0.023912,0.002842,1.606004,-0.047449,-0.119739,0.488423,0.6148,0.423415,0.185299,1,sparse_vegetation,grade_B_blast_furnace_25to44,25-44% Mn (BF + Medium grade),0.278,39.02,1625.07,1432.68,104.75,293.23,736.99,4.46,6,0.2525,0.5004,0.1417,0.126,30.03,48.93,0.434,GRID_300M_10_24,151.02222588262777,7.4,7.4,7.4,7.5,7.6,7.6,38.5,40.2,43.5,47.5,45.4,46.2,19.7,18.9,17.2,16.2,17.4,17.9,41.9,40.9,39.4,36.4,37.2,35.9,16.4,10.6,6.2,5.6,3.5,2.7,1.53,1.55,1.58,1.6,1.61,1.61,31.3,31.6,31.8,31.8,31.8,31.7,14.3,14.6,18.2,18.7,18.3,18.2,29,MB300-0275,35.59326764809694,,,,,,,,,2149.968096005075,False,,,,,,,,,,,,,,,,,,3014.327039921442,False,True,,,,,,,,UNKNOWN
MASTER_11_00,11,0,21.835592,80.192894,3832.046875,245.424255,0,632,0.09,0.104177,0.140579,0.174871,0.260238,0.330865,0.262095,0.098209,0.126723,0.11174,0.239589,0.190829,0.122789,0.080888,0.013388,0.154409,0.023575,0.20329,-0.301723,-0.406435,0.15928,0.789348,1.282657,1.654023,10.51348,0.372858,-0.307438,-0.181791,-0.071692,0.627596,0.788624,1.115974,11.810011,0.169568,-0.005715,0.224644,-0.230971,-0.161752,-0.494033,-0.53805,0.073522,0.010187,1.36238,-0.020649,-0.140036,0.581101,0.6514,0.443936,0.441456,1,built_up,grade_B_blast_furnace_25to44,25-44% Mn (BF + Medium grade),0.224,38.94,1625.07,1432.68,104.75,293.23,736.99,4.46,6,0.2525,0.5004,0.1417,0.126,30.03,48.93,0.434,GRID_300M_11_00,153.5781418602626,7.5,7.6,7.6,7.6,7.7,7.8,41.2,43.1,45.4,47.1,45.6,45.9,18.5,18.0,16.5,15.5,16.7,17.5,40.3,38.9,38.1,37.4,37.7,36.6,15.0,9.1,6.1,4.9,3.1,2.7,1.53,1.56,1.6,1.62,1.63,1.63,31.3,31.9,31.9,32.2,32.0,32.1,5.5,4.9,5.2,5.9,6.2,7.7,29,MB300-0276,42.19317018011558,,,,,,,,,2004.5898729510557,False,,,,,,,,,,,,,,,,,,3012.76690547874,False,True,0.0,Low,No Mining History (Barren Country Rock Control),Bharveli West Footwall Baseline,1698.1,GRID_BHARVELI_COMB_00_00,124.6479163537112,REAL
MASTER_11_01,11,1,21.835611,80.195422,3595.929688,243.729202,0,912,0.09,0.086885,0.112647,0.130267,0.249196,0.260741,0.187258,0.086696,0.105725,0.077109,0.2236,0.12412,0.070725,0.122468,0.027598,0.147555,0.023569,0.316171,-0.375033,-0.394262,0.070754,0.712653,1.060569,1.483962,6.900137,0.482623,-0.352593,-0.065981,-0.217045,0.564776,0.553908,0.886475,11.226865,0.166452,0.02244,0.328281,-0.287799,-0.147877,-0.506661,-0.597487,0.025087,-0.004029,4.312296,-0.025596,-0.136621,0.531901,0.6225,0.505713,0.216009,1,waterlogged,grade_B_blast_furnace_25to44,25-44% Mn (BF + Medium grade),0.333,38.94,1625.07,1432.68,104.75,293.23,736.99,4.46,6,0.2525,0.5004,0.1417,0.126,30.03,48.93,0.434,GRID_300M_11_01,131.51062114959558,7.5,7.5,7.6,7.6,7.7,7.8,40.8,42.5,45.7,47.0,45.3,46.2,18.5,18.0,16.2,15.4,16.7,17.2,40.7,39.4,38.1,37.6,38.0,36.5,14.9,9.1,6.1,5.0,3.1,2.5,1.53,1.56,1.6,1.62,1.63,1.63,31.5,32.2,32.2,32.5,32.3,32.4,5.3,4.6,4.8,5.8,6.0,7.7,29,MB300-0277,3.6228579954861604,,,,,,,,,1743.5446516573331,False,,,,,,,,,,,,,,,,,,3012.445193174617,False,True,0.0,Low,No Mining History (Barren Country Rock Control),Bharveli West Footwall Baseline,1667.2,GRID_BHARVELI_COMB_00_01,95.07909174990203,REAL
MASTER_11_02,11,2,21.835661,80.1983,3329.970215,241.556396,0,872,0.09,0.085365,0.11399,0.129076,0.269869,0.257647,0.179256,0.097526,0.116163,0.087786,0.237628,0.136127,0.075889,0.140831,0.031842,0.114387,0.021341,0.359524,-0.406459,-0.378978,0.033324,0.687061,0.953305,1.493369,6.572135,0.45322,-0.335605,-0.059445,-0.203071,0.556935,0.566277,0.898277,9.579427,0.093696,0.070854,0.319533,-0.236396,-0.130126,-0.387028,-0.595092,-0.026444,-0.010501,3.030207,-0.032241,-0.12152,0.521521,0.6168,0.496982,0.080275,0,sparse_vegetation,grade_B_blast_furnace_25to44,25-44% Mn (BF + Medium grade),0.337,39.69,1625.07,1432.68,104.75,293.23,736.99,4.46,6,0.2525,0.5004,0.1417,0.126,30.03,48.93,0.434,GRID_300M_11_02,134.85506548141063,7.5,7.5,7.6,7.6,7.7,7.8,40.9,42.6,45.5,47.1,45.4,46.2,18.7,18.3,16.5,15.8,17.1,17.5,40.4,39.1,37.9,37.1,37.5,36.2,14.7,9.4,6.0,4.9,3.1,2.3,1.53,1.56,1.6,1.62,1.63,1.63,31.5,32.2,32.1,32.4,32.2,32.3,5.3,4.7,4.7,5.6,6.0,7.7,29,MB300-0278,2.9031573921917886,,,,,,,,,1446.2632457022776,False,,,,,,,,,,,,,,,,,,3018.2509152798607,False,True,0.0,Low,No Mining History (Barren Country Rock Control),Bharveli West Footwall Baseline,1690.0,GRID_BHARVELI_COMB_00_02,97.08717742616467,REAL
MASTER_11_03,11,3,21.83568,80.20118,3071.286865,238.952942,0,871,0.09,0.098949,0.129938,0.158233,0.283363,0.316089,0.232501,0.091506,0.10854,0.080578,0.220097,0.127175,0.072203,0.111393,0.029252,0.108038,0.020683,0.290683,-0.371481,-0.413644,0.100498,0.729802,1.118238,1.579593,6.035014,0.459498,-0.334216,-0.062174,-0.204561,0.563913,0.572137,0.878254,8.37304,0.168814,0.037266,0.35147,-0.305059,-0.165889,-0.546101,-0.70134,-0.003356,-0.008569,2.337691,-0.063265,-0.188915,0.553334,0.6292,0.514804,0.273249,1,waterlogged,grade_B_blast_furnace_25to44,25-44% Mn (BF + Medium grade),0.362,39.69,1625.07,1432.68,104.75,293.23,736.99,4.46,6,0.2525,0.5004,0.1417,0.126,30.03,48.93,0.434,GRID_300M_11_03,135.36084015277208,7.5,7.5,7.6,7.6,7.7,7.8,40.3,42.0,45.1,46.7,45.0,45.7,19.0,18.6,16.7,16.0,17.4,17.8,40.8,39.5,38.1,37.2,37.5,36.5,13.4,9.8,6.2,4.8,3.3,3.5,1.54,1.56,1.6,1.61,1.62,1.62,30.4,31.4,31.0,31.3,31.3,31.1,5.8,4.8,5.1,6.6,6.6,8.5,29,MB300-0279,3.537540868988848,,,,,,,,,1149.056392893971,False,,,,,,,,,,,,,,,,,,3020.2733966101605,False,True,0.0,Low,No Mining History (Barren Country Rock Control),Bharveli West Footwall Baseline,1764.2,GRID_BHARVELI_COMB_00_03,96.80433764188197,REAL
MASTER_11_04,11,4,21.835667,80.204067,2821.463379,235.810959,0,896,0.09,0.088932,0.117257,0.132351,0.266373,0.264897,0.191888,0.094261,0.11417,0.087933,0.248342,0.166777,0.10147,0.125241,0.029481,0.172047,0.029316,0.338312,-0.387638,-0.38454,0.051621,0.716421,1.007206,1.481517,6.60482,0.475892,-0.364753,-0.164572,-0.158283,0.586892,0.663505,0.922765,10.678415,0.13758,0.022885,0.219968,-0.209904,-0.129529,-0.343701,-0.558752,0.046805,-0.000165,4.022436,-0.018031,-0.098121,0.522573,0.6069,0.443645,0.15067,1,sparse_vegetation,grade_B_blast_furnace_25to44,25-44% Mn (BF + Medium grade),0.246,39.69,1625.07,1432.68,104.75,293.23,736.99,4.46,6,0.2525,0.5004,0.1417,0.126,30.03,48.93,0.434,GRID_300M_11_04,133.10339049442783,7.5,7.5,7.6,7.7,7.8,7.9,39.5,41.2,44.1,46.3,44.2,44.7,19.0,18.4,16.6,15.8,17.5,17.9,41.5,40.3,39.3,37.9,38.4,37.4,12.8,9.4,6.2,4.7,3.5,2.6,1.54,1.55,1.59,1.61,1.61,1.61,30.7,31.3,31.2,31.2,31.3,31.2,6.2,5.1,5.6,7.2,7.4,9.1,29,MB300-0280,3.107659001639352,,,,,,,,,851.6878756823332,False,,,,,,,,,,,,,,,,,,3015.816570228488,False,True,0.0,Low,No Mining History (Barren Country Rock Control),Bharveli West Footwall Baseline,1883.8,GRID_BHARVELI_COMB_00_04,94.3235894110587,REAL
MASTER_11_05,11,5,21.835665,80.206993,2577.781738,232.039444,0,888,0.09,0.088616,0.119515,0.144071,0.264339,0.280608,0.200203,0.09043,0.109568,0.081465,0.226308,0.135709,0.074494,0.109609,0.032323,0.100949,0.017908,0.299056,-0.376149,-0.399342,0.087,0.708253,1.068178,1.607719,4.983653,0.465737,-0.342783,-0.095791,-0.187987,0.550317,0.598646,0.89905,9.072878,0.166681,0.033366,0.303551,-0.274988,-0.157937,-0.469532,-0.708669,-0.00866,-0.014415,4.064428,-0.038032,-0.144899,0.555976,0.6328,0.490475,0.199324,1,sparse_vegetation,grade_B_blast_furnace_25to44,25-44% Mn (BF + Medium grade),0.264,39.56,1625.07,1432.68,104.75,293.23,736.99,4.46,6,0.2525,0.5004,0.1417,0.126,30.03,48.93,0.434,GRID_300M_11_05,133.72916931178727,7.5,7.5,7.6,7.7,7.8,7.9,39.9,41.9,44.3,46.2,44.0,44.5,18.8,18.2,16.5,16.0,17.7,18.1,41.2,39.9,39.1,37.9,38.3,37.4,12.9,9.5,6.2,4.8,3.6,2.6,1.54,1.55,1.59,1.61,1.62,1.62,30.8,31.3,31.2,31.1,31.2,31.1,6.2,5.2,6.0,7.5,7.9,9.2,29,MB300-0281,1.7181271250342087,,,,,,,,,551.1565678648507,False,,,,,,,,,,,,,,,,,,3013.7176403915055,False,True,0.0,Low,No Mining History (Barren Country Rock Control),Bharveli West Footwall Baseline,2040.8,GRID_BHARVELI_COMB_00_05,95.2437034749647,REAL
MASTER_11_06,11,6,21.835681,80.209922,2346.007324,227.536697,0,876,0.09,0.074809,0.103632,0.10186,0.261397,0.212526,0.140666,0.097056,0.11736,0.090857,0.226698,0.14869,0.086917,0.146698,0.041734,0.130175,0.024773,0.439885,-0.430697,-0.343324,-0.036585,0.6564,0.823114,1.351883,5.218835,0.420484,-0.309056,-0.101479,-0.153279,0.577512,0.655457,0.931015,9.64861,-0.019401,0.121641,0.241845,-0.116694,-0.078888,-0.167657,-0.420869,-0.016523,-0.016961,4.397773,-0.034698,-0.063837,0.478488,0.578,0.449224,0.018265,0,sparse_vegetation,grade_B_blast_furnace_25to44,25-44% Mn (BF + Medium grade),0.308,39.56,1625.07,1432.68,104.75,293.23,736.99,4.46,6,0.2525,0.5004,0.1417,0.126,30.03,48.93,0.434,GRID_300M_11_06,136.30047779965628,7.5,7.6,7.6,7.7,7.8,7.9,40.3,42.3,44.4,46.3,44.1,44.5,18.7,18.0,16.5,16.1,17.8,18.2,41.0,39.7,39.1,37.6,38.1,37.3,13.4,9.7,6.4,4.9,3.7,2.7,1.54,1.55,1.59,1.61,1.62,1.62,30.9,31.4,31.3,31.2,31.3,31.2,6.1,5.1,6.2,7.6,8.2,9.3,29,MB300-0282,2.313723216023038,,,,,,,,,254.02153138885055,False,,,,,,,,,,,,,,,,,,3028.706216755672,False,True,0.0,Low,No Mining History (Barren Country Rock Control),Bharveli West Footwall Baseline,2227.4,GRID_BHARVELI_COMB_00_06,97.9949183346052,REAL
MASTER_11_07,11,7,21.835682,80.212831,2134.439941,222.096436,0,902,0.09,0.081988,0.109865,0.11364,0.274884,0.243497,0.17446,0.099403,0.119327,0.095053,0.247274,0.185474,0.114044,0.129471,0.032332,0.196835,0.035103,0.425311,-0.430213,-0.376567,-0.011214,0.703057,0.895578,1.35402,5.718817,0.44212,-0.342269,-0.201623,-0.112397,0.602232,0.749109,0.94511,8.433375,0.016808,0.087945,0.174944,-0.101183,-0.100825,-0.146469,-0.40891,0.067364,0.002772,2.711182,-0.027611,-0.058023,0.479455,0.6218,0.40655,0.088692,0,sparse_vegetation,grade_B_blast_furnace_25to44,25-44% Mn (BF + Medium grade),0.273,39.56,1625.07,1432.68,104.75,293.23,736.99,4.46,6,0.2525,0.5004,0.1417,0.126,30.03,48.93,0.434,GRID_300M_11_07,136.39949679712728,7.5,7.6,7.6,7.7,7.8,7.9,39.9,42.0,43.8,46.2,44.0,44.4,19.0,18.2,16.8,16.3,18.0,18.2,41.1,39.8,39.4,37.4,38.1,37.4,14.0,9.8,6.5,5.0,3.7,2.8,1.53,1.55,1.58,1.6,1.61,1.62,30.9,31.5,31.4,31.2,31.3,31.2,6.2,5.1,6.2,7.7,8.3,9.6,29,MB300-0283,3.716191531902447,303.5264,1.174,25.5646,-0.0062,0.6744,-0.0184,2.2738,BHV300-0111,91.958612871392,True,,,,,,,,,,,,,,,,,,3071.533195546308,False,True,0.0,Low,Historical Open Pit & Active Mining Lease (High Grade),Bharveli Main Shaft & Central Pit,2234.8,GRID_BHARVELI_COMB_00_07,98.08106091051553,REAL
MASTER_11_08,11,8,21.835745,80.215726,1941.386719,215.690994,0,909,0.09,0.077959,0.105229,0.101746,0.279408,0.225546,0.154411,0.110944,0.127952,0.102778,0.233143,0.171648,0.104643,0.164383,0.03753,0.188485,0.03492,0.471044,-0.451985,-0.357676,-0.056217,0.667809,0.820016,1.283542,6.443529,0.384819,-0.286067,-0.134224,-0.116523,0.600866,0.734186,0.921843,8.690412,-0.086225,0.165918,0.223452,-0.060306,-0.066943,-0.08583,-0.361699,0.024101,-0.00261,2.239484,-0.046265,-0.053899,0.45843,0.6008,0.42788,0.052805,0,sparse_vegetation,grade_B_blast_furnace_25to44,25-44% Mn (BF + Medium grade),0.285,38.94,1625.07,1432.68,104.75,293.23,736.99,4.46,6,0.2525,0.5004,0.1417,0.126,30.03,48.93,0.434,GRID_300M_11_08,142.09284711510026,7.5,7.5,7.5,7.6,7.8,7.8,38.3,40.2,41.8,45.5,43.0,43.4,19.6,18.7,17.7,16.7,18.3,18.6,42.1,41.0,40.6,37.9,38.8,38.0,13.9,9.8,6.5,5.0,3.7,2.8,1.54,1.56,1.59,1.62,1.63,1.63,30.9,31.5,31.4,31.2,31.3,31.2,7.8,6.6,7.8,9.4,9.8,10.8,29,MB300-0284,3.3472317400931195,302.2271,1.2219,163.574,-0.0135,0.6755,-0.0472,2.3044,BHV300-0112,87.21001300276212,True,,,,,,,,,,,,,,,,,,3148.8677605896232,False,True,0.0,Low,Historical Open Pit & Active Mining Lease (High Grade),Bharveli Main Shaft & Central Pit,2046.4,GRID_BHARVELI_COMB_00_08,102.80539312312675,REAL
MASTER_11_09,11,9,21.83575,80.218624,1783.294189,207.885681,0,878,0.09,0.094987,0.123999,0.138224,0.277163,0.293719,0.222089,0.125855,0.145196,0.121477,0.292885,0.24335,0.157169,0.126613,0.027189,0.204148,0.046049,0.341538,-0.38259,-0.406759,0.068292,0.750411,1.073198,1.434714,7.177928,0.413235,-0.33377,-0.246368,-0.072492,0.639415,0.83408,0.957044,5.964043,0.071698,0.048819,0.160391,-0.140784,-0.110996,-0.239118,-0.47767,0.077535,0.01886,-1.186824,0.015723,-0.050369,0.514587,0.6183,0.398584,0.167426,1,sparse_vegetation,grade_B_blast_furnace_25to44,25-44% Mn (BF + Medium grade),0.36,38.94,1625.07,1432.68,104.75,293.23,736.99,4.46,6,0.2525,0.5004,0.1417,0.126,30.03,48.93,0.434,GRID_300M_11_09,142.1571831461989,7.4,7.5,7.5,7.6,7.8,7.8,37.6,39.8,41.4,45.0,42.6,43.0,19.8,18.7,17.7,16.7,18.4,18.6,42.6,41.4,40.9,38.3,39.1,38.4,14.0,9.8,6.6,5.2,3.8,3.0,1.54,1.55,1.6,1.63,1.64,1.64,31.2,31.8,31.6,31.5,31.6,31.5,11.6,10.4,11.6,12.3,12.4,12.6,29,MB300-0285,2.230818867615789,301.0171,0.9404,133.4908,-0.0053,0.4752,-0.0171,1.593,BHV300-0113,87.71495378801694,True,,,,,,,,,,,,,,,,,,3246.092357497534,False,True,0.0,Low,Historical Open Pit & Active Mining Lease (High Grade),Bharveli Main Shaft & Central Pit,1887.0,GRID_BHARVELI_COMB_00_09,102.59031737177226,REAL
MASTER_11_10,11,10,21.835763,80.221495,1664.171387,198.871506,0,884,0.09,0.104372,0.131836,0.153873,0.257699,0.311105,0.260059,0.127831,0.148386,0.124174,0.323859,0.283764,0.193357,0.143728,0.033305,0.288591,0.064698,0.2534,-0.32275,-0.405921,0.122801,0.831527,1.234111,1.475983,7.166538,0.437724,-0.363289,-0.313654,-0.051184,0.675054,0.908983,0.961237,6.626564,0.184324,-0.040539,0.092267,-0.173985,-0.156473,-0.325128,-0.514746,0.144862,0.031393,-0.52005,0.06616,-0.027341,0.53291,0.6159,0.371518,0.425339,1,sparse_vegetation,grade_B_blast_furnace_25to44,25-44% Mn (BF + Medium grade),0.238,38.94,1625.07,1432.68,104.75,293.23,736.99,4.46,6,0.2525,0.5004,0.1417,0.126,30.03,48.93,0.434,GRID_300M_11_10,141.91646387752678,7.4,7.5,7.5,7.7,7.8,7.8,38.2,40.1,41.6,45.0,42.9,43.3,19.6,18.7,17.7,16.7,18.3,18.5,42.2,41.2,40.7,38.3,38.9,38.2,14.6,10.1,6.6,5.2,3.8,3.0,1.54,1.55,1.6,1.63,1.64,1.64,31.5,32.3,32.0,31.9,31.9,31.6,12.8,12.1,14.0,14.4,14.8,15.0,29,MB300-0286,2.5772267899416312,311.931,9.0546,227.0008,0.0702,4.2293,0.2294,14.3695,BHV300-0114,85.7378552475101,True,,,,,,,,,,,,,,,,,,3305.3612149792225,False,True,0.0,Low,Historical Open Pit & Active Mining Lease (High Grade),Bharveli Main Shaft & Central Pit,1764.7,GRID_BHARVELI_COMB_00_10,101.56666009613566,REAL
MASTER_11_11,11,11,21.835763,80.224392,1592.863281,188.659454,0,895,0.09,0.108553,0.139258,0.162304,0.282853,0.325914,0.269148,0.130644,0.138901,0.114229,0.247264,0.193412,0.127646,0.164006,0.031683,0.282028,0.050707,0.274129,-0.338946,-0.400997,0.104708,0.822375,1.169484,1.490328,8.338188,0.343497,-0.251818,-0.122786,-0.115116,0.641439,0.781123,0.863345,7.494774,0.069368,0.087128,0.27821,-0.219824,-0.180936,-0.388362,-0.626984,0.118022,0.019025,-0.801505,-0.035588,-0.132502,0.528413,0.6255,0.469238,0.263687,1,waterlogged,grade_B_blast_furnace_25to44,25-44% Mn (BF + Medium grade),0.283,38.59,1625.07,1432.68,104.75,293.23,736.99,4.46,6,0.2525,0.5004,0.1417,0.126,30.03,48.93,0.434,GRID_300M_11_11,141.43088949945354,7.4,7.5,7.5,7.7,7.8,7.9,38.0,40.1,41.3,44.6,42.6,43.2,19.5,18.5,17.8,16.8,18.2,18.6,42.5,41.4,41.0,38.6,39.1,38.2,14.6,10.3,6.8,5.1,3.8,2.9,1.54,1.55,1.59,1.63,1.64,1.64,31.9,32.5,32.3,32.2,32.2,31.9,13.7,12.9,14.7,16.4,17.2,18.1,29,MB300-0287,2.592638435599991,309.3019,4.5975,169.2358,-0.0705,2.025,-0.2335,6.8966,BHV300-0115,86.51356872116386,True,,,,,,,,,,,,,,,,,,3304.8139262922596,False,True,0.0,Low,Historical Open Pit & Active Mining Lease (High Grade),Bharveli Main Shaft & Central Pit,1687.4,GRID_BHARVELI_COMB_00_11,100.94794580259058,REAL
MASTER_11_12,11,12,21.835743,80.227294,1578.06311,177.852509,0,882,0.09,0.120375,0.149266,0.177361,0.264703,0.32939,0.288967,0.310643,0.295167,0.270762,0.32274,0.291336,0.216541,0.384072,0.037369,0.647289,0.049552,0.200109,-0.275707,-0.373093,0.132838,0.873882,1.252985,1.473769,13.995916,0.116527,-0.059446,0.022542,-0.082042,0.708578,0.860759,0.851062,18.459858,-0.083583,0.216261,0.395635,-0.21488,-0.165304,-0.392226,-0.622707,0.263218,0.012183,4.53051,0.058037,-0.038054,0.534612,0.6242,0.531624,0.244898,1,waterlogged,grade_B_blast_furnace_25to44,25-44% Mn (BF + Medium grade),0.173,38.59,1625.07,1432.68,104.75,293.23,736.99,4.46,6,0.2525,0.5004,0.1417,0.126,30.03,48.93,0.434,GRID_300M_11_12,139.13865480592204,7.5,7.5,7.5,7.7,7.8,7.9,38.0,39.9,41.3,44.2,42.3,43.0,19.5,18.6,17.7,16.7,18.1,18.4,42.6,41.5,41.1,39.1,39.5,38.5,14.5,9.9,7.1,5.3,3.5,3.4,1.54,1.55,1.59,1.63,1.64,1.64,32.0,32.5,32.3,32.4,32.3,32.1,14.6,13.9,15.4,18.3,18.7,19.1,29,MB300-0288,4.400199916310987,308.215,1.7225,179.7565,-0.0061,0.8005,-0.018,2.7119,BHV300-0116,89.51175000513358,True,,,,,,,,,,,,,,,,,,3303.60222414305,False,True,0.0,Low,Historical Open Pit & Active Mining Lease (High Grade),Bharveli Main Shaft & Central Pit,1661.5,GRID_BHARVELI_COMB_00_12,98.68559178016807,REAL
MASTER_11_13,11,13,21.835766,80.230213,1615.035645,167.125992,0,874,0.09,0.105396,0.139006,0.174202,0.28242,0.358992,0.288672,0.380658,0.353168,0.314951,0.371186,0.318792,0.236133,0.11575,0.018199,0.106863,0.018502,0.237857,-0.335814,-0.439222,0.15506,0.801242,1.286602,1.637325,10.578521,0.111373,-0.039711,0.07435,-0.110696,0.701603,0.809682,0.807716,11.426643,-0.126484,0.296103,0.513571,-0.265755,-0.099639,-0.47692,-0.829609,-0.008887,0.000304,0.875726,0.088766,-0.0402,0.571223,0.6305,0.580005,0.115561,1,waterlogged,grade_B_blast_furnace_25to44,25-44% Mn (BF + Medium grade),0.265,38.59,1625.07,1432.68,104.75,293.23,736.99,4.46,6,0.2525,0.5004,0.1417,0.126,30.03,48.93,0.434,GRID_300M_11_13,141.93952646309205,7.5,7.5,7.5,7.7,7.7,7.8,37.9,39.7,41.7,44.8,42.7,43.7,19.4,18.6,17.4,16.5,17.8,18.3,42.7,41.7,40.9,38.7,39.5,38.0,14.9,9.6,6.7,6.0,3.5,3.3,1.54,1.56,1.6,1.63,1.64,1.64,31.4,32.1,31.9,32.0,31.9,31.7,12.8,12.5,13.4,15.5,16.6,16.5,29,MB300-0289,2.723997275807094,304.5182,1.0287,133.167,-0.0167,0.4694,-0.057,1.63,BHV300-0117,89.67114222377107,True,,,,,,,,,,,,,,,,,,3304.606113319223,False,True,0.0,Low,Historical Open Pit & Active Mining Lease (High Grade),Bharveli Main Shaft & Central Pit,1689.4,GRID_BHARVELI_COMB_00_13,101.45242609748753,REAL
MASTER_11_14,11,14,21.835798,80.233169,1705.643677,157.073212,0,886,0.09,0.091799,0.120633,0.135698,0.27246,0.298353,0.222596,0.236757,0.220055,0.183674,0.227595,0.16832,0.117087,0.125723,0.017952,0.111566,0.01951,0.317501,-0.368434,-0.422448,0.089433,0.739713,1.166906,1.454731,10.995845,0.120726,-0.016433,0.17091,-0.163188,0.656009,0.697276,0.75392,10.33871,-0.196775,0.352001,0.593359,-0.25262,-0.083705,-0.46963,-0.700811,-0.014157,0.001558,-0.629288,-0.044865,-0.130033,0.529264,0.6173,0.620317,0.025959,0,water_body,grade_B_blast_furnace_25to44,25-44% Mn (BF + Medium grade),0.393,38.73,1625.07,1432.68,104.75,293.23,736.99,4.46,6,0.2525,0.5004,0.1417,0.126,30.03,48.93,0.434,GRID_300M_11_14,147.18876032001808,7.5,7.5,7.5,7.7,7.7,7.8,37.1,39.0,41.3,44.5,42.0,43.4,19.5,18.7,17.4,16.6,18.0,18.4,43.3,42.3,41.4,38.9,40.1,38.3,15.4,9.8,6.7,6.6,3.4,2.9,1.54,1.55,1.59,1.63,1.64,1.63,30.7,31.7,31.5,31.7,31.7,31.3,13.6,13.3,14.4,15.7,16.0,15.5,29,MB300-0290,4.567942423113951,303.0588,0.7743,162.7332,-0.0022,0.4413,-0.0069,1.5529,BHV300-0118,91.40974776363548,True,,,,,,,,,,,,,,,,,,3303.4388144698964,False,True,0.0,Low,Historical Open Pit & Active Mining Lease (High Grade),Bharveli Main Shaft & Central Pit,1768.4,GRID_BHARVELI_COMB_00_14,107.099210033519,REAL
MASTER_11_15,11,15,21.835847,80.236056,1837.286133,148.432144,0,881,0.09,0.104821,0.138779,0.177069,0.260925,0.347921,0.280188,0.741343,0.690881,0.651833,0.657412,0.589147,0.484028,0.099465,0.015721,0.098877,0.017945,0.193134,-0.305278,-0.429732,0.178047,0.80242,1.33921,1.681987,9.954595,0.007618,0.022886,0.07823,-0.060486,0.81722,0.895726,0.878539,9.762267,-0.185516,0.328164,0.507962,-0.238533,0.0148,-0.443484,-0.803448,-0.000588,0.002224,-0.142392,0.396488,0.241227,0.589376,0.6428,0.575289,0.036322,0,waterlogged,grade_B_blast_furnace_25to44,25-44% Mn (BF + Medium grade),0.193,38.73,1625.07,1432.68,104.75,293.23,736.99,4.46,6,0.2525,0.5004,0.1417,0.126,30.03,48.93,0.434,GRID_300M_11_15,151.29354180849722,7.4,7.5,7.5,7.6,7.7,7.8,36.8,38.6,40.8,44.1,41.3,42.7,19.3,18.5,17.2,16.6,17.9,18.4,43.9,42.9,42.0,39.3,40.8,38.9,15.6,10.1,6.7,6.1,3.4,2.6,1.53,1.55,1.59,1.62,1.63,1.63,30.4,31.6,31.4,31.6,31.6,31.2,13.9,13.8,15.4,16.5,16.3,15.6,29,MB300-0291,4.589026953152585,302.7991,0.2368,172.4275,-0.0,0.1382,-0.0003,0.469,BHV300-0119,87.44149033951966,True,,,,,,,,,,,,,,,,,,3310.1160047495237,False,True,0.0,Low,Historical Open Pit & Active Mining Lease (High Grade),Bharveli Main Shaft & Central Pit,1892.2,GRID_BHARVELI_COMB_00_15,110.51791631891555,REAL
MASTER_11_16,11,16,21.835843,80.238942,2009.366577,141.197968,0,873,0.09,0.110597,0.149614,0.185446,0.30356,0.376244,0.299107,0.450955,0.430738,0.389186,0.499435,0.440245,0.331527,0.08708,0.018211,0.159038,0.028758,0.250205,-0.342431,-0.428475,0.14363,0.78914,1.239694,1.659341,8.074893,0.16915,-0.109114,-0.043631,-0.071914,0.732082,0.876168,0.859753,8.974382,-0.081055,0.233317,0.384845,-0.215544,-0.057058,-0.363526,-0.799587,0.071957,0.010547,0.958553,0.195875,0.064002,0.571294,0.6427,0.512884,0.229095,1,waterlogged,grade_B_blast_furnace_25to44,25-44% Mn (BF + Medium grade),0.18,38.73,1625.07,1432.68,104.75,293.23,736.99,4.46,6,0.2525,0.5004,0.1417,0.126,30.03,48.93,0.434,GRID_300M_11_16,150.02232979766197,7.4,7.5,7.5,7.6,7.7,7.7,37.0,38.8,41.0,44.3,41.6,42.9,19.3,18.6,17.3,16.5,17.9,18.3,43.6,42.7,41.7,39.1,40.5,38.7,16.1,10.6,6.9,6.2,3.4,2.6,1.53,1.55,1.59,1.62,1.63,1.62,30.6,31.7,31.5,31.8,31.8,31.4,13.6,13.6,15.2,16.5,15.9,15.2,29,MB300-0292,1.928885401105113,302.3023,0.8221,103.7322,-0.008,0.4233,-0.0262,1.4465,BHV300-0120,87.75581995880583,True,,,,,,,,,,,,,,,,,,3309.2373206251505,False,True,0.0,Low,Historical Open Pit & Active Mining Lease (High Grade),Bharveli Main Shaft & Central Pit,2052.7,GRID_BHARVELI_COMB_00_16,108.91311595502252,REAL
MASTER_11_17,11,17,21.835858,80.241809,2205.288818,135.178131,0,889,0.09,0.097055,0.130262,0.152218,0.292727,0.328692,0.254651,0.137039,0.156681,0.126843,0.332925,0.258488,0.160458,0.131658,0.027333,0.194964,0.042533,0.325982,-0.386705,-0.431936,0.09691,0.769641,1.125208,1.547528,7.263926,0.450522,-0.359731,-0.242938,-0.103339,0.612193,0.780374,0.918578,7.098477,0.12454,0.026974,0.188998,-0.200249,-0.157448,-0.344834,-0.628949,0.063306,0.015201,-0.154609,0.040198,-0.070204,0.536363,0.6304,0.415634,0.205849,1,sparse_vegetation,grade_B_blast_furnace_25to44,25-44% Mn (BF + Medium grade),0.21,39.2,1625.07,1432.68,104.75,293.23,736.99,4.46,6,0.2525,0.5004,0.1417,0.126,30.03,48.93,0.434,GRID_300M_11_17,150.0659785701886,7.4,7.5,7.5,7.5,7.6,7.7,37.3,39.1,41.0,44.3,41.5,42.8,19.7,18.9,17.6,16.8,18.1,18.6,43.0,42.1,41.4,38.9,40.4,38.6,16.9,10.0,7.0,6.2,3.5,2.7,1.52,1.54,1.58,1.61,1.62,1.62,30.7,31.9,31.8,32.1,32.1,31.9,14.2,14.4,15.9,16.1,15.8,15.5,29,MB300-0293,3.05311202329419,301.8647,1.6689,205.9354,0.0053,0.8503,0.0147,2.9509,BHV300-0121,85.35974530140022,True,,,,,,,,,,,,,,,,,,3310.9305202118258,False,True,0.0,Low,Historical Open Pit & Active Mining Lease (High Grade),Bharveli Main Shaft & Central Pit,2242.1,GRID_BHARVELI_COMB_00_17,108.29525593088566,REAL
MASTER_11_18,11,18,21.835851,80.244711,2425.834229,130.175903,0,900,0.09,0.087883,0.120591,0.134585,0.297849,0.311072,0.232462,0.100631,0.122369,0.096854,0.28011,0.221373,0.133167,0.149661,0.030773,0.214757,0.038835,0.38379,-0.422654,-0.440789,0.064383,0.740016,1.058977,1.501769,6.562789,0.484863,-0.389006,-0.281022,-0.093644,0.594833,0.793796,0.955904,8.417735,0.101073,0.033648,0.159767,-0.158028,-0.145182,-0.265181,-0.545865,0.065096,0.008062,1.848342,-0.017739,-0.089699,0.519091,0.623,0.392597,0.132222,1,sparse_vegetation,grade_B_blast_furnace_25to44,25-44% Mn (BF + Medium grade),0.247,39.2,1625.07,1432.68,104.75,293.23,736.99,4.46,6,0.2525,0.5004,0.1417,0.126,30.03,48.93,0.434,GRID_300M_11_18,149.12151440991687,7.3,7.4,7.4,7.5,7.5,7.6,37.6,39.2,40.8,44.4,42.0,43.3,19.8,19.1,17.8,16.7,18.0,18.4,42.6,41.8,41.4,38.8,40.0,38.3,17.4,10.0,6.8,6.2,3.4,2.6,1.51,1.53,1.57,1.61,1.62,1.61,30.9,32.3,32.2,32.7,32.6,32.6,15.0,15.4,17.0,16.2,16.2,17.0,29,MB300-0294,2.6423491533073795,,,,,,,,,358.33215119044013,False,,,,,,,,,,,,,,,,,,3310.1608900840993,False,True,0.0,Low,Historical Open Pit & Active Mining Lease (High Grade),Bharveli Main Shaft & Central Pit,2453.6,GRID_BHARVELI_COMB_00_18,107.26745266587193,REAL
MASTER_11_19,11,19,21.835848,80.247628,2662.746094,126.003883,0,897,0.09,0.086818,0.119736,0.13902,0.281115,0.310966,0.233735,0.087989,0.106198,0.081028,0.21639,0.154786,0.084407,0.131252,0.026468,0.193476,0.034185,0.341936,-0.401767,-0.444115,0.095369,0.746191,1.119563,1.584291,7.265034,0.447157,-0.329915,-0.16147,-0.135343,0.53649,0.703935,0.913588,8.371194,0.105221,0.071852,0.282645,-0.230712,-0.209701,-0.415627,-0.670703,0.062224,0.007716,1.109706,-0.064726,-0.15618,0.543172,0.6193,0.462412,0.172798,1,sparse_vegetation,grade_B_blast_furnace_25to44,25-44% Mn (BF + Medium grade),0.304,39.2,1625.07,1432.68,104.75,293.23,736.99,4.46,6,0.2525,0.5004,0.1417,0.126,30.03,48.93,0.434,GRID_300M_11_19,149.09265290523243,7.3,7.4,7.4,7.5,7.5,7.6,37.5,39.0,40.6,44.2,41.9,43.4,19.6,18.9,17.7,16.5,17.8,18.3,42.9,42.1,41.7,39.3,40.2,38.4,17.4,10.2,6.9,5.9,3.5,2.7,1.51,1.52,1.56,1.6,1.61,1.61,31.2,32.5,32.3,32.7,32.8,32.7,15.0,15.5,17.5,16.9,16.5,17.3,29,MB300-0295,2.5993602634258206,,,,,,,,,656.7262560927304,False,,,,,,,,,,,,,,,,,,3310.3829019909467,False,True,0.0,Very Low,Historical Open Pit & Active Mining Lease (High Grade),Bharveli Main Shaft & Central Pit,2682.1,GRID_BHARVELI_COMB_00_19,107.4131744935245,REAL
MASTER_11_20,11,20,21.83585,80.250542,2910.857178,122.52446,0,898,0.09,0.089054,0.120601,0.134973,0.290204,0.313175,0.234539,0.102096,0.118019,0.091371,0.232019,0.166661,0.099072,0.097483,0.021572,0.153954,0.028485,0.379015,-0.417452,-0.438742,0.067939,0.735684,1.076463,1.484606,6.992746,0.446172,-0.327011,-0.145432,-0.147281,0.567561,0.689474,0.884746,8.484467,0.067156,0.09044,0.29331,-0.215221,-0.168123,-0.386989,-0.59986,0.056471,0.006913,1.503479,-0.058185,-0.146514,0.519277,0.5985,0.466363,0.136971,1,sparse_vegetation,grade_B_blast_furnace_25to44,25-44% Mn (BF + Medium grade),0.32,39.2,1625.07,1432.68,104.75,293.23,736.99,4.46,6,0.2525,0.5004,0.1417,0.126,30.03,48.93,0.434,GRID_300M_11_20,149.51753221759196,7.3,7.3,7.4,7.5,7.5,7.6,37.1,38.9,41.3,45.1,42.8,44.0,19.9,19.1,17.6,16.3,17.7,18.2,43.0,42.1,41.1,38.6,39.5,37.8,16.4,11.0,7.1,5.6,3.7,3.0,1.52,1.54,1.57,1.6,1.61,1.61,31.6,32.3,32.4,32.6,32.7,32.6,15.0,15.4,18.1,17.7,16.7,17.2,29,MB300-0296,3.562239999882877,,,,,,,,,956.6516741106441,False,,,,,,,,,,,,,,,,,,3307.593884679873,False,True,0.0,Very Low,Historical Open Pit & Active Mining Lease (High Grade),Bharveli Main Shaft & Central Pit,2923.5,GRID_BHARVELI_COMB_00_20,107.85588199647357,REAL
MASTER_11_21,11,21,21.835898,80.253458,3165.644531,119.520477,0,912,0.09,0.089378,0.121092,0.134739,0.290328,0.314548,0.23452,0.213726,0.220837,0.189309,0.348902,0.29021,0.201629,0.111397,0.025036,0.162529,0.028377,0.377073,-0.414289,-0.439775,0.070858,0.733602,1.085831,1.480359,7.185368,0.341105,-0.261069,-0.174193,-0.079845,0.674439,0.83195,0.909465,8.681241,-0.035969,0.15322,0.265583,-0.150703,-0.059163,-0.253881,-0.570894,0.051132,0.003341,1.509308,0.058574,-0.024338,0.520164,0.6072,0.442411,0.135965,1,sparse_vegetation,grade_B_blast_furnace_25to44,25-44% Mn (BF + Medium grade),0.259,39.25,1625.07,1432.68,104.75,293.23,736.99,4.46,6,0.2525,0.5004,0.1417,0.126,30.03,48.93,0.434,GRID_300M_11_21,154.81570111889982,7.3,7.3,7.4,7.5,7.5,7.6,37.1,39.2,41.8,45.8,43.6,44.8,20.2,19.2,17.8,16.2,17.6,18.1,42.7,41.6,40.4,38.0,38.8,37.2,15.9,11.4,7.3,5.6,3.7,3.0,1.52,1.54,1.58,1.61,1.62,1.62,31.4,31.8,32.1,32.0,32.1,32.0,15.0,15.2,18.4,18.0,16.8,17.2,29,MB300-0297,1.3840858508375304,,,,,,,,,1257.067923592502,False,,,,,,,,,,,,,,,,,,3309.011009461509,False,True,0.0,Very Low,Historical Open Pit & Active Mining Lease (High Grade),Bharveli Main Shaft & Central Pit,3174.9,GRID_BHARVELI_COMB_00_21,112.90723119777093,REAL
MASTER_11_22,11,22,21.835942,80.256372,3427.889893,116.974159,0,887,0.09,0.083406,0.112608,0.117274,0.293656,0.289184,0.210351,0.097461,0.123963,0.101367,0.232891,0.177023,0.102275,0.125674,0.029658,0.134738,0.022478,0.436939,-0.444251,-0.431586,0.020752,0.712711,1.003846,1.364517,5.977891,0.389052,-0.300331,-0.156107,-0.091225,0.57461,0.752423,1.038651,10.831555,-0.047887,0.14392,0.275479,-0.111977,-0.138102,-0.251423,-0.325866,0.009064,-0.00718,4.75996,-0.060765,-0.112161,0.487068,0.604,0.44289,0.145434,1,sparse_vegetation,grade_B_blast_furnace_25to44,25-44% Mn (BF + Medium grade),0.183,39.25,1625.07,1432.68,104.75,293.23,736.99,4.46,6,0.2525,0.5004,0.1417,0.126,30.03,48.93,0.434,GRID_300M_12_22,159.5274563737265,7.3,7.4,7.4,7.4,7.5,7.6,37.1,39.2,41.9,46.0,43.7,44.8,20.3,19.3,17.8,16.2,17.6,18.1,42.6,41.5,40.3,37.7,38.7,37.1,16.0,11.8,7.0,5.6,3.5,2.8,1.53,1.55,1.58,1.62,1.63,1.63,31.6,31.9,32.0,32.0,32.1,31.9,15.0,15.1,18.4,18.0,17.5,17.5,29,MB300-0298,4.524866979599455,,,,,,,,,1557.6494930103554,False,,,,,,,,,,,,,,,,,,3315.6810364530957,False,True,0.0,Very Low,Historical Open Pit & Active Mining Lease (High Grade),Bharveli Main Shaft & Central Pit,3434.1,GRID_BHARVELI_COMB_00_22,117.5447703977463,REAL
MASTER_11_23,11,23,21.835933,80.259266,3696.463623,114.892654,0,877,0.09,0.08379,0.113803,0.122862,0.288692,0.293292,0.217336,0.084914,0.111516,0.086106,0.239987,0.179713,0.103237,0.111699,0.027776,0.15141,0.028608,0.409099,-0.433681,-0.436405,0.044473,0.728603,1.026754,1.43601,6.008675,0.467548,-0.36126,-0.21909,-0.103882,0.572008,0.748741,1.012366,8.039415,0.05845,0.072421,0.217315,-0.148354,-0.156595,-0.278012,-0.423643,0.03971,0.000832,2.04708,-0.048705,-0.113579,0.503544,0.6138,0.419691,0.109464,1,sparse_vegetation,grade_B_blast_furnace_25to44,25-44% Mn (BF + Medium grade),0.242,39.13,1625.07,1432.68,104.75,293.23,736.99,4.46,6,0.2525,0.5004,0.1417,0.126,30.03,48.93,0.434,GRID_300M_11_23,158.1703951815252,7.3,7.4,7.4,7.5,7.5,7.6,38.1,39.9,43.0,46.9,44.8,45.8,19.8,18.9,17.2,16.0,17.3,17.8,42.1,41.1,39.8,37.0,37.9,36.4,16.5,11.3,6.6,5.6,3.5,2.6,1.53,1.55,1.58,1.62,1.63,1.63,31.5,31.6,31.8,31.8,31.8,31.8,14.3,14.6,18.0,18.4,18.2,17.9,29,MB300-0299,2.125418516975284,,,,,,,,,1856.5198304505318,False,,,,,,,,,,,,,,,,,,3314.246678786912,False,True,0.0,Very Low,Historical Open Pit & Active Mining Lease (High Grade),Bharveli Main Shaft & Central Pit,3699.5,GRID_BHARVELI_COMB_00_23,115.95447807327295,REAL
MASTER_11_24,11,24,21.835964,80.261784,3931.920166,113.254814,0,668,0.09,0.072325,0.101659,0.096563,0.279593,0.220869,0.14521,0.084862,0.109343,0.084568,0.225422,0.166241,0.096182,0.088981,0.025829,0.17331,0.024919,0.48919,-0.466409,-0.365618,-0.057072,0.651052,0.790875,1.322347,4.581057,0.447847,-0.340299,-0.191263,-0.108823,0.577196,0.734774,0.994026,12.287575,-0.041343,0.12611,0.174356,-0.051751,-0.073857,-0.056101,-0.328321,0.084329,-0.00091,7.64096,-0.054171,-0.054629,0.463621,0.5787,0.401002,0.005988,0,sparse_vegetation,grade_B_blast_furnace_25to44,25-44% Mn (BF + Medium grade),0.207,39.13,1625.07,1432.68,104.75,293.23,736.99,4.46,6,0.2525,0.5004,0.1417,0.126,30.03,48.93,0.434,GRID_300M_12_24,148.20706069381427,7.4,7.4,7.4,7.5,7.6,7.6,38.7,40.4,43.5,47.6,45.6,46.5,19.6,18.8,17.1,15.9,17.2,17.6,41.7,40.8,39.4,36.5,37.3,35.9,16.3,10.6,6.5,5.6,3.4,2.4,1.53,1.55,1.58,1.62,1.62,1.62,31.7,31.8,32.0,32.0,32.1,32.0,14.6,15.0,18.3,18.7,18.0,17.7,29,MB300-0300,38.27196886893233,,,,,,,,,2116.4746427853916,False,,,,,,,,,,,,,,,,,,3317.4594984793894,False,True,0.0,Very Low,Historical Open Pit & Active Mining Lease (High Grade),Bharveli Main Shaft & Central Pit,3969.9,GRID_BHARVELI_COMB_00_24,107.90182723696654,REAL
MASTER_12_00,12,0,21.838287,80.192908,3716.307129,249.612442,0,646,0.09,0.082668,0.110769,0.109994,0.269068,0.235816,0.164973,0.097187,0.117212,0.096794,0.222392,0.162704,0.100965,0.123247,0.028131,0.153876,0.033359,0.419844,-0.413536,-0.356268,-0.015745,0.688585,0.900633,1.319598,6.265497,0.380588,-0.296472,-0.14388,-0.105573,0.611837,0.733248,0.993637,9.419896,-0.039256,0.117065,0.212388,-0.089828,-0.076749,-0.167385,-0.325961,0.030629,0.005228,3.054395,-0.046676,-0.073112,0.477114,0.6043,0.427712,0.089783,0,sparse_vegetation,grade_B_blast_furnace_25to44,25-44% Mn (BF + Medium grade),0.354,38.94,1625.07,1432.68,104.75,293.23,736.99,4.46,6,0.2525,0.5004,0.1417,0.126,30.03,48.93,0.434,GRID_300M_12_00,154.2578618974891,7.5,7.6,7.6,7.6,7.7,7.8,41.4,43.3,45.6,47.2,45.6,45.9,18.3,17.8,16.4,15.5,16.7,17.5,40.2,38.8,38.0,37.3,37.7,36.7,14.6,8.9,6.1,4.8,3.0,2.7,1.53,1.56,1.61,1.62,1.63,1.62,31.6,32.1,32.1,32.5,32.3,32.4,5.6,5.0,5.1,5.9,6.1,7.7,29,MB300-0301,45.28359419160488,,,,,,,,,2001.6699390306558,False,,,,,,,,,,,,,,,,,,3312.772732361196,False,True,0.0,Low,No Mining History (Barren Country Rock Control),Bharveli West Footwall Baseline,1404.7,GRID_BHARVELI_COMB_01_00,125.64550650149145,REAL
MASTER_12_01,12,1,21.838317,80.195358,3479.600586,248.215988,0,861,0.09,0.079556,0.106836,0.114656,0.259901,0.241329,0.16643,0.106095,0.121825,0.096957,0.216603,0.138226,0.083075,0.138705,0.031546,0.144121,0.027396,0.389042,-0.414827,-0.383844,0.020256,0.684438,0.941664,1.425987,6.448756,0.379488,-0.273446,-0.045782,-0.165806,0.58763,0.629676,0.905201,9.373432,-0.009554,0.141381,0.338061,-0.186062,-0.096807,-0.311988,-0.520786,0.005416,-0.00415,2.899048,-0.043298,-0.103103,0.505558,0.5931,0.49662,0.059233,0,waterlogged,grade_B_blast_furnace_25to44,25-44% Mn (BF + Medium grade),0.319,38.94,1625.07,1432.68,104.75,293.23,736.99,4.46,6,0.2525,0.5004,0.1417,0.126,30.03,48.93,0.434,GRID_300M_12_01,128.98123418478846,7.5,7.5,7.6,7.6,7.7,7.8,40.9,42.6,45.7,46.9,45.3,46.2,18.4,18.0,16.2,15.5,16.7,17.1,40.6,39.3,38.1,37.6,38.0,36.6,14.6,9.2,6.1,4.8,3.0,2.3,1.54,1.56,1.61,1.62,1.63,1.63,31.3,32.0,32.0,32.4,32.2,32.3,5.9,5.2,5.0,6.1,6.2,8.0,29,MB300-0302,2.3497164524196283,,,,,,,,,1748.6276955519143,False,,,,,,,,,,,,,,,,,,3313.7011400918723,False,True,0.0,Low,No Mining History (Barren Country Rock Control),Bharveli West Footwall Baseline,1367.3,GRID_BHARVELI_COMB_01_01,91.16869821900399,REAL
MASTER_12_02,12,2,21.838365,80.19826,3201.773193,246.318832,0,859,0.09,0.07411,0.099654,0.098801,0.250638,0.205463,0.133717,0.165891,0.177238,0.1534,0.26361,0.196783,0.134188,0.104774,0.031538,0.073182,0.012546,0.43745,-0.430334,-0.343219,-0.039043,0.645092,0.824711,1.317581,4.568879,0.300766,-0.217157,-0.033061,-0.131987,0.640139,0.70393,0.910912,11.593279,-0.136684,0.213177,0.310158,-0.092943,-0.004954,-0.120781,-0.406669,-0.031592,-0.018992,6.940576,0.012972,-0.00868,0.475556,0.5788,0.478195,0.0,0,waterlogged,non_ore,Background,0.35,39.69,1625.07,1432.68,104.75,293.23,736.99,4.46,6,0.2525,0.5004,0.1417,0.126,30.03,48.93,0.434,GRID_300M_12_02,133.4592423343013,7.5,7.5,7.6,7.6,7.7,7.8,40.8,42.4,45.4,47.0,45.3,46.0,18.7,18.3,16.6,15.9,17.2,17.5,40.5,39.2,38.0,37.2,37.6,36.4,14.6,9.5,6.1,4.8,3.2,2.5,1.54,1.56,1.6,1.62,1.63,1.63,30.9,31.9,31.8,32.2,32.0,31.9,5.9,5.2,5.0,5.9,5.9,7.7,29,MB300-0303,2.6646354260706837,,,,,,,,,1448.883149509951,False,,,,,,,,,,,,,,,,,,3319.2771275101795,False,True,0.0,Low,No Mining History (Barren Country Rock Control),Bharveli West Footwall Baseline,1394.9,GRID_BHARVELI_COMB_01_02,94.87726176697177,REAL
MASTER_12_03,12,3,21.838376,80.201157,2930.281006,243.997345,0,890,0.09,0.092705,0.123189,0.134139,0.293914,0.275442,0.19714,0.105095,0.121328,0.09492,0.226026,0.143448,0.089681,0.130558,0.032177,0.144419,0.021785,0.379852,-0.409065,-0.378988,0.019104,0.703758,0.946686,1.422288,5.820401,0.405462,-0.295296,-0.053509,-0.174926,0.602489,0.621936,0.897363,11.571224,0.02561,0.11377,0.325479,-0.194029,-0.101269,-0.32475,-0.524925,0.013861,-0.010391,5.800355,-0.067889,-0.131994,0.502639,0.6198,0.493024,0.085393,0,waterlogged,grade_B_blast_furnace_25to44,25-44% Mn (BF + Medium grade),0.28,39.69,1625.07,1432.68,104.75,293.23,736.99,4.46,6,0.2525,0.5004,0.1417,0.126,30.03,48.93,0.434,GRID_300M_12_03,134.0154526390032,7.5,7.5,7.6,7.6,7.8,7.8,39.9,41.4,44.7,46.3,44.6,45.2,18.7,18.3,16.6,15.9,17.3,17.6,41.4,40.2,38.8,37.8,38.1,37.1,13.6,9.8,6.3,4.7,3.4,3.3,1.54,1.56,1.6,1.62,1.62,1.62,30.0,31.1,30.9,31.2,31.3,30.8,6.2,5.2,5.3,6.6,6.4,8.3,29,MB300-0304,2.82049427735657,,,,,,,,,1149.9876153237176,False,,,,,,,,,,,,,,,,,,3320.4009018508655,False,True,0.0,Low,No Mining History (Barren Country Rock Control),Bharveli West Footwall Baseline,1483.9,GRID_BHARVELI_COMB_01_03,95.07623953635193,REAL
MASTER_12_04,12,4,21.838336,80.204058,2667.004883,241.094696,0,867,0.09,0.095346,0.122363,0.138137,0.262649,0.269761,0.205712,0.105738,0.126381,0.10233,0.263443,0.197076,0.128512,0.143862,0.026761,0.226542,0.035795,0.318647,-0.363943,-0.361562,0.051152,0.75598,1.023799,1.43115,8.91556,0.442877,-0.349022,-0.200077,-0.116861,0.632084,0.743578,0.955814,9.563309,0.12423,0.014921,0.161485,-0.168013,-0.123896,-0.28022,-0.475335,0.08268,0.009034,0.724313,0.000794,-0.072684,0.511264,0.62,0.414574,0.202999,1,sparse_vegetation,grade_B_blast_furnace_25to44,25-44% Mn (BF + Medium grade),0.257,39.69,1625.07,1432.68,104.75,293.23,736.99,4.46,6,0.2525,0.5004,0.1417,0.126,30.03,48.93,0.434,GRID_300M_12_04,129.69525455578977,7.5,7.5,7.6,7.6,7.8,7.9,38.8,40.6,43.7,46.2,44.1,44.4,18.9,18.3,16.6,15.6,17.2,17.7,42.2,41.1,39.8,38.1,38.7,37.9,13.1,9.3,6.4,4.7,3.5,2.7,1.54,1.55,1.59,1.61,1.62,1.62,30.2,31.3,31.1,31.4,31.5,31.0,6.2,5.2,5.8,7.2,7.1,8.6,29,MB300-0305,4.999755309693538,,,,,,,,,851.4884705800536,False,,,,,,,,,,,,,,,,,,3312.930313179313,False,True,0.0,Low,No Mining History (Barren Country Rock Control),Bharveli West Footwall Baseline,1624.3,GRID_BHARVELI_COMB_01_04,91.13088289949096,REAL
MASTER_12_05,12,5,21.838368,80.206992,2404.974854,237.68718,0,896,0.09,0.085126,0.113009,0.126116,0.266431,0.262069,0.187797,0.134062,0.146862,0.117997,0.261377,0.183706,0.119067,0.130944,0.029546,0.169739,0.03138,0.364702,-0.405599,-0.394305,0.042137,0.708169,0.985315,1.467756,6.135982,0.393244,-0.291203,-0.115318,-0.141621,0.633734,0.699957,0.891425,7.918949,0.028542,0.114396,0.278987,-0.183758,-0.074434,-0.285358,-0.576331,0.038796,0.001834,1.774468,-0.005054,-0.078363,0.516083,0.6343,0.465362,0.087054,0,sparse_vegetation,grade_B_blast_furnace_25to44,25-44% Mn (BF + Medium grade),0.298,39.69,1625.07,1432.68,104.75,293.23,736.99,4.46,6,0.2525,0.5004,0.1417,0.126,30.03,48.93,0.434,GRID_300M_12_05,134.08074995859837,7.5,7.5,7.6,7.7,7.8,7.9,39.7,41.5,43.9,46.0,43.8,44.3,18.7,18.1,16.4,15.9,17.5,17.9,41.6,40.4,39.6,38.1,38.6,37.8,13.4,9.4,6.4,4.8,3.6,2.8,1.54,1.55,1.59,1.61,1.62,1.62,30.4,31.3,31.2,31.3,31.3,31.1,6.0,4.9,5.9,7.6,7.7,9.0,29,MB300-0306,2.447046323439271,,,,,,,,,549.8438292235018,False,,,,,,,,,,,,,,,,,,3314.6105246878124,False,True,0.0,Low,No Mining History (Barren Country Rock Control),Bharveli West Footwall Baseline,1804.1,GRID_BHARVELI_COMB_01_05,95.52546563938125,REAL
MASTER_12_06,12,6,21.838371,80.209907,2156.915283,233.424713,0,895,0.09,0.072446,0.099753,0.099228,0.261763,0.218681,0.145101,0.102778,0.120232,0.092367,0.236575,0.172993,0.101545,0.149283,0.037877,0.163902,0.03077,0.448586,-0.444559,-0.371312,-0.028042,0.658015,0.851757,1.356833,5.411047,0.436688,-0.32363,-0.177133,-0.12305,0.584606,0.735786,0.896833,9.580961,-0.011897,0.120929,0.194178,-0.095008,-0.073408,-0.115971,-0.46,0.014619,-0.007107,4.121981,-0.025188,-0.045689,0.480249,0.5883,0.416023,0.034637,0,sparse_vegetation,grade_B_blast_furnace_25to44,25-44% Mn (BF + Medium grade),0.326,39.56,1625.07,1432.68,104.75,293.23,736.99,4.46,6,0.2525,0.5004,0.1417,0.126,30.03,48.93,0.434,GRID_300M_12_06,134.70410132943428,7.5,7.5,7.6,7.7,7.8,7.9,39.6,41.4,43.6,46.1,43.9,44.3,18.7,18.1,16.6,16.0,17.5,17.8,41.7,40.5,39.8,37.9,38.6,37.9,13.5,9.4,6.4,4.8,3.6,2.9,1.53,1.55,1.58,1.61,1.62,1.62,30.5,31.2,31.2,31.1,31.1,31.1,5.7,4.6,5.8,7.7,8.0,9.1,29,MB300-0307,4.067360286762606,,,,,,,,,254.69626687974454,False,,,,,,,,,,,,,,,,,,3326.8312586030233,False,True,0.0,Low,No Mining History (Barren Country Rock Control),Bharveli West Footwall Baseline,2012.7,GRID_BHARVELI_COMB_01_06,96.23942597246148,REAL
MASTER_12_07,12,7,21.838414,80.212828,1920.443237,228.183487,0,912,0.09,0.075935,0.104052,0.110084,0.255196,0.231604,0.159813,0.122071,0.133415,0.104555,0.229974,0.156479,0.090733,0.151917,0.036123,0.176603,0.02284,0.400076,-0.419563,-0.37729,0.010656,0.682955,0.916526,1.435154,6.248809,0.377114,-0.266171,-0.076035,-0.151855,0.576874,0.679521,0.860435,11.704442,-0.022963,0.153392,0.301255,-0.16251,-0.106081,-0.237005,-0.574719,0.024687,-0.013284,5.404824,-0.025222,-0.075125,0.502994,0.6024,0.476735,0.039474,0,sparse_vegetation,grade_B_blast_furnace_25to44,25-44% Mn (BF + Medium grade),0.367,39.56,1625.07,1432.68,104.75,293.23,736.99,4.46,6,0.2525,0.5004,0.1417,0.126,30.03,48.93,0.434,GRID_300M_12_07,139.5395302796132,7.5,7.6,7.6,7.7,7.8,7.9,39.3,41.1,42.6,45.5,43.3,43.6,19.0,18.3,17.1,16.5,18.0,18.2,41.7,40.7,40.3,37.9,38.7,38.1,13.9,9.5,6.5,5.0,3.6,2.9,1.53,1.55,1.58,1.6,1.61,1.62,30.4,31.0,31.0,30.7,30.8,30.8,5.9,4.9,6.0,7.6,7.9,9.3,29,MB300-0308,3.829408238671932,304.3515,0.6011,179.4745,0.0111,0.4137,0.0364,1.395,BHV300-0100,90.92608838847053,True,,,,,,,,,,,,,,,,,,3370.5580205843803,False,True,0.0,Low,Historical Open Pit & Active Mining Lease (High Grade),Bharveli Main Shaft & Central Pit,2021.8,GRID_BHARVELI_COMB_01_07,100.7610281271031,REAL
MASTER_12_08,12,8,21.838451,80.215711,1707.517578,221.623215,0,866,0.09,0.078387,0.106042,0.110542,0.263443,0.237971,0.166854,0.161012,0.168452,0.144018,0.241835,0.192757,0.128006,0.144286,0.036994,0.20963,0.032877,0.414188,-0.425829,-0.381808,0.002847,0.688743,0.911883,1.396478,5.353765,0.278586,-0.189633,-0.052318,-0.110657,0.626208,0.765698,0.8762,10.030421,-0.135602,0.236196,0.32949,-0.113504,-0.062535,-0.146186,-0.520278,0.065344,-0.004117,4.633786,-0.021608,-0.045214,0.49287,0.5843,0.481346,0.068129,0,waterlogged,grade_B_blast_furnace_25to44,25-44% Mn (BF + Medium grade),0.338,38.94,1625.07,1432.68,104.75,293.23,736.99,4.46,6,0.2525,0.5004,0.1417,0.126,30.03,48.93,0.434,GRID_300M_12_08,142.14240575402414,7.5,7.5,7.5,7.6,7.8,7.8,37.8,39.9,41.0,44.8,42.5,42.9,19.5,18.5,17.7,16.7,18.3,18.6,42.6,41.5,41.3,38.4,39.2,38.5,13.7,9.8,6.5,5.4,3.6,2.9,1.54,1.55,1.59,1.62,1.63,1.63,30.7,31.2,31.2,30.8,30.9,30.9,7.6,6.6,7.9,9.4,9.5,10.5,29,MB300-0309,2.924066110145257,303.1519,1.2313,170.0275,-0.0093,0.6849,-0.0311,2.3661,BHV300-0101,87.55094396187286,True,,,,,,,,,,,,,,,,,,3438.6564328685577,False,True,0.0,Low,Historical Open Pit & Active Mining Lease (High Grade),Bharveli Main Shaft & Central Pit,1811.3,GRID_BHARVELI_COMB_01_08,102.5323938167802,REAL
MASTER_12_09,12,9,21.838473,80.218572,1525.638916,213.384094,0,891,0.09,0.083724,0.114767,0.124326,0.275553,0.252747,0.177136,0.188849,0.197398,0.173581,0.295477,0.247877,0.165685,0.144273,0.039044,0.186793,0.032333,0.392186,-0.41588,-0.372499,0.010968,0.686957,0.920295,1.450786,5.681753,0.276666,-0.209363,-0.114983,-0.077167,0.654403,0.828182,0.91667,8.813262,-0.11552,0.206517,0.257517,-0.088135,-0.032554,-0.092113,-0.534116,0.04252,-0.006711,3.107512,0.019925,-0.00487,0.505661,0.6203,0.445016,0.139169,1,sparse_vegetation,grade_B_blast_furnace_25to44,25-44% Mn (BF + Medium grade),0.303,38.94,1625.07,1432.68,104.75,293.23,736.99,4.46,6,0.2525,0.5004,0.1417,0.126,30.03,48.93,0.434,GRID_300M_12_09,142.44130781275982,7.4,7.5,7.5,7.6,7.7,7.8,37.3,39.4,40.8,44.6,42.4,42.8,19.5,18.5,17.6,16.5,18.1,18.3,43.2,42.1,41.6,39.0,39.5,38.9,13.5,10.0,6.5,5.5,3.7,2.9,1.54,1.55,1.59,1.63,1.64,1.64,31.0,31.4,31.4,31.1,31.2,31.1,11.2,10.1,11.9,12.2,12.0,12.0,29,MB300-0310,4.070736584585187,302.6673,1.2036,129.0226,-0.0074,0.6835,-0.0235,2.328,BHV300-0102,84.12730927373153,True,,,,,,,,,,,,,,,,,,3528.326111195064,False,True,0.0,Low,Historical Open Pit & Active Mining Lease (High Grade),Bharveli Main Shaft & Central Pit,1629.1,GRID_BHARVELI_COMB_01_09,101.81491893621325,REAL
MASTER_12_10,12,10,21.838471,80.221474,1384.030273,202.985748,0,890,0.09,0.093505,0.122513,0.147432,0.275997,0.313833,0.24071,0.133117,0.149469,0.118857,0.302002,0.235071,0.140993,0.107627,0.022536,0.202895,0.046097,0.307025,-0.385233,-0.436881,0.106685,0.76121,1.149997,1.5681,6.830525,0.429351,-0.329594,-0.20429,-0.109242,0.594296,0.770595,0.889021,6.930046,0.122326,0.055639,0.232591,-0.215927,-0.166914,-0.379402,-0.679078,0.095267,0.023561,0.097251,0.026005,-0.078762,0.545966,0.6218,0.437901,0.24382,1,sparse_vegetation,grade_B_blast_furnace_25to44,25-44% Mn (BF + Medium grade),0.292,38.94,1625.07,1432.68,104.75,293.23,736.99,4.46,6,0.2525,0.5004,0.1417,0.126,30.03,48.93,0.434,GRID_300M_12_10,141.99904879799868,7.4,7.4,7.5,7.6,7.7,7.8,37.3,39.4,41.2,44.8,42.8,43.5,19.5,18.6,17.4,16.5,17.9,18.1,43.2,42.1,41.4,38.7,39.3,38.4,14.2,10.2,6.9,6.0,4.4,3.7,1.55,1.56,1.59,1.64,1.65,1.65,31.5,32.5,32.3,32.1,32.1,31.9,13.6,13.1,16.1,15.9,15.4,14.7,29,MB300-0311,2.960823794850895,304.4231,4.0856,225.534,-0.0861,1.8811,-0.2829,6.9317,BHV300-0103,85.47406267494908,True,,,,,,,,,,,,,,,,,,3606.8231254937223,False,True,0.0,Low,Historical Open Pit & Active Mining Lease (High Grade),Bharveli Main Shaft & Central Pit,1485.7,GRID_BHARVELI_COMB_01_10,101.2423783708126,REAL
MASTER_12_11,12,11,21.83846,80.224394,1297.696533,190.643036,0,898,0.09,0.098681,0.12293,0.145024,0.255429,0.306683,0.251897,0.184738,0.189145,0.16458,0.305154,0.254357,0.174623,0.180434,0.043559,0.386219,0.081679,0.280619,-0.352873,-0.43079,0.118879,0.820115,1.21511,1.476644,6.203658,0.296716,-0.228593,-0.139641,-0.082241,0.683247,0.835147,0.886213,6.759487,0.016097,0.12428,0.291149,-0.20112,-0.136868,-0.379963,-0.590431,0.205785,0.038121,0.572458,0.049725,-0.052326,0.530166,0.6275,0.465205,0.301782,1,sparse_vegetation,grade_B_blast_furnace_25to44,25-44% Mn (BF + Medium grade),0.251,38.59,1625.07,1432.68,104.75,293.23,736.99,4.46,6,0.2525,0.5004,0.1417,0.126,30.03,48.93,0.434,GRID_300M_12_11,141.3061173607311,7.4,7.4,7.4,7.6,7.7,7.7,38.2,40.3,42.3,46.1,44.1,45.0,19.7,18.8,17.6,16.3,17.6,18.2,42.1,40.9,40.2,37.6,38.2,36.8,15.3,9.9,7.0,5.4,3.6,3.0,1.54,1.55,1.59,1.64,1.65,1.65,31.9,33.1,32.8,33.0,32.8,32.5,11.6,11.1,13.0,15.0,16.0,16.0,29,MB300-0312,1.4773906288999943,322.6836,12.1772,92.5927,0.1514,5.3682,0.4986,18.9738,BHV300-0104,88.81521906537093,True,,,,,,,,,,,,,,,,,,3605.038104592941,False,True,0.0,Low,Historical Open Pit & Active Mining Lease (High Grade),Bharveli Main Shaft & Central Pit,1393.0,GRID_BHARVELI_COMB_01_11,100.87272144021387,REAL
MASTER_12_12,12,12,21.838463,80.227311,1276.558105,177.267029,0,898,0.09,0.108728,0.13189,0.148946,0.244475,0.283078,0.243566,0.18481,0.184786,0.167008,0.275349,0.258675,0.191438,0.204539,0.04539,0.380226,0.065922,0.246796,-0.298916,-0.368561,0.097891,0.855974,1.179398,1.367787,7.566615,0.250374,-0.198516,-0.161968,-0.04459,0.725461,0.947056,0.901722,9.635322,0.003579,0.1004,0.206594,-0.142481,-0.130513,-0.232342,-0.466065,0.175688,0.020532,2.138575,0.030873,-0.024403,0.507562,0.6053,0.430456,0.367483,1,waterlogged,grade_B_blast_furnace_25to44,25-44% Mn (BF + Medium grade),0.152,38.59,1625.07,1432.68,104.75,293.23,736.99,4.46,6,0.2525,0.5004,0.1417,0.126,30.03,48.93,0.434,GRID_300M_12_12,141.97793687895617,7.4,7.5,7.5,7.6,7.7,7.8,38.4,40.4,42.3,45.9,43.9,44.9,19.6,18.7,17.4,16.3,17.6,18.1,42.1,41.0,40.3,37.9,38.5,37.0,14.9,9.6,7.1,5.5,3.4,3.2,1.54,1.55,1.59,1.64,1.65,1.65,32.3,33.3,33.0,33.3,33.1,32.8,12.2,11.8,13.4,16.6,17.3,17.3,29,MB300-0313,2.5262850110747963,315.467,2.645,168.6028,-0.0343,1.2932,-0.11,4.4205,BHV300-0105,90.5772575818461,True,,,,,,,,,,,,,,,,,,3606.3767155910186,False,True,0.0,Low,Historical Open Pit & Active Mining Lease (High Grade),Bharveli Main Shaft & Central Pit,1361.5,GRID_BHARVELI_COMB_01_12,101.60320713496375,REAL
MASTER_12_13,12,13,21.838467,80.230215,1324.483887,164.225372,0,894,0.09,0.104289,0.132899,0.152734,0.2634,0.307561,0.256367,0.164581,0.164245,0.142434,0.226956,0.205941,0.148686,0.232695,0.031448,0.533747,0.045616,0.271958,-0.329229,-0.396071,0.105783,0.828064,1.178262,1.460081,9.066286,0.2206,-0.147428,-0.072964,-0.073232,0.693883,0.888411,0.860048,15.291869,-0.051358,0.181801,0.323107,-0.179015,-0.134181,-0.289851,-0.600032,0.301052,0.014168,6.199255,-0.036444,-0.101621,0.523871,0.6426,0.485406,0.219239,1,waterlogged,grade_B_blast_furnace_25to44,25-44% Mn (BF + Medium grade),0.195,38.59,1625.07,1432.68,104.75,293.23,736.99,4.46,6,0.2525,0.5004,0.1417,0.126,30.03,48.93,0.434,GRID_300M_12_13,142.22518510354408,7.5,7.5,7.5,7.6,7.7,7.8,38.5,40.4,42.6,45.8,43.9,45.1,19.5,18.7,17.3,16.3,17.5,17.9,42.0,41.0,40.1,37.9,38.7,37.0,14.7,9.6,6.8,5.8,3.4,3.4,1.55,1.56,1.6,1.63,1.65,1.64,32.2,33.0,32.7,33.0,32.8,32.6,11.9,11.5,12.3,15.6,16.8,17.0,29,MB300-0314,3.634921556683214,311.238,2.2675,136.2938,0.0024,0.9828,0.004,3.343,BHV300-0106,91.52582189881853,True,,,,,,,,,,,,,,,,,,3605.2741921904444,False,True,0.0,Low,Historical Open Pit & Active Mining Lease (High Grade),Bharveli Main Shaft & Central Pit,1395.4,GRID_BHARVELI_COMB_01_13,101.75153110078082,REAL
MASTER_12_14,12,14,21.83854,80.233158,1429.726196,152.359695,0,884,0.09,0.10644,0.140352,0.167449,0.305171,0.364053,0.282862,0.466088,0.44055,0.415507,0.427177,0.397319,0.319896,0.127846,0.022046,0.209201,0.026319,0.295508,-0.370115,-0.443302,0.122925,0.772242,1.202084,1.562449,9.766231,0.0356,0.010059,0.07468,-0.068734,0.769789,0.888384,0.866749,13.638576,-0.259907,0.380174,0.517982,-0.191659,-0.002453,-0.313699,-0.6957,0.081355,0.004273,3.835947,0.122006,0.033266,0.549428,0.6306,0.569228,0.050905,0,waterlogged,grade_B_blast_furnace_25to44,25-44% Mn (BF + Medium grade),0.205,38.59,1625.07,1432.68,104.75,293.23,736.99,4.46,6,0.2525,0.5004,0.1417,0.126,30.03,48.93,0.434,GRID_300M_12_14,151.11862963307257,7.5,7.5,7.5,7.7,7.7,7.8,37.2,39.0,41.5,44.6,42.4,43.9,19.8,19.1,17.6,16.7,17.9,18.3,42.9,41.9,40.9,38.7,39.8,37.8,15.1,9.9,6.7,6.9,3.4,3.2,1.54,1.55,1.6,1.63,1.64,1.63,30.9,32.1,31.8,32.1,32.0,31.6,13.8,13.2,14.2,15.9,16.3,15.9,29,MB300-0315,5.770414430847213,305.5476,1.1436,153.3303,-0.0203,0.5206,-0.068,1.7702,BHV300-0107,88.98998692183086,True,,,,,,,,,,,,,,,,,,3608.68034344059,False,True,0.0,Low,Historical Open Pit & Active Mining Lease (High Grade),Bharveli Main Shaft & Central Pit,1490.1,GRID_BHARVELI_COMB_01_14,110.49393043561429,REAL
MASTER_12_15,12,15,21.838555,80.236029,1587.333008,142.828339,0,858,0.09,0.124368,0.160859,0.19941,0.31,0.396699,0.321825,0.644721,0.609592,0.578102,0.615686,0.59353,0.475442,0.098849,0.018482,0.180521,0.034852,0.220497,-0.317984,-0.423027,0.155267,0.810445,1.281423,1.602365,8.478781,0.037595,-0.009383,0.009654,-0.03732,0.797697,0.962982,0.894686,9.757219,-0.182903,0.308601,0.43268,-0.192587,-0.012747,-0.318441,-0.70768,0.081672,0.01637,1.320956,0.305686,0.19683,0.566882,0.627,0.533525,0.255245,1,waterlogged,grade_B_blast_furnace_25to44,25-44% Mn (BF + Medium grade),0.189,38.73,1625.07,1432.68,104.75,293.23,736.99,4.46,6,0.2525,0.5004,0.1417,0.126,30.03,48.93,0.434,GRID_300M_12_15,151.17698094094524,7.5,7.5,7.5,7.6,7.7,7.8,36.9,38.4,40.6,44.1,41.9,43.5,19.6,19.1,17.7,16.7,17.9,18.2,43.4,42.5,41.8,39.1,40.3,38.2,15.5,9.7,7.0,6.3,3.5,2.9,1.54,1.56,1.59,1.64,1.64,1.63,31.3,32.5,32.3,32.6,32.6,32.2,13.4,13.0,14.3,17.1,16.8,16.3,29,MB300-0316,3.6269445985266593,303.4291,0.567,130.9339,-0.0137,0.2796,-0.0459,0.9509,BHV300-0108,86.73646434582591,True,,,,,,,,,,,,,,,,,,3611.5782241523593,False,True,0.0,Low,Historical Open Pit & Active Mining Lease (High Grade),Bharveli Main Shaft & Central Pit,1635.1,GRID_BHARVELI_COMB_01_15,109.95568025990292,REAL
MASTER_12_16,12,16,21.838566,80.238886,1779.843994,135.231644,0,884,0.09,0.109736,0.145655,0.177111,0.294958,0.371057,0.300024,0.235034,0.241511,0.205737,0.384559,0.324146,0.21658,0.108964,0.0268,0.184655,0.045218,0.25608,-0.340792,-0.43729,0.147751,0.806875,1.260076,1.601705,6.122778,0.32373,-0.243081,-0.161326,-0.082703,0.656139,0.844841,0.873165,6.305167,0.067651,0.097711,0.275964,-0.230454,-0.150735,-0.415234,-0.72854,0.075691,0.018419,0.181334,0.089601,-0.046911,0.560602,0.6202,0.460916,0.437783,1,sparse_vegetation,grade_B_blast_furnace_25to44,25-44% Mn (BF + Medium grade),0.257,38.73,1625.07,1432.68,104.75,293.23,736.99,4.46,6,0.2525,0.5004,0.1417,0.126,30.03,48.93,0.434,GRID_300M_12_16,150.4851592577131,7.4,7.5,7.5,7.6,7.7,7.7,37.0,38.6,40.4,44.3,42.1,43.7,19.4,18.9,17.6,16.6,17.7,18.1,43.5,42.6,42.0,39.1,40.2,38.2,15.9,10.2,7.1,5.9,3.5,2.7,1.53,1.55,1.59,1.63,1.64,1.63,31.6,32.8,32.8,33.0,33.0,32.6,13.0,13.1,14.6,16.8,16.2,15.7,29,MB300-0317,4.317620607252929,302.0682,1.4746,202.7408,-0.0008,0.7311,-0.0017,2.5141,BHV300-0109,83.92271424869358,True,,,,,,,,,,,,,,,,,,3612.3856715639063,False,True,0.0,Low,Historical Open Pit & Active Mining Lease (High Grade),Bharveli Main Shaft & Central Pit,1818.5,GRID_BHARVELI_COMB_01_16,108.46400843279842,REAL
MASTER_12_17,12,17,21.838555,80.241793,2002.905884,129.162872,0,898,0.09,0.107378,0.145792,0.176431,0.306994,0.362492,0.279915,0.158732,0.177538,0.149431,0.304259,0.237931,0.150033,0.104064,0.022101,0.155846,0.027292,0.278981,-0.358096,-0.423796,0.122131,0.765558,1.182047,1.623826,7.436911,0.342903,-0.261793,-0.139754,-0.092992,0.622738,0.782253,0.939941,9.777238,0.063922,0.096303,0.284043,-0.215123,-0.14282,-0.399794,-0.683885,0.051782,0.005192,2.316904,-0.002734,-0.124561,0.560782,0.6569,0.465577,0.355234,1,sparse_vegetation,grade_B_blast_furnace_25to44,25-44% Mn (BF + Medium grade),0.215,38.73,1625.07,1432.68,104.75,293.23,736.99,4.46,6,0.2525,0.5004,0.1417,0.126,30.03,48.93,0.434,GRID_300M_12_17,149.29621487299082,7.4,7.4,7.4,7.5,7.6,7.6,37.2,38.8,40.6,44.5,42.6,43.9,19.5,18.8,17.4,16.4,17.4,17.9,43.3,42.4,42.0,39.0,40.0,38.3,16.7,10.1,6.9,5.9,3.5,2.7,1.52,1.54,1.58,1.62,1.63,1.63,32.1,33.2,33.2,33.6,33.5,33.4,14.0,14.6,15.9,16.5,16.1,16.3,29,MB300-0318,2.7070623810565313,302.7651,0.6857,137.7256,0.0166,0.3416,0.0554,1.1735,BHV300-0110,86.38983628413608,True,,,,,,,,,,,,,,,,,,3611.1651112548243,False,True,0.0,Low,Historical Open Pit & Active Mining Lease (High Grade),Bharveli Main Shaft & Central Pit,2029.8,GRID_BHARVELI_COMB_01_17,107.32826454097726,REAL
MASTER_12_18,12,18,21.838552,80.24471,2244.100342,124.316994,0,896,0.09,0.100892,0.135631,0.163169,0.294621,0.351434,0.266136,0.114711,0.138448,0.109072,0.287147,0.210581,0.119211,0.1036,0.021097,0.209187,0.029328,0.298646,-0.372334,-0.439543,0.119821,0.749209,1.190829,1.592964,7.884788,0.452402,-0.35004,-0.205181,-0.116924,0.560044,0.737019,0.946251,10.615225,0.153755,0.022294,0.234362,-0.236745,-0.189165,-0.45381,-0.646713,0.105587,0.008231,2.744558,-0.007475,-0.140854,0.556518,0.639,0.441351,0.33817,1,sparse_vegetation,grade_B_blast_furnace_25to44,25-44% Mn (BF + Medium grade),0.234,39.2,1625.07,1432.68,104.75,293.23,736.99,4.46,6,0.2525,0.5004,0.1417,0.126,30.03,48.93,0.434,GRID_300M_12_18,149.29556946457924,7.3,7.4,7.4,7.5,7.5,7.6,36.9,38.5,40.3,44.5,42.6,43.9,19.6,19.0,17.4,16.2,17.2,17.7,43.5,42.6,42.3,39.3,40.1,38.5,17.0,9.7,6.8,5.8,3.5,2.7,1.51,1.53,1.57,1.62,1.63,1.63,31.5,32.9,32.7,33.3,33.3,33.2,15.0,15.6,16.8,16.4,16.2,17.0,29,MB300-0319,1.9915160185312262,,,,,,,,,359.84297905935387,False,,,,,,,,,,,,,,,,,,3610.8317314455176,False,True,0.0,Low,Historical Open Pit & Active Mining Lease (High Grade),Bharveli Main Shaft & Central Pit,2261.3,GRID_BHARVELI_COMB_01_18,107.41578810042478,REAL
MASTER_12_19,12,19,21.838552,80.247627,2498.038818,120.429031,0,898,0.09,0.102983,0.141855,0.173359,0.287952,0.350121,0.283026,0.094466,0.119093,0.090607,0.269876,0.209259,0.117896,0.108588,0.017714,0.140904,0.023184,0.257728,-0.342449,-0.423168,0.136747,0.800373,1.2196,1.660607,10.18452,0.495019,-0.385053,-0.270755,-0.098182,0.562211,0.776452,0.957172,8.792309,0.23729,-0.042605,0.152413,-0.234929,-0.238161,-0.443148,-0.703436,0.032316,0.00547,-1.314878,-0.018077,-0.140862,0.56649,0.6179,0.405762,0.390869,1,built_up,grade_B_blast_furnace_25to44,25-44% Mn (BF + Medium grade),0.236,39.2,1625.07,1432.68,104.75,293.23,736.99,4.46,6,0.2525,0.5004,0.1417,0.126,30.03,48.93,0.434,GRID_300M_12_19,149.5790361582826,7.3,7.3,7.4,7.5,7.5,7.6,37.4,38.8,40.4,44.3,42.4,43.7,19.5,18.9,17.6,16.2,17.4,18.0,43.1,42.3,42.1,39.5,40.1,38.3,17.2,9.8,6.7,5.5,3.4,2.7,1.51,1.52,1.56,1.61,1.62,1.62,31.2,32.7,32.5,32.8,33.0,32.8,14.6,15.3,16.9,16.5,16.5,17.4,29,MB300-0320,3.0127352890996844,,,,,,,,,658.1323233259077,False,,,,,,,,,,,,,,,,,,3611.3877478254776,False,True,0.0,Very Low,Historical Open Pit & Active Mining Lease (High Grade),Bharveli Main Shaft & Central Pit,2507.3,GRID_BHARVELI_COMB_01_19,107.85363126372597,REAL
MASTER_12_20,12,20,21.838565,80.250552,2761.473877,117.233635,0,905,0.09,0.104689,0.14305,0.169315,0.298605,0.342086,0.271421,0.088283,0.111646,0.082686,0.277131,0.197761,0.110462,0.10821,0.020501,0.14157,0.024525,0.289899,-0.357298,-0.408425,0.106536,0.781218,1.142183,1.591465,7.876943,0.53735,-0.422492,-0.270104,-0.133711,0.556191,0.712133,0.935142,10.414976,0.247451,-0.065195,0.138321,-0.240247,-0.225027,-0.43005,-0.656323,0.033359,0.004024,2.459714,-0.021473,-0.144325,0.547679,0.6152,0.403484,0.327072,1,sparse_vegetation,grade_B_blast_furnace_25to44,25-44% Mn (BF + Medium grade),0.198,39.2,1625.07,1432.68,104.75,293.23,736.99,4.46,6,0.2525,0.5004,0.1417,0.126,30.03,48.93,0.434,GRID_300M_12_20,151.54814524695396,7.3,7.3,7.4,7.5,7.5,7.6,37.3,38.9,41.0,44.8,43.0,44.3,19.4,18.8,17.3,16.1,17.3,17.8,43.3,42.3,41.7,39.2,39.7,38.0,16.8,10.5,7.0,5.2,3.5,2.8,1.52,1.53,1.57,1.61,1.62,1.62,31.7,32.7,32.8,32.9,33.0,32.9,14.4,14.9,17.1,17.4,16.6,17.4,29,MB300-0321,3.896533893239473,,,,,,,,,959.0853316371863,False,,,,,,,,,,,,,,,,,,3609.817895675348,False,True,0.0,Very Low,Historical Open Pit & Active Mining Lease (High Grade),Bharveli Main Shaft & Central Pit,2764.0,GRID_BHARVELI_COMB_01_20,109.9143589073335,REAL
MASTER_12_21,12,21,21.838635,80.253454,3027.185303,114.512985,0,903,0.09,0.120517,0.159111,0.193156,0.317388,0.394509,0.323009,0.091531,0.120786,0.093022,0.292173,0.239376,0.139699,0.085873,0.0166,0.128721,0.024478,0.258526,-0.338761,-0.424251,0.133732,0.80605,1.237363,1.576405,7.645248,0.516327,-0.413795,-0.327642,-0.072885,0.582142,0.822039,1.011395,9.316334,0.257801,-0.075034,0.096608,-0.206617,-0.223908,-0.415323,-0.56501,0.042848,0.007878,1.672848,-0.025214,-0.155133,0.553332,0.6068,0.374184,0.45515,1,sparse_vegetation,grade_B_blast_furnace_25to44,25-44% Mn (BF + Medium grade),0.23,39.25,1625.07,1432.68,104.75,293.23,736.99,4.46,6,0.2525,0.5004,0.1417,0.126,30.03,48.93,0.434,GRID_300M_12_21,158.6567921100386,7.3,7.3,7.4,7.5,7.5,7.6,37.5,39.6,41.7,45.5,43.7,44.9,19.5,18.6,17.4,16.0,17.2,17.6,43.0,41.8,40.9,38.5,39.1,37.5,16.0,11.3,7.3,5.4,3.4,2.8,1.53,1.54,1.59,1.62,1.63,1.63,31.6,32.3,32.5,32.4,32.4,32.3,14.5,14.6,17.5,18.0,17.1,17.5,29,MB300-0322,4.098814813816095,,,,,,,,,1257.9520944728222,False,,,,,,,,,,,,,,,,,,3613.6932904187875,False,True,0.0,Very Low,Historical Open Pit & Active Mining Lease (High Grade),Bharveli Main Shaft & Central Pit,3028.7,GRID_BHARVELI_COMB_01_21,116.48373922803484,REAL
MASTER_12_22,12,22,21.83863,80.256337,3299.953369,112.381653,0,862,0.09,0.11985,0.156201,0.194285,0.315239,0.410577,0.333924,0.091238,0.116786,0.089884,0.262843,0.214116,0.122363,0.073412,0.016031,0.132547,0.022598,0.243127,-0.339243,-0.447287,0.157569,0.80843,1.302168,1.610537,8.149794,0.483506,-0.378296,-0.287687,-0.07583,0.57163,0.816577,0.981996,10.53247,0.240379,-0.039053,0.1596,-0.233399,-0.236801,-0.485591,-0.628541,0.059135,0.006567,2.410493,-0.052396,-0.196461,0.566379,0.6101,0.403023,0.516241,1,sparse_vegetation,grade_B_blast_furnace_25to44,25-44% Mn (BF + Medium grade),0.183,39.25,1625.07,1432.68,104.75,293.23,736.99,4.46,6,0.2525,0.5004,0.1417,0.126,30.03,48.93,0.434,GRID_300M_12_22,157.28842785636144,7.3,7.3,7.4,7.5,7.5,7.6,37.7,39.7,41.8,45.8,43.9,45.1,19.5,18.7,17.4,15.9,17.3,17.7,42.8,41.6,40.7,38.2,38.8,37.2,16.3,11.6,7.2,5.3,3.4,2.7,1.53,1.54,1.59,1.62,1.63,1.64,31.2,31.7,31.9,31.8,31.9,31.9,14.0,14.1,17.1,18.1,17.9,17.3,29,MB300-0323,1.263142505425957,,,,,,,,,1555.575192637904,False,,,,,,,,,,,,,,,,,,3614.9196998975813,False,True,0.0,Very Low,Historical Open Pit & Active Mining Lease (High Grade),Bharveli Main Shaft & Central Pit,3299.4,GRID_BHARVELI_COMB_01_22,114.84959614865258,REAL
MASTER_12_23,12,23,21.838643,80.259208,3574.711914,110.554993,0,880,0.09,0.103741,0.138716,0.165793,0.296524,0.361309,0.290767,0.08608,0.113072,0.088531,0.24676,0.196,0.112288,0.095698,0.020955,0.142139,0.02494,0.290778,-0.364924,-0.445449,0.131306,0.79923,1.219987,1.580934,7.593897,0.468594,-0.367962,-0.258648,-0.080595,0.572158,0.794321,1.025243,9.125075,0.177816,-0.003038,0.186801,-0.211901,-0.227072,-0.425667,-0.555691,0.046441,0.003984,1.551417,-0.049764,-0.165309,0.549995,0.61,0.413057,0.288636,1,sparse_vegetation,grade_B_blast_furnace_25to44,25-44% Mn (BF + Medium grade),0.133,39.25,1625.07,1432.68,104.75,293.23,736.99,4.46,6,0.2525,0.5004,0.1417,0.126,30.03,48.93,0.434,GRID_300M_13_23,156.9300354504714,7.3,7.4,7.4,7.5,7.5,7.6,38.1,39.9,42.3,46.3,44.4,45.4,19.7,18.9,17.5,16.1,17.4,17.8,42.2,41.1,40.3,37.6,38.3,36.8,16.8,11.1,7.2,5.2,3.4,2.6,1.53,1.55,1.59,1.62,1.63,1.63,31.3,31.7,31.9,31.8,31.9,31.8,14.0,14.6,17.7,18.0,17.8,17.6,29,MB300-0324,3.1415066119406405,,,,,,,,,1851.9759794374174,False,,,,,,,,,,,,,,,,,,3615.9489707420485,False,True,0.0,Very Low,Historical Open Pit & Active Mining Lease (High Grade),Bharveli Main Shaft & Central Pit,3574.9,GRID_BHARVELI_COMB_01_23,114.53938938501105,REAL
MASTER_12_24,12,24,21.838643,80.261773,3823.284668,109.163986,0,687,0.09,0.089197,0.120408,0.132566,0.291838,0.294192,0.220649,0.08819,0.119617,0.096057,0.245197,0.188755,0.112138,0.088905,0.027463,0.150765,0.025886,0.389745,-0.419579,-0.409087,0.037733,0.72604,0.998798,1.450545,4.595182,0.43356,-0.339939,-0.211053,-0.082436,0.592872,0.766628,1.084858,10.44663,0.043815,0.07964,0.198034,-0.120169,-0.133168,-0.23217,-0.365687,0.06186,-0.001578,5.814545,-0.046641,-0.105437,0.506498,0.5933,0.412636,0.151383,1,sparse_vegetation,grade_B_blast_furnace_25to44,25-44% Mn (BF + Medium grade),0.186,39.13,1625.07,1432.68,104.75,293.23,736.99,4.46,6,0.2525,0.5004,0.1417,0.126,30.03,48.93,0.434,GRID_300M_13_24,150.3399893728012,7.4,7.4,7.4,7.5,7.6,7.6,38.6,40.3,43.0,47.1,45.0,45.8,20.0,19.3,17.6,16.3,17.5,18.0,41.4,40.4,39.4,36.6,37.5,36.2,16.2,10.5,7.0,5.3,3.4,2.5,1.53,1.55,1.59,1.62,1.62,1.62,31.6,32.0,32.3,32.2,32.3,32.2,14.3,14.8,18.1,18.6,17.9,17.8,29,MB300-0325,37.81667225793642,,,,,,,,,2116.878597522743,False,,,,,,,,,,,,,,,,,,3615.6877782123656,False,True,0.0,Very Low,Historical Open Pit & Active Mining Lease (High Grade),Bharveli Main Shaft & Central Pit,3853.9,GRID_BHARVELI_COMB_01_24,105.57278052634341,REAL
MASTER_13_00,13,0,21.841033,80.192859,3626.291016,254.159637,0,636,0.09,0.086464,0.111229,0.128185,0.246084,0.265088,0.191444,0.094386,0.114088,0.091461,0.220964,0.149506,0.085942,0.113606,0.02557,0.135491,0.02426,0.313414,-0.373272,-0.404708,0.079266,0.715819,1.105452,1.472006,8.075507,0.410821,-0.314354,-0.125827,-0.135221,0.571845,0.680415,0.963601,10.433561,0.097408,0.058918,0.278881,-0.214487,-0.143974,-0.425038,-0.508405,0.021885,-0.00131,2.292128,-0.02512,-0.115582,0.532906,0.6024,0.467665,0.218553,1,sparse_vegetation,grade_B_blast_furnace_25to44,25-44% Mn (BF + Medium grade),0.314,38.94,1625.07,1432.68,104.75,293.23,736.99,4.46,6,0.2525,0.5004,0.1417,0.126,30.03,48.93,0.434,GRID_300M_13_00,154.66977272681063,7.5,7.5,7.6,7.6,7.7,7.8,41.7,43.5,45.8,47.4,46.0,46.2,18.3,17.8,16.3,15.4,16.6,17.3,40.0,38.7,37.9,37.1,37.5,36.5,14.2,9.3,6.4,4.9,3.0,2.5,1.54,1.57,1.61,1.62,1.63,1.63,31.6,32.1,32.0,32.6,32.4,32.4,6.5,6.0,6.0,7.5,7.7,9.7,29,MB300-0326,41.642667490423456,,,,,,,,,2005.0160641987377,False,,,,,,,,,,,,,,,,,,3618.4642471669963,False,True,0.0,Medium,No Mining History (Barren Country Rock Control),Bharveli West Footwall Baseline,1114.9,GRID_BHARVELI_COMB_02_00,124.18959243124014,REAL
MASTER_13_01,13,1,21.841097,80.19532,3380.939453,253.102173,0,869,0.09,0.086685,0.113256,0.126185,0.250638,0.252973,0.183239,0.095411,0.111341,0.091643,0.21525,0.160631,0.102508,0.129616,0.031323,0.149401,0.022657,0.331883,-0.37591,-0.37921,0.05416,0.716545,1.022596,1.44609,6.653035,0.393877,-0.307249,-0.151394,-0.112664,0.618506,0.73166,0.954047,9.814142,0.061995,0.068661,0.227815,-0.166824,-0.098039,-0.290936,-0.492043,0.019785,-0.008666,3.108808,-0.035388,-0.092342,0.519346,0.6172,0.441748,0.155351,1,sparse_vegetation,grade_B_blast_furnace_25to44,25-44% Mn (BF + Medium grade),0.294,38.94,1625.07,1432.68,104.75,293.23,736.99,4.46,6,0.2525,0.5004,0.1417,0.126,30.03,48.93,0.434,GRID_300M_13_01,135.35887317055864,7.5,7.5,7.6,7.6,7.7,7.8,41.0,42.6,45.6,46.8,45.2,46.1,18.4,18.0,16.2,15.5,16.7,17.2,40.7,39.5,38.1,37.6,38.1,36.7,14.4,9.7,6.3,4.8,3.2,2.5,1.54,1.56,1.61,1.62,1.63,1.62,31.3,32.0,31.9,32.5,32.3,32.3,6.8,6.2,5.9,7.4,7.2,9.1,29,MB300-0327,7.236916920192675,,,,,,,,,1750.6602244476937,False,,,,,,,,,,,,,,,,,,3623.1869165210874,False,True,0.0,Medium,No Mining History (Barren Country Rock Control),Bharveli West Footwall Baseline,1067.3,GRID_BHARVELI_COMB_02_01,95.71847147922733,REAL
MASTER_13_02,13,2,21.8411,80.198267,3091.662598,251.472916,0,873,0.09,0.093664,0.121358,0.134062,0.267426,0.267511,0.19961,0.104402,0.116564,0.09712,0.20831,0.157105,0.106532,0.169966,0.033996,0.203097,0.032285,0.341342,-0.37693,-0.373472,0.043068,0.729974,1.011641,1.411386,7.122791,0.363432,-0.278115,-0.118277,-0.116791,0.652493,0.743467,0.92236,10.091556,0.02209,0.098815,0.255194,-0.15986,-0.077481,-0.268174,-0.489026,0.033131,-0.001711,3.007624,-0.059116,-0.110407,0.508162,0.617,0.455222,0.175258,1,sparse_vegetation,grade_B_blast_furnace_25to44,25-44% Mn (BF + Medium grade),0.252,38.94,1625.07,1432.68,104.75,293.23,736.99,4.46,6,0.2525,0.5004,0.1417,0.126,30.03,48.93,0.434,GRID_300M_13_02,137.37540106807188,7.5,7.5,7.6,7.6,7.7,7.8,40.5,42.0,45.0,46.7,45.0,45.8,18.6,18.3,16.6,15.9,17.2,17.6,40.9,39.7,38.4,37.5,37.8,36.7,14.6,9.7,6.2,4.8,3.4,3.8,1.54,1.56,1.61,1.62,1.62,1.62,30.8,31.9,31.7,32.3,32.2,31.8,6.4,5.7,5.3,6.3,5.9,7.9,29,MB300-0328,4.826737027672459,,,,,,,,,1446.471027690435,False,,,,,,,,,,,,,,,,,,3623.7297208105565,False,True,0.0,Medium,No Mining History (Barren Country Rock Control),Bharveli West Footwall Baseline,1102.5,GRID_BHARVELI_COMB_02_02,98.3908483868569,REAL
MASTER_13_03,13,3,21.841073,80.201153,2812.287109,249.490021,0,894,0.09,0.109122,0.136215,0.155769,0.279427,0.308116,0.251006,0.116001,0.128193,0.11393,0.2237,0.213195,0.163727,0.330121,0.035796,0.375477,0.050072,0.285862,-0.342187,-0.390693,0.084331,0.8054,1.132513,1.419904,11.727105,0.320252,-0.261676,-0.212931,-0.035766,0.744473,0.939497,0.972516,10.81332,0.03439,0.080511,0.177762,-0.120097,-0.060927,-0.193017,-0.447388,0.045356,0.014276,-0.769816,-0.055727,-0.094921,0.514802,0.6115,0.407529,0.215884,1,built_up,grade_B_blast_furnace_25to44,25-44% Mn (BF + Medium grade),0.271,39.69,1625.07,1432.68,104.75,293.23,736.99,4.46,6,0.2525,0.5004,0.1417,0.126,30.03,48.93,0.434,GRID_300M_13_03,133.63600879933435,7.5,7.5,7.6,7.7,7.8,7.8,39.3,40.8,43.8,46.0,44.3,45.0,18.7,18.2,16.7,15.8,17.2,17.4,42.0,40.9,39.6,38.2,38.5,37.6,14.4,9.5,6.3,4.9,3.4,2.9,1.54,1.56,1.61,1.62,1.62,1.62,30.2,31.4,31.2,31.7,31.5,31.0,6.8,6.0,6.0,6.9,6.7,8.3,29,MB300-0329,1.1581483288660286,,,,,,,,,1148.9475851364307,False,,,,,,,,,,,,,,,,,,3620.6283157947887,False,True,0.0,Low,No Mining History (Barren Country Rock Control),Bharveli West Footwall Baseline,1213.2,GRID_BHARVELI_COMB_02_03,94.55963730215163,REAL
MASTER_13_04,13,4,21.841101,80.204066,2532.208496,247.175323,0,880,0.09,0.084837,0.1117,0.120423,0.260653,0.243369,0.175453,0.18446,0.194081,0.172552,0.275236,0.222855,0.173476,0.138972,0.031759,0.243048,0.032954,0.372623,-0.398457,-0.362319,0.016664,0.712975,0.937594,1.40261,6.173082,0.265643,-0.201857,-0.087476,-0.083565,0.752797,0.80848,0.962389,10.535633,-0.106981,0.196599,0.274843,-0.100228,0.039822,-0.129114,-0.440222,0.104076,0.001195,4.288079,0.014583,-0.020515,0.498434,0.6303,0.457833,0.094318,0,waterlogged,grade_B_blast_furnace_25to44,25-44% Mn (BF + Medium grade),0.3,39.69,1625.07,1432.68,104.75,293.23,736.99,4.46,6,0.2525,0.5004,0.1417,0.126,30.03,48.93,0.434,GRID_300M_13_04,136.673674416204,7.5,7.5,7.6,7.7,7.7,7.8,38.8,40.6,43.4,45.7,43.6,44.1,18.8,18.2,16.6,15.9,17.5,17.8,42.3,41.2,40.0,38.3,38.9,38.1,14.4,9.4,6.4,4.8,3.6,2.9,1.53,1.55,1.59,1.61,1.62,1.62,30.8,31.9,31.7,32.1,32.0,31.4,6.1,5.2,6.0,7.2,7.0,8.1,29,MB300-0330,1.78411434131341,,,,,,,,,848.5782124084848,False,,,,,,,,,,,,,,,,,,3620.72216893458,False,True,0.0,Low,No Mining History (Barren Country Rock Control),Bharveli West Footwall Baseline,1381.3,GRID_BHARVELI_COMB_02_04,97.35861057264866,REAL
MASTER_13_05,13,5,21.841074,80.20699,2258.919189,244.141571,0,898,0.09,0.08657,0.11451,0.130612,0.253948,0.26409,0.189767,0.242778,0.243742,0.217059,0.301366,0.246309,0.193929,0.126045,0.031027,0.160896,0.027954,0.327301,-0.377984,-0.39355,0.06833,0.714312,1.049627,1.486559,6.047993,0.219998,-0.150377,-0.04026,-0.089545,0.754746,0.805551,0.913524,9.452911,-0.107303,0.227607,0.35329,-0.157875,0.040435,-0.244076,-0.573035,0.03485,-0.003073,3.388814,0.047417,-0.017781,0.52971,0.6241,0.497006,0.105791,1,waterlogged,grade_B_blast_furnace_25to44,25-44% Mn (BF + Medium grade),0.252,39.69,1625.07,1432.68,104.75,293.23,736.99,4.46,6,0.2525,0.5004,0.1417,0.126,30.03,48.93,0.434,GRID_300M_13_05,134.68606542918076,7.5,7.5,7.6,7.7,7.7,7.8,39.5,41.3,43.5,45.9,43.8,44.2,18.8,18.1,16.6,16.1,17.6,17.8,41.7,40.7,39.9,38.1,38.6,37.9,15.4,10.2,6.3,4.9,3.6,2.8,1.53,1.55,1.59,1.61,1.62,1.62,30.4,31.4,31.3,31.5,31.4,31.0,6.2,5.4,6.3,7.6,7.6,8.5,29,MB300-0331,3.4663093502679825,,,,,,,,,548.5741902315837,False,,,,,,,,,,,,,,,,,,3615.838774290772,False,True,0.0,Low,No Mining History (Barren Country Rock Control),Bharveli West Footwall Baseline,1588.8,GRID_BHARVELI_COMB_02_05,95.91852271305912,REAL
MASTER_13_06,13,6,21.841086,80.209911,1991.763916,240.396545,0,904,0.09,0.081135,0.109996,0.12031,0.271494,0.24658,0.169664,0.460415,0.42861,0.388749,0.430253,0.361686,0.298282,0.142517,0.037567,0.174949,0.023963,0.398774,-0.424853,-0.372662,0.002004,0.674922,0.909067,1.443892,5.367936,0.075214,-0.024673,0.060365,-0.08057,0.812218,0.847447,0.881224,12.47263,-0.32356,0.40018,0.433028,-0.082574,0.137297,-0.06162,-0.562668,0.032431,-0.013604,7.079313,0.158759,0.115106,0.503806,0.625,0.528249,0.011062,0,water_body,grade_B_blast_furnace_25to44,25-44% Mn (BF + Medium grade),0.269,39.56,1625.07,1432.68,104.75,293.23,736.99,4.46,6,0.2525,0.5004,0.1417,0.126,30.03,48.93,0.434,GRID_300M_13_06,136.48087133624657,7.5,7.5,7.6,7.7,7.7,7.8,39.4,41.2,43.4,46.0,43.8,44.2,18.7,18.1,16.6,16.1,17.5,17.7,41.8,40.8,40.0,38.0,38.7,38.1,16.4,10.9,6.2,5.0,3.4,2.8,1.53,1.55,1.59,1.6,1.61,1.61,30.0,30.7,30.7,30.9,30.7,30.4,6.3,5.5,6.4,7.9,7.9,9.0,29,MB300-0332,4.944626917276932,,,,,,,,,252.6562096355592,False,,,,,,,,,,,,,,,,,,3628.1022919436473,False,True,0.0,Low,No Mining History (Barren Country Rock Control),Bharveli West Footwall Baseline,1822.3,GRID_BHARVELI_COMB_02_06,97.80009520351123,REAL
MASTER_13_07,13,7,21.841142,80.212775,1737.735352,235.764755,0,881,0.09,0.0719,0.097095,0.101659,0.240555,0.21181,0.142699,0.265306,0.261227,0.232731,0.308504,0.257792,0.195971,0.15386,0.045924,0.142614,0.019998,0.409986,-0.424791,-0.36494,-0.007624,0.664667,0.889928,1.395626,4.578819,0.171945,-0.109387,-0.018218,-0.077835,0.742821,0.837798,0.899588,12.361591,-0.238041,0.315403,0.346722,-0.070211,0.078154,-0.05213,-0.496037,-0.011246,-0.025926,7.769193,0.067949,0.045982,0.494886,0.5966,0.486685,0.021566,0,waterlogged,grade_B_blast_furnace_25to44,25-44% Mn (BF + Medium grade),0.405,39.56,1625.07,1432.68,104.75,293.23,736.99,4.46,6,0.2525,0.5004,0.1417,0.126,30.03,48.93,0.434,GRID_300M_13_07,140.14234205225844,7.5,7.5,7.6,7.6,7.7,7.8,39.0,40.7,42.3,45.4,43.1,43.5,18.9,18.3,17.1,16.4,17.8,18.0,42.1,41.1,40.6,38.2,39.0,38.4,16.7,10.8,6.3,5.2,3.5,2.7,1.53,1.55,1.59,1.61,1.61,1.62,29.8,30.7,30.8,30.6,30.6,30.3,6.4,5.6,6.7,8.0,8.3,9.5,29,MB300-0333,1.6729935952558346,304.5134,0.4056,78.1678,0.0061,0.2263,0.0203,0.7578,BHV300-0089,86.88885293179402,True,,,,,,,,,,,,,,,,,,3669.164306506633,False,True,0.0,Low,Historical Open Pit & Active Mining Lease (High Grade),Bharveli Main Shaft & Central Pit,1833.2,GRID_BHARVELI_COMB_02_07,100.05982587000926,REAL
MASTER_13_08,13,8,21.84117,80.215654,1499.924194,229.47551,0,882,0.09,0.080629,0.108925,0.123058,0.257865,0.261965,0.18183,0.157151,0.15978,0.130077,0.231929,0.164717,0.107128,0.141348,0.038723,0.165592,0.026123,0.359672,-0.405504,-0.410047,0.057743,0.687704,1.022058,1.503905,5.053224,0.295222,-0.193061,-0.016195,-0.14397,0.633795,0.704706,0.832903,11.263894,-0.064449,0.212442,0.393851,-0.201713,-0.053909,-0.317352,-0.671002,0.024244,-0.0126,6.163258,-0.025936,-0.097247,0.529732,0.6227,0.519389,0.102041,1,waterlogged,grade_B_blast_furnace_25to44,25-44% Mn (BF + Medium grade),0.344,38.94,1625.07,1432.68,104.75,293.23,736.99,4.46,6,0.2525,0.5004,0.1417,0.126,30.03,48.93,0.434,GRID_300M_13_08,141.84258760971065,7.5,7.5,7.5,7.6,7.7,7.8,38.3,40.0,40.9,44.6,42.5,42.9,19.1,18.4,17.5,16.6,18.1,18.3,42.7,41.7,41.6,38.7,39.4,38.7,15.7,10.5,6.2,5.3,3.4,2.7,1.54,1.55,1.59,1.61,1.62,1.62,30.0,30.6,30.8,30.6,30.6,30.5,7.2,6.7,7.7,9.0,9.3,10.4,29,MB300-0334,4.221982193122288,303.5661,0.828,230.7793,0.0006,0.4877,0.0012,1.6797,BHV300-0090,84.1273092733649,True,,,,,,,,,,,,,,,,,,3730.644880476622,False,True,0.0,Low,Historical Open Pit & Active Mining Lease (High Grade),Bharveli Main Shaft & Central Pit,1598.1,GRID_BHARVELI_COMB_02_08,101.0387109428742,REAL
MASTER_13_09,13,9,21.841161,80.218558,1287.971558,220.759216,0,892,0.09,0.081958,0.111453,0.124333,0.266802,0.260279,0.18104,0.25436,0.254432,0.230746,0.303685,0.253347,0.196884,0.141651,0.03374,0.175474,0.032792,0.368897,-0.410695,-0.398775,0.044942,0.691584,0.977498,1.503099,6.049917,0.1946,-0.133078,-0.029241,-0.082595,0.743797,0.819735,0.916462,9.437425,-0.174297,0.277617,0.369534,-0.127537,0.052213,-0.157763,-0.586637,0.033823,-0.000948,3.369411,0.036883,-0.006932,0.523894,0.6153,0.498647,0.040359,0,waterlogged,grade_B_blast_furnace_25to44,25-44% Mn (BF + Medium grade),0.308,38.94,1625.07,1432.68,104.75,293.23,736.99,4.46,6,0.2525,0.5004,0.1417,0.126,30.03,48.93,0.434,GRID_300M_13_09,140.75882116589298,7.4,7.5,7.5,7.6,7.7,7.8,37.7,39.6,41.0,44.6,42.6,43.2,19.2,18.3,17.3,16.4,17.9,17.9,43.1,42.1,41.7,39.0,39.5,38.8,14.5,10.7,6.3,5.6,3.6,2.8,1.54,1.56,1.6,1.63,1.64,1.64,30.8,31.1,31.0,30.9,30.9,30.8,10.8,10.3,12.3,12.8,13.1,13.4,29,MB300-0335,2.599292124527272,303.2866,1.0045,128.3423,-0.0091,0.5934,-0.03,2.0605,BHV300-0091,86.13104641790687,True,,,,,,,,,,,,,,,,,,3811.276702090753,False,True,0.0,Low,Historical Open Pit & Active Mining Lease (High Grade),Bharveli Main Shaft & Central Pit,1388.2,GRID_BHARVELI_COMB_02_09,99.9151033632961,REAL
MASTER_13_10,13,10,21.841168,80.221473,1114.675537,209.011444,0,896,0.09,0.091561,0.123326,0.145908,0.287267,0.292558,0.211932,0.179941,0.183392,0.154697,0.273502,0.207048,0.139549,0.142138,0.03512,0.19577,0.03655,0.334073,-0.40131,-0.407482,0.068386,0.72074,1.01956,1.577936,6.060467,0.318173,-0.23023,-0.086656,-0.119768,0.648815,0.749331,0.881729,8.621676,-0.0159,0.17108,0.320827,-0.188154,-0.071925,-0.270229,-0.696207,0.053632,0.00143,2.574047,-0.013764,-0.08551,0.539762,0.6161,0.482891,0.145089,1,sparse_vegetation,grade_B_blast_furnace_25to44,25-44% Mn (BF + Medium grade),0.31,38.94,1625.07,1432.68,104.75,293.23,736.99,4.46,6,0.2525,0.5004,0.1417,0.126,30.03,48.93,0.434,GRID_300M_13_10,141.7538498227125,7.4,7.4,7.5,7.6,7.7,7.8,37.0,39.1,40.4,44.3,42.3,43.2,19.5,18.5,17.7,16.5,17.9,18.0,43.5,42.4,41.9,39.2,39.8,38.9,14.3,11.7,6.5,5.9,3.9,3.2,1.55,1.56,1.6,1.63,1.64,1.64,31.2,31.8,31.6,31.3,31.3,31.2,14.0,13.6,15.9,15.7,16.2,16.0,29,MB300-0336,1.239869405515492,304.6507,1.2066,231.4008,0.0171,0.8683,0.0559,2.9778,BHV300-0092,87.50211401866756,True,,,,,,,,,,,,,,,,,,3907.0494581932403,False,True,0.0,Low,Historical Open Pit & Active Mining Lease (High Grade),Bharveli Main Shaft & Central Pit,1216.7,GRID_BHARVELI_COMB_02_10,100.90431671496819,REAL
MASTER_13_11,13,11,21.84117,80.224395,1003.546509,193.810455,0,892,0.09,0.092395,0.119686,0.149201,0.275899,0.350659,0.277687,0.217868,0.220217,0.185635,0.357893,0.28388,0.189196,0.1032,0.018885,0.1853,0.050149,0.29877,-0.393529,-0.491648,0.149536,0.788737,1.287475,1.606636,8.947495,0.358004,-0.274359,-0.167439,-0.10353,0.652642,0.794486,0.877596,5.580679,0.059233,0.11917,0.324209,-0.253066,-0.136094,-0.492989,-0.729041,0.0821,0.031263,-3.271643,0.081994,-0.066779,0.559944,0.6259,0.474366,0.200673,1,sparse_vegetation,grade_B_blast_furnace_25to44,25-44% Mn (BF + Medium grade),0.271,38.94,1625.07,1432.68,104.75,293.23,736.99,4.46,6,0.2525,0.5004,0.1417,0.126,30.03,48.93,0.434,GRID_300M_13_11,142.47459478838417,7.4,7.4,7.4,7.5,7.6,7.7,37.8,40.0,42.2,46.3,44.1,45.1,20.2,19.3,17.9,16.5,17.8,18.4,41.9,40.8,39.9,37.2,38.0,36.6,15.2,11.2,7.1,6.2,4.5,3.9,1.54,1.56,1.59,1.64,1.65,1.65,31.7,32.9,32.6,32.7,32.8,32.5,15.1,15.1,16.7,17.1,18.3,18.6,29,MB300-0337,1.5708922138112678,305.5949,4.8772,215.9902,-0.111,2.2008,-0.3665,7.4668,BHV300-0093,89.75947367622236,True,,,,,,,,,,,,,,,,,,3906.71084211957,False,True,0.0,Medium,Historical Open Pit & Active Mining Lease (High Grade),Bharveli Main Shaft & Central Pit,1101.6,GRID_BHARVELI_COMB_02_11,101.86501012766455,REAL
MASTER_13_12,13,12,21.841166,80.227308,976.901367,176.446136,1,900,0.09,0.077346,0.098141,0.109527,0.252884,0.269534,0.203993,0.142935,0.150179,0.118317,0.345533,0.254116,0.153256,0.175907,0.040435,0.278662,0.081784,0.398988,-0.438889,-0.468467,0.062016,0.747476,1.095635,1.399482,6.865956,0.495508,-0.399008,-0.270626,-0.135992,0.594483,0.754836,0.830265,5.918336,0.096521,0.039881,0.197841,-0.198008,-0.152994,-0.340799,-0.569217,0.102756,0.041349,-0.952171,0.092649,-0.015418,0.501753,0.6304,0.410664,0.14,1,sparse_vegetation,grade_B_blast_furnace_25to44,25-44% Mn (BF + Medium grade),0.449,38.59,1625.07,1432.68,104.75,293.23,736.99,4.46,6,0.2525,0.5004,0.1417,0.126,30.03,48.93,0.434,GRID_300M_13_12,142.265599572949,7.3,7.3,7.3,7.4,7.5,7.6,39.2,41.2,43.0,47.1,45.1,45.8,20.6,19.8,18.5,16.8,18.4,19.0,40.1,39.0,38.6,36.1,36.5,35.3,15.6,12.2,7.5,6.2,3.9,3.4,1.53,1.54,1.58,1.63,1.64,1.64,32.2,33.4,33.1,33.3,33.3,32.8,16.6,16.8,18.0,22.0,22.9,23.2,29,MB300-0338,3.725676191080578,326.7615,5.6269,222.4899,0.1103,2.7672,0.3649,9.3624,BHV300-0094,91.8879444273145,True,,,,,,,,,,,,,,,,,,3907.272095263211,False,True,0.0,Medium,Historical Open Pit & Active Mining Lease (High Grade),Bharveli Main Shaft & Central Pit,1061.5,GRID_BHARVELI_COMB_02_12,101.71413020302306,REAL
MASTER_13_13,13,13,21.841202,80.230231,1036.169067,159.570877,0,909,0.09,0.102891,0.128278,0.149693,0.240941,0.286402,0.253697,0.155087,0.153767,0.137064,0.205359,0.171194,0.12,0.188925,0.050354,0.296532,0.075735,0.239397,-0.304372,-0.384556,0.112675,0.877444,1.21196,1.450485,7.411888,0.198658,-0.138526,-0.042948,-0.085908,0.688484,0.83516,0.877905,7.106512,-0.040739,0.165847,0.341608,-0.198583,-0.18896,-0.3768,-0.57258,0.107607,0.02538,-0.278402,-0.035582,-0.115208,0.520197,0.6771,0.500334,0.256326,1,waterlogged,grade_B_blast_furnace_25to44,25-44% Mn (BF + Medium grade),0.202,38.59,1625.07,1432.68,104.75,293.23,736.99,4.46,6,0.2525,0.5004,0.1417,0.126,30.03,48.93,0.434,GRID_300M_13_13,146.560068962068,7.4,7.5,7.5,7.6,7.7,7.8,38.5,40.4,42.6,46.2,44.1,45.3,19.4,18.5,17.0,16.1,17.3,17.8,42.1,41.1,40.3,37.7,38.6,37.0,14.5,9.4,6.8,5.4,3.3,2.7,1.55,1.56,1.6,1.64,1.66,1.65,33.2,34.1,33.7,34.0,33.8,33.6,10.8,10.5,11.7,16.0,17.0,17.5,29,MB300-0339,4.0028338122681975,320.1779,4.7649,126.473,-0.007,2.1792,-0.0221,7.255,BHV300-0095,91.2683450617332,True,,,,,,,,,,,,,,,,,,3909.720574703134,False,True,0.0,Medium,Historical Open Pit & Active Mining Lease (High Grade),Bharveli Main Shaft & Central Pit,1104.6,GRID_BHARVELI_COMB_02_13,105.9240879225142,REAL
MASTER_13_14,13,14,21.84125,80.233109,1168.755615,145.72113,0,875,0.09,0.115729,0.14132,0.163405,0.251642,0.312397,0.279518,0.368133,0.345538,0.318336,0.377831,0.344393,0.255725,0.21945,0.040235,0.421882,0.063427,0.215482,-0.281793,-0.379306,0.12814,0.893764,1.254144,1.420032,7.489204,0.114308,-0.068447,-0.020228,-0.059981,0.728309,0.911474,0.864279,9.257318,-0.101174,0.213346,0.359077,-0.18812,-0.165455,-0.34267,-0.555754,0.202432,0.023193,1.909721,0.126189,0.031996,0.52047,0.6048,0.508317,0.251429,1,waterlogged,grade_B_blast_furnace_25to44,25-44% Mn (BF + Medium grade),0.217,38.59,1625.07,1432.68,104.75,293.23,736.99,4.46,6,0.2525,0.5004,0.1417,0.126,30.03,48.93,0.434,GRID_300M_13_14,150.3496234186648,7.4,7.5,7.5,7.5,7.6,7.6,37.9,39.2,41.2,45.0,42.9,44.3,19.9,19.4,17.8,16.7,17.7,18.3,42.2,41.4,40.9,38.3,39.3,37.4,15.3,11.6,7.7,5.9,3.5,3.0,1.53,1.55,1.59,1.64,1.64,1.64,33.2,33.9,33.9,34.1,34.3,34.3,12.7,12.5,13.4,16.5,17.3,17.6,29,MB300-0340,3.39405421305418,311.5658,1.6816,145.8385,-0.0177,0.7875,-0.0597,2.6868,BHV300-0096,86.70718756286477,True,,,,,,,,,,,,,,,,,,3910.3748030167426,False,True,0.0,Low,Historical Open Pit & Active Mining Lease (High Grade),Bharveli Main Shaft & Central Pit,1222.0,GRID_BHARVELI_COMB_02_14,108.85758137847796,REAL
MASTER_13_15,13,15,21.841265,80.235973,1355.790161,135.319778,0,892,0.09,0.109027,0.138388,0.15915,0.274501,0.318128,0.265546,0.35895,0.339474,0.31193,0.377933,0.353677,0.270796,0.191901,0.034198,0.317972,0.064349,0.267393,-0.327524,-0.39544,0.107261,0.836427,1.174772,1.455413,7.540463,0.126176,-0.076245,-0.03615,-0.056748,0.74994,0.928455,0.859614,7.004218,-0.141217,0.251279,0.359291,-0.164008,-0.086487,-0.246317,-0.595798,0.126072,0.030151,-0.530217,0.103432,0.035549,0.522548,0.6327,0.500604,0.226457,1,waterlogged,grade_B_blast_furnace_25to44,25-44% Mn (BF + Medium grade),0.213,38.73,1625.07,1432.68,104.75,293.23,736.99,4.46,6,0.2525,0.5004,0.1417,0.126,30.03,48.93,0.434,GRID_300M_13_15,150.31427239522543,7.4,7.5,7.5,7.5,7.6,7.7,37.9,39.2,41.3,45.1,43.0,44.5,19.8,19.4,17.8,16.7,17.7,18.2,42.3,41.4,40.9,38.2,39.2,37.3,15.3,11.8,7.7,5.8,3.5,2.9,1.53,1.55,1.59,1.64,1.64,1.64,33.1,33.9,33.8,34.0,34.2,34.2,12.6,12.4,13.4,16.4,17.3,17.6,29,MB300-0341,4.199815378272222,307.2598,1.6088,124.7643,0.006,0.7966,0.0211,2.6674,BHV300-0097,84.06364618740874,True,,,,,,,,,,,,,,,,,,3913.277141857001,False,True,0.0,Low,Historical Open Pit & Active Mining Lease (High Grade),Bharveli Main Shaft & Central Pit,1395.2,GRID_BHARVELI_COMB_02_15,108.1768354347835,REAL
MASTER_13_16,13,16,21.84126,80.238876,1580.730103,127.602989,0,896,0.09,0.105093,0.136117,0.151625,0.286107,0.31582,0.25697,0.253345,0.246569,0.218502,0.310485,0.261324,0.191006,0.165164,0.033211,0.311792,0.057578,0.311398,-0.354276,-0.401466,0.085844,0.81284,1.1202,1.435644,6.802023,0.19417,-0.129433,-0.04498,-0.082859,0.723268,0.847576,0.861171,7.338512,-0.117228,0.224843,0.356486,-0.168702,-0.089572,-0.272624,-0.574474,0.146627,0.024366,0.549279,0.024378,-0.054496,0.512317,0.6481,0.498492,0.159598,1,waterlogged,grade_B_blast_furnace_25to44,25-44% Mn (BF + Medium grade),0.321,38.73,1625.07,1432.68,104.75,293.23,736.99,4.46,6,0.2525,0.5004,0.1417,0.126,30.03,48.93,0.434,GRID_300M_13_16,149.61892119380516,7.4,7.4,7.5,7.5,7.6,7.7,38.1,39.4,41.4,45.1,43.4,44.9,19.6,19.1,17.7,16.7,17.6,18.1,42.2,41.5,40.9,38.2,39.0,37.0,15.6,12.3,7.7,5.7,3.5,2.8,1.53,1.55,1.59,1.64,1.64,1.64,32.9,33.7,33.7,33.9,34.1,34.1,12.3,12.5,13.9,16.3,17.0,17.5,29,MB300-0342,2.95230531505832,303.9179,1.569,174.0444,-0.0121,0.8133,-0.0417,2.7669,BHV300-0098,85.74005197947412,True,,,,,,,,,,,,,,,,,,3912.2830298241774,False,True,0.0,Low,Historical Open Pit & Active Mining Lease (High Grade),Bharveli Main Shaft & Central Pit,1606.2,GRID_BHARVELI_COMB_02_16,107.39997849294893,REAL
MASTER_13_17,13,17,21.841258,80.241796,1828.44043,121.847763,0,892,0.09,0.111872,0.147829,0.180711,0.307619,0.388396,0.308933,0.59344,0.568222,0.539279,0.563361,0.48908,0.418442,0.106023,0.022203,0.237805,0.03521,0.271606,-0.354558,-0.449185,0.142709,0.790172,1.264862,1.590107,7.681756,0.052819,-0.023827,0.041727,-0.053634,0.848608,0.878545,0.926975,9.956058,-0.218787,0.330731,0.490912,-0.196343,0.058436,-0.386317,-0.663133,0.131782,0.013007,2.283793,0.255742,0.100685,0.558967,0.6284,0.555591,0.197309,1,waterlogged,grade_B_blast_furnace_25to44,25-44% Mn (BF + Medium grade),0.305,38.73,1625.07,1432.68,104.75,293.23,736.99,4.46,6,0.2525,0.5004,0.1417,0.126,30.03,48.93,0.434,GRID_300M_13_17,149.81956199298452,7.3,7.3,7.4,7.5,7.5,7.6,37.4,39.0,41.1,45.0,43.4,44.8,19.8,19.2,17.6,16.5,17.3,17.9,42.7,41.7,41.2,38.6,39.3,37.4,16.0,11.8,7.8,5.7,3.5,2.8,1.52,1.54,1.58,1.64,1.64,1.64,33.1,33.9,33.8,34.2,34.3,34.2,13.3,13.8,15.5,16.9,17.0,17.7,29,MB300-0343,1.0837533810751117,303.2243,2.0957,205.2783,-0.0094,1.0361,-0.0317,3.6365,BHV300-0099,88.13251496151341,True,,,,,,,,,,,,,,,,,,3912.0572164245273,False,True,0.0,Low,Historical Open Pit & Active Mining Lease (High Grade),Bharveli Main Shaft & Central Pit,1842.1,GRID_BHARVELI_COMB_02_17,107.76746929549829,REAL
MASTER_13_18,13,18,21.841251,80.244707,2089.575195,117.522186,0,892,0.09,0.120971,0.156004,0.195554,0.301227,0.416288,0.346127,0.418623,0.40862,0.375776,0.470024,0.40571,0.332107,0.088868,0.013559,0.202872,0.024383,0.215406,-0.319105,-0.455753,0.182397,0.829657,1.385824,1.616846,9.147024,0.165377,-0.114735,-0.036512,-0.066737,0.783013,0.855695,0.918625,12.11172,-0.050029,0.20437,0.41924,-0.249135,-0.046644,-0.530129,-0.698221,0.114004,0.010824,3.003071,0.168798,-0.010578,0.574411,0.6068,0.528058,0.327354,1,waterlogged,grade_B_blast_furnace_25to44,25-44% Mn (BF + Medium grade),0.228,39.2,1625.07,1432.68,104.75,293.23,736.99,4.46,6,0.2525,0.5004,0.1417,0.126,30.03,48.93,0.434,GRID_300M_13_18,149.1903112825003,7.3,7.3,7.4,7.5,7.5,7.6,37.1,38.8,40.8,45.2,43.5,44.7,20.0,19.3,17.7,16.2,17.2,17.6,42.9,41.9,41.5,38.6,39.3,37.7,16.1,11.4,7.9,5.8,3.6,2.9,1.52,1.54,1.58,1.64,1.64,1.64,32.8,33.6,33.6,34.0,34.0,33.9,14.1,14.5,16.6,17.6,17.6,17.9,29,MB300-0344,2.7849173291653355,,,,,,,,,361.2974910326467,False,,,,,,,,,,,,,,,,,,3911.2817024478604,False,True,0.0,Low,Historical Open Pit & Active Mining Lease (High Grade),Bharveli Main Shaft & Central Pit,2094.4,GRID_BHARVELI_COMB_02_18,107.17270719916274,REAL
MASTER_13_19,13,19,21.841258,80.247627,2360.182617,114.129585,0,895,0.09,0.112769,0.149122,0.185739,0.301258,0.391924,0.313811,0.115344,0.140989,0.113274,0.283198,0.227198,0.133665,0.084042,0.017837,0.127595,0.022499,0.242341,-0.339306,-0.447639,0.160538,0.797848,1.303587,1.637088,7.243418,0.441105,-0.34447,-0.242985,-0.08054,0.579943,0.802197,0.986635,9.490237,0.198764,-0.005164,0.204654,-0.241078,-0.217905,-0.50139,-0.650452,0.043552,0.004661,2.222761,-0.01806,-0.164725,0.572786,0.6218,0.425775,0.518436,1,sparse_vegetation,grade_B_blast_furnace_25to44,25-44% Mn (BF + Medium grade),0.269,39.2,1625.07,1432.68,104.75,293.23,736.99,4.46,6,0.2525,0.5004,0.1417,0.126,30.03,48.93,0.434,GRID_300M_13_19,150.31056567930972,7.3,7.3,7.3,7.4,7.5,7.6,37.3,38.7,40.6,44.7,43.1,44.2,19.7,19.1,17.6,16.2,17.2,17.7,43.0,42.2,41.8,39.1,39.7,38.1,16.2,11.2,7.8,5.6,3.5,2.8,1.51,1.53,1.57,1.63,1.64,1.64,32.4,33.2,33.2,33.4,33.5,33.3,13.3,13.8,16.1,17.2,17.5,18.0,29,MB300-0345,3.826458442297904,,,,,,,,,659.720607503308,False,,,,,,,,,,,,,,,,,,3912.6153850460446,False,True,0.0,Low,Historical Open Pit & Active Mining Lease (High Grade),Bharveli Main Shaft & Central Pit,2357.9,GRID_BHARVELI_COMB_02_19,108.44214062572328,REAL
MASTER_13_20,13,20,21.841309,80.250536,2634.431885,111.350304,0,898,0.09,0.120604,0.157361,0.196568,0.304807,0.410146,0.343745,0.085068,0.113447,0.084473,0.278396,0.229771,0.133687,0.074375,0.015857,0.13996,0.024124,0.220535,-0.320869,-0.44538,0.172057,0.834274,1.34875,1.621379,8.253039,0.533363,-0.419796,-0.337976,-0.072793,0.581147,0.82843,0.991286,10.176095,0.312828,-0.098928,0.107404,-0.24485,-0.253127,-0.52032,-0.630093,0.065585,0.008267,1.876449,-0.026411,-0.180375,0.570436,0.6109,0.380301,0.581292,1,sparse_vegetation,grade_B_blast_furnace_25to44,25-44% Mn (BF + Medium grade),0.195,39.2,1625.07,1432.68,104.75,293.23,736.99,4.46,6,0.2525,0.5004,0.1417,0.126,30.03,48.93,0.434,GRID_300M_13_20,155.6885816334879,7.3,7.3,7.4,7.4,7.5,7.6,37.3,38.7,40.8,45.1,43.5,44.8,19.6,19.1,17.6,16.1,17.3,17.8,43.1,42.2,41.6,38.8,39.3,37.5,15.8,10.7,7.7,5.4,3.5,2.8,1.52,1.53,1.58,1.63,1.64,1.64,32.3,33.1,33.1,33.2,33.3,33.2,13.5,14.1,16.1,17.6,17.0,17.6,29,MB300-0346,2.4029504583764325,,,,,,,,,958.720818859509,False,,,,,,,,,,,,,,,,,,3915.284419263222,False,True,0.0,Very Low,Historical Open Pit & Active Mining Lease (High Grade),Bharveli Main Shaft & Central Pit,2629.2,GRID_BHARVELI_COMB_02_20,113.47997426255158,REAL
MASTER_13_21,13,21,21.841338,80.253426,2912.689453,109.158745,0,872,0.09,0.131886,0.170774,0.215218,0.317985,0.441077,0.380937,0.087633,0.118395,0.090449,0.291504,0.244589,0.14414,0.067705,0.012463,0.136191,0.023725,0.194364,-0.30226,-0.442856,0.186715,0.863389,1.389718,1.63025,9.09107,0.525604,-0.421088,-0.346372,-0.062848,0.58838,0.84234,1.027938,9.665141,0.33124,-0.118828,0.096484,-0.249563,-0.275009,-0.547378,-0.602312,0.068486,0.011262,0.549382,-0.026482,-0.196489,0.574005,0.6038,0.37646,0.615826,1,built_up,grade_B_blast_furnace_25to44,25-44% Mn (BF + Medium grade),0.216,39.25,1625.07,1432.68,104.75,293.23,736.99,4.46,6,0.2525,0.5004,0.1417,0.126,30.03,48.93,0.434,GRID_300M_13_21,158.14011178467237,7.3,7.3,7.3,7.4,7.5,7.6,37.0,38.8,41.0,45.0,43.3,44.6,19.4,18.7,17.3,16.0,17.2,17.6,43.6,42.5,41.6,39.0,39.4,37.7,15.7,10.6,7.6,5.4,3.5,2.8,1.53,1.54,1.58,1.62,1.63,1.63,32.1,32.7,32.8,32.7,32.8,32.7,14.0,14.1,16.3,18.0,17.1,17.5,29,MB300-0347,2.6196401958387217,,,,,,,,,1256.6481059571315,False,,,,,,,,,,,,,,,,,,3914.600138154078,False,True,0.0,Very Low,Historical Open Pit & Active Mining Lease (High Grade),Bharveli Main Shaft & Central Pit,2906.2,GRID_BHARVELI_COMB_02_21,115.52155987580426,REAL
MASTER_13_22,13,22,21.841358,80.256296,3192.868896,107.379616,0,883,0.09,0.123548,0.160966,0.202307,0.318944,0.429039,0.350607,0.09307,0.12395,0.098879,0.278405,0.239644,0.141857,0.072085,0.015564,0.140156,0.024102,0.226261,-0.330707,-0.455864,0.175389,0.816468,1.348266,1.635398,7.843537,0.474453,-0.382059,-0.316564,-0.046834,0.591711,0.864468,1.058891,9.725602,0.248192,-0.051352,0.1393,-0.222223,-0.224758,-0.483798,-0.576506,0.068072,0.008539,1.854943,-0.040539,-0.189394,0.575562,0.6179,0.389381,0.496036,1,sparse_vegetation,grade_B_blast_furnace_25to44,25-44% Mn (BF + Medium grade),0.188,38.01,1625.07,1432.68,104.75,293.23,736.99,4.46,6,0.2525,0.5004,0.1417,0.126,30.03,48.93,0.434,GRID_300M_14_22,155.2432222111763,7.3,7.3,7.4,7.4,7.5,7.6,37.4,39.2,41.3,45.1,43.5,44.7,19.1,18.4,17.1,15.9,17.1,17.5,43.6,42.4,41.6,39.1,39.5,37.9,15.8,10.4,7.6,5.4,3.4,2.8,1.53,1.54,1.58,1.62,1.63,1.63,31.9,32.6,32.7,32.5,32.6,32.5,14.2,14.2,16.5,17.8,16.9,17.0,29,MB300-0348,4.070736583081243,,,,,,,,,1552.8135907267233,False,,,,,,,,,,,,,,,,,,3918.6156182201075,False,True,0.0,Very Low,Historical Open Pit & Active Mining Lease (High Grade),Bharveli Main Shaft & Central Pit,3187.4,GRID_BHARVELI_COMB_02_22,115.95194718629651,REAL
MASTER_13_23,13,23,21.841348,80.259193,3479.171875,105.927788,0,891,0.09,0.091178,0.121975,0.130599,0.282917,0.285774,0.222319,0.096236,0.127163,0.105877,0.239078,0.184891,0.111872,0.075037,0.02153,0.110538,0.017917,0.387499,-0.403471,-0.390136,0.02841,0.743853,1.005339,1.390738,5.318659,0.381389,-0.300853,-0.163369,-0.075827,0.603801,0.766318,1.098058,10.656793,-0.00611,0.102618,0.226767,-0.104237,-0.140051,-0.239021,-0.29268,0.035501,-0.003614,5.285998,-0.043839,-0.100883,0.493348,0.5995,0.428521,0.167228,1,sparse_vegetation,grade_B_blast_furnace_25to44,25-44% Mn (BF + Medium grade),0.188,38.01,1625.07,1432.68,104.75,293.23,736.99,4.46,6,0.2525,0.5004,0.1417,0.126,30.03,48.93,0.434,GRID_300M_14_23,155.94661445213347,7.3,7.3,7.4,7.4,7.5,7.6,38.0,40.0,41.9,45.5,43.8,45.0,19.1,18.4,17.3,16.0,17.3,17.7,42.8,41.6,40.8,38.4,38.9,37.3,16.0,10.7,7.6,5.3,3.5,2.9,1.53,1.55,1.59,1.62,1.64,1.64,31.4,32.0,32.2,32.1,32.2,32.1,13.7,14.0,16.3,17.2,16.6,16.3,29,MB300-0349,3.069891989325099,,,,,,,,,1851.9939287851855,False,,,,,,,,,,,,,,,,,,3917.0735501966687,False,True,0.0,Very Low,Historical Open Pit & Active Mining Lease (High Grade),Bharveli Main Shaft & Central Pit,3471.7,GRID_BHARVELI_COMB_02_23,114.44530613721645,REAL
MASTER_13_24,13,24,21.841353,80.261772,3735.171143,104.801735,0,675,0.09,0.076445,0.1039,0.103717,0.261219,0.233378,0.158508,0.094572,0.127322,0.107076,0.240208,0.194963,0.120664,0.094253,0.02979,0.125058,0.01847,0.43764,-0.43118,-0.380976,-0.007693,0.668328,0.895539,1.336274,4.455845,0.380837,-0.303312,-0.187506,-0.057646,0.616238,0.802477,1.126016,12.022638,-0.056803,0.127868,0.19347,-0.049953,-0.052091,-0.093062,-0.210258,0.030805,-0.01132,7.505779,-0.021011,-0.038415,0.482363,0.5905,0.406035,0.035556,0,sparse_vegetation,grade_B_blast_furnace_25to44,25-44% Mn (BF + Medium grade),0.21,38.01,1625.07,1432.68,104.75,293.23,736.99,4.46,6,0.2525,0.5004,0.1417,0.126,30.03,48.93,0.434,GRID_300M_14_24,149.22223734051076,7.4,7.4,7.4,7.4,7.5,7.6,38.3,40.1,42.1,46.0,44.2,45.1,19.9,19.2,17.8,16.4,17.6,18.1,41.8,40.7,40.1,37.5,38.2,36.9,15.9,11.2,7.6,5.2,3.5,2.8,1.54,1.55,1.6,1.62,1.63,1.64,31.4,32.0,32.2,32.2,32.2,32.1,14.0,14.3,16.7,17.6,16.9,16.6,29,MB300-0350,36.47350453791842,,,,,,,,,2118.3245417707476,False,,,,,,,,,,,,,,,,,,3917.3641547753973,False,True,0.0,Very Low,Historical Open Pit & Active Mining Lease (High Grade),Bharveli Main Shaft & Central Pit,3758.5,GRID_BHARVELI_COMB_02_24,106.67114475235844,REAL
MASTER_14_00,14,0,21.843763,80.192834,3558.035889,258.871338,0,622,0.09,0.085284,0.107902,0.127804,0.214305,0.246723,0.184839,0.090045,0.107307,0.080172,0.212885,0.130713,0.073738,0.133943,0.024293,0.138239,0.02095,0.247634,-0.324401,-0.390516,0.112818,0.747751,1.179161,1.495476,9.3116,0.449396,-0.325887,-0.08513,-0.182465,0.564094,0.610748,0.888521,10.915652,0.201762,-0.001486,0.305386,-0.295284,-0.183657,-0.568413,-0.606955,0.004296,-0.003343,1.663914,-0.00142,-0.116011,0.548095,0.6001,0.496858,0.242765,1,waterlogged,grade_B_blast_furnace_25to44,25-44% Mn (BF + Medium grade),0.247,39.51,1625.07,1432.68,104.75,293.23,736.99,4.46,6,0.2525,0.5004,0.1417,0.126,30.03,48.93,0.434,GRID_300M_14_00,155.52542911946827,7.5,7.5,7.6,7.6,7.7,7.8,41.7,43.3,45.7,47.7,46.2,46.4,18.4,18.0,16.5,15.4,16.5,17.2,40.0,38.7,37.8,36.9,37.3,36.4,14.3,9.7,6.3,4.8,3.1,2.4,1.53,1.56,1.61,1.63,1.63,1.63,31.5,32.0,31.9,32.5,32.3,32.3,6.4,5.8,5.7,7.0,7.1,9.0,29,MB300-0351,40.79662067342448,,,,,,,,,2005.9609940943185,False,,,,,,,,,,,,,,,,,,3922.373004265941,False,True,0.0,Medium,No Mining History (Barren Country Rock Control),Bharveli West Footwall Baseline,832.3,GRID_BHARVELI_COMB_03_00,124.10012634308666,REAL
MASTER_14_01,14,1,21.843775,80.195318,3306.978027,258.038269,0,889,0.09,0.086722,0.113941,0.132784,0.247372,0.263208,0.191392,0.08449,0.100084,0.080062,0.186209,0.129775,0.075842,0.102183,0.024239,0.125506,0.018174,0.3052,-0.367081,-0.391879,0.078022,0.720873,1.077882,1.512051,7.152883,0.397689,-0.294574,-0.099323,-0.140869,0.571564,0.683084,0.935839,11.263841,0.09249,0.072507,0.292556,-0.218891,-0.149308,-0.394799,-0.576212,0.023323,-0.006065,4.114371,-0.061163,-0.133433,0.537776,0.6271,0.478072,0.229471,1,sparse_vegetation,grade_B_blast_furnace_25to44,25-44% Mn (BF + Medium grade),0.267,39.51,1625.07,1432.68,104.75,293.23,736.99,4.46,6,0.2525,0.5004,0.1417,0.126,30.03,48.93,0.434,GRID_300M_14_01,133.0463228607485,7.4,7.5,7.6,7.6,7.7,7.8,41.0,42.5,45.7,47.1,45.5,46.4,18.4,18.1,16.1,15.3,16.5,17.0,40.7,39.5,38.2,37.5,38.0,36.5,14.0,9.9,6.3,4.7,3.4,2.7,1.54,1.56,1.61,1.62,1.63,1.63,31.1,31.8,31.7,32.3,32.1,32.2,6.7,6.0,5.8,7.0,6.9,8.8,29,MB300-0352,3.559494683492317,,,,,,,,,1749.4700694776648,False,,,,,,,,,,,,,,,,,,3921.298760869158,False,True,0.0,Medium,No Mining History (Barren Country Rock Control),Bharveli West Footwall Baseline,767.4,GRID_BHARVELI_COMB_03_01,93.7077559673312,REAL
MASTER_14_02,14,2,21.843767,80.198236,3013.805176,256.836609,0,881,0.09,0.086144,0.111616,0.125472,0.250378,0.247751,0.175289,0.068894,0.078404,0.056834,0.14812,0.090171,0.049955,0.112537,0.031383,0.159924,0.026158,0.33361,-0.380377,-0.376357,0.047675,0.701349,1.005563,1.444006,6.457305,0.434801,-0.291094,-0.021871,-0.208824,0.540294,0.582504,0.815347,9.382683,0.101192,0.089283,0.354486,-0.256499,-0.161055,-0.423059,-0.628659,0.047386,-0.005225,2.937821,-0.102259,-0.15758,0.519774,0.6169,0.51766,0.051078,0,waterlogged,grade_B_blast_furnace_25to44,25-44% Mn (BF + Medium grade),0.237,39.51,1625.07,1432.68,104.75,293.23,736.99,4.46,6,0.2525,0.5004,0.1417,0.126,30.03,48.93,0.434,GRID_300M_14_02,132.67762733498319,7.4,7.5,7.5,7.6,7.7,7.8,40.7,42.3,45.4,46.9,45.2,46.1,18.5,18.2,16.4,15.7,16.9,17.4,40.9,39.7,38.2,37.4,37.9,36.5,14.1,9.9,6.2,4.7,3.5,2.9,1.55,1.56,1.61,1.62,1.63,1.63,31.1,31.9,31.8,32.4,32.2,32.1,6.8,6.0,5.9,7.0,6.7,8.6,29,MB300-0353,1.0332245053723454,,,,,,,,,1448.3695502958658,False,,,,,,,,,,,,,,,,,,3920.6324548424664,False,True,0.0,Medium,No Mining History (Barren Country Rock Control),Bharveli West Footwall Baseline,815.6,GRID_BHARVELI_COMB_03_02,93.61546182089062,REAL
MASTER_14_03,14,3,21.843765,80.201161,2721.303467,255.388,0,872,0.09,0.093517,0.118914,0.138904,0.247663,0.270513,0.199169,0.231879,0.228916,0.202916,0.270229,0.221692,0.182966,0.12556,0.024953,0.127683,0.020656,0.282373,-0.348898,-0.388326,0.087715,0.730954,1.108257,1.477655,9.405548,0.184873,-0.115855,-0.00573,-0.087107,0.802051,0.818364,0.920167,9.410405,-0.097499,0.233043,0.382595,-0.174821,0.071097,-0.289893,-0.557488,0.002123,-0.004297,0.047643,0.022567,-0.048821,0.53696,0.6019,0.515073,0.09633,0,waterlogged,grade_B_blast_furnace_25to44,25-44% Mn (BF + Medium grade),0.22,39.6,1625.07,1432.68,104.75,293.23,736.99,4.46,6,0.2525,0.5004,0.1417,0.126,30.03,48.93,0.434,GRID_300M_14_03,133.19399106622973,7.5,7.5,7.6,7.6,7.7,7.8,39.1,40.8,43.7,46.0,44.4,45.0,18.8,18.2,16.7,15.7,17.1,17.4,42.1,41.0,39.7,38.3,38.5,37.6,14.3,9.5,6.4,4.7,3.5,2.8,1.54,1.56,1.6,1.62,1.63,1.62,31.0,32.0,31.8,32.1,32.0,31.5,6.6,5.8,5.8,6.8,6.6,8.1,29,MB300-0354,2.1701761672557205,,,,,,,,,1146.7099557070417,False,,,,,,,,,,,,,,,,,,3920.293243722601,False,True,0.0,Medium,No Mining History (Barren Country Rock Control),Bharveli West Footwall Baseline,960.0,GRID_BHARVELI_COMB_03_03,94.45116998852396,REAL
MASTER_14_04,14,4,21.843773,80.204075,2431.730225,253.621643,0,883,0.09,0.094988,0.124372,0.149476,0.270458,0.282676,0.202939,0.51163,0.478684,0.442281,0.467451,0.393497,0.333115,0.112136,0.025325,0.125963,0.021831,0.295438,-0.368585,-0.384096,0.075084,0.712301,1.051582,1.547591,6.97638,0.045279,-0.003065,0.082562,-0.078191,0.844792,0.846268,0.874304,10.234469,-0.250158,0.36552,0.466658,-0.153276,0.132491,-0.205313,-0.673287,0.013826,-0.003494,3.225458,0.196993,0.110821,0.544346,0.6289,0.55299,0.05436,0,waterlogged,grade_B_blast_furnace_25to44,25-44% Mn (BF + Medium grade),0.276,39.6,1625.07,1432.68,104.75,293.23,736.99,4.46,6,0.2525,0.5004,0.1417,0.126,30.03,48.93,0.434,GRID_300M_14_04,134.26641319812524,7.5,7.5,7.6,7.6,7.7,7.8,38.6,40.3,43.3,45.8,43.6,44.1,18.9,18.2,16.6,15.7,17.3,17.7,42.5,41.4,40.1,38.4,39.0,38.2,14.8,9.4,6.4,4.9,3.6,2.8,1.53,1.55,1.59,1.62,1.62,1.62,31.3,32.3,32.2,32.5,32.3,31.8,6.1,5.2,5.8,6.8,6.5,7.9,29,MB300-0355,3.4124993247700517,,,,,,,,,846.4797817263272,False,,,,,,,,,,,,,,,,,,3918.162348753842,False,True,0.0,Medium,No Mining History (Barren Country Rock Control),Bharveli West Footwall Baseline,1165.3,GRID_BHARVELI_COMB_03_04,95.53444382702988,REAL
MASTER_14_05,14,5,21.843775,80.206982,2145.959961,251.374008,0,884,0.09,0.093427,0.124224,0.149511,0.272854,0.286555,0.204666,0.526226,0.485101,0.441498,0.476573,0.39625,0.332184,0.122543,0.030116,0.125982,0.023349,0.301484,-0.373536,-0.389776,0.07685,0.70651,1.05869,1.567911,6.567913,0.068078,-0.015691,0.078956,-0.090104,0.826468,0.834621,0.856441,9.707785,-0.233406,0.357845,0.468732,-0.166954,0.119958,-0.224069,-0.71147,0.003439,-0.006767,3.135658,0.20372,0.109695,0.547985,0.6405,0.554763,0.014706,0,water_body,grade_B_blast_furnace_25to44,25-44% Mn (BF + Medium grade),0.239,39.6,1625.07,1432.68,104.75,293.23,736.99,4.46,6,0.2525,0.5004,0.1417,0.126,30.03,48.93,0.434,GRID_300M_14_05,134.42098018183773,7.5,7.5,7.6,7.6,7.7,7.8,38.9,40.6,42.9,45.6,43.5,44.0,18.8,18.2,16.8,16.0,17.6,17.9,42.3,41.2,40.2,38.3,38.9,38.0,14.9,9.5,6.4,5.3,3.6,2.9,1.53,1.55,1.59,1.61,1.62,1.62,31.1,32.1,32.0,32.3,32.1,31.6,6.0,5.1,6.1,7.1,6.9,7.9,29,MB300-0356,4.701890799308385,,,,,,,,,547.9965175241108,False,,,,,,,,,,,,,,,,,,3916.514212040967,False,True,0.0,Low,No Mining History (Barren Country Rock Control),Bharveli West Footwall Baseline,1405.0,GRID_BHARVELI_COMB_03_05,95.58241524834828,REAL
MASTER_14_06,14,6,21.8438,80.209868,1865.599609,248.537598,0,861,0.09,0.083317,0.110628,0.119432,0.244171,0.240199,0.169103,0.391658,0.371754,0.342009,0.377424,0.322497,0.267921,0.159605,0.034724,0.122971,0.01768,0.347311,-0.376126,-0.362609,0.037613,0.694,0.995104,1.421166,7.043259,0.081679,-0.034787,0.044781,-0.072167,0.816321,0.859714,0.89529,10.93452,-0.265632,0.341339,0.40739,-0.109781,0.122321,-0.13539,-0.525876,-0.036634,-0.017044,3.83669,0.133253,0.082298,0.513676,0.5945,0.52278,0.044135,0,waterlogged,grade_B_blast_furnace_25to44,25-44% Mn (BF + Medium grade),0.304,39.6,1625.07,1432.68,104.75,293.23,736.99,4.46,6,0.2525,0.5004,0.1417,0.126,30.03,48.93,0.434,GRID_300M_14_06,135.96313360035793,7.5,7.5,7.6,7.6,7.7,7.8,39.0,40.7,42.6,45.4,43.3,43.8,19.1,18.4,17.2,16.3,17.9,18.2,41.9,40.9,40.2,38.2,38.8,38.0,16.7,10.8,6.5,5.3,3.5,2.8,1.53,1.56,1.59,1.61,1.62,1.62,30.0,30.9,31.0,31.2,30.9,30.5,6.9,6.0,6.8,8.0,7.9,9.3,29,MB300-0357,2.7609774005220364,,,,,,,,,255.29498152068453,False,,,,,,,,,,,,,,,,,,3929.064082078116,False,True,0.0,Low,No Mining History (Barren Country Rock Control),Bharveli West Footwall Baseline,1664.5,GRID_BHARVELI_COMB_03_06,96.44227097835825,REAL
MASTER_14_07,14,7,21.843873,80.212728,1591.603882,244.923386,0,886,0.09,0.086139,0.112364,0.128173,0.234758,0.254673,0.188015,0.577618,0.545425,0.513198,0.505844,0.429366,0.357871,0.144876,0.038011,0.153792,0.021811,0.299758,-0.353982,-0.386634,0.082597,0.730692,1.090352,1.476729,6.896968,0.017595,0.018461,0.097306,-0.06929,0.830141,0.85927,0.895002,12.330735,-0.282163,0.372443,0.48394,-0.151886,0.099449,-0.231081,-0.581727,0.008916,-0.0162,5.418014,0.271086,0.174693,0.533049,0.6065,0.560355,0.040632,0,water_body,grade_B_blast_furnace_25to44,25-44% Mn (BF + Medium grade),0.295,39.62,1625.07,1432.68,104.75,293.23,736.99,4.46,6,0.2525,0.5004,0.1417,0.126,30.03,48.93,0.434,GRID_300M_14_07,141.46218281979745,7.5,7.5,7.6,7.6,7.7,7.8,38.9,40.5,42.4,45.3,43.0,43.5,18.9,18.2,17.0,16.3,17.8,18.1,42.2,41.2,40.5,38.5,39.1,38.4,17.3,11.2,6.2,5.2,3.5,2.7,1.54,1.56,1.6,1.61,1.62,1.62,29.7,30.8,30.8,30.9,30.7,30.4,6.6,5.9,6.9,8.3,8.5,9.9,29,MB300-0358,5.261736156208643,304.358,0.5298,99.462,-0.0047,0.2794,-0.0156,0.9463,BHV300-0078,83.00435061671132,True,,,,,,,,,,,,,,,,,,3968.968323249905,False,True,0.0,Low,Historical Open Pit & Active Mining Lease (High Grade),Bharveli Main Shaft & Central Pit,1677.4,GRID_BHARVELI_COMB_03_07,100.45200031046087,REAL
MASTER_14_08,14,8,21.843869,80.215641,1326.100342,239.400299,0,898,0.09,0.085957,0.11555,0.131196,0.257824,0.255405,0.1824,0.558738,0.535436,0.50817,0.498515,0.416761,0.337675,0.138841,0.033467,0.162932,0.02506,0.334309,-0.383811,-0.376889,0.052438,0.707185,0.992908,1.508578,5.97344,0.053349,-0.020666,0.058209,-0.05649,0.803533,0.860102,0.948999,10.128076,-0.280961,0.363145,0.435097,-0.108928,0.096348,-0.132806,-0.559578,0.024091,-0.008407,4.123057,0.240691,0.161356,0.528402,0.6419,0.532465,0.017817,0,water_body,grade_B_blast_furnace_25to44,25-44% Mn (BF + Medium grade),0.265,39.62,1625.07,1432.68,104.75,293.23,736.99,4.46,6,0.2525,0.5004,0.1417,0.126,30.03,48.93,0.434,GRID_300M_14_08,141.2377879283932,7.5,7.5,7.6,7.6,7.7,7.7,37.8,39.7,41.2,44.8,42.9,43.5,18.8,17.8,16.8,16.0,17.5,17.5,43.5,42.5,41.9,39.1,39.5,38.9,15.4,10.3,6.2,5.4,3.5,2.7,1.55,1.57,1.61,1.63,1.64,1.63,30.4,31.2,31.2,31.1,31.0,30.9,7.7,7.0,8.1,9.5,9.7,11.7,29,MB300-0359,3.108441548290379,304.191,0.5533,265.9282,-0.0029,0.3369,-0.0089,1.1351,BHV300-0079,85.22086553680735,True,,,,,,,,,,,,,,,,,,4023.0335929542643,False,True,0.0,Low,Historical Open Pit & Active Mining Lease (High Grade),Bharveli Main Shaft & Central Pit,1416.7,GRID_BHARVELI_COMB_03_08,100.336445917811,REAL
MASTER_14_09,14,9,21.843871,80.218556,1078.280884,231.261581,0,896,0.09,0.089239,0.1197,0.141642,0.27563,0.28715,0.205829,0.73585,0.673066,0.624883,0.604308,0.502736,0.416452,0.136018,0.032451,0.154221,0.02759,0.333676,-0.396919,-0.406256,0.066916,0.705868,1.042435,1.554574,5.715227,-0.013483,0.050079,0.139002,-0.083711,0.829639,0.836639,0.856449,7.883458,-0.347159,0.446998,0.545258,-0.150627,0.123771,-0.205797,-0.698125,0.018203,-0.004861,2.168352,0.328678,0.215586,0.539451,0.628,0.5848,0.0,0,water_body,non_ore,Background,0.299,38.6,1625.07,1432.68,104.75,293.23,736.99,4.46,6,0.2525,0.5004,0.1417,0.126,30.03,48.93,0.434,GRID_300M_14_09,141.71310010126368,7.4,7.5,7.5,7.6,7.7,7.8,37.6,39.6,41.0,44.6,42.8,43.7,19.1,18.2,17.2,16.3,17.7,17.6,43.3,42.3,41.7,39.1,39.6,38.7,13.6,10.8,6.5,5.5,3.5,2.7,1.56,1.58,1.62,1.63,1.64,1.64,30.9,31.6,31.3,31.1,31.1,31.1,10.3,9.7,11.1,12.8,13.0,15.1,29,MB300-0360,1.3780253827092654,304.2752,0.6568,200.8141,0.0091,0.3699,0.0282,1.2539,BHV300-0080,87.03608552033536,True,,,,,,,,,,,,,,,,,,4099.243416217412,False,True,0.0,Medium,Historical Open Pit & Active Mining Lease (High Grade),Bharveli Main Shaft & Central Pit,1174.8,GRID_BHARVELI_COMB_03_09,100.84885287329982,REAL
MASTER_14_10,14,10,21.843867,80.221474,864.862305,218.672409,1,900,0.09,0.093885,0.126543,0.152207,0.27965,0.300757,0.221011,0.250333,0.240514,0.201986,0.333019,0.251509,0.173607,0.154271,0.037726,0.233462,0.033287,0.299936,-0.377354,-0.405483,0.09137,0.731218,1.078656,1.611853,6.331408,0.305387,-0.211668,-0.069997,-0.13176,0.659733,0.747419,0.81882,11.050891,0.005451,0.165686,0.335486,-0.223129,-0.071484,-0.331237,-0.793033,0.079191,-0.004439,4.707875,0.05337,-0.049248,0.553479,0.6205,0.496004,0.188889,1,sparse_vegetation,grade_B_blast_furnace_25to44,25-44% Mn (BF + Medium grade),0.334,38.6,1625.07,1432.68,104.75,293.23,736.99,4.46,6,0.2525,0.5004,0.1417,0.126,30.03,48.93,0.434,GRID_300M_14_10,141.69017263253187,7.4,7.5,7.5,7.6,7.7,7.7,36.9,39.1,40.2,44.2,42.1,43.1,19.7,18.7,17.9,16.6,17.9,17.9,43.3,42.2,41.9,39.3,40.0,38.9,13.4,10.5,6.4,5.7,3.5,2.7,1.55,1.57,1.6,1.63,1.64,1.64,31.1,31.8,31.4,31.2,31.3,31.2,12.3,12.1,13.7,15.5,16.7,18.1,29,MB300-0361,1.2923844982669215,304.6981,0.6763,268.192,-0.0092,0.5052,-0.0264,1.6988,BHV300-0081,89.48130747362819,True,,,,,,,,,,,,,,,,,,4195.222073318645,False,True,0.0,Medium,Historical Open Pit & Active Mining Lease (High Grade),Bharveli Main Shaft & Central Pit,966.1,GRID_BHARVELI_COMB_03_10,100.95905260981158,REAL
MASTER_14_11,14,11,21.843867,80.22439,716.609863,199.572113,1,899,0.09,0.086303,0.115474,0.134232,0.282742,0.314005,0.235216,0.141717,0.151629,0.122666,0.292567,0.227085,0.133217,0.118979,0.030142,0.206211,0.041187,0.361578,-0.419975,-0.463114,0.091787,0.7427,1.12445,1.533864,6.127483,0.412294,-0.319824,-0.204725,-0.105544,0.585947,0.785213,0.880092,8.254999,0.050716,0.100151,0.258389,-0.197332,-0.156753,-0.339237,-0.653772,0.087232,0.011045,2.103814,0.009825,-0.08692,0.533479,0.627,0.440744,0.147942,1,sparse_vegetation,grade_B_blast_furnace_25to44,25-44% Mn (BF + Medium grade),0.307,38.6,1625.07,1432.68,104.75,293.23,736.99,4.46,6,0.2525,0.5004,0.1417,0.126,30.03,48.93,0.434,GRID_300M_14_11,141.9670556354842,7.4,7.4,7.5,7.5,7.6,7.7,37.3,39.5,41.4,45.8,43.5,44.4,20.3,19.3,18.2,16.7,18.1,18.6,42.4,41.1,40.4,37.5,38.5,37.0,15.3,12.2,7.1,6.1,4.3,3.8,1.55,1.57,1.6,1.63,1.65,1.64,31.8,33.0,32.5,32.8,32.8,32.3,16.2,16.1,17.8,17.6,18.8,19.2,29,MB300-0362,3.290944669670293,304.0691,1.4775,64.8021,0.0085,0.7953,0.0239,2.7116,BHV300-0082,91.53609153581307,True,,,,,,,,,,,,,,,,,,4206.939923920696,False,True,1.0,Medium,Historical Open Pit & Active Mining Lease (High Grade),Bharveli Main Shaft & Central Pit,816.5,GRID_BHARVELI_COMB_03_11,101.39966627226406,REAL
MASTER_14_12,14,12,21.843876,80.227318,676.986938,174.78125,1,904,0.09,0.082653,0.103693,0.120531,0.234054,0.274381,0.221471,0.113041,0.129796,0.102873,0.330319,0.256528,0.154221,0.48564,0.039602,0.327431,0.058536,0.32643,-0.38591,-0.449413,0.100885,0.797277,1.193764,1.441056,7.482016,0.520591,-0.431391,-0.328072,-0.105234,0.600342,0.788578,0.905489,6.76283,0.194161,-0.045481,0.121341,-0.206119,-0.196934,-0.405185,-0.535567,-0.158209,0.018934,-0.665267,0.096266,-0.017852,0.518864,0.632,0.37983,0.280973,1,sparse_vegetation,grade_B_blast_furnace_25to44,25-44% Mn (BF + Medium grade),0.333,38.21,1625.07,1432.68,104.75,293.23,736.99,4.46,6,0.2525,0.5004,0.1417,0.126,30.03,48.93,0.434,GRID_300M_14_12,143.69534779688524,7.3,7.4,7.4,7.4,7.5,7.6,38.6,40.6,41.9,46.3,44.4,44.9,20.7,19.7,18.7,17.1,18.7,19.2,40.7,39.7,39.4,36.6,37.0,35.9,15.3,12.9,8.0,6.6,4.5,4.0,1.54,1.55,1.58,1.63,1.65,1.65,32.8,33.8,33.5,33.7,33.6,33.2,19.6,19.9,20.8,23.8,24.9,25.5,29,MB300-0363,5.408643499283761,317.7749,7.4861,285.6956,0.002,3.3785,0.0034,11.3664,BHV300-0083,93.57690660220683,True,,,,,,,,,,,,,,,,,,4208.940816283243,False,True,1.0,Medium,Historical Open Pit & Active Mining Lease (High Grade),Bharveli Main Shaft & Central Pit,761.5,GRID_BHARVELI_COMB_03_12,103.30374849817699,REAL
MASTER_14_13,14,13,21.843935,80.230175,756.657532,151.934662,1,886,0.09,0.081619,0.101217,0.110576,0.227251,0.26784,0.214236,0.106528,0.122312,0.097561,0.320723,0.247726,0.152432,0.239788,0.044194,0.354828,0.060339,0.359022,-0.394872,-0.460225,0.094122,0.780226,1.202524,1.361623,7.422672,0.517929,-0.432511,-0.339145,-0.104156,0.611851,0.814705,0.899181,8.306267,0.158907,-0.037639,0.12108,-0.198279,-0.168375,-0.387818,-0.462443,0.11504,0.016145,0.872751,0.093472,-0.020113,0.505248,0.6169,0.375761,0.138826,1,sparse_vegetation,grade_B_blast_furnace_25to44,25-44% Mn (BF + Medium grade),0.411,38.21,1625.07,1432.68,104.75,293.23,736.99,4.46,6,0.2525,0.5004,0.1417,0.126,30.03,48.93,0.434,GRID_300M_14_13,147.83674902101913,7.2,7.3,7.3,7.3,7.4,7.5,39.7,41.4,42.6,46.6,44.9,45.4,20.3,19.5,18.3,16.8,18.5,18.8,40.0,39.2,39.1,36.6,36.7,35.8,14.6,12.4,8.0,6.4,4.3,3.8,1.53,1.54,1.58,1.63,1.64,1.64,33.5,34.2,34.1,34.3,34.1,34.1,19.9,19.9,20.7,24.0,25.0,26.0,29,MB300-0364,1.8284411160197909,331.3885,4.866,153.5808,0.017,2.2948,0.063,7.6692,BHV300-0084,86.60828850459366,True,,,,,,,,,,,,,,,,,,4213.985816052979,False,True,1.0,Medium,Historical Open Pit & Active Mining Lease (High Grade),Bharveli Main Shaft & Central Pit,820.5,GRID_BHARVELI_COMB_03_13,106.23918367667333,REAL
MASTER_14_14,14,14,21.843973,80.233059,930.912048,135.452713,1,888,0.09,0.101835,0.127917,0.144612,0.256521,0.286735,0.246132,0.133124,0.144545,0.131468,0.275914,0.256328,0.187668,0.211189,0.03556,0.501514,0.068046,0.287612,-0.33728,-0.388844,0.086342,0.848219,1.134977,1.409587,8.637544,0.346782,-0.301842,-0.272191,-0.031762,0.719584,0.952489,0.975758,11.627282,0.05917,0.035438,0.116654,-0.118104,-0.128635,-0.182488,-0.433829,0.290325,0.032486,3.072335,0.019392,-0.030407,0.505882,0.6247,0.378455,0.279279,1,built_up,grade_B_blast_furnace_25to44,25-44% Mn (BF + Medium grade),0.355,38.21,1625.07,1432.68,104.75,293.23,736.99,4.46,6,0.2525,0.5004,0.1417,0.126,30.03,48.93,0.434,GRID_300M_14_14,150.98710008920202,7.2,7.3,7.3,7.3,7.4,7.4,40.5,41.8,43.4,46.9,45.5,45.8,20.0,19.3,18.1,16.8,18.2,18.8,39.5,38.8,38.5,36.2,36.3,35.4,17.6,14.7,10.5,6.9,4.0,3.3,1.52,1.53,1.57,1.63,1.64,1.64,33.6,33.8,33.7,34.0,34.2,34.2,21.2,20.8,21.8,24.8,26.0,27.2,29,MB300-0365,5.0472549530814526,318.5614,3.2793,122.8206,-0.0095,1.58,-0.0325,5.3208,BHV300-0085,83.2956759665982,True,,,,,,,,,,,,,,,,,,4213.520559076456,False,True,0.0,Medium,Historical Open Pit & Active Mining Lease (High Grade),Bharveli Main Shaft & Central Pit,972.9,GRID_BHARVELI_COMB_03_14,108.79307886542225,REAL
MASTER_14_15,14,15,21.843959,80.23596,1161.234985,124.933235,0,900,0.09,0.113927,0.140615,0.157408,0.26987,0.306944,0.26795,0.121355,0.11801,0.101625,0.149587,0.12412,0.085132,0.216908,0.03885,0.485133,0.099861,0.267408,-0.316285,-0.376019,0.093906,0.870872,1.151252,1.383622,7.775109,0.187787,-0.111185,-0.009738,-0.098633,0.675499,0.825602,0.830677,11.043376,-0.079621,0.2051,0.366282,-0.192538,-0.195374,-0.32565,-0.552945,0.268224,0.061011,3.2298,-0.120283,-0.182824,0.502836,0.5871,0.513522,0.125556,1,waterlogged,grade_B_blast_furnace_25to44,25-44% Mn (BF + Medium grade),0.221,38.21,1625.07,1432.68,104.75,293.23,736.99,4.46,6,0.2525,0.5004,0.1417,0.126,30.03,48.93,0.434,GRID_300M_14_15,149.2450265615705,7.4,7.4,7.5,7.4,7.5,7.6,39.0,40.1,41.9,45.8,43.9,45.0,19.9,19.5,18.1,16.8,18.0,18.5,41.0,40.4,40.0,37.4,38.1,36.5,15.4,12.5,8.0,5.6,3.5,2.9,1.52,1.54,1.58,1.64,1.64,1.64,33.5,34.1,34.1,34.3,34.5,34.5,14.9,14.9,15.9,18.7,20.3,20.8,29,MB300-0366,2.960823795078496,310.1205,1.7141,127.2402,-0.0091,0.905,-0.0314,3.0351,BHV300-0086,85.53667602561381,True,,,,,,,,,,,,,,,,,,4213.176214973512,False,True,0.0,Medium,Historical Open Pit & Active Mining Lease (High Grade),Bharveli Main Shaft & Central Pit,1183.1,GRID_BHARVELI_COMB_03_15,107.07559460116134,REAL
MASTER_14_16,14,16,21.843959,80.238877,1418.091675,117.96347,0,900,0.09,0.10498,0.13343,0.149278,0.275403,0.311338,0.266622,0.380599,0.34995,0.318083,0.348701,0.290313,0.233509,0.223007,0.038835,0.416663,0.056078,0.300715,-0.347764,-0.403489,0.09371,0.854548,1.14293,1.419954,7.22353,0.080061,-0.024988,0.067471,-0.09236,0.776931,0.835897,0.834397,11.242746,-0.220653,0.322776,0.47096,-0.18607,-0.077617,-0.307033,-0.585557,0.193656,0.017243,3.985408,0.073298,-0.021025,0.506228,0.6011,0.555665,0.054444,0,waterlogged,grade_B_blast_furnace_25to44,25-44% Mn (BF + Medium grade),0.315,38.41,1625.07,1432.68,104.75,293.23,736.99,4.46,6,0.2525,0.5004,0.1417,0.126,30.03,48.93,0.434,GRID_300M_14_16,149.54761451334744,7.3,7.4,7.4,7.4,7.4,7.5,39.9,40.9,42.0,45.6,44.0,45.2,19.2,18.7,17.9,16.9,18.2,18.9,40.8,40.3,40.2,37.5,37.8,35.9,16.0,13.2,8.5,5.3,3.5,2.9,1.52,1.53,1.57,1.63,1.64,1.64,34.0,34.3,34.2,34.5,34.5,34.6,15.6,16.2,18.0,21.5,22.8,23.8,29,MB300-0367,1.1365469554439187,308.2133,2.145,174.5411,-0.0035,1.0796,-0.0129,3.6442,BHV300-0087,87.65331832606343,True,,,,,,,,,,,,,,,,,,4212.731435484164,False,True,0.0,Low,Historical Open Pit & Active Mining Lease (High Grade),Bharveli Main Shaft & Central Pit,1425.8,GRID_BHARVELI_COMB_03_16,107.44663653113112,REAL
MASTER_14_17,14,17,21.843959,80.241791,1689.132935,113.183372,0,896,0.09,0.096888,0.127576,0.151194,0.272426,0.345513,0.27971,0.806639,0.723634,0.66508,0.659845,0.519952,0.422323,0.113329,0.025104,0.218757,0.048381,0.291863,-0.36281,-0.460706,0.143931,0.80808,1.274196,1.550684,6.751324,0.010301,0.035306,0.151425,-0.106838,0.806532,0.791558,0.821177,6.77985,-0.281562,0.398115,0.612131,-0.250769,-0.001548,-0.482638,-0.729507,0.105428,0.023278,0.07436,0.387419,0.17444,0.548005,0.6494,0.619719,0.015625,0,water_body,grade_B_blast_furnace_25to44,25-44% Mn (BF + Medium grade),0.318,38.41,1625.07,1432.68,104.75,293.23,736.99,4.46,6,0.2525,0.5004,0.1417,0.126,30.03,48.93,0.434,GRID_300M_14_17,149.7522081296503,7.3,7.3,7.4,7.4,7.5,7.5,39.1,40.4,42.0,45.2,43.6,44.6,19.9,19.3,18.2,16.9,18.1,18.6,41.0,40.3,39.8,37.9,38.4,36.8,16.4,13.7,8.3,5.2,3.6,2.8,1.52,1.54,1.58,1.63,1.64,1.64,33.7,34.2,34.1,34.3,34.4,34.5,14.3,14.6,16.5,19.4,20.9,21.6,29,MB300-0368,1.5584799996577203,305.3696,2.8442,126.1753,0.0042,1.4458,0.0154,5.0475,BHV300-0088,89.49330221506747,True,,,,,,,,,,,,,,,,,,4212.731435484155,False,True,0.0,Low,Historical Open Pit & Active Mining Lease (High Grade),Bharveli Main Shaft & Central Pit,1687.1,GRID_BHARVELI_COMB_03_17,107.72824143742355,REAL
MASTER_14_18,14,18,21.843957,80.244712,1969.359009,109.742516,0,898,0.09,0.112599,0.140322,0.168076,0.265675,0.363525,0.314311,0.501632,0.460782,0.4131,0.513821,0.415456,0.329351,0.178401,0.040781,0.357076,0.043311,0.240615,-0.32202,-0.450115,0.163674,0.848429,1.367226,1.524111,6.995307,0.185171,-0.118899,-0.013171,-0.108098,0.758053,0.806314,0.828149,9.655071,-0.055444,0.203121,0.436945,-0.271772,-0.090376,-0.560912,-0.695963,0.178675,0.00253,2.598633,0.248146,0.051931,0.550221,0.7091,0.541534,0.111359,1,water_body,grade_B_blast_furnace_25to44,25-44% Mn (BF + Medium grade),0.256,38.41,1625.07,1432.68,104.75,293.23,736.99,4.46,6,0.2525,0.5004,0.1417,0.126,30.03,48.93,0.434,GRID_300M_14_18,149.99394394607853,7.3,7.3,7.4,7.4,7.5,7.6,37.4,38.8,41.1,45.1,43.5,44.8,20.1,19.5,17.8,16.3,17.2,17.7,42.5,41.7,41.1,38.5,39.3,37.4,15.9,12.1,8.4,5.3,3.5,2.8,1.51,1.53,1.58,1.63,1.64,1.64,33.3,33.8,33.8,34.0,34.2,34.1,13.7,14.1,16.4,17.8,17.8,17.9,29,MB300-0369,3.725676191545481,,,,,,,,,363.30981701161977,False,,,,,,,,,,,,,,,,,,4212.507319324339,False,True,0.0,Low,Historical Open Pit & Active Mining Lease (High Grade),Bharveli Main Shaft & Central Pit,1959.5,GRID_BHARVELI_COMB_03_18,108.10291184841776,REAL
MASTER_14_19,14,19,21.843975,80.247634,2254.444824,107.109459,0,900,0.09,0.109814,0.14434,0.180084,0.29454,0.386095,0.307744,0.130337,0.149653,0.117444,0.30961,0.232501,0.137059,0.089816,0.017509,0.137541,0.029908,0.251622,-0.344786,-0.458961,0.161443,0.792822,1.325286,1.613261,9.171491,0.467106,-0.363141,-0.228013,-0.115783,0.576892,0.75024,0.937259,7.773495,0.215484,-0.018355,0.230949,-0.277226,-0.21593,-0.575046,-0.676001,0.047725,0.012399,-1.320163,0.01507,-0.153594,0.569831,0.6233,0.441453,0.408889,1,built_up,grade_B_blast_furnace_25to44,25-44% Mn (BF + Medium grade),0.277,39.16,1625.07,1432.68,104.75,293.23,736.99,4.46,6,0.2525,0.5004,0.1417,0.126,30.03,48.93,0.434,GRID_300M_14_19,152.33630338726928,7.3,7.3,7.3,7.4,7.5,7.6,37.6,38.9,40.9,44.8,43.1,44.2,19.7,19.2,17.5,16.3,17.3,17.7,42.6,42.0,41.5,38.9,39.6,38.1,15.9,12.0,8.1,5.3,3.5,2.8,1.51,1.52,1.56,1.62,1.64,1.64,32.9,33.4,33.5,33.7,33.8,33.6,13.0,13.5,16.2,17.6,17.9,18.4,29,MB300-0370,4.663976083726847,,,,,,,,,661.7961808850305,False,,,,,,,,,,,,,,,,,,4215.06476336777,False,True,0.0,Low,Historical Open Pit & Active Mining Lease (High Grade),Bharveli Main Shaft & Central Pit,2238.9,GRID_BHARVELI_COMB_03_19,110.55058590817237,REAL
MASTER_14_20,14,20,21.84404,80.250512,2537.44458,104.98349,0,867,0.09,0.126716,0.164701,0.210825,0.315623,0.43822,0.360706,0.089679,0.11985,0.093735,0.275074,0.233355,0.136444,0.069634,0.01448,0.114385,0.01759,0.200076,-0.314807,-0.454603,0.190032,0.823461,1.393626,1.662805,7.63047,0.489624,-0.390654,-0.320411,-0.054055,0.584695,0.852319,1.041415,12.028918,0.289548,-0.075847,0.134192,-0.244087,-0.238766,-0.541308,-0.62139,0.044751,0.003111,4.369607,-0.040549,-0.204864,0.585826,0.6212,0.390725,0.648212,1,sparse_vegetation,grade_B_blast_furnace_25to44,25-44% Mn (BF + Medium grade),0.192,39.16,1625.07,1432.68,104.75,293.23,736.99,4.46,6,0.2525,0.5004,0.1417,0.126,30.03,48.93,0.434,GRID_300M_15_20,158.05133823413158,7.3,7.3,7.3,7.4,7.5,7.6,37.0,38.3,40.6,44.5,42.9,44.1,19.5,19.0,17.4,16.2,17.3,17.7,43.5,42.6,42.0,39.3,39.8,38.2,15.6,11.4,7.9,5.4,3.5,2.9,1.52,1.53,1.57,1.62,1.64,1.64,32.9,33.4,33.5,33.5,33.5,33.4,13.3,13.6,16.0,17.0,17.1,17.6,29,MB300-0371,3.2513301820891627,,,,,,,,,957.5357060948306,False,,,,,,,,,,,,,,,,,,4219.308035828516,False,True,0.0,Very Low,Historical Open Pit & Active Mining Lease (High Grade),Bharveli Main Shaft & Central Pit,2523.1,GRID_BHARVELI_COMB_03_20,115.60541088929291,REAL
MASTER_14_21,14,21,21.844055,80.253377,2823.263672,103.401131,0,881,0.09,0.116446,0.15146,0.185123,0.305328,0.399385,0.326954,0.08521,0.114726,0.091132,0.267198,0.231393,0.137382,0.070846,0.014678,0.134618,0.022655,0.259039,-0.341955,-0.449226,0.152189,0.81039,1.302333,1.565333,7.868613,0.490327,-0.39764,-0.335672,-0.044808,0.592521,0.867794,1.066132,10.976003,0.231288,-0.055685,0.113554,-0.196997,-0.217869,-0.434539,-0.499201,0.063772,0.007977,3.080713,-0.03813,-0.167992,0.556431,0.623,0.374608,0.446084,1,sparse_vegetation,grade_B_blast_furnace_25to44,25-44% Mn (BF + Medium grade),0.154,39.16,1625.07,1432.68,104.75,293.23,736.99,4.46,6,0.2525,0.5004,0.1417,0.126,30.03,48.93,0.434,GRID_300M_15_21,155.12353547464568,7.3,7.3,7.4,7.4,7.5,7.6,36.8,38.5,41.0,45.3,43.6,44.8,19.6,19.0,17.3,15.9,17.1,17.7,43.5,42.5,41.7,38.8,39.3,37.6,15.3,10.6,7.7,5.5,3.5,2.8,1.53,1.54,1.59,1.62,1.63,1.63,32.1,32.7,32.8,32.7,32.7,32.7,14.3,14.4,16.7,17.7,17.2,17.5,29,MB300-0372,4.199815378272222,,,,,,,,,1252.9983472808137,False,,,,,,,,,,,,,,,,,,4217.076400613374,False,True,0.0,Very Low,Historical Open Pit & Active Mining Lease (High Grade),Bharveli Main Shaft & Central Pit,2810.6,GRID_BHARVELI_COMB_03_21,115.30737058085903,REAL
MASTER_14_22,14,22,21.844046,80.256276,3114.780518,102.146599,0,888,0.09,0.113426,0.147357,0.181162,0.292838,0.392464,0.32499,0.08455,0.116201,0.089768,0.284474,0.238814,0.139219,0.066167,0.016233,0.113012,0.02172,0.244797,-0.334107,-0.453209,0.164307,0.820355,1.335727,1.58395,6.663914,0.518035,-0.417667,-0.343911,-0.058194,0.582435,0.842354,1.057595,10.467876,0.273238,-0.08356,0.109297,-0.222502,-0.237919,-0.493373,-0.526355,0.046846,0.005488,3.752688,-0.008364,-0.15365,0.562518,0.6183,0.37567,0.518018,1,sparse_vegetation,grade_B_blast_furnace_25to44,25-44% Mn (BF + Medium grade),0.177,38.01,1625.07,1432.68,104.75,293.23,736.99,4.46,6,0.2525,0.5004,0.1417,0.126,30.03,48.93,0.434,GRID_300M_15_22,155.81830005495868,7.3,7.3,7.4,7.5,7.5,7.6,36.9,38.8,41.0,45.2,43.6,44.8,19.5,18.8,17.4,15.9,17.1,17.5,43.6,42.4,41.6,38.9,39.2,37.6,15.5,10.5,7.8,5.5,3.5,2.8,1.53,1.54,1.58,1.62,1.63,1.63,32.4,33.1,33.1,33.0,33.0,33.1,14.2,14.1,16.7,18.3,17.7,18.4,29,MB300-0373,3.0960191653063958,,,,,,,,,1552.2889447759874,False,,,,,,,,,,,,,,,,,,4217.850132306115,False,True,0.0,Very Low,Historical Open Pit & Active Mining Lease (High Grade),Bharveli Main Shaft & Central Pit,3100.4,GRID_BHARVELI_COMB_03_22,114.02692240225818,REAL
MASTER_14_23,14,23,21.844038,80.259199,3409.899414,101.095009,0,886,0.09,0.10094,0.132041,0.150422,0.278829,0.320728,0.259666,0.085207,0.116789,0.0893,0.279081,0.222054,0.130724,0.07748,0.021656,0.109528,0.018586,0.322278,-0.366207,-0.408026,0.083429,0.781891,1.137464,1.451258,5.556842,0.51237,-0.407157,-0.304082,-0.0802,0.587409,0.795916,1.043897,11.23347,0.190093,-0.04095,0.103943,-0.16363,-0.194482,-0.341548,-0.40736,0.032048,-0.00307,5.683183,0.000252,-0.098675,0.518542,0.5993,0.374731,0.345372,1,sparse_vegetation,grade_B_blast_furnace_25to44,25-44% Mn (BF + Medium grade),0.188,38.01,1625.07,1432.68,104.75,293.23,736.99,4.46,6,0.2525,0.5004,0.1417,0.126,30.03,48.93,0.434,GRID_300M_14_23,156.7648241924889,7.4,7.4,7.4,7.5,7.6,7.6,37.2,39.2,41.5,45.1,43.6,44.7,19.2,18.4,17.1,15.9,17.1,17.5,43.6,42.4,41.5,39.0,39.3,37.8,15.9,10.9,7.7,5.4,3.5,2.8,1.53,1.54,1.59,1.62,1.63,1.64,32.0,32.7,32.8,32.8,32.8,32.8,13.9,14.0,16.4,17.8,17.0,16.9,29,MB300-0374,1.8148216827153159,,,,,,,,,1854.1326807526048,False,,,,,,,,,,,,,,,,,,4216.517269335025,False,True,0.0,Very Low,Historical Open Pit & Active Mining Lease (High Grade),Bharveli Main Shaft & Central Pit,3392.0,GRID_BHARVELI_COMB_03_23,113.7629417080683,REAL
MASTER_14_24,14,24,21.844045,80.26177,3670.102295,100.287117,0,685,0.09,0.08417,0.112042,0.121114,0.263323,0.272273,0.19925,0.083109,0.113887,0.087332,0.27625,0.217859,0.128521,0.09799,0.026661,0.124175,0.021751,0.380364,-0.407191,-0.411687,0.050604,0.716489,1.027575,1.41966,5.165193,0.516089,-0.412739,-0.311706,-0.081433,0.589445,0.79436,1.046026,9.162794,0.135725,-0.005548,0.09998,-0.132037,-0.127044,-0.233215,-0.373634,0.026185,-0.004911,3.982623,0.012926,-0.054414,0.508582,0.5809,0.366835,0.084672,0,sparse_vegetation,grade_B_blast_furnace_25to44,25-44% Mn (BF + Medium grade),0.17,38.01,1625.07,1432.68,104.75,293.23,736.99,4.46,6,0.2525,0.5004,0.1417,0.126,30.03,48.93,0.434,GRID_300M_15_24,149.98480301566923,7.3,7.4,7.4,7.4,7.5,7.6,38.0,39.8,41.9,45.7,43.9,44.8,19.9,19.2,17.9,16.6,17.8,18.2,42.1,41.1,40.1,37.8,38.3,36.9,15.7,11.5,7.7,5.3,3.6,2.8,1.53,1.54,1.59,1.62,1.63,1.64,31.7,32.4,32.6,32.5,32.6,32.4,14.0,14.3,16.6,17.5,17.2,16.6,29,MB300-0375,35.3032295699529,,,,,,,,,2119.621066612342,False,,,,,,,,,,,,,,,,,,4217.037152055232,False,True,0.0,Very Low,Historical Open Pit & Active Mining Lease (High Grade),Bharveli Main Shaft & Central Pit,3685.0,GRID_BHARVELI_COMB_03_24,105.87601938455133,REAL
MASTER_15_00,15,0,21.846476,80.192849,3510.861816,263.693573,0,615,0.09,0.096941,0.124032,0.153951,0.250884,0.287119,0.215543,0.089335,0.105871,0.078934,0.209016,0.132858,0.072631,0.100851,0.016736,0.107618,0.016476,0.243183,-0.336762,-0.396505,0.11449,0.747764,1.163512,1.570027,10.203903,0.448353,-0.323209,-0.092896,-0.175499,0.543227,0.628818,0.880965,11.198819,0.20517,0.013554,0.303609,-0.289989,-0.204537,-0.534694,-0.689062,0.006767,-0.00026,1.026337,-0.041868,-0.154261,0.559117,0.623,0.493698,0.304065,1,built_up,grade_B_blast_furnace_25to44,25-44% Mn (BF + Medium grade),0.232,39.11,1625.07,1432.68,104.75,293.23,736.99,4.46,6,0.2525,0.5004,0.1417,0.126,30.03,48.93,0.434,GRID_300M_15_00,157.71504612703882,7.5,7.5,7.6,7.7,7.7,7.8,41.5,43.2,45.4,46.9,45.3,45.7,17.9,17.5,16.2,15.4,16.6,17.4,40.6,39.3,38.5,37.7,38.0,37.0,16.0,9.6,6.1,4.8,3.1,2.4,1.53,1.57,1.61,1.62,1.63,1.62,31.6,32.1,32.1,32.5,32.3,32.3,6.2,5.6,5.8,7.3,7.5,9.4,29,MB300-0376,43.911703818174196,,,,,,,,,2002.850722234183,False,,,,,,,,,,,,,,,,,,4224.379856196844,False,True,0.0,Medium,No Mining History (Barren Country Rock Control),Bharveli West Footwall Baseline,567.8,GRID_BHARVELI_COMB_04_00,126.27410738422334,REAL
MASTER_15_01,15,1,21.846481,80.195319,3257.916504,263.212128,0,880,0.09,0.095314,0.126457,0.154384,0.274399,0.291563,0.212274,0.075675,0.086523,0.06183,0.158215,0.082081,0.042508,0.101829,0.022996,0.144016,0.017949,0.290382,-0.369943,-0.392089,0.084123,0.721425,1.068696,1.589721,7.739618,0.428582,-0.280982,0.043141,-0.241213,0.514241,0.514899,0.811707,14.018117,0.1382,0.088961,0.435229,-0.325335,-0.207184,-0.553798,-0.778014,0.042187,-0.005046,6.145714,-0.116184,-0.209481,0.55162,0.6369,0.563587,0.131818,1,waterlogged,grade_B_blast_furnace_25to44,25-44% Mn (BF + Medium grade),0.268,39.51,1625.07,1432.68,104.75,293.23,736.99,4.46,6,0.2525,0.5004,0.1417,0.126,30.03,48.93,0.434,GRID_300M_15_01,133.79726503654595,7.5,7.5,7.6,7.6,7.7,7.8,40.6,42.1,45.0,46.8,45.0,46.0,18.1,17.8,16.2,15.4,16.6,17.1,41.3,40.1,38.8,37.8,38.3,36.9,14.6,9.8,6.3,4.8,3.4,2.7,1.55,1.57,1.61,1.62,1.63,1.63,31.2,31.7,31.7,32.2,32.0,32.0,6.5,5.9,5.8,7.1,7.0,8.9,29,MB300-0377,2.209020590070789,,,,,,,,,1747.837999202978,False,,,,,,,,,,,,,,,,,,4222.5264965475835,False,True,0.0,Medium,No Mining History (Barren Country Rock Control),Bharveli West Footwall Baseline,467.6,GRID_BHARVELI_COMB_04_01,94.39662263299678,REAL
MASTER_15_02,15,2,21.846468,80.198225,2961.034668,262.499817,0,877,0.09,0.099126,0.128122,0.158685,0.262057,0.294487,0.216867,0.062676,0.069995,0.049697,0.110255,0.055155,0.028918,0.098345,0.018143,0.106743,0.016146,0.252279,-0.342345,-0.389353,0.105,0.730485,1.130885,1.580304,8.70467,0.372459,-0.216009,0.125652,-0.245463,0.524669,0.502032,0.791021,10.355279,0.120179,0.126336,0.515006,-0.350463,-0.205816,-0.628852,-0.789284,0.008398,-0.001997,1.746309,-0.151803,-0.239332,0.559665,0.6354,0.606596,0.013683,0,water_body,grade_B_blast_furnace_25to44,25-44% Mn (BF + Medium grade),0.294,39.51,1625.07,1432.68,104.75,293.23,736.99,4.46,6,0.2525,0.5004,0.1417,0.126,30.03,48.93,0.434,GRID_300M_15_02,132.39677320102808,7.5,7.5,7.6,7.6,7.8,7.8,39.7,41.3,43.8,46.3,44.6,45.3,18.6,18.1,16.7,15.7,17.0,17.4,41.7,40.5,39.5,38.0,38.4,37.3,14.3,9.6,6.2,4.7,3.4,4.0,1.54,1.56,1.6,1.62,1.63,1.63,31.3,31.9,31.9,32.4,32.2,32.2,6.6,5.9,5.9,6.9,6.6,8.2,29,MB300-0378,1.1781691608484988,,,,,,,,,1448.0106501773873,False,,,,,,,,,,,,,,,,,,4221.309634140982,False,True,0.0,Medium,No Mining History (Barren Country Rock Control),Bharveli West Footwall Baseline,543.1,GRID_BHARVELI_COMB_04_02,93.10971128724546,REAL
MASTER_15_03,15,3,21.846485,80.201172,2660.030518,261.685364,0,874,0.09,0.089404,0.113909,0.130955,0.229781,0.248898,0.182526,0.068265,0.074545,0.056756,0.109946,0.064507,0.036483,0.108566,0.025491,0.08785,0.015719,0.278816,-0.336497,-0.366467,0.078353,0.723066,1.098597,1.450085,8.165351,0.316323,-0.186409,0.087147,-0.192644,0.559068,0.578179,0.845901,10.006176,0.037507,0.150088,0.453614,-0.270996,-0.163997,-0.520417,-0.604184,-0.020717,-0.009772,1.854684,-0.119835,-0.184391,0.53275,0.6033,0.569966,0.037757,0,waterlogged,grade_B_blast_furnace_25to44,25-44% Mn (BF + Medium grade),0.187,39.51,1625.07,1432.68,104.75,293.23,736.99,4.46,6,0.2525,0.5004,0.1417,0.126,30.03,48.93,0.434,GRID_300M_15_03,135.7933460944082,7.5,7.5,7.6,7.6,7.7,7.8,38.9,40.6,43.5,45.9,44.2,45.1,19.1,18.4,16.8,15.9,17.3,17.4,42.1,41.0,39.7,38.2,38.5,37.6,14.5,9.5,6.2,4.8,3.5,3.1,1.54,1.56,1.6,1.62,1.63,1.62,31.3,32.3,32.0,32.4,32.3,31.8,6.2,5.4,5.5,6.5,6.1,7.7,29,MB300-0379,3.9826600002051786,,,,,,,,,1143.9548736742279,False,,,,,,,,,,,,,,,,,,4223.075118539304,False,True,0.0,Medium,No Mining History (Barren Country Rock Control),Bharveli West Footwall Baseline,742.5,GRID_BHARVELI_COMB_04_03,96.99294039150533,REAL
MASTER_15_04,15,4,21.846494,80.204064,2365.419678,260.666809,0,868,0.09,0.080826,0.10684,0.115363,0.244315,0.229332,0.157716,0.151881,0.138299,0.109106,0.168607,0.10729,0.074103,0.132915,0.031461,0.113405,0.017178,0.359047,-0.388649,-0.362384,0.026014,0.682667,0.953603,1.415455,6.074898,0.290169,-0.157716,0.08564,-0.198864,0.656783,0.622928,0.767512,12.436264,-0.068878,0.230932,0.448024,-0.224878,-0.025884,-0.330675,-0.647943,-0.01951,-0.014283,6.277174,-0.075708,-0.122043,0.509894,0.5959,0.560852,0.011521,0,waterlogged,grade_B_blast_furnace_25to44,25-44% Mn (BF + Medium grade),0.366,39.6,1625.07,1432.68,104.75,293.23,736.99,4.46,6,0.2525,0.5004,0.1417,0.126,30.03,48.93,0.434,GRID_300M_15_04,135.9813544737316,7.5,7.5,7.6,7.6,7.7,7.8,38.9,40.6,43.7,46.3,44.2,45.1,19.2,18.5,16.8,15.8,17.5,17.6,41.9,40.8,39.5,37.8,38.4,37.3,14.7,9.3,6.4,5.3,3.6,2.8,1.54,1.55,1.6,1.62,1.62,1.62,31.0,32.2,32.0,32.2,32.1,31.5,5.9,5.0,5.6,6.6,6.5,8.1,29,MB300-0380,3.0466226722856637,,,,,,,,,845.9582203329982,False,,,,,,,,,,,,,,,,,,4221.066187611941,False,True,0.0,Medium,No Mining History (Barren Country Rock Control),Bharveli West Footwall Baseline,993.8,GRID_BHARVELI_COMB_04_04,96.78873968618521,REAL
MASTER_15_05,15,5,21.846492,80.206958,2071.811279,259.323792,0,853,0.09,0.077212,0.102443,0.110502,0.234486,0.222473,0.152992,0.489056,0.448214,0.404428,0.444781,0.36499,0.312162,0.146309,0.041961,0.085817,0.013647,0.360592,-0.390181,-0.365891,0.028667,0.682592,0.960761,1.420398,5.411156,0.062369,-0.008842,0.088346,-0.094338,0.854615,0.829343,0.841548,11.550505,-0.298223,0.381338,0.454237,-0.123005,0.172023,-0.131418,-0.57885,-0.060491,-0.028314,6.075098,0.210295,0.142518,0.511135,0.6141,0.546505,0.005862,0,water_body,grade_B_blast_furnace_25to44,25-44% Mn (BF + Medium grade),0.337,39.6,1625.07,1432.68,104.75,293.23,736.99,4.46,6,0.2525,0.5004,0.1417,0.126,30.03,48.93,0.434,GRID_300M_15_05,135.16880653948056,7.5,7.5,7.6,7.6,7.7,7.8,38.6,40.2,42.9,46.0,43.8,44.4,19.0,18.3,16.8,15.9,17.5,17.7,42.5,41.4,40.2,38.1,38.8,37.9,14.9,9.4,6.7,5.5,3.7,2.9,1.54,1.56,1.6,1.62,1.62,1.62,31.1,32.2,32.1,32.4,32.2,31.7,6.2,5.4,6.4,7.2,7.0,8.4,29,MB300-0381,3.5345074804912415,,,,,,,,,548.809495912648,False,,,,,,,,,,,,,,,,,,4218.979596555869,False,True,0.0,Low,No Mining History (Barren Country Rock Control),Bharveli West Footwall Baseline,1266.4,GRID_BHARVELI_COMB_04_05,95.69019550704901,REAL
MASTER_15_06,15,6,21.846571,80.209809,1782.227295,257.852509,0,875,0.09,0.084088,0.110815,0.126312,0.239908,0.246346,0.176008,0.449105,0.400833,0.354566,0.375245,0.288502,0.225301,0.167275,0.043545,0.074627,0.017087,0.310906,-0.366853,-0.37585,0.065804,0.70811,1.038159,1.498597,6.128351,0.070941,0.001706,0.135873,-0.127529,0.764499,0.775178,0.797196,7.548307,-0.239965,0.368558,0.511723,-0.193333,0.056389,-0.262981,-0.7014,-0.092648,-0.026458,1.406296,0.135336,0.042156,0.533876,0.6018,0.582946,0.006857,0,water_body,grade_B_blast_furnace_25to44,25-44% Mn (BF + Medium grade),0.289,39.6,1625.07,1432.68,104.75,293.23,736.99,4.46,6,0.2525,0.5004,0.1417,0.126,30.03,48.93,0.434,GRID_300M_15_06,140.98423322036197,7.5,7.5,7.6,7.6,7.7,7.8,37.5,39.4,41.5,44.8,42.7,43.3,19.3,18.5,17.3,16.3,17.9,18.1,43.3,42.1,41.1,38.8,39.5,38.6,16.6,9.8,6.3,5.3,3.5,2.8,1.54,1.56,1.6,1.61,1.62,1.62,30.2,31.3,31.3,31.6,31.4,31.0,6.7,6.2,7.2,8.6,8.6,10.1,29,MB300-0382,5.498651187675262,,,,,,,,,257.8094449818952,False,,,,,,,,,,,,,,,,,,4236.421752187381,False,True,0.0,Low,No Mining History (Barren Country Rock Control),Bharveli West Footwall Baseline,1549.2,GRID_BHARVELI_COMB_04_06,99.83059763562486,REAL
MASTER_15_07,15,7,21.846567,80.212724,1490.067749,255.404388,0,897,0.09,0.078592,0.102769,0.113815,0.230055,0.236627,0.166536,1.034175,0.914553,0.837183,0.769826,0.568118,0.443888,0.165135,0.0478,0.154261,0.024095,0.339879,-0.381338,-0.392661,0.060045,0.699673,1.035441,1.439628,4.706493,-0.039905,0.084666,0.231563,-0.124399,0.781604,0.740844,0.809886,10.240119,-0.379784,0.466004,0.624224,-0.184444,0.081932,-0.294597,-0.629741,-0.010873,-0.023706,5.502001,0.53977,0.33149,0.521996,0.6139,0.631363,0.0,0,water_body,non_ore,Background,0.26,39.62,1625.07,1432.68,104.75,293.23,736.99,4.46,6,0.2525,0.5004,0.1417,0.126,30.03,48.93,0.434,GRID_300M_15_07,140.7932122671935,7.5,7.5,7.6,7.6,7.7,7.7,37.1,39.3,41.4,44.7,42.7,43.5,19.2,18.2,17.2,16.1,17.7,17.9,43.6,42.5,41.4,39.1,39.6,38.6,16.1,9.8,6.1,5.3,3.4,2.7,1.54,1.56,1.6,1.61,1.62,1.62,29.7,30.8,30.9,31.1,31.0,31.0,7.0,6.8,7.6,8.8,8.9,10.3,29,MB300-0383,3.1817939725371627,304.233,0.4842,234.3671,-0.0049,0.2539,-0.0161,0.8616,BHV300-0067,85.10804043536604,True,,,,,,,,,,,,,,,,,,4265.885504653042,False,True,0.0,Low,Historical Open Pit & Active Mining Lease (High Grade),Bharveli Main Shaft & Central Pit,1564.2,GRID_BHARVELI_COMB_04_07,99.7622903114165,REAL
MASTER_15_08,15,8,21.846572,80.215637,1201.819092,251.820984,0,894,0.09,0.090804,0.119454,0.139276,0.260295,0.278499,0.201976,1.196929,1.066788,0.986251,0.891414,0.653725,0.509292,0.177106,0.044889,0.143044,0.024593,0.313399,-0.373253,-0.395278,0.077373,0.715845,1.063934,1.512887,5.326181,-0.050453,0.089686,0.239999,-0.120311,0.779312,0.734021,0.824045,9.319371,-0.363851,0.462939,0.635277,-0.197684,0.063468,-0.329913,-0.688841,-0.034063,-0.020295,3.964965,0.631119,0.375226,0.537248,0.6287,0.638169,0.0,0,water_body,non_ore,Background,0.314,39.62,1625.07,1432.68,104.75,293.23,736.99,4.46,6,0.2525,0.5004,0.1417,0.126,30.03,48.93,0.434,GRID_300M_15_08,141.49994831236103,7.5,7.5,7.6,7.6,7.7,7.8,37.7,39.6,41.2,44.7,42.9,43.9,19.0,18.1,17.1,16.1,17.7,17.6,43.3,42.3,41.7,39.2,39.3,38.4,15.0,10.0,6.3,5.5,3.3,3.2,1.55,1.57,1.61,1.62,1.63,1.63,30.3,30.9,31.0,31.1,31.0,31.0,7.8,7.5,8.2,9.5,9.5,11.3,29,MB300-0384,1.742620260525296,304.8217,0.4054,149.3533,0.0097,0.2627,0.0328,0.9021,BHV300-0068,86.46973433991313,True,,,,,,,,,,,,,,,,,,4317.154567225282,False,True,0.0,Low,Historical Open Pit & Active Mining Lease (High Grade),Bharveli Main Shaft & Central Pit,1280.6,GRID_BHARVELI_COMB_04_08,100.50496439784841,REAL
MASTER_15_09,15,9,21.84657,80.218559,920.73822,245.954391,1,899,0.09,0.098548,0.130384,0.156699,0.28531,0.309556,0.227237,0.81321,0.717174,0.642487,0.655029,0.498638,0.392781,0.141592,0.034293,0.180009,0.026755,0.29696,-0.372804,-0.405768,0.092249,0.729541,1.089678,1.574647,5.820149,0.020902,0.037379,0.171537,-0.127272,0.785923,0.762606,0.785206,10.200543,-0.276058,0.410184,0.577305,-0.21952,0.056382,-0.327072,-0.789441,0.038417,-0.007539,4.357859,0.369719,0.189082,0.54941,0.6264,0.611354,0.0,0,water_body,non_ore,Background,0.31,39.62,1625.07,1432.68,104.75,293.23,736.99,4.46,6,0.2525,0.5004,0.1417,0.126,30.03,48.93,0.434,GRID_300M_15_09,141.82910154241458,7.4,7.5,7.5,7.6,7.7,7.8,37.5,39.5,40.9,44.4,42.7,43.8,19.5,18.5,17.5,16.5,17.9,17.9,43.1,42.0,41.6,39.2,39.4,38.3,13.5,10.3,6.5,5.5,3.5,3.6,1.56,1.58,1.61,1.63,1.64,1.64,30.9,31.5,31.2,31.1,31.2,31.0,9.6,8.7,9.6,12.0,12.1,14.6,29,MB300-0385,0.9126360001207496,304.6357,0.3706,201.3191,-0.0103,0.2227,-0.0345,0.76,BHV300-0069,89.08220868678991,True,,,,,,,,,,,,,,,,,,4388.011025169511,False,True,0.0,Medium,Historical Open Pit & Active Mining Lease (High Grade),Bharveli Main Shaft & Central Pit,1006.6,GRID_BHARVELI_COMB_04_09,101.0108423406184,REAL
MASTER_15_10,15,10,21.846575,80.221472,657.824829,235.283615,1,893,0.09,0.093015,0.125012,0.148822,0.28378,0.299053,0.215549,0.217869,0.205976,0.163941,0.304882,0.203671,0.130269,0.14541,0.039482,0.154182,0.027416,0.316699,-0.388349,-0.408265,0.081721,0.717337,1.057701,1.587856,5.371752,0.360151,-0.243353,-0.034523,-0.187575,0.60567,0.651875,0.764201,8.814578,0.043452,0.144996,0.373742,-0.269296,-0.111667,-0.405826,-0.823655,0.008772,-0.012066,3.412945,0.021102,-0.095381,0.547836,0.6306,0.521047,0.113102,1,waterlogged,grade_B_blast_furnace_25to44,25-44% Mn (BF + Medium grade),0.318,38.6,1625.07,1432.68,104.75,293.23,736.99,4.46,6,0.2525,0.5004,0.1417,0.126,30.03,48.93,0.434,GRID_300M_15_10,142.53912063456204,7.4,7.5,7.5,7.6,7.7,7.7,36.5,38.7,40.0,44.3,42.4,43.5,20.4,19.3,18.4,16.7,18.1,18.3,43.1,42.0,41.6,39.0,39.4,38.1,13.8,10.4,6.6,5.1,3.5,2.7,1.55,1.57,1.61,1.63,1.64,1.64,31.3,32.2,31.9,32.0,32.1,31.7,12.3,11.7,13.9,15.5,16.4,17.7,29,MB300-0386,2.2758514632508953,305.1166,0.5445,178.4399,-0.0028,0.3812,-0.011,1.2848,BHV300-0070,90.50865259157887,True,,,,,,,,,,,,,,,,,,4478.570871603287,False,True,1.0,Medium,Historical Open Pit & Active Mining Lease (High Grade),Bharveli Main Shaft & Central Pit,752.7,GRID_BHARVELI_COMB_04_10,101.70147053583243,REAL
MASTER_15_11,15,11,21.846573,80.224387,445.320679,212.669312,1,897,0.09,0.08742,0.118845,0.14002,0.286037,0.300572,0.219676,0.108156,0.120985,0.095673,0.246361,0.181618,0.104484,0.158405,0.033491,0.212001,0.035049,0.348798,-0.412094,-0.434109,0.078646,0.728053,1.063806,1.575708,7.485246,0.430107,-0.330962,-0.193281,-0.121249,0.57396,0.750012,0.885703,10.020428,0.081309,0.081132,0.240828,-0.199894,-0.154093,-0.313794,-0.690004,0.053597,0.001557,2.540551,-0.039675,-0.118954,0.539425,0.6302,0.439827,0.178372,1,sparse_vegetation,grade_B_blast_furnace_25to44,25-44% Mn (BF + Medium grade),0.33,38.6,1625.07,1432.68,104.75,293.23,736.99,4.46,6,0.2525,0.5004,0.1417,0.126,30.03,48.93,0.434,GRID_300M_15_11,142.56809521991687,7.4,7.5,7.5,7.6,7.7,7.7,36.6,38.8,40.4,44.8,42.9,43.8,20.7,19.6,18.6,16.8,18.3,18.5,42.7,41.5,41.0,38.4,38.9,37.6,14.1,10.9,6.8,5.1,3.5,2.8,1.55,1.57,1.6,1.63,1.64,1.64,31.7,32.6,32.3,32.6,32.6,32.1,14.0,13.7,16.2,17.5,18.5,19.4,29,MB300-0387,4.404533057854385,304.4537,1.1383,89.7347,0.0238,0.6033,0.0801,2.0544,BHV300-0071,92.58753046940699,True,,,,,,,,,,,,,,,,,,4508.1701437831025,False,True,1.0,Medium,Historical Open Pit & Active Mining Lease (High Grade),Bharveli Main Shaft & Central Pit,547.5,GRID_BHARVELI_COMB_04_11,101.89365756060204,REAL
MASTER_15_12,15,12,21.846602,80.227267,375.869415,171.371323,1,888,0.09,0.074452,0.091689,0.093767,0.198243,0.20794,0.161868,0.107546,0.123484,0.095976,0.306321,0.216467,0.130783,0.751922,0.036893,0.293774,0.044308,0.352632,-0.35649,-0.384654,0.04701,0.775067,1.082442,1.244584,9.433857,0.502037,-0.407139,-0.269663,-0.133103,0.604548,0.736043,0.888792,8.656376,0.149405,-0.050649,0.114991,-0.180113,-0.170519,-0.346399,-0.355792,-0.458149,0.007414,-1.295204,0.108079,0.008527,0.477665,0.6205,0.388507,0.085586,0,sparse_vegetation,grade_B_blast_furnace_25to44,25-44% Mn (BF + Medium grade),0.334,38.6,1625.07,1432.68,104.75,293.23,736.99,4.46,6,0.2525,0.5004,0.1417,0.126,30.03,48.93,0.434,GRID_300M_15_12,144.5025536394833,7.3,7.3,7.4,7.3,7.4,7.5,38.5,40.6,42.4,46.8,44.7,45.3,20.9,19.9,18.8,17.1,18.7,19.2,40.6,39.5,38.8,36.1,36.6,35.5,15.5,12.9,7.8,5.6,3.6,3.1,1.53,1.55,1.58,1.62,1.63,1.63,33.1,33.9,33.7,33.9,33.8,33.5,18.8,18.5,20.5,22.4,23.8,24.2,29,MB300-0388,1.6772533938094356,309.6012,5.7636,265.0649,-0.1086,2.4513,-0.3617,8.0793,BHV300-0072,89.80856343441022,True,,,,,,,,,,,,,,,,,,4512.421526382182,False,True,1.0,Medium,Historical Open Pit & Active Mining Lease (High Grade),Bharveli Main Shaft & Central Pit,461.6,GRID_BHARVELI_COMB_04_12,103.12919769902554,REAL
MASTER_15_13,15,13,21.846667,80.230135,506.503937,136.001938,1,895,0.09,0.077328,0.094334,0.098399,0.228925,0.250724,0.193824,0.093062,0.112958,0.082636,0.354024,0.239075,0.1329,0.200443,0.046223,0.363656,0.074625,0.415166,-0.425053,-0.453954,0.04856,0.73955,1.120622,1.259243,6.526198,0.617878,-0.511037,-0.358717,-0.164768,0.548826,0.691649,0.873335,6.509122,0.202712,-0.085984,0.095236,-0.213328,-0.190724,-0.428972,-0.385907,0.163213,0.028402,-0.007698,0.1251,-0.01165,0.479085,0.6085,0.3674,0.126257,1,sparse_vegetation,grade_B_blast_furnace_25to44,25-44% Mn (BF + Medium grade),0.581,38.21,1625.07,1432.68,104.75,293.23,736.99,4.46,6,0.2525,0.5004,0.1417,0.126,30.03,48.93,0.434,GRID_300M_15_13,149.9307490973121,7.1,7.1,7.2,7.2,7.3,7.4,40.8,42.2,43.4,47.3,45.6,45.8,20.1,19.4,18.3,16.8,18.5,19.0,39.1,38.5,38.3,35.9,35.9,35.1,17.8,14.5,9.0,6.2,3.9,3.4,1.51,1.54,1.57,1.62,1.63,1.63,33.7,34.2,34.1,34.2,34.3,34.2,21.3,20.9,22.0,25.4,26.9,27.2,29,MB300-0389,5.183856992988942,350.4977,9.6352,229.3985,0.082,4.3259,0.2744,14.236,BHV300-0073,83.02026149089004,True,,,,,,,,,,,,,,,,,,4518.132193582057,False,True,1.0,Medium,Historical Open Pit & Active Mining Lease (High Grade),Bharveli Main Shaft & Central Pit,553.4,GRID_BHARVELI_COMB_04_13,107.61045428177599,REAL
MASTER_15_14,15,14,21.846661,80.233044,746.85376,119.266144,1,900,0.09,0.077557,0.099147,0.11597,0.231692,0.282474,0.232168,0.09806,0.117694,0.085358,0.360975,0.248125,0.138257,0.196174,0.041679,0.48182,0.086391,0.329655,-0.395953,-0.482872,0.126134,0.817379,1.260073,1.487048,6.424118,0.610768,-0.501741,-0.356272,-0.1572,0.555392,0.702027,0.86321,7.52482,0.281113,-0.105788,0.1266,-0.283334,-0.261987,-0.558045,-0.623838,0.285646,0.044712,1.100179,0.129283,-0.034349,0.528244,0.6112,0.386667,0.238889,1,sparse_vegetation,grade_B_blast_furnace_25to44,25-44% Mn (BF + Medium grade),0.34,38.21,1625.07,1432.68,104.75,293.23,736.99,4.46,6,0.2525,0.5004,0.1417,0.126,30.03,48.93,0.434,GRID_300M_15_14,149.32990057626884,7.2,7.2,7.3,7.3,7.4,7.4,41.1,42.3,43.8,47.3,45.9,46.0,19.9,19.3,18.1,16.9,18.3,18.9,38.9,38.4,38.0,35.9,35.8,35.1,18.3,15.2,11.1,7.2,4.1,3.5,1.52,1.53,1.57,1.63,1.64,1.64,33.6,33.7,33.6,33.9,34.1,34.1,22.8,22.3,23.4,26.3,27.7,28.9,29,MB300-0390,3.108441547278205,335.8955,10.0053,130.2246,0.0187,4.3968,0.0635,14.7424,BHV300-0074,85.15776926099008,True,,,,,,,,,,,,,,,,,,4512.752731496668,False,True,1.0,Medium,Historical Open Pit & Active Mining Lease (High Grade),Bharveli Main Shaft & Central Pit,761.3,GRID_BHARVELI_COMB_04_14,107.00972862924189,REAL
MASTER_15_15,15,15,21.846656,80.235954,1019.204407,111.022163,0,895,0.09,0.099772,0.128763,0.150566,0.26617,0.304384,0.261952,0.148178,0.151436,0.136371,0.227588,0.199922,0.142753,0.16483,0.038612,0.317486,0.063664,0.285362,-0.350519,-0.409994,0.103198,0.853929,1.160203,1.505937,6.152158,0.266611,-0.207453,-0.126274,-0.071846,0.68852,0.859179,0.907734,7.577903,-0.01875,0.143066,0.28372,-0.175044,-0.165408,-0.301023,-0.598202,0.152656,0.025052,1.438818,-0.038582,-0.104462,0.52287,0.6686,0.462502,0.299441,1,waterlogged,grade_B_blast_furnace_25to44,25-44% Mn (BF + Medium grade),0.307,38.21,1625.07,1432.68,104.75,293.23,736.99,4.46,6,0.2525,0.5004,0.1417,0.126,30.03,48.93,0.434,GRID_300M_15_15,148.83518323712306,7.3,7.3,7.4,7.3,7.4,7.4,41.0,41.6,42.8,47.0,45.3,45.8,20.1,19.8,18.7,17.1,18.6,19.1,38.9,38.6,38.5,35.9,36.1,35.0,15.9,13.2,8.4,5.4,3.6,3.1,1.51,1.53,1.57,1.63,1.63,1.64,33.9,34.0,34.0,34.2,34.3,34.3,20.2,20.6,21.5,24.3,26.8,27.4,29,MB300-0391,1.653159205801785,315.0144,2.1736,140.8402,-0.0267,1.0112,-0.0922,3.4054,BHV300-0075,87.18892058453756,True,,,,,,,,,,,,,,,,,,4513.405860360942,False,True,0.0,Medium,Historical Open Pit & Active Mining Lease (High Grade),Bharveli Main Shaft & Central Pit,1016.3,GRID_BHARVELI_COMB_04_15,106.60090607898185,REAL
MASTER_15_16,15,16,21.846661,80.238878,1304.738281,106.250755,0,899,0.09,0.106232,0.136055,0.157027,0.26995,0.314835,0.275277,0.268421,0.262757,0.245334,0.307733,0.286682,0.220405,0.216706,0.03786,0.542735,0.062676,0.271515,-0.332763,-0.400439,0.110012,0.871498,1.172839,1.478996,8.175179,0.148169,-0.099971,-0.040308,-0.060529,0.73343,0.894287,0.889198,11.973746,-0.123346,0.232792,0.360131,-0.170541,-0.138069,-0.278552,-0.589798,0.326029,0.024816,3.953598,0.037784,-0.028152,0.519519,0.663,0.500792,0.252503,1,waterlogged,grade_B_blast_furnace_25to44,25-44% Mn (BF + Medium grade),0.227,38.41,1625.07,1432.68,104.75,293.23,736.99,4.46,6,0.2525,0.5004,0.1417,0.126,30.03,48.93,0.434,GRID_300M_15_16,149.8969870805528,7.3,7.3,7.4,7.3,7.4,7.4,40.8,41.4,42.6,46.8,45.3,45.9,20.0,19.7,18.7,17.1,18.6,19.1,39.3,38.9,38.7,36.1,36.1,34.9,15.9,12.7,8.2,5.4,3.6,3.0,1.52,1.53,1.57,1.62,1.63,1.64,34.1,34.2,34.1,34.3,34.5,34.7,19.7,20.3,21.3,23.8,26.6,27.3,29,MB300-0392,1.1272318986363865,314.1722,1.6949,164.4041,0.0135,0.7912,0.0458,2.6941,BHV300-0076,89.3055312625659,True,,,,,,,,,,,,,,,,,,4513.514369282143,False,True,0.0,Low,Historical Open Pit & Active Mining Lease (High Grade),Bharveli Main Shaft & Central Pit,1290.8,GRID_BHARVELI_COMB_04_16,107.79125526317536,REAL
MASTER_15_17,15,17,21.846656,80.241789,1594.960327,103.252655,0,895,0.09,0.101415,0.132946,0.158037,0.278916,0.345969,0.292095,0.229157,0.230912,0.206664,0.344775,0.314558,0.225678,0.159983,0.030027,0.312353,0.048246,0.28231,-0.355423,-0.444729,0.135426,0.841611,1.247835,1.555744,7.913259,0.281373,-0.226901,-0.184362,-0.044014,0.70784,0.925024,0.929842,9.197939,-0.000936,0.128522,0.260366,-0.17944,-0.133771,-0.32281,-0.625902,0.15237,0.018219,1.274677,0.065859,-0.031411,0.541477,0.664,0.443395,0.297207,1,sparse_vegetation,grade_B_blast_furnace_25to44,25-44% Mn (BF + Medium grade),0.219,38.41,1625.07,1432.68,104.75,293.23,736.99,4.46,6,0.2525,0.5004,0.1417,0.126,30.03,48.93,0.434,GRID_300M_15_17,149.4736561338694,7.3,7.3,7.4,7.4,7.4,7.5,40.6,41.4,42.7,46.0,44.7,45.6,19.3,18.8,17.8,16.7,17.9,18.6,40.2,39.7,39.5,37.4,37.4,35.8,16.2,13.0,8.4,5.3,3.5,2.9,1.52,1.54,1.58,1.63,1.64,1.64,33.7,33.9,33.8,34.1,34.2,34.4,18.0,18.6,19.7,22.4,24.2,25.1,29,MB300-0393,3.2921172774290426,307.3867,2.0564,85.9094,-0.0069,0.9303,-0.0222,3.1436,BHV300-0077,91.39621236980595,True,,,,,,,,,,,,,,,,,,4512.959169307233,False,True,0.0,Low,Historical Open Pit & Active Mining Lease (High Grade),Bharveli Main Shaft & Central Pit,1574.6,GRID_BHARVELI_COMB_04_17,107.43584843300236,REAL
MASTER_15_18,15,18,21.846667,80.244721,1890.053955,101.115997,0,891,0.09,0.094021,0.129077,0.157393,0.281166,0.336043,0.272573,0.124958,0.149088,0.130558,0.332157,0.274058,0.178049,0.137714,0.032233,0.764559,0.063655,0.303693,-0.380702,-0.451595,0.127679,0.80162,1.205,1.639897,7.822443,0.441931,-0.381193,-0.294526,-0.069838,0.633824,0.83831,1.030834,8.265918,0.138238,-0.000491,0.157069,-0.197517,-0.167796,-0.36669,-0.609062,0.626845,0.031423,0.500117,0.050991,-0.061985,0.554982,0.7281,0.395125,0.257015,1,sparse_vegetation,grade_B_blast_furnace_25to44,25-44% Mn (BF + Medium grade),0.225,38.41,1625.07,1432.68,104.75,293.23,736.99,4.46,6,0.2525,0.5004,0.1417,0.126,30.03,48.93,0.434,GRID_300M_15_18,151.46251274320394,7.3,7.3,7.4,7.4,7.5,7.6,38.0,39.2,41.7,45.4,43.8,44.8,20.3,19.7,18.0,16.3,17.3,17.8,41.7,41.1,40.3,38.3,38.9,37.5,15.9,12.4,8.7,5.4,3.5,2.9,1.51,1.53,1.58,1.63,1.65,1.64,33.3,33.6,33.5,33.7,33.9,34.1,14.4,14.8,16.5,18.8,18.0,18.2,29,MB300-0394,5.408643500308934,,,,,,,,,365.6403899442958,False,,,,,,,,,,,,,,,,,,4514.177353019771,False,True,0.0,Low,Historical Open Pit & Active Mining Lease (High Grade),Bharveli Main Shaft & Central Pit,1863.5,GRID_BHARVELI_COMB_04_18,109.62009062590695,REAL
MASTER_15_19,15,19,21.846721,80.247578,2178.642334,99.469406,0,891,0.09,0.103655,0.134573,0.16313,0.262174,0.347731,0.291513,0.096194,0.123834,0.098509,0.319603,0.251881,0.1542,0.231677,0.024076,0.423608,0.051605,0.240113,-0.324849,-0.444774,0.164251,0.837633,1.338029,1.569878,9.770497,0.524995,-0.436573,-0.340547,-0.08537,0.608826,0.802249,1.019708,7.616431,0.284882,-0.111723,0.104227,-0.249621,-0.228808,-0.53578,-0.550171,0.191931,0.027529,-2.481283,0.057429,-0.095851,0.558089,0.7203,0.379811,0.409652,1,sparse_vegetation,grade_B_blast_furnace_25to44,25-44% Mn (BF + Medium grade),0.282,38.41,1625.07,1432.68,104.75,293.23,736.99,4.46,6,0.2525,0.5004,0.1417,0.126,30.03,48.93,0.434,GRID_300M_15_19,155.42795657517635,7.3,7.3,7.4,7.4,7.5,7.6,37.5,38.8,41.1,44.9,43.2,44.3,20.1,19.4,17.8,16.4,17.3,17.8,42.5,41.7,41.2,38.8,39.4,37.9,15.9,11.9,8.5,5.3,3.5,2.9,1.5,1.52,1.57,1.62,1.63,1.63,32.9,33.4,33.3,33.5,33.7,33.8,13.4,13.7,16.4,18.0,18.0,18.2,29,MB300-0395,1.2923844975278864,,,,,,,,,657.070654681145,False,,,,,,,,,,,,,,,,,,4520.774920807609,False,True,0.0,Low,Historical Open Pit & Active Mining Lease (High Grade),Bharveli Main Shaft & Central Pit,2155.4,GRID_BHARVELI_COMB_04_19,112.71045759324716,REAL
MASTER_15_20,15,20,21.846761,80.250458,2471.081299,98.235634,0,886,0.09,0.111477,0.145699,0.18312,0.283735,0.396342,0.323849,0.088615,0.11872,0.09071,0.300648,0.233325,0.138276,0.079091,0.015884,0.171848,0.035354,0.219935,-0.323508,-0.463578,0.188691,0.817326,1.405175,1.637338,8.440171,0.533739,-0.429078,-0.321779,-0.092693,0.590274,0.781276,1.015626,8.177179,0.313804,-0.10557,0.141799,-0.281384,-0.227052,-0.623898,-0.621712,0.092758,0.01947,-0.233835,0.016913,-0.163017,0.58072,0.6392,0.398254,0.551919,1,sparse_vegetation,grade_B_blast_furnace_25to44,25-44% Mn (BF + Medium grade),0.229,39.16,1625.07,1432.68,104.75,293.23,736.99,4.46,6,0.2525,0.5004,0.1417,0.126,30.03,48.93,0.434,GRID_300M_16_20,154.0514349556608,7.3,7.3,7.4,7.4,7.5,7.6,37.2,38.6,41.2,44.9,43.3,44.3,20.3,19.7,17.9,16.5,17.5,18.0,42.5,41.7,40.9,38.6,39.2,37.6,15.7,11.8,8.2,5.5,3.6,3.0,1.51,1.53,1.57,1.62,1.64,1.64,32.9,33.4,33.4,33.5,33.6,33.5,13.6,13.8,15.9,17.8,17.8,18.1,29,MB300-0396,5.067219563464287,,,,,,,,,953.3326660830797,False,,,,,,,,,,,,,,,,,,4522.236505848171,False,True,0.0,Low,Historical Open Pit & Active Mining Lease (High Grade),Bharveli Main Shaft & Central Pit,2449.3,GRID_BHARVELI_COMB_04_20,115.63877112045282,REAL
MASTER_15_21,15,21,21.846752,80.253362,2767.654785,97.369766,0,891,0.09,0.099226,0.134749,0.156257,0.292148,0.342869,0.272565,0.085851,0.118006,0.096121,0.265144,0.230484,0.136735,0.085895,0.021427,0.132315,0.022445,0.325521,-0.376083,-0.431447,0.102748,0.779305,1.159924,1.529743,6.817822,0.466926,-0.382293,-0.322542,-0.037217,0.591131,0.874841,1.11452,11.455638,0.141406,-0.00621,0.108906,-0.139965,-0.188173,-0.285084,-0.415223,0.04642,0.001018,4.665585,-0.027004,-0.112385,0.534262,0.641,0.367555,0.279461,1,sparse_vegetation,grade_B_blast_furnace_25to44,25-44% Mn (BF + Medium grade),0.181,39.16,1625.07,1432.68,104.75,293.23,736.99,4.46,6,0.2525,0.5004,0.1417,0.126,30.03,48.93,0.434,GRID_300M_16_21,154.89639088105548,7.4,7.4,7.4,7.5,7.6,7.6,36.7,38.4,41.1,45.2,43.6,44.6,20.0,19.3,17.6,16.2,17.4,17.9,43.3,42.3,41.2,38.6,39.1,37.5,15.6,11.1,7.8,5.5,3.6,3.0,1.53,1.54,1.59,1.62,1.63,1.63,32.4,33.0,33.2,33.0,33.1,33.1,14.7,14.7,16.8,18.3,17.6,17.6,29,MB300-0397,3.223204291983467,,,,,,,,,1252.9656691008947,False,,,,,,,,,,,,,,,,,,4517.310435868162,False,True,0.0,Very Low,Historical Open Pit & Active Mining Lease (High Grade),Bharveli Main Shaft & Central Pit,2744.5,GRID_BHARVELI_COMB_04_21,114.51659542633575,REAL
MASTER_15_22,15,22,21.846754,80.256289,3066.96875,96.643066,0,884,0.09,0.076275,0.106606,0.109904,0.26236,0.269971,0.194225,0.088289,0.121684,0.102226,0.260311,0.230771,0.139022,0.1017,0.029927,0.098918,0.017269,0.41818,-0.424164,-0.428874,0.047257,0.706671,1.027195,1.421761,4.866447,0.434151,-0.360486,-0.306694,-0.024051,0.601947,0.88975,1.153732,10.592877,0.01597,0.063678,0.12218,-0.071308,-0.104725,-0.137445,-0.268028,-0.002781,-0.012657,5.677204,-0.002049,-0.039201,0.504913,0.6171,0.36344,0.056561,0,sparse_vegetation,grade_B_blast_furnace_25to44,25-44% Mn (BF + Medium grade),0.182,38.01,1625.07,1432.68,104.75,293.23,736.99,4.46,6,0.2525,0.5004,0.1417,0.126,30.03,48.93,0.434,GRID_300M_16_22,155.24351033923583,7.4,7.4,7.4,7.5,7.6,7.6,36.7,38.6,41.1,45.3,43.7,44.8,19.7,19.0,17.4,15.9,17.1,17.7,43.6,42.5,41.5,38.8,39.2,37.5,15.4,10.8,7.7,5.4,3.6,2.9,1.53,1.54,1.59,1.63,1.64,1.64,32.1,32.8,32.9,32.6,32.7,32.7,14.3,14.2,16.6,17.9,17.6,17.8,29,MB300-0398,0.5937218842153257,,,,,,,,,1555.085273684546,False,,,,,,,,,,,,,,,,,,4519.295883954047,False,True,0.0,Very Low,Historical Open Pit & Active Mining Lease (High Grade),Bharveli Main Shaft & Central Pit,3040.7,GRID_BHARVELI_COMB_04_22,115.46613410414363,REAL
MASTER_15_23,15,23,21.846744,80.25919,3364.133545,96.072075,0,882,0.09,0.089402,0.12049,0.138024,0.275078,0.304455,0.229969,0.08986,0.121326,0.100926,0.265463,0.230741,0.138955,0.087235,0.021908,0.102847,0.017604,0.343449,-0.394881,-0.428831,0.08532,0.740465,1.101886,1.526721,6.28973,0.448982,-0.370843,-0.310663,-0.036055,0.600674,0.874497,1.113217,10.512131,0.105533,0.024038,0.118168,-0.121374,-0.139791,-0.227389,-0.413503,0.015613,-0.004304,4.215526,-0.009615,-0.073715,0.533363,0.6012,0.369624,0.1678,1,sparse_vegetation,grade_B_blast_furnace_25to44,25-44% Mn (BF + Medium grade),0.177,38.01,1625.07,1432.68,104.75,293.23,736.99,4.46,6,0.2525,0.5004,0.1417,0.126,30.03,48.93,0.434,GRID_300M_16_23,156.07138816662504,7.3,7.3,7.4,7.4,7.5,7.6,37.2,39.0,41.4,45.4,43.9,44.9,19.3,18.6,17.1,15.7,16.9,17.4,43.5,42.4,41.4,38.9,39.2,37.6,15.6,11.2,7.7,5.4,3.6,2.9,1.52,1.53,1.58,1.62,1.64,1.64,32.1,32.9,33.0,32.8,32.9,32.8,14.2,14.1,16.3,17.9,17.8,17.7,29,MB300-0399,2.069285469861643,,,,,,,,,1854.663995646203,False,,,,,,,,,,,,,,,,,,4517.750186780737,False,True,0.0,Very Low,Historical Open Pit & Active Mining Lease (High Grade),Bharveli Main Shaft & Central Pit,3337.5,GRID_BHARVELI_COMB_04_23,114.12075412090965,REAL
MASTER_15_24,15,24,21.846744,80.261768,3628.320801,95.627998,0,680,0.09,0.072243,0.098707,0.100563,0.248233,0.233079,0.160054,0.090526,0.121086,0.10008,0.245991,0.193493,0.115788,0.097098,0.026925,0.088049,0.015625,0.428297,-0.432005,-0.398871,0.011986,0.676399,0.933943,1.381358,5.709524,0.421801,-0.339159,-0.211838,-0.0759,0.594817,0.780173,1.100769,9.89537,-0.006496,0.092846,0.187033,-0.087886,-0.081582,-0.15377,-0.280589,-0.009048,-0.0113,4.155327,-0.002243,-0.039585,0.493597,0.5799,0.40463,0.022059,0,sparse_vegetation,grade_B_blast_furnace_25to44,25-44% Mn (BF + Medium grade),0.158,38.01,1625.07,1432.68,104.75,293.23,736.99,4.46,6,0.2525,0.5004,0.1417,0.126,30.03,48.93,0.434,GRID_300M_16_24,149.97042449103972,7.3,7.3,7.4,7.4,7.5,7.6,37.7,39.5,41.7,45.4,43.9,44.9,19.0,18.3,17.1,15.8,17.0,17.5,43.2,42.2,41.2,38.8,39.0,37.5,15.8,11.5,7.7,5.3,3.6,3.0,1.52,1.53,1.58,1.62,1.64,1.64,31.9,32.7,32.8,32.5,32.6,32.5,14.1,14.2,16.2,17.5,17.4,17.0,29,MB300-0400,34.27059865266724,,,,,,,,,2120.8962469580333,False,,,,,,,,,,,,,,,,,,4517.489455374049,False,True,0.0,Very Low,Historical Open Pit & Active Mining Lease (High Grade),Bharveli Main Shaft & Central Pit,3634.8,GRID_BHARVELI_COMB_04_24,105.85706155895895,REAL
MASTER_16_00,16,0,21.849181,80.192841,3491.414551,268.59967,0,614,0.09,0.083638,0.107566,0.125443,0.228495,0.249173,0.186097,0.09583,0.118426,0.092517,0.226608,0.135474,0.078227,0.106843,0.019131,0.125563,0.021313,0.294726,-0.357058,-0.394792,0.083769,0.738533,1.115947,1.477165,10.726751,0.417282,-0.309637,-0.05081,-0.17577,0.57437,0.595,0.961805,9.588202,0.122556,0.047421,0.343982,-0.259538,-0.164163,-0.520947,-0.515359,0.01872,0.002182,-1.013043,-0.001886,-0.1137,0.533217,0.6196,0.50861,0.265472,1,waterlogged,grade_B_blast_furnace_25to44,25-44% Mn (BF + Medium grade),0.239,39.11,1625.07,1432.68,104.75,293.23,736.99,4.46,6,0.2525,0.5004,0.1417,0.126,30.03,48.93,0.434,GRID_300M_16_00,157.70094086207524,7.5,7.5,7.6,7.6,7.7,7.8,40.9,42.7,45.1,47.6,45.9,45.9,18.4,18.0,16.3,15.5,16.7,17.5,40.6,39.3,38.7,36.9,37.5,36.7,14.7,9.4,6.3,4.9,3.1,2.4,1.54,1.56,1.6,1.63,1.63,1.63,31.9,32.5,32.5,32.8,32.5,32.5,6.1,5.8,5.5,6.4,6.2,8.1,29,MB300-0401,44.599267898814475,,,,,,,,,2002.2528349728777,False,,,,,,,,,,,,,,,,,,4525.501513844618,False,True,0.0,High,No Mining History (Barren Country Rock Control),Bharveli West Footwall Baseline,363.5,GRID_BHARVELI_COMB_05_00,125.94865778388112,REAL
MASTER_16_01,16,1,21.849184,80.195328,3235.294678,268.494904,0,881,0.09,0.082847,0.110905,0.127134,0.249664,0.244509,0.175158,0.093459,0.114383,0.090055,0.21231,0.119496,0.068777,0.109985,0.029006,0.109594,0.019412,0.323008,-0.379534,-0.372847,0.053676,0.711733,1.00153,1.522423,6.463115,0.401013,-0.295266,-0.008051,-0.190112,0.572805,0.559762,0.958263,10.114062,0.078005,0.084269,0.364796,-0.243787,-0.138929,-0.441769,-0.56416,-0.000392,-0.009594,3.606322,-0.037354,-0.125014,0.531486,0.6198,0.521405,0.106697,1,sparse_vegetation,grade_B_blast_furnace_25to44,25-44% Mn (BF + Medium grade),0.237,39.51,1625.07,1432.68,104.75,293.23,736.99,4.46,6,0.2525,0.5004,0.1417,0.126,30.03,48.93,0.434,GRID_300M_16_01,134.59192835601786,7.5,7.5,7.6,7.6,7.7,7.8,39.9,41.5,43.9,46.6,44.7,45.4,18.6,18.1,16.6,15.8,17.0,17.5,41.4,40.4,39.5,37.6,38.3,37.0,14.6,9.6,6.4,4.9,3.3,2.6,1.54,1.56,1.6,1.62,1.63,1.63,31.8,32.5,32.5,32.8,32.5,32.5,6.0,5.7,5.5,6.4,6.3,7.8,29,MB300-0402,1.9752071298945522,,,,,,,,,1745.4983466207304,False,,,,,,,,,,,,,,,,,,4523.41726667946,False,True,0.0,High,No Mining History (Barren Country Rock Control),Bharveli West Footwall Baseline,168.6,GRID_BHARVELI_COMB_05_01,95.21723638002094,REAL
MASTER_16_02,16,2,21.849187,80.19823,2936.428467,268.347839,0,872,0.09,0.081875,0.109658,0.121942,0.25512,0.246057,0.169979,0.075573,0.090643,0.069078,0.178875,0.105085,0.056629,0.110479,0.030202,0.126108,0.017941,0.355958,-0.397247,-0.380008,0.038097,0.684567,0.973026,1.475924,6.242441,0.432032,-0.315022,-0.051622,-0.192245,0.532939,0.581189,0.908262,13.756597,0.076074,0.082225,0.328387,-0.230343,-0.151628,-0.391837,-0.567662,0.015628,-0.012261,7.469868,-0.076245,-0.140972,0.521492,0.629,0.499994,0.052752,0,waterlogged,grade_B_blast_furnace_25to44,25-44% Mn (BF + Medium grade),0.329,39.51,1625.07,1432.68,104.75,293.23,736.99,4.46,6,0.2525,0.5004,0.1417,0.126,30.03,48.93,0.434,GRID_300M_16_02,134.63474761472213,7.5,7.5,7.6,7.6,7.7,7.8,39.7,41.3,43.1,46.1,44.2,45.1,19.2,18.6,17.2,16.2,17.5,17.8,41.1,40.1,39.7,37.7,38.3,37.1,14.5,9.6,6.6,4.8,3.2,2.5,1.54,1.56,1.61,1.63,1.64,1.64,32.0,32.9,32.9,33.2,33.0,32.9,6.0,5.6,5.6,6.3,6.1,7.5,29,MB300-0403,1.4465143056586385,,,,,,,,,1445.9965225411543,False,,,,,,,,,,,,,,,,,,4523.982582224587,False,True,0.0,High,No Mining History (Barren Country Rock Control),Bharveli West Footwall Baseline,323.6,GRID_BHARVELI_COMB_05_02,95.11870467703383,REAL
MASTER_16_03,16,3,21.849188,80.201153,2635.412842,268.160614,0,856,0.09,0.080158,0.106862,0.112758,0.250747,0.223615,0.152459,0.064258,0.070016,0.052944,0.099973,0.055998,0.030534,0.123974,0.02948,0.076358,0.015458,0.381864,-0.400574,-0.347874,0.00179,0.674373,0.899285,1.395086,5.939787,0.304153,-0.172197,0.117482,-0.2037,0.544323,0.56052,0.82345,10.63615,-0.077711,0.228378,0.465356,-0.205489,-0.130051,-0.338765,-0.571635,-0.047616,-0.014022,4.646698,-0.150774,-0.167617,0.499027,0.6113,0.569629,0.016355,0,water_body,grade_B_blast_furnace_25to44,25-44% Mn (BF + Medium grade),0.36,39.51,1625.07,1432.68,104.75,293.23,736.99,4.46,6,0.2525,0.5004,0.1417,0.126,30.03,48.93,0.434,GRID_300M_16_03,135.34573375043058,7.5,7.5,7.6,7.6,7.7,7.8,39.4,41.1,42.9,45.7,43.7,44.7,19.7,19.1,17.7,16.7,18.0,18.2,41.0,39.9,39.5,37.6,38.3,37.2,14.4,9.4,6.5,5.2,3.1,2.5,1.54,1.56,1.6,1.62,1.63,1.63,31.6,32.7,32.5,33.0,32.8,32.4,5.7,5.3,5.4,6.1,5.9,7.3,29,MB300-0404,3.799366173639834,,,,,,,,,1144.5225934444634,False,,,,,,,,,,,,,,,,,,4523.978806601936,False,True,0.0,Medium,No Mining History (Barren Country Rock Control),Bharveli West Footwall Baseline,600.9,GRID_BHARVELI_COMB_05_03,96.06812515705454,REAL
MASTER_16_04,16,4,21.849193,80.204031,2339.056885,267.940735,0,851,0.09,0.094117,0.121269,0.145269,0.2472,0.276987,0.205008,0.076941,0.082321,0.063853,0.121821,0.078372,0.053071,0.090782,0.021752,0.138018,0.016102,0.259453,-0.337523,-0.38803,0.102992,0.737287,1.142523,1.532287,8.147567,0.332474,-0.20095,0.042525,-0.185572,0.636894,0.625809,0.824629,14.918198,0.073022,0.136573,0.430556,-0.288564,-0.100393,-0.516714,-0.707657,0.047236,-0.00565,6.471275,-0.125378,-0.198615,0.5506,0.6247,0.556432,0.105758,1,waterlogged,grade_B_blast_furnace_25to44,25-44% Mn (BF + Medium grade),0.216,39.51,1625.07,1432.68,104.75,293.23,736.99,4.46,6,0.2525,0.5004,0.1417,0.126,30.03,48.93,0.434,GRID_300M_16_04,134.5633021553809,7.5,7.5,7.5,7.6,7.7,7.8,39.0,40.6,42.7,45.9,43.7,44.8,19.6,19.0,17.6,16.5,18.0,18.1,41.4,40.4,39.8,37.6,38.3,37.1,15.0,9.2,6.9,5.5,3.4,2.8,1.54,1.56,1.6,1.62,1.63,1.63,31.2,32.5,32.3,32.6,32.2,31.6,5.5,5.3,5.9,6.5,6.6,8.0,29,MB300-0405,2.6196401950727917,,,,,,,,,848.0232732922364,False,,,,,,,,,,,,,,,,,,4521.5307214033655,False,True,0.0,Medium,No Mining History (Barren Country Rock Control),Bharveli West Footwall Baseline,892.9,GRID_BHARVELI_COMB_05_04,94.69876442248533,REAL
MASTER_16_05,16,5,21.849231,80.206892,2044.389282,267.764038,0,900,0.09,0.077243,0.103045,0.110615,0.243841,0.230119,0.157108,0.399743,0.365179,0.325103,0.369323,0.298243,0.249679,0.141492,0.030455,0.125794,0.019672,0.378159,-0.404651,-0.376622,0.023907,0.676224,0.951532,1.420452,6.814447,0.09827,-0.034417,0.07495,-0.103656,0.826999,0.812925,0.841272,10.77538,-0.27989,0.370234,0.451572,-0.127563,0.150774,-0.138606,-0.579181,-0.015698,-0.010783,4.050437,0.125482,0.068124,0.508726,0.5983,0.543419,0.03,0,water_body,grade_B_blast_furnace_25to44,25-44% Mn (BF + Medium grade),0.329,39.6,1625.07,1432.68,104.75,293.23,736.99,4.46,6,0.2525,0.5004,0.1417,0.126,30.03,48.93,0.434,GRID_300M_16_05,136.60015760708478,7.5,7.5,7.6,7.6,7.7,7.8,38.6,40.2,42.0,45.8,43.8,44.7,19.5,18.8,17.6,16.5,18.0,18.1,42.0,40.9,40.3,37.7,38.3,37.2,15.5,9.4,6.9,5.5,3.3,2.7,1.54,1.56,1.61,1.62,1.63,1.63,30.6,31.8,31.8,31.9,31.7,31.5,6.5,6.6,7.3,8.0,8.2,9.5,29,MB300-0406,3.4169020189169244,,,,,,,,,553.7004383132796,False,,,,,,,,,,,,,,,,,,4523.920707322966,False,True,0.0,Medium,No Mining History (Barren Country Rock Control),Bharveli West Footwall Baseline,1189.0,GRID_BHARVELI_COMB_05_05,95.52876565608868,REAL
MASTER_16_06,16,6,21.849275,80.209804,1744.435791,267.537476,0,890,0.09,0.074945,0.100857,0.107858,0.239296,0.227924,0.156695,0.242293,0.221969,0.189132,0.240993,0.183159,0.141272,0.161732,0.044646,0.141964,0.021339,0.378372,-0.404774,-0.384527,0.030738,0.683756,0.963584,1.431271,5.081835,0.148388,-0.060571,0.078927,-0.128491,0.748903,0.783924,0.821101,11.193503,-0.229984,0.344202,0.463454,-0.159229,0.065147,-0.17966,-0.61017,-0.019769,-0.023306,6.090381,0.001697,-0.044765,0.510606,0.5958,0.552186,0.017978,0,water_body,grade_B_blast_furnace_25to44,25-44% Mn (BF + Medium grade),0.345,39.6,1625.07,1432.68,104.75,293.23,736.99,4.46,6,0.2525,0.5004,0.1417,0.126,30.03,48.93,0.434,GRID_300M_16_06,141.3198349155558,7.4,7.5,7.6,7.7,7.8,7.8,37.9,39.6,41.5,45.4,43.4,44.2,19.6,19.0,17.8,16.6,18.1,18.3,42.5,41.4,40.6,38.0,38.5,37.5,15.7,9.8,6.7,5.4,3.2,2.6,1.54,1.56,1.6,1.62,1.62,1.62,30.0,31.0,31.1,31.3,31.1,31.1,6.9,7.0,7.7,8.7,9.0,10.4,29,MB300-0407,4.340352334511441,,,,,,,,,257.0858606465777,False,,,,,,,,,,,,,,,,,,4536.822238889101,False,True,0.0,Low,No Mining History (Barren Country Rock Control),Bharveli West Footwall Baseline,1486.6,GRID_BHARVELI_COMB_05_06,99.95623518389154,REAL
MASTER_16_07,16,7,21.849282,80.212717,1444.576416,267.057465,0,890,0.09,0.080946,0.108152,0.122534,0.244283,0.251525,0.176336,0.453619,0.403899,0.352416,0.399223,0.305987,0.243357,0.206505,0.055355,0.148962,0.021332,0.332097,-0.384538,-0.397954,0.069101,0.698681,1.037955,1.507622,5.22212,0.084112,-0.012164,0.120199,-0.128386,0.790195,0.772379,0.791217,11.474249,-0.247986,0.372374,0.518153,-0.197486,0.091513,-0.265575,-0.716405,-0.057542,-0.034023,6.212284,0.15494,0.054462,0.53474,0.596,0.581201,0.004494,0,water_body,grade_B_blast_furnace_25to44,25-44% Mn (BF + Medium grade),0.311,39.6,1625.07,1432.68,104.75,293.23,736.99,4.46,6,0.2525,0.5004,0.1417,0.126,30.03,48.93,0.434,GRID_300M_16_07,142.19503309841863,7.4,7.5,7.6,7.7,7.8,7.8,37.1,39.3,41.2,45.1,43.2,44.0,19.7,18.7,17.7,16.5,18.1,18.2,43.2,42.0,41.2,38.4,38.7,37.8,15.4,9.7,6.5,5.3,3.2,2.6,1.54,1.56,1.6,1.62,1.62,1.62,30.1,31.2,31.2,31.3,31.2,31.2,6.9,7.0,7.7,8.5,8.6,10.0,29,MB300-0408,3.1364777439472817,305.0403,0.4749,227.5269,0.0028,0.2789,0.0092,0.942,BHV300-0056,85.11661940869696,True,,,,,,,,,,,,,,,,,,4565.472771744109,False,True,0.0,Low,Historical Open Pit & Active Mining Lease (High Grade),Bharveli Main Shaft & Central Pit,1503.3,GRID_BHARVELI_COMB_05_07,100.8377530175694,REAL
MASTER_16_08,16,8,21.849276,80.215644,1143.530884,266.246307,0,894,0.09,0.100799,0.132503,0.159787,0.276879,0.308431,0.233825,0.573104,0.50123,0.437748,0.492005,0.378251,0.293242,0.139695,0.034185,0.156101,0.022902,0.275442,-0.354306,-0.398909,0.102798,0.752815,1.1169,1.573638,6.464083,0.086667,-0.0184,0.101946,-0.122378,0.773195,0.788897,0.786035,11.063362,-0.188775,0.335906,0.500855,-0.225176,0.02038,-0.328003,-0.787603,0.016405,-0.011283,4.605806,0.215126,0.06982,0.550824,0.6226,0.577254,0.06264,0,water_body,grade_B_blast_furnace_25to44,25-44% Mn (BF + Medium grade),0.245,39.62,1625.07,1432.68,104.75,293.23,736.99,4.46,6,0.2525,0.5004,0.1417,0.126,30.03,48.93,0.434,GRID_300M_16_08,142.28332818783454,7.5,7.5,7.6,7.6,7.7,7.7,37.2,39.4,40.9,44.7,43.0,43.8,20.0,19.0,18.0,16.8,18.4,18.4,42.7,41.6,41.1,38.5,38.6,37.8,15.5,9.6,6.6,5.4,3.3,2.6,1.54,1.56,1.6,1.62,1.63,1.63,30.4,31.4,31.6,31.6,31.6,31.6,6.8,7.0,7.6,8.5,9.1,10.2,29,MB300-0409,1.173608298477293,305.2341,0.4684,161.4932,0.0027,0.3047,0.0066,1.0502,BHV300-0057,88.40374646001881,True,,,,,,,,,,,,,,,,,,4612.474602618387,False,True,0.0,Low,Historical Open Pit & Active Mining Lease (High Grade),Bharveli Main Shaft & Central Pit,1205.4,GRID_BHARVELI_COMB_05_08,101.2589737790022,REAL
MASTER_16_09,16,9,21.849274,80.218557,844.326538,264.898102,1,899,0.09,0.095861,0.126659,0.147765,0.285577,0.298968,0.219901,0.296946,0.272229,0.227191,0.352699,0.272305,0.193757,0.156907,0.036481,0.231653,0.030183,0.328022,-0.386411,-0.400432,0.068601,0.726885,1.049008,1.518449,6.442265,0.244672,-0.155134,-0.027014,-0.126894,0.698829,0.77895,0.786864,11.045456,-0.08335,0.231277,0.373418,-0.195495,-0.028056,-0.270057,-0.731585,0.074746,-0.006298,4.581377,0.067122,-0.026663,0.531857,0.6265,0.510994,0.12792,1,waterlogged,grade_B_blast_furnace_25to44,25-44% Mn (BF + Medium grade),0.318,39.62,1625.07,1432.68,104.75,293.23,736.99,4.46,6,0.2525,0.5004,0.1417,0.126,30.03,48.93,0.434,GRID_300M_16_09,142.26807850851358,7.4,7.5,7.5,7.6,7.7,7.8,37.1,39.3,40.5,44.8,42.9,43.9,20.6,19.6,18.4,17.1,18.7,18.5,42.2,41.1,41.0,38.1,38.5,37.6,14.4,9.7,6.8,5.5,3.5,2.8,1.55,1.57,1.61,1.63,1.64,1.64,30.6,31.5,31.4,31.4,31.4,31.3,8.0,7.7,9.2,10.0,11.3,13.4,29,MB300-0410,2.402011810924035,305.4977,0.8705,161.7675,0.0021,0.4833,0.0067,1.6799,BHV300-0058,90.43985600691312,True,,,,,,,,,,,,,,,,,,4678.6595269609215,False,True,0.0,Medium,Historical Open Pit & Active Mining Lease (High Grade),Bharveli Main Shaft & Central Pit,909.0,GRID_BHARVELI_COMB_05_09,101.28277628804732,REAL
MASTER_16_10,16,10,21.849274,80.221474,545.667847,262.093903,1,898,0.09,0.092615,0.122234,0.145726,0.283737,0.314489,0.237494,0.128875,0.139083,0.110048,0.270635,0.205209,0.124791,0.141006,0.031591,0.214294,0.037964,0.327977,-0.398373,-0.439804,0.094996,0.750674,1.114595,1.555743,6.324316,0.42448,-0.321715,-0.185366,-0.123978,0.59366,0.758303,0.853791,9.513313,0.096503,0.076658,0.254439,-0.218974,-0.157014,-0.356292,-0.701952,0.073288,0.006374,3.19502,-0.013102,-0.10928,0.540013,0.6339,0.44805,0.190423,1,sparse_vegetation,grade_B_blast_furnace_25to44,25-44% Mn (BF + Medium grade),0.342,38.6,1625.07,1432.68,104.75,293.23,736.99,4.46,6,0.2525,0.5004,0.1417,0.126,30.03,48.93,0.434,GRID_300M_16_10,142.61714031989746,7.4,7.4,7.5,7.6,7.7,7.8,36.9,39.1,40.4,44.7,42.9,44.0,21.3,20.2,19.0,17.4,18.6,18.7,41.9,40.7,40.6,37.9,38.5,37.2,14.1,10.1,6.9,5.4,3.8,3.1,1.55,1.57,1.61,1.62,1.64,1.64,31.0,32.0,31.7,31.9,32.0,31.6,10.4,10.4,12.0,13.2,14.4,15.6,29,MB300-0411,4.401220266740156,304.4408,1.3626,27.8819,-0.0139,0.7975,-0.0432,2.7267,BHV300-0059,92.5604051090795,True,,,,,,,,,,,,,,,,,,4763.318266822978,False,True,1.0,Medium,Historical Open Pit & Active Mining Lease (High Grade),Bharveli Main Shaft & Central Pit,616.1,GRID_BHARVELI_COMB_05_10,101.71527083574551,REAL
MASTER_16_11,16,11,21.849274,80.22435,255.491455,252.916,1,873,0.09,0.083106,0.102877,0.110518,0.229174,0.249069,0.191796,0.107938,0.119507,0.097836,0.235564,0.189912,0.120879,0.153323,0.035236,0.213202,0.042622,0.327745,-0.351194,-0.397695,0.066868,0.780049,1.121002,1.313545,6.855551,0.388294,-0.303431,-0.215064,-0.086127,0.641965,0.837473,0.902637,7.276466,0.060549,0.047763,0.182631,-0.152995,-0.138085,-0.283529,-0.410908,0.059879,0.007385,0.426279,0.006391,-0.059158,0.494902,0.6122,0.413385,0.053837,0,sparse_vegetation,grade_B_blast_furnace_25to44,25-44% Mn (BF + Medium grade),0.352,38.6,1625.07,1432.68,104.75,293.23,736.99,4.46,6,0.2525,0.5004,0.1417,0.126,30.03,48.93,0.434,GRID_300M_16_11,141.36294085309143,7.4,7.5,7.5,7.6,7.7,7.8,37.1,39.2,40.9,45.4,43.5,44.4,21.8,20.6,19.3,17.3,18.7,19.0,41.2,40.1,39.8,37.3,37.9,36.6,14.3,11.0,6.7,5.8,4.2,3.6,1.55,1.56,1.6,1.62,1.63,1.64,32.0,32.9,32.3,32.7,32.6,32.1,13.6,13.3,15.4,17.6,18.5,19.5,29,MB300-0412,4.275344742138485,303.1624,1.5253,350.5061,-0.0119,0.8417,-0.04,2.8975,BHV300-0060,91.99773011974986,True,,,,,,,,,,,,,,,,,,4808.860078585064,False,True,1.0,High,Historical Open Pit & Active Mining Lease (High Grade),Bharveli Main Shaft & Central Pit,336.0,GRID_BHARVELI_COMB_05_11,100.01506352941408,REAL
MASTER_16_12,16,12,21.849348,80.227208,83.575745,143.05899,1,895,0.09,0.083546,0.09159,0.092485,0.136893,0.161935,0.144359,0.113352,0.120185,0.105175,0.208788,0.186208,0.140589,0.272085,0.137108,0.304084,0.049047,0.177245,-0.179684,-0.277959,0.07545,0.898164,1.243593,1.098801,6.705462,0.291164,-0.232914,-0.210451,-0.040644,0.766595,0.968276,0.920538,9.973243,0.113919,-0.05323,0.067508,-0.116094,-0.131569,-0.275317,-0.178263,0.032,-0.088061,3.24245,0.071895,0.024273,0.468151,0.5396,0.381182,0.011173,0,mixed_agricultural,grade_B_blast_furnace_25to44,25-44% Mn (BF + Medium grade),0.197,38.6,1625.07,1432.68,104.75,293.23,736.99,4.46,6,0.2525,0.5004,0.1417,0.126,30.03,48.93,0.434,GRID_300M_16_12,147.41493769116533,7.2,7.2,7.3,7.2,7.4,7.4,38.5,40.5,42.0,46.4,44.4,45.0,21.2,20.2,19.1,17.4,19.0,19.5,40.3,39.3,38.8,36.2,36.5,35.4,16.1,13.6,7.7,5.3,3.9,3.3,1.54,1.55,1.59,1.61,1.62,1.63,32.3,33.0,32.6,32.8,32.8,32.3,18.9,18.6,20.4,22.8,24.7,25.4,29,MB300-0413,4.715429586144808,309.0607,3.1291,265.8744,-0.033,1.3859,-0.1153,4.719,BHV300-0061,83.86462363973568,True,,,,,,,,,,,,,,,,,,4818.136678924735,False,True,1.0,High,Historical Open Pit & Active Mining Lease (High Grade),Bharveli Main Shaft & Central Pit,161.6,GRID_BHARVELI_COMB_05_12,104.85456046410168,REAL
MASTER_16_13,16,13,21.849371,80.230126,356.712158,100.381546,1,891,0.09,0.071172,0.088579,0.08405,0.234442,0.210606,0.150715,0.098709,0.113818,0.086896,0.334122,0.223542,0.12683,0.197782,0.042145,0.320164,0.048681,0.468085,-0.441965,-0.411963,-0.020316,0.710074,0.937291,1.15083,6.478545,0.580755,-0.483557,-0.326739,-0.164772,0.562388,0.690156,0.863102,10.068768,0.11267,-0.041593,0.085224,-0.144456,-0.147686,-0.247134,-0.287727,0.122382,0.006536,3.583885,0.09968,0.012936,0.443076,0.575,0.361752,0.05275,0,dense_vegetation,grade_B_blast_furnace_25to44,25-44% Mn (BF + Medium grade),0.435,38.6,1625.07,1432.68,104.75,293.23,736.99,4.46,6,0.2525,0.5004,0.1417,0.126,30.03,48.93,0.434,GRID_300M_16_13,150.16912654406426,7.0,7.0,7.1,7.0,7.2,7.2,40.9,42.1,43.2,47.4,45.9,46.2,20.6,20.0,19.0,17.2,18.8,19.3,38.5,37.9,37.8,35.4,35.3,34.5,18.7,15.1,9.5,6.4,4.2,3.5,1.52,1.54,1.57,1.62,1.63,1.63,32.8,33.3,33.1,33.2,33.3,33.1,20.5,20.3,21.4,24.8,26.8,27.3,29,MB300-0414,4.3403523348936215,344.7412,12.0576,293.4088,0.0763,5.4191,0.2594,17.723,BHV300-0062,84.01600646143913,True,,,,,,,,,,,,,,,,,,4819.141161855788,False,True,1.0,High,Historical Open Pit & Active Mining Lease (High Grade),Bharveli Main Shaft & Central Pit,345.5,GRID_BHARVELI_COMB_05_13,107.61078827427983,REAL
MASTER_16_14,16,14,21.84936,80.233048,655.194519,95.739807,1,894,0.09,0.077221,0.097968,0.114364,0.220428,0.281245,0.231049,0.098259,0.112527,0.084279,0.289801,0.196145,0.113258,0.294491,0.057178,0.609095,0.115108,0.322397,-0.387389,-0.48668,0.140507,0.818761,1.291015,1.474189,6.783449,0.5533,-0.433676,-0.229557,-0.187257,0.54478,0.650289,0.829746,8.952315,0.230903,-0.046287,0.257122,-0.327764,-0.273981,-0.640725,-0.644443,0.314604,0.05793,2.17193,0.069373,-0.0851,0.530975,0.6051,0.455571,0.10179,1,sparse_vegetation,grade_B_blast_furnace_25to44,25-44% Mn (BF + Medium grade),0.334,38.21,1625.07,1432.68,104.75,293.23,736.99,4.46,6,0.2525,0.5004,0.1417,0.126,30.03,48.93,0.434,GRID_300M_16_14,149.46166918670417,7.1,7.1,7.1,7.1,7.2,7.3,41.9,42.6,43.9,47.4,46.1,46.1,19.8,19.4,18.3,16.9,18.4,18.9,38.3,38.0,37.8,35.7,35.6,35.0,19.5,15.2,11.9,7.6,4.7,4.0,1.52,1.54,1.58,1.63,1.64,1.65,33.4,33.6,33.5,33.6,33.8,33.9,22.7,22.3,23.5,26.4,27.8,28.8,29,MB300-0415,0.9349348628662633,363.0284,12.114,233.5324,0.1386,5.5338,0.466,18.6697,BHV300-0063,87.32962315246667,True,,,,,,,,,,,,,,,,,,4813.19948283359,False,True,1.0,Medium,Historical Open Pit & Active Mining Lease (High Grade),Bharveli Main Shaft & Central Pit,626.6,GRID_BHARVELI_COMB_05_14,107.09166690428606,REAL
MASTER_16_15,16,15,21.849371,80.235957,953.825256,93.864082,1,894,0.09,0.080785,0.105951,0.125271,0.255683,0.308194,0.250163,0.336247,0.323218,0.297877,0.374946,0.318249,0.241247,0.175852,0.03488,0.33697,0.065948,0.349333,-0.416768,-0.492571,0.12356,0.807147,1.231186,1.551521,7.410876,0.222981,-0.153636,-0.014725,-0.11992,0.685783,0.774753,0.851748,6.655678,-0.126352,0.263132,0.477847,-0.24348,-0.121365,-0.456433,-0.699773,0.161118,0.031067,-0.758049,0.119263,0.010055,0.535287,0.6655,0.546307,0.088367,0,waterlogged,grade_B_blast_furnace_25to44,25-44% Mn (BF + Medium grade),0.389,38.21,1625.07,1432.68,104.75,293.23,736.99,4.46,6,0.2525,0.5004,0.1417,0.126,30.03,48.93,0.434,GRID_300M_16_15,150.62228161259813,7.2,7.3,7.3,7.3,7.4,7.5,40.7,41.4,42.9,47.2,45.6,46.0,19.9,19.6,18.5,16.8,18.3,18.8,39.4,39.0,38.6,36.0,36.1,35.2,17.0,13.6,9.5,6.0,3.9,3.3,1.52,1.54,1.57,1.64,1.65,1.66,34.0,34.1,34.0,34.2,34.3,34.7,20.8,20.8,21.8,24.7,26.4,27.3,29,MB300-0416,0.5661087253876291,327.939,7.1832,123.0601,-0.1047,3.064,-0.3509,9.9847,BHV300-0064,87.97559975126701,True,,,,,,,,,,,,,,,,,,4815.6353348394,False,True,0.0,Medium,Historical Open Pit & Active Mining Lease (High Grade),Bharveli Main Shaft & Central Pit,919.7,GRID_BHARVELI_COMB_05_15,108.23673703994196,REAL
MASTER_16_16,16,16,21.849351,80.238877,1254.216309,93.041138,0,882,0.09,0.093143,0.126283,0.152045,0.287689,0.333942,0.272099,0.604014,0.573549,0.545441,0.604593,0.582354,0.462486,0.140734,0.028007,0.227005,0.048754,0.32506,-0.393549,-0.452939,0.104318,0.801883,1.181431,1.590263,8.24164,0.060731,-0.033802,-0.013252,-0.035966,0.78797,0.960266,0.902236,6.277445,-0.26433,0.359747,0.439687,-0.140283,-0.013913,-0.221165,-0.688027,0.086271,0.020747,-1.938079,0.316903,0.248412,0.539571,0.6984,0.521127,0.362812,1,waterlogged,grade_B_blast_furnace_25to44,25-44% Mn (BF + Medium grade),0.43,38.21,1625.07,1432.68,104.75,293.23,736.99,4.46,6,0.2525,0.5004,0.1417,0.126,30.03,48.93,0.434,GRID_300M_16_16,148.91684786837337,7.2,7.3,7.3,7.3,7.4,7.4,40.3,41.0,42.5,46.9,45.5,46.0,19.9,19.6,18.5,16.8,18.3,18.8,39.9,39.5,38.9,36.3,36.3,35.2,16.4,12.8,8.1,5.4,3.5,3.0,1.52,1.54,1.58,1.63,1.64,1.64,34.3,34.4,33.9,34.2,34.3,34.7,19.9,20.5,21.3,23.7,26.2,27.7,29,MB300-0417,3.7256761910191685,314.3931,2.7171,106.9919,-0.0034,1.2098,-0.0116,4.1089,BHV300-0065,91.95118260291135,True,,,,,,,,,,,,,,,,,,4812.962805037804,False,True,0.0,Low,Historical Open Pit & Active Mining Lease (High Grade),Bharveli Main Shaft & Central Pit,1216.2,GRID_BHARVELI_COMB_05_16,106.7521055170766,REAL
MASTER_16_17,16,17,21.849357,80.241795,1554.465698,92.426033,0,894,0.09,0.109096,0.148929,0.196293,0.286438,0.399922,0.337686,0.139433,0.165064,0.141818,0.353563,0.309214,0.198976,0.081783,0.018669,0.187438,0.040664,0.191854,-0.318064,-0.458559,0.200721,0.843899,1.398721,1.796352,8.877503,0.431784,-0.365721,-0.306214,-0.04587,0.639315,0.878319,1.028705,6.94583,0.23993,-0.047657,0.152344,-0.246591,-0.204584,-0.520402,-0.767647,0.105655,0.021995,-1.858104,0.067125,-0.090708,0.604355,0.6883,0.398973,0.574944,1,built_up,grade_B_blast_furnace_25to44,25-44% Mn (BF + Medium grade),0.254,38.41,1625.07,1432.68,104.75,293.23,736.99,4.46,6,0.2525,0.5004,0.1417,0.126,30.03,48.93,0.434,GRID_300M_16_17,149.88987318224056,7.3,7.3,7.4,7.3,7.3,7.4,39.8,40.7,42.5,46.3,44.9,45.6,19.7,19.4,18.2,16.7,18.1,18.6,40.5,39.9,39.3,37.0,37.1,35.8,16.2,12.5,8.0,5.3,3.5,2.9,1.53,1.55,1.59,1.63,1.64,1.64,34.2,34.3,33.9,34.1,34.2,34.6,19.1,20.2,21.0,23.4,25.7,27.0,29,MB300-0418,5.261736156563307,308.0628,1.3507,143.1679,-0.0041,0.6176,-0.0147,2.0604,BHV300-0066,93.5193191384292,True,,,,,,,,,,,,,,,,,,4813.628998136179,False,True,0.0,Low,Historical Open Pit & Active Mining Lease (High Grade),Bharveli Main Shaft & Central Pit,1514.1,GRID_BHARVELI_COMB_05_17,107.81869201606887,REAL
MASTER_16_18,16,18,21.849366,80.244689,1852.367432,92.005585,0,878,0.09,0.111956,0.149295,0.188602,0.301027,0.409569,0.330615,0.097965,0.127027,0.10405,0.301917,0.235118,0.135351,0.082721,0.017101,0.175948,0.033467,0.237393,-0.34064,-0.468378,0.180604,0.804887,1.367766,1.671248,8.665735,0.480532,-0.400534,-0.290405,-0.083059,0.573653,0.782185,1.054536,8.464879,0.243139,-0.059894,0.177973,-0.263664,-0.231234,-0.58558,-0.616711,0.093227,0.016366,-0.222998,0.00089,-0.174451,0.582785,0.6497,0.411558,0.429385,1,sparse_vegetation,grade_B_blast_furnace_25to44,25-44% Mn (BF + Medium grade),0.19,38.41,1625.07,1432.68,104.75,293.23,736.99,4.46,6,0.2525,0.5004,0.1417,0.126,30.03,48.93,0.434,GRID_300M_16_18,150.36009405993886,7.3,7.3,7.4,7.4,7.5,7.5,37.7,39.1,41.6,45.4,43.7,44.6,20.7,20.0,18.4,16.7,17.8,18.3,41.6,40.8,40.0,38.0,38.5,37.1,16.1,12.1,8.4,5.2,3.4,2.7,1.53,1.54,1.6,1.63,1.65,1.65,33.2,33.5,33.4,33.6,33.7,33.9,15.4,15.9,17.2,20.0,19.6,19.9,29,MB300-0419,5.194256052907532,,,,,,,,,364.1594416566767,False,,,,,,,,,,,,,,,,,,4814.641725566808,False,True,0.0,Low,Historical Open Pit & Active Mining Lease (High Grade),Bharveli Main Shaft & Central Pit,1812.6,GRID_BHARVELI_COMB_05_18,108.0110126590095,REAL
MASTER_16_19,16,19,21.84946,80.24754,2145.704834,91.451569,0,882,0.09,0.105221,0.138819,0.171621,0.297393,0.384828,0.314931,0.087137,0.11643,0.091681,0.305941,0.239397,0.139692,0.103448,0.018652,0.21777,0.037487,0.277698,-0.366814,-0.471161,0.155313,0.815174,1.294174,1.615699,9.266817,0.535656,-0.444774,-0.342629,-0.086444,0.580665,0.790842,1.048178,9.779488,0.257958,-0.07796,0.128533,-0.241757,-0.234509,-0.503332,-0.567521,0.114322,0.018834,0.566965,0.008549,-0.145431,0.560631,0.6204,0.383644,0.3322,1,sparse_vegetation,grade_B_blast_furnace_25to44,25-44% Mn (BF + Medium grade),0.215,38.8,1625.07,1432.68,104.75,293.23,736.99,4.46,6,0.2525,0.5004,0.1417,0.126,30.03,48.93,0.434,GRID_300M_17_19,153.76149450097907,7.3,7.3,7.4,7.4,7.5,7.6,36.5,38.2,41.5,45.5,43.8,44.8,21.4,20.6,18.5,16.7,17.7,18.1,42.1,41.2,40.1,37.8,38.6,37.0,16.2,12.1,8.4,5.2,3.6,2.9,1.52,1.53,1.59,1.62,1.64,1.64,33.0,33.3,33.0,33.2,33.5,33.7,14.3,14.9,17.0,19.1,18.1,18.1,29,MB300-0420,5.310088737638423,,,,,,,,,654.3922462355692,False,,,,,,,,,,,,,,,,,,4825.6980205309865,False,True,0.0,Low,Historical Open Pit & Active Mining Lease (High Grade),Bharveli Main Shaft & Central Pit,2111.6,GRID_BHARVELI_COMB_05_19,115.19192648338284,REAL
MASTER_16_20,16,20,21.849458,80.250447,2445.102295,91.280487,0,898,0.09,0.102412,0.134563,0.15956,0.288427,0.347093,0.283288,0.095633,0.126379,0.108878,0.311308,0.261486,0.173879,0.431908,0.03148,0.278287,0.044739,0.297927,-0.36575,-0.438636,0.119867,0.809782,1.202466,1.538759,9.21125,0.484992,-0.420745,-0.348244,-0.052604,0.656742,0.851006,1.116905,9.025897,0.187066,-0.054995,0.090393,-0.172472,-0.153041,-0.35146,-0.421854,-0.153621,0.013259,-0.593745,0.022881,-0.085606,0.538359,0.6331,0.362198,0.270601,1,sparse_vegetation,grade_B_blast_furnace_25to44,25-44% Mn (BF + Medium grade),0.217,38.8,1625.07,1432.68,104.75,293.23,736.99,4.46,6,0.2525,0.5004,0.1417,0.126,30.03,48.93,0.434,GRID_300M_17_20,153.94679905891158,7.3,7.3,7.4,7.4,7.5,7.6,36.8,38.6,41.6,45.6,43.7,44.7,21.2,20.4,18.4,16.7,17.7,18.2,42.0,41.1,40.1,37.8,38.6,37.1,16.5,11.8,8.1,5.3,3.6,2.9,1.52,1.53,1.59,1.62,1.63,1.63,33.0,33.4,33.4,33.6,33.7,33.8,14.3,14.5,16.8,18.5,18.0,17.8,29,MB300-0421,3.7274915934413357,,,,,,,,,953.8384340679821,False,,,,,,,,,,,,,,,,,,4822.467942806405,False,True,0.0,Low,Historical Open Pit & Active Mining Lease (High Grade),Bharveli Main Shaft & Central Pit,2410.8,GRID_BHARVELI_COMB_05_20,114.90916065313296,REAL
MASTER_16_21,16,21,21.849455,80.253365,2745.638428,91.146263,0,899,0.09,0.114505,0.148311,0.180461,0.291617,0.365572,0.309783,0.098549,0.125965,0.112702,0.278952,0.249105,0.176183,0.278432,0.030313,0.346072,0.041578,0.2404,-0.327667,-0.424408,0.144908,0.847392,1.257025,1.574731,10.637664,0.426917,-0.375706,-0.323491,-0.028389,0.691505,0.904347,1.131855,12.627374,0.186517,-0.048039,0.100918,-0.173296,-0.155887,-0.352678,-0.442876,0.067641,0.011265,1.872447,-0.012665,-0.116467,0.550898,0.6602,0.370878,0.355951,1,built_up,grade_B_blast_furnace_25to44,25-44% Mn (BF + Medium grade),0.221,39.08,1625.07,1432.68,104.75,293.23,736.99,4.46,6,0.2525,0.5004,0.1417,0.126,30.03,48.93,0.434,GRID_300M_17_21,154.55606530726453,7.4,7.4,7.4,7.5,7.5,7.6,36.8,38.5,41.4,45.0,43.2,44.2,21.0,20.2,18.2,16.6,17.7,18.2,42.2,41.3,40.4,38.4,39.1,37.5,16.5,11.4,7.9,5.3,3.5,2.9,1.52,1.53,1.59,1.62,1.63,1.63,32.7,33.3,33.4,33.5,33.5,33.5,14.3,14.0,16.2,17.8,17.7,17.5,29,MB300-0422,1.3669240517115384,,,,,,,,,1254.8618223294889,False,,,,,,,,,,,,,,,,,,4818.203449848491,False,True,0.0,Very Low,Historical Open Pit & Active Mining Lease (High Grade),Bharveli Main Shaft & Central Pit,2710.2,GRID_BHARVELI_COMB_05_21,114.94196414017486,REAL
MASTER_16_22,16,22,21.849455,80.25628,3045.963135,91.034019,0,900,0.09,0.094852,0.126352,0.146041,0.27503,0.320794,0.250825,0.087914,0.114901,0.096737,0.257842,0.224375,0.144877,0.14112,0.032534,0.218507,0.028257,0.309186,-0.369003,-0.435143,0.112942,0.779222,1.179642,1.533084,6.066079,0.453358,-0.380088,-0.32022,-0.039856,0.637152,0.881291,1.091787,10.931884,0.144172,-0.011086,0.114924,-0.152798,-0.14207,-0.298351,-0.441297,0.077386,-0.004278,4.852251,-0.017188,-0.096419,0.539564,0.6128,0.371562,0.252222,1,sparse_vegetation,grade_B_blast_furnace_25to44,25-44% Mn (BF + Medium grade),0.235,39.08,1625.07,1432.68,104.75,293.23,736.99,4.46,6,0.2525,0.5004,0.1417,0.126,30.03,48.93,0.434,GRID_300M_17_22,154.76166013633812,7.4,7.4,7.4,7.5,7.6,7.6,37.4,39.1,41.8,46.1,44.5,45.6,20.3,19.5,17.8,15.9,17.1,17.7,42.4,41.4,40.5,38.0,38.4,36.8,15.8,11.2,7.6,5.9,3.5,2.8,1.53,1.54,1.59,1.62,1.63,1.63,31.7,32.3,32.5,32.3,32.5,32.5,14.9,14.6,16.7,17.8,17.8,18.0,29,MB300-0423,0.542544042308539,,,,,,,,,1555.7446896024137,False,,,,,,,,,,,,,,,,,,4819.972501034743,False,True,0.0,Very Low,Historical Open Pit & Active Mining Lease (High Grade),Bharveli Main Shaft & Central Pit,3009.8,GRID_BHARVELI_COMB_05_22,115.21372766937831,REAL
MASTER_16_23,16,23,21.849457,80.259201,3346.821777,90.937538,0,888,0.09,0.068892,0.098713,0.093687,0.268074,0.230894,0.152788,0.087625,0.12,0.099061,0.259146,0.237318,0.144184,0.079964,0.024033,0.111265,0.017866,0.483868,-0.461585,-0.395788,-0.024665,0.65524,0.860232,1.351574,4.680632,0.445843,-0.365117,-0.328596,-0.01582,0.606974,0.921558,1.123857,10.139179,-0.038025,0.096468,0.067192,0.008845,-0.048267,0.061326,-0.227717,0.031301,-0.006168,5.447988,-0.008927,0.006425,0.476266,0.5992,0.332371,0.009009,0,sparse_vegetation,grade_B_blast_furnace_25to44,25-44% Mn (BF + Medium grade),0.263,38.9,1625.07,1432.68,104.75,293.23,736.99,4.46,6,0.2525,0.5004,0.1417,0.126,30.03,48.93,0.434,GRID_300M_17_23,154.90851559027132,7.3,7.3,7.4,7.4,7.5,7.6,37.2,39.0,41.4,45.8,44.2,45.3,19.7,18.9,17.4,15.7,16.9,17.3,43.1,42.1,41.2,38.6,38.9,37.4,15.5,11.1,7.7,5.9,3.5,2.8,1.52,1.53,1.58,1.61,1.62,1.63,31.8,32.5,32.7,32.5,32.6,32.6,14.7,14.5,16.7,18.1,18.2,18.6,29,MB300-0424,2.6567731460343627,,,,,,,,,1857.337608394285,False,,,,,,,,,,,,,,,,,,4819.753265012568,False,True,0.0,Very Low,Historical Open Pit & Active Mining Lease (High Grade),Bharveli Main Shaft & Central Pit,3309.4,GRID_BHARVELI_COMB_05_23,115.8939098197576,REAL
MASTER_16_24,16,24,21.849466,80.261772,3611.628418,90.852463,0,678,0.09,0.069443,0.097682,0.096156,0.261232,0.225912,0.150121,0.084092,0.115379,0.090662,0.266786,0.223201,0.13059,0.082483,0.02561,0.111767,0.019268,0.463187,-0.455165,-0.393714,-0.017008,0.659022,0.866705,1.375345,4.533008,0.491728,-0.394549,-0.316926,-0.057316,0.583739,0.840961,1.07227,11.305744,0.028541,0.060616,0.076788,-0.040308,-0.075283,-0.025744,-0.303075,0.029284,-0.006342,6.698021,0.005554,-0.00271,0.48345,0.583,0.345386,0.0,0,sparse_vegetation,non_ore,Background,0.248,38.9,1625.07,1432.68,104.75,293.23,736.99,4.46,6,0.2525,0.5004,0.1417,0.126,30.03,48.93,0.434,GRID_300M_17_24,147.44579710842527,7.3,7.3,7.4,7.4,7.5,7.6,37.3,39.0,41.3,45.7,44.2,45.3,19.5,18.8,17.4,15.6,16.8,17.3,43.2,42.3,41.3,38.7,39.0,37.5,15.3,10.9,7.7,5.9,3.6,2.9,1.52,1.53,1.59,1.62,1.63,1.63,31.8,32.5,32.6,32.5,32.6,32.5,14.4,14.4,16.5,17.6,17.9,18.0,29,MB300-0425,32.30591642708727,,,,,,,,,2122.81949892991,False,,,,,,,,,,,,,,,,,,4820.500812707899,False,True,0.0,Very Low,Historical Open Pit & Active Mining Lease (High Grade),Bharveli Main Shaft & Central Pit,3609.0,GRID_BHARVELI_COMB_05_24,108.33367191397514,REAL
MASTER_17_00,17,0,21.851887,80.192842,3496.933594,273.525085,0,627,0.09,0.089112,0.117923,0.136282,0.259238,0.267324,0.191079,0.088769,0.111143,0.082405,0.245791,0.166145,0.092877,0.137148,0.032742,0.151137,0.022884,0.317098,-0.375271,-0.386209,0.068414,0.710504,1.035888,1.512464,6.567137,0.488016,-0.367619,-0.185127,-0.147374,0.558884,0.680882,0.927101,11.620109,0.170917,0.007652,0.201082,-0.215788,-0.15162,-0.355006,-0.585363,0.013989,-0.009858,5.080922,-0.013448,-0.101179,0.535073,0.618,0.435062,0.188198,1,sparse_vegetation,grade_B_blast_furnace_25to44,25-44% Mn (BF + Medium grade),0.27,38.44,1625.07,1432.68,104.75,293.23,736.99,4.46,6,0.2525,0.5004,0.1417,0.126,30.03,48.93,0.434,GRID_300M_17_00,158.36843460457706,7.5,7.5,7.6,7.6,7.7,7.8,41.7,43.3,45.6,48.1,46.6,46.2,18.0,17.6,15.9,15.3,16.4,17.3,40.3,39.1,38.4,36.6,37.1,36.5,14.7,9.2,6.3,4.9,3.1,2.5,1.54,1.56,1.6,1.62,1.63,1.63,32.4,32.9,32.8,33.0,32.8,32.8,6.1,5.7,5.4,6.2,6.0,8.1,29,MB300-0426,46.2285818778028,,,,,,,,,2000.618322498103,False,,,,,,,,,,,,,,,,,,4826.732639646115,False,True,0.0,High,No Mining History (Barren Country Rock Control),Bharveli West Footwall Baseline,349.1,GRID_BHARVELI_COMB_06_00,126.50328580851712,REAL
MASTER_17_01,17,1,21.851881,80.195325,3241.64502,273.791412,0,888,0.09,0.083252,0.112662,0.12554,0.262671,0.249505,0.172392,0.085651,0.104201,0.079508,0.199698,0.114993,0.062668,0.12124,0.031477,0.099891,0.015951,0.358982,-0.398794,-0.37297,0.031296,0.682903,0.958644,1.483675,5.486431,0.427899,-0.310903,-0.037778,-0.192687,0.545151,0.573419,0.925957,12.100902,0.068916,0.08789,0.335191,-0.223983,-0.137752,-0.385226,-0.557718,-0.021349,-0.015526,6.54889,-0.062973,-0.134511,0.520674,0.6122,0.503953,0.114865,1,waterlogged,grade_B_blast_furnace_25to44,25-44% Mn (BF + Medium grade),0.292,38.44,1625.07,1432.68,104.75,293.23,736.99,4.46,6,0.2525,0.5004,0.1417,0.126,30.03,48.93,0.434,GRID_300M_17_01,134.25936254005376,7.5,7.5,7.6,7.6,7.7,7.8,41.1,42.7,45.0,47.7,46.1,46.0,18.4,17.9,16.2,15.4,16.6,17.4,40.6,39.4,38.8,36.8,37.3,36.6,14.6,9.4,6.4,4.9,3.2,2.5,1.54,1.56,1.6,1.62,1.63,1.63,32.3,32.9,32.9,33.1,32.9,32.8,6.2,5.9,5.8,6.6,6.4,8.2,29,MB300-0427,2.7985762534208427,,,,,,,,,1744.3246768977524,False,,,,,,,,,,,,,,,,,,4823.64603122601,False,True,0.0,High,No Mining History (Barren Country Rock Control),Bharveli West Footwall Baseline,134.9,GRID_BHARVELI_COMB_06_01,94.85382940555932,REAL
MASTER_17_02,17,2,21.851884,80.198247,2941.331299,274.185547,0,851,0.09,0.078609,0.106092,0.11467,0.249511,0.228065,0.15619,0.076244,0.091283,0.071614,0.163599,0.107889,0.060351,0.127471,0.031936,0.108544,0.015691,0.372283,-0.401554,-0.362819,0.017365,0.680289,0.92349,1.445195,5.556979,0.385385,-0.274184,-0.050805,-0.155926,0.555013,0.644807,0.932266,12.242569,0.013102,0.12737,0.312015,-0.173291,-0.125276,-0.278683,-0.512929,-0.018927,-0.016246,6.629993,-0.085912,-0.120176,0.510169,0.6078,0.487183,0.037603,0,sparse_vegetation,grade_B_blast_furnace_25to44,25-44% Mn (BF + Medium grade),0.254,39.06,1625.07,1432.68,104.75,293.23,736.99,4.46,6,0.2525,0.5004,0.1417,0.126,30.03,48.93,0.434,GRID_300M_17_02,135.17628780207204,7.5,7.5,7.6,7.6,7.7,7.8,39.8,41.4,43.5,46.6,44.8,45.5,19.0,18.4,16.9,15.8,17.1,17.4,41.2,40.2,39.6,37.5,38.1,37.1,14.5,9.7,6.5,4.9,3.2,2.5,1.54,1.56,1.6,1.62,1.63,1.63,32.3,33.1,33.1,33.3,33.1,33.0,5.9,5.6,5.7,6.4,6.2,7.6,29,MB300-0428,4.9682684053992885,,,,,,,,,1442.773156146947,False,,,,,,,,,,,,,,,,,,4824.2022117925235,False,True,0.0,High,No Mining History (Barren Country Rock Control),Bharveli West Footwall Baseline,307.4,GRID_BHARVELI_COMB_06_02,95.98745790432932,REAL
MASTER_17_03,17,3,21.851893,80.201092,2649.167969,274.670502,0,865,0.09,0.085946,0.114256,0.131058,0.253791,0.259397,0.185457,0.062523,0.069957,0.050949,0.114226,0.061029,0.03332,0.137979,0.034997,0.127587,0.021065,0.322779,-0.37829,-0.385314,0.063287,0.708166,1.032357,1.51031,6.397066,0.378691,-0.234028,0.079897,-0.228491,0.542149,0.530672,0.810709,10.979956,0.055912,0.144262,0.465211,-0.291778,-0.166017,-0.501685,-0.699601,-0.010392,-0.013932,4.523595,-0.139565,-0.198368,0.533256,0.6213,0.574197,0.027746,0,waterlogged,grade_B_blast_furnace_25to44,25-44% Mn (BF + Medium grade),0.286,39.06,1625.07,1432.68,104.75,293.23,736.99,4.46,6,0.2525,0.5004,0.1417,0.126,30.03,48.93,0.434,GRID_300M_17_03,133.3996491268156,7.5,7.5,7.6,7.6,7.7,7.8,39.8,41.4,42.9,45.9,44.0,45.0,19.4,18.8,17.6,16.5,17.8,18.0,40.7,39.7,39.5,37.5,38.1,36.9,14.6,9.4,6.6,5.3,3.1,2.5,1.54,1.56,1.6,1.62,1.63,1.62,32.6,33.4,33.4,33.6,33.3,33.2,5.5,5.2,5.4,5.9,6.0,7.2,29,MB300-0429,2.3563383206228385,,,,,,,,,1149.3021580599134,False,,,,,,,,,,,,,,,,,,4825.127146814457,False,True,0.0,Medium,No Mining History (Barren Country Rock Control),Bharveli West Footwall Baseline,592.3,GRID_BHARVELI_COMB_06_03,92.98690872046343,REAL
MASTER_17_04,17,4,21.851898,80.203984,2352.385742,275.27475,0,893,0.09,0.087036,0.116419,0.137148,0.256114,0.267894,0.188951,0.140736,0.144494,0.121062,0.203978,0.144018,0.101144,0.113648,0.031666,0.130227,0.018576,0.310165,-0.376085,-0.389569,0.075074,0.698225,1.046455,1.556041,5.334545,0.328166,-0.224747,-0.017966,-0.157209,0.649428,0.670471,0.881412,12.011812,0.018001,0.151338,0.371603,-0.232284,-0.048796,-0.375984,-0.67463,0.016579,-0.01309,6.62254,-0.052135,-0.123876,0.545999,0.6259,0.518676,0.110862,1,waterlogged,grade_B_blast_furnace_25to44,25-44% Mn (BF + Medium grade),0.257,39.06,1625.07,1432.68,104.75,293.23,736.99,4.46,6,0.2525,0.5004,0.1417,0.126,30.03,48.93,0.434,GRID_300M_17_04,133.28834386948452,7.5,7.5,7.6,7.6,7.7,7.8,39.2,40.9,42.4,45.6,43.6,44.8,19.8,19.2,17.9,16.8,18.1,18.2,41.0,39.9,39.7,37.6,38.3,37.0,14.6,9.3,6.7,5.5,3.4,2.6,1.54,1.56,1.6,1.62,1.63,1.63,31.3,32.6,32.3,32.6,32.3,31.8,5.5,5.3,5.4,5.8,6.0,7.3,29,MB300-0430,3.8316088695532295,,,,,,,,,851.36638702052,False,,,,,,,,,,,,,,,,,,4822.671476520676,False,True,0.0,Medium,No Mining History (Barren Country Rock Control),Bharveli West Footwall Baseline,887.2,GRID_BHARVELI_COMB_06_04,92.55560043735223,REAL
MASTER_17_05,17,5,21.851966,80.206891,2055.086914,276.252808,0,898,0.09,0.083012,0.110267,0.126952,0.246199,0.254418,0.18067,0.24101,0.225231,0.191096,0.266357,0.197694,0.149031,0.137254,0.037209,0.138263,0.017852,0.323321,-0.380919,-0.392457,0.069127,0.705505,1.035332,1.518459,5.310205,0.187601,-0.099441,0.064891,-0.142252,0.731171,0.741194,0.807895,13.850105,-0.13572,0.281477,0.457348,-0.211379,0.025666,-0.294138,-0.710564,0.001009,-0.019358,8.42231,0.020158,-0.056723,0.536133,0.6087,0.555706,0.025612,0,waterlogged,grade_B_blast_furnace_25to44,25-44% Mn (BF + Medium grade),0.247,39.08,1625.07,1432.68,104.75,293.23,736.99,4.46,6,0.2525,0.5004,0.1417,0.126,30.03,48.93,0.434,GRID_300M_17_05,140.30405497627947,7.5,7.5,7.6,7.6,7.8,7.8,38.6,40.2,42.1,45.7,43.8,45.0,19.7,19.1,17.8,16.6,18.0,18.1,41.7,40.7,40.1,37.7,38.2,36.9,14.1,9.1,6.8,5.6,3.5,2.8,1.54,1.57,1.61,1.62,1.63,1.63,30.7,32.0,31.9,32.0,31.7,31.6,6.2,6.3,6.6,7.0,7.1,8.3,29,MB300-0431,3.5899495391075398,,,,,,,,,551.9086282083525,False,,,,,,,,,,,,,,,,,,4828.375333366039,False,True,0.0,Medium,No Mining History (Barren Country Rock Control),Bharveli West Footwall Baseline,1184.6,GRID_BHARVELI_COMB_06_05,98.92668368446648,REAL
MASTER_17_06,17,6,21.851978,80.209808,1756.878296,277.362396,0,898,0.09,0.074883,0.100734,0.105754,0.248248,0.229643,0.158761,0.132459,0.130878,0.103602,0.197714,0.146133,0.091212,0.149682,0.036035,0.208492,0.028324,0.404972,-0.420887,-0.387254,0.013376,0.683772,0.9375,1.396331,5.600096,0.330323,-0.218822,-0.065461,-0.138415,0.615179,0.741589,0.808956,11.288506,-0.074649,0.202066,0.321793,-0.151792,-0.068594,-0.195911,-0.587375,0.05881,-0.00771,5.652275,-0.050534,-0.083511,0.497836,0.605,0.482443,0.028953,0,waterlogged,grade_B_blast_furnace_25to44,25-44% Mn (BF + Medium grade),0.35,39.08,1625.07,1432.68,104.75,293.23,736.99,4.46,6,0.2525,0.5004,0.1417,0.126,30.03,48.93,0.434,GRID_300M_17_06,141.8829153179581,7.5,7.5,7.6,7.6,7.8,7.8,37.6,39.6,41.6,45.5,44.0,45.0,19.8,18.9,17.8,16.5,17.9,17.8,42.6,41.5,40.6,38.0,38.2,37.1,13.9,9.6,6.8,5.6,3.5,2.8,1.55,1.56,1.61,1.62,1.63,1.63,30.6,32.0,31.9,31.9,31.7,31.7,7.1,7.2,7.6,8.1,8.2,9.3,29,MB300-0432,2.830543625904584,,,,,,,,,255.39914226152916,False,,,,,,,,,,,,,,,,,,4837.2394150967675,False,True,0.0,Low,No Mining History (Barren Country Rock Control),Bharveli West Footwall Baseline,1483.1,GRID_BHARVELI_COMB_06_06,100.54848070525873,REAL
MASTER_17_07,17,7,21.851956,80.212724,1459.060547,278.778412,0,879,0.09,0.085141,0.112255,0.128084,0.251652,0.275039,0.20501,0.289867,0.276643,0.244957,0.311239,0.259655,0.206481,0.161271,0.036722,0.159222,0.025822,0.328235,-0.381684,-0.417295,0.084799,0.739108,1.103917,1.49075,6.549796,0.159079,-0.092313,0.003403,-0.088652,0.770328,0.829346,0.866983,11.130148,-0.169156,0.289371,0.420698,-0.173451,0.031219,-0.274571,-0.623766,-0.002049,-0.0109,4.509435,0.059587,-0.015383,0.530517,0.6099,0.525951,0.060296,0,waterlogged,grade_B_blast_furnace_25to44,25-44% Mn (BF + Medium grade),0.302,39.08,1625.07,1432.68,104.75,293.23,736.99,4.46,6,0.2525,0.5004,0.1417,0.126,30.03,48.93,0.434,GRID_300M_17_07,139.86053552246688,7.5,7.6,7.6,7.6,7.7,7.8,37.0,39.2,41.1,45.1,43.5,44.6,20.0,19.0,17.9,16.6,18.1,18.0,43.0,41.8,41.0,38.2,38.3,37.4,13.6,9.9,6.9,5.6,3.6,2.8,1.54,1.56,1.61,1.62,1.63,1.63,30.5,31.9,31.6,31.7,31.6,31.6,6.9,6.8,7.3,8.0,8.0,9.1,29,MB300-0433,1.4221638933161924,304.8346,1.03,349.9257,-0.0116,0.5419,-0.0385,1.8449,BHV300-0045,89.67169398190875,True,,,,,,,,,,,,,,,,,,4861.02521169733,False,True,0.0,Low,Historical Open Pit & Active Mining Lease (High Grade),Bharveli Main Shaft & Central Pit,1501.0,GRID_BHARVELI_COMB_06_07,98.807463227512,REAL
MASTER_17_08,17,8,21.851979,80.215643,1163.268677,281.163452,0,895,0.09,0.09938,0.12893,0.151369,0.274785,0.306859,0.238637,0.297394,0.278975,0.244876,0.316315,0.268835,0.203852,0.16757,0.030838,0.26759,0.030727,0.296864,-0.362545,-0.408645,0.095771,0.772408,1.124658,1.509325,8.642957,0.13615,-0.068684,0.017527,-0.09115,0.747984,0.847718,0.828667,13.280061,-0.160714,0.293861,0.426172,-0.186921,-0.024424,-0.27694,-0.680658,0.10002,-0.000111,4.622359,0.041531,-0.038024,0.534108,0.6295,0.532938,0.096089,0,waterlogged,grade_B_blast_furnace_25to44,25-44% Mn (BF + Medium grade),0.224,38.99,1625.07,1432.68,104.75,293.23,736.99,4.46,6,0.2525,0.5004,0.1417,0.126,30.03,48.93,0.434,GRID_300M_17_08,142.65932501679072,7.5,7.5,7.6,7.6,7.7,7.8,36.3,38.7,40.1,44.3,42.7,43.7,20.4,19.4,18.4,17.0,18.5,18.4,43.2,42.0,41.5,38.7,38.8,37.9,13.6,9.2,6.9,5.6,3.5,2.8,1.55,1.57,1.61,1.62,1.64,1.63,31.1,32.1,31.8,32.0,31.8,31.7,6.8,6.7,7.5,8.7,9.2,10.4,29,MB300-0434,2.3868228433899596,305.8121,0.8358,294.8671,0.014,0.5114,0.049,1.7296,BHV300-0046,89.91957878367866,True,,,,,,,,,,,,,,,,,,4908.229132180318,False,True,0.0,Low,Historical Open Pit & Active Mining Lease (High Grade),Bharveli Main Shaft & Central Pit,1202.6,GRID_BHARVELI_COMB_06_08,101.58746436832173,REAL
MASTER_17_09,17,9,21.851977,80.218556,870.66864,284.97644,1,899,0.09,0.100501,0.128871,0.151371,0.273998,0.31651,0.256567,0.423625,0.409336,0.384372,0.459062,0.447112,0.361324,0.176491,0.035553,0.267729,0.047509,0.293154,-0.361897,-0.423838,0.108881,0.808548,1.161305,1.50401,7.409185,0.117471,-0.079072,-0.059025,-0.03518,0.790888,0.963429,0.903015,8.246496,-0.175684,0.282825,0.364813,-0.14406,-0.01766,-0.197876,-0.600995,0.091237,0.011956,0.875013,0.185064,0.130602,0.531011,0.6117,0.492935,0.260289,1,waterlogged,grade_B_blast_furnace_25to44,25-44% Mn (BF + Medium grade),0.23,38.99,1625.07,1432.68,104.75,293.23,736.99,4.46,6,0.2525,0.5004,0.1417,0.126,30.03,48.93,0.434,GRID_300M_17_09,142.64304633271013,7.4,7.5,7.5,7.6,7.7,7.8,36.4,38.6,40.2,44.6,43.1,44.1,21.2,20.1,18.9,17.2,18.6,18.6,42.5,41.3,40.9,38.1,38.3,37.3,14.0,8.5,6.7,5.7,3.5,3.2,1.56,1.58,1.61,1.63,1.64,1.64,31.0,31.9,31.7,31.7,31.7,31.6,9.2,8.6,10.3,11.8,13.2,13.9,29,MB300-0435,3.954833115821165,304.553,1.848,23.0848,-0.0255,0.983,-0.0854,3.374,BHV300-0047,91.95347085897419,True,,,,,,,,,,,,,,,,,,4970.457729820647,False,True,0.0,Medium,Historical Open Pit & Active Mining Lease (High Grade),Bharveli Main Shaft & Central Pit,905.2,GRID_BHARVELI_COMB_06_09,101.60979401717259,REAL
MASTER_17_10,17,10,21.851975,80.221425,589.965942,292.392975,1,870,0.09,0.090649,0.120885,0.14491,0.283662,0.305556,0.226398,0.200753,0.204834,0.173526,0.30362,0.235786,0.15811,0.154747,0.039045,0.196948,0.039946,0.329639,-0.403,-0.433196,0.089027,0.737924,1.084182,1.581668,6.152525,0.301022,-0.212987,-0.074405,-0.117798,0.640852,0.759265,0.854229,7.379216,-0.028617,0.190013,0.358791,-0.206825,-0.097072,-0.324917,-0.72744,0.042201,0.000901,1.227167,0.019958,-0.069771,0.54373,0.6154,0.497761,0.158621,1,sparse_vegetation,grade_B_blast_furnace_25to44,25-44% Mn (BF + Medium grade),0.255,38.99,1625.07,1432.68,104.75,293.23,736.99,4.46,6,0.2525,0.5004,0.1417,0.126,30.03,48.93,0.434,GRID_300M_17_10,140.98936555594847,7.4,7.5,7.5,7.6,7.7,7.8,36.5,38.7,40.5,44.9,43.5,44.5,21.7,20.6,19.2,17.4,18.5,18.6,41.8,40.7,40.3,37.7,38.0,36.8,14.3,8.6,6.7,5.8,3.9,4.0,1.56,1.57,1.61,1.63,1.64,1.64,31.0,31.9,31.6,31.9,31.8,31.7,12.2,11.7,14.1,15.0,16.4,17.0,29,MB300-0436,3.7862900238029678,304.399,1.5782,189.3395,0.0176,0.8567,0.0585,2.9074,BHV300-0048,91.2086297473093,True,,,,,,,,,,,,,,,,,,5048.560260192188,False,True,1.0,Medium,Historical Open Pit & Active Mining Lease (High Grade),Bharveli Main Shaft & Central Pit,610.5,GRID_BHARVELI_COMB_06_10,99.33911651590697,REAL
MASTER_17_11,17,11,21.852024,80.224299,339.462524,312.712921,1,910,0.09,0.091629,0.116316,0.13578,0.24464,0.275513,0.212465,0.123867,0.136114,0.109829,0.25092,0.182558,0.112018,0.168957,0.036668,0.25611,0.034069,0.286516,-0.351118,-0.40538,0.09911,0.772173,1.142085,1.480529,6.568435,0.387303,-0.292233,-0.135435,-0.126502,0.603724,0.735205,0.88551,10.916689,0.100787,0.058884,0.269945,-0.225612,-0.168449,-0.40688,-0.59502,0.087153,-0.002599,4.318077,0.00628,-0.092955,0.532616,0.615,0.464993,0.179121,1,sparse_vegetation,grade_B_blast_furnace_25to44,25-44% Mn (BF + Medium grade),0.294,38.74,1625.07,1432.68,104.75,293.23,736.99,4.46,6,0.2525,0.5004,0.1417,0.126,30.03,48.93,0.434,GRID_300M_17_11,144.94864016523042,7.5,7.5,7.6,7.6,7.7,7.8,37.1,39.1,40.9,45.1,43.6,44.7,22.0,20.9,19.5,17.5,18.6,18.8,41.0,40.0,39.6,37.3,37.8,36.5,15.2,9.3,6.9,6.0,4.4,3.8,1.56,1.57,1.61,1.63,1.64,1.64,31.8,32.5,32.3,32.5,32.3,32.0,14.1,13.4,16.1,18.0,18.1,18.0,29,MB300-0437,3.1076589997481316,304.2448,1.1973,161.7925,-0.0061,0.717,-0.0235,2.5045,BHV300-0049,86.2942728341783,True,,,,,,,,,,,,,,,,,,5115.013760288126,False,True,1.0,High,Historical Open Pit & Active Mining Lease (High Grade),Bharveli Main Shaft & Central Pit,325.5,GRID_BHARVELI_COMB_06_11,102.5472158904786,REAL
MASTER_17_12,17,12,21.852065,80.227211,240.174469,12.152766,1,900,0.09,0.099243,0.108381,0.116389,0.150203,0.192177,0.180143,0.144623,0.147811,0.14009,0.207911,0.22063,0.18114,0.814028,0.060964,0.576349,0.050826,0.117201,-0.149721,-0.274481,0.107321,0.94037,1.308233,1.173554,12.305942,0.187898,-0.161089,-0.196477,0.0131,0.819423,1.085903,0.970707,13.412547,0.070697,-0.011368,0.078004,-0.094221,-0.120947,-0.222331,-0.202847,-0.237679,-0.010137,1.288076,0.057708,0.028454,0.487331,0.5509,0.384023,0.042222,0,built_up,grade_B_blast_furnace_25to44,25-44% Mn (BF + Medium grade),0.114,38.74,1625.07,1432.68,104.75,293.23,736.99,4.46,6,0.2525,0.5004,0.1417,0.126,30.03,48.93,0.434,GRID_300M_17_12,149.4172075449135,6.8,6.8,6.8,6.7,6.9,7.0,40.1,41.6,43.0,47.9,46.2,46.5,21.0,20.3,19.2,17.0,18.6,19.1,38.8,38.1,37.8,35.1,35.2,34.4,19.8,14.9,9.2,5.8,4.1,3.5,1.52,1.54,1.57,1.62,1.63,1.64,31.6,32.4,32.2,32.5,32.6,31.8,20.0,20.1,21.3,24.7,26.1,25.9,29,MB300-0438,3.889691498445848,307.7517,3.3623,294.4832,-0.0218,1.557,-0.0681,5.3627,BHV300-0050,84.38274644599416,True,,,,,,,,,,,,,,,,,,5120.585633325829,False,True,1.0,High,Historical Open Pit & Active Mining Lease (High Grade),Bharveli Main Shaft & Central Pit,138.6,GRID_BHARVELI_COMB_06_12,106.79933889553052,REAL
MASTER_17_13,17,13,21.852068,80.23013,422.671844,56.212425,1,898,0.09,0.082283,0.097963,0.106797,0.207347,0.239484,0.193932,0.117184,0.131269,0.101832,0.35015,0.237906,0.138027,0.160202,0.038578,0.278074,0.053233,0.317284,-0.350461,-0.41588,0.083756,0.806808,1.186067,1.288399,6.353641,0.540295,-0.445804,-0.292218,-0.157699,0.577535,0.706735,0.8612,9.43901,0.223011,-0.095343,0.123663,-0.241455,-0.229272,-0.479333,-0.427199,0.117872,0.014655,3.139896,0.142803,-0.001577,0.493099,0.5968,0.394869,0.197105,1,sparse_vegetation,grade_B_blast_furnace_25to44,25-44% Mn (BF + Medium grade),0.333,38.74,1625.07,1432.68,104.75,293.23,736.99,4.46,6,0.2525,0.5004,0.1417,0.126,30.03,48.93,0.434,GRID_300M_17_13,150.08576537654986,6.9,7.0,7.0,7.0,7.1,7.2,40.8,42.1,43.4,47.9,46.4,46.5,20.6,20.0,18.9,16.8,18.4,19.0,38.6,37.9,37.7,35.2,35.2,34.4,18.2,13.8,10.1,6.4,4.1,3.4,1.52,1.54,1.58,1.63,1.64,1.64,31.9,32.6,32.4,32.5,32.7,32.4,21.0,21.0,22.1,25.4,26.5,27.4,29,MB300-0439,2.069285470312559,341.9341,13.4144,271.8428,0.1034,5.9796,0.3375,19.6578,BHV300-0051,86.30537070053587,True,,,,,,,,,,,,,,,,,,5119.362964311949,False,True,1.0,High,Historical Open Pit & Active Mining Lease (High Grade),Bharveli Main Shaft & Central Pit,335.4,GRID_BHARVELI_COMB_06_13,107.5870999819045,REAL
MASTER_17_14,17,14,21.852072,80.233043,692.697266,70.119484,1,884,0.09,0.085311,0.107343,0.11781,0.243012,0.265385,0.208898,0.116244,0.133259,0.108477,0.329435,0.237278,0.146119,0.234558,0.049379,0.479265,0.08807,0.360243,-0.392888,-0.43341,0.073512,0.778854,1.111569,1.359941,6.479937,0.506817,-0.419159,-0.269509,-0.138309,0.597605,0.722835,0.908624,9.555885,0.146574,-0.02627,0.163901,-0.211821,-0.181249,-0.388734,-0.451317,0.244707,0.038691,3.014538,0.086424,-0.028106,0.498522,0.5842,0.405232,0.143665,1,sparse_vegetation,grade_B_blast_furnace_25to44,25-44% Mn (BF + Medium grade),0.44,38.33,1625.07,1432.68,104.75,293.23,736.99,4.46,6,0.2525,0.5004,0.1417,0.126,30.03,48.93,0.434,GRID_300M_17_14,150.67035857042947,7.2,7.2,7.3,7.2,7.3,7.4,41.8,42.6,44.0,48.0,46.5,46.5,20.1,19.7,18.6,16.9,18.4,19.0,38.1,37.8,37.5,35.1,35.1,34.5,19.1,13.9,11.3,7.2,4.6,3.8,1.53,1.54,1.58,1.65,1.66,1.67,33.0,33.5,33.2,33.4,33.6,33.8,22.5,22.5,23.6,26.7,27.5,28.9,29,MB300-0440,1.1272318986363865,364.6431,7.791,191.8393,-0.1488,3.497,-0.4948,11.9537,BHV300-0052,87.73312274802137,True,,,,,,,,,,,,,,,,,,5115.0983641677785,False,True,1.0,Medium,Historical Open Pit & Active Mining Lease (High Grade),Bharveli Main Shaft & Central Pit,621.1,GRID_BHARVELI_COMB_06_14,108.16721892487455,REAL
MASTER_17_15,17,15,21.852068,80.235961,980.606873,76.130859,1,900,0.09,0.065613,0.086614,0.101265,0.227487,0.288636,0.217767,0.094541,0.107565,0.075267,0.295743,0.18537,0.094827,0.276916,0.053174,0.55391,0.115498,0.383898,-0.446656,-0.538125,0.140672,0.754427,1.277919,1.537317,6.36299,0.587147,-0.457361,-0.240234,-0.208423,0.50675,0.611467,0.799041,7.291343,0.203248,-0.010706,0.297891,-0.349095,-0.247677,-0.666452,-0.738275,0.276994,0.062325,0.938003,0.068256,-0.103266,0.54302,0.6414,0.465898,0.032222,0,sparse_vegetation,grade_B_blast_furnace_25to44,25-44% Mn (BF + Medium grade),0.4,38.33,1625.07,1432.68,104.75,293.23,736.99,4.46,6,0.2525,0.5004,0.1417,0.126,30.03,48.93,0.434,GRID_300M_17_15,150.54314258429008,7.2,7.2,7.3,7.2,7.3,7.4,42.1,42.6,44.0,47.7,46.3,46.3,19.6,19.4,18.2,16.7,18.2,18.8,38.4,38.1,37.8,35.6,35.5,34.9,19.8,14.2,11.3,7.2,4.7,3.9,1.53,1.54,1.58,1.65,1.66,1.67,33.4,33.7,33.5,33.6,33.8,34.1,23.3,23.2,24.3,27.3,28.0,29.4,29,MB300-0441,2.296513672743933,352.8907,14.1155,120.648,0.1106,6.2713,0.3739,20.3446,BHV300-0053,90.26594641050801,True,,,,,,,,,,,,,,,,,,5115.861188632218,False,True,0.0,Medium,Historical Open Pit & Active Mining Lease (High Grade),Bharveli Main Shaft & Central Pit,916.0,GRID_BHARVELI_COMB_06_15,108.21871018391167,REAL
MASTER_17_16,17,16,21.852083,80.238873,1274.276489,79.290306,0,863,0.09,0.099248,0.136265,0.182787,0.262602,0.377216,0.319302,0.150406,0.173578,0.156918,0.339687,0.314868,0.206835,0.089704,0.013722,0.19172,0.037115,0.188741,-0.321875,-0.47319,0.212227,0.843757,1.43837,1.827406,12.795179,0.383922,-0.336297,-0.298455,-0.023419,0.646369,0.930192,1.074142,9.713408,0.195181,-0.014421,0.174734,-0.235645,-0.197388,-0.508178,-0.753264,0.102016,0.023392,-3.114569,0.077086,-0.062348,0.612559,0.6681,0.404358,0.413673,1,built_up,grade_B_blast_furnace_25to44,25-44% Mn (BF + Medium grade),0.166,38.33,1625.07,1432.68,104.75,293.23,736.99,4.46,6,0.2525,0.5004,0.1417,0.126,30.03,48.93,0.434,GRID_300M_17_16,152.25738283472228,7.2,7.2,7.3,7.3,7.4,7.4,41.2,41.7,43.3,47.3,45.8,46.1,19.5,19.3,18.2,16.7,18.1,18.8,39.3,39.0,38.5,36.0,36.0,35.1,17.8,13.8,8.7,5.6,3.7,3.1,1.53,1.54,1.58,1.64,1.65,1.66,34.1,34.2,33.9,34.2,34.2,34.7,21.1,21.4,22.0,24.7,26.4,28.1,29,MB300-0442,2.9961357668917747,318.5694,3.0016,126.2735,-0.0298,1.3002,-0.0996,4.2259,BHV300-0054,90.67743688405841,True,,,,,,,,,,,,,,,,,,5117.088165184319,False,True,0.0,Low,Historical Open Pit & Active Mining Lease (High Grade),Bharveli Main Shaft & Central Pit,1213.4,GRID_BHARVELI_COMB_06_16,109.85448834660885,REAL
MASTER_17_17,17,17,21.852056,80.241737,1564.709106,81.408318,0,817,0.09,0.138825,0.19659,0.260065,0.319652,0.443998,0.375668,0.133841,0.176357,0.176834,0.300944,0.322565,0.220459,0.058159,0.007542,0.122088,0.020846,0.106842,-0.242389,-0.39107,0.212872,0.846136,1.39995,1.872031,14.341391,0.253079,-0.244465,-0.270244,0.060035,0.674397,1.067404,1.303658,10.858054,0.146238,-0.002075,0.120826,-0.152838,-0.171739,-0.332545,-0.568373,0.063929,0.013304,-3.350033,-0.018708,-0.121433,0.62846,0.6667,0.385376,0.433293,1,built_up,grade_B_blast_furnace_25to44,25-44% Mn (BF + Medium grade),0.142,38.8,1625.07,1432.68,104.75,293.23,736.99,4.46,6,0.2525,0.5004,0.1417,0.126,30.03,48.93,0.434,GRID_300M_17_17,147.99419351077032,7.2,7.3,7.3,7.3,7.4,7.4,40.1,40.8,42.6,46.7,45.4,46.0,19.9,19.7,18.5,16.9,18.3,18.9,40.0,39.5,38.8,36.4,36.3,35.1,16.5,12.9,7.9,5.4,3.5,2.9,1.53,1.55,1.58,1.63,1.64,1.65,34.5,34.5,34.1,34.3,34.3,34.8,19.9,20.8,21.3,23.5,25.3,27.2,18,MB300-0443,5.354062153188552,311.9231,1.3564,123.3324,-0.0064,0.588,-0.0223,1.9525,BHV300-0055,91.86140006689615,True,,,,,,,,,,,,,,,,,,5114.106033767153,False,True,0.0,Low,Historical Open Pit & Active Mining Lease (High Grade),Bharveli Main Shaft & Central Pit,1511.8,GRID_BHARVELI_COMB_06_17,105.19681261728074,REAL
MASTER_17_18,17,18,21.85215,80.244629,1861.179443,82.459,0,887,0.09,0.113294,0.155304,0.201784,0.292821,0.416874,0.335467,0.11976,0.149276,0.127231,0.298911,0.23908,0.149625,0.075283,0.012196,0.142654,0.026508,0.192083,-0.311476,-0.459051,0.204673,0.802322,1.429187,1.76785,11.8408,0.406411,-0.330988,-0.225947,-0.075459,0.612059,0.803864,1.05943,9.065094,0.214328,-0.019512,0.233104,-0.280132,-0.190263,-0.625323,-0.70842,0.067372,0.014313,-2.664863,0.00609,-0.177793,0.609412,0.6719,0.442944,0.45434,1,built_up,grade_B_blast_furnace_25to44,25-44% Mn (BF + Medium grade),0.116,38.8,1625.07,1432.68,104.75,293.23,736.99,4.46,6,0.2525,0.5004,0.1417,0.126,30.03,48.93,0.434,GRID_300M_18_18,154.77445071298956,7.3,7.3,7.4,7.3,7.4,7.4,38.1,39.3,41.5,45.2,43.9,44.7,19.8,19.3,17.9,16.6,17.8,18.5,42.0,41.4,40.6,38.2,38.4,36.8,17.2,11.7,8.2,5.3,3.4,2.7,1.54,1.55,1.59,1.64,1.66,1.66,33.4,33.6,33.6,33.8,33.9,34.0,17.0,17.9,19.2,21.9,23.0,23.8,29,MB300-0444,4.319953587396875,,,,,,,,,357.9532945809397,False,,,,,,,,,,,,,,,,,,5124.584225497959,False,True,0.0,Low,Historical Open Pit & Active Mining Lease (High Grade),Bharveli Main Shaft & Central Pit,1810.7,GRID_BHARVELI_COMB_06_18,114.14613738230832,REAL
MASTER_17_19,17,19,21.852157,80.247536,2158.536133,83.483345,0,888,0.09,0.110724,0.148068,0.189698,0.298595,0.399346,0.327215,0.092236,0.121485,0.102014,0.27819,0.203516,0.119758,0.090519,0.016679,0.166199,0.027213,0.225634,-0.337618,-0.459854,0.17935,0.818995,1.340766,1.709182,8.597515,0.463765,-0.390894,-0.240431,-0.100767,0.584859,0.729027,1.104129,9.753926,0.238131,-0.053276,0.219423,-0.280117,-0.234137,-0.611739,-0.605053,0.07568,0.010534,1.124785,-0.020406,-0.195831,0.586203,0.6591,0.436158,0.422297,1,sparse_vegetation,grade_B_blast_furnace_25to44,25-44% Mn (BF + Medium grade),0.236,38.8,1625.07,1432.68,104.75,293.23,736.99,4.46,6,0.2525,0.5004,0.1417,0.126,30.03,48.93,0.434,GRID_300M_18_19,153.968418254804,7.3,7.3,7.4,7.4,7.5,7.5,36.7,38.4,41.8,45.8,44.1,44.9,21.5,20.7,18.6,16.7,17.8,18.3,41.8,40.9,39.5,37.5,38.1,36.7,17.0,11.3,8.4,5.3,3.5,2.9,1.52,1.53,1.58,1.62,1.64,1.64,33.1,33.4,33.3,33.5,33.6,33.8,14.9,15.2,17.2,19.7,19.1,19.1,29,MB300-0445,3.534507480095257,,,,,,,,,655.5701033283265,False,,,,,,,,,,,,,,,,,,5125.9253024822,False,True,0.0,Low,Historical Open Pit & Active Mining Lease (High Grade),Bharveli Main Shaft & Central Pit,2110.0,GRID_BHARVELI_COMB_06_19,114.83388369843388,REAL
MASTER_17_20,17,20,21.852159,80.250447,2456.739746,84.272064,0,900,0.09,0.096949,0.132717,0.156864,0.303464,0.353741,0.278749,0.07565,0.103514,0.077143,0.288827,0.210458,0.118351,0.121165,0.025596,0.190025,0.034257,0.332244,-0.395617,-0.452452,0.109339,0.777884,1.162585,1.586441,7.617883,0.5755,-0.468878,-0.33543,-0.120008,0.559733,0.733529,1.014414,7.842535,0.243256,-0.073261,0.117021,-0.229348,-0.218151,-0.429056,-0.572028,0.06886,0.008661,0.256425,-0.014637,-0.143283,0.543053,0.6257,0.380681,0.265556,1,sparse_vegetation,grade_B_blast_furnace_25to44,25-44% Mn (BF + Medium grade),0.255,38.8,1625.07,1432.68,104.75,293.23,736.99,4.46,6,0.2525,0.5004,0.1417,0.126,30.03,48.93,0.434,GRID_300M_18_20,153.8398226020293,7.3,7.3,7.4,7.4,7.5,7.5,37.1,38.8,41.8,46.0,44.2,45.1,21.4,20.6,18.6,16.7,17.6,18.1,41.5,40.6,39.7,37.4,38.1,36.8,17.1,11.4,8.1,5.2,3.6,2.8,1.52,1.53,1.58,1.62,1.63,1.63,33.1,33.6,33.6,33.8,33.8,34.0,13.9,14.0,16.4,18.3,17.7,17.8,29,MB300-0446,2.0591117820639364,,,,,,,,,955.3550320515077,False,,,,,,,,,,,,,,,,,,5123.138242329254,False,True,0.0,Low,Historical Open Pit & Active Mining Lease (High Grade),Bharveli Main Shaft & Central Pit,2409.4,GRID_BHARVELI_COMB_06_20,115.11646348730503,REAL
MASTER_17_21,17,21,21.852159,80.253365,2756.031738,84.896568,0,899,0.09,0.108454,0.14383,0.172589,0.307567,0.360477,0.297283,0.085152,0.114098,0.094028,0.299774,0.247942,0.160967,0.148614,0.025339,0.324247,0.046385,0.290382,-0.365422,-0.431267,0.116256,0.819132,1.178159,1.574586,7.88802,0.52618,-0.447579,-0.36954,-0.066579,0.633104,0.842258,1.081055,9.055953,0.235798,-0.082156,0.061726,-0.182835,-0.186028,-0.3359,-0.493532,0.175634,0.021046,1.171209,-0.007793,-0.112535,0.541342,0.6285,0.351975,0.279199,1,sparse_vegetation,grade_B_blast_furnace_25to44,25-44% Mn (BF + Medium grade),0.212,39.08,1625.07,1432.68,104.75,293.23,736.99,4.46,6,0.2525,0.5004,0.1417,0.126,30.03,48.93,0.434,GRID_300M_18_21,154.1289230749216,7.3,7.3,7.4,7.4,7.5,7.5,37.2,38.9,41.7,45.8,44.1,45.0,21.3,20.5,18.5,16.6,17.7,18.2,41.5,40.5,39.8,37.7,38.2,36.7,16.8,11.5,7.8,5.1,3.5,2.7,1.51,1.53,1.58,1.61,1.62,1.62,32.9,33.5,33.6,33.8,33.8,33.7,14.2,14.0,16.2,18.0,17.4,17.6,29,MB300-0447,0.6151564847399208,,,,,,,,,1256.3455857085596,False,,,,,,,,,,,,,,,,,,5119.209718712667,False,True,0.0,Very Low,Historical Open Pit & Active Mining Lease (High Grade),Bharveli Main Shaft & Central Pit,2709.0,GRID_BHARVELI_COMB_06_21,115.45857113270647,REAL
MASTER_17_22,17,22,21.852158,80.25628,3055.245117,85.398293,0,899,0.09,0.101394,0.132225,0.15319,0.292477,0.335237,0.270743,0.091927,0.117135,0.099469,0.291122,0.245292,0.163309,0.196008,0.036102,0.351656,0.04638,0.314618,-0.374585,-0.434838,0.103463,0.806498,1.163083,1.505619,8.009084,0.488304,-0.420468,-0.353667,-0.056674,0.65452,0.864592,1.065313,10.616801,0.173686,-0.045883,0.081171,-0.160137,-0.151978,-0.298491,-0.440306,0.155648,0.010279,2.190249,-0.001355,-0.089945,0.527639,0.6102,0.356709,0.187987,1,sparse_vegetation,grade_B_blast_furnace_25to44,25-44% Mn (BF + Medium grade),0.241,39.08,1625.07,1432.68,104.75,293.23,736.99,4.46,6,0.2525,0.5004,0.1417,0.126,30.03,48.93,0.434,GRID_300M_18_22,154.44172032040416,7.3,7.3,7.4,7.4,7.5,7.5,37.9,39.6,42.4,46.5,44.9,46.0,20.3,19.5,17.7,15.8,16.9,17.5,41.8,40.9,39.9,37.8,38.1,36.6,16.4,11.6,7.6,5.7,3.4,2.6,1.52,1.53,1.58,1.61,1.62,1.62,32.1,32.7,32.8,32.8,32.9,32.9,15.2,14.9,17.3,18.3,17.9,18.6,29,MB300-0448,2.1411858975892435,,,,,,,,,1557.2260684064172,False,,,,,,,,,,,,,,,,,,5120.868161140315,False,True,0.0,Very Low,Historical Open Pit & Active Mining Lease (High Grade),Bharveli Main Shaft & Central Pit,3008.6,GRID_BHARVELI_COMB_06_22,115.62601219850293,REAL
MASTER_17_23,17,23,21.852158,80.259195,3354.774902,85.81073,0,898,0.09,0.095888,0.127515,0.143979,0.292448,0.320179,0.255365,0.095358,0.123255,0.105969,0.289235,0.255543,0.171024,0.206449,0.03289,0.259996,0.038457,0.348942,-0.394063,-0.431944,0.08138,0.788508,1.107892,1.487056,7.771845,0.465788,-0.399944,-0.349158,-0.03606,0.657115,0.899241,1.096792,11.37678,0.116846,-0.005881,0.082787,-0.11744,-0.131393,-0.208651,-0.390264,0.053547,0.005567,3.70456,-0.003214,-0.064636,0.517694,0.6406,0.351307,0.190423,1,sparse_vegetation,grade_B_blast_furnace_25to44,25-44% Mn (BF + Medium grade),0.305,39.08,1625.07,1432.68,104.75,293.23,736.99,4.46,6,0.2525,0.5004,0.1417,0.126,30.03,48.93,0.434,GRID_300M_18_23,154.62078423262966,7.3,7.3,7.4,7.4,7.5,7.6,37.7,39.4,42.0,46.1,44.6,45.7,19.7,18.9,17.3,15.5,16.7,17.1,42.6,41.7,40.7,38.4,38.7,37.2,15.5,11.2,7.6,5.7,3.5,2.8,1.53,1.54,1.59,1.62,1.63,1.63,31.5,32.0,32.2,32.1,32.3,32.2,14.8,14.6,16.8,18.2,18.5,19.0,29,MB300-0449,4.014312339401897,,,,,,,,,1858.2014021088582,False,,,,,,,,,,,,,,,,,,5120.428576096011,False,True,0.0,Very Low,Historical Open Pit & Active Mining Lease (High Grade),Bharveli Main Shaft & Central Pit,3308.3,GRID_BHARVELI_COMB_06_23,115.8612096157126,REAL
MASTER_17_24,17,24,21.85216,80.261777,3620.0896,86.11377,0,687,0.09,0.088221,0.119661,0.124576,0.305768,0.297502,0.216237,0.083058,0.112056,0.083906,0.304288,0.221277,0.127366,0.104983,0.025241,0.180783,0.03096,0.436848,-0.440554,-0.417499,0.014668,0.707628,0.968254,1.369332,5.263135,0.558832,-0.452669,-0.321467,-0.117798,0.572599,0.73712,1.003491,8.725402,0.121984,-0.012115,0.096032,-0.132465,-0.135029,-0.231134,-0.365841,0.0758,0.005719,3.442074,-0.00148,-0.076226,0.486523,0.6098,0.363642,0.097525,0,sparse_vegetation,grade_B_blast_furnace_25to44,25-44% Mn (BF + Medium grade),0.291,38.9,1625.07,1432.68,104.75,293.23,736.99,4.46,6,0.2525,0.5004,0.1417,0.126,30.03,48.93,0.434,GRID_300M_18_24,148.15032528361692,7.3,7.3,7.4,7.4,7.5,7.5,37.5,39.3,41.7,45.9,44.4,45.5,19.5,18.7,17.3,15.5,16.8,17.2,43.1,42.0,41.1,38.6,38.9,37.3,15.1,10.8,7.8,5.9,3.6,2.9,1.53,1.54,1.59,1.62,1.63,1.63,31.3,31.9,32.1,32.0,32.2,32.1,14.0,13.9,16.1,17.7,18.4,18.6,29,MB300-0450,30.5375782612084,,,,,,,,,2124.837278790449,False,,,,,,,,,,,,,,,,,,5120.395251110685,False,True,0.0,Very Low,Historical Open Pit & Active Mining Lease (High Grade),Bharveli Main Shaft & Central Pit,3608.1,GRID_BHARVELI_COMB_06_24,107.82873719486848,REAL
MASTER_18_00,18,0,21.854595,80.192836,3528.78833,278.40155,0,612,0.09,0.085672,0.111412,0.125526,0.250065,0.262874,0.190816,0.089416,0.111368,0.084655,0.239409,0.147077,0.08479,0.148938,0.028495,0.162864,0.026641,0.328927,-0.377882,-0.404484,0.070972,0.720529,1.079581,1.447764,8.082267,0.469346,-0.355582,-0.114789,-0.178899,0.568119,0.607684,0.943137,11.109376,0.140419,0.0223,0.289695,-0.249871,-0.15241,-0.471897,-0.504627,0.013926,-0.001855,3.035889,-0.010656,-0.115797,0.524211,0.6121,0.478595,0.189542,1,sparse_vegetation,grade_B_blast_furnace_25to44,25-44% Mn (BF + Medium grade),0.237,38.44,1625.07,1432.68,104.75,293.23,736.99,4.46,6,0.2525,0.5004,0.1417,0.126,30.03,48.93,0.434,GRID_300M_18_00,158.66732755657134,7.5,7.5,7.6,7.6,7.7,7.8,41.2,42.5,44.9,47.5,46.1,45.8,17.6,17.1,15.5,14.8,15.9,16.7,41.2,40.3,39.6,37.7,38.0,37.5,14.9,8.9,6.6,5.4,3.1,2.7,1.54,1.57,1.61,1.62,1.63,1.63,32.9,33.2,33.1,33.2,33.1,33.2,6.5,6.1,5.9,6.6,6.4,8.4,29,MB300-0451,47.14869180767844,,,,,,,,,1999.7022504901427,False,,,,,,,,,,,,,,,,,,5128.187833838313,False,True,0.0,Medium,No Mining History (Barren Country Rock Control),Bharveli West Footwall Baseline,540.0,GRID_BHARVELI_COMB_07_00,126.62576160714232,REAL
MASTER_18_01,18,1,21.854578,80.195315,3276.098145,279.020935,0,874,0.09,0.079489,0.108128,0.115707,0.247332,0.229168,0.157761,0.083066,0.101772,0.077502,0.202655,0.111215,0.061067,0.143189,0.035228,0.09827,0.014399,0.366739,-0.390777,-0.355791,0.019391,0.678724,0.939668,1.438282,6.579284,0.444001,-0.3279,-0.033939,-0.207522,0.547605,0.546941,0.930049,11.693384,0.077261,0.062878,0.321852,-0.226912,-0.131119,-0.392727,-0.508234,-0.044919,-0.020829,5.011908,-0.044677,-0.117953,0.511033,0.6024,0.502228,0.104119,1,waterlogged,grade_B_blast_furnace_25to44,25-44% Mn (BF + Medium grade),0.206,38.44,1625.07,1432.68,104.75,293.23,736.99,4.46,6,0.2525,0.5004,0.1417,0.126,30.03,48.93,0.434,GRID_300M_18_01,133.5238675453717,7.5,7.5,7.6,7.6,7.7,7.8,40.8,42.3,44.5,47.5,45.9,45.8,18.4,17.8,16.2,15.3,16.4,17.1,40.9,39.9,39.2,37.2,37.7,37.1,14.6,9.3,6.4,5.1,3.3,2.5,1.54,1.57,1.61,1.63,1.63,1.63,32.8,33.4,33.3,33.5,33.4,33.3,6.3,6.0,6.1,6.9,6.6,8.2,29,MB300-0452,3.704048258091415,,,,,,,,,1743.8799276450627,False,,,,,,,,,,,,,,,,,,5123.877800659564,False,True,0.0,High,No Mining History (Barren Country Rock Control),Bharveli West Footwall Baseline,433.5,GRID_BHARVELI_COMB_07_01,94.06293015833525,REAL
MASTER_18_02,18,2,21.854605,80.198202,2983.168945,279.975037,0,833,0.09,0.08466,0.111088,0.124111,0.242737,0.248219,0.175906,0.081324,0.094451,0.070961,0.165279,0.090653,0.049518,0.124807,0.028479,0.082643,0.014438,0.326761,-0.3713,-0.377492,0.057965,0.701613,1.03075,1.45623,6.801707,0.390526,-0.262966,0.041097,-0.211974,0.545944,0.542025,0.87052,11.081921,0.063766,0.108334,0.418589,-0.269939,-0.155669,-0.488725,-0.585709,-0.042164,-0.014042,4.230475,-0.077458,-0.157566,0.525153,0.611,0.550246,0.054022,0,water_body,grade_B_blast_furnace_25to44,25-44% Mn (BF + Medium grade),0.26,39.06,1625.07,1432.68,104.75,293.23,736.99,4.46,6,0.2525,0.5004,0.1417,0.126,30.03,48.93,0.434,GRID_300M_18_02,135.3944599518,7.5,7.5,7.6,7.6,7.7,7.8,39.6,41.3,43.2,46.6,44.7,45.6,19.2,18.6,17.1,15.9,17.2,17.5,41.2,40.2,39.6,37.5,38.1,37.0,14.4,9.6,6.5,4.9,3.2,2.6,1.54,1.56,1.6,1.63,1.63,1.63,32.8,33.6,33.7,33.9,33.6,33.5,5.5,5.1,5.3,6.1,5.9,7.5,29,MB300-0453,1.6865540730437358,,,,,,,,,1445.8080565049936,False,,,,,,,,,,,,,,,,,,5127.121275616169,False,True,0.0,Medium,No Mining History (Barren Country Rock Control),Bharveli West Footwall Baseline,514.0,GRID_BHARVELI_COMB_07_02,95.28009289551078,REAL
MASTER_18_03,18,3,21.854592,80.201057,2693.684814,281.028015,0,891,0.09,0.095072,0.124629,0.154584,0.256788,0.299028,0.224627,0.077096,0.09138,0.067186,0.183195,0.107136,0.059791,0.14047,0.025874,0.169967,0.023281,0.253173,-0.344689,-0.408313,0.121743,0.74811,1.171012,1.607469,7.418262,0.460057,-0.328725,-0.065617,-0.202956,0.552251,0.579762,0.867274,12.404228,0.206884,0.015964,0.342696,-0.3247,-0.195859,-0.59125,-0.740195,0.029497,-0.002593,4.963841,-0.073593,-0.191892,0.564717,0.6437,0.515103,0.337823,1,waterlogged,grade_B_blast_furnace_25to44,25-44% Mn (BF + Medium grade),0.338,39.06,1625.07,1432.68,104.75,293.23,736.99,4.46,6,0.2525,0.5004,0.1417,0.126,30.03,48.93,0.434,GRID_300M_18_03,131.94598605892384,7.5,7.5,7.6,7.6,7.7,7.8,39.4,41.0,42.4,45.9,43.9,45.0,19.5,18.9,17.8,16.6,17.9,18.1,41.0,40.0,39.8,37.5,38.1,36.8,14.4,9.5,6.6,5.2,3.2,2.5,1.54,1.57,1.61,1.62,1.63,1.63,32.9,33.9,34.0,34.1,33.8,33.7,5.5,5.3,5.6,6.1,6.1,7.4,29,MB300-0454,4.6994329038531015,,,,,,,,,1151.4548098390883,False,,,,,,,,,,,,,,,,,,5125.595554186202,False,True,0.0,Medium,No Mining History (Barren Country Rock Control),Bharveli West Footwall Baseline,721.5,GRID_BHARVELI_COMB_07_03,91.04388149233937,REAL
MASTER_18_04,18,4,21.854642,80.203973,2400.735107,282.530182,0,904,0.09,0.088174,0.117434,0.137458,0.257004,0.269134,0.193436,0.081072,0.097045,0.072471,0.211083,0.134064,0.074077,0.131521,0.034655,0.143563,0.020327,0.31218,-0.373637,-0.388485,0.072212,0.709925,1.051594,1.532818,5.574471,0.488457,-0.369428,-0.154811,-0.173923,0.55191,0.634439,0.896192,11.505619,0.176277,0.004209,0.233675,-0.246134,-0.158014,-0.417155,-0.636626,0.012042,-0.014329,5.902984,-0.045921,-0.13507,0.539869,0.6254,0.454989,0.277655,1,sparse_vegetation,grade_B_blast_furnace_25to44,25-44% Mn (BF + Medium grade),0.276,39.06,1625.07,1432.68,104.75,293.23,736.99,4.46,6,0.2525,0.5004,0.1417,0.126,30.03,48.93,0.434,GRID_300M_18_04,137.43963064101874,7.5,7.5,7.6,7.6,7.8,7.8,38.7,40.3,41.7,45.2,43.3,44.5,20.1,19.4,18.3,17.0,18.3,18.3,41.3,40.3,40.1,37.7,38.5,37.2,14.0,9.5,6.7,5.6,3.4,2.6,1.54,1.56,1.6,1.61,1.63,1.63,31.5,32.7,32.6,32.9,32.6,32.4,6.3,6.3,6.5,7.0,7.2,8.4,29,MB300-0455,2.0736400381747306,,,,,,,,,850.6296326119273,False,,,,,,,,,,,,,,,,,,5128.135335448592,False,True,0.0,Medium,No Mining History (Barren Country Rock Control),Bharveli West Footwall Baseline,978.2,GRID_BHARVELI_COMB_07_04,96.2451399947497,REAL
MASTER_18_05,18,5,21.854679,80.206892,2109.208008,284.410614,0,894,0.09,0.080165,0.107178,0.117679,0.249271,0.248209,0.173566,0.078515,0.084922,0.062221,0.140368,0.082268,0.044932,0.144827,0.034906,0.162057,0.021305,0.367568,-0.397947,-0.389922,0.04152,0.689438,0.996769,1.440373,6.140589,0.374679,-0.235519,0.029202,-0.205018,0.54706,0.585556,0.798488,13.283118,0.007111,0.162428,0.419124,-0.246538,-0.142378,-0.411213,-0.641885,0.01723,-0.013601,7.057492,-0.108903,-0.165941,0.515387,0.6205,0.543679,0.05481,0,waterlogged,grade_B_blast_furnace_25to44,25-44% Mn (BF + Medium grade),0.25,39.06,1625.07,1432.68,104.75,293.23,736.99,4.46,6,0.2525,0.5004,0.1417,0.126,30.03,48.93,0.434,GRID_300M_18_05,141.6949188612173,7.5,7.5,7.6,7.6,7.8,7.8,38.1,39.8,41.4,45.3,43.4,44.6,20.2,19.6,18.4,17.0,18.3,18.4,41.6,40.6,40.2,37.6,38.3,37.0,13.6,9.4,6.8,5.6,3.5,2.7,1.54,1.57,1.61,1.61,1.63,1.62,30.6,32.0,31.8,31.9,31.6,31.6,6.6,6.9,7.2,7.8,7.9,8.9,29,MB300-0456,3.2431268122389256,,,,,,,,,550.2405909925161,False,,,,,,,,,,,,,,,,,,5130.380417882837,False,True,0.0,Low,No Mining History (Barren Country Rock Control),Bharveli West Footwall Baseline,1254.2,GRID_BHARVELI_COMB_07_05,100.33099558898348,REAL
MASTER_18_06,18,6,21.854682,80.209805,1820.075562,286.772308,0,896,0.09,0.091482,0.11998,0.135335,0.27116,0.283118,0.216189,0.096025,0.109409,0.092172,0.201725,0.176462,0.123813,0.208254,0.041425,0.24521,0.03539,0.344397,-0.389378,-0.403188,0.061214,0.748519,1.046075,1.462952,7.620704,0.375587,-0.290638,-0.184322,-0.079772,0.653752,0.839193,0.944897,10.124912,0.03119,0.09874,0.218866,-0.140986,-0.094767,-0.206882,-0.518054,0.036956,-0.006035,2.237602,-0.069436,-0.106656,0.516348,0.6139,0.427404,0.160714,1,sparse_vegetation,grade_B_blast_furnace_25to44,25-44% Mn (BF + Medium grade),0.308,39.08,1625.07,1432.68,104.75,293.23,736.99,4.46,6,0.2525,0.5004,0.1417,0.126,30.03,48.93,0.434,GRID_300M_18_06,142.1893327383788,7.5,7.5,7.6,7.6,7.8,7.8,37.6,39.6,41.5,45.7,44.0,45.2,20.0,19.1,18.0,16.6,18.0,18.0,42.4,41.2,40.5,37.7,38.0,36.9,13.4,9.8,6.8,5.6,3.5,2.7,1.54,1.56,1.61,1.61,1.63,1.63,30.6,32.1,31.8,32.0,31.8,31.9,7.2,7.3,7.8,8.3,8.2,9.1,29,MB300-0457,2.13029459158763,,,,,,,,,254.4148523490793,False,,,,,,,,,,,,,,,,,,5137.785842960424,False,True,0.0,Low,No Mining History (Barren Country Rock Control),Bharveli West Footwall Baseline,1539.3,GRID_BHARVELI_COMB_07_06,100.87673425533663,REAL
MASTER_18_07,18,7,21.854705,80.212732,1534.69458,290.11438,0,879,0.09,0.094479,0.124342,0.142307,0.283338,0.296039,0.223495,0.135586,0.139466,0.116457,0.223509,0.175362,0.116917,0.182901,0.036246,0.316195,0.031447,0.345594,-0.393103,-0.405434,0.060897,0.742198,1.050214,1.474437,7.096194,0.325885,-0.240247,-0.108961,-0.109547,0.644315,0.779117,0.877967,13.879055,-0.019709,0.152856,0.296472,-0.170443,-0.097884,-0.271097,-0.59647,0.133294,-0.004799,6.797397,-0.05983,-0.120677,0.518968,0.6188,0.468826,0.174061,1,sparse_vegetation,grade_B_blast_furnace_25to44,25-44% Mn (BF + Medium grade),0.391,39.08,1625.07,1432.68,104.75,293.23,736.99,4.46,6,0.2525,0.5004,0.1417,0.126,30.03,48.93,0.434,GRID_300M_18_07,145.24391821434526,7.5,7.5,7.6,7.6,7.7,7.8,36.7,38.8,40.5,44.8,43.3,44.4,20.0,19.0,18.1,16.7,18.1,18.0,43.4,42.2,41.4,38.5,38.6,37.6,13.2,10.0,6.9,5.6,3.5,3.5,1.55,1.56,1.61,1.62,1.63,1.63,30.5,32.0,31.7,32.0,31.8,31.9,7.5,7.4,8.0,8.7,8.7,9.8,29,MB300-0458,4.3958407092363085,306.0437,1.846,85.1372,0.0148,0.8683,0.0489,2.995,BHV300-0034,87.91327093522311,True,,,,,,,,,,,,,,,,,,5165.130093691096,False,True,0.0,Low,Historical Open Pit & Active Mining Lease (High Grade),Bharveli Main Shaft & Central Pit,1557.6,GRID_BHARVELI_COMB_07_07,104.02288489123117,REAL
MASTER_18_08,18,8,21.854676,80.215637,1256.53418,294.674103,0,896,0.09,0.086598,0.114574,0.132255,0.271844,0.289326,0.212486,0.24231,0.230303,0.2007,0.264876,0.217882,0.159036,0.165289,0.040248,0.202383,0.035069,0.3516,-0.407131,-0.428568,0.072652,0.726453,1.070181,1.508715,5.972755,0.174426,-0.084977,0.065385,-0.133187,0.672217,0.755672,0.796767,9.803248,-0.177174,0.322154,0.493953,-0.205839,-0.054236,-0.314509,-0.711948,0.037094,-0.005179,3.871773,-0.006968,-0.071444,0.528817,0.6185,0.563555,0.016741,0,waterlogged,grade_B_blast_furnace_25to44,25-44% Mn (BF + Medium grade),0.314,38.99,1625.07,1432.68,104.75,293.23,736.99,4.46,6,0.2525,0.5004,0.1417,0.126,30.03,48.93,0.434,GRID_300M_18_08,142.1217799745673,7.5,7.5,7.6,7.6,7.7,7.8,35.9,38.3,40.0,44.4,43.0,44.2,20.5,19.4,18.3,16.8,18.2,18.0,43.6,42.3,41.6,38.8,38.8,37.8,13.5,9.8,6.9,5.6,3.4,2.7,1.55,1.57,1.62,1.63,1.65,1.64,30.5,31.8,31.5,31.9,31.6,31.7,8.1,7.5,8.4,9.8,10.1,11.7,29,MB300-0459,3.704048258712813,305.4045,1.2945,310.7604,0.0001,0.6993,0.0013,2.402,BHV300-0035,91.62899040647754,True,,,,,,,,,,,,,,,,,,5203.8281498613,False,True,0.0,Low,Historical Open Pit & Active Mining Lease (High Grade),Bharveli Main Shaft & Central Pit,1272.5,GRID_BHARVELI_COMB_07_08,101.0788845908266,REAL
MASTER_18_09,18,9,21.854687,80.218503,996.59729,301.843628,1,871,0.09,0.085799,0.113859,0.134463,0.26219,0.295573,0.226617,0.583372,0.548234,0.517968,0.565077,0.552603,0.445135,0.136928,0.030914,0.191041,0.037322,0.326052,-0.392919,-0.442032,0.100741,0.761746,1.138304,1.549678,6.915443,0.050246,-0.019822,-0.006366,-0.03703,0.799878,0.974361,0.885233,7.496051,-0.275805,0.373097,0.435665,-0.137771,0.038132,-0.163943,-0.664445,0.054113,0.006408,0.584561,0.302886,0.257031,0.539215,0.6195,0.521395,0.159587,1,waterlogged,grade_B_blast_furnace_25to44,25-44% Mn (BF + Medium grade),0.297,38.99,1625.07,1432.68,104.75,293.23,736.99,4.46,6,0.2525,0.5004,0.1417,0.126,30.03,48.93,0.434,GRID_300M_18_09,141.75265829264714,7.4,7.5,7.5,7.6,7.7,7.7,36.0,38.3,40.3,44.7,43.5,44.6,21.4,20.3,18.9,17.2,18.4,18.3,42.6,41.4,40.7,38.1,38.1,37.0,14.2,9.1,6.8,5.7,3.5,3.4,1.56,1.58,1.62,1.63,1.65,1.64,30.8,31.8,31.4,31.8,31.7,31.6,10.6,9.8,11.6,13.0,14.1,15.1,29,MB300-0460,2.069285469861643,303.6362,1.3504,169.3201,-0.0099,0.6742,-0.0328,2.3078,BHV300-0036,89.53494157049943,True,,,,,,,,,,,,,,,,,,5262.843468273723,False,True,0.0,Medium,Historical Open Pit & Active Mining Lease (High Grade),Bharveli Main Shaft & Central Pit,996.3,GRID_BHARVELI_COMB_07_09,99.96485162779743,REAL
MASTER_18_10,18,10,21.854692,80.221384,761.043579,313.754883,1,904,0.09,0.096076,0.128658,0.161198,0.279212,0.316416,0.237398,0.310501,0.302118,0.269204,0.379984,0.324631,0.234965,0.120085,0.032249,0.1829,0.03028,0.275001,-0.369745,-0.422354,0.116978,0.748502,1.139348,1.658117,5.64522,0.204867,-0.136391,-0.03478,-0.095034,0.691326,0.824268,0.849788,9.839429,-0.070133,0.233354,0.387574,-0.212013,-0.057176,-0.31508,-0.80833,0.062815,-0.001969,4.149868,0.100772,0.008215,0.567081,0.6466,0.515062,0.348451,1,waterlogged,grade_B_blast_furnace_25to44,25-44% Mn (BF + Medium grade),0.276,38.99,1625.07,1432.68,104.75,293.23,736.99,4.46,6,0.2525,0.5004,0.1417,0.126,30.03,48.93,0.434,GRID_300M_18_10,141.37188705627665,7.4,7.5,7.5,7.6,7.7,7.7,36.3,38.5,40.6,44.9,43.6,44.7,21.9,20.7,19.3,17.4,18.6,18.6,41.9,40.7,40.1,37.6,37.9,36.7,14.6,9.0,6.8,5.6,3.7,4.0,1.56,1.58,1.61,1.63,1.64,1.64,30.8,31.7,31.4,31.7,31.7,31.7,12.6,12.1,14.7,15.9,17.0,17.1,29,MB300-0461,4.100772157035318,305.4073,0.6185,304.5806,0.0065,0.3673,0.0201,1.2508,BHV300-0037,88.99822770241514,True,,,,,,,,,,,,,,,,,,5337.441866606681,False,True,1.0,Medium,Historical Open Pit & Active Mining Lease (High Grade),Bharveli Main Shaft & Central Pit,738.8,GRID_BHARVELI_COMB_07_10,99.13216654663,REAL
MASTER_18_11,18,11,21.854762,80.224282,590.223755,334.811737,1,903,0.09,0.098331,0.129449,0.160624,0.277244,0.3259,0.251666,0.186627,0.191032,0.165516,0.274935,0.215577,0.14738,0.14319,0.032311,0.172624,0.031809,0.273128,-0.364635,-0.430547,0.124162,0.768354,1.177995,1.617844,6.787807,0.271114,-0.192963,-0.058245,-0.109581,0.657602,0.767451,0.872432,9.953895,-0.002014,0.171672,0.372303,-0.233743,-0.110752,-0.410544,-0.745412,0.029434,-0.000502,3.170295,-0.002309,-0.110323,0.560553,0.6315,0.509215,0.344408,1,waterlogged,grade_B_blast_furnace_25to44,25-44% Mn (BF + Medium grade),0.264,38.74,1625.07,1432.68,104.75,293.23,736.99,4.46,6,0.2525,0.5004,0.1417,0.126,30.03,48.93,0.434,GRID_300M_18_11,148.4490413712747,7.4,7.4,7.5,7.4,7.5,7.6,36.6,38.7,40.7,45.1,43.6,44.6,22.1,20.9,19.6,17.6,18.6,19.0,41.3,40.3,39.7,37.3,37.8,36.4,15.8,9.7,7.1,5.6,4.2,3.4,1.56,1.56,1.6,1.62,1.63,1.63,31.0,31.9,31.7,31.8,31.6,31.8,14.1,14.3,17.2,18.7,19.1,18.9,29,MB300-0462,4.620988339155424,305.369,1.0516,84.8475,-0.0008,0.592,0.0001,2.035,BHV300-0038,83.620222149716,True,,,,,,,,,,,,,,,,,,5419.8129803342745,False,True,1.0,Medium,Historical Open Pit & Active Mining Lease (High Grade),Bharveli Main Shaft & Central Pit,528.2,GRID_BHARVELI_COMB_07_11,105.73697658598431,REAL
MASTER_18_12,18,12,21.854771,80.22721,537.500977,5.387232,1,899,0.09,0.102445,0.12819,0.156141,0.234922,0.31585,0.270915,0.287359,0.285349,0.270078,0.34771,0.335749,0.262077,0.241373,0.036788,0.329746,0.046432,0.195685,-0.281299,-0.416543,0.16435,0.869467,1.368916,1.503378,8.123354,0.147628,-0.116579,-0.100475,-0.022735,0.770461,0.972717,0.942793,10.004102,-0.048057,0.16472,0.316068,-0.187085,-0.099006,-0.396199,-0.560585,0.088373,0.009643,1.85691,0.112788,0.019899,0.549655,0.6062,0.478249,0.463849,1,waterlogged,grade_B_blast_furnace_25to44,25-44% Mn (BF + Medium grade),0.185,38.74,1625.07,1432.68,104.75,293.23,736.99,4.46,6,0.2525,0.5004,0.1417,0.126,30.03,48.93,0.434,GRID_300M_18_12,150.02188984101005,7.3,7.3,7.4,7.3,7.4,7.5,37.1,39.3,40.9,45.7,44.0,45.2,21.3,20.3,19.2,17.7,19.0,19.8,41.5,40.5,39.8,36.7,37.0,35.0,16.5,10.7,7.9,5.3,3.9,3.1,1.55,1.56,1.6,1.62,1.63,1.63,31.1,32.3,31.9,32.3,32.2,32.0,17.6,17.7,20.4,21.7,22.0,22.3,29,MB300-0463,2.9031573914802364,305.0801,0.8598,235.3327,-0.0139,0.4042,-0.0494,1.3697,BHV300-0039,85.5680091547537,True,,,,,,,,,,,,,,,,,,5421.8132228891345,False,True,1.0,High,Historical Open Pit & Active Mining Lease (High Grade),Bharveli Main Shaft & Central Pit,438.5,GRID_BHARVELI_COMB_07_12,107.4622153141304,REAL
MASTER_18_13,18,13,21.854771,80.230126,639.914246,33.252377,1,894,0.09,0.084679,0.102291,0.117933,0.205407,0.267857,0.224306,0.214945,0.22249,0.194592,0.389619,0.311001,0.206951,0.13597,0.032412,0.295781,0.044878,0.272685,-0.332358,-0.444172,0.137266,0.837266,1.314361,1.381465,6.500578,0.358675,-0.291646,-0.182151,-0.09829,0.65031,0.794487,0.896186,9.938919,0.08599,0.040713,0.262021,-0.235555,-0.186956,-0.519875,-0.485279,0.159811,0.012466,3.468683,0.184212,0.043144,0.521078,0.6009,0.453312,0.269575,1,sparse_vegetation,grade_B_blast_furnace_25to44,25-44% Mn (BF + Medium grade),0.302,38.74,1625.07,1432.68,104.75,293.23,736.99,4.46,6,0.2525,0.5004,0.1417,0.126,30.03,48.93,0.434,GRID_300M_18_13,150.27500522859881,7.0,7.1,7.1,7.1,7.2,7.3,39.2,40.8,42.0,47.0,45.3,46.0,21.0,20.2,19.3,17.2,18.8,19.3,39.7,39.0,38.7,35.8,36.0,34.7,17.0,12.6,8.4,5.5,4.3,3.7,1.52,1.54,1.58,1.61,1.62,1.63,31.6,32.4,32.2,32.4,32.5,32.5,19.7,19.8,21.2,23.8,25.0,25.5,29,MB300-0464,1.3290362857364957,327.0283,12.4122,282.6721,-0.1329,5.3622,-0.4415,17.3346,BHV300-0040,87.6242763879598,True,,,,,,,,,,,,,,,,,,5420.258253148946,False,True,1.0,Medium,Historical Open Pit & Active Mining Lease (High Grade),Bharveli Main Shaft & Central Pit,534.4,GRID_BHARVELI_COMB_07_13,107.8121247874979,REAL
MASTER_18_14,18,14,21.854771,80.233043,843.049988,50.597153,1,899,0.09,0.078194,0.098769,0.1043,0.256726,0.248094,0.183416,0.125055,0.141509,0.117236,0.34147,0.250505,0.152682,0.153686,0.036741,0.369551,0.067218,0.436386,-0.448879,-0.441227,0.014401,0.724802,0.986344,1.298071,6.043005,0.501518,-0.421043,-0.288641,-0.127133,0.595849,0.739567,0.917875,8.598525,0.065132,0.027836,0.152586,-0.141534,-0.128953,-0.246777,-0.380196,0.215865,0.030477,2.532024,0.084744,0.002411,0.473867,0.5822,0.386528,0.105673,1,sparse_vegetation,grade_B_blast_furnace_25to44,25-44% Mn (BF + Medium grade),0.506,38.74,1625.07,1432.68,104.75,293.23,736.99,4.46,6,0.2525,0.5004,0.1417,0.126,30.03,48.93,0.434,GRID_300M_18_14,150.56467559737402,7.1,7.2,7.2,7.2,7.3,7.3,41.4,42.5,43.8,48.2,46.6,46.6,20.5,19.9,18.9,17.0,18.5,19.2,38.1,37.6,37.3,34.8,34.9,34.2,18.4,13.8,9.6,6.4,4.8,4.2,1.53,1.54,1.57,1.64,1.65,1.66,32.0,32.7,32.5,32.6,32.8,32.8,20.7,20.9,21.8,25.2,26.4,27.3,29,MB300-0465,1.975711126565162,382.2846,8.7356,180.7268,0.1267,3.8678,0.4204,12.9509,BHV300-0041,89.65896012373734,True,,,,,,,,,,,,,,,,,,5415.547954830415,False,True,1.0,Medium,Historical Open Pit & Active Mining Lease (High Grade),Bharveli Main Shaft & Central Pit,747.5,GRID_BHARVELI_COMB_07_14,108.16721892445473,REAL
MASTER_18_15,18,15,21.854769,80.235962,1092.141846,60.674938,0,899,0.09,0.07247,0.093017,0.107993,0.222249,0.284395,0.221604,0.077586,0.101931,0.067707,0.360955,0.239198,0.1216,0.31316,0.062693,0.71946,0.176977,0.348416,-0.411794,-0.509408,0.142457,0.778654,1.288286,1.501011,6.754164,0.682688,-0.55798,-0.403603,-0.177648,0.505416,0.669194,0.866675,5.90397,0.334272,-0.146186,0.105805,-0.320105,-0.273238,-0.619092,-0.634336,0.4063,0.114284,-0.859999,0.138706,-0.045197,0.538887,0.6172,0.37647,0.043382,0,sparse_vegetation,grade_B_blast_furnace_25to44,25-44% Mn (BF + Medium grade),0.373,38.33,1625.07,1432.68,104.75,293.23,736.99,4.46,6,0.2525,0.5004,0.1417,0.126,30.03,48.93,0.434,GRID_300M_18_15,150.68171906172097,7.2,7.2,7.3,7.2,7.3,7.4,42.0,42.7,44.0,47.6,46.3,46.3,19.5,19.3,18.2,16.6,18.0,18.7,38.5,38.0,37.9,35.8,35.7,35.1,19.9,14.2,11.1,7.0,4.5,3.8,1.53,1.54,1.58,1.64,1.66,1.67,33.0,33.5,33.3,33.4,33.5,33.8,23.7,23.5,24.4,27.6,28.5,29.5,29,MB300-0466,4.134316979056068,369.8893,17.3008,111.8165,0.0023,8.1788,0.0119,26.9432,BHV300-0042,92.08363964108702,True,,,,,,,,,,,,,,,,,,5416.5339474333705,False,True,0.0,Medium,Historical Open Pit & Active Mining Lease (High Grade),Bharveli Main Shaft & Central Pit,1006.0,GRID_BHARVELI_COMB_07_15,108.46408995712635,REAL
MASTER_18_16,18,16,21.854766,80.238835,1357.857788,66.814011,0,873,0.09,0.07885,0.106569,0.133346,0.246807,0.320038,0.257715,0.084953,0.112285,0.089918,0.334361,0.263269,0.155742,0.112308,0.023983,0.199752,0.048103,0.31311,-0.403772,-0.506575,0.158011,0.797155,1.302739,1.660677,7.407532,0.57766,-0.494591,-0.403404,-0.091296,0.582054,0.801333,1.029674,5.799763,0.26455,-0.090819,0.103171,-0.249306,-0.2151,-0.501406,-0.631003,0.087445,0.02412,-1.554308,0.087554,-0.056769,0.56628,0.6482,0.363987,0.17984,1,sparse_vegetation,grade_B_blast_furnace_25to44,25-44% Mn (BF + Medium grade),0.338,38.33,1625.07,1432.68,104.75,293.23,736.99,4.46,6,0.2525,0.5004,0.1417,0.126,30.03,48.93,0.434,GRID_300M_18_16,149.24181327477493,7.2,7.2,7.3,7.3,7.3,7.4,40.7,41.4,43.0,46.7,45.5,45.8,19.6,19.4,18.3,17.0,18.3,18.9,39.7,39.3,38.7,36.3,36.2,35.4,18.2,13.7,9.2,5.8,3.9,3.4,1.53,1.54,1.57,1.64,1.65,1.66,33.7,33.9,33.7,33.9,34.0,34.2,21.3,21.8,22.3,25.2,26.5,27.4,16,MB300-0467,3.8199744547320513,323.9102,4.1067,89.1386,-0.0366,1.7699,-0.1264,5.8239,BHV300-0043,91.51739894663142,True,,,,,,,,,,,,,,,,,,5415.773828380805,False,True,0.0,Low,Historical Open Pit & Active Mining Lease (High Grade),Bharveli Main Shaft & Central Pit,1282.7,GRID_BHARVELI_COMB_07_16,106.5681629986311,REAL
MASTER_18_17,18,17,21.854808,80.241609,1625.947266,70.629395,0,800,0.09,0.137236,0.192908,0.254612,0.314385,0.451604,0.3796,0.125389,0.146565,0.137159,0.203243,0.186791,0.122025,0.073249,0.00885,0.135118,0.018323,0.110147,-0.245582,-0.407871,0.222084,0.842085,1.447862,1.862332,14.598744,0.188525,-0.15422,-0.103049,-0.010957,0.636892,0.910799,1.111287,13.600672,0.078377,0.091361,0.304823,-0.233041,-0.205193,-0.537063,-0.751045,0.061869,0.009472,-0.954827,-0.111142,-0.264813,0.630506,0.6889,0.482378,0.42625,1,built_up,grade_B_blast_furnace_25to44,25-44% Mn (BF + Medium grade),0.179,38.33,1625.07,1432.68,104.75,293.23,736.99,4.46,6,0.2525,0.5004,0.1417,0.126,30.03,48.93,0.434,GRID_300M_18_17,150.26376646894147,7.2,7.3,7.3,7.3,7.3,7.4,39.9,40.6,42.6,46.3,45.1,45.5,20.0,19.7,18.5,17.0,18.3,18.9,40.1,39.6,38.9,36.8,36.6,35.5,17.4,12.5,8.2,5.6,3.7,3.0,1.53,1.54,1.57,1.63,1.64,1.65,33.5,33.7,33.6,33.8,33.8,34.1,20.6,21.6,22.3,25.3,26.8,27.8,18,MB300-0468,12.829382196133139,314.5369,2.143,93.7754,0.0088,0.9785,0.0286,3.2486,BHV300-0044,81.50858525385912,True,,,,,,,,,,,,,,,,,,5420.534144034672,False,True,0.0,Low,Historical Open Pit & Active Mining Lease (High Grade),Bharveli Main Shaft & Central Pit,1568.0,GRID_BHARVELI_COMB_07_17,106.07759307703758,REAL
MASTER_18_18,18,18,21.854854,80.244726,1933.311768,73.645294,0,807,0.09,0.109476,0.151842,0.193276,0.277664,0.390693,0.3214,0.181843,0.19296,0.168901,0.29864,0.242596,0.158052,0.076137,0.012181,0.122561,0.026603,0.174804,-0.28404,-0.430622,0.201204,0.821028,1.415415,1.756571,11.755111,0.304355,-0.23216,-0.110132,-0.095482,0.625751,0.785537,0.925428,9.064203,0.129551,0.051881,0.32049,-0.296686,-0.195277,-0.629878,-0.831143,0.046424,0.014422,-2.539158,0.020976,-0.148097,0.60567,0.6575,0.494545,0.447336,1,built_up,grade_B_blast_furnace_25to44,25-44% Mn (BF + Medium grade),0.272,38.33,1625.07,1432.68,104.75,293.23,736.99,4.46,6,0.2525,0.5004,0.1417,0.126,30.03,48.93,0.434,GRID_300M_19_18,157.29401169295357,7.2,7.3,7.3,7.3,7.3,7.4,38.8,39.7,41.7,45.5,44.1,44.8,19.8,19.5,18.1,16.5,17.8,18.5,41.4,40.8,40.2,38.0,38.1,36.7,17.7,11.8,8.1,5.4,3.5,2.8,1.53,1.54,1.58,1.63,1.65,1.65,33.1,33.5,33.4,33.7,33.7,34.0,19.4,21.2,22.3,25.5,27.3,28.2,29,MB300-0469,9.674437203384754,,,,,,,,,369.35801218180046,False,,,,,,,,,,,,,,,,,,5425.545682691795,False,True,0.0,Low,Historical Open Pit & Active Mining Lease (High Grade),Bharveli Main Shaft & Central Pit,1857.9,GRID_BHARVELI_COMB_07_18,118.68906380559443,REAL
MASTER_18_19,18,19,21.854851,80.247526,2211.567383,75.758827,0,886,0.09,0.10767,0.140487,0.178924,0.305979,0.417627,0.325269,0.129335,0.14926,0.127508,0.285657,0.217265,0.13256,0.10001,0.018785,0.130742,0.027226,0.264742,-0.371442,-0.497219,0.180744,0.778764,1.367613,1.656762,7.337506,0.396249,-0.323196,-0.190484,-0.097826,0.599224,0.754639,0.992138,8.876652,0.131506,0.048246,0.306735,-0.27857,-0.17954,-0.612974,-0.664624,0.030732,0.008441,1.551521,-0.020322,-0.200362,0.581875,0.6365,0.468571,0.302483,1,sparse_vegetation,grade_B_blast_furnace_25to44,25-44% Mn (BF + Medium grade),0.267,38.8,1625.07,1432.68,104.75,293.23,736.99,4.46,6,0.2525,0.5004,0.1417,0.126,30.03,48.93,0.434,GRID_300M_19_19,154.22431988754138,7.2,7.3,7.3,7.3,7.3,7.4,37.8,39.1,41.8,45.7,44.1,44.8,20.7,20.1,18.3,16.7,18.0,18.7,41.5,40.8,39.8,37.5,37.9,36.4,17.6,11.7,8.3,5.4,3.5,3.1,1.52,1.53,1.58,1.62,1.64,1.64,33.0,33.4,33.3,33.5,33.6,33.9,17.9,18.7,20.5,23.6,24.2,24.7,29,MB300-0470,1.8952184234710554,,,,,,,,,656.1564299099279,False,,,,,,,,,,,,,,,,,,5425.822413308546,False,True,0.0,Low,Historical Open Pit & Active Mining Lease (High Grade),Bharveli Main Shaft & Central Pit,2150.6,GRID_BHARVELI_COMB_07_19,113.94231628661396,REAL
MASTER_18_20,18,20,21.854853,80.250448,2504.441162,77.448029,0,892,0.09,0.107418,0.14249,0.17537,0.312979,0.395768,0.309763,0.084717,0.112567,0.092831,0.265626,0.21199,0.122642,0.105619,0.023348,0.148504,0.027265,0.293141,-0.378387,-0.471552,0.145266,0.77821,1.262504,1.611669,7.211689,0.476803,-0.399022,-0.302489,-0.071244,0.575765,0.809274,1.087106,9.100696,0.183662,-0.020635,0.169063,-0.21651,-0.202445,-0.45323,-0.524563,0.042885,0.003917,1.885372,-0.047353,-0.183778,0.561789,0.6181,0.398847,0.336323,1,sparse_vegetation,grade_B_blast_furnace_25to44,25-44% Mn (BF + Medium grade),0.222,38.8,1625.07,1432.68,104.75,293.23,736.99,4.46,6,0.2525,0.5004,0.1417,0.126,30.03,48.93,0.434,GRID_300M_19_20,154.40328942185698,7.3,7.3,7.4,7.4,7.4,7.5,37.5,39.2,42.0,46.2,44.5,45.2,21.6,20.8,18.8,16.8,17.8,18.4,40.9,40.1,39.2,37.0,37.6,36.4,17.5,11.2,8.2,5.2,3.6,3.1,1.52,1.53,1.59,1.61,1.63,1.63,32.9,33.3,33.2,33.4,33.5,33.7,15.4,15.6,17.8,20.1,19.4,19.8,29,MB300-0471,0.5166122522205114,,,,,,,,,957.0210136834785,False,,,,,,,,,,,,,,,,,,5423.029323134738,False,True,0.0,Low,Historical Open Pit & Active Mining Lease (High Grade),Bharveli Main Shaft & Central Pit,2445.1,GRID_BHARVELI_COMB_07_20,114.63617597876564,REAL
MASTER_18_21,18,21,21.854858,80.253365,2798.684082,78.776123,0,894,0.09,0.104991,0.142807,0.166618,0.307495,0.349878,0.275822,0.087305,0.119398,0.100047,0.264251,0.221788,0.134062,0.11424,0.023586,0.155405,0.024565,0.315742,-0.371939,-0.417287,0.096863,0.775214,1.129936,1.549484,6.691446,0.446081,-0.371926,-0.288666,-0.047333,0.600861,0.841712,1.139673,10.197179,0.130338,1.3e-05,0.128621,-0.144197,-0.174352,-0.288224,-0.40981,0.041165,0.000979,3.504493,-0.043244,-0.128089,0.537089,0.6147,0.381185,0.261745,1,sparse_vegetation,grade_B_blast_furnace_25to44,25-44% Mn (BF + Medium grade),0.173,39.08,1625.07,1432.68,104.75,293.23,736.99,4.46,6,0.2525,0.5004,0.1417,0.126,30.03,48.93,0.434,GRID_300M_19_21,154.1289230749216,7.3,7.3,7.4,7.4,7.5,7.5,36.9,38.6,41.6,46.1,44.4,45.3,21.6,20.8,18.7,16.5,17.6,18.1,41.5,40.6,39.7,37.5,38.0,36.7,17.0,11.2,8.0,5.1,3.6,2.7,1.51,1.53,1.58,1.61,1.62,1.62,33.1,33.6,33.6,33.8,33.8,33.8,14.2,14.3,16.4,18.5,17.8,18.1,29,MB300-0472,2.2040030453070383,,,,,,,,,1257.8525226820718,False,,,,,,,,,,,,,,,,,,5419.659726694661,False,True,0.0,Very Low,Historical Open Pit & Active Mining Lease (High Grade),Bharveli Main Shaft & Central Pit,2740.7,GRID_BHARVELI_COMB_07_21,115.45857113270647,REAL
MASTER_18_22,18,22,21.854857,80.256286,3094.426025,79.861504,0,890,0.09,0.108569,0.146682,0.18387,0.308352,0.3848,0.309616,0.105848,0.13481,0.114109,0.276643,0.224713,0.140343,0.093148,0.020943,0.161732,0.02998,0.262291,-0.354015,-0.442559,0.144721,0.796235,1.246921,1.664213,7.315722,0.424255,-0.346101,-0.245325,-0.068058,0.610894,0.806989,1.076224,8.437258,0.161964,0.007914,0.197234,-0.212779,-0.185341,-0.439932,-0.587989,0.068584,0.009037,1.128563,-0.03171,-0.160087,0.5695,0.663,0.418944,0.395506,1,sparse_vegetation,grade_B_blast_furnace_25to44,25-44% Mn (BF + Medium grade),0.225,39.08,1625.07,1432.68,104.75,293.23,736.99,4.46,6,0.2525,0.5004,0.1417,0.126,30.03,48.93,0.434,GRID_300M_19_22,154.62078423235894,7.3,7.3,7.4,7.4,7.5,7.5,37.2,38.8,41.7,46.0,44.5,45.6,21.1,20.3,18.5,16.2,17.4,17.9,41.7,40.9,39.8,37.7,38.1,36.6,16.3,11.4,7.7,5.4,3.5,2.7,1.52,1.53,1.58,1.62,1.63,1.63,32.6,33.3,33.3,33.4,33.4,33.4,14.7,14.6,16.5,18.3,17.4,17.7,29,MB300-0473,4.601113150194204,,,,,,,,,1559.3411130208542,False,,,,,,,,,,,,,,,,,,5421.316613597739,False,True,0.0,Very Low,Historical Open Pit & Active Mining Lease (High Grade),Bharveli Main Shaft & Central Pit,3037.2,GRID_BHARVELI_COMB_07_22,115.8612096157126,REAL
MASTER_18_23,18,23,21.854852,80.259169,3387.127686,80.755386,0,873,0.09,0.116498,0.14758,0.177792,0.306167,0.380116,0.314383,0.137875,0.157911,0.133476,0.305403,0.258229,0.17758,0.209293,0.023822,0.15031,0.031582,0.280035,-0.358144,-0.443161,0.12981,0.815774,1.240406,1.562936,8.055153,0.419212,-0.337939,-0.251237,-0.071129,0.655381,0.837609,0.995751,7.913014,0.139177,0.020205,0.191924,-0.200939,-0.160394,-0.402797,-0.567185,-0.058983,0.00776,-0.137813,-0.000765,-0.121887,0.546067,0.6219,0.414339,0.304696,1,sparse_vegetation,grade_B_blast_furnace_25to44,25-44% Mn (BF + Medium grade),0.232,39.08,1625.07,1432.68,104.75,293.23,736.99,4.46,6,0.2525,0.5004,0.1417,0.126,30.03,48.93,0.434,GRID_300M_19_23,154.39664662598892,7.3,7.3,7.4,7.4,7.5,7.6,37.3,39.0,41.8,46.1,44.6,45.7,20.1,19.3,17.7,15.7,16.8,17.3,42.6,41.7,40.5,38.3,38.6,37.0,15.9,11.1,7.7,5.8,3.5,2.8,1.53,1.54,1.59,1.62,1.63,1.63,31.8,32.4,32.5,32.5,32.7,32.7,14.5,14.3,16.3,18.0,18.0,18.2,29,MB300-0474,4.854289520151099,,,,,,,,,1857.0239702919716,False,,,,,,,,,,,,,,,,,,5420.33331236009,False,True,0.0,Very Low,Unmined Exploratory Target (Core Borehole Intercept),Manegaon Northern Strike Extension,3280.1,GRID_BHARVELI_COMB_07_23,114.34395207644351,REAL
MASTER_18_24,18,24,21.854907,80.261746,3650.238037,81.330978,0,724,0.09,0.088942,0.117294,0.137978,0.279063,0.337571,0.265031,0.085023,0.113384,0.085623,0.307595,0.2233,0.124105,0.098264,0.022942,0.157927,0.036151,0.351389,-0.410746,-0.478506,0.111942,0.772571,1.212551,1.514697,7.315476,0.555352,-0.452595,-0.321332,-0.117464,0.555752,0.734792,1.001888,6.818316,0.203963,-0.041849,0.157173,-0.229406,-0.216819,-0.477759,-0.512809,0.059663,0.01321,-0.525733,0.028532,-0.114271,0.533161,0.6229,0.393557,0.207182,1,sparse_vegetation,grade_B_blast_furnace_25to44,25-44% Mn (BF + Medium grade),0.263,38.9,1625.07,1432.68,104.75,293.23,736.99,4.46,6,0.2525,0.5004,0.1417,0.126,30.03,48.93,0.434,GRID_300M_19_24,142.60618686752528,7.3,7.3,7.4,7.4,7.5,7.5,37.3,39.0,41.9,45.9,44.3,45.5,19.9,19.1,17.5,15.7,16.9,17.3,42.8,41.9,40.7,38.4,38.8,37.2,15.3,10.8,7.7,6.0,3.6,2.9,1.53,1.54,1.59,1.62,1.63,1.63,31.3,31.8,32.0,32.0,32.2,32.1,14.3,14.1,16.1,17.9,18.3,18.4,29,MB300-0475,32.03015309158316,,,,,,,,,2122.962900080838,False,,,,,,,,,,,,,,,,,,5426.197450374156,False,True,0.0,Very Low,Unmined Exploratory Target (Core Borehole Intercept),Manegaon Northern Strike Extension,3420.7,GRID_BHARVELI_COMB_07_24,112.89443576445872,REAL
MASTER_19_00,19,0,21.857271,80.192823,3585.587646,283.09967,0,609,0.09,0.082798,0.106706,0.121881,0.237992,0.251184,0.180179,0.086847,0.108582,0.085882,0.216531,0.123045,0.068625,0.136885,0.028991,0.105301,0.017375,0.319938,-0.375422,-0.399118,0.070421,0.710848,1.083243,1.459759,7.209709,0.423509,-0.323695,-0.044251,-0.186542,0.557631,0.564855,0.987421,11.692064,0.103571,0.051726,0.354867,-0.256964,-0.153217,-0.518388,-0.472338,-0.031583,-0.011616,4.447479,-0.021461,-0.128138,0.5288,0.6025,0.512267,0.269294,1,waterlogged,grade_B_blast_furnace_25to44,25-44% Mn (BF + Medium grade),0.235,38.44,1625.07,1432.68,104.75,293.23,736.99,4.46,6,0.2525,0.5004,0.1417,0.126,30.03,48.93,0.434,GRID_300M_19_00,155.83308745985687,7.4,7.5,7.5,7.6,7.7,7.8,40.6,41.8,43.6,46.9,45.8,45.5,17.8,17.3,16.1,15.0,16.1,16.8,41.6,40.8,40.3,38.1,38.1,37.6,15.2,9.0,6.8,5.5,3.1,2.8,1.53,1.56,1.6,1.62,1.63,1.63,32.7,33.0,33.0,33.3,33.2,33.2,6.7,6.1,6.3,7.1,6.8,8.4,29,MB300-0476,47.4673164545975,,,,,,,,,1999.6483208464986,False,,,,,,,,,,,,,,,,,,5426.082234162592,False,True,0.0,Medium,No Mining History (Barren Country Rock Control),Bharveli West Footwall Baseline,800.9,GRID_BHARVELI_COMB_08_00,123.92950809174437,REAL
MASTER_19_01,19,1,21.857312,80.195255,3343.099854,284.149628,0,864,0.09,0.088917,0.115809,0.133604,0.247395,0.261162,0.194214,0.084585,0.105776,0.08338,0.209662,0.117231,0.066365,0.121951,0.029148,0.12307,0.017147,0.302536,-0.360341,-0.381548,0.07124,0.734384,1.077106,1.483757,7.343084,0.426291,-0.324198,-0.038982,-0.191529,0.56544,0.556549,0.982217,12.654771,0.123754,0.036143,0.342566,-0.262769,-0.168943,-0.520557,-0.50154,0.001119,-0.012002,5.297846,-0.037734,-0.143932,0.530247,0.6284,0.511629,0.265046,1,waterlogged,grade_B_blast_furnace_25to44,25-44% Mn (BF + Medium grade),0.286,38.44,1625.07,1432.68,104.75,293.23,736.99,4.46,6,0.2525,0.5004,0.1417,0.126,30.03,48.93,0.434,GRID_300M_19_01,134.68738739573362,7.4,7.5,7.5,7.6,7.7,7.8,40.4,41.8,43.3,46.8,45.5,45.4,18.2,17.5,16.4,15.3,16.3,16.9,41.5,40.7,40.3,38.0,38.2,37.6,15.0,9.1,6.6,5.2,3.2,2.7,1.54,1.57,1.61,1.63,1.63,1.63,32.6,33.1,33.1,33.4,33.3,33.3,6.4,5.9,6.2,7.4,7.3,8.8,29,MB300-0477,1.6116021453441822,,,,,,,,,1748.4033726471805,False,,,,,,,,,,,,,,,,,,5428.251294798168,False,True,0.0,Medium,No Mining History (Barren Country Rock Control),Bharveli West Footwall Baseline,733.3,GRID_BHARVELI_COMB_08_01,93.75224104717933,REAL
MASTER_19_02,19,2,21.857297,80.198138,3055.485352,285.480438,0,893,0.09,0.082366,0.110093,0.115201,0.262554,0.232761,0.161865,0.084205,0.106691,0.081789,0.238558,0.159912,0.092145,0.122229,0.033788,0.14201,0.021121,0.397382,-0.408276,-0.350901,-0.007761,0.682114,0.896021,1.369334,5.23375,0.48559,-0.377055,-0.187846,-0.147529,0.569033,0.670639,0.966075,10.814112,0.088209,0.031221,0.163055,-0.139769,-0.11308,-0.225382,-0.403259,0.019781,-0.012667,5.555552,-0.023996,-0.072848,0.489835,0.6028,0.413288,0.155655,1,sparse_vegetation,grade_B_blast_furnace_25to44,25-44% Mn (BF + Medium grade),0.425,38.44,1625.07,1432.68,104.75,293.23,736.99,4.46,6,0.2525,0.5004,0.1417,0.126,30.03,48.93,0.434,GRID_300M_19_02,132.200358658207,7.4,7.5,7.5,7.6,7.7,7.8,39.8,41.5,42.9,46.3,44.8,45.5,18.9,18.2,17.0,15.7,16.9,17.2,41.3,40.4,40.1,38.0,38.4,37.3,14.7,9.5,6.6,5.0,3.2,2.6,1.55,1.57,1.62,1.64,1.64,1.64,32.4,33.3,33.4,33.5,33.2,33.1,6.2,5.7,6.3,7.7,7.7,9.3,29,MB300-0478,4.1340761524732095,,,,,,,,,1450.9721240992878,False,,,,,,,,,,,,,,,,,,5426.824858804318,False,True,0.0,Medium,No Mining History (Barren Country Rock Control),Bharveli West Footwall Baseline,783.6,GRID_BHARVELI_COMB_08_02,90.98522171730328,REAL
MASTER_19_03,19,3,21.857305,80.201069,2765.913086,287.166656,0,900,0.09,0.090726,0.120262,0.137776,0.269621,0.268674,0.199377,0.086916,0.108682,0.083893,0.232548,0.150135,0.092774,0.373707,0.034862,0.19318,0.023453,0.32955,-0.382584,-0.377466,0.051754,0.732388,1.005107,1.498798,9.41649,0.470496,-0.359619,-0.133472,-0.16676,0.598143,0.63369,0.956959,13.421399,0.140946,0.022965,0.243994,-0.218514,-0.134245,-0.371417,-0.541839,-0.180527,-0.011409,4.012533,-0.037073,-0.118539,0.523249,0.6223,0.458234,0.142222,1,sparse_vegetation,grade_B_blast_furnace_25to44,25-44% Mn (BF + Medium grade),0.286,39.06,1625.07,1432.68,104.75,293.23,736.99,4.46,6,0.2525,0.5004,0.1417,0.126,30.03,48.93,0.434,GRID_300M_19_03,133.8487673533325,7.5,7.5,7.6,7.6,7.7,7.8,39.0,40.7,42.1,45.8,44.0,45.1,19.6,19.0,17.8,16.4,17.7,17.8,41.3,40.3,40.1,37.8,38.4,37.1,14.5,9.7,6.6,5.0,3.2,2.6,1.55,1.57,1.62,1.63,1.64,1.64,32.5,33.3,33.4,33.5,33.1,33.1,6.7,6.3,6.9,7.7,7.8,9.1,29,MB300-0479,3.0497147451156374,,,,,,,,,1148.6487687732179,False,,,,,,,,,,,,,,,,,,5427.595022971218,False,True,0.0,Medium,No Mining History (Barren Country Rock Control),Bharveli West Footwall Baseline,932.9,GRID_BHARVELI_COMB_08_03,92.92633835654848,REAL
MASTER_19_04,19,4,21.857371,80.203954,2485.880859,289.350342,0,896,0.09,0.076869,0.105754,0.104664,0.275932,0.23241,0.157974,0.082995,0.102911,0.07831,0.221677,0.15608,0.090227,0.186234,0.047106,0.186224,0.024905,0.453921,-0.444685,-0.368961,-0.032075,0.667327,0.853644,1.339146,5.837179,0.474852,-0.362567,-0.197162,-0.132119,0.576249,0.705891,0.940169,12.20327,0.020931,0.082118,0.171799,-0.100044,-0.091078,-0.147754,-0.398977,-1.1e-05,-0.022201,6.356272,-0.054255,-0.076329,0.47456,0.6211,0.406587,0.027902,0,sparse_vegetation,grade_B_blast_furnace_25to44,25-44% Mn (BF + Medium grade),0.377,39.06,1625.07,1432.68,104.75,293.23,736.99,4.46,6,0.2525,0.5004,0.1417,0.126,30.03,48.93,0.434,GRID_300M_19_04,139.90271401694616,7.5,7.5,7.6,7.6,7.7,7.8,38.4,40.1,41.5,45.4,43.5,44.7,20.2,19.6,18.5,17.1,18.4,18.4,41.4,40.4,40.0,37.4,38.2,36.9,13.9,9.6,6.7,5.3,3.3,2.5,1.54,1.56,1.61,1.62,1.64,1.63,31.8,32.7,32.8,32.8,32.5,32.5,6.7,6.9,7.2,8.2,8.5,9.7,29,MB300-0480,3.659568789110564,,,,,,,,,850.8613910703918,False,,,,,,,,,,,,,,,,,,5431.933714455313,False,True,0.0,Medium,No Mining History (Barren Country Rock Control),Bharveli West Footwall Baseline,1143.1,GRID_BHARVELI_COMB_08_04,98.10221872198568,REAL
MASTER_19_05,19,5,21.857378,80.206898,2202.301514,291.986145,0,893,0.09,0.082618,0.111124,0.119997,0.275599,0.25248,0.177553,0.082919,0.101365,0.077606,0.23333,0.165829,0.096304,0.148015,0.038695,0.200848,0.027386,0.399409,-0.425501,-0.386361,0.012324,0.695728,0.921182,1.431975,5.425282,0.498804,-0.390808,-0.235077,-0.133001,0.574054,0.713194,0.929986,10.741835,0.099395,0.034693,0.151284,-0.145324,-0.121674,-0.207988,-0.501989,0.052834,-0.011309,5.316749,-0.042269,-0.086651,0.500797,0.5915,0.399797,0.078387,0,sparse_vegetation,grade_B_blast_furnace_25to44,25-44% Mn (BF + Medium grade),0.28,39.06,1625.07,1432.68,104.75,293.23,736.99,4.46,6,0.2525,0.5004,0.1417,0.126,30.03,48.93,0.434,GRID_300M_19_05,141.91354234966622,7.5,7.5,7.6,7.6,7.7,7.8,38.0,39.9,41.3,45.1,43.2,44.4,20.3,19.6,18.5,17.2,18.4,18.4,41.6,40.5,40.2,37.7,38.4,37.2,13.5,9.3,6.7,5.4,3.4,2.6,1.54,1.56,1.6,1.62,1.63,1.63,31.0,32.0,32.0,32.1,31.8,31.8,6.8,7.0,7.5,8.5,8.7,9.6,29,MB300-0481,2.733848105031516,,,,,,,,,548.2444816493576,False,,,,,,,,,,,,,,,,,,5430.824917196526,False,True,0.0,Low,No Mining History (Barren Country Rock Control),Bharveli West Footwall Baseline,1386.7,GRID_BHARVELI_COMB_08_05,100.54171993379741,REAL
MASTER_19_06,19,6,21.857381,80.20981,1927.591431,295.333862,0,894,0.09,0.097973,0.1292,0.154167,0.283233,0.317517,0.24301,0.100117,0.119176,0.105461,0.212936,0.186865,0.125101,0.15555,0.031091,0.178242,0.028916,0.304877,-0.376041,-0.419086,0.097945,0.756219,1.119869,1.555149,6.709325,0.333333,-0.27625,-0.198641,-0.04257,0.651586,0.870567,1.049161,9.515183,0.028455,0.099791,0.220445,-0.140516,-0.104632,-0.249302,-0.505988,0.022692,-0.002175,2.80219,-0.070297,-0.130652,0.542749,0.6157,0.424187,0.243848,1,sparse_vegetation,grade_B_blast_furnace_25to44,25-44% Mn (BF + Medium grade),0.31,39.08,1625.07,1432.68,104.75,293.23,736.99,4.46,6,0.2525,0.5004,0.1417,0.126,30.03,48.93,0.434,GRID_300M_19_06,142.37259674035528,7.4,7.5,7.6,7.6,7.7,7.8,37.1,39.2,40.8,44.7,42.9,44.2,20.3,19.4,18.4,17.1,18.3,18.3,42.6,41.3,40.8,38.2,38.8,37.6,13.7,9.7,6.8,5.5,3.8,3.0,1.54,1.56,1.6,1.62,1.63,1.63,30.6,31.6,31.4,31.6,31.4,31.4,8.8,8.5,9.2,11.1,11.2,11.7,29,MB300-0482,2.79711859431088,,,,,,,,,252.76407072759886,False,,,,,,,,,,,,,,,,,,5437.868803740935,False,True,0.0,Low,No Mining History (Barren Country Rock Control),Bharveli West Footwall Baseline,1649.0,GRID_BHARVELI_COMB_08_06,101.03741446392651,REAL
MASTER_19_07,19,7,21.85737,80.212719,1661.029663,299.724518,0,890,0.09,0.095167,0.125708,0.152108,0.293414,0.328187,0.246197,0.104786,0.119266,0.098959,0.227226,0.163042,0.097557,0.152349,0.033453,0.185442,0.033376,0.324977,-0.400603,-0.447246,0.099124,0.745204,1.129555,1.570467,7.308562,0.386785,-0.305238,-0.140052,-0.120714,0.593799,0.723565,0.94331,8.456624,0.061808,0.095365,0.307194,-0.219839,-0.151405,-0.40599,-0.627157,0.033093,-7.8e-05,1.162279,-0.066189,-0.165146,0.544704,0.6358,0.471624,0.189888,1,sparse_vegetation,grade_B_blast_furnace_25to44,25-44% Mn (BF + Medium grade),0.242,39.08,1625.07,1432.68,104.75,293.23,736.99,4.46,6,0.2525,0.5004,0.1417,0.126,30.03,48.93,0.434,GRID_300M_19_07,141.22912705319314,7.4,7.5,7.5,7.6,7.7,7.7,36.2,38.5,40.3,44.5,43.0,44.2,20.6,19.6,18.5,17.0,18.2,18.2,43.3,41.9,41.2,38.5,38.8,37.6,14.5,9.9,6.8,5.6,3.8,3.7,1.54,1.55,1.6,1.62,1.64,1.63,30.5,31.6,31.4,31.8,31.6,31.5,10.4,10.1,11.6,13.2,13.8,14.1,29,MB300-0483,3.8661085861857165,304.4562,0.8944,243.9838,0.0035,0.4727,0.0122,1.6375,BHV300-0023,91.8884915882445,True,,,,,,,,,,,,,,,,,,5459.921684701448,False,True,0.0,Low,Historical Open Pit & Active Mining Lease (High Grade),Bharveli Main Shaft & Central Pit,1667.1,GRID_BHARVELI_COMB_08_07,99.9788659890561,REAL
MASTER_19_08,19,8,21.857392,80.215583,1413.893311,305.752014,0,870,0.09,0.100281,0.131135,0.164553,0.29108,0.365984,0.283829,0.135708,0.140099,0.11421,0.208387,0.150823,0.091145,0.105,0.024093,0.170352,0.036358,0.280887,-0.378684,-0.47246,0.148653,0.773582,1.265098,1.630599,7.423725,0.28562,-0.188163,-0.021973,-0.134443,0.5984,0.720789,0.841315,7.165446,0.004733,0.190521,0.450487,-0.283096,-0.175182,-0.544309,-0.789284,0.065351,0.012265,-0.210911,-0.082694,-0.215161,0.56769,0.6308,0.544398,0.144828,1,waterlogged,grade_B_blast_furnace_25to44,25-44% Mn (BF + Medium grade),0.26,39.08,1625.07,1432.68,104.75,293.23,736.99,4.46,6,0.2525,0.5004,0.1417,0.126,30.03,48.93,0.434,GRID_300M_19_08,141.97409887689707,7.4,7.5,7.5,7.6,7.7,7.7,35.9,38.3,40.3,44.3,42.9,44.2,21.3,20.1,18.9,17.3,18.4,18.4,42.9,41.5,40.8,38.4,38.7,37.4,14.7,9.9,6.7,5.8,3.8,3.0,1.55,1.56,1.61,1.62,1.64,1.63,30.5,31.7,31.3,31.8,31.6,31.6,11.5,11.1,13.1,14.4,14.6,15.0,29,MB300-0484,1.2356635647693808,303.8384,0.911,111.6092,-0.0069,0.479,-0.0235,1.6373,BHV300-0024,88.7003887833088,True,,,,,,,,,,,,,,,,,,5501.232424370163,False,True,0.0,Low,Historical Open Pit & Active Mining Lease (High Grade),Bharveli Main Shaft & Central Pit,1404.4,GRID_BHARVELI_COMB_08_08,99.9280839739292,REAL
MASTER_19_09,19,9,21.857381,80.218455,1185.544922,314.088409,0,896,0.09,0.094522,0.123733,0.154546,0.25511,0.325239,0.258955,0.334391,0.322607,0.295124,0.358336,0.324633,0.25278,0.107107,0.018369,0.169445,0.034225,0.243328,-0.342449,-0.446586,0.156804,0.796186,1.28983,1.628029,10.469022,0.124776,-0.066686,0.006368,-0.074053,0.740297,0.871948,0.863414,9.209833,-0.118552,0.275763,0.452954,-0.230857,-0.055889,-0.417882,-0.764615,0.062338,0.015857,-1.22475,0.103227,-0.000607,0.570559,0.6215,0.543589,0.291295,1,waterlogged,grade_B_blast_furnace_25to44,25-44% Mn (BF + Medium grade),0.23,38.99,1625.07,1432.68,104.75,293.23,736.99,4.46,6,0.2525,0.5004,0.1417,0.126,30.03,48.93,0.434,GRID_300M_19_09,139.64100453048025,7.4,7.4,7.5,7.5,7.6,7.6,36.5,38.8,41.3,45.1,43.7,44.9,21.7,20.4,18.9,17.3,18.3,18.4,41.9,40.8,39.8,37.7,37.9,36.7,15.0,9.9,7.2,5.8,3.6,2.8,1.54,1.56,1.61,1.61,1.63,1.63,30.6,31.6,31.2,31.7,31.5,31.4,12.8,12.3,14.8,16.0,16.1,16.5,29,MB300-0485,5.453510809742294,303.2118,0.5671,275.0849,-0.0044,0.2918,-0.0152,0.9763,BHV300-0025,88.92505083434567,True,,,,,,,,,,,,,,,,,,5554.594877139249,False,True,0.0,Medium,Historical Open Pit & Active Mining Lease (High Grade),Bharveli Main Shaft & Central Pit,1160.0,GRID_BHARVELI_COMB_08_09,97.12315495069241,REAL
MASTER_19_10,19,10,21.857431,80.221379,996.199036,326.46817,1,902,0.09,0.087734,0.115579,0.146038,0.225318,0.283974,0.225092,0.316414,0.305704,0.274713,0.353929,0.303481,0.234562,0.146864,0.021006,0.163177,0.023772,0.213303,-0.318465,-0.421159,0.158033,0.793549,1.274435,1.654836,10.204952,0.159524,-0.092369,0.012274,-0.094752,0.727002,0.819141,0.849451,12.787292,-0.053779,0.226096,0.433433,-0.252785,-0.066547,-0.455294,-0.805385,0.016313,0.002766,2.607012,0.128611,0.019507,0.578671,0.6403,0.54394,0.272727,1,waterlogged,grade_B_blast_furnace_25to44,25-44% Mn (BF + Medium grade),0.201,38.99,1625.07,1432.68,104.75,293.23,736.99,4.46,6,0.2525,0.5004,0.1417,0.126,30.03,48.93,0.434,GRID_300M_19_10,145.44617220431138,7.4,7.4,7.5,7.5,7.5,7.6,36.9,39.2,41.8,45.7,44.1,45.1,22.0,20.8,19.2,17.6,18.8,19.0,41.1,40.1,39.1,36.8,37.1,35.9,15.9,9.9,7.6,5.7,3.7,3.1,1.54,1.55,1.59,1.61,1.62,1.62,30.7,31.4,31.1,31.4,31.3,31.3,14.2,14.3,17.4,18.5,18.4,18.0,29,MB300-0486,1.7705356205064056,304.9993,0.4703,296.7118,0.0015,0.2413,0.005,0.7984,BHV300-0026,86.94911322139515,True,,,,,,,,,,,,,,,,,,5631.085931080796,False,True,0.0,Medium,Historical Open Pit & Active Mining Lease (High Grade),Bharveli Main Shaft & Central Pit,948.1,GRID_BHARVELI_COMB_08_10,102.81527339036633,REAL
MASTER_19_11,19,11,21.857472,80.224293,871.575378,343.329681,1,889,0.09,0.107625,0.142231,0.183454,0.277726,0.369624,0.298555,0.284388,0.276935,0.24699,0.348979,0.291613,0.208647,0.102628,0.015509,0.144683,0.024543,0.206394,-0.321778,-0.442301,0.17664,0.806462,1.331906,1.696388,10.033689,0.224883,-0.1524,-0.038642,-0.102931,0.666251,0.801275,0.852716,10.015053,0.018488,0.169377,0.403658,-0.279571,-0.140211,-0.53063,-0.843672,0.042055,0.009034,-0.033626,0.071254,-0.078011,0.588431,0.6275,0.528782,0.431946,1,waterlogged,grade_B_blast_furnace_25to44,25-44% Mn (BF + Medium grade),0.218,38.99,1625.07,1432.68,104.75,293.23,736.99,4.46,6,0.2525,0.5004,0.1417,0.126,30.03,48.93,0.434,GRID_300M_19_11,149.95461117951854,7.3,7.3,7.4,7.3,7.4,7.5,36.9,39.2,41.3,45.5,43.9,44.8,21.8,20.6,19.3,17.8,19.0,19.6,41.3,40.2,39.4,36.7,37.2,35.5,17.4,11.1,7.5,5.7,4.0,3.3,1.53,1.54,1.58,1.6,1.62,1.62,29.8,31.0,30.8,30.9,31.0,31.0,15.4,16.1,19.1,20.2,20.3,20.3,29,MB300-0487,3.3083066163363624,305.1789,0.3441,213.5121,-0.0044,0.199,-0.0147,0.671,BHV300-0027,85.28652409953693,True,,,,,,,,,,,,,,,,,,5721.257156741721,False,True,1.0,Medium,Historical Open Pit & Active Mining Lease (High Grade),Bharveli Main Shaft & Central Pit,795.1,GRID_BHARVELI_COMB_08_11,107.21889330985734,REAL
MASTER_19_12,19,12,21.85747,80.227218,836.291321,3.519352,1,888,0.09,0.126127,0.16599,0.219106,0.321367,0.44389,0.365906,0.321965,0.313203,0.285182,0.381841,0.333769,0.244923,0.076812,0.013159,0.156994,0.027994,0.191171,-0.319748,-0.456779,0.194031,0.8238,1.384589,1.734426,9.052904,0.218508,-0.1499,-0.045851,-0.094243,0.673603,0.820011,0.86858,8.360921,0.027337,0.169848,0.410928,-0.288274,-0.150196,-0.564579,-0.865847,0.080182,0.014835,-0.708404,0.060474,-0.110121,0.59763,0.631,0.530134,0.59009,1,waterlogged,grade_B_blast_furnace_25to44,25-44% Mn (BF + Medium grade),0.2,38.74,1625.07,1432.68,104.75,293.23,736.99,4.46,6,0.2525,0.5004,0.1417,0.126,30.03,48.93,0.434,GRID_300M_19_12,150.27500522802382,7.2,7.3,7.3,7.3,7.3,7.4,37.4,39.4,41.1,45.5,43.9,44.8,21.2,20.2,19.1,17.6,18.9,19.7,41.4,40.4,39.8,36.9,37.2,35.5,17.0,11.5,7.8,5.6,3.9,3.1,1.53,1.54,1.58,1.61,1.63,1.62,30.1,31.2,31.1,31.3,31.5,31.4,17.8,18.1,20.5,22.4,22.9,23.6,29,MB300-0488,2.1979203534698257,307.1401,0.7789,226.8172,-0.0014,0.331,-0.0048,1.0814,BHV300-0028,88.10410334914938,True,,,,,,,,,,,,,,,,,,5722.257197015901,False,True,1.0,Medium,Historical Open Pit & Active Mining Lease (High Grade),Bharveli Main Shaft & Central Pit,738.5,GRID_BHARVELI_COMB_08_12,107.71144604876409,REAL
MASTER_19_13,19,13,21.85747,80.230124,905.411255,22.791183,1,887,0.09,0.095647,0.121582,0.149819,0.242499,0.332218,0.28348,0.187505,0.204246,0.169218,0.406985,0.330699,0.209527,0.114693,0.021708,0.166171,0.033609,0.237847,-0.328496,-0.461784,0.172591,0.854562,1.379136,1.559897,7.627144,0.443853,-0.355049,-0.262976,-0.092023,0.621809,0.816565,0.907985,7.043198,0.206006,-0.026553,0.198808,-0.264614,-0.232753,-0.562571,-0.651912,0.051478,0.011901,-0.582713,0.164486,-0.00152,0.556693,0.6615,0.423307,0.358512,1,sparse_vegetation,grade_B_blast_furnace_25to44,25-44% Mn (BF + Medium grade),0.237,38.74,1625.07,1432.68,104.75,293.23,736.99,4.46,6,0.2525,0.5004,0.1417,0.126,30.03,48.93,0.434,GRID_300M_19_13,150.21133994798933,7.0,7.1,7.2,7.1,7.3,7.3,39.1,40.6,42.1,46.7,45.1,45.6,21.1,20.3,19.2,17.2,18.7,19.4,39.9,39.1,38.7,36.1,36.2,35.1,19.3,14.3,8.6,5.7,4.7,4.0,1.51,1.52,1.56,1.61,1.62,1.62,31.3,31.9,31.8,32.0,32.1,32.1,20.7,21.3,22.5,24.9,25.9,27.2,29,MB300-0489,1.8598041087388992,316.3981,7.1874,264.348,-0.1533,3.113,-0.5142,10.0766,BHV300-0029,89.42092469131794,True,,,,,,,,,,,,,,,,,,5720.707456033516,False,True,1.0,Medium,Historical Open Pit & Active Mining Lease (High Grade),Bharveli Main Shaft & Central Pit,799.1,GRID_BHARVELI_COMB_08_13,107.62339834297654,REAL
MASTER_19_14,19,14,21.857475,80.233044,1059.289307,37.956425,0,900,0.09,0.078002,0.100932,0.111379,0.249836,0.293441,0.228059,0.08409,0.111094,0.071319,0.367801,0.244841,0.124394,0.157237,0.039673,0.296917,0.069438,0.386904,-0.426208,-0.489851,0.100799,0.769977,1.181557,1.42221,5.337143,0.675388,-0.536887,-0.377883,-0.176195,0.506874,0.668825,0.848878,6.597396,0.288484,-0.110679,0.111968,-0.276994,-0.263103,-0.512733,-0.573331,0.13968,0.029765,1.271845,0.117965,-0.0486,0.512839,0.5893,0.376819,0.051111,0,sparse_vegetation,grade_B_blast_furnace_25to44,25-44% Mn (BF + Medium grade),0.348,38.74,1625.07,1432.68,104.75,293.23,736.99,4.46,6,0.2525,0.5004,0.1417,0.126,30.03,48.93,0.434,GRID_300M_19_14,151.1255633895542,7.0,7.1,7.1,7.1,7.2,7.2,40.3,41.6,43.0,47.5,45.9,46.1,20.9,20.2,19.1,17.1,18.6,19.2,38.8,38.2,37.9,35.4,35.5,34.7,21.0,16.0,9.4,6.0,5.3,4.7,1.51,1.52,1.55,1.61,1.63,1.63,31.9,32.3,32.2,32.3,32.3,32.5,21.5,22.3,23.1,25.5,26.5,28.3,29,MB300-0490,3.7243281100641275,398.0778,19.5571,260.2852,0.2029,8.6992,0.6843,27.6416,BHV300-0030,91.24257907740369,True,,,,,,,,,,,,,,,,,,5716.554034959591,False,True,0.0,Medium,Historical Open Pit & Active Mining Lease (High Grade),Bharveli Main Shaft & Central Pit,954.9,GRID_BHARVELI_COMB_08_14,108.61340784135281,REAL
MASTER_19_15,19,15,21.857468,80.235917,1262.587769,48.631001,0,873,0.09,0.07204,0.095563,0.103944,0.25201,0.285676,0.210757,0.068339,0.095296,0.05958,0.358288,0.233672,0.116359,0.402947,0.066777,0.916245,0.157912,0.415159,-0.447321,-0.498756,0.090175,0.735168,1.14851,1.432991,7.074914,0.713121,-0.577942,-0.420968,-0.185218,0.496186,0.657888,0.867858,8.074621,0.297962,-0.130622,0.077788,-0.275393,-0.238982,-0.490622,-0.565134,0.513298,0.091135,0.998515,0.106278,-0.052003,0.513828,0.5974,0.358332,0.042383,0,sparse_vegetation,grade_B_blast_furnace_25to44,25-44% Mn (BF + Medium grade),0.389,38.33,1625.07,1432.68,104.75,293.23,736.99,4.46,6,0.2525,0.5004,0.1417,0.126,30.03,48.93,0.434,GRID_300M_19_15,149.25463186531053,7.1,7.1,7.2,7.2,7.2,7.3,42.0,42.8,44.0,47.7,46.4,46.5,19.9,19.5,18.4,16.6,18.0,18.8,38.1,37.7,37.6,35.7,35.6,34.8,21.7,15.6,11.2,6.7,4.7,4.0,1.53,1.54,1.56,1.63,1.64,1.65,33.1,33.4,33.2,33.2,33.3,33.8,24.6,24.5,25.4,27.9,28.7,30.3,29,MB300-0491,3.2546275084044414,406.2655,15.7901,141.409,0.1551,6.9068,0.5178,22.8672,BHV300-0031,91.07251954655398,True,,,,,,,,,,,,,,,,,,5717.002806754621,False,True,0.0,Medium,Historical Open Pit & Active Mining Lease (High Grade),Bharveli Main Shaft & Central Pit,1168.4,GRID_BHARVELI_COMB_08_15,106.38899191989957,REAL
MASTER_19_16,19,16,21.857481,80.238786,1498.012939,56.080849,0,892,0.09,0.089501,0.121681,0.15994,0.264544,0.378303,0.307221,0.081087,0.112675,0.093674,0.338886,0.292652,0.176561,0.128001,0.023733,0.322544,0.053465,0.258286,-0.374858,-0.516247,0.202183,0.808006,1.432618,1.762047,9.888682,0.568395,-0.499326,-0.441517,-0.047489,0.595771,0.872087,1.135254,8.875635,0.310108,-0.124468,0.07473,-0.249672,-0.212235,-0.560531,-0.626793,0.194543,0.029733,-0.97978,0.074343,-0.085651,0.598348,0.6857,0.348048,0.346413,1,sparse_vegetation,grade_B_blast_furnace_25to44,25-44% Mn (BF + Medium grade),0.252,38.33,1625.07,1432.68,104.75,293.23,736.99,4.46,6,0.2525,0.5004,0.1417,0.126,30.03,48.93,0.434,GRID_300M_19_16,149.51957523647667,7.1,7.2,7.2,7.2,7.3,7.3,40.7,41.7,43.2,46.9,45.5,45.9,20.0,19.4,18.4,16.8,18.1,18.7,39.3,38.8,38.4,36.3,36.3,35.4,21.3,15.4,10.5,6.0,4.7,4.0,1.52,1.53,1.56,1.63,1.64,1.65,33.8,34.1,33.9,33.9,34.0,34.5,23.5,23.6,23.9,26.6,27.9,29.2,16,MB300-0492,4.475462842307236,330.0658,10.0439,105.9244,-0.1966,4.3608,-0.6603,13.9707,BHV300-0032,89.09135348185526,True,,,,,,,,,,,,,,,,,,5718.028691756606,False,True,0.0,Low,Historical Open Pit & Active Mining Lease (High Grade),Bharveli Main Shaft & Central Pit,1413.6,GRID_BHARVELI_COMB_08_16,106.11892311822251,REAL
MASTER_19_17,19,17,21.857546,80.241685,1757.265991,61.326252,0,905,0.09,0.0985,0.135616,0.174546,0.286467,0.404006,0.319127,0.089392,0.108932,0.092037,0.233089,0.189626,0.113509,0.073313,0.013685,0.178418,0.036634,0.247361,-0.357804,-0.498674,0.199444,0.787639,1.417901,1.756993,8.951559,0.431337,-0.354255,-0.238222,-0.08306,0.583862,0.789314,1.026028,7.185803,0.183976,0.003549,0.260452,-0.282505,-0.203777,-0.628587,-0.730964,0.105105,0.022949,-1.731782,-0.053378,-0.21438,0.60183,0.6713,0.446725,0.4,1,sparse_vegetation,grade_B_blast_furnace_25to44,25-44% Mn (BF + Medium grade),0.211,37.31,1625.07,1432.68,104.75,293.23,736.99,4.46,6,0.2525,0.5004,0.1417,0.126,30.03,48.93,0.434,GRID_300M_20_17,154.0109690167922,7.3,7.3,7.3,7.3,7.3,7.4,38.8,40.1,41.6,45.5,44.3,44.8,20.4,19.9,18.8,17.1,18.4,19.0,40.7,40.0,39.6,37.5,37.3,36.2,19.1,12.8,9.5,5.8,4.3,3.6,1.52,1.53,1.56,1.62,1.63,1.63,32.9,33.3,33.2,33.4,33.4,33.5,21.1,21.5,22.3,24.4,25.9,26.3,29,MB300-0493,4.282371793384194,313.5059,1.8396,123.896,-0.0185,0.8379,-0.0624,2.7866,BHV300-0033,84.17623516673716,True,,,,,,,,,,,,,,,,,,5725.272631597368,False,True,0.0,Low,Historical Open Pit & Active Mining Lease (High Grade),Bharveli Main Shaft & Central Pit,1676.8,GRID_BHARVELI_COMB_08_17,112.55641193447407,REAL
MASTER_19_18,19,18,21.857566,80.244613,2028.098389,65.363945,0,894,0.09,0.094937,0.126711,0.157156,0.287341,0.393936,0.307249,0.192926,0.204986,0.182925,0.338802,0.2764,0.17498,0.094009,0.019699,0.163289,0.036748,0.295265,-0.388344,-0.514113,0.180239,0.778996,1.377643,1.649372,7.677289,0.328813,-0.270981,-0.170345,-0.078102,0.618644,0.808182,0.965684,7.084712,0.033548,0.117363,0.343768,-0.258341,-0.160353,-0.569461,-0.683689,0.06928,0.017049,-0.567044,0.051461,-0.117536,0.576886,0.6426,0.478972,0.195749,1,sparse_vegetation,grade_B_blast_furnace_25to44,25-44% Mn (BF + Medium grade),0.221,37.31,1625.07,1432.68,104.75,293.23,736.99,4.46,6,0.2525,0.5004,0.1417,0.126,30.03,48.93,0.434,GRID_300M_20_18,152.39755716721288,7.2,7.3,7.3,7.3,7.4,7.4,38.5,39.7,41.3,44.6,43.3,43.9,20.2,19.5,18.4,17.0,18.2,18.8,41.4,40.7,40.4,38.4,38.5,37.2,18.6,12.2,8.6,5.6,3.7,3.3,1.52,1.53,1.57,1.62,1.64,1.63,32.6,33.0,33.0,33.3,33.2,33.4,19.8,21.0,22.3,24.5,25.1,25.8,29,MB300-0494,3.359540085878291,,,,,,,,,359.3547022921334,False,,,,,,,,,,,,,,,,,,5727.493462735658,False,True,0.0,Low,Historical Open Pit & Active Mining Lease (High Grade),Bharveli Main Shaft & Central Pit,1950.6,GRID_BHARVELI_COMB_08_18,115.3223812702149,REAL
MASTER_19_19,19,19,21.857568,80.247533,2304.984131,68.476822,0,884,0.09,0.110208,0.145116,0.184901,0.311028,0.41447,0.329158,0.094681,0.117883,0.09705,0.266681,0.203595,0.117111,0.104357,0.019197,0.16651,0.028435,0.257895,-0.365174,-0.482385,0.173319,0.793173,1.333544,1.672308,7.995633,0.465983,-0.38564,-0.262775,-0.093674,0.572405,0.763353,1.025461,8.603158,0.208088,-0.020466,0.21961,-0.266993,-0.220768,-0.570191,-0.646847,0.062153,0.009238,0.627598,-0.044347,-0.210876,0.579961,0.6312,0.428573,0.322398,1,sparse_vegetation,grade_B_blast_furnace_25to44,25-44% Mn (BF + Medium grade),0.325,37.93,1625.07,1432.68,104.75,293.23,736.99,4.46,6,0.2525,0.5004,0.1417,0.126,30.03,48.93,0.434,GRID_300M_20_19,152.4917904011409,7.2,7.2,7.3,7.3,7.3,7.4,38.3,39.6,41.7,45.1,43.7,44.4,20.1,19.4,18.1,16.8,18.1,18.8,41.6,40.9,40.2,38.1,38.3,36.7,18.3,11.9,8.4,5.5,3.6,3.1,1.52,1.53,1.58,1.62,1.64,1.63,32.6,32.9,32.8,33.1,33.1,33.3,19.1,19.6,21.0,23.2,23.6,24.9,29,MB300-0495,2.130294592536211,,,,,,,,,658.3413836129575,False,,,,,,,,,,,,,,,,,,5728.270530084917,False,True,0.0,Low,Historical Open Pit & Active Mining Lease (High Grade),Bharveli Main Shaft & Central Pit,2231.2,GRID_BHARVELI_COMB_08_19,115.96825550281517,REAL
MASTER_19_20,19,20,21.857566,80.250448,2586.660889,70.924263,0,893,0.09,0.114386,0.153879,0.19565,0.314697,0.408965,0.333982,0.094436,0.120403,0.09778,0.267606,0.212979,0.124518,0.107931,0.0175,0.153852,0.026805,0.236155,-0.342903,-0.453178,0.167639,0.814547,1.3062,1.701928,9.148817,0.464264,-0.377746,-0.277904,-0.076434,0.583178,0.801975,1.034105,8.337295,0.228109,-0.034843,0.175274,-0.244073,-0.231369,-0.504226,-0.667823,0.045921,0.009304,-0.761684,-0.04709,-0.195986,0.581264,0.6415,0.410822,0.432251,1,built_up,grade_B_blast_furnace_25to44,25-44% Mn (BF + Medium grade),0.244,37.93,1625.07,1432.68,104.75,293.23,736.99,4.46,6,0.2525,0.5004,0.1417,0.126,30.03,48.93,0.434,GRID_300M_20_20,152.90611603558563,7.2,7.2,7.3,7.3,7.4,7.5,37.9,39.4,42.4,45.9,44.4,45.1,20.9,20.2,18.3,16.8,18.1,18.8,41.2,40.4,39.3,37.3,37.5,36.1,17.6,11.6,8.2,5.7,3.7,3.2,1.52,1.53,1.58,1.62,1.63,1.64,32.5,32.6,32.6,32.8,32.8,32.9,16.8,17.0,18.9,21.0,20.9,21.6,29,MB300-0496,1.9757111274380776,,,,,,,,,958.5446335865194,False,,,,,,,,,,,,,,,,,,5725.036499086713,False,True,0.0,Very Low,Historical Open Pit & Active Mining Lease (High Grade),Bharveli Main Shaft & Central Pit,2516.2,GRID_BHARVELI_COMB_08_20,115.98366522098895,REAL
MASTER_19_21,19,21,21.857568,80.253362,2872.121826,72.877853,0,874,0.09,0.128336,0.169348,0.220284,0.329372,0.446636,0.364145,0.086996,0.107538,0.087766,0.195366,0.140836,0.08169,0.078384,0.012361,0.108857,0.019345,0.199316,-0.321127,-0.45055,0.186235,0.815791,1.358736,1.716304,10.804928,0.370789,-0.276552,-0.100903,-0.117063,0.572943,0.705052,0.999814,8.80963,0.171474,0.044575,0.349647,-0.303298,-0.242848,-0.653685,-0.71649,0.030473,0.006984,-1.938458,-0.134006,-0.3058,0.59317,0.6276,0.504638,0.401602,1,waterlogged,grade_B_blast_furnace_25to44,25-44% Mn (BF + Medium grade),0.369,38.03,1625.07,1432.68,104.75,293.23,736.99,4.46,6,0.2525,0.5004,0.1417,0.126,30.03,48.93,0.434,GRID_300M_20_21,152.86674323008847,7.3,7.3,7.4,7.4,7.4,7.5,37.2,38.8,41.9,45.7,44.3,45.1,21.4,20.6,18.5,16.6,17.7,18.2,41.4,40.6,39.5,37.7,38.0,36.8,17.6,11.5,8.2,5.6,3.6,2.8,1.52,1.53,1.58,1.62,1.63,1.63,33.0,33.5,33.5,33.7,33.7,33.8,14.7,15.1,17.1,19.7,18.5,19.0,29,MB300-0497,3.257566487940901,,,,,,,,,1259.0907592325252,False,,,,,,,,,,,,,,,,,,5721.335738054809,False,True,0.0,Very Low,Unmined Exploratory Target (Core Borehole Intercept),Manegaon Northern Strike Extension,2780.5,GRID_BHARVELI_COMB_08_21,116.37915422461327,REAL
MASTER_19_22,19,22,21.857558,80.256249,3157.280273,74.48539,0,870,0.09,0.132129,0.176204,0.228664,0.346783,0.463471,0.382962,0.193836,0.196177,0.174287,0.24733,0.199626,0.144139,0.069263,0.011643,0.114272,0.020682,0.20668,-0.326852,-0.449619,0.181762,0.826178,1.337304,1.729981,9.736807,0.252956,-0.168068,-0.010539,-0.117704,0.652913,0.74053,0.893145,10.120122,0.046276,0.158783,0.439081,-0.299465,-0.173265,-0.596775,-0.836836,0.04501,0.009039,0.417106,-0.099453,-0.263845,0.590769,0.633,0.547171,0.354023,1,waterlogged,grade_B_blast_furnace_25to44,25-44% Mn (BF + Medium grade),0.254,38.03,1625.07,1432.68,104.75,293.23,736.99,4.46,6,0.2525,0.5004,0.1417,0.126,30.03,48.93,0.434,GRID_300M_20_22,153.3386102183821,7.2,7.2,7.3,7.4,7.4,7.5,37.2,38.8,42.0,46.1,44.6,45.5,21.4,20.7,18.6,16.4,17.5,17.9,41.3,40.5,39.4,37.6,37.9,36.6,17.3,11.1,8.0,5.5,3.6,2.7,1.52,1.53,1.58,1.62,1.63,1.63,33.1,33.8,33.8,33.9,33.9,33.8,14.7,14.9,16.9,19.3,17.9,18.5,29,MB300-0498,3.844731128780971,,,,,,,,,1557.111915494792,False,,,,,,,,,,,,,,,,,,5722.004060534608,False,True,0.0,Very Low,Unmined Exploratory Target (Core Borehole Intercept),Manegaon Northern Strike Extension,2883.2,GRID_BHARVELI_COMB_08_22,114.56078831561676,REAL
MASTER_19_23,19,23,21.857592,80.259131,3445.203857,75.74707,0,884,0.09,0.128726,0.174536,0.229333,0.331473,0.450379,0.377889,0.395953,0.389646,0.361966,0.476658,0.437559,0.334366,0.086048,0.012266,0.138014,0.026669,0.181798,-0.308367,-0.439328,0.19234,0.837459,1.362018,1.782145,10.577391,0.175676,-0.132636,-0.086511,-0.046941,0.744719,0.910363,0.931022,8.730159,-0.006122,0.17573,0.352817,-0.23928,-0.09274,-0.451655,-0.851123,0.051965,0.014403,-1.760938,0.145185,-0.012821,0.602194,0.6599,0.49868,0.588235,1,waterlogged,grade_B_blast_furnace_25to44,25-44% Mn (BF + Medium grade),0.23,38.03,1625.07,1432.68,104.75,293.23,736.99,4.46,6,0.2525,0.5004,0.1417,0.126,30.03,48.93,0.434,GRID_300M_20_23,148.95362142278472,7.2,7.3,7.3,7.4,7.5,7.5,37.5,39.1,42.1,46.1,44.6,45.6,21.0,20.2,18.3,16.2,17.3,17.7,41.5,40.7,39.6,37.8,38.1,36.7,16.8,11.1,7.9,5.8,3.6,2.9,1.51,1.53,1.58,1.61,1.63,1.63,32.4,32.9,33.0,33.0,33.1,33.0,14.6,14.6,16.8,19.2,17.9,18.3,29,MB300-0499,1.477390629807015,,,,,,,,,1854.5345620387204,False,,,,,,,,,,,,,,,,,,5725.364886281628,False,True,0.0,Very Low,Unmined Exploratory Target (Core Borehole Intercept),Manegaon Northern Strike Extension,3012.5,GRID_BHARVELI_COMB_08_23,117.18517796603727,REAL
MASTER_19_24,19,24,21.857648,80.261716,3705.405029,76.66674,0,719,0.09,0.105405,0.14103,0.173449,0.305733,0.378069,0.30346,0.099975,0.125977,0.103036,0.267492,0.206726,0.121418,0.13149,0.024399,0.148241,0.029253,0.2818,-0.367624,-0.45313,0.141525,0.801021,1.239521,1.626804,7.455576,0.430109,-0.346169,-0.231732,-0.085036,0.585002,0.781924,1.026881,9.948921,0.148308,0.021456,0.221398,-0.22656,-0.216019,-0.457597,-0.599923,0.016751,0.004854,2.512451,-0.038241,-0.171343,0.559945,0.6355,0.430123,0.30459,1,sparse_vegetation,grade_B_blast_furnace_25to44,25-44% Mn (BF + Medium grade),0.263,38.03,1625.07,1432.68,104.75,293.23,736.99,4.46,6,0.2525,0.5004,0.1417,0.126,30.03,48.93,0.434,GRID_300M_20_24,137.7921208282172,7.2,7.3,7.3,7.4,7.5,7.6,37.3,38.9,41.9,45.9,44.4,45.4,20.8,19.9,18.1,16.1,17.2,17.6,42.0,41.2,39.9,38.1,38.3,37.0,16.5,11.3,7.8,6.1,3.9,3.3,1.51,1.53,1.57,1.61,1.62,1.62,31.4,31.6,31.8,31.8,31.9,31.8,14.3,14.2,16.3,18.4,17.4,18.1,29,MB300-0500,33.87096174406215,,,,,,,,,2121.3203132221665,False,,,,,,,,,,,,,,,,,,5731.332575256779,False,True,0.0,Very Low,Unmined Exploratory Target (Core Borehole Intercept),Manegaon Northern Strike Extension,3165.0,GRID_BHARVELI_COMB_08_24,117.29648155953409,REAL
MASTER_20_00,20,0,21.859999,80.192795,3668.826904,287.700623,0,591,0.09,0.085764,0.110642,0.129668,0.238679,0.255954,0.186489,0.083433,0.104732,0.079916,0.221706,0.121546,0.067653,0.144586,0.034841,0.136085,0.027666,0.295165,-0.361898,-0.39485,0.083569,0.724044,1.096005,1.499554,7.020351,0.462668,-0.350419,-0.058506,-0.206781,0.556143,0.546747,0.954405,8.890011,0.167503,0.011479,0.336343,-0.29035,-0.167902,-0.549258,-0.545149,-0.008501,-0.007174,1.881687,-0.016973,-0.134408,0.538403,0.6059,0.509829,0.196277,1,sparse_vegetation,grade_B_blast_furnace_25to44,25-44% Mn (BF + Medium grade),0.262,38.82,1625.07,1432.68,104.75,293.23,736.99,4.46,6,0.2525,0.5004,0.1417,0.126,30.03,48.93,0.434,GRID_300M_20_00,156.56579593018049,7.5,7.5,7.6,7.6,7.7,7.9,40.7,41.9,42.9,46.0,44.9,44.8,17.9,17.5,16.6,15.6,16.6,17.2,41.4,40.7,40.5,38.5,38.5,37.9,15.7,8.9,6.8,5.4,3.1,3.2,1.54,1.56,1.6,1.63,1.63,1.63,32.6,33.1,33.1,33.4,33.4,33.5,6.4,5.6,6.1,7.5,7.3,8.9,29,MB300-0501,46.08181291166693,,,,,,,,,2000.9087694588304,False,,,,,,,,,,,,,,,,,,5729.768950614309,False,True,0.0,Medium,No Mining History (Barren Country Rock Control),Bharveli West Footwall Baseline,1082.2,GRID_BHARVELI_COMB_09_00,123.66670482306172,REAL
MASTER_20_01,20,1,21.859998,80.195224,3431.194336,288.968384,0,892,0.09,0.082594,0.110031,0.123445,0.26714,0.258407,0.180953,0.079175,0.100093,0.074713,0.222809,0.129608,0.070616,0.175501,0.03894,0.158241,0.023178,0.375614,-0.416049,-0.401764,0.036079,0.693596,0.978651,1.464432,6.685978,0.495991,-0.377619,-0.120369,-0.194932,0.544847,0.581429,0.939534,11.526194,0.120376,0.03843,0.281395,-0.231011,-0.14875,-0.397222,-0.524898,-0.01726,-0.015762,4.796606,-0.04433,-0.128798,0.515345,0.6275,0.472167,0.130045,1,sparse_vegetation,grade_B_blast_furnace_25to44,25-44% Mn (BF + Medium grade),0.415,38.82,1625.07,1432.68,104.75,293.23,736.99,4.46,6,0.2525,0.5004,0.1417,0.126,30.03,48.93,0.434,GRID_300M_20_01,132.1912831084299,7.4,7.4,7.5,7.6,7.7,7.8,40.4,41.7,42.8,45.9,44.7,45.4,18.1,17.6,16.7,15.5,16.6,17.0,41.5,40.7,40.5,38.5,38.7,37.6,15.5,8.6,6.8,5.4,3.2,2.9,1.55,1.57,1.61,1.64,1.64,1.65,32.3,33.0,33.1,33.2,33.2,33.2,7.0,6.1,7.1,9.0,8.7,10.3,29,MB300-0502,3.3973523530639467,,,,,,,,,1750.1758866837527,False,,,,,,,,,,,,,,,,,,5727.2692013644555,False,True,0.0,Medium,No Mining History (Barren Country Rock Control),Bharveli West Footwall Baseline,1033.2,GRID_BHARVELI_COMB_09_01,90.86124384353225,REAL
MASTER_20_02,20,2,21.859992,80.198134,3148.96167,290.729889,0,891,0.09,0.08856,0.117624,0.136223,0.266268,0.277463,0.197634,0.076613,0.099132,0.073243,0.233216,0.151277,0.082133,0.154618,0.041844,0.159166,0.022203,0.329299,-0.387291,-0.402102,0.07069,0.706257,1.049152,1.518996,5.273409,0.515818,-0.397608,-0.201889,-0.159283,0.542891,0.653896,0.95416,11.536262,0.18652,-0.010317,0.200212,-0.229974,-0.163366,-0.395256,-0.564836,0.004548,-0.019641,6.207186,-0.033051,-0.126186,0.535944,0.6117,0.432945,0.20202,1,sparse_vegetation,grade_B_blast_furnace_25to44,25-44% Mn (BF + Medium grade),0.281,38.82,1625.07,1432.68,104.75,293.23,736.99,4.46,6,0.2525,0.5004,0.1417,0.126,30.03,48.93,0.434,GRID_300M_20_02,131.63798782446594,7.5,7.5,7.5,7.6,7.7,7.8,40.0,41.7,42.7,46.3,44.9,45.7,18.8,18.1,17.1,15.7,16.8,17.1,41.2,40.3,40.2,38.1,38.4,37.1,15.1,9.4,6.6,5.2,3.2,2.5,1.55,1.57,1.62,1.64,1.65,1.65,31.8,32.7,32.9,32.9,32.6,32.5,7.6,6.7,7.9,9.7,9.8,11.8,29,MB300-0503,4.607295570938807,,,,,,,,,1449.9299177980158,False,,,,,,,,,,,,,,,,,,5726.829966253959,False,True,0.0,Medium,No Mining History (Barren Country Rock Control),Bharveli West Footwall Baseline,1069.5,GRID_BHARVELI_COMB_09_02,90.3911946717815,REAL
MASTER_20_03,20,3,21.859983,80.201016,2872.853271,292.80835,0,861,0.09,0.091828,0.12091,0.139367,0.261352,0.276212,0.203407,0.08459,0.109661,0.081002,0.224829,0.158008,0.09177,0.121585,0.033444,0.175379,0.025206,0.308506,-0.36137,-0.37908,0.069423,0.725535,1.061753,1.492092,6.258538,0.451007,-0.326687,-0.161809,-0.132877,0.569866,0.70069,0.952334,11.162966,0.142501,0.034684,0.217271,-0.2023,-0.155669,-0.361062,-0.539758,0.053795,-0.008238,4.823874,-0.036523,-0.118204,0.531471,0.6213,0.442427,0.26597,1,sparse_vegetation,grade_B_blast_furnace_25to44,25-44% Mn (BF + Medium grade),0.327,36.82,1625.07,1432.68,104.75,293.23,736.99,4.46,6,0.2525,0.5004,0.1417,0.126,30.03,48.93,0.434,GRID_300M_20_03,129.7388062261262,7.5,7.5,7.5,7.6,7.7,7.8,39.0,40.7,42.1,46.0,44.3,45.5,19.7,19.0,17.7,16.2,17.4,17.5,41.3,40.3,40.1,37.7,38.3,37.0,14.9,10.1,6.6,5.3,3.2,2.6,1.55,1.57,1.61,1.64,1.65,1.65,31.5,32.2,32.3,32.4,32.0,32.0,7.9,7.2,8.2,9.7,10.1,11.3,29,MB300-0504,7.929445150642725,,,,,,,,,1152.8145526044518,False,,,,,,,,,,,,,,,,,,5725.736256172789,False,True,0.0,Medium,No Mining History (Barren Country Rock Control),Bharveli West Footwall Baseline,1183.2,GRID_BHARVELI_COMB_09_03,88.1247610351718,REAL
MASTER_20_04,20,4,21.860079,80.203996,2597.164062,295.651123,0,880,0.09,0.10859,0.138488,0.163948,0.273038,0.310384,0.258264,0.103467,0.128971,0.115944,0.25086,0.242958,0.183098,0.202342,0.033363,0.284238,0.033549,0.256855,-0.326466,-0.376153,0.096482,0.817105,1.141221,1.494843,8.657979,0.367703,-0.313752,-0.280479,-0.011098,0.722531,0.961972,1.104254,11.577701,0.110848,0.012715,0.095674,-0.10758,-0.094574,-0.179249,-0.390589,0.081896,0.000186,2.874927,-0.022178,-0.067426,0.529851,0.6381,0.369636,0.328409,1,built_up,grade_B_blast_furnace_25to44,25-44% Mn (BF + Medium grade),0.247,36.82,1625.07,1432.68,104.75,293.23,736.99,4.46,6,0.2525,0.5004,0.1417,0.126,30.03,48.93,0.434,GRID_300M_20_04,142.34240729672212,7.5,7.5,7.6,7.6,7.7,7.8,38.2,39.9,41.6,45.5,43.7,44.9,20.1,19.4,18.2,16.8,18.0,18.0,41.8,40.7,40.2,37.7,38.3,37.1,14.3,9.8,6.6,5.3,3.3,2.6,1.54,1.56,1.61,1.63,1.65,1.65,31.0,31.6,31.6,31.5,31.3,31.3,7.0,6.8,7.5,8.8,9.0,10.2,29,MB300-0505,4.346993741613505,,,,,,,,,845.0117326241073,False,,,,,,,,,,,,,,,,,,5733.364503300975,False,True,0.0,Low,No Mining History (Barren Country Rock Control),Bharveli West Footwall Baseline,1355.1,GRID_BHARVELI_COMB_09_04,101.0965338038047,REAL
MASTER_20_05,20,5,21.860088,80.206895,2331.988281,298.853088,0,896,0.09,0.087812,0.118464,0.132366,0.289124,0.271599,0.189685,0.079277,0.099624,0.074304,0.238054,0.166341,0.094546,0.1501,0.039593,0.197016,0.029089,0.376285,-0.417081,-0.388118,0.026537,0.690481,0.948407,1.483766,5.404724,0.517067,-0.402515,-0.241684,-0.13903,0.566497,0.704633,0.933161,10.92031,0.140782,0.014565,0.146433,-0.165567,-0.123984,-0.243774,-0.550604,0.046917,-0.010504,5.488247,-0.05107,-0.105258,0.515764,0.6171,0.400292,0.098214,0,sparse_vegetation,grade_B_blast_furnace_25to44,25-44% Mn (BF + Medium grade),0.264,36.82,1625.07,1432.68,104.75,293.23,736.99,4.46,6,0.2525,0.5004,0.1417,0.126,30.03,48.93,0.434,GRID_300M_20_05,142.95043434183114,7.5,7.5,7.6,7.6,7.7,7.8,37.0,39.3,40.5,44.4,42.6,43.9,20.4,19.4,18.5,17.1,18.2,18.2,42.6,41.3,41.1,38.5,39.1,37.8,14.2,9.6,6.7,5.4,3.5,2.8,1.54,1.56,1.61,1.63,1.64,1.64,30.7,31.4,31.4,31.4,31.1,31.1,8.9,8.5,9.6,11.4,11.8,12.5,29,MB300-0506,3.6909389102565866,,,,,,,,,547.0149520431628,False,,,,,,,,,,,,,,,,,,5732.499564101278,False,True,0.0,Low,No Mining History (Barren Country Rock Control),Bharveli West Footwall Baseline,1566.1,GRID_BHARVELI_COMB_09_05,101.45262062928114,REAL
MASTER_20_06,20,6,21.860079,80.209789,2075.338623,302.804749,0,884,0.09,0.088158,0.116354,0.135554,0.27629,0.306966,0.227033,0.095344,0.115256,0.100771,0.224564,0.199594,0.12611,0.123549,0.03123,0.178958,0.031442,0.343682,-0.404972,-0.448975,0.092622,0.73532,1.126503,1.520046,5.996502,0.380247,-0.319623,-0.265827,-0.034037,0.627928,0.896542,1.050236,9.783981,0.036565,0.085349,0.183148,-0.126659,-0.107392,-0.229961,-0.46981,0.055409,0.000212,3.801084,-0.051726,-0.107372,0.535475,0.6031,0.396708,0.176471,1,sparse_vegetation,grade_B_blast_furnace_25to44,25-44% Mn (BF + Medium grade),0.31,36.82,1625.07,1432.68,104.75,293.23,736.99,4.46,6,0.2525,0.5004,0.1417,0.126,30.03,48.93,0.434,GRID_300M_20_06,141.50939413427824,7.4,7.5,7.5,7.6,7.7,7.7,36.0,38.5,39.8,43.7,42.0,43.2,20.8,19.7,18.7,17.2,18.3,18.3,43.2,41.9,41.5,39.0,39.7,38.4,14.7,9.8,6.9,6.0,4.5,3.7,1.54,1.55,1.6,1.62,1.63,1.63,30.4,31.2,31.1,31.3,31.0,31.1,11.5,11.3,13.0,15.5,16.1,15.9,29,MB300-0507,2.1400969768750815,,,,,,,,,253.73324724061143,False,,,,,,,,,,,,,,,,,,5737.752521645009,False,True,0.0,Low,No Mining History (Barren Country Rock Control),Bharveli West Footwall Baseline,1802.5,GRID_BHARVELI_COMB_09_06,99.87264372233975,REAL
MASTER_20_07,20,7,21.860091,80.212666,1834.035889,307.861542,0,871,0.09,0.094752,0.122787,0.152489,0.254428,0.301429,0.231413,0.096414,0.109283,0.085384,0.205485,0.127598,0.07139,0.125602,0.019981,0.176925,0.027671,0.252765,-0.347117,-0.421902,0.130071,0.768732,1.195633,1.596003,10.621726,0.406461,-0.297666,-0.061893,-0.176355,0.555202,0.61667,0.883592,10.558235,0.153696,0.049451,0.360008,-0.306426,-0.21353,-0.578963,-0.712411,0.051322,0.00769,-0.054092,-0.048943,-0.173831,0.561809,0.6201,0.517181,0.257176,1,waterlogged,grade_B_blast_furnace_25to44,25-44% Mn (BF + Medium grade),0.258,39.16,1625.07,1432.68,104.75,293.23,736.99,4.46,6,0.2525,0.5004,0.1417,0.126,30.03,48.93,0.434,GRID_300M_20_07,141.67432429851323,7.4,7.5,7.5,7.6,7.7,7.7,35.6,38.1,39.7,43.7,42.2,43.6,21.3,20.1,18.9,17.5,18.5,18.5,43.2,41.8,41.3,38.8,39.2,37.9,15.2,9.9,6.7,6.0,4.2,3.4,1.54,1.55,1.59,1.62,1.63,1.63,30.4,31.3,31.1,31.5,31.2,31.1,13.2,13.1,15.8,17.5,17.9,17.5,29,MB300-0508,0.9957580097377263,305.5588,0.6185,251.0549,0.0081,0.3677,0.0272,1.2319,BHV300-0012,88.49770627112464,True,,,,,,,,,,,,,,,,,,5760.701574784316,False,True,0.0,Low,Historical Open Pit & Active Mining Lease (High Grade),Bharveli Main Shaft & Central Pit,1819.9,GRID_BHARVELI_COMB_09_07,99.50364666253883,REAL
MASTER_20_08,20,8,21.860087,80.215539,1610.257446,314.326691,0,890,0.09,0.106884,0.138854,0.178538,0.278119,0.366507,0.291537,0.250949,0.246182,0.221218,0.2906,0.244352,0.179761,0.108129,0.020972,0.162568,0.026399,0.220075,-0.333474,-0.449882,0.170665,0.794355,1.321425,1.663489,8.404452,0.19593,-0.121392,0.00523,-0.106288,0.681841,0.788277,0.858715,10.727342,-0.024145,0.212082,0.455112,-0.276952,-0.112514,-0.533148,-0.804773,0.054438,0.005427,2.440769,0.012481,-0.122155,0.582664,0.6392,0.551158,0.324719,1,waterlogged,grade_B_blast_furnace_25to44,25-44% Mn (BF + Medium grade),0.2,39.16,1625.07,1432.68,104.75,293.23,736.99,4.46,6,0.2525,0.5004,0.1417,0.126,30.03,48.93,0.434,GRID_300M_20_08,140.13571586296274,7.4,7.4,7.5,7.5,7.6,7.6,36.0,38.4,40.6,44.3,42.9,44.2,22.0,20.8,19.3,17.6,18.6,18.7,42.0,40.8,40.1,38.1,38.5,37.1,15.4,10.2,6.9,5.6,3.7,2.9,1.54,1.55,1.59,1.61,1.62,1.62,30.5,31.4,31.1,31.4,31.1,31.1,14.0,14.1,16.9,18.1,18.1,17.8,29,MB300-0509,4.645489671304484,304.5124,0.8851,112.1477,-0.0087,0.434,-0.0329,1.4707,BHV300-0013,88.27938560535323,True,,,,,,,,,,,,,,,,,,5796.995193302293,False,True,0.0,Low,Historical Open Pit & Active Mining Lease (High Grade),Bharveli Main Shaft & Central Pit,1582.9,GRID_BHARVELI_COMB_09_08,97.51626560827098,REAL
MASTER_20_09,20,9,21.860116,80.218472,1412.636597,323.019165,0,894,0.09,0.110522,0.14904,0.193838,0.280567,0.387972,0.327502,0.525179,0.498694,0.46785,0.530072,0.501656,0.402089,0.114234,0.017955,0.14996,0.026631,0.184417,-0.306567,-0.445438,0.195729,0.843459,1.385096,1.752186,10.345887,0.073542,-0.038897,-0.009302,-0.044037,0.794241,0.943338,0.889138,11.096596,-0.110876,0.267669,0.436137,-0.239766,-0.049219,-0.441758,-0.863047,0.035726,0.008676,0.631873,0.249505,0.113684,0.59784,0.6346,0.537191,0.466443,1,waterlogged,grade_B_blast_furnace_25to44,25-44% Mn (BF + Medium grade),0.184,38.87,1625.07,1432.68,104.75,293.23,736.99,4.46,6,0.2525,0.5004,0.1417,0.126,30.03,48.93,0.434,GRID_300M_20_09,143.9935948648473,7.3,7.4,7.4,7.4,7.5,7.6,36.4,38.6,41.4,44.9,43.5,44.6,22.0,20.8,19.1,17.5,18.5,18.7,41.6,40.5,39.5,37.7,38.0,36.7,15.3,10.3,7.2,5.7,3.6,2.9,1.53,1.54,1.59,1.6,1.62,1.62,30.3,31.2,31.0,31.2,31.0,31.0,13.5,13.5,16.4,17.4,17.0,17.0,29,MB300-0510,1.2356635636791395,304.8971,1.1592,178.1336,-0.0119,0.5375,-0.036,1.8229,BHV300-0014,88.70038878406653,True,,,,,,,,,,,,,,,,,,5852.983081489909,False,True,0.0,Low,Historical Open Pit & Active Mining Lease (High Grade),Bharveli Main Shaft & Central Pit,1370.7,GRID_BHARVELI_COMB_09_09,101.4960084436089,REAL
MASTER_20_10,20,10,21.860169,80.221376,1260.795288,334.109955,0,897,0.09,0.097666,0.130021,0.161196,0.266366,0.341945,0.273814,0.277418,0.273527,0.240042,0.365312,0.296176,0.206353,0.112486,0.01786,0.144344,0.02499,0.247427,-0.34159,-0.447506,0.15697,0.798428,1.292715,1.637829,9.65414,0.254438,-0.179229,-0.055501,-0.10665,0.657953,0.784115,0.865714,8.809816,0.007011,0.162361,0.392005,-0.26362,-0.140475,-0.5086,-0.772115,0.031859,0.00713,-0.822874,0.098947,-0.045769,0.571089,0.6262,0.519332,0.392419,1,waterlogged,grade_B_blast_furnace_25to44,25-44% Mn (BF + Medium grade),0.208,38.87,1625.07,1432.68,104.75,293.23,736.99,4.46,6,0.2525,0.5004,0.1417,0.126,30.03,48.93,0.434,GRID_300M_20_10,149.49777182662163,7.3,7.3,7.4,7.4,7.4,7.5,37.0,39.3,42.0,45.6,44.1,44.9,22.0,20.7,19.1,17.8,19.0,19.4,41.0,40.1,38.9,36.5,36.9,35.7,16.0,10.7,7.8,6.1,3.6,3.2,1.52,1.53,1.57,1.59,1.61,1.61,30.0,30.8,30.7,30.9,30.7,30.8,14.5,14.8,18.2,18.7,18.5,18.3,29,MB300-0511,3.3966523514621922,304.6197,0.4882,246.3325,-0.006,0.242,-0.0212,0.8345,BHV300-0015,85.26529282902042,True,,,,,,,,,,,,,,,,,,5925.810907498749,False,True,0.0,Medium,Historical Open Pit & Active Mining Lease (High Grade),Bharveli Main Shaft & Central Pit,1196.6,GRID_BHARVELI_COMB_09_10,106.63440955143946,REAL
MASTER_20_11,20,11,21.860173,80.224296,1161.937378,347.587799,0,891,0.09,0.1116,0.150083,0.188737,0.304093,0.397322,0.316437,0.117405,0.13584,0.108744,0.290868,0.199035,0.114112,0.11343,0.018702,0.139545,0.022774,0.240777,-0.340606,-0.450781,0.165541,0.792835,1.305396,1.676744,9.608124,0.458771,-0.365289,-0.187609,-0.14291,0.571421,0.686879,0.925662,10.421464,0.217994,-0.024683,0.263172,-0.308451,-0.221414,-0.618517,-0.751081,0.026115,0.004071,0.811138,-0.013225,-0.198287,0.580574,0.6316,0.463901,0.427609,1,built_up,grade_B_blast_furnace_25to44,25-44% Mn (BF + Medium grade),0.216,38.87,1625.07,1432.68,104.75,293.23,736.99,4.46,6,0.2525,0.5004,0.1417,0.126,30.03,48.93,0.434,GRID_300M_20_11,150.25959940538826,7.3,7.3,7.3,7.3,7.4,7.4,37.1,39.4,42.0,45.8,44.3,45.2,21.3,20.0,18.6,17.6,18.8,19.6,41.6,40.6,39.4,36.6,36.9,35.3,16.9,11.3,7.8,6.3,4.0,3.5,1.51,1.52,1.57,1.59,1.61,1.61,29.7,30.6,30.5,30.6,30.6,30.6,15.5,16.1,19.3,20.7,20.7,20.9,29,MB300-0512,2.4997191726514525,305.9545,0.4363,255.2405,-0.0025,0.2253,-0.0083,0.7623,BHV300-0016,87.24001129937554,True,,,,,,,,,,,,,,,,,,6008.0246803626,False,True,0.0,Medium,Historical Open Pit & Active Mining Lease (High Grade),Bharveli Main Shaft & Central Pit,1079.4,GRID_BHARVELI_COMB_09_11,107.54992876588742,REAL
MASTER_20_12,20,12,21.860182,80.227215,1136.943237,2.570266,0,883,0.09,0.124717,0.165963,0.21731,0.31948,0.448986,0.369707,0.093633,0.118643,0.091661,0.299628,0.2239,0.128414,0.076882,0.01362,0.150648,0.025839,0.191658,-0.316962,-0.461054,0.20003,0.823072,1.408186,1.740727,9.346245,0.528209,-0.429235,-0.301108,-0.111909,0.570203,0.753308,0.976355,9.836698,0.33655,-0.112273,0.159947,-0.31194,-0.252869,-0.654878,-0.764371,0.073766,0.012219,0.572666,-0.019853,-0.225086,0.600425,0.6327,0.412453,0.578709,1,built_up,grade_B_blast_furnace_25to44,25-44% Mn (BF + Medium grade),0.172,38.44,1625.07,1432.68,104.75,293.23,736.99,4.46,6,0.2525,0.5004,0.1417,0.126,30.03,48.93,0.434,GRID_300M_20_12,151.55760276448527,7.2,7.3,7.3,7.3,7.3,7.4,37.2,39.5,41.6,45.7,44.0,44.9,21.1,20.0,18.7,17.4,18.7,19.5,41.7,40.6,39.7,36.9,37.3,35.6,17.1,11.7,7.6,6.5,4.1,3.4,1.51,1.52,1.56,1.59,1.61,1.61,29.1,30.3,30.3,30.2,30.5,30.5,16.1,16.8,19.4,21.0,21.4,22.3,29,MB300-0513,3.3098110113231685,308.6942,0.8139,266.9895,0.0022,0.3521,0.0072,1.1515,BHV300-0017,88.66049257445503,True,,,,,,,,,,,,,,,,,,6024.154784343105,False,True,0.0,Medium,Historical Open Pit & Active Mining Lease (High Grade),Bharveli Main Shaft & Central Pit,1038.5,GRID_BHARVELI_COMB_09_12,108.89152189090792,REAL
MASTER_20_13,20,13,21.860178,80.230127,1188.331177,17.180527,0,888,0.09,0.105118,0.139559,0.183935,0.283974,0.410656,0.343284,0.09264,0.125038,0.096349,0.356453,0.279222,0.163424,0.067879,0.013409,0.144114,0.031983,0.218786,-0.342308,-0.493364,0.206801,0.833157,1.448258,1.740453,9.05719,0.572165,-0.477898,-0.378542,-0.091662,0.58015,0.792307,1.033488,6.696874,0.353379,-0.13559,0.114821,-0.298463,-0.253007,-0.655951,-0.706965,0.076236,0.018574,-2.278829,0.072479,-0.131434,0.597374,0.6751,0.380706,0.46509,1,sparse_vegetation,grade_B_blast_furnace_25to44,25-44% Mn (BF + Medium grade),0.202,38.44,1625.07,1432.68,104.75,293.23,736.99,4.46,6,0.2525,0.5004,0.1417,0.126,30.03,48.93,0.434,GRID_300M_20_13,151.25999291187298,7.1,7.1,7.2,7.2,7.3,7.3,38.5,40.2,41.9,46.2,44.7,45.2,20.8,19.9,18.9,17.2,18.6,19.3,40.7,39.9,39.3,36.6,36.7,35.5,19.5,13.3,8.0,6.1,4.1,3.3,1.51,1.52,1.56,1.6,1.62,1.62,30.3,30.8,30.9,30.8,31.0,31.0,19.2,20.2,21.7,23.6,24.5,26.0,29,MB300-0514,3.6231328038491712,315.1334,3.521,251.7859,-0.0887,1.4788,-0.2941,4.9077,BHV300-0018,90.70824055443184,True,,,,,,,,,,,,,,,,,,6022.1562249391945,False,True,0.0,Medium,Historical Open Pit & Active Mining Lease (High Grade),Bharveli Main Shaft & Central Pit,1082.5,GRID_BHARVELI_COMB_09_13,108.66207945970807,REAL
MASTER_20_14,20,14,21.860178,80.232997,1306.532471,29.665293,0,870,0.09,0.092258,0.117027,0.136043,0.268261,0.336091,0.25331,0.086888,0.120776,0.075443,0.417765,0.265196,0.132509,0.088035,0.024715,0.122591,0.028852,0.32637,-0.390798,-0.482987,0.133316,0.752637,1.260896,1.473423,5.447716,0.691872,-0.549976,-0.37451,-0.192312,0.498688,0.641497,0.869382,6.568045,0.365502,-0.159178,0.108477,-0.325628,-0.253949,-0.619399,-0.60404,0.034556,0.004137,1.115255,0.149505,-0.070895,0.540027,0.5976,0.384501,0.133333,1,sparse_vegetation,grade_B_blast_furnace_25to44,25-44% Mn (BF + Medium grade),0.351,38.44,1625.07,1432.68,104.75,293.23,736.99,4.46,6,0.2525,0.5004,0.1417,0.126,30.03,48.93,0.434,GRID_300M_20_14,150.09962636596757,6.9,7.0,7.1,7.1,7.2,7.2,39.3,40.7,42.3,47.0,45.5,45.8,21.2,20.5,19.4,17.1,18.6,19.3,39.5,38.8,38.3,35.8,35.9,34.9,21.4,15.6,9.5,5.8,4.8,4.1,1.49,1.51,1.54,1.59,1.61,1.61,31.5,31.7,31.7,31.7,31.9,31.9,21.4,22.6,23.5,25.6,26.5,29.1,29,MB300-0515,1.7930673627300686,377.0161,18.5753,289.7668,0.0351,7.902,0.1148,25.0625,BHV300-0019,89.79572469712811,True,,,,,,,,,,,,,,,,,,6017.470662424174,False,True,0.0,Low,Historical Open Pit & Active Mining Lease (High Grade),Bharveli Main Shaft & Central Pit,1202.1,GRID_BHARVELI_COMB_09_14,107.01544139446735,REAL
MASTER_20_15,20,15,21.860178,80.235865,1475.286743,39.689251,0,899,0.09,0.072441,0.099214,0.101587,0.277022,0.291284,0.211237,0.063343,0.093164,0.056876,0.372695,0.237565,0.116825,0.461971,0.103339,0.994874,0.195146,0.464589,-0.470277,-0.489961,0.052464,0.716917,1.068829,1.38274,6.267616,0.733595,-0.598214,-0.437375,-0.195116,0.488175,0.643659,0.887722,6.523838,0.269006,-0.127938,0.052586,-0.24758,-0.228743,-0.42517,-0.495018,0.532904,0.091808,0.256423,0.095673,-0.05372,0.493551,0.5898,0.343943,0.022247,0,sparse_vegetation,grade_B_blast_furnace_25to44,25-44% Mn (BF + Medium grade),0.397,38.44,1625.07,1432.68,104.75,293.23,736.99,4.46,6,0.2525,0.5004,0.1417,0.126,30.03,48.93,0.434,GRID_300M_20_15,148.953621422995,7.0,7.0,7.1,7.1,7.2,7.3,42.7,43.8,45.0,48.2,47.0,47.2,19.9,19.5,18.4,16.3,17.7,18.6,37.3,36.7,36.7,35.5,35.3,34.3,24.8,17.4,11.5,6.6,5.4,4.6,1.52,1.53,1.55,1.61,1.63,1.63,33.6,33.8,33.5,33.3,33.7,34.4,25.4,25.3,25.8,27.3,27.4,29.3,29,MB300-0516,4.695470433540775,433.9464,17.058,16.5446,0.365,7.3997,1.2309,24.3502,BHV300-0020,88.76259145064247,True,,,,,,,,,,,,,,,,,,6018.701705648227,False,True,0.0,Low,Historical Open Pit & Active Mining Lease (High Grade),Bharveli Main Shaft & Central Pit,1377.8,GRID_BHARVELI_COMB_09_15,105.45989913757487,REAL
MASTER_20_16,20,16,21.860225,80.238774,1686.103638,47.435394,0,907,0.09,0.075974,0.105418,0.126974,0.260433,0.329854,0.261607,0.065411,0.096499,0.074284,0.348558,0.256945,0.143807,0.219659,0.041171,0.700116,0.125926,0.36077,-0.425012,-0.513502,0.138241,0.777764,1.289734,1.611599,7.812818,0.650169,-0.562613,-0.452945,-0.120347,0.544642,0.755436,1.082578,7.620849,0.289399,-0.137602,0.060557,-0.258588,-0.233122,-0.534298,-0.52902,0.480457,0.084755,-0.195746,0.088124,-0.07291,0.552035,0.7025,0.343688,0.212789,1,sparse_vegetation,grade_B_blast_furnace_25to44,25-44% Mn (BF + Medium grade),0.481,37.31,1625.07,1432.68,104.75,293.23,736.99,4.46,6,0.2525,0.5004,0.1417,0.126,30.03,48.93,0.434,GRID_300M_20_16,154.04107655773677,7.1,7.1,7.2,7.2,7.2,7.3,41.1,42.3,43.2,46.9,45.8,45.8,20.3,19.7,18.9,16.8,18.2,19.0,38.6,38.0,37.9,36.3,36.1,35.2,23.2,15.7,11.1,6.0,5.2,4.6,1.51,1.52,1.55,1.61,1.62,1.63,32.6,32.9,32.6,32.7,32.9,33.1,24.3,24.7,24.8,26.6,27.5,30.1,29,MB300-0517,2.9270956322875863,350.002,16.1126,99.4742,-0.1358,6.9965,-0.4598,22.4452,BHV300-0021,86.14961914156957,True,,,,,,,,,,,,,,,,,,6023.493103899354,False,True,0.0,Low,Historical Open Pit & Active Mining Lease (High Grade),Bharveli Main Shaft & Central Pit,1591.1,GRID_BHARVELI_COMB_09_16,110.35806283920195,REAL
MASTER_20_17,20,17,21.860265,80.24169,1920.882446,53.409706,0,883,0.09,0.100842,0.14451,0.200556,0.311763,0.420219,0.343433,0.086778,0.124093,0.124011,0.338333,0.337485,0.221984,0.067563,0.013922,0.185497,0.034339,0.225625,-0.368489,-0.489267,0.197137,0.812899,1.352584,1.96554,8.447315,0.470533,-0.46343,-0.460578,0.033637,0.648818,0.999116,1.401456,9.462531,0.244908,-0.094941,0.028689,-0.1635,-0.164081,-0.353468,-0.564084,0.117934,0.020417,1.044896,0.02657,-0.082734,0.627333,0.711,0.318705,0.469989,1,sparse_vegetation,grade_A_ferro_mn_44plus,>= 44% Mn (IS:4763 Ferromanganese),0.436,37.31,1625.07,1432.68,104.75,293.23,736.99,4.46,6,0.2525,0.5004,0.1417,0.126,30.03,48.93,0.434,GRID_300M_21_17,152.09738746135412,7.2,7.2,7.3,7.3,7.3,7.4,39.0,40.6,41.8,45.1,43.9,44.3,20.8,20.0,19.1,17.4,18.8,19.4,40.2,39.4,39.1,37.5,37.3,36.3,20.3,13.1,10.3,6.0,4.9,4.2,1.52,1.52,1.56,1.61,1.61,1.61,32.5,32.8,32.7,33.0,32.9,32.9,22.4,23.4,23.3,25.3,26.9,28.7,16,MB300-0518,3.782967461783367,317.2869,2.0212,161.3313,-0.0204,0.9364,-0.0672,3.097,BHV300-0022,84.59438691266965,True,,,,,,,,,,,,,,,,,,6027.944789857128,False,True,0.0,Low,Historical Open Pit & Active Mining Lease (High Grade),Bharveli Main Shaft & Central Pit,1828.9,GRID_BHARVELI_COMB_09_17,114.82624336836862,REAL
MASTER_20_18,20,18,21.860254,80.244617,2169.825195,58.189156,0,890,0.09,0.101619,0.138277,0.177447,0.29028,0.404971,0.324434,0.083455,0.116374,0.095231,0.327211,0.261757,0.155108,0.104381,0.01791,0.208571,0.04095,0.243863,-0.354239,-0.491575,0.19528,0.800914,1.406815,1.737269,9.26008,0.54458,-0.469068,-0.378595,-0.072348,0.588083,0.806106,1.131877,7.09819,0.300717,-0.114829,0.11298,-0.267628,-0.212831,-0.60071,-0.605393,0.104191,0.02304,-2.098188,0.036931,-0.143214,0.595975,0.7056,0.375331,0.351685,1,sparse_vegetation,grade_A_ferro_mn_44plus,>= 44% Mn (IS:4763 Ferromanganese),0.231,37.31,1625.07,1432.68,104.75,293.23,736.99,4.46,6,0.2525,0.5004,0.1417,0.126,30.03,48.93,0.434,GRID_300M_21_18,153.7952893888699,7.3,7.3,7.3,7.3,7.4,7.4,38.3,40.0,41.2,43.9,42.6,43.4,20.2,19.3,18.5,17.4,18.7,19.4,41.5,40.7,40.4,38.8,38.7,37.2,19.3,12.6,9.6,5.6,4.0,3.7,1.51,1.53,1.58,1.61,1.63,1.63,32.8,33.1,33.0,33.2,33.1,33.2,19.0,19.3,20.4,22.4,22.1,23.7,29,MB300-0519,1.2132323809348085,,,,,,,,,361.63151429475255,False,,,,,,,,,,,,,,,,,,6026.715622605004,False,True,0.0,Low,Historical Open Pit & Active Mining Lease (High Grade),Bharveli Main Shaft & Central Pit,2082.8,GRID_BHARVELI_COMB_09_18,114.32157792515765,REAL
MASTER_20_19,20,19,21.860263,80.24753,2430.42041,61.900768,0,897,0.09,0.10828,0.143611,0.181714,0.30921,0.406647,0.327849,0.08202,0.110459,0.091394,0.299135,0.241121,0.150852,0.121086,0.023086,0.227499,0.037955,0.262204,-0.366144,-0.478821,0.169074,0.806696,1.318713,1.674474,8.010256,0.5308,-0.456791,-0.36472,-0.074293,0.611585,0.811598,1.100821,9.143595,0.268596,-0.090647,0.114101,-0.243367,-0.195111,-0.507115,-0.573653,0.106413,0.014869,1.142724,-0.010075,-0.165527,0.575987,0.6501,0.375066,0.326644,1,sparse_vegetation,grade_B_blast_furnace_25to44,25-44% Mn (BF + Medium grade),0.221,37.31,1625.07,1432.68,104.75,293.23,736.99,4.46,6,0.2525,0.5004,0.1417,0.126,30.03,48.93,0.434,GRID_300M_21_19,152.94231249244922,7.2,7.3,7.3,7.3,7.4,7.4,38.1,39.8,41.6,44.4,43.1,43.9,20.2,19.3,18.1,17.1,18.4,19.2,41.7,40.9,40.3,38.5,38.5,36.9,18.6,12.1,9.1,5.7,3.7,3.3,1.52,1.53,1.59,1.62,1.64,1.64,32.7,33.1,33.0,33.1,33.1,33.2,18.3,18.7,20.1,22.0,21.9,23.1,18,MB300-0520,1.9757111265126872,,,,,,,,,659.6380357732717,False,,,,,,,,,,,,,,,,,,6028.275621646869,False,True,0.0,Low,Historical Open Pit & Active Mining Lease (High Grade),Bharveli Main Shaft & Central Pit,2347.6,GRID_BHARVELI_COMB_09_19,115.44169471928329,REAL
MASTER_20_20,20,20,21.860269,80.250446,2699.456055,64.89196,0,897,0.09,0.110318,0.144829,0.181506,0.302327,0.40066,0.328088,0.079314,0.106544,0.083034,0.301162,0.239036,0.146241,0.130364,0.025014,0.239854,0.045239,0.253804,-0.353403,-0.469933,0.168865,0.818696,1.327703,1.63862,8.121206,0.566094,-0.473662,-0.381339,-0.086387,0.60184,0.803111,1.033631,7.906231,0.31229,-0.120259,0.088594,-0.255252,-0.216856,-0.524592,-0.604989,0.10949,0.020226,-0.19894,-0.001165,-0.161624,0.570076,0.6532,0.366964,0.336678,1,sparse_vegetation,grade_B_blast_furnace_25to44,25-44% Mn (BF + Medium grade),0.259,37.93,1625.07,1432.68,104.75,293.23,736.99,4.46,6,0.2525,0.5004,0.1417,0.126,30.03,48.93,0.434,GRID_300M_21_20,152.52779144817507,7.1,7.2,7.3,7.3,7.4,7.5,38.0,39.6,42.7,45.7,44.2,45.0,20.8,20.0,18.1,16.7,18.0,18.6,41.2,40.4,39.2,37.6,37.8,36.4,17.6,11.9,8.3,6.0,3.7,3.2,1.52,1.53,1.58,1.62,1.64,1.64,33.1,33.4,33.3,33.4,33.4,33.4,17.2,17.4,19.7,21.5,20.6,21.5,29,MB300-0521,3.250997800951822,,,,,,,,,959.8345872620458,False,,,,,,,,,,,,,,,,,,6025.931871873686,False,True,0.0,Low,Unmined Exploratory Target (Core Borehole Intercept),Manegaon Northern Strike Extension,2413.5,GRID_BHARVELI_COMB_09_20,116.3242621972898,REAL
MASTER_20_21,20,21,21.860258,80.253333,2971.005127,67.349762,0,865,0.09,0.120441,0.159716,0.206361,0.321151,0.437355,0.358815,0.077503,0.095888,0.073657,0.197058,0.135558,0.075616,0.087288,0.014324,0.140937,0.023712,0.219857,-0.336627,-0.465568,0.185818,0.820114,1.364298,1.710555,10.05721,0.449028,-0.33482,-0.144626,-0.146293,0.550784,0.677007,0.940023,10.909266,0.229171,0.001807,0.320942,-0.332112,-0.26933,-0.68729,-0.770532,0.053649,0.009387,0.897207,-0.124093,-0.301797,0.588906,0.631,0.491805,0.465896,1,built_up,grade_B_blast_furnace_25to44,25-44% Mn (BF + Medium grade),0.256,37.93,1625.07,1432.68,104.75,293.23,736.99,4.46,6,0.2525,0.5004,0.1417,0.126,30.03,48.93,0.434,GRID_300M_21_21,153.11900878238436,7.2,7.2,7.3,7.4,7.4,7.5,37.7,39.4,42.4,45.6,44.1,44.8,21.2,20.3,18.5,16.6,17.8,18.2,41.1,40.2,39.1,37.8,38.0,37.0,17.8,11.5,8.1,6.2,3.6,3.1,1.52,1.53,1.58,1.62,1.63,1.63,33.3,33.9,33.8,34.0,33.9,33.9,16.1,16.5,18.8,21.4,19.4,20.1,29,MB300-0522,3.581031378400437,,,,,,,,,1257.6592388177196,False,,,,,,,,,,,,,,,,,,6020.7962880496625,False,True,0.0,Low,Unmined Exploratory Target (Core Borehole Intercept),Manegaon Northern Strike Extension,2495.4,GRID_BHARVELI_COMB_09_21,114.3763568392089,REAL
MASTER_20_22,20,22,21.860277,80.256199,3246.276367,69.321487,0,885,0.09,0.122332,0.162345,0.207869,0.337041,0.437904,0.357184,0.250289,0.250142,0.22808,0.313685,0.267274,0.196626,0.09178,0.01704,0.191149,0.031395,0.239464,-0.350848,-0.46023,0.168403,0.81552,1.302528,1.696714,8.303018,0.225253,-0.160136,-0.04247,-0.093004,0.684869,0.801414,0.904851,9.228436,-0.014211,0.190713,0.41776,-0.261407,-0.130651,-0.501114,-0.791862,0.099369,0.014355,0.844454,-0.023356,-0.17063,0.579998,0.6224,0.528238,0.349153,1,waterlogged,grade_B_blast_furnace_25to44,25-44% Mn (BF + Medium grade),0.199,38.03,1625.07,1432.68,104.75,293.23,736.99,4.46,6,0.2525,0.5004,0.1417,0.126,30.03,48.93,0.434,GRID_300M_21_22,149.98039722378337,7.2,7.3,7.3,7.4,7.4,7.5,38.2,39.8,42.8,46.2,44.8,45.7,20.9,20.1,18.2,16.1,17.3,17.6,40.9,40.1,39.0,37.6,37.9,36.7,17.9,11.0,8.0,6.0,3.4,2.6,1.52,1.53,1.58,1.61,1.63,1.63,33.2,33.7,33.7,33.9,33.8,33.8,15.1,15.5,17.6,19.9,18.4,19.3,29,MB300-0523,3.4237989510675693,,,,,,,,,1553.353587765718,False,,,,,,,,,,,,,,,,,,6024.702510721394,False,True,0.0,Very Low,Unmined Exploratory Target (Core Borehole Intercept),Manegaon Northern Strike Extension,2609.4,GRID_BHARVELI_COMB_09_22,114.9597844841559,REAL
MASTER_20_23,20,23,21.86032,80.259088,3527.806641,70.957054,0,904,0.09,0.133805,0.180386,0.236021,0.350335,0.464979,0.387651,0.425521,0.412921,0.383798,0.483232,0.443633,0.341225,0.089221,0.012651,0.154922,0.026898,0.196804,-0.321077,-0.441446,0.182566,0.833419,1.328146,1.764075,10.707549,0.16277,-0.115728,-0.061555,-0.05745,0.738961,0.898207,0.901932,9.902585,-0.034034,0.20535,0.379892,-0.240016,-0.094458,-0.429939,-0.862143,0.065701,0.014247,-0.763686,0.132897,-0.021346,0.595504,0.6965,0.511263,0.574115,1,waterlogged,grade_B_blast_furnace_25to44,25-44% Mn (BF + Medium grade),0.27,38.03,1625.07,1432.68,104.75,293.23,736.99,4.46,6,0.2525,0.5004,0.1417,0.126,30.03,48.93,0.434,GRID_300M_21_23,144.84036785201576,7.2,7.3,7.3,7.4,7.4,7.5,37.9,39.4,42.5,46.4,45.0,45.8,21.1,20.3,18.4,16.0,17.2,17.5,41.0,40.4,39.2,37.6,37.9,36.7,18.0,11.0,8.0,5.9,3.5,2.8,1.51,1.53,1.58,1.61,1.62,1.63,33.1,33.5,33.7,33.7,33.7,33.5,14.6,15.0,17.0,19.2,17.5,18.6,29,MB300-0524,3.9015399342745605,,,,,,,,,1851.4739835679877,False,,,,,,,,,,,,,,,,,,6029.064413622353,False,True,0.0,Very Low,Unmined Exploratory Target (Core Borehole Intercept),Manegaon Northern Strike Extension,2751.5,GRID_BHARVELI_COMB_09_23,118.93245164070744,REAL
MASTER_20_24,20,24,21.860359,80.261727,3787.154297,72.237358,0,715,0.09,0.122829,0.164501,0.207893,0.319903,0.414317,0.344137,0.113047,0.137262,0.117697,0.26703,0.220416,0.138328,0.115935,0.018278,0.15364,0.029602,0.214582,-0.320433,-0.431527,0.167551,0.830407,1.299426,1.689775,9.443467,0.389923,-0.321953,-0.235077,-0.058655,0.622058,0.833061,1.056178,8.258445,0.175341,-0.001519,0.19645,-0.226207,-0.208349,-0.466365,-0.633597,0.037705,0.011324,-1.127454,-0.052874,-0.1939,0.579376,0.6341,0.423462,0.495105,1,sparse_vegetation,grade_B_blast_furnace_25to44,25-44% Mn (BF + Medium grade),0.247,38.03,1625.07,1432.68,104.75,293.23,736.99,4.46,6,0.2525,0.5004,0.1417,0.126,30.03,48.93,0.434,GRID_300M_21_24,136.61439655370904,7.2,7.3,7.3,7.4,7.5,7.5,37.3,38.9,42.2,46.2,44.7,45.5,21.3,20.4,18.4,16.0,17.3,17.5,41.3,40.7,39.4,37.7,38.1,37.0,17.3,11.0,7.9,6.0,3.6,2.9,1.51,1.53,1.57,1.6,1.62,1.62,32.6,32.9,33.1,33.1,33.1,33.0,14.4,14.6,16.8,18.9,17.2,18.5,29,MB300-0525,31.31626774278477,,,,,,,,,2123.8995718636697,False,,,,,,,,,,,,,,,,,,6033.117066080033,False,True,0.0,Very Low,Unmined Exploratory Target (Core Borehole Intercept),Manegaon Northern Strike Extension,2917.7,GRID_BHARVELI_COMB_09_24,118.67748035530339,REAL
MASTER_21_00,21,0,21.862698,80.192801,3770.214355,292.044586,0,582,0.09,0.09612,0.119921,0.150395,0.223261,0.290147,0.225969,0.080292,0.100702,0.077638,0.220156,0.116807,0.065057,0.117981,0.016994,0.126379,0.016669,0.195934,-0.298642,-0.413542,0.158914,0.779475,1.306184,1.555333,11.222934,0.46992,-0.363407,-0.057522,-0.216076,0.557432,0.527944,0.963368,11.723942,0.273985,-0.064765,0.35602,-0.37499,-0.222044,-0.77824,-0.591965,0.008398,-0.000325,0.595915,-0.003105,-0.17334,0.570506,0.6057,0.528304,0.395189,1,waterlogged,grade_B_blast_furnace_25to44,25-44% Mn (BF + Medium grade),0.18,36.39,1625.07,1432.68,104.75,293.23,736.99,4.46,6,0.2525,0.5004,0.1417,0.126,30.03,48.93,0.434,GRID_300M_21_00,156.85704906878613,7.5,7.5,7.6,7.6,7.7,7.8,40.8,41.9,42.2,44.7,43.7,43.9,18.1,17.8,17.3,16.6,17.6,18.1,41.1,40.4,40.4,38.7,38.7,38.0,16.1,9.1,6.7,5.4,3.2,2.8,1.53,1.56,1.6,1.62,1.63,1.63,32.4,33.0,33.1,33.2,32.9,32.9,7.1,6.2,7.1,8.3,8.2,9.7,29,MB300-0526,48.27007212321404,,,,,,,,,1998.7904387992842,False,,,,,,,,,,,,,,,,,,6030.2193593780285,False,True,0.0,Low,No Mining History (Barren Country Rock Control),Bharveli West Footwall Baseline,1371.5,GRID_BHARVELI_COMB_10_00,124.14643196753956,REAL
MASTER_21_01,21,1,21.862701,80.195226,3539.959473,293.567535,0,894,0.09,0.090359,0.116099,0.14735,0.234953,0.285663,0.219972,0.071754,0.090421,0.064318,0.250491,0.156049,0.082732,0.151112,0.034079,0.157702,0.022559,0.224014,-0.326819,-0.418261,0.142453,0.776452,1.255802,1.60346,7.077813,0.587607,-0.466108,-0.263496,-0.187966,0.529759,0.628302,0.893107,11.216901,0.363593,-0.13929,0.154765,-0.330418,-0.246693,-0.6275,-0.710353,0.00659,-0.01152,4.171563,0.015538,-0.129614,0.56935,0.6383,0.423349,0.5,1,sparse_vegetation,grade_B_blast_furnace_25to44,25-44% Mn (BF + Medium grade),0.243,38.82,1625.07,1432.68,104.75,293.23,736.99,4.46,6,0.2525,0.5004,0.1417,0.126,30.03,48.93,0.434,GRID_300M_21_01,132.57635321434145,7.5,7.5,7.6,7.6,7.7,7.8,39.8,41.1,42.0,44.9,43.6,44.9,18.5,18.0,17.3,16.2,17.2,17.4,41.7,40.8,40.6,38.9,39.1,37.7,15.6,9.4,6.6,5.3,3.1,2.7,1.55,1.57,1.61,1.64,1.64,1.65,31.1,32.1,32.1,32.2,31.9,32.0,8.9,7.7,8.7,10.7,11.0,12.5,29,MB300-0527,2.8012822620266,,,,,,,,,1748.4573636100577,False,,,,,,,,,,,,,,,,,,6028.1622558231265,False,True,0.0,Low,No Mining History (Barren Country Rock Control),Bharveli West Footwall Baseline,1333.1,GRID_BHARVELI_COMB_10_01,91.34988558565372,REAL
MASTER_21_02,21,2,21.862706,80.19815,3266.317871,295.690094,0,902,0.09,0.100491,0.13202,0.169823,0.287018,0.332482,0.245279,0.073706,0.093741,0.069283,0.233264,0.148282,0.080257,0.152409,0.039698,0.150684,0.025585,0.26331,-0.370326,-0.430085,0.124417,0.734693,1.161311,1.67085,5.479479,0.538067,-0.422934,-0.220437,-0.170894,0.54104,0.640346,0.937935,9.872471,0.274757,-0.052608,0.209648,-0.295312,-0.193653,-0.520965,-0.732915,-0.001725,-0.014113,4.336999,-0.053754,-0.1842,0.575023,0.6346,0.441106,0.464523,1,sparse_vegetation,grade_B_blast_furnace_25to44,25-44% Mn (BF + Medium grade),0.294,38.82,1625.07,1432.68,104.75,293.23,736.99,4.46,6,0.2525,0.5004,0.1417,0.126,30.03,48.93,0.434,GRID_300M_21_02,133.68198405160334,7.5,7.5,7.5,7.6,7.7,7.8,39.5,41.1,42.3,45.9,44.5,45.7,19.0,18.4,17.4,16.1,17.0,17.3,41.5,40.6,40.2,38.0,38.4,37.0,15.6,10.3,6.6,5.3,3.1,2.6,1.55,1.57,1.62,1.64,1.65,1.65,30.3,31.2,31.2,31.2,30.8,31.0,10.7,9.9,11.5,14.1,14.8,15.4,29,MB300-0528,3.7090573865418355,,,,,,,,,1446.7070243091607,False,,,,,,,,,,,,,,,,,,6028.939969779381,False,True,0.0,Low,No Mining History (Barren Country Rock Control),Bharveli West Footwall Baseline,1361.4,GRID_BHARVELI_COMB_10_02,92.6729921119463,REAL
MASTER_21_03,21,3,21.862784,80.201049,3003.993896,298.308319,0,893,0.09,0.093414,0.119514,0.148001,0.239533,0.287758,0.23066,0.080431,0.10329,0.075922,0.222851,0.139357,0.077492,0.142699,0.028509,0.152085,0.02222,0.230104,-0.324581,-0.411123,0.13575,0.803286,1.238328,1.571232,8.108334,0.480833,-0.357454,-0.137806,-0.170725,0.557347,0.624335,0.942014,11.352642,0.250728,-0.032872,0.273316,-0.306475,-0.245939,-0.613994,-0.629217,0.009386,-0.006289,3.202829,-0.016682,-0.148401,0.557328,0.6301,0.478172,0.350504,1,sparse_vegetation,grade_B_blast_furnace_25to44,25-44% Mn (BF + Medium grade),0.278,38.82,1625.07,1432.68,104.75,293.23,736.99,4.46,6,0.2525,0.5004,0.1417,0.126,30.03,48.93,0.434,GRID_300M_21_03,141.4756289778286,7.4,7.4,7.5,7.6,7.7,7.7,38.8,40.5,42.0,45.7,44.0,45.4,19.4,18.8,17.6,16.3,17.4,17.5,41.8,40.8,40.4,38.0,38.5,37.1,15.5,10.5,6.6,5.4,3.3,2.6,1.55,1.56,1.6,1.63,1.64,1.64,30.0,30.8,30.8,30.7,30.4,30.5,11.0,10.3,12.3,14.8,15.5,15.5,29,MB300-0529,3.5995058049945925,,,,,,,,,1147.1862647118844,False,,,,,,,,,,,,,,,,,,6037.519769422862,False,True,0.0,Low,No Mining History (Barren Country Rock Control),Bharveli West Footwall Baseline,1452.5,GRID_BHARVELI_COMB_10_03,99.7208234656413,REAL
MASTER_21_04,21,4,21.8628,80.203985,2742.445068,301.339539,0,892,0.09,0.099733,0.129549,0.147686,0.270803,0.287552,0.228768,0.086421,0.109383,0.088822,0.259653,0.2009,0.138489,0.386457,0.036872,0.229447,0.037423,0.306552,-0.354269,-0.375544,0.066331,0.77525,1.076121,1.454341,10.219357,0.496578,-0.404511,-0.273692,-0.112474,0.648399,0.774163,0.993336,10.324057,0.190026,-0.050242,0.101852,-0.178805,-0.126851,-0.301958,-0.461005,-0.15701,0.000551,0.146002,-0.01115,-0.086652,0.517134,0.6281,0.384199,0.263453,1,sparse_vegetation,grade_B_blast_furnace_25to44,25-44% Mn (BF + Medium grade),0.22,36.82,1625.07,1432.68,104.75,293.23,736.99,4.46,6,0.2525,0.5004,0.1417,0.126,30.03,48.93,0.434,GRID_300M_21_04,144.131092970417,7.4,7.5,7.5,7.6,7.7,7.7,37.5,39.6,41.2,45.2,43.4,44.6,20.1,19.2,18.1,16.9,18.0,18.0,42.4,41.1,40.6,38.0,38.6,37.4,14.9,10.0,6.7,5.5,3.3,2.6,1.54,1.56,1.61,1.63,1.64,1.64,30.0,30.6,30.6,30.4,30.2,30.3,11.0,10.3,12.3,14.7,15.3,15.4,29,MB300-0530,5.453510811083305,,,,,,,,,844.4970338678266,False,,,,,,,,,,,,,,,,,,6036.268326852548,False,True,0.0,Low,No Mining History (Barren Country Rock Control),Bharveli West Footwall Baseline,1595.6,GRID_BHARVELI_COMB_10_04,102.6658237104762,REAL
MASTER_21_05,21,5,21.862778,80.20687,2491.910156,304.848602,0,884,0.09,0.091693,0.121895,0.143055,0.27333,0.297499,0.221724,0.079257,0.102532,0.078546,0.234416,0.159029,0.093719,0.159788,0.035822,0.183584,0.031151,0.319317,-0.384317,-0.416348,0.087494,0.738241,1.089808,1.545382,6.250214,0.495073,-0.387064,-0.204232,-0.142962,0.585085,0.679064,0.98467,8.448174,0.175756,-0.002747,0.212117,-0.230456,-0.153156,-0.410743,-0.560713,0.023796,-0.004672,2.211551,-0.038913,-0.13847,0.539757,0.6166,0.43531,0.214932,1,sparse_vegetation,grade_B_blast_furnace_25to44,25-44% Mn (BF + Medium grade),0.244,36.82,1625.07,1432.68,104.75,293.23,736.99,4.46,6,0.2525,0.5004,0.1417,0.126,30.03,48.93,0.434,GRID_300M_21_05,141.0185638689939,7.4,7.5,7.5,7.6,7.7,7.7,37.1,39.3,40.7,44.7,42.9,44.2,20.2,19.3,18.3,17.1,18.1,18.2,42.6,41.3,41.0,38.3,38.9,37.7,15.1,10.0,6.8,5.8,4.0,3.2,1.54,1.56,1.61,1.63,1.64,1.64,30.0,30.7,30.7,30.4,30.3,30.3,11.6,11.3,13.6,15.7,16.1,16.0,29,MB300-0531,2.078408062926028,,,,,,,,,548.3307190197087,False,,,,,,,,,,,,,,,,,,6031.959790353677,False,True,0.0,Low,No Mining History (Barren Country Rock Control),Bharveli West Footwall Baseline,1778.3,GRID_BHARVELI_COMB_10_05,99.32734497057506,REAL
MASTER_21_06,21,6,21.862796,80.209739,2257.013916,309.181458,0,879,0.09,0.093499,0.12319,0.150313,0.261303,0.31322,0.243994,0.090243,0.112666,0.09549,0.237085,0.188423,0.11631,0.153211,0.027821,0.188927,0.032265,0.274464,-0.359297,-0.434519,0.128251,0.774443,1.203905,1.592354,8.018002,0.423516,-0.351971,-0.242961,-0.076176,0.608492,0.806697,1.051108,9.483935,0.149051,0.007326,0.191559,-0.204426,-0.165951,-0.397208,-0.541246,0.035716,0.004444,1.466058,-0.024218,-0.124797,0.557195,0.6159,0.416835,0.307167,1,sparse_vegetation,grade_B_blast_furnace_25to44,25-44% Mn (BF + Medium grade),0.241,36.82,1625.07,1432.68,104.75,293.23,736.99,4.46,6,0.2525,0.5004,0.1417,0.126,30.03,48.93,0.434,GRID_300M_21_06,141.6209742234334,7.4,7.4,7.5,7.5,7.6,7.6,36.3,38.7,40.0,44.0,42.3,43.4,20.6,19.6,18.6,17.1,18.2,18.3,43.1,41.8,41.5,38.9,39.5,38.3,15.3,10.6,7.3,6.0,4.6,3.7,1.54,1.56,1.6,1.62,1.63,1.63,29.9,30.7,30.7,30.5,30.3,30.3,13.1,13.3,15.7,18.3,17.8,17.8,29,MB300-0532,1.5657466412880867,,,,,,,,,256.98890954986354,False,,,,,,,,,,,,,,,,,,6039.663658418469,False,True,0.0,Low,No Mining History (Barren Country Rock Control),Bharveli West Footwall Baseline,1989.6,GRID_BHARVELI_COMB_10_06,99.27656338710814,REAL
MASTER_21_07,21,7,21.862785,80.212632,2033.841064,314.467407,0,894,0.09,0.086963,0.111634,0.136613,0.222974,0.272995,0.211263,0.100546,0.113596,0.090184,0.205777,0.12951,0.075995,0.140575,0.017854,0.178663,0.02286,0.239461,-0.331028,-0.419218,0.138515,0.773879,1.23107,1.568926,12.564541,0.394784,-0.286813,-0.046472,-0.17699,0.57036,0.618076,0.886588,13.678084,0.155323,0.044214,0.372746,-0.315505,-0.203518,-0.612995,-0.682338,0.038088,0.005006,1.161412,-0.017197,-0.143485,0.561497,0.6017,0.525398,0.229306,1,waterlogged,grade_B_blast_furnace_25to44,25-44% Mn (BF + Medium grade),0.289,39.16,1625.07,1432.68,104.75,293.23,736.99,4.46,6,0.2525,0.5004,0.1417,0.126,30.03,48.93,0.434,GRID_300M_21_07,139.95392870520885,7.3,7.4,7.4,7.5,7.6,7.6,36.0,37.9,40.1,44.4,43.0,44.2,21.6,20.9,19.4,17.5,18.5,18.6,42.3,41.2,40.5,38.1,38.5,37.2,15.1,11.3,7.1,5.8,4.4,3.4,1.53,1.55,1.58,1.61,1.62,1.62,29.6,30.6,30.4,30.6,30.4,30.3,13.6,13.7,16.8,18.9,18.6,18.4,29,MB300-0533,3.636983476484978,306.1159,0.4589,124.3313,-0.0047,0.302,-0.0138,1.042,BHV300-0001,88.75662392456715,True,,,,,,,,,,,,,,,,,,6058.887174590832,False,True,0.0,Low,Historical Open Pit & Active Mining Lease (High Grade),Bharveli Main Shaft & Central Pit,2006.3,GRID_BHARVELI_COMB_10_07,97.45949395530522,REAL
MASTER_21_08,21,8,21.86279,80.215543,1832.320312,321.063141,0,899,0.09,0.093452,0.123615,0.14775,0.277247,0.331327,0.255859,0.200356,0.196817,0.169434,0.252324,0.191568,0.132197,0.122065,0.027211,0.17018,0.028799,0.313239,-0.384813,-0.455109,0.120019,0.766917,1.19945,1.558798,6.836261,0.245051,-0.151031,0.037282,-0.149291,0.640975,0.70011,0.820882,9.974218,-0.068188,0.233782,0.492391,-0.26931,-0.125942,-0.49934,-0.737916,0.048115,0.001588,3.162678,-0.024922,-0.139759,0.546842,0.6357,0.566503,0.120133,1,waterlogged,grade_B_blast_furnace_25to44,25-44% Mn (BF + Medium grade),0.277,39.16,1625.07,1432.68,104.75,293.23,736.99,4.46,6,0.2525,0.5004,0.1417,0.126,30.03,48.93,0.434,GRID_300M_21_08,140.57770532288785,7.3,7.4,7.4,7.5,7.5,7.6,36.4,37.9,40.9,44.9,43.6,44.7,22.1,21.3,19.4,17.5,18.4,18.7,41.6,40.8,39.6,37.6,38.0,36.6,14.9,10.5,6.9,5.7,3.6,3.0,1.54,1.54,1.58,1.6,1.62,1.62,29.4,30.4,30.3,30.4,30.1,30.1,13.7,13.8,16.8,18.3,18.0,17.7,29,MB300-0534,3.9717479314186814,305.9397,1.0591,166.7129,-0.007,0.6511,-0.0218,2.2055,BHV300-0002,89.99228667731403,True,,,,,,,,,,,,,,,,,,6094.759130168999,False,True,0.0,Low,Historical Open Pit & Active Mining Lease (High Grade),Bharveli Main Shaft & Central Pit,1794.0,GRID_BHARVELI_COMB_10_08,98.09512724171849,REAL
MASTER_21_09,21,9,21.862847,80.218459,1665.452271,329.266907,0,912,0.09,0.105785,0.13681,0.169561,0.274526,0.355447,0.305339,0.434783,0.417438,0.388504,0.487409,0.455515,0.352864,0.257002,0.031422,0.349996,0.042619,0.242968,-0.337323,-0.446859,0.156984,0.856734,1.299937,1.59881,11.36074,0.142455,-0.102631,-0.065638,-0.04687,0.762735,0.931119,0.896207,11.719364,-0.100513,0.234692,0.381221,-0.203854,-0.093999,-0.368817,-0.702603,0.092994,0.011197,0.225381,0.212883,0.100069,0.555852,0.637,0.504735,0.369518,1,waterlogged,grade_B_blast_furnace_25to44,25-44% Mn (BF + Medium grade),0.236,39.16,1625.07,1432.68,104.75,293.23,736.99,4.46,6,0.2525,0.5004,0.1417,0.126,30.03,48.93,0.434,GRID_300M_21_09,146.88384588877778,7.3,7.3,7.4,7.4,7.5,7.5,36.9,38.4,41.6,45.4,44.1,44.9,22.4,21.5,19.6,17.6,18.6,19.1,40.7,40.1,38.7,37.0,37.3,36.0,15.3,10.3,7.2,5.9,3.6,3.2,1.53,1.54,1.58,1.6,1.61,1.62,29.8,30.6,30.6,30.8,30.5,30.5,14.6,14.7,17.9,19.3,18.7,18.4,29,MB300-0535,1.3290362857364957,310.2028,1.8609,230.7227,0.0604,1.0449,0.2003,3.5986,BHV300-0003,86.97984674217965,True,,,,,,,,,,,,,,,,,,6150.941679374833,False,True,0.0,Low,Historical Open Pit & Active Mining Lease (High Grade),Bharveli Main Shaft & Central Pit,1609.9,GRID_BHARVELI_COMB_10_09,104.16282773810279,REAL
MASTER_21_10,21,10,21.862876,80.221378,1536.777588,339.013977,0,888,0.09,0.120234,0.158605,0.202818,0.32533,0.440589,0.35337,0.125092,0.143626,0.117122,0.256575,0.184728,0.109681,0.100804,0.016126,0.10728,0.021417,0.23295,-0.344515,-0.470859,0.181483,0.802053,1.356094,1.684957,10.028933,0.372551,-0.280758,-0.114617,-0.120815,0.589558,0.716855,0.941785,8.825622,0.139601,0.063757,0.356242,-0.302298,-0.212495,-0.639239,-0.743173,0.006476,0.005291,-1.216322,-0.068755,-0.255861,0.585721,0.6231,0.502621,0.441441,1,sparse_vegetation,grade_B_blast_furnace_25to44,25-44% Mn (BF + Medium grade),0.187,38.87,1625.07,1432.68,104.75,293.23,736.99,4.46,6,0.2525,0.5004,0.1417,0.126,30.03,48.93,0.434,GRID_300M_21_10,150.30336172784692,7.3,7.3,7.3,7.3,7.3,7.4,37.5,39.1,42.1,46.0,44.4,45.3,21.8,20.9,19.3,17.7,18.9,19.5,40.6,39.9,38.6,36.3,36.7,35.3,15.8,10.6,7.7,6.2,3.8,3.3,1.52,1.53,1.57,1.59,1.61,1.61,30.0,31.1,31.0,31.2,30.9,31.0,14.8,15.0,18.3,18.8,19.2,19.2,29,MB300-0536,3.2133488433969055,306.1624,1.082,149.2685,-0.0156,0.4676,-0.0514,1.6063,BHV300-0004,86.64086120623021,True,,,,,,,,,,,,,,,,,,6218.274464474851,False,True,0.0,Low,Historical Open Pit & Active Mining Lease (High Grade),Bharveli Main Shaft & Central Pit,1464.6,GRID_BHARVELI_COMB_10_10,107.53212534637949,REAL
MASTER_21_11,21,11,21.862881,80.224294,1456.95813,350.122986,0,892,0.09,0.127962,0.169182,0.217834,0.340288,0.465067,0.372173,0.100597,0.124311,0.098698,0.273678,0.167112,0.095859,0.093528,0.014216,0.122955,0.021799,0.220367,-0.336218,-0.466919,0.18641,0.800313,1.368423,1.701337,10.960106,0.469402,-0.373379,-0.134925,-0.174203,0.571077,0.605766,0.980001,9.137533,0.249036,-0.037161,0.331994,-0.360613,-0.229235,-0.762657,-0.721336,0.029427,0.007583,-1.775377,-0.066609,-0.297956,0.591345,0.6234,0.501347,0.434978,1,sparse_vegetation,grade_B_blast_furnace_25to44,25-44% Mn (BF + Medium grade),0.202,38.87,1625.07,1432.68,104.75,293.23,736.99,4.46,6,0.2525,0.5004,0.1417,0.126,30.03,48.93,0.434,GRID_300M_21_11,151.04828652826941,7.2,7.2,7.3,7.3,7.3,7.4,37.2,39.1,41.3,45.8,44.2,45.1,21.1,20.1,19.0,17.5,18.7,19.5,41.7,40.8,39.7,36.7,37.1,35.4,16.1,11.1,8.0,6.7,4.0,3.6,1.51,1.52,1.56,1.59,1.61,1.61,29.7,31.0,30.9,31.0,30.8,30.8,16.3,16.6,20.0,20.9,20.8,21.2,29,MB300-0537,3.1881277739373397,306.9372,0.6125,222.6323,0.006,0.3327,0.0189,1.1185,BHV300-0005,88.20537545880113,True,,,,,,,,,,,,,,,,,,6296.692766987241,False,True,0.0,Low,Historical Open Pit & Active Mining Lease (High Grade),Bharveli Main Shaft & Central Pit,1370.5,GRID_BHARVELI_COMB_10_11,108.37737220701638,REAL
MASTER_21_12,21,12,21.862872,80.227181,1435.148071,1.896721,0,847,0.09,0.124902,0.168195,0.226847,0.334622,0.472032,0.386611,0.09548,0.126453,0.103678,0.306694,0.232097,0.136283,0.071488,0.010891,0.135661,0.02739,0.193817,-0.331687,-0.475139,0.206287,0.818494,1.4123,1.821601,11.98128,0.490328,-0.409245,-0.269742,-0.099597,0.579702,0.749466,1.08831,8.18859,0.296511,-0.077558,0.205397,-0.305884,-0.238791,-0.662834,-0.733291,0.064173,0.016499,-3.646441,-0.027928,-0.239935,0.61374,0.7066,0.429835,0.515939,1,built_up,grade_B_blast_furnace_25to44,25-44% Mn (BF + Medium grade),0.155,38.87,1625.07,1432.68,104.75,293.23,736.99,4.46,6,0.2525,0.5004,0.1417,0.126,30.03,48.93,0.434,GRID_300M_21_12,149.45925020131756,7.2,7.2,7.3,7.3,7.3,7.4,38.1,40.1,41.8,46.1,44.6,45.1,21.1,20.0,19.0,17.5,18.8,19.6,40.9,39.9,39.2,36.3,36.7,35.3,16.9,12.1,7.9,6.7,4.0,3.6,1.51,1.52,1.57,1.59,1.6,1.6,29.1,30.4,30.5,30.4,30.6,30.6,17.3,18.2,20.4,22.0,22.3,23.6,29,MB300-0538,0.9126360005748174,309.2211,1.046,249.2454,-0.0135,0.4475,-0.0443,1.4544,BHV300-0006,89.1461199025061,True,,,,,,,,,,,,,,,,,,6323.6195774595135,False,True,0.0,Low,Historical Open Pit & Active Mining Lease (High Grade),Bharveli Main Shaft & Central Pit,1338.5,GRID_BHARVELI_COMB_10_12,106.54467850446692,REAL
MASTER_21_13,21,13,21.862879,80.230093,1476.586548,13.610277,0,852,0.09,0.103281,0.138849,0.182963,0.286605,0.400067,0.331192,0.08972,0.125282,0.098893,0.365505,0.297256,0.177272,0.083582,0.018076,0.210549,0.036337,0.226654,-0.348446,-0.485278,0.195939,0.825477,1.397521,1.758655,7.836909,0.573092,-0.487736,-0.406369,-0.071061,0.593048,0.82212,1.094195,8.505856,0.346438,-0.13929,0.078908,-0.267,-0.23243,-0.575401,-0.66446,0.126967,0.018261,0.713647,0.0789,-0.10281,0.596738,0.6891,0.360406,0.46831,1,sparse_vegetation,grade_B_blast_furnace_25to44,25-44% Mn (BF + Medium grade),0.188,38.44,1625.07,1432.68,104.75,293.23,736.99,4.46,6,0.2525,0.5004,0.1417,0.126,30.03,48.93,0.434,GRID_300M_21_13,150.32402888014354,7.0,7.0,7.1,7.1,7.2,7.2,39.7,41.3,42.6,46.6,45.3,45.7,20.8,20.1,19.2,17.5,18.8,19.4,39.5,38.6,38.2,35.9,35.9,34.9,20.8,14.4,9.3,6.3,4.3,3.7,1.48,1.49,1.53,1.58,1.59,1.59,29.8,30.4,30.5,30.3,30.5,30.5,20.2,21.4,22.7,25.5,26.5,27.6,29,MB300-0539,2.0572760144825657,326.904,9.5241,246.6322,-0.0281,4.0833,-0.0973,13.0495,BHV300-0007,90.24683153429936,True,,,,,,,,,,,,,,,,,,6322.84585238314,False,True,0.0,Low,Historical Open Pit & Active Mining Lease (High Grade),Bharveli Main Shaft & Central Pit,1372.9,GRID_BHARVELI_COMB_10_13,107.42387616916042,REAL
MASTER_21_14,21,14,21.862879,80.232946,1571.9021,24.081369,0,895,0.09,0.085895,0.114724,0.125897,0.276341,0.327623,0.254264,0.080553,0.113483,0.074488,0.390999,0.261489,0.13611,0.12343,0.030042,0.212973,0.046009,0.377815,-0.412196,-0.479413,0.104675,0.767628,1.20017,1.445605,6.303975,0.679704,-0.549754,-0.394972,-0.169792,0.51647,0.672762,0.918004,7.440003,0.301889,-0.137558,0.084441,-0.274466,-0.251158,-0.527408,-0.527601,0.089542,0.015967,1.124248,0.114658,-0.066134,0.519016,0.5911,0.365697,0.075978,0,sparse_vegetation,grade_B_blast_furnace_25to44,25-44% Mn (BF + Medium grade),0.434,38.44,1625.07,1432.68,104.75,293.23,736.99,4.46,6,0.2525,0.5004,0.1417,0.126,30.03,48.93,0.434,GRID_300M_21_14,148.79884050848642,6.9,6.9,7.0,7.0,7.0,7.1,41.6,42.9,43.8,47.4,46.3,46.3,20.2,19.6,18.7,16.8,18.2,19.0,38.3,37.5,37.4,35.8,35.6,34.7,24.4,16.7,11.2,6.8,5.0,4.3,1.46,1.47,1.51,1.55,1.58,1.58,30.4,30.5,30.5,30.5,30.6,30.7,22.7,22.8,24.3,26.4,27.7,29.3,29,MB300-0540,4.48174076196389,359.9767,16.1614,220.119,-0.1587,7.1561,-0.5364,23.2832,BHV300-0008,88.33880216341977,True,,,,,,,,,,,,,,,,,,6318.168810602784,False,True,0.0,Low,Historical Open Pit & Active Mining Lease (High Grade),Bharveli Main Shaft & Central Pit,1469.0,GRID_BHARVELI_COMB_10_14,105.26517006972249,REAL
MASTER_21_15,21,15,21.86289,80.235872,1718.193115,33.283329,0,907,0.09,0.075762,0.102378,0.104021,0.269305,0.292513,0.216915,0.063804,0.09389,0.055376,0.388929,0.231212,0.109247,0.279277,0.070837,0.613773,0.128456,0.441169,-0.444825,-0.478707,0.063176,0.730585,1.11683,1.350821,5.416368,0.750618,-0.611122,-0.424602,-0.226532,0.468633,0.59796,0.859443,6.906391,0.309449,-0.166297,0.054106,-0.289709,-0.261951,-0.51887,-0.491378,0.334495,0.057619,1.509209,0.119624,-0.061301,0.493143,0.5907,0.354015,0.044101,0,sparse_vegetation,grade_B_blast_furnace_25to44,25-44% Mn (BF + Medium grade),0.315,38.44,1625.07,1432.68,104.75,293.23,736.99,4.46,6,0.2525,0.5004,0.1417,0.126,30.03,48.93,0.434,GRID_300M_21_15,150.43101596297998,7.0,7.0,7.1,7.1,7.1,7.2,42.3,43.5,44.6,47.4,46.2,46.2,19.8,19.4,18.4,16.6,18.1,19.0,37.8,37.1,37.1,36.0,35.8,34.8,25.5,16.5,12.2,7.5,5.7,4.9,1.47,1.48,1.53,1.57,1.58,1.59,31.7,31.6,31.5,31.5,31.7,32.0,23.8,24.1,24.9,27.2,28.2,30.9,29,MB300-0541,3.2513301820891627,408.8902,15.926,272.4618,0.0894,7.0811,0.3013,22.9373,BHV300-0009,89.90672644342166,True,,,,,,,,,,,,,,,,,,6320.594595804236,False,True,0.0,Low,Historical Open Pit & Active Mining Lease (High Grade),Bharveli Main Shaft & Central Pit,1616.0,GRID_BHARVELI_COMB_10_15,107.07044207780193,REAL
MASTER_21_16,21,16,21.862955,80.23877,1903.989502,40.694118,0,909,0.09,0.072188,0.095193,0.103219,0.227261,0.298639,0.230945,0.055083,0.084519,0.047541,0.377391,0.218365,0.099723,0.258555,0.069644,0.628558,0.12022,0.374144,-0.407074,-0.515867,0.144188,0.76976,1.332256,1.423256,4.961439,0.77519,-0.63311,-0.441891,-0.238448,0.455489,0.581395,0.860159,6.244172,0.401046,-0.226036,0.073975,-0.382636,-0.314271,-0.75086,-0.563096,0.370003,0.050576,1.283604,0.150129,-0.080274,0.527597,0.5997,0.369279,0.066007,0,sparse_vegetation,grade_B_blast_furnace_25to44,25-44% Mn (BF + Medium grade),0.446,38.44,1625.07,1432.68,104.75,293.23,736.99,4.46,6,0.2525,0.5004,0.1417,0.126,30.03,48.93,0.434,GRID_300M_22_16,152.75219407016607,7.0,7.0,7.1,7.1,7.1,7.2,42.4,43.9,44.7,47.1,45.9,45.8,20.1,19.2,18.5,16.9,18.3,19.3,37.6,36.9,36.9,36.0,35.8,34.9,25.4,16.4,11.8,7.0,5.6,4.9,1.47,1.48,1.52,1.56,1.57,1.58,32.3,32.1,32.0,31.9,32.1,32.5,23.9,24.9,25.2,27.6,28.8,31.0,29,MB300-0542,3.197358571996774,366.6645,16.9558,119.8551,-0.1666,7.0541,-0.5587,23.2396,BHV300-0010,85.07570921007357,True,,,,,,,,,,,,,,,,,,6327.394930169227,False,True,0.0,Low,Historical Open Pit & Active Mining Lease (High Grade),Bharveli Main Shaft & Central Pit,1801.3,GRID_BHARVELI_COMB_10_16,113.4677821321699,REAL
MASTER_21_17,21,17,21.862971,80.241696,2114.184082,46.870712,0,898,0.09,0.085665,0.116953,0.145264,0.251199,0.358989,0.295435,0.06908,0.100526,0.074327,0.349083,0.252819,0.139378,0.118302,0.025969,0.255977,0.054942,0.27466,-0.36676,-0.510184,0.194915,0.818106,1.441245,1.675594,6.617638,0.650038,-0.550562,-0.431591,-0.127778,0.543421,0.734372,1.045002,7.01354,0.375378,-0.183801,0.078592,-0.322693,-0.274685,-0.706874,-0.630592,0.137674,0.028973,0.424266,0.097884,-0.10617,0.580881,0.6816,0.363133,0.361915,1,sparse_vegetation,grade_B_blast_furnace_25to44,25-44% Mn (BF + Medium grade),0.474,37.31,1625.07,1432.68,104.75,293.23,736.99,4.46,6,0.2525,0.5004,0.1417,0.126,30.03,48.93,0.434,GRID_300M_22_17,151.506700928064,7.0,7.1,7.1,7.1,7.1,7.2,40.1,41.9,42.9,45.9,44.7,44.7,21.0,20.0,19.3,17.6,19.1,19.9,38.9,38.1,37.8,36.4,36.3,35.5,23.0,15.2,11.3,6.2,5.5,5.0,1.47,1.48,1.51,1.56,1.58,1.58,30.8,30.9,30.9,31.0,31.1,31.1,23.8,24.8,24.9,27.3,28.9,30.9,16,MB300-0543,3.0497147461912637,325.8504,3.505,155.9597,-0.0656,1.4699,-0.2198,4.8694,BHV300-0011,86.24443133210974,True,,,,,,,,,,,,,,,,,,6329.170016911823,False,True,0.0,Low,Historical Open Pit & Active Mining Lease (High Grade),Bharveli Main Shaft & Central Pit,2014.4,GRID_BHARVELI_COMB_10_17,115.76941030993078,REAL
MASTER_21_18,21,18,21.862957,80.244601,2340.624756,51.913116,0,860,0.09,0.101676,0.1413,0.179608,0.262588,0.37997,0.311045,0.082395,0.115015,0.100514,0.276804,0.2379,0.146757,0.081797,0.014467,0.354925,0.033751,0.182533,-0.288007,-0.447718,0.209708,0.816885,1.466685,1.744786,11.041517,0.440057,-0.377567,-0.3144,-0.03831,0.605482,0.875195,1.186766,10.116232,0.257524,-0.08956,0.133317,-0.248018,-0.211402,-0.591491,-0.55802,0.273128,0.019284,-1.009698,0.014216,-0.14207,0.606783,0.6992,0.392732,0.388372,1,built_up,grade_A_ferro_mn_44plus,>= 44% Mn (IS:4763 Ferromanganese),0.41,37.31,1625.07,1432.68,104.75,293.23,736.99,4.46,6,0.2525,0.5004,0.1417,0.126,30.03,48.93,0.434,GRID_300M_22_18,152.9302637293135,7.1,7.1,7.2,7.1,7.2,7.3,37.7,39.6,40.7,44.7,43.2,43.7,21.3,20.2,19.6,17.7,19.3,19.9,41.1,40.2,39.7,37.5,37.6,36.4,20.0,12.7,10.0,5.8,3.9,3.5,1.48,1.49,1.55,1.57,1.59,1.6,32.0,32.3,32.3,32.4,32.4,32.4,21.9,22.8,23.1,25.7,27.1,28.5,18,MB300-0544,0.7232571532949805,,,,,,,,,361.57424884966696,False,,,,,,,,,,,,,,,,,,6327.618079489057,False,True,0.0,Low,Unmined Exploratory Target (Core Borehole Intercept),Manegaon Northern Strike Extension,2058.4,GRID_BHARVELI_COMB_10_18,114.16335047927384,REAL
MASTER_21_19,21,19,21.862975,80.247537,2586.479492,56.013935,0,886,0.09,0.106969,0.145205,0.190222,0.298799,0.4204,0.341558,0.080719,0.111341,0.089967,0.283689,0.204795,0.117692,0.08397,0.014552,0.157311,0.030224,0.224548,-0.34645,-0.487835,0.201898,0.812355,1.414622,1.771954,9.646183,0.510737,-0.425521,-0.276505,-0.1126,0.56576,0.720837,1.106393,8.602227,0.28619,-0.07907,0.21133,-0.314498,-0.246595,-0.693785,-0.665561,0.073341,0.015672,-0.921522,-0.01511,-0.215604,0.602933,0.6793,0.43093,0.419865,1,sparse_vegetation,grade_B_blast_furnace_25to44,25-44% Mn (BF + Medium grade),0.273,37.31,1625.07,1432.68,104.75,293.23,736.99,4.46,6,0.2525,0.5004,0.1417,0.126,30.03,48.93,0.434,GRID_300M_22_19,151.75064065167558,7.1,7.2,7.2,7.2,7.3,7.3,37.1,39.1,40.7,44.7,43.1,43.8,21.3,20.2,19.3,17.6,19.2,19.8,41.7,40.7,40.0,37.6,37.8,36.4,19.4,12.4,9.6,5.7,3.8,3.2,1.49,1.51,1.56,1.59,1.61,1.62,32.0,32.4,32.4,32.5,32.5,32.6,20.8,21.5,22.2,24.8,25.7,26.9,29,MB300-0545,4.1568161266782555,,,,,,,,,661.7746313394373,False,,,,,,,,,,,,,,,,,,6330.168491623211,False,True,0.0,Low,Unmined Exploratory Target (Core Borehole Intercept),Manegaon Northern Strike Extension,2068.6,GRID_BHARVELI_COMB_10_19,117.0516720704789,REAL
MASTER_21_20,21,20,21.862964,80.250391,2834.428955,59.360916,0,856,0.09,0.109816,0.147119,0.189188,0.299662,0.411247,0.339501,0.09789,0.123444,0.101963,0.271994,0.199246,0.118391,0.105553,0.018889,0.150683,0.025877,0.22602,-0.340011,-0.473329,0.189371,0.825707,1.381235,1.719697,8.435589,0.457987,-0.37642,-0.232997,-0.105305,0.589085,0.732835,1.044659,9.787594,0.231967,-0.036409,0.240332,-0.294675,-0.236622,-0.648399,-0.675038,0.04513,0.006988,1.372846,-0.027668,-0.212001,0.589522,0.6443,0.445185,0.434579,1,sparse_vegetation,grade_B_blast_furnace_25to44,25-44% Mn (BF + Medium grade),0.361,37.93,1625.07,1432.68,104.75,293.23,736.99,4.46,6,0.2525,0.5004,0.1417,0.126,30.03,48.93,0.434,GRID_300M_22_20,151.47621176990944,7.1,7.2,7.2,7.3,7.3,7.4,36.5,38.5,41.4,45.0,43.5,44.4,21.4,20.3,18.8,17.4,18.7,19.5,42.1,41.2,39.8,37.6,37.8,36.1,18.5,12.4,8.8,6.1,4.1,3.5,1.52,1.53,1.58,1.62,1.64,1.64,32.0,32.2,32.2,32.3,32.3,32.4,18.3,18.5,20.4,22.7,22.1,23.2,29,MB300-0546,2.454467322800275,,,,,,,,,955.7243285613314,False,,,,,,,,,,,,,,,,,,6325.964450164687,False,True,0.0,Low,Unmined Exploratory Target (Core Borehole Intercept),Manegaon Northern Strike Extension,2121.5,GRID_BHARVELI_COMB_10_20,113.98057820137771,REAL
MASTER_21_21,21,21,21.862972,80.253283,3094.976074,62.158009,0,881,0.09,0.118314,0.157711,0.20201,0.319686,0.428221,0.351894,0.083316,0.10789,0.087228,0.249707,0.189791,0.109943,0.096957,0.015915,0.179643,0.029117,0.227282,-0.339782,-0.46252,0.179843,0.821278,1.342956,1.705715,10.003366,0.479301,-0.391,-0.262178,-0.097996,0.573363,0.75626,1.03907,9.976375,0.252019,-0.051218,0.200343,-0.27784,-0.247915,-0.586696,-0.666645,0.082687,0.013202,-0.030258,-0.069978,-0.23843,0.585246,0.6274,0.425996,0.416572,1,sparse_vegetation,grade_B_blast_furnace_25to44,25-44% Mn (BF + Medium grade),0.28,37.93,1625.07,1432.68,104.75,293.23,736.99,4.46,6,0.2525,0.5004,0.1417,0.126,30.03,48.93,0.434,GRID_300M_22_21,150.2172796100933,7.1,7.2,7.3,7.3,7.4,7.4,36.6,38.5,41.4,45.4,43.9,44.8,21.5,20.5,18.9,17.1,18.4,19.2,42.0,41.0,39.6,37.5,37.7,36.0,17.9,12.0,8.2,6.5,4.3,3.8,1.51,1.53,1.57,1.61,1.63,1.63,32.0,32.1,32.1,32.2,32.2,32.2,16.9,17.2,19.4,21.7,20.9,21.6,29,MB300-0547,3.5288804448109796,,,,,,,,,1253.9212561804068,False,,,,,,,,,,,,,,,,,,6322.939145627173,False,True,0.0,Low,Unmined Exploratory Target (Core Borehole Intercept),Manegaon Northern Strike Extension,2214.2,GRID_BHARVELI_COMB_10_21,114.2844524157113,REAL
MASTER_21_22,21,22,21.862981,80.256191,3363.238525,64.528152,0,905,0.09,0.119496,0.15943,0.20317,0.321228,0.431221,0.362426,0.115115,0.136086,0.111215,0.279173,0.209085,0.12673,0.08955,0.016494,0.175025,0.035592,0.228146,-0.337785,-0.461257,0.179714,0.839198,1.345811,1.695588,9.316172,0.438236,-0.347747,-0.201313,-0.114891,0.592295,0.737208,0.960349,7.820629,0.21009,-0.009962,0.259944,-0.294605,-0.246903,-0.608603,-0.735239,0.085475,0.019098,-1.433757,-0.042056,-0.222136,0.580515,0.6178,0.457631,0.466298,1,sparse_vegetation,grade_B_blast_furnace_25to44,25-44% Mn (BF + Medium grade),0.231,37.93,1625.07,1432.68,104.75,293.23,736.99,4.46,6,0.2525,0.5004,0.1417,0.126,30.03,48.93,0.434,GRID_300M_22_22,149.24336508525968,7.1,7.2,7.3,7.3,7.3,7.4,37.3,39.2,42.2,46.0,44.5,45.3,21.6,20.7,19.1,16.8,18.1,18.6,41.1,40.1,38.7,37.2,37.5,36.1,17.6,11.4,8.1,6.1,3.5,3.1,1.52,1.53,1.57,1.61,1.63,1.62,32.6,32.9,32.9,33.1,33.0,33.0,16.2,16.5,19.1,20.2,18.8,19.1,29,MB300-0548,3.6269445985266593,,,,,,,,,1554.0009274430413,False,,,,,,,,,,,,,,,,,,6325.712425817473,False,True,0.0,Low,Unmined Exploratory Target (Core Borehole Intercept),Manegaon Northern Strike Extension,2342.0,GRID_BHARVELI_COMB_10_22,115.24024540472996,REAL
MASTER_21_23,21,23,21.863048,80.259096,3638.68457,66.449051,0,891,0.09,0.131877,0.18392,0.240098,0.341511,0.445102,0.385442,0.100004,0.128998,0.106572,0.284856,0.221271,0.132766,0.075559,0.011703,0.154881,0.027861,0.176789,-0.301045,-0.415939,0.182674,0.865397,1.305545,1.82,9.87382,0.454978,-0.374313,-0.257494,-0.083124,0.596237,0.775697,1.063919,10.362967,0.278189,-0.073269,0.158445,-0.265797,-0.26916,-0.529848,-0.756081,0.079322,0.016157,0.474373,-0.056655,-0.223831,0.599706,0.6617,0.415466,0.554433,1,built_up,grade_B_blast_furnace_25to44,25-44% Mn (BF + Medium grade),0.332,38.03,1625.07,1432.68,104.75,293.23,736.99,4.46,6,0.2525,0.5004,0.1417,0.126,30.03,48.93,0.434,GRID_300M_22_23,141.90366757841468,7.1,7.2,7.3,7.4,7.4,7.5,37.5,39.2,42.2,45.8,44.3,45.2,21.4,20.4,18.7,16.6,17.8,18.2,41.1,40.4,39.1,37.6,37.9,36.6,17.3,10.9,7.9,6.2,3.4,2.8,1.52,1.54,1.58,1.61,1.62,1.62,32.2,32.5,32.7,32.7,32.7,32.6,15.9,16.1,18.7,19.8,18.5,19.4,29,MB300-0549,3.1854486303788563,,,,,,,,,1853.6822345052074,False,,,,,,,,,,,,,,,,,,6332.737206615485,False,True,0.0,Low,Unmined Exploratory Target (Core Borehole Intercept),Manegaon Northern Strike Extension,2499.4,GRID_BHARVELI_COMB_10_23,122.26321689099525,REAL
MASTER_21_24,21,24,21.86306,80.261725,3888.922852,68.025711,0,720,0.09,0.117517,0.155923,0.197007,0.313262,0.402222,0.331923,0.091138,0.118869,0.095664,0.301258,0.237677,0.151509,0.120131,0.023527,0.22286,0.038379,0.233263,-0.337439,-0.442897,0.161286,0.825105,1.286001,1.668155,7.926539,0.514772,-0.428005,-0.330071,-0.085436,0.624155,0.805655,1.033477,8.484662,0.281508,-0.090566,0.112826,-0.246723,-0.20095,-0.480346,-0.634677,0.102729,0.014852,0.615116,-0.012004,-0.164546,0.573165,0.6441,0.383855,0.413889,1,sparse_vegetation,grade_B_blast_furnace_25to44,25-44% Mn (BF + Medium grade),0.229,38.03,1625.07,1432.68,104.75,293.23,736.99,4.46,6,0.2525,0.5004,0.1417,0.126,30.03,48.93,0.434,GRID_300M_22_24,136.38289894711966,7.2,7.2,7.2,7.4,7.4,7.5,37.4,38.9,42.2,45.8,44.4,45.3,21.2,20.4,18.5,16.3,17.5,17.8,41.4,40.8,39.3,37.9,38.0,36.9,17.3,11.2,7.8,5.8,3.3,2.6,1.51,1.53,1.57,1.61,1.63,1.63,31.3,31.5,31.6,31.6,31.7,31.5,15.7,15.8,18.3,19.7,18.5,19.3,29,MB300-0550,29.97947151863391,,,,,,,,,2125.165441373013,False,,,,,,,,,,,,,,,,,,6333.792003953858,False,True,0.0,Very Low,Unmined Exploratory Target (Core Borehole Intercept),Manegaon Northern Strike Extension,2681.2,GRID_BHARVELI_COMB_10_24,118.8907339992226,REAL
MASTER_22_00,22,0,21.865411,80.192784,3894.753174,296.144043,0,582,0.09,0.097231,0.120193,0.150461,0.226514,0.298459,0.233154,0.081121,0.103276,0.080781,0.204722,0.109959,0.062455,0.117284,0.017051,0.088386,0.015633,0.201212,-0.302984,-0.425317,0.161723,0.78199,1.333581,1.538493,12.996472,0.42974,-0.324835,-0.014264,-0.203341,0.568358,0.533127,0.994314,13.127566,0.228528,-0.021851,0.411053,-0.365065,-0.213632,-0.800454,-0.544179,-0.028899,-0.001419,0.179735,-0.021792,-0.1885,0.568244,0.6191,0.550199,0.298969,1,waterlogged,grade_B_blast_furnace_25to44,25-44% Mn (BF + Medium grade),0.185,36.39,1625.07,1432.68,104.75,293.23,736.99,4.46,6,0.2525,0.5004,0.1417,0.126,30.03,48.93,0.434,GRID_300M_22_00,157.02838427619417,7.4,7.5,7.6,7.6,7.6,7.7,42.9,43.8,43.4,45.1,43.6,43.8,18.4,18.4,18.5,17.7,18.7,19.3,38.6,37.9,38.1,37.1,37.7,37.0,16.3,10.4,6.6,5.4,3.2,2.6,1.53,1.56,1.59,1.62,1.62,1.61,32.3,32.8,32.8,32.7,32.5,32.6,7.9,7.0,7.8,8.4,8.3,9.7,29,MB300-0551,48.05538442522332,,,,,,,,,2010.979578468148,False,,,,,,,,,,,,,,,,,,6332.233775360182,False,True,0.0,Low,No Mining History (Barren Country Rock Control),Bharveli West Footwall Baseline,1664.5,GRID_BHARVELI_COMB_11_00,123.72041404980864,REAL
MASTER_22_01,22,1,21.8654,80.195218,3670.742432,297.852448,0,889,0.09,0.095162,0.123138,0.154073,0.256676,0.299972,0.224941,0.075823,0.095974,0.071504,0.22527,0.133,0.072285,0.180369,0.038186,0.098393,0.017438,0.252122,-0.347282,-0.417149,0.123197,0.747259,1.18798,1.595225,7.879934,0.512287,-0.397086,-0.150731,-0.1921,0.544294,0.590024,0.940614,10.654081,0.260165,-0.049804,0.266418,-0.315297,-0.202964,-0.597956,-0.654611,-0.081976,-0.020748,2.829425,-0.031406,-0.166973,0.564006,0.635,0.474708,0.420697,1,sparse_vegetation,grade_B_blast_furnace_25to44,25-44% Mn (BF + Medium grade),0.212,38.82,1625.07,1432.68,104.75,293.23,736.99,4.46,6,0.2525,0.5004,0.1417,0.126,30.03,48.93,0.434,GRID_300M_22_01,132.29002409511668,7.5,7.5,7.6,7.6,7.6,7.8,41.2,42.1,42.7,44.2,43.1,44.4,18.0,17.7,17.3,16.7,17.6,17.9,40.8,40.1,40.0,39.1,39.2,37.7,16.0,10.0,6.6,5.5,3.2,2.7,1.54,1.56,1.6,1.62,1.63,1.63,30.8,31.5,31.4,31.5,31.1,31.3,8.7,7.8,8.6,10.1,10.8,12.0,29,MB300-0552,3.807377716154028,,,,,,,,,1761.0690983424163,False,,,,,,,,,,,,,,,,,,6328.6154002009025,False,True,0.0,Low,No Mining History (Barren Country Rock Control),Bharveli West Footwall Baseline,1633.1,GRID_BHARVELI_COMB_11_01,90.83831001800033,REAL
MASTER_22_02,22,2,21.865453,80.198134,3410.994873,300.29718,0,904,0.09,0.088989,0.119412,0.14307,0.266775,0.284995,0.204013,0.078182,0.098513,0.072829,0.217964,0.125323,0.070061,0.161582,0.053155,0.118894,0.017857,0.30847,-0.382172,-0.408212,0.087162,0.712143,1.070534,1.588977,3.968073,0.495996,-0.373661,-0.108896,-0.201532,0.558153,0.572572,0.927931,11.762061,0.187526,0.008511,0.299316,-0.288694,-0.15399,-0.497962,-0.661046,-0.042688,-0.035298,7.744199,-0.048811,-0.159672,0.55149,0.6393,0.488332,0.227876,1,sparse_vegetation,grade_B_blast_furnace_25to44,25-44% Mn (BF + Medium grade),0.281,38.82,1625.07,1432.68,104.75,293.23,736.99,4.46,6,0.2525,0.5004,0.1417,0.126,30.03,48.93,0.434,GRID_300M_22_02,138.1203816845644,7.5,7.5,7.6,7.6,7.7,7.8,40.8,42.0,43.1,45.7,44.4,45.9,18.6,18.2,17.4,16.3,17.3,17.4,40.6,39.8,39.5,37.9,38.2,36.7,15.8,10.6,6.5,5.7,3.6,3.1,1.55,1.57,1.61,1.63,1.64,1.64,30.3,31.0,30.8,30.8,30.5,30.6,11.6,10.9,12.4,14.5,16.1,16.2,29,MB300-0553,1.0837533800368442,,,,,,,,,1463.4968825799074,False,,,,,,,,,,,,,,,,,,6334.74043604629,False,True,0.0,Low,No Mining History (Barren Country Rock Control),Bharveli West Footwall Baseline,1656.3,GRID_BHARVELI_COMB_11_02,96.38863096080765,REAL
MASTER_22_03,22,3,21.865487,80.201053,3157.025635,303.112335,0,894,0.09,0.089202,0.120797,0.142115,0.280798,0.285104,0.204521,0.077958,0.101662,0.075974,0.226706,0.148377,0.083726,0.14788,0.040849,0.135844,0.020909,0.333883,-0.39776,-0.400243,0.064467,0.710893,1.020564,1.571417,5.221491,0.495907,-0.378326,-0.182163,-0.152909,0.563239,0.656154,0.972484,11.075938,0.162024,0.019434,0.21808,-0.217377,-0.147654,-0.364409,-0.598932,-0.012037,-0.019939,5.804611,-0.054092,-0.136726,0.539834,0.6256,0.43995,0.152125,1,sparse_vegetation,grade_B_blast_furnace_25to44,25-44% Mn (BF + Medium grade),0.238,38.82,1625.07,1432.68,104.75,293.23,736.99,4.46,6,0.2525,0.5004,0.1417,0.126,30.03,48.93,0.434,GRID_300M_22_03,142.03295965281148,7.5,7.5,7.6,7.6,7.7,7.8,40.2,41.5,42.6,45.9,44.3,45.6,19.0,18.5,17.7,16.6,17.6,17.8,40.9,40.0,39.7,37.6,38.0,36.6,15.9,10.9,6.3,5.9,3.9,3.4,1.55,1.56,1.61,1.63,1.64,1.63,29.6,30.3,30.2,30.1,29.9,29.9,12.7,12.0,14.1,16.0,16.6,16.5,29,MB300-0554,3.727491592202198,,,,,,,,,1167.1413579654368,False,,,,,,,,,,,,,,,,,,6338.411944457733,False,True,0.0,Low,No Mining History (Barren Country Rock Control),Bharveli West Footwall Baseline,1731.9,GRID_BHARVELI_COMB_11_03,100.20991065977928,REAL
MASTER_22_04,22,4,21.865481,80.203947,2911.497803,306.306824,0,881,0.09,0.084111,0.112501,0.124079,0.264986,0.262935,0.194617,0.081909,0.105168,0.083475,0.234936,0.171816,0.109951,0.186709,0.037457,0.254011,0.033452,0.373667,-0.406938,-0.397932,0.040865,0.724789,0.991252,1.451437,7.317742,0.478183,-0.379225,-0.226425,-0.118103,0.61891,0.727556,1.005957,11.272695,0.104516,0.027712,0.171508,-0.158968,-0.105878,-0.263696,-0.44548,0.067302,-0.004005,3.912255,-0.03005,-0.091119,0.509474,0.6198,0.408881,0.115778,1,sparse_vegetation,grade_B_blast_furnace_25to44,25-44% Mn (BF + Medium grade),0.266,38.82,1625.07,1432.68,104.75,293.23,736.99,4.46,6,0.2525,0.5004,0.1417,0.126,30.03,48.93,0.434,GRID_300M_22_04,140.92588193753946,7.4,7.5,7.5,7.6,7.7,7.7,39.1,40.6,42.0,45.0,43.3,44.7,19.4,18.9,17.8,16.8,17.9,18.0,41.5,40.5,40.2,38.2,38.8,37.3,15.3,10.7,6.7,5.4,3.9,2.7,1.54,1.56,1.61,1.63,1.64,1.64,29.6,30.2,30.3,30.0,29.8,29.9,12.5,11.8,13.3,15.3,16.4,16.7,29,MB300-0555,1.6467536351679262,,,,,,,,,875.7148425456342,False,,,,,,,,,,,,,,,,,,6334.731608777624,False,True,0.0,Low,No Mining History (Barren Country Rock Control),Bharveli West Footwall Baseline,1853.6,GRID_BHARVELI_COMB_11_04,98.94386447052248,REAL
MASTER_22_05,22,5,21.865506,80.206819,2680.571289,310.102692,0,878,0.09,0.086039,0.115637,0.134744,0.257385,0.282812,0.211676,0.08042,0.104681,0.082692,0.229725,0.169502,0.098916,0.17789,0.041543,0.167574,0.026839,0.319865,-0.380901,-0.415052,0.08951,0.738871,1.09715,1.547363,6.314125,0.465975,-0.368679,-0.22807,-0.105894,0.579774,0.743628,1.023019,10.72189,0.14611,0.012222,0.186982,-0.195404,-0.159097,-0.353523,-0.524344,-0.010316,-0.014704,4.378414,-0.02766,-0.11331,0.540456,0.6156,0.417874,0.185649,1,sparse_vegetation,grade_B_blast_furnace_25to44,25-44% Mn (BF + Medium grade),0.219,36.82,1625.07,1432.68,104.75,293.23,736.99,4.46,6,0.2525,0.5004,0.1417,0.126,30.03,48.93,0.434,GRID_300M_22_05,142.41516489805946,7.4,7.5,7.5,7.6,7.7,7.7,38.2,39.7,40.8,44.3,42.6,43.9,19.9,19.3,18.5,17.3,18.3,18.5,41.9,41.0,40.7,38.4,39.0,37.6,14.6,10.1,6.6,5.8,3.8,3.0,1.54,1.56,1.6,1.62,1.63,1.63,29.3,30.0,30.0,29.8,29.7,29.7,13.0,12.9,14.7,16.4,17.1,17.0,29,MB300-0556,2.4300872042124486,,,,,,,,,595.3370177563122,False,,,,,,,,,,,,,,,,,,6335.665564831757,False,True,0.0,Low,No Mining History (Barren Country Rock Control),Bharveli West Footwall Baseline,2013.0,GRID_BHARVELI_COMB_11_05,99.7523605263435,REAL
MASTER_22_06,22,6,21.865495,80.209718,2458.762207,314.569794,0,894,0.09,0.107333,0.143156,0.180908,0.269869,0.346843,0.287005,0.085527,0.105655,0.08849,0.185864,0.141184,0.085859,0.139509,0.022246,0.155036,0.025107,0.201862,-0.308046,-0.415842,0.162889,0.823033,1.286067,1.673052,9.116294,0.356219,-0.271528,-0.113979,-0.099292,0.587512,0.743726,1.023567,9.216882,0.154358,0.036518,0.301863,-0.262181,-0.23552,-0.54234,-0.649485,0.015527,0.002861,0.074126,-0.084005,-0.205659,0.578729,0.6248,0.483639,0.45302,1,waterlogged,grade_B_blast_furnace_25to44,25-44% Mn (BF + Medium grade),0.176,36.82,1625.07,1432.68,104.75,293.23,736.99,4.46,6,0.2525,0.5004,0.1417,0.126,30.03,48.93,0.434,GRID_300M_22_06,140.9712450127573,7.4,7.4,7.4,7.5,7.6,7.6,37.2,38.4,40.0,43.9,42.4,43.9,21.0,20.5,19.2,17.6,18.6,18.7,41.9,41.1,40.7,38.5,39.0,37.4,14.7,11.5,7.1,5.8,4.4,3.6,1.54,1.54,1.58,1.61,1.62,1.62,29.2,30.3,30.2,30.3,30.1,30.1,13.8,14.2,17.0,18.1,18.3,17.8,29,MB300-0557,2.389910401514011,,,,,,,,,338.89241265662037,False,,,,,,,,,,,,,,,,,,6339.752069228256,False,True,0.0,Low,No Mining History (Barren Country Rock Control),Bharveli West Footwall Baseline,2201.9,GRID_BHARVELI_COMB_11_06,98.25087772785422,REAL
MASTER_22_07,22,7,21.865493,80.212631,2254.691162,319.925079,0,891,0.09,0.096601,0.127007,0.1585,0.252986,0.322311,0.25365,0.139613,0.155077,0.129432,0.282442,0.206875,0.127873,0.127746,0.018625,0.16376,0.024001,0.232423,-0.331495,-0.434832,0.156121,0.783843,1.278421,1.631094,11.278716,0.395867,-0.307296,-0.149623,-0.124665,0.604385,0.721262,0.924042,11.818804,0.163443,0.024199,0.285209,-0.280786,-0.179459,-0.557159,-0.707052,0.036014,0.005376,0.604533,0.029456,-0.115436,0.574247,0.6316,0.473971,0.377104,1,built_up,grade_B_blast_furnace_25to44,25-44% Mn (BF + Medium grade),0.205,36.82,1625.07,1432.68,104.75,293.23,736.99,4.46,6,0.2525,0.5004,0.1417,0.126,30.03,48.93,0.434,GRID_300M_22_07,140.87995261072888,7.3,7.4,7.4,7.5,7.5,7.6,37.2,38.5,41.4,45.6,44.0,45.3,21.5,21.0,19.2,17.4,18.3,18.7,41.2,40.5,39.4,37.0,37.7,36.0,14.9,11.3,7.2,5.7,3.8,3.1,1.53,1.54,1.57,1.59,1.61,1.61,29.1,30.5,30.3,30.7,30.3,30.3,14.1,14.2,17.2,18.1,17.8,17.6,29,MB300-0558,3.006131730900267,,,,,,,,,235.19764434319254,False,,,,,,,,,,,,,,,,,,6359.089089563183,False,True,0.0,Low,Historical Open Pit & Active Mining Lease (High Grade),Bharveli Main Shaft & Central Pit,2217.7,GRID_BHARVELI_COMB_11_07,98.22223189246183,REAL
MASTER_22_08,22,8,21.865507,80.215561,2074.534668,326.346344,0,897,0.09,0.100687,0.133157,0.167111,0.293278,0.379805,0.295794,0.101368,0.117001,0.087896,0.256018,0.146006,0.083082,0.137472,0.031524,0.149954,0.027051,0.277556,-0.375639,-0.481626,0.161322,0.77723,1.303155,1.649227,6.217277,0.485724,-0.365944,-0.093136,-0.217044,0.560342,0.561346,0.861903,9.587656,0.208168,0.009695,0.38849,-0.378366,-0.216889,-0.741808,-0.787324,0.012481,-0.004473,3.340893,-0.037261,-0.233799,0.573707,0.6367,0.527606,0.231884,1,sparse_vegetation,grade_B_blast_furnace_25to44,25-44% Mn (BF + Medium grade),0.23,39.16,1625.07,1432.68,104.75,293.23,736.99,4.46,6,0.2525,0.5004,0.1417,0.126,30.03,48.93,0.434,GRID_300M_22_08,143.05087956435955,7.3,7.3,7.4,7.4,7.4,7.5,37.9,38.9,42.5,45.9,44.4,45.3,21.9,21.3,19.4,17.7,18.6,19.1,40.2,39.8,38.2,36.4,37.0,35.7,15.2,11.7,7.2,5.9,3.8,3.0,1.54,1.54,1.57,1.59,1.61,1.61,29.0,30.4,30.2,30.3,29.9,30.0,14.5,14.9,17.7,18.8,18.8,18.1,29,MB300-0559,3.1854486299257343,,,,,,,,,235.80345086018653,False,,,,,,,,,,,,,,,,,,6394.5564622156935,False,True,0.0,Low,Historical Open Pit & Active Mining Lease (High Grade),Bharveli Main Shaft & Central Pit,2027.7,GRID_BHARVELI_COMB_11_08,100.60390486080371,REAL
MASTER_22_09,22,9,21.865575,80.218453,1932.216309,333.846558,0,902,0.09,0.10686,0.142105,0.178628,0.303376,0.393015,0.321424,0.109936,0.132564,0.107485,0.317449,0.239166,0.154233,0.157618,0.02391,0.249483,0.0352,0.264996,-0.363935,-0.469702,0.160803,0.815702,1.298918,1.660577,9.776203,0.496217,-0.410241,-0.278325,-0.112431,0.628204,0.758472,0.974302,11.097777,0.231221,-0.046306,0.191377,-0.273234,-0.187498,-0.540446,-0.686275,0.091864,0.01129,1.283729,0.014073,-0.153849,0.569799,0.6507,0.419172,0.289357,1,sparse_vegetation,grade_B_blast_furnace_25to44,25-44% Mn (BF + Medium grade),0.212,39.16,1625.07,1432.68,104.75,293.23,736.99,4.46,6,0.2525,0.5004,0.1417,0.126,30.03,48.93,0.434,GRID_300M_22_09,149.79840258041529,7.3,7.3,7.4,7.4,7.4,7.5,38.1,39.0,42.3,45.8,44.2,45.1,22.0,21.5,19.7,17.9,18.9,19.4,39.9,39.5,38.0,36.3,36.9,35.5,15.6,11.0,7.5,6.0,3.7,3.4,1.54,1.54,1.58,1.6,1.61,1.61,29.4,30.6,30.4,30.5,30.1,30.2,14.9,15.4,18.5,19.1,18.9,18.5,29,MB300-0560,3.254627508167913,,,,,,,,,241.40270250268384,False,,,,,,,,,,,,,,,,,,6449.267955380717,False,True,0.0,Low,Historical Open Pit & Active Mining Lease (High Grade),Bharveli Main Shaft & Central Pit,1866.8,GRID_BHARVELI_COMB_11_09,106.77011025980526,REAL
MASTER_22_10,22,10,21.865593,80.221371,1821.776123,342.39212,0,886,0.09,0.125264,0.169312,0.219683,0.327306,0.454085,0.375971,0.099911,0.125939,0.102379,0.268781,0.186442,0.107314,0.114217,0.015672,0.130354,0.020958,0.198402,-0.31885,-0.457399,0.19635,0.828771,1.389202,1.751957,10.422967,0.447147,-0.360398,-0.187136,-0.122178,0.576091,0.693126,1.023349,10.231715,0.248745,-0.041548,0.270264,-0.318528,-0.252679,-0.696076,-0.728608,0.016137,0.005286,-0.173307,-0.058525,-0.267643,0.598839,0.6318,0.467297,0.503386,1,built_up,grade_B_blast_furnace_25to44,25-44% Mn (BF + Medium grade),0.2,38.87,1625.07,1432.68,104.75,293.23,736.99,4.46,6,0.2525,0.5004,0.1417,0.126,30.03,48.93,0.434,GRID_300M_22_10,152.0128516224608,7.2,7.3,7.3,7.3,7.4,7.4,37.9,38.8,41.8,45.8,44.4,45.3,21.3,20.7,19.3,17.6,18.8,19.4,40.8,40.4,39.0,36.5,36.8,35.4,16.4,11.0,7.9,6.1,3.8,3.5,1.53,1.54,1.57,1.6,1.61,1.62,29.7,30.9,30.7,30.8,30.4,30.5,13.9,14.3,17.8,19.0,18.9,18.7,29,MB300-0561,4.263705255435082,,,,,,,,,242.29182316138716,False,,,,,,,,,,,,,,,,,,6512.42301271126,False,True,0.0,Low,Historical Open Pit & Active Mining Lease (High Grade),Bharveli Main Shaft & Central Pit,1743.0,GRID_BHARVELI_COMB_11_10,108.97810920886877,REAL
MASTER_22_11,22,11,21.865576,80.224289,1752.43103,351.783356,0,879,0.09,0.12705,0.169672,0.218356,0.335949,0.459558,0.374593,0.091678,0.121603,0.100699,0.28717,0.208832,0.121707,0.098841,0.015361,0.138646,0.024973,0.214521,-0.330096,-0.461552,0.187729,0.814614,1.368385,1.715553,12.202639,0.477711,-0.40166,-0.253879,-0.103239,0.580628,0.725333,1.095162,9.749996,0.26319,-0.071564,0.207673,-0.290968,-0.233986,-0.643052,-0.620391,0.039805,0.009611,-2.325678,-0.048779,-0.250726,0.591811,0.6337,0.431839,0.492605,1,built_up,grade_B_blast_furnace_25to44,25-44% Mn (BF + Medium grade),0.198,38.87,1625.07,1432.68,104.75,293.23,736.99,4.46,6,0.2525,0.5004,0.1417,0.126,30.03,48.93,0.434,GRID_300M_22_11,150.47040657093743,7.2,7.2,7.2,7.2,7.3,7.3,38.1,39.7,40.9,45.7,44.6,45.3,20.6,19.6,19.0,17.3,18.5,19.3,41.3,40.7,40.0,36.9,36.9,35.4,17.2,11.4,8.5,6.1,3.9,3.5,1.52,1.54,1.58,1.6,1.62,1.62,29.7,30.5,30.5,30.4,30.3,30.1,18.5,18.3,20.7,22.9,23.3,23.8,29,MB300-0562,3.4259568170923935,,,,,,,,,239.2681119327701,False,,,,,,,,,,,,,,,,,,6585.029319826048,False,True,0.0,Low,Historical Open Pit & Active Mining Lease (High Grade),Bharveli Main Shaft & Central Pit,1664.7,GRID_BHARVELI_COMB_11_11,107.65818361839833,REAL
MASTER_22_12,22,12,21.865602,80.227128,1737.935791,1.386776,0,846,0.09,0.117088,0.161311,0.218166,0.324181,0.444274,0.373479,0.089546,0.121989,0.105969,0.317607,0.257797,0.15687,0.088579,0.015244,0.151846,0.028504,0.202221,-0.337437,-0.468538,0.197645,0.837705,1.371995,1.855786,10.797314,0.498639,-0.441728,-0.342572,-0.06406,0.599937,0.80532,1.178959,8.82101,0.296418,-0.10429,0.125966,-0.261705,-0.237767,-0.566675,-0.676827,0.063268,0.01326,-1.842403,-0.006574,-0.186476,0.61114,0.7048,0.386234,0.492908,1,built_up,grade_B_blast_furnace_25to44,25-44% Mn (BF + Medium grade),0.218,38.87,1625.07,1432.68,104.75,293.23,736.99,4.46,6,0.2525,0.5004,0.1417,0.126,30.03,48.93,0.434,GRID_300M_22_12,151.33592038211737,7.0,7.1,7.1,7.1,7.2,7.2,38.8,40.5,41.5,46.3,45.3,45.8,21.2,20.1,19.3,17.3,18.6,19.1,40.0,39.4,39.1,36.4,36.1,35.0,20.6,12.7,9.4,6.3,3.9,3.5,1.5,1.52,1.56,1.6,1.61,1.62,30.0,30.7,30.7,30.5,30.6,30.3,21.3,21.5,22.5,25.1,26.9,27.8,29,MB300-0563,3.612120594994737,,,,,,,,,239.10522450642975,False,,,,,,,,,,,,,,,,,,6627.548855748825,False,True,0.0,Low,Historical Open Pit & Active Mining Lease (High Grade),Bharveli Main Shaft & Central Pit,1638.5,GRID_BHARVELI_COMB_11_12,107.63259417015146,REAL
MASTER_22_13,22,13,21.865589,80.230039,1769.289307,11.143617,0,886,0.09,0.101688,0.135387,0.167285,0.298024,0.391808,0.313496,0.093251,0.120917,0.091395,0.330434,0.242268,0.13513,0.066887,0.015884,0.122407,0.026912,0.285581,-0.375592,-0.485308,0.162905,0.797149,1.316405,1.638352,6.908128,0.565912,-0.458634,-0.309352,-0.132768,0.542034,0.723165,0.972524,7.586478,0.280331,-0.083041,0.175956,-0.295672,-0.255115,-0.59324,-0.665829,0.055519,0.011027,0.702256,0.032409,-0.14954,0.568173,0.6751,0.411529,0.224605,1,sparse_vegetation,grade_B_blast_furnace_25to44,25-44% Mn (BF + Medium grade),0.224,38.87,1625.07,1432.68,104.75,293.23,736.99,4.46,6,0.2525,0.5004,0.1417,0.126,30.03,48.93,0.434,GRID_300M_22_13,150.01030732296982,6.6,6.6,6.6,6.7,6.8,6.9,39.9,41.3,42.5,46.6,45.5,45.8,20.5,19.8,19.0,17.2,18.4,18.9,39.6,38.8,38.5,36.3,36.1,35.3,25.3,17.4,11.1,7.5,4.2,3.7,1.46,1.48,1.51,1.56,1.57,1.58,30.6,31.2,31.1,31.1,31.2,31.1,21.6,21.5,22.8,24.8,26.9,28.3,29,MB300-0564,2.7656018877874833,,,,,,,,,236.4501242046266,False,,,,,,,,,,,,,,,,,,6624.549994114108,False,True,0.0,Low,Historical Open Pit & Active Mining Lease (High Grade),Bharveli Main Shaft & Central Pit,1666.7,GRID_BHARVELI_COMB_11_13,106.38058404838358,REAL
MASTER_22_14,22,14,21.865585,80.232948,1850.250977,20.290981,0,899,0.09,0.074081,0.101226,0.102792,0.266458,0.294811,0.218998,0.109247,0.131266,0.095207,0.387806,0.247416,0.128644,0.212077,0.050779,0.392139,0.06741,0.443912,-0.44754,-0.486787,0.073076,0.736115,1.120542,1.37582,5.725589,0.624414,-0.507175,-0.328091,-0.193568,0.509943,0.639488,0.852283,7.36434,0.180502,-0.059635,0.158696,-0.266644,-0.226171,-0.481053,-0.523537,0.180062,0.016631,1.633653,0.121348,-0.047396,0.4975,0.6085,0.398249,0.008899,0,sparse_vegetation,grade_B_blast_furnace_25to44,25-44% Mn (BF + Medium grade),0.418,38.44,1625.07,1432.68,104.75,293.23,736.99,4.46,6,0.2525,0.5004,0.1417,0.126,30.03,48.93,0.434,GRID_300M_22_14,149.60500114964302,6.3,6.3,6.3,6.4,6.5,6.6,40.7,41.8,43.1,46.5,45.4,45.7,19.8,19.4,18.5,17.0,18.2,18.6,39.6,38.7,38.4,36.6,36.4,35.7,27.8,20.5,12.5,8.2,4.4,3.9,1.44,1.45,1.48,1.55,1.56,1.57,31.1,31.6,31.5,31.5,31.5,31.7,21.8,21.2,22.7,24.6,26.4,28.2,29,MB300-0565,3.7256761919489745,,,,,,,,,234.60488800755033,False,,,,,,,,,,,,,,,,,,6619.395539655678,False,True,0.0,Low,Historical Open Pit & Active Mining Lease (High Grade),Bharveli Main Shaft & Central Pit,1746.7,GRID_BHARVELI_COMB_11_14,105.9632014424881,REAL
MASTER_22_15,22,15,21.865627,80.235864,1978.812134,28.428345,0,916,0.09,0.08393,0.108112,0.11658,0.270843,0.305775,0.221825,0.065526,0.0927,0.051566,0.419058,0.220894,0.095612,0.200995,0.048068,0.384157,0.076838,0.397348,-0.427893,-0.475869,0.084557,0.721939,1.142339,1.385562,5.373975,0.781019,-0.638017,-0.409616,-0.280106,0.43256,0.527657,0.787831,6.613975,0.383671,-0.210124,0.066252,-0.364663,-0.28938,-0.614682,-0.597732,0.183162,0.028769,1.232246,0.148215,-0.084881,0.510577,0.5829,0.372418,0.017467,0,sparse_vegetation,grade_B_blast_furnace_25to44,25-44% Mn (BF + Medium grade),0.46,38.44,1625.07,1432.68,104.75,293.23,736.99,4.46,6,0.2525,0.5004,0.1417,0.126,30.03,48.93,0.434,GRID_300M_22_15,154.3131722709193,6.3,6.3,6.3,6.4,6.5,6.6,42.0,43.4,44.3,47.1,46.0,46.2,19.5,19.0,18.2,17.0,18.3,19.0,38.4,37.6,37.6,35.9,35.7,34.8,29.1,21.6,13.6,7.4,5.0,4.3,1.45,1.46,1.48,1.54,1.55,1.56,32.0,32.2,32.0,31.8,32.0,32.3,23.1,23.3,23.8,26.4,26.6,28.6,29,MB300-0566,0.5166122512891889,,,,,,,,,238.0488455463959,False,,,,,,,,,,,,,,,,,,6625.278024993798,False,True,0.0,Low,Historical Open Pit & Active Mining Lease (High Grade),Bharveli Main Shaft & Central Pit,1872.0,GRID_BHARVELI_COMB_11_15,110.63639052112967,REAL
MASTER_22_16,22,16,21.865673,80.23878,2142.30835,35.448624,0,900,0.09,0.073,0.096642,0.104044,0.252884,0.286097,0.207155,0.053906,0.079868,0.04327,0.393138,0.217663,0.094783,0.466791,0.106986,1.47514,0.388406,0.412403,-0.442629,-0.493779,0.088849,0.720425,1.158107,1.420585,5.793163,0.8013,-0.661972,-0.463169,-0.262447,0.435456,0.554663,0.80322,5.304253,0.388897,-0.219343,0.030609,-0.351297,-0.284969,-0.603444,-0.617365,1.008349,0.28142,-0.488909,0.140254,-0.068434,0.515059,0.5869,0.350262,0.025556,0,sparse_vegetation,grade_B_blast_furnace_25to44,25-44% Mn (BF + Medium grade),0.557,36.47,1625.07,1432.68,104.75,293.23,736.99,4.46,6,0.2525,0.5004,0.1417,0.126,30.03,48.93,0.434,GRID_300M_23_16,150.96859880700578,6.6,6.6,6.7,6.7,6.8,6.9,43.2,44.4,45.4,47.7,46.3,46.6,19.3,18.8,18.0,17.0,18.3,18.9,37.5,36.8,36.6,35.4,35.5,34.5,28.4,19.0,13.0,7.9,5.4,4.7,1.46,1.47,1.5,1.54,1.57,1.57,34.0,34.0,33.6,33.3,33.7,34.4,23.7,23.7,23.9,26.4,26.6,28.4,29,MB300-0567,3.6349215577812246,,,,,,,,,241.81991643285738,False,,,,,,,,,,,,,,,,,,6629.954357236716,False,True,0.0,Low,Unmined Exploratory Target (Core Borehole Intercept),Manegaon Northern Strike Extension,1883.9,GRID_BHARVELI_COMB_11_16,115.70086085932036,REAL
MASTER_22_17,22,17,21.865672,80.241697,2329.482666,41.481056,0,900,0.09,0.069773,0.099417,0.101797,0.265176,0.291898,0.216092,0.056603,0.082751,0.048803,0.369156,0.223417,0.104615,0.221774,0.053237,0.413381,0.083107,0.44634,-0.453663,-0.490627,0.076643,0.733824,1.110243,1.447428,5.907153,0.766436,-0.633768,-0.459804,-0.220397,0.467342,0.60589,0.860307,6.479227,0.320095,-0.180105,0.030823,-0.29704,-0.266482,-0.504352,-0.587121,0.191607,0.029869,0.584923,0.103979,-0.068481,0.508152,0.5949,0.340916,0.007778,0,sparse_vegetation,grade_B_blast_furnace_25to44,25-44% Mn (BF + Medium grade),0.635,35.89,1625.07,1432.68,104.75,293.23,736.99,4.46,6,0.2525,0.5004,0.1417,0.126,30.03,48.93,0.434,GRID_300M_23_17,151.31919457409333,7.0,7.0,7.1,7.0,7.1,7.1,42.3,43.6,45.1,48.0,46.7,46.7,20.2,19.5,18.7,17.2,18.5,19.2,37.5,36.9,36.2,34.8,34.8,34.1,25.9,17.0,12.9,8.0,5.5,4.7,1.44,1.46,1.49,1.53,1.56,1.56,31.1,31.2,30.9,30.8,31.2,31.7,23.4,24.0,24.8,26.5,27.5,29.4,16,MB300-0568,2.953466155329203,,,,,,,,,240.60451895975166,False,,,,,,,,,,,,,,,,,,6629.841630256538,False,True,0.0,Low,Unmined Exploratory Target (Core Borehole Intercept),Manegaon Northern Strike Extension,1797.5,GRID_BHARVELI_COMB_11_17,115.90924559558107,REAL
MASTER_22_18,22,18,21.865677,80.244604,2538.180664,46.546635,0,886,0.09,0.092537,0.127916,0.163447,0.274716,0.382632,0.315452,0.072099,0.1019,0.081802,0.320595,0.246061,0.140101,0.098678,0.020603,0.425083,0.053015,0.263127,-0.366971,-0.50015,0.192326,0.822874,1.394528,1.746589,8.644055,0.588621,-0.510018,-0.408657,-0.094361,0.562434,0.777962,1.106198,9.877568,0.325493,-0.143047,0.091494,-0.286686,-0.26044,-0.616565,-0.640391,0.326406,0.032413,1.224554,0.04588,-0.136571,0.589838,0.6849,0.366027,0.277652,1,sparse_vegetation,grade_B_blast_furnace_25to44,25-44% Mn (BF + Medium grade),0.553,35.89,1625.07,1432.68,104.75,293.23,736.99,4.46,6,0.2525,0.5004,0.1417,0.126,30.03,48.93,0.434,GRID_300M_23_18,150.75508375945444,7.0,7.1,7.1,7.1,7.1,7.2,40.0,41.3,43.7,46.7,45.7,45.6,20.9,20.1,19.0,17.4,18.8,19.4,39.1,38.6,37.3,35.8,35.6,35.0,23.5,15.9,12.3,7.3,5.4,4.6,1.45,1.47,1.5,1.55,1.57,1.57,30.1,30.4,30.2,30.2,30.4,30.5,22.9,23.2,24.1,26.2,27.4,29.5,29,MB300-0569,2.6744846430715348,,,,,,,,,425.967970629102,False,,,,,,,,,,,,,,,,,,6630.403458163751,False,True,0.0,Low,Unmined Exploratory Target (Core Borehole Intercept),Manegaon Northern Strike Extension,1758.6,GRID_BHARVELI_COMB_11_18,116.3628488234743,REAL
MASTER_22_19,22,19,21.86567,80.247489,2761.031982,50.804691,0,866,0.09,0.103385,0.141405,0.184267,0.294415,0.407078,0.332397,0.086779,0.110327,0.091235,0.263386,0.197748,0.116229,0.117365,0.0211,0.216108,0.039065,0.231764,-0.351041,-0.485009,0.195461,0.816224,1.390308,1.780133,8.550636,0.486203,-0.406339,-0.269548,-0.1043,0.578924,0.743388,1.053068,8.825787,0.254438,-0.055298,0.215461,-0.299761,-0.237299,-0.64692,-0.727065,0.098743,0.017966,0.272209,-0.031029,-0.209329,0.600465,0.6791,0.431256,0.445727,1,sparse_vegetation,grade_B_blast_furnace_25to44,25-44% Mn (BF + Medium grade),0.313,35.89,1625.07,1432.68,104.75,293.23,736.99,4.46,6,0.2525,0.5004,0.1417,0.126,30.03,48.93,0.434,GRID_300M_23_19,150.8729045702947,7.1,7.1,7.2,7.1,7.2,7.2,37.7,39.4,42.2,46.3,45.1,45.6,21.3,20.5,19.2,17.3,18.7,19.3,41.0,40.1,38.7,36.4,36.3,35.1,19.5,13.2,10.0,6.5,4.2,3.2,1.46,1.47,1.52,1.56,1.57,1.57,30.2,30.7,30.5,30.5,30.6,30.8,19.4,20.9,22.4,24.0,25.0,26.7,18,MB300-0570,1.372504376956914,,,,,,,,,694.1431352846386,False,,,,,,,,,,,,,,,,,,6630.196618496449,False,True,0.0,Low,Unmined Exploratory Target (Core Borehole Intercept),Manegaon Northern Strike Extension,1770.5,GRID_BHARVELI_COMB_11_19,114.84443721588076,REAL
MASTER_22_20,22,20,21.865674,80.250356,2995.992188,54.369667,0,890,0.09,0.106852,0.141461,0.180424,0.296288,0.409147,0.33248,0.111809,0.131344,0.108372,0.276222,0.199003,0.119013,0.105166,0.016629,0.156172,0.027937,0.244354,-0.353533,-0.486793,0.187398,0.811991,1.387275,1.685043,10.212362,0.44013,-0.356189,-0.20243,-0.120234,0.593391,0.718489,0.968941,8.777906,0.195776,-0.002656,0.284363,-0.307632,-0.2186,-0.668786,-0.716102,0.051006,0.011308,-1.369946,-0.020065,-0.210144,0.584433,0.6344,0.465097,0.329213,1,sparse_vegetation,grade_B_blast_furnace_25to44,25-44% Mn (BF + Medium grade),0.316,35.89,1625.07,1432.68,104.75,293.23,736.99,4.46,6,0.2525,0.5004,0.1417,0.126,30.03,48.93,0.434,GRID_300M_23_20,149.44469783839227,7.1,7.2,7.2,7.2,7.3,7.3,36.6,38.4,41.8,45.4,44.1,45.0,20.9,20.0,18.4,17.2,18.4,19.2,42.5,41.6,39.8,37.4,37.4,35.7,18.8,12.7,9.4,6.2,4.2,3.5,1.49,1.51,1.56,1.6,1.61,1.61,30.0,30.6,30.4,30.4,30.5,30.7,17.7,18.7,21.7,22.7,22.2,23.6,29,MB300-0571,3.8163900299807123,,,,,,,,,978.2474516798159,False,,,,,,,,,,,,,,,,,,6627.657181880451,False,True,0.0,Low,Unmined Exploratory Target (Core Borehole Intercept),Manegaon Northern Strike Extension,1832.2,GRID_BHARVELI_COMB_11_20,113.95171738320349,REAL
MASTER_22_21,22,21,21.865667,80.253266,3243.940186,57.467163,0,893,0.09,0.115634,0.154567,0.19788,0.306892,0.413906,0.346172,0.129647,0.147159,0.126208,0.260745,0.197664,0.127217,0.085492,0.013948,0.188371,0.034108,0.220093,-0.331417,-0.458463,0.182987,0.835878,1.357222,1.704279,9.786249,0.361543,-0.28476,-0.139711,-0.104462,0.622495,0.743194,0.97682,7.844452,0.14145,0.046658,0.318751,-0.287449,-0.213383,-0.614029,-0.727459,0.102879,0.02016,-1.893312,-0.046147,-0.216242,0.584372,0.654,0.485393,0.468085,1,sparse_vegetation,grade_B_blast_furnace_25to44,25-44% Mn (BF + Medium grade),0.244,36.26,1625.07,1432.68,104.75,293.23,736.99,4.46,6,0.2525,0.5004,0.1417,0.126,30.03,48.93,0.434,GRID_300M_23_21,150.25036908317952,7.1,7.2,7.2,7.3,7.3,7.4,36.5,38.4,41.3,44.9,43.7,44.7,20.7,19.7,18.2,17.1,18.3,19.1,42.8,41.9,40.5,38.0,37.9,36.2,18.5,12.4,8.4,5.9,4.1,3.6,1.51,1.53,1.57,1.61,1.63,1.63,30.0,30.5,30.5,30.5,30.6,30.7,16.8,17.9,21.1,22.1,21.3,22.9,29,MB300-0572,5.096717808190082,,,,,,,,,1272.0527579957206,False,,,,,,,,,,,,,,,,,,6622.951543871786,False,True,0.0,Low,Unmined Exploratory Target (Core Borehole Intercept),Manegaon Northern Strike Extension,1938.8,GRID_BHARVELI_COMB_11_21,113.23490488560942,REAL
MASTER_22_22,22,22,21.865757,80.256182,3505.914795,59.970455,0,895,0.09,0.109057,0.146185,0.176783,0.298657,0.381275,0.310014,0.176833,0.196161,0.17306,0.333274,0.281144,0.190775,0.091427,0.014949,0.167251,0.028653,0.251668,-0.332444,-0.432477,0.151694,0.811067,1.275936,1.609177,8.711198,0.336905,-0.275266,-0.192629,-0.061321,0.666408,0.84353,1.002243,8.478844,0.085237,0.057178,0.239849,-0.213015,-0.14466,-0.432407,-0.606935,0.075825,0.013703,-0.188901,0.034618,-0.100132,0.562697,0.6345,0.441945,0.253631,1,sparse_vegetation,grade_B_blast_furnace_25to44,25-44% Mn (BF + Medium grade),0.279,36.26,1625.07,1432.68,104.75,293.23,736.99,4.46,6,0.2525,0.5004,0.1417,0.126,30.03,48.93,0.434,GRID_300M_23_22,140.69809322776948,7.2,7.2,7.2,7.3,7.4,7.4,36.8,38.7,41.7,45.3,43.9,44.8,21.6,20.7,19.0,16.8,18.0,18.5,41.6,40.6,39.3,37.8,38.1,36.7,17.7,11.7,8.2,5.5,3.6,3.1,1.51,1.53,1.57,1.6,1.62,1.62,30.9,31.5,31.5,31.5,31.6,31.7,16.5,17.1,20.2,20.6,19.2,19.5,29,MB300-0573,4.272772158987423,,,,,,,,,1570.713820845215,False,,,,,,,,,,,,,,,,,,6634.737806660681,False,True,0.0,Low,Unmined Exploratory Target (Core Borehole Intercept),Manegaon Northern Strike Extension,2083.4,GRID_BHARVELI_COMB_11_22,123.08439848606817,REAL
MASTER_22_23,22,23,21.865767,80.2591,3769.834961,62.242416,0,888,0.09,0.128242,0.173785,0.225462,0.344812,0.456903,0.384719,0.091439,0.121333,0.099561,0.291217,0.231692,0.140892,0.072194,0.010577,0.163767,0.028708,0.211043,-0.33045,-0.449762,0.180944,0.841917,1.328432,1.75561,10.529441,0.487564,-0.407376,-0.305656,-0.075471,0.602836,0.79669,1.081244,8.780139,0.276521,-0.076926,0.144105,-0.256415,-0.239081,-0.531741,-0.674367,0.091572,0.018132,-1.697977,-0.053595,-0.225212,0.590552,0.6467,0.398747,0.472973,1,built_up,grade_B_blast_furnace_25to44,25-44% Mn (BF + Medium grade),0.336,36.85,1625.07,1432.68,104.75,293.23,736.99,4.46,6,0.2525,0.5004,0.1417,0.126,30.03,48.93,0.434,GRID_300M_23_23,139.84922895287409,7.2,7.2,7.3,7.3,7.4,7.5,36.8,38.5,42.0,45.5,44.1,45.1,21.2,20.3,18.5,16.3,17.6,18.1,42.1,41.1,39.5,38.1,38.3,36.9,16.7,10.8,8.1,5.5,3.4,2.6,1.52,1.54,1.58,1.62,1.63,1.63,30.3,30.6,30.8,30.8,30.8,31.0,15.6,15.7,18.5,20.0,19.7,20.4,29,MB300-0574,3.6866140065289708,,,,,,,,,1869.28919294519,False,,,,,,,,,,,,,,,,,,6635.4108788880085,False,True,0.0,Low,Unmined Exploratory Target (Core Borehole Intercept),Manegaon Northern Strike Extension,2258.9,GRID_BHARVELI_COMB_11_23,124.40995762775091,REAL
MASTER_22_24,22,24,21.865761,80.261725,4010.770508,64.050415,0,720,0.09,0.110285,0.144012,0.176793,0.293515,0.371269,0.313871,0.099692,0.123958,0.113064,0.277961,0.262049,0.191322,0.15885,0.02703,0.355201,0.04354,0.25136,-0.342026,-0.442184,0.149894,0.84468,1.270892,1.599015,8.383719,0.430403,-0.385152,-0.35247,-0.015644,0.708476,0.950467,1.114716,10.846462,0.179043,-0.043125,0.089714,-0.165537,-0.136205,-0.320425,-0.484299,0.196351,0.01651,2.518657,-0.015554,-0.109219,0.554737,0.6252,0.359902,0.348611,1,sparse_vegetation,grade_B_blast_furnace_25to44,25-44% Mn (BF + Medium grade),0.407,36.85,1625.07,1432.68,104.75,293.23,736.99,4.46,6,0.2525,0.5004,0.1417,0.126,30.03,48.93,0.434,GRID_300M_23_24,136.16046696738255,7.2,7.2,7.3,7.3,7.4,7.5,36.8,38.4,41.9,45.2,43.9,44.9,20.9,20.1,18.3,16.3,17.5,17.9,42.3,41.5,39.8,38.5,38.5,37.2,16.7,10.8,7.9,5.3,3.3,2.6,1.52,1.53,1.57,1.61,1.63,1.64,30.5,30.8,30.9,30.9,31.0,30.9,15.4,15.4,17.6,18.6,18.7,19.0,29,MB300-0575,28.4563828217381,,,,,,,,,2138.3935759851834,False,,,,,,,,,,,,,,,,,,6634.466509823464,False,True,0.0,Low,Unmined Exploratory Target (Core Borehole Intercept),Manegaon Northern Strike Extension,2458.6,GRID_BHARVELI_COMB_11_24,119.00194895341124,REAL
MASTER_23_00,23,0,21.868103,80.192795,4034.384277,299.963684,0,591,0.09,0.097769,0.125174,0.161596,0.247519,0.315512,0.241942,0.074699,0.096889,0.073299,0.215578,0.136803,0.075322,0.164931,0.033855,0.104151,0.016212,0.209754,-0.323948,-0.428886,0.159545,0.768236,1.2813,1.641366,7.515258,0.488918,-0.376019,-0.154055,-0.164487,0.551268,0.632731,0.97876,13.499516,0.279164,-0.052071,0.274831,-0.324032,-0.216968,-0.648569,-0.662606,-0.06078,-0.017643,5.844399,-0.031941,-0.178709,0.58231,0.6436,0.47727,0.522843,1,sparse_vegetation,grade_B_blast_furnace_25to44,25-44% Mn (BF + Medium grade),0.232,36.57,1625.07,1432.68,104.75,293.23,736.99,4.46,6,0.2525,0.5004,0.1417,0.126,30.03,48.93,0.434,GRID_300M_23_00,157.09536190430526,7.4,7.5,7.6,7.6,7.6,7.8,41.7,42.6,42.7,43.6,42.6,43.7,17.9,17.6,17.5,17.1,18.0,18.4,40.4,39.8,39.8,39.2,39.3,37.9,15.2,9.9,6.4,5.6,3.2,2.7,1.54,1.56,1.6,1.62,1.63,1.63,30.8,31.6,31.5,31.5,31.2,31.4,8.4,7.0,7.7,8.1,8.5,9.9,29,MB300-0576,50.92342357312382,,,,,,,,,2064.3008933830906,False,,,,,,,,,,,,,,,,,,6631.9038867357485,False,True,0.0,Low,No Mining History (Barren Country Rock Control),Bharveli West Footwall Baseline,1959.7,GRID_BHARVELI_COMB_12_00,124.09164969333136,REAL
MASTER_23_01,23,1,21.868124,80.19524,3819.468506,301.881531,0,900,0.09,0.089241,0.119514,0.143486,0.264661,0.281319,0.2027,0.072772,0.095676,0.070365,0.237338,0.147441,0.080497,0.16769,0.043942,0.124439,0.022038,0.302624,-0.378619,-0.401398,0.085525,0.714885,1.066006,1.592929,5.748714,0.538558,-0.421081,-0.203836,-0.177074,0.544709,0.620763,0.963147,9.518191,0.235935,-0.042462,0.197561,-0.262599,-0.170176,-0.445243,-0.629782,-0.043251,-0.021905,3.742592,-0.027323,-0.133878,0.551866,0.6299,0.437078,0.203333,1,sparse_vegetation,grade_B_blast_furnace_25to44,25-44% Mn (BF + Medium grade),0.282,36.57,1625.07,1432.68,104.75,293.23,736.99,4.46,6,0.2525,0.5004,0.1417,0.126,30.03,48.93,0.434,GRID_300M_23_01,135.6898017647267,7.5,7.5,7.6,7.6,7.7,7.8,40.7,41.6,42.7,44.8,43.7,45.1,17.8,17.6,17.0,16.2,17.1,17.3,41.5,40.8,40.3,39.0,39.2,37.7,15.6,10.1,6.4,5.3,3.3,2.7,1.54,1.57,1.61,1.62,1.63,1.63,30.5,31.3,31.2,31.1,30.8,30.9,9.3,8.3,8.7,10.3,11.0,12.2,29,MB300-0577,4.0721625447912855,,,,,,,,,1821.6041943559217,False,,,,,,,,,,,,,,,,,,6631.837666396387,False,True,0.0,Low,No Mining History (Barren Country Rock Control),Bharveli West Footwall Baseline,1933.0,GRID_BHARVELI_COMB_12_01,94.38634095852852,REAL
MASTER_23_02,23,2,21.868188,80.198132,3573.919434,304.501892,0,888,0.09,0.085689,0.114306,0.13311,0.251153,0.265432,0.194408,0.07419,0.098029,0.072425,0.229596,0.141102,0.077065,0.149902,0.036261,0.137559,0.018323,0.306286,-0.369831,-0.396767,0.082507,0.730652,1.07629,1.54055,6.824637,0.517422,-0.398495,-0.170687,-0.17638,0.545731,0.613091,0.974906,13.903354,0.211136,-0.028664,0.22608,-0.258888,-0.18492,-0.463199,-0.565644,-0.012343,-0.017937,6.959169,-0.021557,-0.12433,0.540784,0.6223,0.451329,0.198198,1,sparse_vegetation,grade_B_blast_furnace_25to44,25-44% Mn (BF + Medium grade),0.228,36.9,1625.07,1432.68,104.75,293.23,736.99,4.46,6,0.2525,0.5004,0.1417,0.126,30.03,48.93,0.434,GRID_300M_23_02,141.83523557066667,7.5,7.5,7.6,7.6,7.7,7.8,40.5,41.6,42.9,45.4,44.1,45.5,18.6,18.4,17.5,16.5,17.5,17.6,40.9,40.1,39.6,38.0,38.4,36.9,15.5,10.6,6.3,5.7,4.3,3.3,1.55,1.57,1.61,1.63,1.64,1.64,30.2,30.9,30.8,30.6,30.4,30.4,11.4,10.6,11.9,14.2,15.6,15.8,29,MB300-0578,4.039787628705012,,,,,,,,,1540.1656935087165,False,,,,,,,,,,,,,,,,,,6639.198126347749,False,True,0.0,Low,No Mining History (Barren Country Rock Control),Bharveli West Footwall Baseline,1952.7,GRID_BHARVELI_COMB_12_02,99.82926066039202,REAL
MASTER_23_03,23,3,21.86819,80.201026,3332.665283,307.411133,0,872,0.09,0.079884,0.111344,0.124891,0.268327,0.253698,0.176381,0.071226,0.094365,0.069425,0.22717,0.147249,0.080861,0.153169,0.049692,0.171039,0.020915,0.368028,-0.413464,-0.388538,0.038506,0.692144,0.948128,1.551808,4.545295,0.528008,-0.409411,-0.212217,-0.159886,0.548772,0.649622,0.971806,13.878621,0.159981,0.004053,0.176321,-0.198393,-0.143372,-0.298506,-0.580002,0.01787,-0.028777,9.233137,-0.041157,-0.106449,0.528659,0.6001,0.419697,0.004587,0,sparse_vegetation,grade_B_blast_furnace_25to44,25-44% Mn (BF + Medium grade),0.261,36.9,1625.07,1432.68,104.75,293.23,736.99,4.46,6,0.2525,0.5004,0.1417,0.126,30.03,48.93,0.434,GRID_300M_23_03,141.55061696523637,7.5,7.5,7.6,7.6,7.7,7.8,40.6,41.7,42.8,45.5,43.9,45.3,18.9,18.6,17.9,16.9,17.8,18.0,40.6,39.7,39.3,37.6,38.2,36.8,15.4,10.8,6.3,6.0,5.9,4.5,1.55,1.57,1.61,1.63,1.64,1.64,29.9,30.6,30.6,30.4,30.2,30.2,13.0,12.9,15.2,16.2,17.1,16.9,29,MB300-0579,2.356338320226854,,,,,,,,,1263.6535785309798,False,,,,,,,,,,,,,,,,,,6639.3199971347985,False,True,0.0,Low,No Mining History (Barren Country Rock Control),Bharveli West Footwall Baseline,2017.2,GRID_BHARVELI_COMB_12_03,99.32407119466441,REAL
MASTER_23_04,23,4,21.868207,80.203895,3104.307373,310.75293,0,888,0.09,0.090192,0.120057,0.137004,0.268301,0.28647,0.220496,0.082222,0.107657,0.090011,0.244708,0.184351,0.123779,0.197691,0.037773,0.262219,0.030293,0.336824,-0.386201,-0.408908,0.073045,0.755874,1.067361,1.498203,7.76642,0.471557,-0.388755,-0.235789,-0.109724,0.637785,0.739523,1.069513,13.517116,0.134733,-0.002553,0.173119,-0.18277,-0.11809,-0.327838,-0.42869,0.064528,-0.007481,5.889096,-0.023593,-0.102119,0.524007,0.6212,0.410753,0.177928,1,sparse_vegetation,grade_B_blast_furnace_25to44,25-44% Mn (BF + Medium grade),0.255,36.9,1625.07,1432.68,104.75,293.23,736.99,4.46,6,0.2525,0.5004,0.1417,0.126,30.03,48.93,0.434,GRID_300M_23_04,142.14800310040016,7.5,7.5,7.6,7.7,7.7,7.8,40.1,40.8,41.7,44.6,42.9,44.3,19.6,19.6,18.8,17.7,18.8,19.0,40.3,39.5,39.5,37.6,38.2,36.7,15.3,10.7,6.6,5.6,5.4,3.8,1.54,1.56,1.6,1.62,1.63,1.63,29.8,30.4,30.4,30.2,30.0,30.0,13.1,12.6,14.3,15.7,16.6,16.7,29,MB300-0580,3.2606580205505544,,,,,,,,,1003.250705183142,False,,,,,,,,,,,,,,,,,,6638.212622409968,False,True,0.0,Low,No Mining History (Barren Country Rock Control),Bharveli West Footwall Baseline,2122.6,GRID_BHARVELI_COMB_12_04,99.31392802591547,REAL
MASTER_23_05,23,5,21.868194,80.206794,2883.601807,314.608398,0,899,0.09,0.087113,0.117638,0.134749,0.274143,0.298494,0.225429,0.081341,0.106117,0.084734,0.240162,0.169482,0.101397,0.139655,0.032889,0.171046,0.031614,0.347898,-0.400286,-0.429864,0.080763,0.743316,1.091595,1.525519,6.148232,0.471119,-0.378702,-0.218995,-0.120294,0.592799,0.714478,1.034064,9.170061,0.123221,0.021585,0.210868,-0.201057,-0.150517,-0.377117,-0.491456,0.031391,-0.001275,2.996787,-0.033981,-0.129012,0.530866,0.6096,0.426674,0.179088,1,sparse_vegetation,grade_B_blast_furnace_25to44,25-44% Mn (BF + Medium grade),0.292,38.97,1625.07,1432.68,104.75,293.23,736.99,4.46,6,0.2525,0.5004,0.1417,0.126,30.03,48.93,0.434,GRID_300M_23_05,140.49668930066315,7.4,7.5,7.5,7.6,7.6,7.7,38.3,39.3,40.3,43.9,42.3,43.8,20.5,20.4,19.6,18.2,19.3,19.4,41.1,40.3,40.2,37.8,38.4,36.9,14.6,11.1,6.9,6.0,4.9,3.6,1.54,1.55,1.59,1.61,1.62,1.63,29.3,30.3,30.4,30.4,30.0,30.1,14.1,14.3,17.0,17.8,18.1,17.7,29,MB300-0581,2.768171701787418,,,,,,,,,764.8368597686685,False,,,,,,,,,,,,,,,,,,6634.903809899426,False,True,0.0,Low,No Mining History (Barren Country Rock Control),Bharveli West Footwall Baseline,2263.2,GRID_BHARVELI_COMB_12_05,97.57226036312123,REAL
MASTER_23_06,23,6,21.868205,80.209726,2677.928955,319.172668,0,878,0.09,0.109708,0.144541,0.18392,0.282971,0.38184,0.313878,0.089562,0.112303,0.095138,0.203855,0.13863,0.08483,0.136247,0.026278,0.123156,0.019084,0.21433,-0.324515,-0.45135,0.179765,0.821543,1.351988,1.672225,7.76432,0.360108,-0.285018,-0.090061,-0.117286,0.60926,0.676677,1.059392,11.358291,0.145778,0.039497,0.361288,-0.297051,-0.212283,-0.675311,-0.612834,-0.013091,-0.007194,3.577507,-0.079116,-0.24321,0.582416,0.63,0.508937,0.452164,1,sparse_vegetation,grade_B_blast_furnace_25to44,25-44% Mn (BF + Medium grade),0.235,38.97,1625.07,1432.68,104.75,293.23,736.99,4.46,6,0.2525,0.5004,0.1417,0.126,30.03,48.93,0.434,GRID_300M_23_06,142.38461517026016,7.4,7.4,7.4,7.5,7.6,7.6,37.4,38.5,39.9,43.9,42.5,44.2,21.4,21.1,20.0,18.2,19.2,19.3,41.1,40.4,40.1,37.8,38.3,36.5,14.9,11.4,7.3,5.8,4.5,3.6,1.54,1.54,1.58,1.6,1.61,1.61,29.2,30.5,30.5,30.7,30.4,30.4,14.0,14.4,17.5,18.4,18.4,18.2,29,MB300-0582,1.0229690365226243,,,,,,,,,586.5220696127898,False,,,,,,,,,,,,,,,,,,6641.215680828665,False,True,0.0,Low,No Mining History (Barren Country Rock Control),Bharveli West Footwall Baseline,2432.7,GRID_BHARVELI_COMB_12_06,99.70895434644578,REAL
MASTER_23_07,23,7,21.868181,80.212621,2490.998291,324.32843,0,886,0.09,0.106896,0.14294,0.173735,0.292816,0.359205,0.28528,0.083206,0.105567,0.081219,0.245103,0.166169,0.095668,0.128731,0.027061,0.137384,0.029015,0.265614,-0.34748,-0.426386,0.134584,0.788889,1.222651,1.603934,7.143255,0.483327,-0.377408,-0.203026,-0.141506,0.570987,0.683594,0.97129,8.169411,0.217713,-0.029928,0.22336,-0.27609,-0.217901,-0.539058,-0.632644,0.008653,0.001954,1.025673,-0.047714,-0.193036,0.559185,0.633,0.445604,0.358916,1,sparse_vegetation,grade_B_blast_furnace_25to44,25-44% Mn (BF + Medium grade),0.255,38.97,1625.07,1432.68,104.75,293.23,736.99,4.46,6,0.2525,0.5004,0.1417,0.126,30.03,48.93,0.434,GRID_300M_23_07,139.40615870266782,7.4,7.4,7.4,7.5,7.5,7.5,37.9,38.7,41.2,44.7,43.1,44.2,21.4,21.0,19.5,17.9,18.8,19.1,40.7,40.3,39.2,37.4,38.1,36.7,14.9,11.1,7.5,5.7,3.9,3.0,1.54,1.54,1.57,1.59,1.61,1.61,29.0,30.4,30.3,30.6,30.3,30.4,14.6,14.7,17.3,18.1,17.9,17.6,29,MB300-0583,5.26863944470068,,,,,,,,,531.0872499796745,False,,,,,,,,,,,,,,,,,,6657.107175028607,False,True,0.0,Low,Historical Open Pit & Active Mining Lease (High Grade),Bharveli Main Shaft & Central Pit,2447.7,GRID_BHARVELI_COMB_12_07,96.67706239399865,REAL
MASTER_23_08,23,8,21.868251,80.215537,2335.388184,330.440887,0,914,0.09,0.102478,0.136515,0.166037,0.29678,0.360076,0.289086,0.092065,0.119439,0.098695,0.296004,0.231673,0.149447,0.263514,0.031721,0.335991,0.037066,0.290269,-0.372314,-0.451115,0.132393,0.79879,1.217315,1.604704,8.858111,0.500667,-0.423676,-0.313819,-0.085297,0.633602,0.790243,1.067935,12.617748,0.210398,-0.051363,0.137296,-0.217691,-0.165188,-0.427072,-0.536769,0.072476,0.005345,3.181251,-0.000776,-0.128403,0.553642,0.6165,0.388845,0.277899,1,sparse_vegetation,grade_B_blast_furnace_25to44,25-44% Mn (BF + Medium grade),0.231,38.99,1625.07,1432.68,104.75,293.23,736.99,4.46,6,0.2525,0.5004,0.1417,0.126,30.03,48.93,0.434,GRID_300M_23_08,147.1088701067377,7.3,7.3,7.3,7.4,7.4,7.4,38.0,38.9,41.6,45.4,43.6,44.3,21.9,21.3,19.8,18.1,19.1,19.6,40.1,39.8,38.4,36.5,37.3,36.0,15.2,11.9,7.5,5.5,3.6,2.6,1.54,1.54,1.57,1.6,1.61,1.62,29.1,30.5,30.3,30.7,30.3,30.4,15.8,16.3,19.1,20.3,20.3,19.3,29,MB300-0584,1.1781691607544353,,,,,,,,,537.4114795885833,False,,,,,,,,,,,,,,,,,,6697.0130041331295,False,True,0.0,Low,Historical Open Pit & Active Mining Lease (High Grade),Bharveli Main Shaft & Central Pit,2277.0,GRID_BHARVELI_COMB_12_08,104.13203773242716,REAL
MASTER_23_09,23,9,21.868288,80.21846,2206.219482,337.310638,0,897,0.09,0.106545,0.144319,0.184901,0.30407,0.394504,0.321136,0.088604,0.117289,0.095319,0.306368,0.227424,0.145019,0.17327,0.026926,0.219836,0.040725,0.248856,-0.357793,-0.465269,0.168049,0.812059,1.301459,1.733354,9.20207,0.527185,-0.443707,-0.303932,-0.112656,0.61962,0.744659,1.064738,7.951417,0.278329,-0.085914,0.161337,-0.280705,-0.192439,-0.5568,-0.668616,0.046566,0.013799,-1.200229,0.002298,-0.16708,0.584413,0.6895,0.407069,0.346711,1,sparse_vegetation,grade_B_blast_furnace_25to44,25-44% Mn (BF + Medium grade),0.236,38.99,1625.07,1432.68,104.75,293.23,736.99,4.46,6,0.2525,0.5004,0.1417,0.126,30.03,48.93,0.434,GRID_300M_23_09,151.49783040597745,7.3,7.3,7.4,7.4,7.4,7.5,38.0,38.9,41.7,45.5,43.8,44.6,21.9,21.3,19.8,18.2,19.3,19.8,40.2,39.8,38.4,36.2,36.9,35.6,15.4,11.5,7.6,5.6,3.7,2.6,1.54,1.54,1.57,1.6,1.61,1.62,29.1,30.4,30.2,30.5,30.2,30.2,15.9,16.4,19.3,20.4,20.7,20.3,29,MB300-0585,4.461637733360346,,,,,,,,,540.1627078223056,False,,,,,,,,,,,,,,,,,,6746.659127153697,False,True,0.0,Low,Historical Open Pit & Active Mining Lease (High Grade),Bharveli Main Shaft & Central Pit,2134.9,GRID_BHARVELI_COMB_12_09,108.48743918110769,REAL
MASTER_23_10,23,10,21.868263,80.221351,2106.660645,344.776642,0,875,0.09,0.107758,0.145616,0.179086,0.304579,0.395203,0.313248,0.087215,0.112514,0.0893,0.2311,0.162467,0.093535,0.096704,0.018873,0.14636,0.023899,0.261384,-0.351711,-0.452974,0.159755,0.792776,1.29517,1.654051,7.63875,0.423184,-0.324827,-0.155584,-0.120554,0.571338,0.703247,1.018215,10.144595,0.161799,0.026883,0.29739,-0.280309,-0.221438,-0.591922,-0.635835,0.049656,0.005026,2.514482,-0.073479,-0.232736,0.573187,0.6408,0.475263,0.250286,1,sparse_vegetation,grade_B_blast_furnace_25to44,25-44% Mn (BF + Medium grade),0.24,38.99,1625.07,1432.68,104.75,293.23,736.99,4.46,6,0.2525,0.5004,0.1417,0.126,30.03,48.93,0.434,GRID_300M_23_10,148.33354632048474,7.2,7.2,7.2,7.2,7.3,7.4,37.7,38.6,41.4,45.4,43.7,44.4,21.4,20.9,19.5,18.1,19.2,19.8,40.9,40.5,39.1,36.6,37.1,35.8,16.3,11.6,7.9,5.8,3.8,3.1,1.53,1.54,1.58,1.59,1.6,1.61,29.5,30.6,30.4,30.8,30.5,30.4,15.2,15.7,18.9,19.9,19.9,19.6,29,MB300-0586,1.5528616611313344,,,,,,,,,535.8303455277913,False,,,,,,,,,,,,,,,,,,6801.901277160275,False,True,0.0,Low,Historical Open Pit & Active Mining Lease (High Grade),Bharveli Main Shaft & Central Pit,2027.6,GRID_BHARVELI_COMB_12_10,105.19903364148048,REAL
MASTER_23_11,23,11,21.868295,80.22423,2052.346924,352.819183,0,871,0.09,0.117065,0.158403,0.201311,0.32511,0.431124,0.346516,0.082648,0.110435,0.08898,0.277075,0.203396,0.11868,0.106923,0.018592,0.158422,0.027677,0.240769,-0.347649,-0.464647,0.175576,0.802151,1.327062,1.710341,8.759924,0.507714,-0.422166,-0.284309,-0.10676,0.579539,0.736105,1.068064,8.850174,0.266945,-0.074516,0.180338,-0.282336,-0.222611,-0.590956,-0.642277,0.051498,0.009085,0.108805,-0.048035,-0.227728,0.586271,0.6388,0.416572,0.423651,1,sparse_vegetation,grade_B_blast_furnace_25to44,25-44% Mn (BF + Medium grade),0.199,38.53,1625.07,1432.68,104.75,293.23,736.99,4.46,6,0.2525,0.5004,0.1417,0.126,30.03,48.93,0.434,GRID_300M_23_11,150.9461183350842,7.2,7.2,7.2,7.3,7.3,7.3,38.0,38.9,40.8,45.4,44.3,44.9,20.4,19.8,19.0,17.4,18.5,19.4,41.6,41.3,40.2,37.2,37.2,35.7,17.3,11.4,8.1,5.9,4.1,3.7,1.53,1.54,1.57,1.6,1.61,1.61,29.1,29.7,29.7,29.5,29.5,29.3,18.2,18.2,21.1,23.0,23.3,24.3,29,MB300-0587,1.7539120522707154,,,,,,,,,537.5769598146919,False,,,,,,,,,,,,,,,,,,6875.515179058579,False,True,0.0,Low,Historical Open Pit & Active Mining Lease (High Grade),Bharveli Main Shaft & Central Pit,1960.7,GRID_BHARVELI_COMB_12_11,107.3997931768879,REAL
MASTER_23_12,23,12,21.868279,80.227109,2034.88623,1.127658,0,884,0.09,0.105476,0.14485,0.195607,0.306156,0.429202,0.353396,0.082688,0.109903,0.087568,0.29894,0.235435,0.136756,0.092705,0.016467,0.205851,0.041454,0.226953,-0.36009,-0.49697,0.203092,0.8209,1.403207,1.841872,9.777715,0.55015,-0.461859,-0.35298,-0.092192,0.572926,0.783727,1.05108,7.084859,0.323197,-0.101769,0.14399,-0.295284,-0.247974,-0.61948,-0.790793,0.113146,0.024987,-2.574086,-0.007216,-0.193767,0.610858,0.699,0.393336,0.432127,1,sparse_vegetation,grade_B_blast_furnace_25to44,25-44% Mn (BF + Medium grade),0.192,38.53,1625.07,1432.68,104.75,293.23,736.99,4.46,6,0.2525,0.5004,0.1417,0.126,30.03,48.93,0.434,GRID_300M_23_12,148.48613327604414,7.2,7.2,7.2,7.3,7.3,7.3,38.2,39.3,40.8,45.6,44.7,45.4,20.6,19.8,19.2,17.4,18.5,19.3,41.2,40.8,40.0,37.0,36.8,35.2,18.1,11.9,8.7,6.1,4.0,3.6,1.53,1.54,1.58,1.6,1.62,1.63,29.3,30.0,30.1,29.8,29.8,29.5,18.8,18.9,21.1,22.9,23.7,24.6,29,MB300-0588,4.22498987232351,,,,,,,,,534.0246864906793,False,,,,,,,,,,,,,,,,,,6925.558880134557,False,True,0.0,Low,Historical Open Pit & Active Mining Lease (High Grade),Bharveli Main Shaft & Central Pit,1938.5,GRID_BHARVELI_COMB_12_12,104.666030689253,REAL
MASTER_23_13,23,13,21.868292,80.230039,2064.536133,9.534758,0,877,0.09,0.103022,0.1403,0.191455,0.29521,0.433456,0.362067,0.09008,0.122603,0.100728,0.342925,0.294189,0.176068,0.05616,0.013385,0.143621,0.030428,0.217945,-0.357231,-0.512483,0.220512,0.833848,1.473805,1.850995,7.843237,0.544663,-0.469813,-0.41164,-0.046917,0.594505,0.87106,1.120073,7.437482,0.326717,-0.112582,0.100843,-0.267429,-0.239343,-0.602745,-0.730923,0.087461,0.017043,-0.319998,0.047715,-0.139266,0.616402,0.7088,0.364286,0.527936,1,sparse_vegetation,grade_B_blast_furnace_25to44,25-44% Mn (BF + Medium grade),0.213,38.53,1625.07,1432.68,104.75,293.23,736.99,4.46,6,0.2525,0.5004,0.1417,0.126,30.03,48.93,0.434,GRID_300M_23_13,150.44156521419114,7.1,7.1,7.2,7.2,7.2,7.3,38.9,40.3,41.6,46.3,45.4,45.9,21.1,20.3,19.5,17.3,18.5,19.2,40.0,39.4,39.0,36.4,36.1,35.0,20.9,12.4,9.7,6.4,4.2,3.8,1.5,1.52,1.55,1.6,1.61,1.61,29.5,30.1,30.2,30.0,30.1,29.8,21.9,22.3,23.3,25.2,27.1,28.4,29,MB300-0589,2.310472080117251,,,,,,,,,534.281275484814,False,,,,,,,,,,,,,,,,,,6925.442764920066,False,True,0.0,Low,Historical Open Pit & Active Mining Lease (High Grade),Bharveli Main Shaft & Central Pit,1962.4,GRID_BHARVELI_COMB_12_13,106.79819199588768,REAL
MASTER_23_14,23,14,21.868302,80.232954,2135.88623,17.500736,0,907,0.09,0.08801,0.116906,0.124576,0.279215,0.325793,0.248834,0.079015,0.108518,0.072001,0.37865,0.251283,0.128762,0.085542,0.021192,0.128631,0.02826,0.386247,-0.409261,-0.469864,0.096305,0.755863,1.176665,1.401868,5.825675,0.681587,-0.554737,-0.394722,-0.176429,0.504486,0.666229,0.903161,6.922697,0.29534,-0.145476,0.075142,-0.272735,-0.251377,-0.510436,-0.498707,0.043089,0.007067,1.101183,0.099435,-0.07451,0.511541,0.6145,0.363259,0.119074,1,sparse_vegetation,grade_B_blast_furnace_25to44,25-44% Mn (BF + Medium grade),0.33,36.47,1625.07,1432.68,104.75,293.23,736.99,4.46,6,0.2525,0.5004,0.1417,0.126,30.03,48.93,0.434,GRID_300M_23_14,151.70021993050042,6.4,6.4,6.5,6.5,6.6,6.7,40.5,41.7,43.3,46.7,45.7,46.0,20.1,19.6,18.6,17.2,18.4,18.9,39.4,38.7,38.1,36.1,35.8,35.1,25.7,18.1,12.7,7.3,5.3,4.5,1.45,1.47,1.5,1.55,1.56,1.57,30.6,31.2,31.1,30.9,30.9,30.7,22.7,22.4,23.0,25.6,27.2,29.8,29,MB300-0590,2.457742671380859,,,,,,,,,533.9467589880891,False,,,,,,,,,,,,,,,,,,6921.845245964841,False,True,0.0,Low,Unmined Exploratory Target (Core Borehole Intercept),Manegaon Northern Strike Extension,1939.3,GRID_BHARVELI_COMB_12_14,108.05738281861899,REAL
MASTER_23_15,23,15,21.868362,80.235854,2250.006104,24.722321,0,904,0.09,0.085245,0.111104,0.107243,0.286361,0.282192,0.1981,0.072372,0.096381,0.056265,0.392303,0.216781,0.096326,0.183197,0.037579,0.335861,0.067378,0.450448,-0.437282,-0.434075,0.023239,0.698283,1.008667,1.256912,5.827605,0.74921,-0.605824,-0.385551,-0.259238,0.443986,0.554006,0.77888,7.237937,0.298763,-0.168542,0.048524,-0.282476,-0.254297,-0.454661,-0.478032,0.152664,0.0298,1.381752,0.105943,-0.065411,0.473453,0.582,0.361015,0.009956,0,sparse_vegetation,grade_B_blast_furnace_25to44,25-44% Mn (BF + Medium grade),0.612,36.47,1625.07,1432.68,104.75,293.23,736.99,4.46,6,0.2525,0.5004,0.1417,0.126,30.03,48.93,0.434,GRID_300M_24_15,151.68501934787983,6.2,6.2,6.3,6.4,6.4,6.5,43.3,44.5,46.1,48.5,47.0,47.4,19.3,18.7,17.8,16.6,18.0,18.5,37.5,36.8,36.2,34.9,35.0,34.1,33.2,24.6,14.0,7.9,5.4,4.5,1.42,1.45,1.46,1.53,1.54,1.55,33.6,34.1,33.7,33.4,33.8,34.8,23.8,23.5,23.8,25.8,26.2,28.0,29,MB300-0591,2.673677158778771,,,,,,,,,539.1248773938444,False,,,,,,,,,,,,,,,,,,6929.739787501485,False,True,0.0,Low,Unmined Exploratory Target (Core Borehole Intercept),Manegaon Northern Strike Extension,1755.8,GRID_BHARVELI_COMB_12_15,114.0734000483712,REAL
MASTER_23_16,23,16,21.868376,80.23878,2393.11499,31.27844,0,900,0.09,0.065388,0.092208,0.082559,0.288645,0.242778,0.157509,0.053185,0.073674,0.04309,0.342413,0.209528,0.095161,0.529531,0.110176,1.268018,0.238238,0.550066,-0.510607,-0.44849,-0.044114,0.642965,0.863894,1.247129,5.980792,0.775396,-0.64521,-0.480258,-0.219146,0.454131,0.61538,0.810707,6.320754,0.22533,-0.134603,-0.031768,-0.175031,-0.188833,-0.248513,-0.436422,0.738487,0.128062,0.339673,0.053768,-0.03325,0.450985,0.5694,0.302254,0.003333,0,dense_vegetation,grade_B_blast_furnace_25to44,25-44% Mn (BF + Medium grade),0.354,36.47,1625.07,1432.68,104.75,293.23,736.99,4.46,6,0.2525,0.5004,0.1417,0.126,30.03,48.93,0.434,GRID_300M_24_16,150.64603252540175,6.6,6.6,6.6,6.7,6.7,6.8,43.8,44.9,46.2,48.6,46.7,47.1,19.1,18.6,17.9,16.6,17.9,18.4,37.0,36.4,35.9,34.8,35.4,34.5,31.2,21.7,14.1,8.2,5.9,4.8,1.48,1.5,1.52,1.55,1.56,1.56,33.5,33.8,33.3,33.1,33.4,34.6,24.7,24.2,24.3,25.9,26.3,27.6,29,MB300-0592,3.593333400440333,,,,,,,,,539.3564171477333,False,,,,,,,,,,,,,,,,,,6930.849316560779,False,True,0.0,Low,Unmined Exploratory Target (Core Borehole Intercept),Manegaon Northern Strike Extension,1607.7,GRID_BHARVELI_COMB_12_16,116.12080724101402,REAL
MASTER_23_17,23,17,21.868376,80.241697,2562.035645,37.031879,0,900,0.09,0.061823,0.090946,0.078186,0.290174,0.238728,0.154035,0.052715,0.074573,0.043341,0.364076,0.216765,0.098436,0.403289,0.084584,0.716716,0.130851,0.573311,-0.520872,-0.448069,-0.052724,0.643213,0.831506,1.259509,5.953898,0.786856,-0.659695,-0.488174,-0.230949,0.454008,0.596754,0.822543,6.910287,0.213545,-0.138823,-0.040105,-0.178225,-0.189205,-0.234752,-0.436966,0.313427,0.046268,0.951554,0.073902,-0.021963,0.446982,0.5458,0.298383,0.0,0,dense_vegetation,non_ore,Background,0.426,36.47,1625.07,1432.68,104.75,293.23,736.99,4.46,6,0.2525,0.5004,0.1417,0.126,30.03,48.93,0.434,GRID_300M_24_17,150.88978802813077,6.9,6.9,7.0,7.0,7.0,7.1,42.7,43.9,45.9,48.7,46.9,47.1,19.7,19.0,18.0,16.5,17.7,18.5,37.6,37.1,36.1,34.9,35.4,34.4,29.1,18.7,15.3,9.1,6.0,5.1,1.45,1.47,1.51,1.53,1.53,1.54,32.4,32.8,32.2,32.1,32.5,33.3,26.0,26.1,26.2,27.0,27.7,30.0,16,MB300-0593,3.8551253222146498,,,,,,,,,538.0522937620021,False,,,,,,,,,,,,,,,,,,6930.847969575667,False,True,0.0,Low,Unmined Exploratory Target (Core Borehole Intercept),Manegaon Northern Strike Extension,1505.6,GRID_BHARVELI_COMB_12_17,116.43273634268941,REAL
MASTER_23_18,23,18,21.868373,80.244565,2749.918213,41.956562,0,870,0.09,0.077079,0.109154,0.120766,0.265487,0.314816,0.248964,0.061627,0.088211,0.059551,0.344048,0.225705,0.114304,0.19877,0.044152,0.419282,0.078555,0.383442,-0.418937,-0.48402,0.111891,0.781699,1.193471,1.541868,6.490492,0.696818,-0.584021,-0.436828,-0.173426,0.50456,0.667721,0.946887,7.187504,0.313377,-0.165084,0.047192,-0.285318,-0.277139,-0.52575,-0.594981,0.220512,0.034403,0.70042,0.078561,-0.089111,0.530613,0.651,0.348542,0.058621,0,sparse_vegetation,grade_B_blast_furnace_25to44,25-44% Mn (BF + Medium grade),0.593,35.89,1625.07,1432.68,104.75,293.23,736.99,4.46,6,0.2525,0.5004,0.1417,0.126,30.03,48.93,0.434,GRID_300M_24_18,150.17185261034479,7.0,7.0,7.1,7.1,7.1,7.2,41.2,42.5,44.4,47.4,46.2,46.1,20.6,19.8,19.0,17.3,18.4,19.1,38.2,37.8,36.6,35.4,35.4,34.8,25.5,16.9,13.7,8.5,5.8,4.9,1.44,1.45,1.5,1.53,1.54,1.55,30.2,30.8,30.3,30.2,30.5,30.8,23.9,24.2,24.9,27.1,28.0,29.5,16,MB300-0594,0.556600000243634,,,,,,,,,639.9936018467669,False,,,,,,,,,,,,,,,,,,6930.538273419748,False,True,0.0,Low,Unmined Exploratory Target (Core Borehole Intercept),Manegaon Northern Strike Extension,1459.0,GRID_BHARVELI_COMB_12_18,114.74787890516455,REAL
MASTER_23_19,23,19,21.868384,80.247431,2956.327881,46.200409,0,893,0.09,0.090868,0.124821,0.149665,0.289828,0.365687,0.275508,0.073552,0.099402,0.076989,0.301137,0.224592,0.124289,0.116726,0.025622,0.25322,0.04694,0.326211,-0.399827,-0.492012,0.145939,0.749921,1.268317,1.628806,7.054945,0.587611,-0.495289,-0.37438,-0.114273,0.544978,0.747861,1.031843,7.675588,0.2614,-0.095462,0.117631,-0.260212,-0.204943,-0.520456,-0.596963,0.136494,0.021318,0.649278,0.011308,-0.141095,0.565201,0.6546,0.376254,0.167973,1,sparse_vegetation,grade_B_blast_furnace_25to44,25-44% Mn (BF + Medium grade),0.425,35.89,1625.07,1432.68,104.75,293.23,736.99,4.46,6,0.2525,0.5004,0.1417,0.126,30.03,48.93,0.434,GRID_300M_24_19,147.97669797922038,7.0,7.1,7.1,7.1,7.2,7.2,38.5,39.6,42.4,45.7,44.7,44.9,21.0,20.3,19.2,17.7,18.8,19.5,40.5,40.1,38.4,36.6,36.5,35.7,23.5,15.5,12.2,7.3,5.3,4.5,1.45,1.47,1.51,1.56,1.57,1.57,29.6,30.3,30.0,29.9,30.0,30.1,21.3,21.8,23.2,25.6,26.4,28.3,29,MB300-0595,4.002833810441188,,,,,,,,,840.658101781492,False,,,,,,,,,,,,,,,,,,6932.347474847491,False,True,0.0,Low,Unmined Exploratory Target (Core Borehole Intercept),Manegaon Northern Strike Extension,1473.3,GRID_BHARVELI_COMB_12_19,114.66936891132643,REAL
MASTER_23_20,23,20,21.868379,80.250346,3179.57666,49.956142,0,880,0.09,0.102965,0.136289,0.173622,0.273476,0.388199,0.30926,0.094088,0.125884,0.109221,0.279754,0.226146,0.134889,0.077716,0.013332,0.166392,0.0322,0.223055,-0.332471,-0.472749,0.195141,0.797473,1.422515,1.680769,10.221529,0.430639,-0.363652,-0.267346,-0.05813,0.591283,0.815854,1.140192,7.535544,0.207584,-0.03118,0.205403,-0.253271,-0.20619,-0.606661,-0.540576,0.088675,0.018868,-2.536366,0.006278,-0.162053,0.591776,0.6483,0.421986,0.4,1,sparse_vegetation,grade_B_blast_furnace_25to44,25-44% Mn (BF + Medium grade),0.302,35.89,1625.07,1432.68,104.75,293.23,736.99,4.46,6,0.2525,0.5004,0.1417,0.126,30.03,48.93,0.434,GRID_300M_24_20,148.67530067050845,7.1,7.2,7.2,7.2,7.3,7.3,36.6,38.1,41.5,45.1,44.0,44.7,21.1,20.3,18.8,17.6,18.7,19.5,42.3,41.7,39.7,37.3,37.3,35.8,19.3,12.6,9.0,6.1,4.1,3.4,1.5,1.52,1.56,1.6,1.61,1.61,30.1,30.8,30.7,30.5,30.5,30.8,18.3,19.0,22.0,23.1,22.7,24.5,29,MB300-0596,3.8680416822037795,,,,,,,,,1089.4354269773385,False,,,,,,,,,,,,,,,,,,6928.778778452471,False,True,0.0,Low,Unmined Exploratory Target (Core Borehole Intercept),Manegaon Northern Strike Extension,1546.8,GRID_BHARVELI_COMB_12_20,114.30280851186272,REAL
MASTER_23_21,23,21,21.868404,80.253278,3417.95874,53.180122,0,911,0.09,0.106455,0.142631,0.177829,0.305959,0.398116,0.321922,0.089793,0.115467,0.096297,0.261535,0.19834,0.114565,0.082214,0.017048,0.163554,0.032373,0.270543,-0.366134,-0.473578,0.163102,0.80601,1.305764,1.66072,7.652657,0.454683,-0.378469,-0.249062,-0.091334,0.573188,0.753535,1.066912,7.928332,0.18414,-0.012335,0.224516,-0.254436,-0.232822,-0.552229,-0.593808,0.08134,0.015324,0.296447,-0.044425,-0.199776,0.57149,0.6423,0.431115,0.287596,1,sparse_vegetation,grade_B_blast_furnace_25to44,25-44% Mn (BF + Medium grade),0.264,36.26,1625.07,1432.68,104.75,293.23,736.99,4.46,6,0.2525,0.5004,0.1417,0.126,30.03,48.93,0.434,GRID_300M_24_21,146.52520544930502,7.2,7.2,7.3,7.3,7.3,7.4,36.6,38.3,41.3,44.7,43.6,44.5,20.8,19.9,18.5,17.4,18.5,19.3,42.6,41.8,40.3,37.8,37.8,36.2,18.4,12.1,8.4,6.3,4.6,4.0,1.51,1.52,1.56,1.6,1.62,1.62,29.8,30.6,30.6,30.5,30.6,30.9,18.2,18.8,21.6,22.1,21.9,23.8,29,MB300-0597,1.4618393141182418,,,,,,,,,1362.5112383129572,False,,,,,,,,,,,,,,,,,,6927.6251934225365,False,True,0.0,Low,Unmined Exploratory Target (Core Borehole Intercept),Manegaon Northern Strike Extension,1671.7,GRID_BHARVELI_COMB_12_21,117.64291042641368,REAL
MASTER_23_22,23,22,21.868467,80.256183,3665.851074,55.89732,0,900,0.09,0.087951,0.119883,0.132386,0.295185,0.333148,0.254184,0.101394,0.123947,0.10179,0.279211,0.209338,0.129672,0.126692,0.030027,0.183699,0.036137,0.38625,-0.42298,-0.468993,0.091578,0.757585,1.132773,1.488955,5.805652,0.465735,-0.382876,-0.246563,-0.106475,0.60754,0.747602,0.999906,8.338365,0.079484,0.040104,0.222431,-0.198052,-0.150046,-0.385171,-0.489048,0.057008,0.006109,2.528884,-0.015974,-0.12381,0.521382,0.6424,0.422129,0.067778,0,sparse_vegetation,grade_B_blast_furnace_25to44,25-44% Mn (BF + Medium grade),0.293,36.26,1625.07,1432.68,104.75,293.23,736.99,4.46,6,0.2525,0.5004,0.1417,0.126,30.03,48.93,0.434,GRID_300M_24_22,139.64388706925408,7.2,7.2,7.3,7.3,7.3,7.4,36.3,38.1,41.5,44.9,43.8,44.7,20.8,19.9,18.2,17.0,18.2,18.8,42.9,42.0,40.3,38.1,38.0,36.4,18.1,11.7,8.1,5.4,3.8,3.3,1.51,1.53,1.57,1.6,1.62,1.62,30.2,31.0,31.0,31.0,31.1,31.2,16.4,17.2,20.3,20.3,19.4,20.4,29,MB300-0598,4.028774628850251,,,,,,,,,1644.8394411911959,False,,,,,,,,,,,,,,,,,,6936.411705209394,False,True,0.0,Low,Unmined Exploratory Target (Core Borehole Intercept),Manegaon Northern Strike Extension,1837.6,GRID_BHARVELI_COMB_12_22,124.29107887335354,REAL
MASTER_23_23,23,23,21.868451,80.259095,3916.919678,58.380295,0,888,0.09,0.100457,0.134814,0.164487,0.2975,0.370107,0.295791,0.18827,0.201305,0.180025,0.326608,0.26883,0.186021,0.114106,0.024781,0.209668,0.046614,0.295176,-0.378102,-0.466269,0.142537,0.794855,1.246663,1.620245,7.351179,0.348533,-0.280248,-0.169375,-0.089296,0.66129,0.79568,0.959168,6.654303,0.053357,0.097854,0.296893,-0.231834,-0.133565,-0.450984,-0.661077,0.095562,0.021834,-0.682258,0.029108,-0.101277,0.558755,0.63,0.464052,0.226351,1,sparse_vegetation,grade_B_blast_furnace_25to44,25-44% Mn (BF + Medium grade),0.267,36.26,1625.07,1432.68,104.75,293.23,736.99,4.46,6,0.2525,0.5004,0.1417,0.126,30.03,48.93,0.434,GRID_300M_24_23,141.4466413970246,7.2,7.2,7.2,7.3,7.3,7.4,36.3,38.0,41.6,44.9,43.7,44.7,20.8,20.0,18.1,16.8,18.1,18.6,42.9,42.0,40.2,38.3,38.2,36.7,17.3,11.4,8.1,5.4,3.7,3.1,1.51,1.53,1.57,1.6,1.62,1.63,30.2,30.9,30.9,30.9,30.9,31.1,16.1,16.5,19.7,20.1,19.4,20.0,29,MB300-0599,1.4644081126617277,,,,,,,,,1930.7714841890208,False,,,,,,,,,,,,,,,,,,6934.19300686144,False,True,0.0,Low,Unmined Exploratory Target (Core Borehole Intercept),Manegaon Northern Strike Extension,2034.4,GRID_BHARVELI_COMB_12_23,122.66241616044188,REAL
MASTER_23_24,23,24,21.868465,80.261725,4150.835449,60.323017,0,720,0.09,0.097898,0.132294,0.160255,0.309509,0.377258,0.294439,0.207119,0.216359,0.185419,0.372681,0.294194,0.193457,0.120075,0.027234,0.197337,0.038147,0.32447,-0.403091,-0.481885,0.134103,0.777121,1.222284,1.620492,6.723369,0.411683,-0.325345,-0.207972,-0.112554,0.626197,0.772379,0.900087,8.220884,0.087213,0.077746,0.273912,-0.246657,-0.150924,-0.449905,-0.720405,0.077262,0.010912,1.51527,0.063172,-0.083063,0.555725,0.6355,0.45149,0.180556,1,sparse_vegetation,grade_B_blast_furnace_25to44,25-44% Mn (BF + Medium grade),0.377,36.85,1625.07,1432.68,104.75,293.23,736.99,4.46,6,0.2525,0.5004,0.1417,0.126,30.03,48.93,0.434,GRID_300M_24_24,135.71560505214936,7.1,7.2,7.2,7.3,7.3,7.4,36.4,37.9,41.4,44.6,43.4,44.4,20.9,20.1,18.3,16.7,17.9,18.3,42.8,42.0,40.3,38.7,38.7,37.3,16.3,10.7,8.0,5.3,3.6,2.7,1.52,1.53,1.57,1.61,1.62,1.63,30.4,30.8,30.8,30.7,30.8,30.8,15.4,15.4,18.1,19.3,19.4,19.6,29,MB300-0600,26.981860435281355,,,,,,,,,2193.2399113951224,False,,,,,,,,,,,,,,,,,,6935.475045497597,False,True,0.0,Low,Unmined Exploratory Target (Core Borehole Intercept),Manegaon Northern Strike Extension,2254.0,GRID_BHARVELI_COMB_12_24,119.55802666183232,REAL
MASTER_24_00,24,0,21.870809,80.192794,4192.578613,303.520813,0,590,0.09,0.097132,0.126206,0.160125,0.258484,0.307331,0.234398,0.075655,0.099551,0.073051,0.261895,0.170904,0.093465,0.140971,0.034358,0.132882,0.019465,0.237222,-0.340081,-0.414535,0.132202,0.761217,1.201157,1.629556,7.558176,0.562247,-0.446922,-0.261175,-0.161921,0.545626,0.655051,0.960419,10.92985,0.325025,-0.106841,0.15336,-0.294124,-0.215591,-0.546106,-0.669137,-0.008089,-0.014893,3.315726,0.003411,-0.136427,0.570516,0.635,0.417741,0.489831,1,sparse_vegetation,grade_B_blast_furnace_25to44,25-44% Mn (BF + Medium grade),0.235,36.57,1625.07,1432.68,104.75,293.23,736.99,4.46,6,0.2525,0.5004,0.1417,0.126,30.03,48.93,0.434,GRID_300M_24_00,157.56335294229288,7.4,7.5,7.6,7.6,7.7,7.8,41.7,42.5,42.2,43.0,42.1,43.2,18.1,17.8,17.9,17.6,18.5,18.8,40.2,39.6,39.9,39.4,39.4,37.9,15.0,10.2,6.4,5.6,3.2,2.7,1.54,1.56,1.6,1.61,1.62,1.63,30.6,31.4,31.3,31.3,31.1,31.3,8.7,7.7,9.0,10.0,10.2,11.4,29,MB300-0601,52.39492850878488,,,,,,,,,2160.0366317261537,False,,,,,,,,,,,,,,,,,,6933.135370115241,False,True,0.0,Low,No Mining History (Barren Country Rock Control),Bharveli West Footwall Baseline,2256.1,GRID_BHARVELI_COMB_13_00,124.51087129816254,REAL
MASTER_24_01,24,1,21.870857,80.195223,3989.414551,305.57016,0,887,0.09,0.096298,0.124971,0.150796,0.252191,0.288225,0.218241,0.079273,0.107852,0.080094,0.245059,0.153995,0.085425,0.122979,0.023778,0.124815,0.021047,0.255249,-0.334235,-0.382587,0.107177,0.756478,1.146319,1.552783,8.920211,0.495571,-0.378753,-0.163933,-0.161132,0.553406,0.631538,1.00775,10.57173,0.240322,-0.044517,0.218654,-0.268309,-0.203072,-0.51478,-0.545033,0.001836,-0.002731,1.667257,-0.007133,-0.13423,0.551551,0.6365,0.452869,0.310034,1,sparse_vegetation,grade_B_blast_furnace_25to44,25-44% Mn (BF + Medium grade),0.213,36.57,1625.07,1432.68,104.75,293.23,736.99,4.46,6,0.2525,0.5004,0.1417,0.126,30.03,48.93,0.434,GRID_300M_24_01,138.54174115992106,7.5,7.5,7.6,7.6,7.6,7.8,40.6,41.3,42.3,44.4,43.2,44.6,18.1,18.0,17.4,16.6,17.5,17.7,41.3,40.7,40.3,39.0,39.3,37.7,15.3,10.1,6.5,5.4,3.2,2.7,1.54,1.56,1.6,1.61,1.62,1.62,30.3,31.2,31.1,30.9,30.8,30.9,8.6,7.9,8.5,10.2,10.6,11.8,29,MB300-0602,3.220359052817192,,,,,,,,,1932.5503049779613,False,,,,,,,,,,,,,,,,,,6936.079960718683,False,True,0.0,Low,No Mining History (Barren Country Rock Control),Bharveli West Footwall Baseline,2233.0,GRID_BHARVELI_COMB_13_01,96.82817227482205,REAL
MASTER_24_02,24,2,21.870891,80.198094,3755.123047,308.243713,0,865,0.09,0.087344,0.117504,0.1412,0.260879,0.277219,0.19978,0.076541,0.099611,0.07542,0.217269,0.137259,0.07904,0.153987,0.040628,0.130278,0.017769,0.302537,-0.379082,-0.40216,0.086803,0.715599,1.068507,1.602393,5.042967,0.486601,-0.37106,-0.150715,-0.165341,0.571092,0.627965,0.982786,11.880268,0.184064,0.008022,0.251445,-0.252144,-0.144507,-0.440541,-0.619607,-0.02371,-0.022859,6.784697,-0.04361,-0.13996,0.553407,0.6229,0.461054,0.211561,1,sparse_vegetation,grade_B_blast_furnace_25to44,25-44% Mn (BF + Medium grade),0.24,36.9,1625.07,1432.68,104.75,293.23,736.99,4.46,6,0.2525,0.5004,0.1417,0.126,30.03,48.93,0.434,GRID_300M_24_02,140.92728092428317,7.5,7.5,7.6,7.6,7.7,7.8,40.5,40.9,42.4,45.5,44.0,45.5,18.6,18.8,17.8,16.6,17.6,17.7,40.9,40.3,39.7,37.9,38.4,36.8,15.3,10.7,6.4,5.8,4.5,3.6,1.55,1.57,1.61,1.62,1.63,1.63,29.8,30.7,30.5,30.3,30.1,30.1,11.2,10.9,12.4,14.1,15.0,15.5,29,MB300-0603,2.562443922958084,,,,,,,,,1671.1182128565458,False,,,,,,,,,,,,,,,,,,6940.1116706033745,False,True,0.0,Low,No Mining History (Barren Country Rock Control),Bharveli West Footwall Baseline,2250.1,GRID_BHARVELI_COMB_13_02,98.48533800285378,REAL
MASTER_24_03,24,3,21.870907,80.200969,3528.444824,311.245361,0,887,0.09,0.082141,0.110771,0.129024,0.248378,0.258645,0.186415,0.086053,0.110375,0.087348,0.229568,0.144001,0.085039,0.176285,0.040503,0.165966,0.019691,0.318552,-0.381986,-0.399001,0.076033,0.715889,1.051048,1.560203,6.734104,0.454136,-0.353395,-0.125403,-0.160815,0.582347,0.621622,1.015253,13.309921,0.135584,0.028591,0.273598,-0.236847,-0.133543,-0.429425,-0.544949,-0.010319,-0.020811,6.603645,-0.01881,-0.114644,0.542596,0.621,0.470016,0.158963,1,sparse_vegetation,grade_B_blast_furnace_25to44,25-44% Mn (BF + Medium grade),0.263,36.9,1625.07,1432.68,104.75,293.23,736.99,4.46,6,0.2525,0.5004,0.1417,0.126,30.03,48.93,0.434,GRID_300M_24_03,141.62930697717874,7.5,7.5,7.5,7.6,7.7,7.8,40.6,41.0,42.4,45.6,44.0,45.6,18.9,19.1,18.2,16.9,18.0,18.0,40.5,39.9,39.5,37.4,37.9,36.4,15.5,10.8,6.3,6.3,5.8,4.4,1.54,1.55,1.59,1.62,1.64,1.64,29.7,30.5,30.4,30.2,30.0,30.0,13.0,13.0,15.3,16.6,17.4,17.2,29,MB300-0604,4.09216934062745,,,,,,,,,1422.0573569109667,False,,,,,,,,,,,,,,,,,,6941.80359444998,False,True,0.0,Low,No Mining History (Barren Country Rock Control),Bharveli West Footwall Baseline,2306.3,GRID_BHARVELI_COMB_13_03,98.67450538195081,REAL
MASTER_24_04,24,4,21.870894,80.203879,3307.917236,314.65213,0,894,0.09,0.097721,0.12888,0.156774,0.272429,0.320866,0.259941,0.089968,0.118524,0.10662,0.270521,0.240826,0.170554,0.269961,0.031617,0.322953,0.037288,0.273981,-0.357986,-0.426086,0.12177,0.802082,1.187217,1.594317,10.908799,0.440953,-0.388453,-0.327997,-0.033527,0.680572,0.895213,1.159788,13.276031,0.166973,-0.030467,0.098089,-0.155297,-0.121511,-0.292003,-0.434529,0.052992,0.005671,2.344307,-0.001908,-0.080039,0.550758,0.6259,0.36618,0.281879,1,sparse_vegetation,grade_B_blast_furnace_25to44,25-44% Mn (BF + Medium grade),0.236,36.9,1625.07,1432.68,104.75,293.23,736.99,4.46,6,0.2525,0.5004,0.1417,0.126,30.03,48.93,0.434,GRID_300M_24_04,140.29469206044558,7.5,7.5,7.5,7.6,7.7,7.8,40.2,40.8,42.0,45.5,43.8,45.2,19.2,19.2,18.4,17.2,18.2,18.3,40.6,39.9,39.6,37.3,38.0,36.5,15.4,10.7,6.5,6.2,6.0,4.5,1.54,1.55,1.59,1.62,1.64,1.64,29.8,30.5,30.5,30.3,30.1,30.1,13.4,13.5,15.8,17.2,17.6,17.2,29,MB300-0605,2.3997674891974006,,,,,,,,,1190.2906019138306,False,,,,,,,,,,,,,,,,,,6937.334015311857,False,True,0.0,Low,No Mining History (Barren Country Rock Control),Bharveli West Footwall Baseline,2399.0,GRID_BHARVELI_COMB_13_04,97.42592664381854,REAL
MASTER_24_05,24,5,21.870908,80.206786,3103.16748,318.562103,0,878,0.09,0.096898,0.132226,0.154539,0.298881,0.330798,0.256087,0.084752,0.110817,0.093653,0.219645,0.177997,0.11136,0.14747,0.032694,0.140267,0.017421,0.331281,-0.389412,-0.428048,0.089075,0.76184,1.112837,1.556896,6.335071,0.400365,-0.325775,-0.218488,-0.06301,0.620121,0.810676,1.098507,13.886824,0.069085,0.063637,0.20956,-0.152085,-0.141719,-0.302161,-0.458389,-0.007202,-0.015273,7.487366,-0.079236,-0.152801,0.536409,0.6287,0.418537,0.236902,1,sparse_vegetation,grade_B_blast_furnace_25to44,25-44% Mn (BF + Medium grade),0.229,36.9,1625.07,1432.68,104.75,293.23,736.99,4.46,6,0.2525,0.5004,0.1417,0.126,30.03,48.93,0.434,GRID_300M_24_05,141.76461096676783,7.4,7.5,7.5,7.6,7.6,7.7,39.3,40.4,41.3,44.7,42.8,44.1,20.1,19.9,19.1,18.0,19.0,19.2,40.6,39.8,39.6,37.3,38.2,36.8,15.1,10.7,6.8,6.0,5.5,3.8,1.54,1.55,1.59,1.62,1.63,1.63,29.8,30.5,30.6,30.3,30.2,30.2,14.5,14.9,17.0,18.1,18.5,17.8,29,MB300-0606,2.0932608044820737,,,,,,,,,998.7388618898793,False,,,,,,,,,,,,,,,,,,6937.0258560462735,False,True,0.0,Very Low,No Mining History (Barren Country Rock Control),Bharveli West Footwall Baseline,2524.2,GRID_BHARVELI_COMB_13_05,98.77699317623363,REAL
MASTER_24_06,24,6,21.870895,80.209706,2911.640625,322.986023,0,893,0.09,0.084609,0.112897,0.130484,0.262184,0.291048,0.217252,0.077398,0.098932,0.075948,0.220425,0.13466,0.07582,0.12649,0.029007,0.148745,0.024952,0.341242,-0.398367,-0.438828,0.090243,0.739526,1.117561,1.522543,6.9707,0.480722,-0.373698,-0.1389,-0.173013,0.562274,0.610363,0.979741,9.817913,0.13948,0.024669,0.299928,-0.263255,-0.177252,-0.507198,-0.542802,0.022255,-0.004055,2.85602,-0.041759,-0.156388,0.534667,0.6196,0.477171,0.129899,1,sparse_vegetation,grade_B_blast_furnace_25to44,25-44% Mn (BF + Medium grade),0.207,38.97,1625.07,1432.68,104.75,293.23,736.99,4.46,6,0.2525,0.5004,0.1417,0.126,30.03,48.93,0.434,GRID_300M_24_06,140.72038407568823,7.4,7.4,7.4,7.5,7.6,7.6,38.2,39.3,40.4,44.2,42.6,43.9,21.0,20.7,19.8,18.3,19.2,19.4,40.8,40.0,39.7,37.5,38.2,36.7,14.8,11.1,7.2,5.7,4.3,3.2,1.54,1.55,1.59,1.61,1.62,1.62,29.2,29.9,30.0,29.8,29.6,29.7,14.2,14.7,17.5,18.7,18.8,18.3,29,MB300-0607,3.353954071939053,,,,,,,,,867.7121363420629,False,,,,,,,,,,,,,,,,,,6940.363802804489,False,True,0.0,Very Low,No Mining History (Barren Country Rock Control),Bharveli West Footwall Baseline,2677.3,GRID_BHARVELI_COMB_13_06,97.94314357747484,REAL
MASTER_24_07,24,7,21.87092,80.212637,2742.916748,328.062988,0,899,0.09,0.093092,0.125093,0.148134,0.26974,0.326005,0.25558,0.07793,0.102082,0.077381,0.222156,0.12909,0.071034,0.135453,0.026719,0.126911,0.022233,0.300392,-0.368354,-0.445062,0.125176,0.776404,1.21292,1.566444,7.982767,0.451749,-0.339699,-0.090337,-0.181083,0.55297,0.5888,0.990485,10.008678,0.151357,0.028655,0.354725,-0.306259,-0.223434,-0.62412,-0.575959,-0.008542,-0.004486,1.996013,-0.047584,-0.196914,0.549328,0.6243,0.508835,0.173526,1,sparse_vegetation,grade_B_blast_furnace_25to44,25-44% Mn (BF + Medium grade),0.291,38.97,1625.07,1432.68,104.75,293.23,736.99,4.46,6,0.2525,0.5004,0.1417,0.126,30.03,48.93,0.434,GRID_300M_24_07,144.04126239621576,7.4,7.4,7.4,7.5,7.5,7.6,37.8,38.4,40.3,44.4,43.0,44.1,21.6,21.4,20.1,18.1,19.0,19.3,40.5,40.1,39.6,37.5,38.1,36.6,14.8,11.4,7.2,5.7,4.2,3.3,1.54,1.55,1.59,1.61,1.62,1.62,29.3,30.3,30.2,30.4,30.2,30.3,14.1,14.5,17.2,18.4,18.1,17.9,29,MB300-0608,3.188127774661726,,,,,,,,,835.2085624751546,False,,,,,,,,,,,,,,,,,,6961.1051933059,False,True,0.0,Very Low,Historical Open Pit & Active Mining Lease (High Grade),Bharveli Main Shaft & Central Pit,2691.6,GRID_BHARVELI_COMB_13_07,101.41389944501037,REAL
MASTER_24_08,24,8,21.870979,80.21554,2602.999023,333.735779,0,895,0.09,0.102772,0.136553,0.164953,0.29586,0.371996,0.293885,0.075245,0.104765,0.078042,0.301081,0.202935,0.117773,0.140172,0.026394,0.178194,0.034203,0.292552,-0.371721,-0.462868,0.141917,0.784921,1.255716,1.590387,7.885834,0.57721,-0.471808,-0.302815,-0.149444,0.569728,0.67918,1.024344,8.202171,0.284658,-0.100087,0.160054,-0.291362,-0.215193,-0.576536,-0.566043,0.038022,0.007809,0.366305,0.005221,-0.16906,0.556795,0.6438,0.408722,0.221229,1,sparse_vegetation,grade_B_blast_furnace_25to44,25-44% Mn (BF + Medium grade),0.268,38.99,1625.07,1432.68,104.75,293.23,736.99,4.46,6,0.2525,0.5004,0.1417,0.126,30.03,48.93,0.434,GRID_300M_24_08,150.1880746048238,7.4,7.4,7.4,7.5,7.5,7.5,37.7,38.5,41.1,45.6,44.0,44.5,21.5,21.0,19.5,17.7,18.6,19.4,40.8,40.5,39.4,36.7,37.3,36.2,15.7,11.3,7.7,5.7,3.7,2.8,1.54,1.54,1.58,1.6,1.62,1.62,30.1,30.9,30.8,31.0,30.8,30.8,15.1,15.4,18.3,19.6,19.2,18.6,29,MB300-0609,3.896533894424853,,,,,,,,,840.2017229306018,False,,,,,,,,,,,,,,,,,,6998.30759688048,False,True,0.0,Very Low,Historical Open Pit & Active Mining Lease (High Grade),Bharveli Main Shaft & Central Pit,2537.3,GRID_BHARVELI_COMB_13_08,107.22386715838444,REAL
MASTER_24_09,24,9,21.870968,80.218408,2485.218018,339.844727,0,855,0.09,0.107461,0.148228,0.196564,0.306194,0.411362,0.34467,0.086139,0.120771,0.105631,0.330745,0.279648,0.181867,0.12298,0.019945,0.199409,0.038462,0.225763,-0.349448,-0.471237,0.185668,0.834249,1.346684,1.81052,10.187969,0.515702,-0.461896,-0.391681,-0.045199,0.641432,0.854615,1.208283,7.917332,0.289939,-0.112447,0.079556,-0.230866,-0.192817,-0.492069,-0.602237,0.076429,0.018516,-2.167579,0.024551,-0.131714,0.599131,0.6903,0.358375,0.362573,1,built_up,grade_B_blast_furnace_25to44,25-44% Mn (BF + Medium grade),0.222,38.99,1625.07,1432.68,104.75,293.23,736.99,4.46,6,0.2525,0.5004,0.1417,0.126,30.03,48.93,0.434,GRID_300M_24_09,147.90767456326722,7.3,7.3,7.4,7.4,7.4,7.5,37.8,38.8,41.1,45.8,44.2,44.7,21.4,20.8,19.6,17.9,19.0,19.7,40.8,40.4,39.4,36.4,36.8,35.6,16.5,11.0,7.7,5.5,3.7,2.8,1.54,1.54,1.58,1.61,1.62,1.63,30.0,30.5,30.6,30.5,30.3,30.3,15.7,16.1,18.9,20.1,20.4,19.9,29,MB300-0610,1.259700247066608,,,,,,,,,837.2061455600161,False,,,,,,,,,,,,,,,,,,7039.813585855846,False,True,0.0,Low,Historical Open Pit & Active Mining Lease (High Grade),Bharveli Main Shaft & Central Pit,2410.6,GRID_BHARVELI_COMB_13_09,104.51029459865084,REAL
MASTER_24_10,24,10,21.871009,80.221306,2403.189453,346.578979,0,872,0.09,0.09604,0.135354,0.173281,0.312977,0.396793,0.317221,0.078186,0.107856,0.088472,0.296818,0.208033,0.12528,0.125599,0.024775,0.186801,0.03858,0.298772,-0.399994,-0.494016,0.159436,0.794284,1.268538,1.782533,7.502789,0.541668,-0.459778,-0.299279,-0.129283,0.588864,0.695742,1.104401,8.071248,0.242896,-0.059784,0.194737,-0.288719,-0.205419,-0.572796,-0.678132,0.061202,0.013805,0.5945,-0.016159,-0.188759,0.585275,0.7041,0.41729,0.25,1,sparse_vegetation,grade_B_blast_furnace_25to44,25-44% Mn (BF + Medium grade),0.271,38.99,1625.07,1432.68,104.75,293.23,736.99,4.46,6,0.2525,0.5004,0.1417,0.126,30.03,48.93,0.434,GRID_300M_24_10,152.07439342030474,7.3,7.3,7.3,7.4,7.4,7.4,37.8,38.8,41.2,45.7,44.1,44.5,21.3,20.7,19.4,18.1,19.3,19.9,40.9,40.5,39.4,36.3,36.7,35.5,16.0,11.0,7.9,5.8,3.8,3.2,1.54,1.54,1.58,1.61,1.62,1.63,29.4,30.2,30.2,30.1,29.9,29.9,15.9,16.3,19.2,19.9,20.0,19.7,29,MB300-0611,3.675189733216139,,,,,,,,,840.2880947860201,False,,,,,,,,,,,,,,,,,,7099.768375716848,False,True,0.0,Low,Historical Open Pit & Active Mining Lease (High Grade),Bharveli Main Shaft & Central Pit,2316.1,GRID_BHARVELI_COMB_13_10,108.40160555287576,REAL
MASTER_24_11,24,11,21.870984,80.224198,2349.227783,353.649475,0,897,0.09,0.113055,0.152235,0.191814,0.327091,0.432706,0.343557,0.074731,0.100446,0.080404,0.259929,0.184506,0.106667,0.114185,0.019454,0.167043,0.027822,0.26408,-0.366272,-0.480846,0.172067,0.792644,1.324638,1.692451,8.528708,0.525447,-0.438204,-0.281491,-0.122269,0.573036,0.707356,1.067215,8.825887,0.261367,-0.071932,0.199355,-0.294336,-0.219609,-0.617282,-0.625236,0.052859,0.008368,0.29037,-0.067162,-0.2482,0.581578,0.6426,0.423626,0.347826,1,sparse_vegetation,grade_B_blast_furnace_25to44,25-44% Mn (BF + Medium grade),0.196,38.53,1625.07,1432.68,104.75,293.23,736.99,4.46,6,0.2525,0.5004,0.1417,0.126,30.03,48.93,0.434,GRID_300M_24_11,148.9542270145078,7.2,7.2,7.3,7.3,7.3,7.4,37.9,38.7,41.3,45.9,44.8,45.5,20.4,19.9,18.8,17.1,18.3,19.0,41.7,41.4,40.0,37.0,37.0,35.5,16.7,11.7,8.1,5.9,4.3,3.6,1.54,1.54,1.58,1.6,1.63,1.63,29.0,29.6,29.6,29.4,29.4,29.2,17.7,17.6,20.5,22.5,22.8,23.8,29,MB300-0612,3.196456465259064,,,,,,,,,835.8832887488167,False,,,,,,,,,,,,,,,,,,7164.461731120692,False,True,0.0,Low,Historical Open Pit & Active Mining Lease (High Grade),Bharveli Main Shaft & Central Pit,2257.8,GRID_BHARVELI_COMB_13_11,105.22842226480704,REAL
MASTER_24_12,24,12,21.871016,80.227118,2338.700439,1.004268,0,868,0.09,0.121676,0.161209,0.210593,0.329665,0.46615,0.384782,0.077343,0.106372,0.092926,0.264166,0.223809,0.132661,0.085116,0.015115,0.157704,0.033288,0.222034,-0.343981,-0.486702,0.199183,0.824135,1.418679,1.730511,10.174695,0.47659,-0.421828,-0.340637,-0.043565,0.588941,0.843244,1.197045,7.367225,0.254556,-0.077847,0.146065,-0.242749,-0.235194,-0.575435,-0.533465,0.072588,0.018173,-2.684719,-0.065499,-0.242341,0.594843,0.6533,0.388381,0.511521,1,sparse_vegetation,grade_B_blast_furnace_25to44,25-44% Mn (BF + Medium grade),0.22,38.53,1625.07,1432.68,104.75,293.23,736.99,4.46,6,0.2525,0.5004,0.1417,0.126,30.03,48.93,0.434,GRID_300M_24_12,152.70806002645088,7.1,7.2,7.2,7.3,7.3,7.3,38.2,38.9,41.4,45.8,44.8,45.6,20.4,19.8,18.7,17.1,18.3,19.0,41.5,41.3,39.8,37.2,37.0,35.4,18.5,12.4,8.4,6.1,4.4,3.8,1.53,1.54,1.57,1.61,1.63,1.63,28.8,29.4,29.5,29.3,29.2,29.1,18.0,17.9,20.5,22.3,22.4,23.4,29,MB300-0613,1.5940638876235342,,,,,,,,,837.9840692104949,False,,,,,,,,,,,,,,,,,,7230.231541149154,False,True,0.0,Low,Unmined Exploratory Target (Core Borehole Intercept),Manegaon Northern Strike Extension,2207.4,GRID_BHARVELI_COMB_13_12,108.96642443042975,REAL
MASTER_24_13,24,13,21.870991,80.230033,2360.404297,8.314546,0,897,0.09,0.093464,0.124765,0.159479,0.295547,0.39625,0.316227,0.067503,0.098252,0.071053,0.327375,0.242566,0.132623,0.104125,0.021708,0.201665,0.045199,0.305775,-0.40909,-0.5237,0.172436,0.793016,1.34896,1.691086,6.987256,0.635881,-0.530853,-0.420615,-0.114541,0.544144,0.754283,1.040862,6.439398,0.330106,-0.121763,0.103086,-0.286978,-0.248872,-0.594678,-0.650224,0.09754,0.023491,-0.527717,0.031828,-0.153684,0.576452,0.6442,0.365776,0.231884,1,sparse_vegetation,grade_B_blast_furnace_25to44,25-44% Mn (BF + Medium grade),0.269,38.53,1625.07,1432.68,104.75,293.23,736.99,4.46,6,0.2525,0.5004,0.1417,0.126,30.03,48.93,0.434,GRID_300M_24_13,150.18070491784093,7.0,7.0,7.1,7.1,7.2,7.2,39.0,39.8,41.9,46.1,45.2,45.7,20.6,20.1,18.9,17.2,18.3,19.1,40.4,40.2,39.1,36.8,36.5,35.2,22.4,13.7,10.3,6.6,5.0,4.4,1.49,1.51,1.54,1.58,1.59,1.6,28.9,29.6,29.7,29.5,29.4,29.3,20.1,20.1,21.9,23.2,24.1,26.1,29,MB300-0614,3.3411979422239773,,,,,,,,,833.8343718909551,False,,,,,,,,,,,,,,,,,,7225.894134000906,False,True,0.0,Low,Unmined Exploratory Target (Core Borehole Intercept),Manegaon Northern Strike Extension,1958.3,GRID_BHARVELI_COMB_13_13,106.58506490578128,REAL
MASTER_24_14,24,14,21.871039,80.232944,2427.098877,15.319165,0,914,0.09,0.085321,0.11579,0.123348,0.288013,0.324273,0.24259,0.074198,0.104168,0.069448,0.367247,0.247293,0.128051,0.091326,0.022169,0.141971,0.029263,0.403735,-0.425537,-0.469639,0.082991,0.737296,1.140689,1.428474,6.097522,0.682054,-0.557564,-0.404458,-0.168214,0.510309,0.677851,0.929006,7.678712,0.27832,-0.132027,0.065181,-0.251205,-0.226987,-0.462838,-0.499468,0.050645,0.007094,1.572898,0.079233,-0.07698,0.512596,0.6226,0.355073,0.091904,0,sparse_vegetation,grade_B_blast_furnace_25to44,25-44% Mn (BF + Medium grade),0.29,38.53,1625.07,1432.68,104.75,293.23,736.99,4.46,6,0.2525,0.5004,0.1417,0.126,30.03,48.93,0.434,GRID_300M_25_14,154.03554158467864,6.6,6.6,6.6,6.7,6.7,6.7,40.4,41.5,43.6,47.1,45.9,46.1,20.6,20.1,19.0,17.4,18.8,19.4,39.0,38.4,37.4,35.6,35.3,34.5,26.2,19.0,12.2,6.8,5.0,4.2,1.45,1.46,1.5,1.54,1.55,1.56,30.0,30.6,30.6,30.3,30.3,30.4,22.2,22.1,23.0,24.3,26.3,28.9,29,MB300-0615,0.9126359998367513,,,,,,,,,837.6559003573154,False,,,,,,,,,,,,,,,,,,7226.529557749834,False,True,0.0,Low,Unmined Exploratory Target (Core Borehole Intercept),Manegaon Northern Strike Extension,1725.3,GRID_BHARVELI_COMB_13_14,111.69011821575072,REAL
MASTER_24_15,24,15,21.87108,80.235863,2527.480469,21.88249,0,900,0.09,0.078234,0.10528,0.100819,0.284135,0.282149,0.20144,0.068458,0.09408,0.055831,0.366484,0.211226,0.096332,0.129675,0.03061,0.167912,0.039894,0.473927,-0.456486,-0.453657,0.024515,0.706946,1.011541,1.280988,5.814991,0.735161,-0.591318,-0.383875,-0.239017,0.455026,0.577965,0.815402,5.694909,0.261235,-0.134832,0.069782,-0.263532,-0.25192,-0.433576,-0.465587,0.038237,0.009283,-0.12019,0.082349,-0.070923,0.472494,0.5725,0.363218,0.001111,0,sparse_vegetation,grade_B_blast_furnace_25to44,25-44% Mn (BF + Medium grade),0.45,36.47,1625.07,1432.68,104.75,293.23,736.99,4.46,6,0.2525,0.5004,0.1417,0.126,30.03,48.93,0.434,GRID_300M_25_15,149.86927649815442,6.2,6.2,6.3,6.4,6.4,6.4,43.1,44.0,45.9,48.5,46.9,47.3,19.5,19.2,18.4,17.1,18.5,18.9,37.4,36.9,35.7,34.3,34.6,33.8,30.9,22.6,13.4,7.2,4.9,4.2,1.44,1.46,1.48,1.53,1.53,1.54,32.7,33.3,33.0,32.8,33.0,33.7,22.2,22.3,22.5,24.0,25.0,27.0,16,MB300-0616,4.22569636157722,,,,,,,,,840.8683496462669,False,,,,,,,,,,,,,,,,,,7232.300688954658,False,True,0.0,Low,Unmined Exploratory Target (Core Borehole Intercept),Manegaon Northern Strike Extension,1516.2,GRID_BHARVELI_COMB_13_15,116.37552163970082,REAL
MASTER_24_16,24,16,21.871073,80.238775,2653.270996,27.911705,0,897,0.09,0.085175,0.10606,0.118694,0.234254,0.298012,0.234127,0.064657,0.088373,0.052663,0.360246,0.21774,0.101798,0.261492,0.050848,0.575234,0.106318,0.325042,-0.373987,-0.473506,0.130781,0.782198,1.288631,1.392603,6.463457,0.744968,-0.606545,-0.423966,-0.221474,0.467144,0.606624,0.815992,7.459613,0.419927,-0.232558,0.049541,-0.352255,-0.315054,-0.682007,-0.576611,0.313743,0.05547,0.986351,0.125991,-0.080272,0.523648,0.6025,0.363148,0.172798,1,sparse_vegetation,grade_B_blast_furnace_25to44,25-44% Mn (BF + Medium grade),0.604,36.47,1625.07,1432.68,104.75,293.23,736.99,4.46,6,0.2525,0.5004,0.1417,0.126,30.03,48.93,0.434,GRID_300M_25_16,150.72815329052375,6.3,6.3,6.3,6.4,6.5,6.5,42.9,43.8,45.4,48.0,46.3,46.6,19.3,18.9,18.4,17.1,18.3,18.8,37.8,37.2,36.2,34.8,35.4,34.6,32.9,22.7,13.9,8.0,5.6,4.6,1.43,1.46,1.48,1.52,1.53,1.54,33.1,33.5,33.2,33.0,33.1,34.2,24.2,24.0,23.9,25.3,25.8,27.2,16,MB300-0617,3.470396470807354,,,,,,,,,838.5936564392593,False,,,,,,,,,,,,,,,,,,7231.078792732725,False,True,0.0,Low,Unmined Exploratory Target (Core Borehole Intercept),Manegaon Northern Strike Extension,1341.9,GRID_BHARVELI_COMB_13_16,115.74006711695063,REAL
MASTER_24_17,24,17,21.871084,80.241643,2804.780518,33.241283,0,873,0.09,0.065862,0.093159,0.081614,0.290345,0.236488,0.152291,0.05383,0.073899,0.044952,0.335117,0.212884,0.099366,0.484518,0.113683,1.16805,0.244055,0.554603,-0.508293,-0.433869,-0.057007,0.638505,0.840453,1.228743,5.550209,0.762707,-0.638168,-0.48507,-0.201988,0.466543,0.637468,0.835021,6.162253,0.208103,-0.129875,-0.051201,-0.144981,-0.171962,-0.202985,-0.393721,0.683532,0.130373,0.612385,0.044772,-0.023604,0.445288,0.567,0.291721,0.017182,0,dense_vegetation,grade_B_blast_furnace_25to44,25-44% Mn (BF + Medium grade),0.531,36.47,1625.07,1432.68,104.75,293.23,736.99,4.46,6,0.2525,0.5004,0.1417,0.126,30.03,48.93,0.434,GRID_300M_25_17,148.53326157491608,6.6,6.6,6.7,6.7,6.8,6.8,43.3,43.8,45.4,48.2,46.5,46.6,19.5,19.2,18.5,16.8,18.0,18.7,37.2,37.0,36.1,35.0,35.5,34.7,30.2,21.0,15.7,9.1,6.1,4.9,1.46,1.48,1.5,1.53,1.53,1.54,32.2,33.0,32.4,32.3,32.6,33.7,24.4,24.4,24.5,26.5,27.1,28.0,16,MB300-0618,1.1272318986363865,,,,,,,,,838.1436037822373,False,,,,,,,,,,,,,,,,,,7232.32509754239,False,True,0.0,Low,Unmined Exploratory Target (Core Borehole Intercept),Manegaon Northern Strike Extension,1217.7,GRID_BHARVELI_COMB_13_17,115.61909750895609,REAL
MASTER_24_18,24,18,21.871077,80.244516,2976.706299,38.019844,0,900,0.09,0.068566,0.098395,0.094655,0.285042,0.265167,0.179931,0.05608,0.078013,0.046745,0.35731,0.212642,0.098256,0.339414,0.078939,0.659286,0.153346,0.500732,-0.484801,-0.454742,0.004553,0.674988,0.942256,1.371031,5.348152,0.767782,-0.640808,-0.463125,-0.22845,0.461857,0.596885,0.832097,5.562176,0.26705,-0.156007,-0.008384,-0.233003,-0.213131,-0.345371,-0.538935,0.319871,0.074407,0.21458,0.072268,-0.052525,0.48141,0.6083,0.320929,0.0,0,dense_vegetation,non_ore,Background,0.549,36.47,1625.07,1432.68,104.75,293.23,736.99,4.46,6,0.2525,0.5004,0.1417,0.126,30.03,48.93,0.434,GRID_300M_25_18,148.49969012713663,6.9,6.9,7.0,7.0,7.0,7.1,42.9,43.2,45.0,48.1,46.8,46.5,19.9,19.5,18.8,16.9,17.9,18.9,37.3,37.3,36.2,35.1,35.3,34.6,28.2,19.1,16.0,9.5,6.3,5.1,1.45,1.47,1.51,1.53,1.53,1.54,31.3,32.2,31.7,31.6,32.0,32.9,24.1,24.5,25.0,27.2,27.7,28.7,16,MB300-0619,3.8179800910441255,,,,,,,,,904.8100184097112,False,,,,,,,,,,,,,,,,,,7231.570213872497,False,True,0.0,Medium,Unmined Exploratory Target (Core Borehole Intercept),Manegaon Northern Strike Extension,1159.6,GRID_BHARVELI_COMB_13_18,113.83246267190522,REAL
MASTER_24_19,24,19,21.871085,80.247425,3170.850586,42.279629,0,894,0.09,0.091126,0.126136,0.154777,0.283077,0.38248,0.294959,0.08574,0.112715,0.091779,0.326961,0.250012,0.141789,0.119823,0.028158,0.308161,0.059277,0.302305,-0.388156,-0.507263,0.175712,0.766434,1.353901,1.680427,7.151348,0.566761,-0.486701,-0.37848,-0.102798,0.556856,0.769586,1.042753,7.435781,0.264456,-0.098544,0.128783,-0.27851,-0.209578,-0.584315,-0.637675,0.188337,0.031119,0.310416,0.043884,-0.132468,0.581042,0.6848,0.38084,0.181208,1,sparse_vegetation,grade_B_blast_furnace_25to44,25-44% Mn (BF + Medium grade),0.452,35.89,1625.07,1432.68,104.75,293.23,736.99,4.46,6,0.2525,0.5004,0.1417,0.126,30.03,48.93,0.434,GRID_300M_25_19,147.6285986237015,7.0,7.1,7.1,7.1,7.1,7.2,39.3,39.7,42.2,45.7,45.1,44.9,21.1,20.8,20.1,18.5,19.3,20.1,39.5,39.5,37.7,35.8,35.6,35.0,22.5,15.4,13.1,7.2,5.4,4.5,1.43,1.45,1.49,1.53,1.54,1.55,29.2,30.3,29.9,29.9,30.0,30.0,22.1,22.9,23.8,25.9,27.5,29.1,16,MB300-0620,3.574963545151413,,,,,,,,,1057.6878590719102,False,,,,,,,,,,,,,,,,,,7233.021406680194,False,True,0.0,Medium,Unmined Exploratory Target (Core Borehole Intercept),Manegaon Northern Strike Extension,1177.5,GRID_BHARVELI_COMB_13_19,114.71863962746261,REAL
MASTER_24_20,24,20,21.871092,80.250362,3382.353027,46.066551,0,890,0.09,0.098382,0.135974,0.173243,0.286877,0.398129,0.321489,0.104686,0.131696,0.106768,0.332399,0.257314,0.151596,0.090791,0.019684,0.218455,0.04406,0.253817,-0.358835,-0.492155,0.190313,0.80287,1.394105,1.745277,8.434798,0.514627,-0.428737,-0.323538,-0.094448,0.579382,0.779398,1.029644,7.657682,0.26081,-0.069902,0.168617,-0.284761,-0.223488,-0.614707,-0.715633,0.127664,0.024375,-0.711526,0.045522,-0.140814,0.594058,0.6957,0.404644,0.352809,1,sparse_vegetation,grade_B_blast_furnace_25to44,25-44% Mn (BF + Medium grade),0.313,35.89,1625.07,1432.68,104.75,293.23,736.99,4.46,6,0.2525,0.5004,0.1417,0.126,30.03,48.93,0.434,GRID_300M_25_20,147.52385496547814,7.1,7.1,7.2,7.2,7.2,7.3,37.6,38.4,41.3,45.3,44.5,44.7,21.5,21.0,20.0,18.5,19.3,20.1,40.9,40.6,38.7,36.2,36.3,35.3,19.9,13.3,10.0,6.4,4.5,3.5,1.47,1.48,1.53,1.56,1.57,1.57,29.5,30.5,30.2,30.1,30.2,30.2,19.5,20.6,23.2,24.6,25.3,26.8,29,MB300-0621,2.4836677270581387,,,,,,,,,1266.7715885708362,False,,,,,,,,,,,,,,,,,,7230.776552623932,False,True,0.0,Low,Unmined Exploratory Target (Core Borehole Intercept),Manegaon Northern Strike Extension,1268.3,GRID_BHARVELI_COMB_13_20,116.2624455152549,REAL
MASTER_24_21,24,21,21.871143,80.253261,3607.070068,49.293499,0,908,0.09,0.095134,0.129307,0.155035,0.289405,0.358699,0.287106,0.078238,0.103102,0.078719,0.27985,0.199903,0.110891,0.112028,0.023889,0.18992,0.03548,0.310248,-0.384422,-0.469626,0.137947,0.793306,1.243771,1.61143,8.469491,0.549092,-0.44872,-0.298662,-0.129142,0.5521,0.709413,0.99856,8.050097,0.238844,-0.064299,0.170964,-0.267089,-0.241206,-0.534357,-0.61287,0.077893,0.011591,-0.462264,-0.009554,-0.158795,0.554747,0.6667,0.408411,0.167401,1,sparse_vegetation,grade_B_blast_furnace_25to44,25-44% Mn (BF + Medium grade),0.329,36.26,1625.07,1432.68,104.75,293.23,736.99,4.46,6,0.2525,0.5004,0.1417,0.126,30.03,48.93,0.434,GRID_300M_25_21,141.785014034622,7.1,7.1,7.2,7.2,7.2,7.3,36.6,37.8,40.9,44.4,43.5,44.1,21.2,20.6,19.4,18.4,19.3,19.9,42.2,41.7,39.8,37.2,37.3,36.0,19.5,13.2,9.7,6.0,4.1,3.5,1.5,1.51,1.55,1.6,1.61,1.61,29.6,30.2,30.2,29.9,29.9,30.1,18.6,19.3,22.4,23.5,23.0,24.7,29,MB300-0622,1.6729935952558346,,,,,,,,,1507.746031712216,False,,,,,,,,,,,,,,,,,,7232.535502162975,False,True,0.0,Low,Unmined Exploratory Target (Core Borehole Intercept),Manegaon Northern Strike Extension,1417.9,GRID_BHARVELI_COMB_13_21,121.43714992139392,REAL
MASTER_24_22,24,22,21.871159,80.256187,3841.695557,52.207691,0,888,0.09,0.102645,0.139333,0.180697,0.294028,0.405577,0.33202,0.099676,0.120911,0.096863,0.272152,0.204834,0.119779,0.083443,0.013731,0.188575,0.039712,0.244646,-0.359104,-0.488823,0.189828,0.814677,1.384645,1.74895,10.108332,0.472455,-0.378569,-0.235377,-0.113661,0.575192,0.736148,0.979368,7.738804,0.227809,-0.019465,0.253446,-0.30349,-0.239486,-0.648497,-0.769583,0.105132,0.025981,-2.364751,-0.021876,-0.200744,0.593327,0.6755,0.449185,0.342342,1,sparse_vegetation,grade_B_blast_furnace_25to44,25-44% Mn (BF + Medium grade),0.359,36.26,1625.07,1432.68,104.75,293.23,736.99,4.46,6,0.2525,0.5004,0.1417,0.126,30.03,48.93,0.434,GRID_300M_25_22,140.50092973373543,7.1,7.2,7.2,7.2,7.3,7.3,36.0,37.2,40.4,44.1,43.1,44.0,20.9,20.2,18.8,17.7,18.7,19.5,43.2,42.6,40.8,38.2,38.1,36.5,18.5,12.2,8.4,5.5,4.0,3.5,1.51,1.52,1.56,1.61,1.62,1.63,29.9,30.4,30.4,30.1,30.2,30.2,17.4,18.3,21.1,22.7,22.4,24.2,29,MB300-0623,3.030183173399182,,,,,,,,,1767.326127099043,False,,,,,,,,,,,,,,,,,,7236.080886572601,False,True,0.0,Low,Unmined Exploratory Target (Core Borehole Intercept),Manegaon Northern Strike Extension,1610.1,GRID_BHARVELI_COMB_13_22,123.65397261159175,REAL
MASTER_24_23,24,23,21.871179,80.259091,4083.498291,54.756397,0,879,0.09,0.108534,0.144924,0.185151,0.287662,0.393218,0.334065,0.127924,0.14245,0.117458,0.275008,0.209726,0.127255,0.087312,0.01435,0.178022,0.035973,0.221213,-0.330045,-0.464194,0.186969,0.848979,1.383743,1.690051,10.450438,0.411234,-0.322769,-0.194306,-0.106946,0.596923,0.759548,0.93928,6.623532,0.190021,0.007276,0.269888,-0.293916,-0.252056,-0.624196,-0.75077,0.09071,0.021623,-3.766261,-0.012654,-0.183492,0.581347,0.6462,0.461583,0.427759,1,built_up,grade_B_blast_furnace_25to44,25-44% Mn (BF + Medium grade),0.264,36.26,1625.07,1432.68,104.75,293.23,736.99,4.46,6,0.2525,0.5004,0.1417,0.126,30.03,48.93,0.434,GRID_300M_25_23,138.2159238959242,7.1,7.2,7.2,7.2,7.3,7.3,36.1,37.6,41.1,44.6,43.5,44.4,20.9,20.0,18.4,17.2,18.3,18.9,43.1,42.4,40.5,38.3,38.3,36.7,17.0,11.6,8.3,5.5,3.9,3.4,1.51,1.52,1.56,1.61,1.62,1.63,30.3,30.7,30.7,30.5,30.5,30.5,16.7,17.2,20.3,21.9,21.7,22.8,29,MB300-0624,3.593333400440333,,,,,,,,,2036.8398397927267,False,,,,,,,,,,,,,,,,,,7237.872814721379,False,True,0.0,Low,Unmined Exploratory Target (Core Borehole Intercept),Manegaon Northern Strike Extension,1831.5,GRID_BHARVELI_COMB_13_23,125.65746504485196,REAL
MASTER_24_24,24,24,21.87117,80.261727,4307.628906,56.851536,0,717,0.09,0.111705,0.150628,0.19182,0.322203,0.411991,0.333979,0.101385,0.123649,0.099057,0.302866,0.226659,0.135259,0.118473,0.023835,0.209006,0.038746,0.257976,-0.364572,-0.466304,0.162656,0.809282,1.282328,1.709814,8.463336,0.51316,-0.425701,-0.29812,-0.108477,0.593298,0.751606,0.995685,8.029197,0.255185,-0.061129,0.168183,-0.271134,-0.215984,-0.530722,-0.714129,0.090532,0.014912,-0.390146,-0.019338,-0.185332,0.578797,0.6231,0.408566,0.357043,1,sparse_vegetation,grade_B_blast_furnace_25to44,25-44% Mn (BF + Medium grade),0.336,36.85,1625.07,1432.68,104.75,293.23,736.99,4.46,6,0.2525,0.5004,0.1417,0.126,30.03,48.93,0.434,GRID_300M_25_24,135.05748680211425,7.1,7.2,7.2,7.3,7.3,7.4,36.3,37.9,41.6,44.9,43.7,44.5,21.0,20.1,18.3,16.7,17.8,18.3,42.7,41.9,40.1,38.4,38.5,37.2,16.5,10.8,8.0,5.4,3.8,2.9,1.52,1.52,1.57,1.61,1.63,1.63,30.5,30.9,30.9,30.7,30.8,30.7,15.4,15.7,18.8,19.5,19.7,19.7,29,MB300-0625,25.31620318737318,,,,,,,,,2286.9532448177074,False,,,,,,,,,,,,,,,,,,7236.594535039378,False,True,0.0,Low,Unmined Exploratory Target (Core Borehole Intercept),Manegaon Northern Strike Extension,2072.8,GRID_BHARVELI_COMB_13_24,120.2343831430598,REAL
MASTER_25_00,25,0,21.87353,80.1928,4366.140625,306.832458,0,609,0.09,0.083707,0.108907,0.128395,0.230729,0.25577,0.194613,0.081883,0.10484,0.079156,0.276276,0.187557,0.107906,0.12865,0.022892,0.159215,0.032034,0.28086,-0.353479,-0.4026,0.100789,0.759829,1.131408,1.528152,10.317466,0.554458,-0.447816,-0.284198,-0.147373,0.571935,0.683948,0.95826,7.253201,0.273598,-0.094337,0.118401,-0.248163,-0.187894,-0.44746,-0.569892,0.030565,0.009142,-3.055844,0.045548,-0.068213,0.542378,0.6099,0.396666,0.236453,1,sparse_vegetation,grade_B_blast_furnace_25to44,25-44% Mn (BF + Medium grade),0.231,36.57,1625.07,1432.68,104.75,293.23,736.99,4.46,6,0.2525,0.5004,0.1417,0.126,30.03,48.93,0.434,GRID_300M_25_00,159.8903338929043,7.3,7.4,7.5,7.6,7.7,7.8,41.5,42.2,41.7,42.8,41.9,43.0,18.4,18.3,18.5,18.0,18.9,19.2,40.1,39.5,39.8,39.2,39.2,37.9,15.2,11.0,6.2,5.5,3.5,3.0,1.54,1.56,1.6,1.62,1.62,1.63,30.4,31.3,31.2,31.2,31.0,31.3,12.0,11.0,13.0,15.1,15.5,15.7,29,MB300-0626,54.49642912424908,,,,,,,,,2291.83800380168,False,,,,,,,,,,,,,,,,,,7236.03529906697,False,True,0.0,Very Low,No Mining History (Barren Country Rock Control),Bharveli West Footwall Baseline,2553.4,GRID_BHARVELI_COMB_14_00,126.49456128437946,REAL
MASTER_25_01,25,1,21.873589,80.195174,4177.118164,308.915466,0,870,0.09,0.098278,0.128553,0.164037,0.268869,0.32441,0.243773,0.090835,0.11059,0.085717,0.250269,0.166456,0.096719,0.148297,0.034885,0.116012,0.023019,0.2495,-0.353536,-0.431118,0.136564,0.748331,1.211,1.647769,6.872318,0.496838,-0.388699,-0.193659,-0.159812,0.568535,0.65836,0.936889,8.46477,0.247339,-0.035163,0.237458,-0.296376,-0.179796,-0.55264,-0.710879,-0.032285,-0.011866,1.582348,-0.018599,-0.157954,0.574939,0.6427,0.454378,0.448276,1,sparse_vegetation,grade_B_blast_furnace_25to44,25-44% Mn (BF + Medium grade),0.206,36.57,1625.07,1432.68,104.75,293.23,736.99,4.46,6,0.2525,0.5004,0.1417,0.126,30.03,48.93,0.434,GRID_300M_25_01,140.4548823753656,7.4,7.5,7.6,7.6,7.7,7.8,41.0,41.3,42.0,43.8,42.7,44.0,18.1,18.2,17.8,17.0,18.0,18.2,40.9,40.4,40.2,39.1,39.3,37.7,15.0,10.4,6.3,5.7,3.4,2.8,1.54,1.57,1.6,1.62,1.63,1.63,30.1,31.1,30.9,30.9,30.8,31.0,11.6,10.5,11.7,14.5,15.7,16.0,29,MB300-0627,2.7906614121246553,,,,,,,,,2085.116043014286,False,,,,,,,,,,,,,,,,,,7240.226204536835,False,True,0.0,Very Low,No Mining History (Barren Country Rock Control),Bharveli West Footwall Baseline,2533.0,GRID_BHARVELI_COMB_14_01,97.75998785541152,REAL
MASTER_25_02,25,2,21.873599,80.198048,3951.773682,311.625641,0,886,0.09,0.104501,0.136932,0.18239,0.286849,0.368961,0.27809,0.104908,0.123409,0.098764,0.236668,0.155442,0.097756,0.147728,0.041254,0.11509,0.019204,0.226318,-0.354181,-0.458456,0.16792,0.75307,1.288474,1.73585,4.511746,0.425202,-0.320927,-0.104742,-0.160669,0.608686,0.642439,0.938938,9.612253,0.198883,0.033254,0.353714,-0.328589,-0.144383,-0.646035,-0.796912,-0.032637,-0.022051,5.055163,-0.050181,-0.213519,0.598067,0.6489,0.50853,0.528217,1,sparse_vegetation,grade_B_blast_furnace_25to44,25-44% Mn (BF + Medium grade),0.305,36.57,1625.07,1432.68,104.75,293.23,736.99,4.46,6,0.2525,0.5004,0.1417,0.126,30.03,48.93,0.434,GRID_300M_25_02,140.5447607962597,7.4,7.5,7.5,7.6,7.7,7.7,40.7,41.0,42.6,45.4,44.1,45.5,18.8,19.0,18.0,16.8,17.9,17.9,40.5,40.0,39.3,37.7,38.0,36.5,15.1,10.6,6.4,5.5,3.3,2.7,1.54,1.56,1.6,1.62,1.63,1.63,29.7,30.6,30.6,30.3,30.2,30.3,11.4,10.9,11.9,14.7,16.1,16.4,29,MB300-0628,3.986050479065922,,,,,,,,,1843.3491355751712,False,,,,,,,,,,,,,,,,,,7241.587145588556,False,True,0.0,Very Low,No Mining History (Barren Country Rock Control),Bharveli West Footwall Baseline,2548.0,GRID_BHARVELI_COMB_14_02,97.37365783851745,REAL
MASTER_25_03,25,3,21.873602,80.200963,3732.879883,314.6922,0,891,0.09,0.098119,0.126885,0.16291,0.250083,0.314733,0.243966,0.085321,0.107819,0.086029,0.230479,0.155835,0.09159,0.136029,0.026652,0.173338,0.020434,0.212513,-0.323738,-0.423513,0.155401,0.776447,1.266157,1.646261,8.395047,0.461946,-0.366224,-0.176107,-0.137348,0.579214,0.67485,1.016055,16.283162,0.249433,-0.042486,0.247406,-0.292749,-0.197233,-0.591306,-0.630205,0.03731,-0.006218,7.711012,-0.019604,-0.158899,0.5799,0.6359,0.46048,0.536476,1,built_up,grade_B_blast_furnace_25to44,25-44% Mn (BF + Medium grade),0.235,36.9,1625.07,1432.68,104.75,293.23,736.99,4.46,6,0.2525,0.5004,0.1417,0.126,30.03,48.93,0.434,GRID_300M_25_03,141.03257622428288,7.4,7.5,7.5,7.6,7.6,7.7,40.5,41.2,42.6,45.7,44.3,45.7,18.9,19.0,18.1,16.9,18.0,18.1,40.6,39.8,39.3,37.3,37.6,36.2,15.2,10.8,6.3,6.1,4.5,3.3,1.54,1.55,1.6,1.62,1.64,1.64,29.5,30.3,30.3,30.1,29.8,29.9,13.3,13.4,15.7,16.9,17.9,17.6,29,MB300-0629,2.2965136708647376,,,,,,,,,1616.4665975424282,False,,,,,,,,,,,,,,,,,,7241.809782212856,False,True,0.0,Very Low,No Mining History (Barren Country Rock Control),Bharveli West Footwall Baseline,2597.8,GRID_BHARVELI_COMB_14_03,97.92062390594465,REAL
MASTER_25_04,25,4,21.873602,80.203879,3525.651123,318.129395,0,894,0.09,0.092971,0.123955,0.151194,0.269171,0.304076,0.227955,0.081187,0.109264,0.093047,0.224552,0.181718,0.107496,0.119205,0.029785,0.153912,0.022697,0.288795,-0.37,-0.417748,0.106461,0.743825,1.132479,1.603038,7.022763,0.412616,-0.343164,-0.24844,-0.053959,0.590248,0.815432,1.141491,11.329887,0.123821,0.026836,0.169308,-0.16042,-0.153577,-0.317047,-0.461546,0.034707,-0.007088,4.342349,-0.044619,-0.122359,0.555956,0.6297,0.403153,0.357942,1,sparse_vegetation,grade_B_blast_furnace_25to44,25-44% Mn (BF + Medium grade),0.2,36.9,1625.07,1432.68,104.75,293.23,736.99,4.46,6,0.2525,0.5004,0.1417,0.126,30.03,48.93,0.434,GRID_300M_25_04,141.25766635388877,7.4,7.4,7.5,7.6,7.6,7.7,39.7,40.6,41.5,45.3,43.6,44.8,19.5,19.4,18.7,17.4,18.4,18.6,40.8,40.0,39.8,37.3,38.0,36.6,15.4,10.9,6.8,5.6,5.0,3.6,1.54,1.55,1.59,1.62,1.63,1.63,29.9,30.6,30.6,30.4,30.2,30.2,14.5,14.7,17.8,19.2,18.4,17.8,29,MB300-0630,0.996512619315204,,,,,,,,,1417.2102846769599,False,,,,,,,,,,,,,,,,,,7238.784650110698,False,True,0.0,Very Low,No Mining History (Barren Country Rock Control),Bharveli West Footwall Baseline,2680.5,GRID_BHARVELI_COMB_14_04,98.24366913459973,REAL
MASTER_25_05,25,5,21.873603,80.206792,3332.922852,321.973938,0,892,0.09,0.119008,0.163955,0.205406,0.313087,0.401055,0.33403,0.07999,0.110951,0.090202,0.24977,0.191638,0.114816,0.110632,0.018905,0.135078,0.02516,0.21757,-0.318005,-0.422804,0.163697,0.828102,1.28048,1.709853,10.137097,0.468548,-0.382464,-0.261852,-0.081895,0.595966,0.77058,1.118686,9.522273,0.250978,-0.064459,0.160952,-0.245592,-0.232136,-0.5099,-0.591167,0.024446,0.006255,-0.475119,-0.063317,-0.209418,0.580933,0.6311,0.41167,0.44843,1,built_up,grade_B_blast_furnace_25to44,25-44% Mn (BF + Medium grade),0.213,36.9,1625.07,1432.68,104.75,293.23,736.99,4.46,6,0.2525,0.5004,0.1417,0.126,30.03,48.93,0.434,GRID_300M_25_05,141.50754184697433,7.3,7.4,7.4,7.5,7.6,7.7,38.6,39.7,40.6,44.9,43.2,44.2,20.5,20.2,19.5,17.9,18.9,19.2,40.8,40.1,40.0,37.2,37.9,36.6,15.6,11.8,7.3,5.7,5.1,3.7,1.55,1.56,1.59,1.62,1.63,1.63,29.9,30.5,30.6,30.4,30.2,30.2,15.3,16.0,18.7,19.6,19.1,18.6,29,MB300-0631,2.006422105936613,,,,,,,,,1259.424014099943,False,,,,,,,,,,,,,,,,,,7237.024809686728,False,True,0.0,Very Low,No Mining History (Barren Country Rock Control),Bharveli West Footwall Baseline,2793.1,GRID_BHARVELI_COMB_14_05,98.50953439545039,REAL
MASTER_25_06,25,6,21.873601,80.209714,3156.210938,326.28125,0,893,0.09,0.091078,0.124618,0.143922,0.276253,0.298688,0.227761,0.070366,0.09342,0.069394,0.224046,0.140695,0.080124,0.159805,0.03776,0.138975,0.02204,0.329112,-0.385382,-0.409376,0.080317,0.746175,1.071982,1.555873,6.879614,0.520933,-0.405379,-0.181641,-0.172143,0.567265,0.623166,0.984421,11.468075,0.191821,-0.019997,0.227735,-0.25246,-0.17891,-0.448816,-0.571451,-0.02083,-0.01572,4.531922,-0.052207,-0.157992,0.536535,0.6327,0.447995,0.165733,1,sparse_vegetation,grade_B_blast_furnace_25to44,25-44% Mn (BF + Medium grade),0.214,38.97,1625.07,1432.68,104.75,293.23,736.99,4.46,6,0.2525,0.5004,0.1417,0.126,30.03,48.93,0.434,GRID_300M_25_06,141.70352744201247,7.4,7.4,7.4,7.5,7.5,7.6,38.6,39.4,40.8,44.7,43.2,44.2,21.2,20.9,19.8,18.1,18.9,19.3,40.3,39.7,39.3,37.2,37.8,36.5,15.2,11.5,7.2,5.6,4.0,3.0,1.55,1.55,1.59,1.62,1.63,1.63,29.3,29.9,30.0,29.8,29.7,29.8,14.8,15.3,17.8,18.7,18.5,18.1,29,MB300-0632,4.312253254351928,,,,,,,,,1159.209762105269,False,,,,,,,,,,,,,,,,,,7241.421504367362,False,True,0.0,Very Low,No Mining History (Barren Country Rock Control),Bharveli West Footwall Baseline,2932.2,GRID_BHARVELI_COMB_14_06,98.89039069562246,REAL
MASTER_25_07,25,7,21.87366,80.21262,3006.089111,331.103302,0,908,0.09,0.102273,0.136946,0.170644,0.280607,0.360887,0.289251,0.073243,0.097697,0.073816,0.231182,0.133199,0.074916,0.141687,0.028599,0.135658,0.01987,0.249525,-0.346051,-0.448584,0.156963,0.796275,1.288355,1.656316,7.673285,0.50994,-0.400192,-0.141241,-0.192184,0.562809,0.572601,1.004883,10.347163,0.260415,-0.054142,0.307343,-0.349147,-0.233465,-0.715754,-0.651433,-0.006029,-0.008729,2.66566,-0.049425,-0.227688,0.573687,0.6286,0.492102,0.389868,1,sparse_vegetation,grade_B_blast_furnace_25to44,25-44% Mn (BF + Medium grade),0.188,38.97,1625.07,1432.68,104.75,293.23,736.99,4.46,6,0.2525,0.5004,0.1417,0.126,30.03,48.93,0.434,GRID_300M_25_07,147.92002014877005,7.4,7.4,7.4,7.4,7.5,7.5,38.0,38.6,40.2,44.5,43.1,43.8,21.6,21.3,20.1,17.8,18.7,19.3,40.4,40.2,39.8,37.7,38.2,37.0,15.2,12.3,7.6,5.7,3.8,3.0,1.54,1.55,1.59,1.61,1.62,1.62,29.2,29.8,29.9,29.7,29.6,29.6,15.1,15.6,18.2,20.1,19.2,18.8,29,MB300-0633,2.581938255918463,,,,,,,,,1139.7060133790853,False,,,,,,,,,,,,,,,,,,7265.026085143037,False,True,0.0,Very Low,Historical Open Pit & Active Mining Lease (High Grade),Bharveli Main Shaft & Central Pit,2945.8,GRID_BHARVELI_COMB_14_07,104.79413424938045,REAL
MASTER_25_08,25,8,21.873678,80.215519,2875.548096,336.340302,0,876,0.09,0.128064,0.168896,0.214413,0.314747,0.43369,0.360834,0.075286,0.105147,0.080847,0.265883,0.185421,0.106299,0.130122,0.020724,0.129637,0.02002,0.190877,-0.302291,-0.440831,0.188653,0.831739,1.383892,1.672873,9.700166,0.532178,-0.431359,-0.271674,-0.125185,0.571877,0.697779,1.069979,10.882207,0.341301,-0.129068,0.169156,-0.313839,-0.259862,-0.686113,-0.602894,-0.000485,-0.000703,1.158778,-0.048864,-0.248269,0.586435,0.6588,0.422087,0.578767,1,built_up,grade_B_blast_furnace_25to44,25-44% Mn (BF + Medium grade),0.188,38.97,1625.07,1432.68,104.75,293.23,736.99,4.46,6,0.2525,0.5004,0.1417,0.126,30.03,48.93,0.434,GRID_300M_25_08,149.59954307846573,7.3,7.3,7.4,7.4,7.4,7.5,38.2,39.1,40.8,45.6,44.2,44.7,21.4,20.8,19.7,17.6,18.7,19.4,40.4,40.1,39.5,36.7,37.0,35.9,16.3,12.5,8.0,5.6,3.8,2.9,1.54,1.54,1.58,1.61,1.62,1.63,29.7,30.2,30.4,30.3,30.2,30.1,16.8,17.5,20.6,21.6,21.1,20.6,29,MB300-0634,2.5751232543837825,,,,,,,,,1140.1280308210366,False,,,,,,,,,,,,,,,,,,7296.301190523825,False,True,0.0,Very Low,Historical Open Pit & Active Mining Lease (High Grade),Bharveli Main Shaft & Central Pit,2805.5,GRID_BHARVELI_COMB_14_08,106.29874842134556,REAL
MASTER_25_09,25,9,21.873689,80.218339,2772.942627,341.857208,0,836,0.09,0.114438,0.157164,0.193368,0.338469,0.418589,0.333348,0.078375,0.107832,0.085629,0.276299,0.196108,0.111578,0.107492,0.017716,0.118329,0.024662,0.291149,-0.369001,-0.452539,0.13227,0.779839,1.2475,1.639875,9.450883,0.493506,-0.402939,-0.251095,-0.117092,0.56902,0.71177,1.079683,9.860075,0.202357,-0.033937,0.201445,-0.249362,-0.210818,-0.53573,-0.560192,0.010837,0.006946,0.416014,-0.06217,-0.222481,0.562565,0.6685,0.424372,0.386364,1,built_up,grade_B_blast_furnace_25to44,25-44% Mn (BF + Medium grade),0.322,38.99,1625.07,1432.68,104.75,293.23,736.99,4.46,6,0.2525,0.5004,0.1417,0.126,30.03,48.93,0.434,GRID_300M_25_09,148.6536335038496,7.3,7.3,7.4,7.4,7.4,7.5,38.1,39.1,40.6,45.5,44.2,44.7,21.3,20.7,19.7,17.7,18.7,19.5,40.5,40.2,39.7,36.8,37.0,35.8,17.1,12.1,7.9,5.5,3.8,2.8,1.54,1.54,1.59,1.61,1.63,1.63,29.9,30.4,30.6,30.4,30.4,30.3,16.3,17.0,20.0,20.6,20.3,20.0,29,MB300-0635,6.9711459174430495,,,,,,,,,1139.4495674150385,False,,,,,,,,,,,,,,,,,,7337.62109994849,False,True,0.0,Very Low,Historical Open Pit & Active Mining Lease (High Grade),Bharveli Main Shaft & Central Pit,2691.5,GRID_BHARVELI_COMB_14_09,104.41892302208073,REAL
MASTER_25_10,25,10,21.873667,80.221295,2691.297607,348.014099,0,875,0.09,0.088567,0.125253,0.14982,0.310829,0.365064,0.279501,0.07363,0.100012,0.073732,0.290714,0.208419,0.115115,0.10161,0.02457,0.185122,0.0395,0.379938,-0.431403,-0.481613,0.102359,0.74313,1.158418,1.619202,6.903696,0.565565,-0.455077,-0.32164,-0.127705,0.552221,0.728487,0.994066,8.857379,0.185627,-0.023674,0.159973,-0.230064,-0.190909,-0.429932,-0.625135,0.083512,0.014929,1.953879,-0.020115,-0.156645,0.546005,0.6932,0.394247,0.221714,1,sparse_vegetation,grade_B_blast_furnace_25to44,25-44% Mn (BF + Medium grade),0.36,38.99,1625.07,1432.68,104.75,293.23,736.99,4.46,6,0.2525,0.5004,0.1417,0.126,30.03,48.93,0.434,GRID_300M_25_10,147.370894748067,7.3,7.3,7.3,7.4,7.4,7.4,38.0,38.9,41.0,46.0,44.7,45.2,21.0,20.5,19.4,17.5,18.6,19.3,41.0,40.7,39.7,36.5,36.7,35.5,17.8,11.9,8.0,5.7,3.9,3.2,1.54,1.55,1.59,1.62,1.63,1.64,30.0,30.5,30.6,30.5,30.4,30.4,15.5,16.2,19.3,19.9,19.8,19.9,29,MB300-0636,2.8912986166308468,,,,,,,,,1135.769450429066,False,,,,,,,,,,,,,,,,,,7389.3640169845185,False,True,0.0,Very Low,Historical Open Pit & Active Mining Lease (High Grade),Bharveli Main Shaft & Central Pit,2607.2,GRID_BHARVELI_COMB_14_10,103.61599832217094,REAL
MASTER_25_11,25,11,21.873688,80.224202,2647.635498,354.377655,0,893,0.09,0.096189,0.132265,0.154673,0.32275,0.383213,0.286283,0.073823,0.096197,0.076255,0.227886,0.158239,0.091086,0.117877,0.027298,0.163628,0.030224,0.360047,-0.421089,-0.488747,0.120951,0.74397,1.189298,1.587509,6.439441,0.485904,-0.39119,-0.226422,-0.127666,0.571231,0.699808,1.02489,7.62788,0.125857,0.029899,0.262325,-0.248618,-0.172739,-0.48949,-0.562619,0.045751,0.002925,1.229851,-0.094864,-0.224974,0.548772,0.6624,0.444507,0.092945,0,sparse_vegetation,grade_B_blast_furnace_25to44,25-44% Mn (BF + Medium grade),0.318,38.99,1625.07,1432.68,104.75,293.23,736.99,4.46,6,0.2525,0.5004,0.1417,0.126,30.03,48.93,0.434,GRID_300M_25_11,149.5922636891896,7.2,7.2,7.2,7.3,7.3,7.3,37.9,38.8,41.8,46.3,45.2,46.0,20.5,19.8,18.6,16.8,17.9,18.7,41.7,41.4,39.7,36.9,37.0,35.4,17.6,12.6,8.2,6.0,4.4,3.8,1.54,1.54,1.58,1.61,1.63,1.63,29.0,29.6,29.7,29.4,29.4,29.3,17.5,17.9,20.7,22.4,22.4,23.7,29,MB300-0637,2.05911178153209,,,,,,,,,1136.5608866273287,False,,,,,,,,,,,,,,,,,,7456.7292620943,False,True,0.0,Low,Unmined Exploratory Target (Core Borehole Intercept),Manegaon Northern Strike Extension,2342.4,GRID_BHARVELI_COMB_14_11,105.7848969054682,REAL
MASTER_25_12,25,12,21.873695,80.227117,2635.983643,0.888503,0,893,0.09,0.100378,0.134337,0.164709,0.307411,0.391956,0.307353,0.069851,0.095406,0.078216,0.247504,0.171985,0.097812,0.125185,0.025969,0.162096,0.030362,0.30721,-0.392762,-0.490733,0.151399,0.781711,1.280932,1.627631,7.04967,0.51302,-0.434351,-0.274468,-0.12276,0.564132,0.702584,1.105376,8.230796,0.20581,-0.041589,0.216265,-0.27416,-0.217579,-0.578348,-0.522255,0.036912,0.004393,1.195925,-0.059907,-0.219972,0.563286,0.6287,0.426033,0.231803,1,sparse_vegetation,grade_B_blast_furnace_25to44,25-44% Mn (BF + Medium grade),0.255,38.53,1625.07,1432.68,104.75,293.23,736.99,4.46,6,0.2525,0.5004,0.1417,0.126,30.03,48.93,0.434,GRID_300M_25_12,150.5208243983475,7.1,7.2,7.2,7.3,7.3,7.3,38.2,39.0,41.9,45.6,44.6,45.3,20.3,19.7,18.4,17.1,18.3,19.0,41.5,41.3,39.7,37.4,37.2,35.7,19.2,12.8,8.3,6.1,4.9,4.2,1.52,1.53,1.57,1.6,1.62,1.63,28.6,29.3,29.4,29.2,29.1,29.0,18.5,18.7,21.7,23.1,23.3,24.8,29,MB300-0638,2.457742670916846,,,,,,,,,1135.8346567567003,False,,,,,,,,,,,,,,,,,,7528.45405404015,False,True,0.0,Low,Unmined Exploratory Target (Core Borehole Intercept),Manegaon Northern Strike Extension,2066.1,GRID_BHARVELI_COMB_14_12,106.72561274772205,REAL
MASTER_25_13,25,13,21.873704,80.230036,2658.724121,7.382798,0,898,0.09,0.099893,0.133714,0.171982,0.296023,0.402222,0.323768,0.066089,0.091461,0.070282,0.259533,0.189159,0.103359,0.106668,0.02058,0.161533,0.034877,0.272327,-0.381589,-0.504447,0.181756,0.801717,1.365201,1.709381,8.363256,0.545792,-0.4485,-0.318882,-0.114543,0.541321,0.744708,1.050241,6.579197,0.273465,-0.066911,0.185565,-0.296299,-0.260396,-0.620493,-0.65914,0.054865,0.014298,-1.73805,-0.03649,-0.213063,0.584261,0.6643,0.411539,0.285078,1,sparse_vegetation,grade_B_blast_furnace_25to44,25-44% Mn (BF + Medium grade),0.237,38.53,1625.07,1432.68,104.75,293.23,736.99,4.46,6,0.2525,0.5004,0.1417,0.126,30.03,48.93,0.434,GRID_300M_25_13,151.76765736419108,7.1,7.2,7.2,7.3,7.3,7.3,38.3,39.1,41.6,45.3,44.3,45.1,20.1,19.5,18.4,17.3,18.4,19.1,41.6,41.4,40.0,37.5,37.4,35.8,20.5,12.8,9.1,6.1,4.7,4.2,1.51,1.52,1.56,1.59,1.61,1.62,28.6,29.4,29.4,29.2,29.1,29.0,19.0,18.9,22.0,22.6,22.6,24.8,29,MB300-0639,3.481249721205649,,,,,,,,,1135.4616922884586,False,,,,,,,,,,,,,,,,,,7527.899106130639,False,True,0.0,Low,Unmined Exploratory Target (Core Borehole Intercept),Manegaon Northern Strike Extension,1797.4,GRID_BHARVELI_COMB_14_13,108.0513269776377,REAL
MASTER_25_14,25,14,21.873778,80.232948,2721.67749,13.636212,0,898,0.09,0.084629,0.113967,0.126309,0.284893,0.335638,0.255305,0.073042,0.102888,0.068834,0.359279,0.249738,0.130052,0.107222,0.025414,0.158923,0.034194,0.387014,-0.426533,-0.490903,0.106246,0.753629,1.193769,1.477965,6.172773,0.677175,-0.553656,-0.414415,-0.15319,0.515558,0.700292,0.939583,6.979711,0.290161,-0.127123,0.076489,-0.259436,-0.238071,-0.493476,-0.538381,0.0517,0.008779,0.817334,0.074386,-0.0859,0.525049,0.6179,0.356589,0.063474,0,sparse_vegetation,grade_B_blast_furnace_25to44,25-44% Mn (BF + Medium grade),0.38,36.36,1625.07,1432.68,104.75,293.23,736.99,4.46,6,0.2525,0.5004,0.1417,0.126,30.03,48.93,0.434,GRID_300M_26_14,149.82054147107485,7.0,7.0,7.0,7.1,7.1,7.1,38.3,38.8,41.6,46.2,44.9,45.4,20.9,20.5,19.1,17.1,18.5,19.1,40.8,40.7,39.2,36.7,36.6,35.5,22.1,13.3,9.7,6.3,4.3,3.8,1.47,1.49,1.53,1.56,1.57,1.58,28.6,29.4,29.5,29.3,29.2,29.1,20.9,21.2,22.6,24.0,26.4,27.8,29,MB300-0640,4.582305325684307,,,,,,,,,1142.171035458284,False,,,,,,,,,,,,,,,,,,7531.429921564683,False,True,0.0,Low,Unmined Exploratory Target (Core Borehole Intercept),Manegaon Northern Strike Extension,1540.3,GRID_BHARVELI_COMB_14_14,115.9321329017413,REAL
MASTER_25_15,25,15,21.873774,80.235856,2806.968262,19.592194,0,894,0.09,0.075596,0.103159,0.098831,0.277792,0.280649,0.201441,0.068061,0.093203,0.055004,0.373143,0.214754,0.09755,0.149898,0.036524,0.200467,0.039217,0.473271,-0.456163,-0.460547,0.033528,0.713104,1.024526,1.30145,6.100381,0.74261,-0.600139,-0.395078,-0.240747,0.453791,0.57696,0.808327,7.791622,0.269339,-0.143976,0.065468,-0.274274,-0.259314,-0.447566,-0.493124,0.050569,0.002694,1.708846,0.095351,-0.065895,0.47658,0.5687,0.361137,0.0,0,sparse_vegetation,non_ore,Background,0.548,36.36,1625.07,1432.68,104.75,293.23,736.99,4.46,6,0.2525,0.5004,0.1417,0.126,30.03,48.93,0.434,GRID_300M_26_15,150.22592604132146,6.2,6.2,6.3,6.4,6.4,6.5,40.0,40.0,43.4,46.3,45.3,45.4,20.3,20.4,19.1,17.7,19.0,19.4,39.7,39.5,37.5,35.9,35.8,35.1,28.0,20.6,12.6,6.6,4.9,3.8,1.4,1.43,1.45,1.52,1.53,1.53,30.2,30.7,30.8,30.6,30.5,30.6,22.7,22.9,23.5,25.1,26.0,27.6,16,MB300-0641,3.5749635453834148,,,,,,,,,1140.3037305660469,False,,,,,,,,,,,,,,,,,,7532.1971951499445,False,True,0.0,Low,Unmined Exploratory Target (Core Borehole Intercept),Manegaon Northern Strike Extension,1301.8,GRID_BHARVELI_COMB_14_15,115.51021321516315,REAL
MASTER_25_16,25,16,21.873787,80.238723,2920.654297,25.050303,0,875,0.09,0.071739,0.10011,0.08112,0.317469,0.246223,0.153658,0.065346,0.085268,0.05132,0.357781,0.204531,0.091017,0.127955,0.029808,0.176061,0.036375,0.589319,-0.517358,-0.42115,-0.086675,0.619633,0.791591,1.125702,6.359562,0.748663,-0.614732,-0.411216,-0.246263,0.444517,0.572625,0.785871,6.568512,0.159344,-0.097375,0.009934,-0.159587,-0.175116,-0.218967,-0.339831,0.048106,0.006567,0.253287,0.040312,-0.041692,0.422127,0.5526,0.325799,0.012571,0,dense_vegetation,grade_B_blast_furnace_25to44,25-44% Mn (BF + Medium grade),0.442,34.81,1625.07,1432.68,104.75,293.23,736.99,4.46,6,0.2525,0.5004,0.1417,0.126,30.03,48.93,0.434,GRID_300M_26_16,147.81700345988946,6.2,6.2,6.3,6.4,6.4,6.4,41.6,41.6,44.2,46.6,45.5,45.6,20.1,20.1,19.1,17.9,18.9,19.5,38.2,38.3,36.7,35.4,35.5,34.9,29.9,22.1,12.9,7.0,5.0,4.0,1.37,1.41,1.42,1.5,1.51,1.52,32.0,32.6,32.5,32.1,32.2,32.7,23.3,23.6,24.0,25.1,25.8,27.6,16,MB300-0642,1.9223655649566032,,,,,,,,,1140.0303846107956,False,,,,,,,,,,,,,,,,,,7533.222519494336,False,True,0.0,Medium,Unmined Exploratory Target (Core Borehole Intercept),Manegaon Northern Strike Extension,1093.9,GRID_BHARVELI_COMB_14_16,115.58208830152218,REAL
MASTER_25_17,25,17,21.873782,80.241601,3057.542236,30.094112,0,899,0.09,0.072406,0.098548,0.089618,0.297332,0.252025,0.164265,0.066839,0.08561,0.054112,0.341775,0.212728,0.100873,0.480585,0.088511,0.99166,0.212467,0.530256,-0.495637,-0.436524,-0.041799,0.642944,0.879933,1.224767,6.429126,0.726537,-0.599293,-0.426589,-0.209357,0.473447,0.625204,0.80966,6.151874,0.196281,-0.103656,0.009935,-0.167558,-0.169497,-0.254729,-0.415108,0.511075,0.123956,-0.277021,0.044444,-0.039296,0.451354,0.576,0.323988,0.016685,0,dense_vegetation,grade_B_blast_furnace_25to44,25-44% Mn (BF + Medium grade),0.508,34.81,1625.07,1432.68,104.75,293.23,736.99,4.46,6,0.2525,0.5004,0.1417,0.126,30.03,48.93,0.434,GRID_300M_26_17,147.69742018719384,6.2,6.2,6.3,6.4,6.4,6.5,42.9,42.9,44.9,47.4,46.1,46.0,20.0,19.9,19.1,17.7,18.7,19.4,37.1,37.2,36.0,34.9,35.2,34.4,31.5,22.8,13.6,7.9,5.3,4.4,1.41,1.43,1.45,1.51,1.52,1.53,32.2,33.1,32.8,32.5,32.8,33.5,23.7,24.0,24.4,26.0,26.5,27.7,16,MB300-0643,3.3231416962130886,,,,,,,,,1137.9186328903243,False,,,,,,,,,,,,,,,,,,7532.684701362665,False,True,0.0,Medium,Unmined Exploratory Target (Core Borehole Intercept),Manegaon Northern Strike Extension,937.3,GRID_BHARVELI_COMB_14_17,114.20728151820089,REAL
MASTER_25_18,25,18,21.87378,80.244516,3218.441162,34.728001,0,900,0.09,0.067033,0.096158,0.091931,0.297547,0.262044,0.168227,0.054929,0.075372,0.044312,0.354294,0.210918,0.095344,0.454709,0.102174,1.023275,0.204947,0.5272,-0.510141,-0.460892,-0.017199,0.639636,0.888637,1.364624,6.066763,0.776668,-0.648074,-0.471915,-0.231675,0.451864,0.596073,0.807128,6.425922,0.249468,-0.137933,-0.011023,-0.214476,-0.187772,-0.292564,-0.557496,0.568566,0.102774,0.359158,0.056747,-0.051126,0.47745,0.5891,0.315337,0.0,0,dense_vegetation,non_ore,Background,0.572,34.81,1625.07,1432.68,104.75,293.23,736.99,4.46,6,0.2525,0.5004,0.1417,0.126,30.03,48.93,0.434,GRID_300M_26_18,148.06411542115222,6.6,6.6,6.7,6.7,6.8,6.9,43.0,43.4,44.9,47.4,46.3,45.9,20.1,19.8,19.3,17.8,18.8,19.8,36.8,36.8,35.8,34.8,34.9,34.2,26.7,18.3,13.5,8.0,5.5,4.6,1.45,1.46,1.5,1.53,1.54,1.55,31.4,32.4,32.1,31.9,32.2,33.0,23.3,23.9,24.6,26.4,26.9,28.1,16,MB300-0644,2.9534661536448814,,,,,,,,,1188.3867605503744,False,,,,,,,,,,,,,,,,,,7532.463712059179,False,True,1.0,Medium,Unmined Exploratory Target (Core Borehole Intercept),Manegaon Northern Strike Extension,860.6,GRID_BHARVELI_COMB_14_18,114.15451371567393,REAL
MASTER_25_19,25,19,21.873782,80.247433,3398.786865,38.892693,0,900,0.09,0.074819,0.102587,0.117145,0.264775,0.325025,0.237401,0.072446,0.092198,0.064402,0.295898,0.186656,0.094948,0.177847,0.045439,0.348075,0.068263,0.390844,-0.441962,-0.519989,0.127892,0.729817,1.231403,1.552113,5.302989,0.654485,-0.527596,-0.328465,-0.207879,0.489809,0.615938,0.856495,6.97686,0.263641,-0.085634,0.191525,-0.335771,-0.240008,-0.615465,-0.695618,0.170228,0.022825,1.67274,0.031123,-0.138369,0.544773,0.6684,0.416961,0.022222,0,sparse_vegetation,grade_B_blast_furnace_25to44,25-44% Mn (BF + Medium grade),0.471,34.6,1625.07,1432.68,104.75,293.23,736.99,4.46,6,0.2525,0.5004,0.1417,0.126,30.03,48.93,0.434,GRID_300M_26_19,148.0206988566762,7.0,7.0,7.0,7.1,7.1,7.2,39.9,40.4,42.8,45.3,44.9,44.6,21.2,20.8,20.2,19.0,19.7,20.6,39.0,38.8,37.0,35.6,35.4,34.8,23.0,15.7,12.6,7.0,5.5,4.6,1.43,1.44,1.48,1.53,1.54,1.55,29.4,30.5,30.3,30.2,30.3,30.3,22.5,23.5,24.4,25.9,27.6,28.9,16,MB300-0645,3.3083066163363624,,,,,,,,,1308.5764229174529,False,,,,,,,,,,,,,,,,,,7533.242390414526,False,True,1.0,Medium,Unmined Exploratory Target (Core Borehole Intercept),Manegaon Northern Strike Extension,884.6,GRID_BHARVELI_COMB_14_19,114.61806656277162,REAL
MASTER_25_20,25,20,21.873813,80.250359,3598.256836,42.595898,0,912,0.09,0.0894,0.120861,0.148134,0.265056,0.355668,0.284177,0.114579,0.137186,0.11013,0.333633,0.256059,0.151087,0.120641,0.026084,0.255905,0.054332,0.294786,-0.377673,-0.495527,0.168902,0.794261,1.346327,1.631055,7.440697,0.521969,-0.42957,-0.316665,-0.105216,0.581342,0.768648,0.97147,6.302055,0.227182,-0.051897,0.178862,-0.274118,-0.212919,-0.577679,-0.659586,0.135265,0.028248,-1.104468,0.068577,-0.099609,0.568448,0.6607,0.407039,0.288377,1,sparse_vegetation,grade_B_blast_furnace_25to44,25-44% Mn (BF + Medium grade),0.501,34.6,1625.07,1432.68,104.75,293.23,736.99,4.46,6,0.2525,0.5004,0.1417,0.126,30.03,48.93,0.434,GRID_300M_26_20,145.06914996212345,6.9,7.0,7.0,7.1,7.1,7.2,38.0,38.6,41.6,44.5,44.0,44.1,21.4,21.1,20.1,19.2,19.9,20.6,40.6,40.4,38.3,36.2,36.1,35.3,20.6,14.2,10.4,6.6,4.2,3.4,1.45,1.46,1.5,1.54,1.56,1.56,29.6,30.8,30.8,30.7,30.7,30.5,20.0,21.4,23.6,24.7,26.1,27.7,29,MB300-0646,2.0460846711711786,,,,,,,,,1484.3431037259895,False,,,,,,,,,,,,,,,,,,7533.675911179726,False,True,0.0,Medium,Unmined Exploratory Target (Core Borehole Intercept),Manegaon Northern Strike Extension,1002.2,GRID_BHARVELI_COMB_14_20,118.41852318798347,REAL
MASTER_25_21,25,21,21.873867,80.25326,3811.108643,45.845192,0,891,0.09,0.096187,0.129232,0.166427,0.273397,0.391321,0.323389,0.082519,0.112946,0.092289,0.309961,0.256386,0.152809,0.083026,0.018877,0.194129,0.046241,0.251714,-0.360222,-0.504246,0.198491,0.819777,1.450902,1.709642,8.371995,0.540677,-0.462273,-0.380739,-0.064188,0.589586,0.829256,1.106051,6.210795,0.288963,-0.102051,0.123507,-0.262679,-0.230191,-0.621646,-0.603591,0.111104,0.027364,-2.043128,0.036564,-0.134935,0.589387,0.702,0.376488,0.425365,1,sparse_vegetation,grade_B_blast_furnace_25to44,25-44% Mn (BF + Medium grade),0.417,35.31,1625.07,1432.68,104.75,293.23,736.99,4.46,6,0.2525,0.5004,0.1417,0.126,30.03,48.93,0.434,GRID_300M_26_21,139.05489243949805,7.0,7.1,7.1,7.2,7.3,7.3,37.5,38.0,40.9,44.3,43.4,43.7,21.6,21.3,20.2,19.4,20.2,20.9,40.9,40.8,38.9,36.3,36.4,35.4,19.6,13.8,9.5,6.3,3.9,3.4,1.49,1.49,1.53,1.58,1.59,1.6,29.5,30.4,30.4,30.3,30.3,30.1,19.5,20.3,22.6,24.0,24.2,26.1,29,MB300-0647,3.45818852878728,,,,,,,,,1695.994713596852,False,,,,,,,,,,,,,,,,,,7535.768612707577,False,True,0.0,Medium,Unmined Exploratory Target (Core Borehole Intercept),Manegaon Northern Strike Extension,1185.9,GRID_BHARVELI_COMB_14_21,123.98888407517462,REAL
MASTER_25_22,25,22,21.873876,80.256184,4033.355713,48.817856,0,895,0.09,0.096912,0.129071,0.171858,0.269111,0.403011,0.339004,0.079322,0.108692,0.090102,0.315163,0.260889,0.155108,0.086885,0.015575,0.222494,0.048651,0.226059,-0.353532,-0.516294,0.220646,0.839798,1.501482,1.766295,8.798355,0.558905,-0.484186,-0.399112,-0.071481,0.579112,0.824872,1.111066,6.505489,0.332846,-0.130654,0.117182,-0.292127,-0.260685,-0.67661,-0.655229,0.135609,0.033076,-2.283444,0.046052,-0.142122,0.603064,0.7031,0.375249,0.410056,1,sparse_vegetation,grade_B_blast_furnace_25to44,25-44% Mn (BF + Medium grade),0.46,35.31,1625.07,1432.68,104.75,293.23,736.99,4.46,6,0.2525,0.5004,0.1417,0.126,30.03,48.93,0.434,GRID_300M_26_22,138.48284831883106,7.1,7.1,7.2,7.2,7.3,7.3,36.9,37.6,40.6,44.2,43.2,43.8,21.7,21.2,20.1,19.1,20.0,20.7,41.4,41.1,39.3,36.7,36.8,35.5,18.7,12.9,8.4,6.0,4.0,3.6,1.5,1.51,1.54,1.6,1.61,1.62,29.3,30.1,30.1,30.0,30.1,29.9,18.2,19.2,21.2,23.5,23.6,25.2,29,MB300-0648,4.401220266740156,,,,,,,,,1930.059316827063,False,,,,,,,,,,,,,,,,,,7538.536189808045,False,True,0.0,Low,Unmined Exploratory Target (Core Borehole Intercept),Manegaon Northern Strike Extension,1410.1,GRID_BHARVELI_COMB_14_22,125.39095793781966,REAL
MASTER_25_23,25,23,21.873878,80.259076,4262.225098,51.453979,0,854,0.09,0.119796,0.157525,0.205286,0.300737,0.42663,0.35929,0.075251,0.101709,0.077156,0.286825,0.208722,0.115473,0.071896,0.010949,0.164335,0.031802,0.190169,-0.313423,-0.462472,0.201901,0.842114,1.426852,1.712477,11.475685,0.571045,-0.471252,-0.335971,-0.119914,0.550733,0.728128,1.021883,8.576359,0.380875,-0.157829,0.126501,-0.321815,-0.291381,-0.698724,-0.690594,0.092439,0.020853,-2.84526,-0.013912,-0.217908,0.594067,0.627,0.397694,0.528103,1,built_up,grade_B_blast_furnace_25to44,25-44% Mn (BF + Medium grade),0.393,35.31,1625.07,1432.68,104.75,293.23,736.99,4.46,6,0.2525,0.5004,0.1417,0.126,30.03,48.93,0.434,GRID_300M_26_23,137.84061669783932,7.1,7.2,7.2,7.3,7.3,7.3,36.8,37.9,41.0,44.4,43.3,44.0,21.5,20.8,19.5,18.6,19.6,20.3,41.7,41.3,39.5,37.0,37.1,35.7,17.5,12.1,8.2,5.9,3.9,3.5,1.51,1.52,1.56,1.6,1.62,1.63,29.6,30.2,30.3,30.1,30.1,30.0,16.2,17.1,19.7,22.4,22.5,23.4,29,MB300-0649,2.6714730196792726,,,,,,,,,2177.6984010446795,False,,,,,,,,,,,,,,,,,,7538.329401953979,False,True,0.0,Low,Unmined Exploratory Target (Core Borehole Intercept),Manegaon Northern Strike Extension,1658.4,GRID_BHARVELI_COMB_14_23,125.14584078596535,REAL
MASTER_25_24,25,24,21.87388,80.26169,4476.194336,53.599724,0,736,0.09,0.116324,0.153623,0.197821,0.318781,0.415183,0.337485,0.080757,0.113141,0.092553,0.306748,0.233782,0.137424,0.096804,0.016605,0.247882,0.04172,0.238177,-0.350764,-0.462123,0.169958,0.81289,1.31059,1.692806,9.177409,0.541879,-0.461955,-0.344517,-0.092494,0.581383,0.762951,1.1203,8.612082,0.303702,-0.111191,0.117606,-0.262453,-0.231507,-0.547639,-0.572506,0.151079,0.025115,-0.553071,-0.012033,-0.181401,0.58062,0.6407,0.383996,0.381793,1,sparse_vegetation,grade_B_blast_furnace_25to44,25-44% Mn (BF + Medium grade),0.366,35.31,1625.07,1432.68,104.75,293.23,736.99,4.46,6,0.2525,0.5004,0.1417,0.126,30.03,48.93,0.434,GRID_300M_26_24,133.71464222716511,7.1,7.2,7.2,7.3,7.3,7.4,36.5,37.9,41.8,44.9,43.7,44.5,21.6,20.7,19.0,18.0,19.0,19.6,41.9,41.3,39.2,37.2,37.3,35.9,17.1,11.6,8.2,5.8,3.9,3.1,1.51,1.52,1.56,1.6,1.62,1.62,29.8,30.4,30.5,30.2,30.2,30.0,15.5,16.5,19.5,20.8,20.8,21.2,29,MB300-0650,27.69243051464433,,,,,,,,,2411.5401315107465,False,,,,,,,,,,,,,,,,,,7538.279637702137,False,True,0.0,Low,Unmined Exploratory Target (Core Borehole Intercept),Manegaon Northern Strike Extension,1921.6,GRID_BHARVELI_COMB_14_24,121.23738656494413,REAL
MASTER_26_00,26,0,21.876281,80.192736,4560.775879,309.854248,0,579,0.09,0.101602,0.131705,0.169799,0.261795,0.322529,0.251358,0.10538,0.119864,0.093866,0.251003,0.166204,0.100144,0.136389,0.029088,0.16144,0.02313,0.216566,-0.329517,-0.420366,0.148793,0.778111,1.242852,1.657751,7.356606,0.473069,-0.363111,-0.159981,-0.16972,0.587543,0.64971,0.875877,10.609467,0.256503,-0.033594,0.260384,-0.318513,-0.190568,-0.593142,-0.781874,0.02505,-0.005958,3.250415,-0.010792,-0.156325,0.578701,0.6296,0.471621,0.635579,1,mixed_agricultural,grade_B_blast_furnace_25to44,25-44% Mn (BF + Medium grade),0.21,36.65,1625.07,1432.68,104.75,293.23,736.99,4.46,6,0.2525,0.5004,0.1417,0.126,30.03,48.93,0.434,GRID_300M_26_00,160.782032302493,7.4,7.5,7.5,7.6,7.7,7.8,41.3,41.5,41.3,43.2,42.0,43.3,17.7,17.9,17.9,17.1,18.1,18.3,41.0,40.7,40.9,39.7,39.9,38.5,15.2,10.4,6.1,5.8,4.1,3.4,1.54,1.56,1.59,1.62,1.63,1.63,30.3,31.2,31.1,31.0,30.8,31.0,14.1,12.9,14.2,16.6,17.4,17.1,29,MB300-0651,49.443426769163956,,,,,,,,,2461.9626718300397,False,,,,,,,,,,,,,,,,,,7542.290870769395,False,True,0.0,Very Low,No Mining History (Barren Country Rock Control),Bharveli West Footwall Baseline,2851.3,GRID_BHARVELI_COMB_15_00,125.5376632902971,REAL
MASTER_26_01,26,1,21.876311,80.195126,4376.856445,311.952942,0,895,0.09,0.100083,0.130805,0.168314,0.282172,0.336786,0.251626,0.163416,0.176633,0.152112,0.295624,0.226767,0.153277,0.145412,0.032697,0.140977,0.024305,0.259056,-0.366692,-0.440266,0.133618,0.744528,1.201959,1.661581,6.682215,0.360617,-0.279563,-0.135172,-0.114394,0.647026,0.743959,0.919802,9.553471,0.10156,0.087129,0.305094,-0.248012,-0.097502,-0.458,-0.741779,-0.004435,-0.008392,2.869035,0.013452,-0.110019,0.575448,0.6411,0.476818,0.481564,1,sparse_vegetation,grade_B_blast_furnace_25to44,25-44% Mn (BF + Medium grade),0.274,36.65,1625.07,1432.68,104.75,293.23,736.99,4.46,6,0.2525,0.5004,0.1417,0.126,30.03,48.93,0.434,GRID_300M_26_01,141.5659615631394,7.4,7.5,7.5,7.6,7.6,7.7,41.1,41.3,42.1,44.3,43.0,44.4,18.1,18.3,17.7,16.9,17.9,18.0,40.8,40.5,40.2,38.8,39.1,37.6,15.5,10.6,6.2,5.7,4.0,3.2,1.54,1.56,1.6,1.62,1.63,1.63,30.1,30.9,30.8,30.7,30.6,30.8,13.8,12.9,14.2,16.1,17.6,17.2,29,MB300-0652,5.397938430094026,,,,,,,,,2267.630410072655,False,,,,,,,,,,,,,,,,,,7543.260500332071,False,True,0.0,Very Low,No Mining History (Barren Country Rock Control),Bharveli West Footwall Baseline,2833.0,GRID_BHARVELI_COMB_15_01,98.17454761471399,REAL
MASTER_26_02,26,2,21.876307,80.198044,4157.780273,314.719971,0,894,0.09,0.107873,0.140481,0.187534,0.284962,0.368249,0.281069,0.092063,0.111241,0.085996,0.245819,0.161967,0.092694,0.160873,0.044168,0.133123,0.021492,0.206697,-0.338803,-0.447995,0.172,0.763944,1.298059,1.734867,5.019128,0.483227,-0.376175,-0.182715,-0.157379,0.566174,0.657396,0.932408,10.176436,0.276531,-0.037372,0.26528,-0.329379,-0.197769,-0.640663,-0.80246,-0.02775,-0.022676,5.100422,-0.039143,-0.206282,0.599666,0.6414,0.468806,0.684564,1,mixed_agricultural,grade_B_blast_furnace_25to44,25-44% Mn (BF + Medium grade),0.274,36.65,1625.07,1432.68,104.75,293.23,736.99,4.46,6,0.2525,0.5004,0.1417,0.126,30.03,48.93,0.434,GRID_300M_26_02,141.40208732324024,7.4,7.5,7.5,7.6,7.7,7.7,40.8,41.2,42.6,45.4,44.0,45.2,19.1,19.2,18.2,17.2,18.2,18.3,40.2,39.6,39.2,37.4,37.8,36.5,15.3,10.8,6.3,5.5,3.7,2.8,1.54,1.56,1.6,1.62,1.63,1.63,30.0,30.7,30.7,30.5,30.4,30.6,13.0,12.7,14.0,16.0,17.3,17.2,29,MB300-0653,2.953466155329203,,,,,,,,,2042.6405701340711,False,,,,,,,,,,,,,,,,,,7543.039512971365,False,True,0.0,Very Low,No Mining History (Barren Country Rock Control),Bharveli West Footwall Baseline,2846.4,GRID_BHARVELI_COMB_15_02,98.14379351132848,REAL
MASTER_26_03,26,3,21.876305,80.200964,3949.604004,317.789734,0,891,0.09,0.096586,0.127727,0.161644,0.279463,0.334947,0.249255,0.105979,0.127953,0.104223,0.246246,0.165574,0.098797,0.182832,0.046496,0.130633,0.022293,0.273172,-0.373321,-0.446055,0.133453,0.740813,1.200295,1.657369,5.606422,0.411734,-0.319633,-0.124026,-0.138701,0.589335,0.666673,0.983716,9.410247,0.138562,0.053687,0.322029,-0.272154,-0.151478,-0.533622,-0.673653,-0.052199,-0.024203,3.802593,-0.033217,-0.169373,0.573585,0.6374,0.487301,0.351291,1,sparse_vegetation,grade_B_blast_furnace_25to44,25-44% Mn (BF + Medium grade),0.269,37.15,1625.07,1432.68,104.75,293.23,736.99,4.46,6,0.2525,0.5004,0.1417,0.126,30.03,48.93,0.434,GRID_300M_26_03,141.48922575636385,7.4,7.4,7.5,7.6,7.7,7.7,40.4,41.4,42.6,45.8,44.4,45.4,19.3,19.2,18.3,17.2,18.2,18.5,40.3,39.4,39.0,37.0,37.4,36.2,15.4,10.9,6.3,6.0,4.1,3.3,1.53,1.56,1.6,1.62,1.63,1.63,29.8,30.5,30.5,30.3,30.1,30.3,14.3,14.4,16.6,17.9,18.6,18.2,29,MB300-0654,0.4694433201666683,,,,,,,,,1839.720976553559,False,,,,,,,,,,,,,,,,,,7542.702815505975,False,True,0.0,Very Low,No Mining History (Barren Country Rock Control),Bharveli West Footwall Baseline,2891.1,GRID_BHARVELI_COMB_15_03,98.37120307208576,REAL
MASTER_26_04,26,4,21.87629,80.203874,3753.442871,321.163818,0,883,0.09,0.100159,0.13406,0.16822,0.302867,0.354668,0.266268,0.081953,0.108211,0.087309,0.23876,0.172116,0.098489,0.161864,0.03953,0.135356,0.023727,0.293931,-0.388131,-0.451351,0.124592,0.747619,1.172265,1.65907,5.862639,0.459965,-0.371188,-0.22112,-0.107597,0.5695,0.726921,1.061911,10.483256,0.166035,0.016943,0.230231,-0.232189,-0.178119,-0.445344,-0.597159,-0.026508,-0.015803,4.559024,-0.064107,-0.182553,0.567277,0.6349,0.435579,0.328426,1,sparse_vegetation,grade_B_blast_furnace_25to44,25-44% Mn (BF + Medium grade),0.303,37.15,1625.07,1432.68,104.75,293.23,736.99,4.46,6,0.2525,0.5004,0.1417,0.126,30.03,48.93,0.434,GRID_300M_26_04,139.9383776916326,7.4,7.4,7.5,7.6,7.6,7.7,40.0,41.0,41.3,45.0,43.2,44.3,19.8,19.7,19.0,17.7,18.7,19.1,40.1,39.4,39.7,37.3,38.1,36.7,15.7,11.4,6.6,5.4,3.5,2.6,1.54,1.56,1.59,1.62,1.63,1.63,29.9,30.5,30.6,30.3,30.2,30.3,15.3,15.6,18.7,19.5,18.7,18.4,29,MB300-0655,3.0127352896281288,,,,,,,,,1666.2624612299678,False,,,,,,,,,,,,,,,,,,7538.011720474139,False,True,0.0,Very Low,No Mining History (Barren Country Rock Control),Bharveli West Footwall Baseline,2965.6,GRID_BHARVELI_COMB_15_04,96.91465846230416,REAL
MASTER_26_05,26,5,21.876311,80.206791,3574.527588,324.942688,0,893,0.09,0.113404,0.154822,0.191575,0.3025,0.375813,0.302959,0.079496,0.108895,0.085529,0.255459,0.176716,0.102631,0.134038,0.025457,0.138123,0.024482,0.232895,-0.327595,-0.420316,0.151675,0.803206,1.244467,1.676318,8.246029,0.494819,-0.398734,-0.232127,-0.12284,0.57945,0.692618,1.070587,8.855523,0.261924,-0.071139,0.188189,-0.274515,-0.223756,-0.551849,-0.605731,0.004086,-0.000975,0.626199,-0.047041,-0.199097,0.575267,0.6311,0.429955,0.397536,1,sparse_vegetation,grade_B_blast_furnace_25to44,25-44% Mn (BF + Medium grade),0.176,37.15,1625.07,1432.68,104.75,293.23,736.99,4.46,6,0.2525,0.5004,0.1417,0.126,30.03,48.93,0.434,GRID_300M_26_05,142.44163222704546,7.3,7.4,7.4,7.5,7.6,7.6,38.4,39.3,40.3,44.9,43.5,44.5,20.9,20.6,19.6,17.8,18.7,19.1,40.7,40.1,40.0,37.3,37.8,36.4,16.0,11.8,7.1,5.5,3.7,2.8,1.54,1.55,1.59,1.62,1.63,1.63,29.5,30.1,30.2,30.0,29.9,30.0,15.3,15.7,18.6,19.2,19.0,18.8,29,MB300-0656,2.7127202090321747,,,,,,,,,1536.155240604143,False,,,,,,,,,,,,,,,,,,7538.475458137273,False,True,0.0,Very Low,No Mining History (Barren Country Rock Control),Bharveli West Footwall Baseline,3067.8,GRID_BHARVELI_COMB_15_05,99.3890049677276,REAL
MASTER_26_06,26,6,21.876332,80.209726,3411.809326,329.125946,0,905,0.09,0.110507,0.150105,0.181999,0.310332,0.371205,0.299468,0.074512,0.103333,0.078906,0.295076,0.204502,0.121793,0.142848,0.026861,0.189134,0.034158,0.272313,-0.353581,-0.428941,0.130758,0.801461,1.200792,1.625588,8.224297,0.578141,-0.478723,-0.324182,-0.136875,0.585609,0.6967,1.042199,8.21139,0.305828,-0.125142,0.104759,-0.267633,-0.215852,-0.504093,-0.583389,0.046286,0.007297,-0.048308,-0.015256,-0.166704,0.557725,0.6308,0.386743,0.316022,1,sparse_vegetation,grade_B_blast_furnace_25to44,25-44% Mn (BF + Medium grade),0.198,37.15,1625.07,1432.68,104.75,293.23,736.99,4.46,6,0.2525,0.5004,0.1417,0.126,30.03,48.93,0.434,GRID_300M_26_06,145.4720107573616,7.3,7.4,7.4,7.5,7.5,7.6,38.1,39.0,40.3,44.7,43.4,44.3,21.4,21.0,20.0,18.0,18.8,19.2,40.5,40.0,39.7,37.3,37.8,36.4,15.3,11.8,7.1,5.5,3.7,2.9,1.55,1.55,1.59,1.62,1.63,1.63,29.2,29.9,30.0,29.8,29.7,29.7,15.4,15.5,18.0,18.7,18.7,18.2,29,MB300-0657,5.067199930606487,,,,,,,,,1457.3512285891354,False,,,,,,,,,,,,,,,,,,7545.288914471796,False,True,0.0,Very Low,No Mining History (Barren Country Rock Control),Bharveli West Footwall Baseline,3194.9,GRID_BHARVELI_COMB_15_06,102.64811957039052,REAL
MASTER_26_07,26,7,21.876381,80.21259,3275.195801,333.609802,0,877,0.09,0.108652,0.143761,0.173958,0.301082,0.377075,0.300224,0.069879,0.09602,0.068176,0.277863,0.182935,0.103644,0.12606,0.025056,0.151807,0.031437,0.278031,-0.357861,-0.450128,0.141336,0.790331,1.254491,1.581776,7.235726,0.599463,-0.480116,-0.303327,-0.162156,0.564768,0.661624,0.971442,7.490049,0.321432,-0.122255,0.146801,-0.303492,-0.225562,-0.592867,-0.610334,0.025747,0.006382,0.267779,-0.02322,-0.19414,0.556377,0.6139,0.407448,0.358039,1,sparse_vegetation,grade_B_blast_furnace_25to44,25-44% Mn (BF + Medium grade),0.301,38.82,1625.07,1432.68,104.75,293.23,736.99,4.46,6,0.2525,0.5004,0.1417,0.126,30.03,48.93,0.434,GRID_300M_26_07,149.47135059368927,7.3,7.3,7.4,7.4,7.4,7.5,37.9,38.7,40.2,44.7,43.4,44.1,21.6,21.1,20.0,17.8,18.6,19.2,40.5,40.2,39.7,37.6,38.0,36.7,15.2,12.3,7.5,5.7,3.7,2.9,1.55,1.55,1.59,1.62,1.63,1.63,29.3,30.1,30.2,29.8,29.7,29.7,15.8,15.9,18.4,19.9,19.1,18.7,29,MB300-0658,2.553604869994577,,,,,,,,,1442.2660152093194,False,,,,,,,,,,,,,,,,,,7566.826950939522,False,True,0.0,Very Low,Historical Open Pit & Active Mining Lease (High Grade),Bharveli Main Shaft & Central Pit,3207.9,GRID_BHARVELI_COMB_15_07,105.93127455765156,REAL
MASTER_26_08,26,8,21.876397,80.215454,3156.75708,338.428101,0,880,0.09,0.117475,0.153556,0.188205,0.298259,0.384934,0.317994,0.071617,0.097302,0.070696,0.258524,0.194594,0.113163,0.112385,0.023399,0.156509,0.022761,0.235611,-0.324006,-0.430796,0.153068,0.820854,1.291846,1.584909,8.032381,0.564864,-0.446743,-0.323979,-0.110545,0.579284,0.754242,0.982336,11.360684,0.329253,-0.122737,0.106817,-0.263614,-0.24157,-0.537604,-0.602573,0.044124,-0.000638,3.310575,-0.039735,-0.19034,0.560325,0.6391,0.386582,0.465909,1,sparse_vegetation,grade_B_blast_furnace_25to44,25-44% Mn (BF + Medium grade),0.179,38.82,1625.07,1432.68,104.75,293.23,736.99,4.46,6,0.2525,0.5004,0.1417,0.126,30.03,48.93,0.434,GRID_300M_26_08,150.13646572278932,7.2,7.2,7.3,7.3,7.4,7.4,38.1,39.0,40.7,45.3,44.1,44.6,21.3,20.6,19.7,17.5,18.5,19.2,40.6,40.3,39.7,37.2,37.4,36.2,15.9,12.7,7.8,5.6,3.7,2.8,1.54,1.54,1.58,1.61,1.62,1.63,29.3,30.1,30.3,29.9,29.8,29.8,17.1,17.7,21.0,21.6,20.9,20.4,29,MB300-0659,4.250837034382283,,,,,,,,,1442.3582748374279,False,,,,,,,,,,,,,,,,,,7596.188370088757,False,True,0.0,Very Low,Historical Open Pit & Active Mining Lease (High Grade),Bharveli Main Shaft & Central Pit,3079.6,GRID_BHARVELI_COMB_15_08,106.11502793763353,REAL
MASTER_26_09,26,9,21.87642,80.218331,3062.66333,343.607452,0,873,0.09,0.109143,0.144554,0.169076,0.29485,0.362789,0.289142,0.116932,0.137643,0.114477,0.255832,0.193974,0.12664,0.124489,0.028915,0.137469,0.021382,0.287542,-0.345655,-0.427797,0.126192,0.786265,1.224181,1.515445,6.995584,0.392979,-0.303538,-0.164391,-0.103796,0.635927,0.749171,0.983501,9.596353,0.105437,0.042118,0.263406,-0.229989,-0.150338,-0.475011,-0.531944,0.012979,-0.007532,2.624422,-0.039018,-0.168815,0.542586,0.6173,0.457003,0.300115,1,sparse_vegetation,grade_B_blast_furnace_25to44,25-44% Mn (BF + Medium grade),0.48,37.95,1625.07,1432.68,104.75,293.23,736.99,4.46,6,0.2525,0.5004,0.1417,0.126,30.03,48.93,0.434,GRID_300M_26_09,151.97850168104594,7.2,7.2,7.3,7.3,7.4,7.4,38.1,39.1,41.1,45.8,44.7,45.3,21.0,20.3,19.2,17.1,18.1,18.8,40.9,40.6,39.8,37.1,37.2,35.9,17.3,12.5,7.9,5.5,3.9,2.8,1.54,1.54,1.59,1.61,1.62,1.63,29.3,30.2,30.3,30.0,30.0,29.8,16.6,17.5,21.4,21.2,20.4,20.3,29,MB300-0660,7.1754325487521635,,,,,,,,,1443.2814317779817,False,,,,,,,,,,,,,,,,,,7637.88474915337,False,True,0.0,Very Low,Unmined Exploratory Target (Core Borehole Intercept),Manegaon Northern Strike Extension,2835.3,GRID_BHARVELI_COMB_15_09,107.60580565350557,REAL
MASTER_26_10,26,10,21.876434,80.221352,2991.323486,349.345886,0,835,0.09,0.088817,0.117262,0.119663,0.284844,0.317916,0.231396,0.08628,0.106625,0.077433,0.225171,0.144192,0.083209,0.138892,0.027678,0.142772,0.027467,0.428204,-0.413261,-0.443688,0.054054,0.707879,1.109064,1.283171,8.870619,0.464129,-0.334392,-0.131591,-0.165791,0.578462,0.651053,0.894617,9.397194,0.035924,0.078868,0.312098,-0.219845,-0.129418,-0.458011,-0.388554,0.003881,-0.000211,0.556393,-0.059673,-0.173723,0.48734,0.6089,0.474857,0.130539,1,sparse_vegetation,grade_B_blast_furnace_25to44,25-44% Mn (BF + Medium grade),0.221,37.95,1625.07,1432.68,104.75,293.23,736.99,4.46,6,0.2525,0.5004,0.1417,0.126,30.03,48.93,0.434,GRID_300M_27_10,155.53938184054255,7.2,7.2,7.3,7.3,7.3,7.4,37.9,39.0,41.0,45.8,44.6,45.2,20.7,20.0,18.9,16.9,18.0,18.8,41.4,41.0,40.1,37.3,37.3,36.0,18.3,12.7,7.9,5.7,4.0,3.3,1.54,1.55,1.59,1.61,1.63,1.63,29.7,30.3,30.5,30.2,30.1,30.0,15.4,16.7,20.6,20.8,20.1,20.7,29,MB300-0661,7.087862541012762,,,,,,,,,1443.788006415745,False,,,,,,,,,,,,,,,,,,7692.687585637594,False,True,0.0,Very Low,Unmined Exploratory Target (Core Borehole Intercept),Manegaon Northern Strike Extension,2541.8,GRID_BHARVELI_COMB_15_10,112.77046567937447,REAL
MASTER_26_11,26,11,21.876396,80.224191,2947.018555,354.927643,0,894,0.09,0.116494,0.15757,0.195354,0.317382,0.406767,0.331775,0.072706,0.09763,0.071116,0.261693,0.158161,0.087278,0.116887,0.01973,0.135738,0.030848,0.241711,-0.333637,-0.437051,0.157555,0.811487,1.280489,1.657452,8.832042,0.555807,-0.439216,-0.220515,-0.185109,0.553087,0.608541,0.971337,7.460906,0.314097,-0.105579,0.216535,-0.342665,-0.258399,-0.671949,-0.686115,0.018851,0.011119,-1.415726,-0.055689,-0.248606,0.572074,0.6333,0.450456,0.383669,1,built_up,grade_B_blast_furnace_25to44,25-44% Mn (BF + Medium grade),0.238,37.95,1625.07,1432.68,104.75,293.23,736.99,4.46,6,0.2525,0.5004,0.1417,0.126,30.03,48.93,0.434,GRID_300M_26_11,150.30424985633996,7.2,7.2,7.3,7.3,7.3,7.4,38.0,39.0,41.4,45.8,44.6,45.3,20.4,19.7,18.6,17.0,18.1,19.0,41.7,41.2,40.0,37.2,37.3,35.8,18.3,13.5,8.0,5.9,4.2,3.7,1.53,1.55,1.59,1.61,1.63,1.64,29.3,29.9,30.0,29.6,29.6,29.4,17.0,17.9,21.5,22.8,22.3,24.0,29,MB300-0662,2.0974682766950608,,,,,,,,,1437.771867419196,False,,,,,,,,,,,,,,,,,,7749.748103481059,False,True,0.0,Low,Unmined Exploratory Target (Core Borehole Intercept),Manegaon Northern Strike Extension,2250.0,GRID_BHARVELI_COMB_15_11,106.36465679484006,REAL
MASTER_26_12,26,12,21.876396,80.227112,2935.774902,0.787979,0,893,0.09,0.106222,0.145957,0.181383,0.309728,0.388311,0.309925,0.075909,0.105709,0.085959,0.255318,0.186595,0.108926,0.128773,0.026317,0.159403,0.03151,0.26729,-0.361212,-0.456151,0.154423,0.796346,1.259678,1.693996,7.190445,0.484582,-0.402306,-0.260547,-0.099383,0.581627,0.728274,1.119745,8.633632,0.217292,-0.041095,0.195604,-0.253807,-0.214719,-0.531403,-0.574251,0.03063,0.005193,1.474728,-0.05441,-0.201715,0.575377,0.6556,0.421381,0.298992,1,sparse_vegetation,grade_B_blast_furnace_25to44,25-44% Mn (BF + Medium grade),0.25,36.36,1625.07,1432.68,104.75,293.23,736.99,4.46,6,0.2525,0.5004,0.1417,0.126,30.03,48.93,0.434,GRID_300M_26_12,150.61463317374958,7.2,7.2,7.2,7.3,7.3,7.4,38.1,38.8,41.8,45.8,44.7,45.5,20.3,19.8,18.4,17.1,18.3,19.0,41.6,41.3,39.8,37.0,37.0,35.5,17.6,13.0,7.9,6.0,4.6,3.9,1.52,1.54,1.58,1.6,1.63,1.63,29.1,29.7,29.9,29.5,29.5,29.4,18.1,18.4,21.9,23.7,24.0,25.6,29,MB300-0663,3.6332613209816587,,,,,,,,,1436.2752021904182,False,,,,,,,,,,,,,,,,,,7823.716187369323,False,True,0.0,Low,Unmined Exploratory Target (Core Borehole Intercept),Manegaon Northern Strike Extension,1960.8,GRID_BHARVELI_COMB_15_12,106.76497103957846,REAL
MASTER_26_13,26,13,21.87645,80.230028,2961.202881,6.608878,0,911,0.09,0.09652,0.130411,0.160676,0.298776,0.364895,0.285528,0.073878,0.106019,0.083911,0.301651,0.205943,0.113195,0.121958,0.024578,0.221667,0.045362,0.315946,-0.399243,-0.478758,0.133501,0.774423,1.224148,1.632789,8.170619,0.553384,-0.468196,-0.317703,-0.128585,0.546377,0.692009,1.10385,6.979271,0.237438,-0.068953,0.161055,-0.262086,-0.228046,-0.532139,-0.528939,0.099709,0.020785,-1.154957,0.002875,-0.158952,0.55898,0.6427,0.400654,0.226125,1,sparse_vegetation,grade_B_blast_furnace_25to44,25-44% Mn (BF + Medium grade),0.285,36.36,1625.07,1432.68,104.75,293.23,736.99,4.46,6,0.2525,0.5004,0.1417,0.126,30.03,48.93,0.434,GRID_300M_27_13,152.54072244029715,7.1,7.2,7.2,7.3,7.3,7.3,37.1,37.8,41.3,45.0,43.9,44.7,20.1,19.6,18.2,17.1,18.3,19.1,42.8,42.6,40.5,37.8,37.8,36.2,19.8,12.9,8.7,6.1,4.5,3.8,1.51,1.52,1.56,1.59,1.61,1.62,28.8,29.6,29.8,29.5,29.5,29.4,18.7,18.6,22.6,23.7,23.6,25.4,29,MB300-0664,2.6744846437606022,,,,,,,,,1440.8821903185637,False,,,,,,,,,,,,,,,,,,7833.583934356399,False,True,0.0,Low,Unmined Exploratory Target (Core Borehole Intercept),Manegaon Northern Strike Extension,1675.3,GRID_BHARVELI_COMB_15_13,112.72101924497021,REAL
MASTER_26_14,26,14,21.876475,80.232934,3013.075195,12.266749,0,891,0.09,0.07409,0.101532,0.117097,0.277146,0.318146,0.235147,0.06009,0.086127,0.056924,0.326719,0.215254,0.108639,0.160477,0.035048,0.264139,0.056617,0.411715,-0.464813,-0.517067,0.101654,0.732813,1.155611,1.560678,7.198912,0.693931,-0.57357,-0.424259,-0.171618,0.503944,0.669395,0.940103,6.466169,0.282216,-0.108757,0.092808,-0.273272,-0.228869,-0.486216,-0.620575,0.103662,0.021568,-0.732294,0.049573,-0.102892,0.535241,0.6499,0.360265,0.042649,0,sparse_vegetation,grade_B_blast_furnace_25to44,25-44% Mn (BF + Medium grade),0.438,36.36,1625.07,1432.68,104.75,293.23,736.99,4.46,6,0.2525,0.5004,0.1417,0.126,30.03,48.93,0.434,GRID_300M_27_14,149.78909931850365,6.8,6.8,6.8,6.9,7.0,7.0,36.6,36.9,40.2,44.3,43.1,43.8,20.3,20.0,18.7,17.4,18.6,19.3,43.1,43.0,41.1,38.4,38.3,36.9,22.0,13.3,9.7,6.3,4.3,3.7,1.49,1.51,1.54,1.56,1.58,1.58,28.8,29.5,29.8,29.6,29.5,29.4,19.8,19.6,22.3,23.6,24.9,26.2,29,MB300-0665,3.4890563784192676,,,,,,,,,1442.1130831972619,False,,,,,,,,,,,,,,,,,,7831.663428965956,False,True,0.0,Low,Unmined Exploratory Target (Core Borehole Intercept),Manegaon Northern Strike Extension,1395.9,GRID_BHARVELI_COMB_15_14,115.26693252039034,REAL
MASTER_26_15,26,15,21.876493,80.235802,3091.260498,17.618137,0,878,0.09,0.069247,0.094861,0.094241,0.266449,0.268286,0.18606,0.061619,0.086408,0.053496,0.34755,0.218749,0.105133,0.171812,0.0412,0.235273,0.050543,0.476366,-0.473143,-0.476719,0.036325,0.689766,1.018819,1.354902,5.377238,0.732758,-0.601406,-0.433768,-0.200921,0.479353,0.631765,0.867102,7.119382,0.256392,-0.128264,0.04295,-0.237246,-0.210412,-0.387054,-0.487799,0.063462,0.009343,1.734496,0.081101,-0.049537,0.488343,0.5963,0.34043,0.003417,0,sparse_vegetation,grade_B_blast_furnace_25to44,25-44% Mn (BF + Medium grade),0.563,36.36,1625.07,1432.68,104.75,293.23,736.99,4.46,6,0.2525,0.5004,0.1417,0.126,30.03,48.93,0.434,GRID_300M_27_15,146.86930803640743,6.3,6.3,6.3,6.4,6.5,6.6,38.4,38.4,41.4,44.5,44.0,44.1,21.2,21.2,20.1,18.7,19.6,20.1,40.3,40.4,38.5,36.8,36.4,35.8,25.6,18.6,12.3,6.8,5.3,3.9,1.39,1.42,1.44,1.5,1.52,1.52,29.3,30.0,30.2,30.0,30.0,29.9,22.4,22.4,24.0,25.3,27.0,28.1,29,MB300-0666,2.968609417497962,,,,,,,,,1442.5495641279056,False,,,,,,,,,,,,,,,,,,7834.897814162131,False,True,0.0,Medium,Unmined Exploratory Target (Core Borehole Intercept),Manegaon Northern Strike Extension,1127.2,GRID_BHARVELI_COMB_15_15,115.98791510585461,REAL
MASTER_26_16,26,16,21.876486,80.238683,3192.95166,22.706055,0,900,0.09,0.083225,0.109703,0.116743,0.274882,0.305668,0.227083,0.071503,0.09878,0.06276,0.371803,0.231903,0.113286,0.118229,0.030283,0.165749,0.037014,0.404735,-0.427971,-0.471147,0.080238,0.739596,1.122665,1.393583,6.036515,0.711339,-0.580361,-0.402726,-0.203061,0.484862,0.626325,0.872224,6.620644,0.306604,-0.15239,0.068421,-0.283299,-0.254734,-0.49634,-0.521359,0.04752,0.006731,0.580244,0.096921,-0.073765,0.506142,0.5818,0.361413,0.002222,0,sparse_vegetation,grade_B_blast_furnace_25to44,25-44% Mn (BF + Medium grade),0.565,34.81,1625.07,1432.68,104.75,293.23,736.99,4.46,6,0.2525,0.5004,0.1417,0.126,30.03,48.93,0.434,GRID_300M_27_16,147.05401400766885,6.2,6.2,6.3,6.4,6.4,6.5,40.3,40.3,42.4,45.0,44.8,44.5,21.4,21.4,20.8,19.3,20.1,20.8,38.2,38.3,36.9,35.6,35.1,34.6,28.4,21.6,12.9,6.8,5.2,3.8,1.37,1.4,1.42,1.49,1.5,1.51,30.1,30.8,30.9,30.7,30.7,30.8,22.9,23.3,24.3,25.7,26.8,28.4,16,MB300-0667,3.3361678228220746,,,,,,,,,1440.1422578380932,False,,,,,,,,,,,,,,,,,,7833.692039424149,False,True,1.0,Medium,Unmined Exploratory Target (Core Borehole Intercept),Manegaon Northern Strike Extension,878.9,GRID_BHARVELI_COMB_15_16,114.48328530723191,REAL
MASTER_26_17,26,17,21.876484,80.2416,3320.303955,27.496929,0,900,0.09,0.070945,0.098263,0.087689,0.295517,0.253155,0.164771,0.061355,0.082701,0.049508,0.355667,0.215283,0.098829,0.257382,0.062417,0.506436,0.113917,0.538008,-0.497312,-0.440061,-0.036423,0.646524,0.874182,1.230666,5.801142,0.75556,-0.622908,-0.445502,-0.222847,0.458755,0.606793,0.807704,6.031649,0.217552,-0.125595,-0.005441,-0.186424,-0.187769,-0.267389,-0.422962,0.249055,0.0515,0.234891,0.06015,-0.037872,0.451527,0.5695,0.318338,0.0,0,dense_vegetation,non_ore,Background,0.491,34.81,1625.07,1432.68,104.75,293.23,736.99,4.46,6,0.2525,0.5004,0.1417,0.126,30.03,48.93,0.434,GRID_300M_27_17,147.45841937400988,6.2,6.2,6.2,6.3,6.4,6.5,41.4,41.3,43.3,45.7,45.4,45.2,21.3,21.2,20.6,19.4,20.1,20.9,37.3,37.5,36.1,35.0,34.4,33.9,30.8,22.2,13.2,6.9,5.3,4.1,1.36,1.4,1.42,1.49,1.5,1.51,30.9,31.5,31.5,31.2,31.4,31.6,23.8,23.8,24.8,26.6,27.2,28.8,16,MB300-0668,2.3137232149863904,,,,,,,,,1438.514664809578,False,,,,,,,,,,,,,,,,,,7833.467814014956,False,True,1.0,Medium,Unmined Exploratory Target (Core Borehole Intercept),Manegaon Northern Strike Extension,674.2,GRID_BHARVELI_COMB_15_17,114.50328655894849,REAL
MASTER_26_18,26,18,21.876483,80.244516,3469.28418,31.903528,0,900,0.09,0.069039,0.09578,0.092359,0.271884,0.266204,0.1835,0.054407,0.076099,0.04436,0.348165,0.207479,0.09346,0.337438,0.080485,0.651569,0.146518,0.488559,-0.47457,-0.468172,0.022914,0.682703,1.004056,1.328484,5.216342,0.773122,-0.640385,-0.46229,-0.230189,0.449673,0.5971,0.815509,5.900809,0.284563,-0.165815,0.005881,-0.253103,-0.233029,-0.406956,-0.512975,0.314132,0.066033,0.682844,0.07628,-0.058725,0.48107,0.5933,0.327642,0.004444,0,sparse_vegetation,grade_B_blast_furnace_25to44,25-44% Mn (BF + Medium grade),0.456,34.81,1625.07,1432.68,104.75,293.23,736.99,4.46,6,0.2525,0.5004,0.1417,0.126,30.03,48.93,0.434,GRID_300M_27_18,147.73747236624487,6.3,6.3,6.3,6.4,6.4,6.5,42.9,43.4,44.8,46.5,46.1,45.6,20.8,20.4,20.0,19.1,19.9,20.7,36.3,36.2,35.2,34.4,34.2,33.6,27.7,19.8,12.7,6.9,5.1,4.2,1.43,1.45,1.48,1.52,1.54,1.54,32.2,32.8,32.7,32.5,32.7,33.1,23.1,22.9,24.0,25.9,26.5,27.8,16,MB300-0669,2.875446036946086,,,,,,,,,1478.8252704601296,False,,,,,,,,,,,,,,,,,,7833.357553020674,False,True,1.0,Medium,Unmined Exploratory Target (Core Borehole Intercept),Manegaon Northern Strike Extension,562.5,GRID_BHARVELI_COMB_15_18,114.584021165819,REAL
MASTER_26_19,26,19,21.876492,80.24744,3638.247314,35.925152,0,905,0.09,0.072764,0.099101,0.105468,0.24899,0.296475,0.226383,0.060896,0.078637,0.04993,0.289764,0.167931,0.078442,0.199884,0.044516,0.373394,0.071822,0.404599,-0.42932,-0.498461,0.109438,0.761293,1.199827,1.445633,5.822997,0.704274,-0.568424,-0.356059,-0.237255,0.461888,0.578453,0.811988,6.604496,0.299676,-0.139104,0.142401,-0.346693,-0.299405,-0.621374,-0.633645,0.17351,0.027306,0.781166,0.040774,-0.128544,0.517632,0.5929,0.400484,0.005525,0,sparse_vegetation,grade_B_blast_furnace_25to44,25-44% Mn (BF + Medium grade),0.461,34.81,1625.07,1432.68,104.75,293.23,736.99,4.46,6,0.2525,0.5004,0.1417,0.126,30.03,48.93,0.434,GRID_300M_27_19,147.09070572563587,6.9,6.9,6.9,7.1,7.1,7.2,41.0,41.8,43.3,44.5,44.3,43.9,21.4,21.1,20.7,20.4,20.9,21.8,37.6,37.1,35.9,35.2,34.8,34.3,24.5,16.4,12.2,6.8,5.9,5.0,1.45,1.46,1.49,1.53,1.55,1.54,30.1,30.8,30.8,30.6,30.7,30.6,22.5,23.5,24.2,26.0,27.4,28.5,29,MB300-0670,3.639413661569441,,,,,,,,,1578.0831332285914,False,,,,,,,,,,,,,,,,,,7834.91181582937,False,True,1.0,Medium,Unmined Exploratory Target (Core Borehole Intercept),Manegaon Northern Strike Extension,598.7,GRID_BHARVELI_COMB_15_19,115.99346490000588,REAL
MASTER_26_20,26,20,21.876557,80.250338,3826.716553,39.484947,0,911,0.09,0.066387,0.09705,0.094969,0.267479,0.283724,0.207606,0.102947,0.11654,0.088064,0.337558,0.219789,0.114621,0.187891,0.044446,0.327215,0.069789,0.475009,-0.465379,-0.489122,0.060717,0.727309,1.077809,1.419052,5.676172,0.619091,-0.5113,-0.338558,-0.192234,0.502834,0.64551,0.832421,6.411232,0.144082,-0.04592,0.150564,-0.252951,-0.224475,-0.4323,-0.586631,0.139324,0.025343,0.74685,0.070079,-0.063935,0.497368,0.6722,0.391624,0.018661,0,sparse_vegetation,grade_B_blast_furnace_25to44,25-44% Mn (BF + Medium grade),0.52,34.6,1625.07,1432.68,104.75,293.23,736.99,4.46,6,0.2525,0.5004,0.1417,0.126,30.03,48.93,0.434,GRID_300M_27_20,139.8060082879216,6.7,6.7,6.7,6.9,6.9,7.0,39.5,40.2,42.6,44.1,43.8,43.7,21.4,21.1,20.3,20.0,20.5,21.3,39.1,38.7,37.1,35.9,35.7,35.0,23.0,16.0,11.4,7.0,5.2,4.3,1.43,1.45,1.48,1.52,1.54,1.54,29.6,30.8,30.8,30.8,30.9,30.5,20.9,22.3,23.5,24.8,26.5,27.7,29,MB300-0671,2.584768995794808,,,,,,,,,1728.9321013978495,False,,,,,,,,,,,,,,,,,,7839.145060104479,False,True,1.0,Medium,Unmined Exploratory Target (Core Borehole Intercept),Manegaon Northern Strike Extension,761.8,GRID_BHARVELI_COMB_15_20,122.67842322981912,REAL
MASTER_26_21,26,21,21.876578,80.253264,4026.766602,42.777035,0,899,0.09,0.072281,0.102114,0.109682,0.255106,0.303722,0.236421,0.076106,0.096833,0.069089,0.341342,0.227719,0.11561,0.163502,0.041492,0.347739,0.065051,0.404418,-0.428282,-0.495327,0.109655,0.77127,1.211039,1.490781,5.428898,0.675356,-0.566747,-0.417689,-0.174568,0.499709,0.670799,0.899538,6.674218,0.270937,-0.138465,0.077638,-0.284223,-0.271562,-0.54024,-0.591243,0.184237,0.023559,1.246542,0.086236,-0.076003,0.522492,0.634,0.36012,0.096774,0,sparse_vegetation,grade_B_blast_furnace_25to44,25-44% Mn (BF + Medium grade),0.51,34.6,1625.07,1432.68,104.75,293.23,736.99,4.46,6,0.2525,0.5004,0.1417,0.126,30.03,48.93,0.434,GRID_300M_27_21,137.96389807058463,6.6,6.6,6.6,6.8,6.8,6.9,38.6,39.4,42.1,44.4,43.8,43.8,21.8,21.3,20.4,19.9,20.6,21.3,39.6,39.3,37.4,35.7,35.7,34.9,20.8,15.1,10.3,6.9,5.3,4.6,1.45,1.47,1.5,1.55,1.56,1.57,29.4,30.6,30.6,30.6,30.7,30.4,20.2,21.8,22.9,24.4,25.9,27.5,29,MB300-0672,4.627322262373073,,,,,,,,,1913.2431704546361,False,,,,,,,,,,,,,,,,,,7837.552607213053,False,True,0.0,Medium,Unmined Exploratory Target (Core Borehole Intercept),Manegaon Northern Strike Extension,991.2,GRID_BHARVELI_COMB_15_21,125.38615811923617,REAL
MASTER_26_22,26,22,21.876575,80.256149,4233.992676,45.732822,0,871,0.09,0.083963,0.115159,0.138636,0.272562,0.357249,0.284321,0.068904,0.097908,0.075171,0.328493,0.243542,0.13433,0.125775,0.027767,0.248903,0.059874,0.332757,-0.408228,-0.514475,0.16047,0.792224,1.319071,1.634364,6.296186,0.628066,-0.538358,-0.42519,-0.114731,0.544592,0.746896,1.063718,5.633052,0.295309,-0.13013,0.089285,-0.275201,-0.247632,-0.572175,-0.570645,0.123128,0.032107,-0.632406,0.055931,-0.113707,0.561795,0.6884,0.359586,0.191734,1,sparse_vegetation,grade_B_blast_furnace_25to44,25-44% Mn (BF + Medium grade),0.383,35.31,1625.07,1432.68,104.75,293.23,736.99,4.46,6,0.2525,0.5004,0.1417,0.126,30.03,48.93,0.434,GRID_300M_27_22,137.7374592501946,6.9,6.9,7.0,7.1,7.1,7.1,38.2,38.8,41.4,44.6,43.8,43.9,22.4,22.0,21.2,20.2,21.0,21.7,39.4,39.2,37.5,35.1,35.2,34.3,19.6,14.4,9.3,6.7,5.0,4.7,1.47,1.48,1.51,1.57,1.59,1.59,28.8,30.1,30.1,30.1,30.2,29.9,20.7,22.2,22.8,25.4,25.9,27.3,29,MB300-0673,1.991516018895634,,,,,,,,,2119.8397180892835,False,,,,,,,,,,,,,,,,,,7839.001051819108,False,True,0.0,Low,Unmined Exploratory Target (Core Borehole Intercept),Manegaon Northern Strike Extension,1250.7,GRID_BHARVELI_COMB_15_22,124.46828627657634,REAL
MASTER_26_23,26,23,21.876583,80.259013,4450.677734,48.37661,0,886,0.09,0.096307,0.129408,0.159805,0.2841,0.377802,0.308235,0.074361,0.105037,0.082965,0.308815,0.228027,0.129781,0.10203,0.020995,0.227104,0.042552,0.284827,-0.37587,-0.49139,0.169963,0.814684,1.336524,1.650558,7.558305,0.573815,-0.487709,-0.362525,-0.107735,0.565195,0.738407,1.098149,8.251301,0.288988,-0.111839,0.128865,-0.277698,-0.249488,-0.598117,-0.552409,0.125074,0.021557,0.706057,0.024715,-0.149775,0.56881,0.6407,0.384609,0.233634,1,sparse_vegetation,grade_B_blast_furnace_25to44,25-44% Mn (BF + Medium grade),0.373,35.31,1625.07,1432.68,104.75,293.23,736.99,4.46,6,0.2525,0.5004,0.1417,0.126,30.03,48.93,0.434,GRID_300M_27_23,135.89916210997288,7.0,7.0,7.1,7.2,7.3,7.3,37.2,37.8,41.1,44.9,43.8,44.2,22.5,22.1,20.8,19.7,20.7,21.5,40.2,40.1,38.1,35.3,35.5,34.3,18.6,13.4,8.3,6.3,4.0,3.6,1.49,1.5,1.54,1.59,1.6,1.61,29.1,30.1,30.1,30.0,30.1,29.8,17.9,19.5,21.3,23.8,24.3,25.3,29,MB300-0674,3.061597310365422,,,,,,,,,2345.2484622527863,False,,,,,,,,,,,,,,,,,,7839.477440879104,False,True,0.0,Low,Unmined Exploratory Target (Core Borehole Intercept),Manegaon Northern Strike Extension,1525.2,GRID_BHARVELI_COMB_15_23,124.29923903675522,REAL
MASTER_26_24,26,24,21.876582,80.261677,4659.313477,50.620758,0,746,0.09,0.105239,0.140463,0.178275,0.298729,0.394602,0.319662,0.078586,0.110845,0.086719,0.310233,0.225969,0.130732,0.102077,0.0188,0.20844,0.043378,0.257511,-0.362337,-0.476588,0.171795,0.809357,1.324879,1.686378,8.164712,0.559893,-0.468736,-0.329193,-0.113575,0.575093,0.725748,1.094548,7.88891,0.302382,-0.1064,0.147395,-0.285369,-0.234264,-0.599131,-0.59183,0.106363,0.024578,-0.217141,0.011504,-0.168632,0.578527,0.6424,0.398399,0.36193,1,sparse_vegetation,grade_B_blast_furnace_25to44,25-44% Mn (BF + Medium grade),0.246,35.31,1625.07,1432.68,104.75,293.23,736.99,4.46,6,0.2525,0.5004,0.1417,0.126,30.03,48.93,0.434,GRID_300M_27_24,133.47591926728802,7.0,7.1,7.1,7.2,7.2,7.3,36.8,37.6,41.6,44.7,43.4,44.1,22.1,21.5,19.7,19.2,20.5,21.2,41.1,40.9,38.7,36.1,36.2,34.7,18.1,12.4,8.3,6.1,4.0,3.3,1.5,1.51,1.55,1.59,1.6,1.6,29.5,30.2,30.3,29.9,30.0,29.7,16.1,17.4,20.6,21.1,21.2,21.9,29,MB300-0675,27.592708712873836,,,,,,,,,2567.2685994201333,False,,,,,,,,,,,,,,,,,,7839.068707078196,False,True,0.0,Low,Unmined Exploratory Target (Core Borehole Intercept),Manegaon Northern Strike Extension,1807.8,GRID_BHARVELI_COMB_15_24,121.56161563977098,REAL
MASTER_27_00,27,0,21.879009,80.192752,4759.357422,312.666534,0,561,0.09,0.107392,0.142547,0.1886,0.291157,0.355656,0.267279,0.159153,0.16379,0.140473,0.242707,0.183331,0.127389,0.156671,0.043932,0.17133,0.026074,0.219932,-0.343913,-0.425903,0.150422,0.747906,1.219413,1.742268,5.530958,0.33529,-0.232452,-0.035417,-0.157836,0.635607,0.684698,0.834898,9.082165,0.115358,0.111461,0.390486,-0.308258,-0.112299,-0.534715,-0.90737,0.014659,-0.017858,3.559776,-0.04845,-0.172325,0.595354,0.6404,0.53096,0.45098,1,waterlogged,grade_B_blast_furnace_25to44,25-44% Mn (BF + Medium grade),0.215,36.11,1625.07,1432.68,104.75,293.23,736.99,4.46,6,0.2525,0.5004,0.1417,0.126,30.03,48.93,0.434,GRID_300M_27_00,164.29212552382737,7.4,7.4,7.5,7.6,7.7,7.7,41.6,41.8,41.9,44.1,42.7,44.1,17.8,18.0,17.9,17.1,18.1,18.3,40.5,40.2,40.2,38.8,39.1,37.7,15.0,10.2,6.0,6.0,4.2,3.6,1.55,1.57,1.61,1.63,1.63,1.63,30.5,31.3,31.1,31.0,30.9,31.1,14.7,13.9,15.2,18.5,18.9,18.7,29,MB300-0676,52.87299388290954,,,,,,,,,2648.697844716474,False,,,,,,,,,,,,,,,,,,7845.96671814848,False,True,0.0,Very Low,No Mining History (Barren Country Rock Control),Bharveli West Footwall Baseline,3149.5,GRID_BHARVELI_COMB_16_00,128.98537356627455,REAL
MASTER_27_01,27,1,21.879007,80.195125,4582.44043,314.736603,0,892,0.09,0.102633,0.134926,0.177385,0.279648,0.33701,0.254358,0.436073,0.42316,0.392565,0.491066,0.442795,0.339663,0.131371,0.029583,0.146727,0.024828,0.228458,-0.348947,-0.429028,0.145876,0.755312,1.212407,1.711715,7.561493,0.134749,-0.092843,-0.034545,-0.057748,0.752321,0.890951,0.898867,10.409688,-0.093709,0.256104,0.394483,-0.203624,-0.002991,-0.321457,-0.812847,0.015356,-0.004755,2.842647,0.211418,0.105785,0.58746,0.6482,0.515362,0.439462,1,waterlogged,grade_B_blast_furnace_25to44,25-44% Mn (BF + Medium grade),0.296,36.65,1625.07,1432.68,104.75,293.23,736.99,4.46,6,0.2525,0.5004,0.1417,0.126,30.03,48.93,0.434,GRID_300M_27_01,141.10904143247,7.4,7.5,7.5,7.6,7.6,7.7,41.2,41.5,42.3,44.7,43.4,44.8,18.1,18.3,17.7,16.8,17.8,17.9,40.7,40.3,40.0,38.5,38.7,37.3,15.3,10.3,6.3,5.9,4.1,3.5,1.55,1.57,1.61,1.62,1.63,1.63,30.5,31.3,31.1,31.0,30.9,31.1,13.9,13.0,14.4,16.8,17.7,17.3,29,MB300-0677,3.271957381643449,,,,,,,,,2468.427955249659,False,,,,,,,,,,,,,,,,,,7843.375692526206,False,True,0.0,Very Low,No Mining History (Barren Country Rock Control),Bharveli West Footwall Baseline,3133.0,GRID_BHARVELI_COMB_16_01,97.82592444671715,REAL
MASTER_27_02,27,2,21.879006,80.198039,4374.114258,317.504517,0,889,0.09,0.10489,0.137451,0.178554,0.282367,0.339937,0.253781,0.098104,0.117706,0.093296,0.23665,0.170424,0.097935,0.136543,0.034132,0.11659,0.017249,0.230655,-0.34536,-0.424253,0.14284,0.744946,1.210038,1.686424,5.681456,0.442332,-0.339872,-0.178859,-0.124483,0.566366,0.712585,0.959356,10.462199,0.211677,0.005488,0.245394,-0.267323,-0.17858,-0.497454,-0.727068,-0.019953,-0.016884,4.758367,-0.045717,-0.169513,0.58479,0.6371,0.455178,0.574803,1,sparse_vegetation,grade_B_blast_furnace_25to44,25-44% Mn (BF + Medium grade),0.195,36.65,1625.07,1432.68,104.75,293.23,736.99,4.46,6,0.2525,0.5004,0.1417,0.126,30.03,48.93,0.434,GRID_300M_27_02,141.16028355618826,7.4,7.5,7.5,7.6,7.7,7.7,41.1,41.6,43.1,46.1,44.7,45.7,19.0,19.1,18.1,16.9,17.9,18.2,39.9,39.3,38.8,37.0,37.4,36.1,15.5,10.5,6.3,5.9,4.1,3.2,1.54,1.56,1.6,1.62,1.63,1.63,30.5,31.0,30.9,30.8,30.8,30.9,13.4,13.1,15.1,17.0,18.2,17.7,29,MB300-0678,1.3780253842455097,,,,,,,,,2263.9348348044455,False,,,,,,,,,,,,,,,,,,7843.490741081132,False,True,0.0,Very Low,No Mining History (Barren Country Rock Control),Bharveli West Footwall Baseline,3145.2,GRID_BHARVELI_COMB_16_02,97.95080119832865,REAL
MASTER_27_03,27,3,21.879002,80.200973,4175.541504,320.560333,0,887,0.09,0.114977,0.15164,0.201184,0.312406,0.38007,0.28175,0.091851,0.1135,0.089233,0.224591,0.132365,0.077084,0.123902,0.027968,0.124161,0.01848,0.219458,-0.347188,-0.430065,0.151728,0.741025,1.217665,1.743538,5.961051,0.434489,-0.329201,-0.066016,-0.182741,0.579014,0.582447,0.975797,11.787844,0.21503,0.017988,0.364049,-0.334469,-0.162011,-0.635218,-0.767742,0.000259,-0.009488,5.767495,-0.087815,-0.247705,0.597075,0.6343,0.521512,0.472379,1,sparse_vegetation,grade_B_blast_furnace_25to44,25-44% Mn (BF + Medium grade),0.198,36.65,1625.07,1432.68,104.75,293.23,736.99,4.46,6,0.2525,0.5004,0.1417,0.126,30.03,48.93,0.434,GRID_300M_27_03,141.42162571820936,7.4,7.5,7.5,7.6,7.7,7.7,40.5,41.5,42.2,45.7,44.4,45.3,19.3,19.2,18.4,17.1,18.1,18.4,40.1,39.3,39.3,37.2,37.6,36.3,15.4,11.3,6.3,6.2,4.2,3.4,1.54,1.56,1.6,1.62,1.63,1.63,29.8,30.4,30.4,30.2,30.2,30.3,14.9,14.9,17.1,18.7,19.1,18.7,29,MB300-0679,2.402011811161424,,,,,,,,,2081.595369171569,False,,,,,,,,,,,,,,,,,,7842.924178756231,False,True,0.0,Very Low,No Mining History (Barren Country Rock Control),Bharveli West Footwall Baseline,3185.6,GRID_BHARVELI_COMB_16_03,98.52981375606862,REAL
MASTER_27_04,27,4,21.879007,80.203877,3992.63916,323.882751,0,898,0.09,0.099637,0.131803,0.164927,0.29379,0.340865,0.249084,0.071527,0.092444,0.072291,0.203437,0.141868,0.079843,0.142048,0.03868,0.163385,0.031469,0.286292,-0.381059,-0.441453,0.120576,0.728319,1.161683,1.639457,4.732457,0.46584,-0.360015,-0.179945,-0.135399,0.555042,0.687967,0.994697,9.362728,0.179548,0.021045,0.261508,-0.255975,-0.173277,-0.473716,-0.64476,0.021337,-0.007211,4.623748,-0.090352,-0.198997,0.567915,0.6432,0.4569,0.319599,1,sparse_vegetation,grade_B_blast_furnace_25to44,25-44% Mn (BF + Medium grade),0.251,37.15,1625.07,1432.68,104.75,293.23,736.99,4.46,6,0.2525,0.5004,0.1417,0.126,30.03,48.93,0.434,GRID_300M_27_04,141.84351269134035,7.4,7.4,7.5,7.5,7.6,7.7,40.0,40.8,40.9,44.8,43.1,44.1,19.9,19.8,19.2,17.8,18.7,19.1,40.1,39.4,39.9,37.5,38.2,36.8,15.7,11.5,6.7,5.5,3.5,2.6,1.55,1.56,1.6,1.62,1.63,1.63,29.7,30.4,30.4,30.2,30.2,30.3,15.3,15.5,18.6,19.4,18.6,18.7,29,MB300-0680,3.0376090058015426,,,,,,,,,1932.155625267581,False,,,,,,,,,,,,,,,,,,7840.463273933831,False,True,0.0,Very Low,No Mining History (Barren Country Rock Control),Bharveli West Footwall Baseline,3253.4,GRID_BHARVELI_COMB_16_04,98.87950006918119,REAL
MASTER_27_05,27,5,21.879003,80.2068,3822.536133,327.527039,0,890,0.09,0.102529,0.136622,0.167635,0.291478,0.353241,0.268417,0.172058,0.189778,0.166433,0.303446,0.236606,0.160217,0.142845,0.032204,0.138735,0.022139,0.275406,-0.363339,-0.442361,0.135415,0.756572,1.212493,1.624503,6.032755,0.318397,-0.245732,-0.101773,-0.099839,0.651996,0.750106,0.974247,11.040115,0.042992,0.117607,0.340587,-0.235254,-0.104575,-0.462386,-0.650256,-0.00411,-0.010065,5.001279,0.011968,-0.116636,0.566547,0.6257,0.491271,0.31236,1,sparse_vegetation,grade_B_blast_furnace_25to44,25-44% Mn (BF + Medium grade),0.275,37.15,1625.07,1432.68,104.75,293.23,736.99,4.46,6,0.2525,0.5004,0.1417,0.126,30.03,48.93,0.434,GRID_300M_27_05,141.84646509834127,7.4,7.4,7.4,7.5,7.6,7.6,38.9,39.7,40.8,45.1,43.8,44.8,20.8,20.5,19.4,17.6,18.5,18.9,40.3,39.7,39.7,37.3,37.7,36.3,16.1,11.8,7.0,5.5,4.1,3.2,1.54,1.55,1.59,1.62,1.63,1.63,29.7,30.3,30.4,30.1,30.1,30.2,15.2,15.8,18.6,19.4,19.0,18.9,29,MB300-0681,5.8422369762943545,,,,,,,,,1818.7440213326604,False,,,,,,,,,,,,,,,,,,7838.14005509819,False,True,0.0,Very Low,No Mining History (Barren Country Rock Control),Bharveli West Footwall Baseline,3346.8,GRID_BHARVELI_COMB_16_05,99.04467302375579,REAL
MASTER_27_06,27,6,21.879062,80.209663,3678.317139,331.462036,0,889,0.09,0.10322,0.138288,0.169377,0.294825,0.359451,0.283561,0.086305,0.114012,0.08957,0.306546,0.209819,0.127981,0.166326,0.03369,0.187112,0.028127,0.273622,-0.361966,-0.445285,0.139737,0.788695,1.224838,1.632681,7.416412,0.548685,-0.456094,-0.288096,-0.141985,0.596488,0.686655,1.030242,10.764253,0.275062,-0.094128,0.157189,-0.281723,-0.192207,-0.538183,-0.602439,0.020786,-0.005564,3.339569,0.011721,-0.149631,0.563349,0.6305,0.410056,0.292463,1,sparse_vegetation,grade_B_blast_furnace_25to44,25-44% Mn (BF + Medium grade),0.171,37.15,1625.07,1432.68,104.75,293.23,736.99,4.46,6,0.2525,0.5004,0.1417,0.126,30.03,48.93,0.434,GRID_300M_27_06,146.9636749599245,7.3,7.3,7.4,7.5,7.5,7.6,38.4,39.2,40.7,45.2,44.0,44.8,21.4,21.0,19.9,17.7,18.6,19.1,40.2,39.8,39.4,37.1,37.5,36.1,15.4,11.9,7.2,5.5,4.7,3.9,1.54,1.55,1.59,1.61,1.62,1.63,29.6,30.3,30.4,30.1,30.1,30.1,15.7,15.7,18.3,19.1,18.8,18.5,29,MB300-0682,0.7860601162665211,,,,,,,,,1758.5033951929684,False,,,,,,,,,,,,,,,,,,7848.799674735482,False,True,0.0,Very Low,No Mining History (Barren Country Rock Control),Bharveli West Footwall Baseline,3463.7,GRID_BHARVELI_COMB_16_06,103.40727074317746,REAL
MASTER_27_07,27,7,21.879098,80.212538,3550.068115,335.695923,0,883,0.09,0.106258,0.14337,0.170561,0.308982,0.368617,0.293196,0.069292,0.098932,0.070514,0.300815,0.195801,0.112818,0.13079,0.02623,0.165346,0.032716,0.296894,-0.369826,-0.441899,0.125094,0.790005,1.194816,1.590498,7.611744,0.616469,-0.499937,-0.319737,-0.166338,0.570169,0.65393,1.008572,8.088641,0.319574,-0.130112,0.122163,-0.291432,-0.219836,-0.540886,-0.581926,0.034556,0.006486,0.508987,-0.008167,-0.172815,0.550261,0.6162,0.39572,0.232163,1,sparse_vegetation,grade_B_blast_furnace_25to44,25-44% Mn (BF + Medium grade),0.235,38.82,1625.07,1432.68,104.75,293.23,736.99,4.46,6,0.2525,0.5004,0.1417,0.126,30.03,48.93,0.434,GRID_300M_27_07,150.0664952416539,7.3,7.3,7.3,7.4,7.4,7.5,38.4,39.2,41.0,45.4,44.1,44.7,21.7,21.1,20.0,17.7,18.6,19.2,40.0,39.6,39.0,36.9,37.3,36.0,15.6,12.6,7.5,5.7,4.8,3.9,1.54,1.54,1.58,1.61,1.61,1.62,29.6,30.3,30.4,30.1,30.0,30.0,16.4,16.5,19.2,20.5,20.2,19.3,29,MB300-0683,4.475462842616368,,,,,,,,,1744.4485505416715,False,,,,,,,,,,,,,,,,,,7868.109237692558,False,True,0.0,Very Low,Unmined Exploratory Target (Core Borehole Intercept),Manegaon Northern Strike Extension,3389.8,GRID_BHARVELI_COMB_16_07,106.0759877435259,REAL
MASTER_27_08,27,8,21.879096,80.215445,3437.450195,340.248962,0,893,0.09,0.11367,0.151036,0.183153,0.319649,0.394026,0.317456,0.06848,0.094592,0.068431,0.258852,0.178778,0.101655,0.10674,0.024384,0.191182,0.033708,0.280205,-0.362193,-0.448997,0.137659,0.801464,1.237222,1.594946,7.272154,0.57309,-0.454336,-0.288842,-0.144818,0.563846,0.689579,0.988184,8.344446,0.292885,-0.092142,0.160155,-0.282477,-0.237618,-0.547644,-0.606762,0.084443,0.009324,1.098287,-0.060797,-0.215248,0.55473,0.6252,0.410772,0.348264,1,sparse_vegetation,grade_B_blast_furnace_25to44,25-44% Mn (BF + Medium grade),0.327,38.82,1625.07,1432.68,104.75,293.23,736.99,4.46,6,0.2525,0.5004,0.1417,0.126,30.03,48.93,0.434,GRID_300M_27_08,149.82694218427145,7.2,7.2,7.3,7.3,7.3,7.4,37.9,38.8,40.7,45.2,44.0,44.6,21.4,20.8,19.6,17.2,18.2,18.8,40.7,40.4,39.6,37.6,37.8,36.6,16.6,12.8,7.6,5.6,4.9,3.9,1.54,1.54,1.58,1.61,1.61,1.62,29.6,30.3,30.4,30.1,30.0,29.9,16.9,17.6,20.8,21.4,20.7,20.0,29,MB300-0684,3.1427269268638334,,,,,,,,,1742.675476948883,False,,,,,,,,,,,,,,,,,,7894.7044952887245,False,True,0.0,Very Low,Unmined Exploratory Target (Core Borehole Intercept),Manegaon Northern Strike Extension,3090.7,GRID_BHARVELI_COMB_16_08,105.8326105909454,REAL
MASTER_27_09,27,9,21.879106,80.218367,3348.731201,345.108734,0,886,0.09,0.113536,0.151045,0.182651,0.301642,0.37884,0.309763,0.11389,0.132329,0.10719,0.249859,0.175748,0.109164,0.121971,0.021663,0.175143,0.024657,0.249992,-0.334807,-0.431832,0.148246,0.815903,1.260677,1.600965,8.256873,0.409806,-0.312077,-0.136313,-0.133814,0.611596,0.693173,0.936166,11.158862,0.159814,0.02273,0.295519,-0.282059,-0.204307,-0.567504,-0.6648,0.053172,0.002995,2.880719,-0.051783,-0.203091,0.559794,0.606,0.479847,0.341986,1,sparse_vegetation,grade_B_blast_furnace_25to44,25-44% Mn (BF + Medium grade),0.196,38.82,1625.07,1432.68,104.75,293.23,736.99,4.46,6,0.2525,0.5004,0.1417,0.126,30.03,48.93,0.434,GRID_300M_27_09,151.22738588683356,7.2,7.2,7.3,7.3,7.3,7.4,38.1,39.0,41.4,46.2,45.0,45.7,20.8,20.1,18.8,16.5,17.6,18.3,41.2,40.8,39.8,37.2,37.3,36.0,17.7,12.3,7.6,5.5,4.4,3.5,1.54,1.55,1.59,1.61,1.62,1.63,29.5,30.2,30.3,30.0,29.9,29.7,16.6,17.6,21.7,21.2,20.2,20.3,29,MB300-0685,1.2988446307625299,,,,,,,,,1742.2792842362237,False,,,,,,,,,,,,,,,,,,7934.138594112291,False,True,0.0,Very Low,Unmined Exploratory Target (Core Borehole Intercept),Manegaon Northern Strike Extension,2791.9,GRID_BHARVELI_COMB_16_09,107.30139969664162,REAL
MASTER_27_10,27,10,21.879097,80.22128,3283.473145,350.172302,0,898,0.09,0.108478,0.147074,0.182357,0.286332,0.373095,0.306199,0.12163,0.140714,0.116706,0.28599,0.21409,0.132374,0.118898,0.022255,0.16604,0.030137,0.231172,-0.326456,-0.439591,0.167152,0.81709,1.312774,1.664061,8.046852,0.439335,-0.352676,-0.210782,-0.114331,0.605355,0.736833,0.961406,8.027174,0.208163,-0.02622,0.228809,-0.281483,-0.211735,-0.57594,-0.702655,0.047142,0.007882,0.002883,-0.000342,-0.159005,0.576209,0.6358,0.445861,0.467706,1,sparse_vegetation,grade_B_blast_furnace_25to44,25-44% Mn (BF + Medium grade),0.221,37.95,1625.07,1432.68,104.75,293.23,736.99,4.46,6,0.2525,0.5004,0.1417,0.126,30.03,48.93,0.434,GRID_300M_27_10,150.36596109371715,7.2,7.2,7.3,7.3,7.3,7.4,38.1,39.2,41.2,45.8,44.6,45.2,20.3,19.7,18.6,16.8,17.9,18.7,41.5,41.1,40.1,37.4,37.5,36.0,17.8,12.8,7.6,5.7,3.9,3.3,1.54,1.55,1.59,1.61,1.63,1.64,29.5,30.1,30.2,29.8,29.8,29.6,16.5,17.5,21.5,21.9,21.7,22.5,29,MB300-0686,1.4508437525894256,,,,,,,,,1739.857732959367,False,,,,,,,,,,,,,,,,,,7982.551970769448,False,True,0.0,Low,Unmined Exploratory Target (Core Borehole Intercept),Manegaon Northern Strike Extension,2493.3,GRID_BHARVELI_COMB_16_10,106.4779301077615,REAL
MASTER_27_11,27,11,21.879108,80.224202,3246.947021,355.417938,0,889,0.09,0.093194,0.126639,0.157686,0.266182,0.34049,0.272723,0.087615,0.113519,0.089904,0.293096,0.219315,0.12757,0.121972,0.023437,0.2046,0.042411,0.261741,-0.3549,-0.455447,0.157238,0.795421,1.28486,1.675066,7.86104,0.528229,-0.436193,-0.311687,-0.106574,0.578185,0.752689,1.024559,7.702775,0.266488,-0.081293,0.14376,-0.263811,-0.217236,-0.532171,-0.650507,0.082628,0.018975,-0.16523,0.026914,-0.121175,0.574825,0.6839,0.398372,0.370079,1,sparse_vegetation,grade_B_blast_furnace_25to44,25-44% Mn (BF + Medium grade),0.269,37.95,1625.07,1432.68,104.75,293.23,736.99,4.46,6,0.2525,0.5004,0.1417,0.126,30.03,48.93,0.434,GRID_300M_27_11,151.86521683814246,7.2,7.2,7.3,7.3,7.3,7.3,38.5,39.4,40.9,45.5,44.4,44.9,20.7,20.2,19.3,17.3,18.5,19.2,40.8,40.4,39.8,37.2,37.1,35.9,18.0,13.5,7.8,6.1,4.0,3.4,1.51,1.53,1.57,1.61,1.63,1.63,29.3,29.9,30.1,29.7,29.6,29.4,18.6,19.6,22.1,24.1,24.7,26.1,29,MB300-0687,2.650708272408309,,,,,,,,,1739.5734858626274,False,,,,,,,,,,,,,,,,,,8044.321772744448,False,True,0.0,Low,Unmined Exploratory Target (Core Borehole Intercept),Manegaon Northern Strike Extension,2195.1,GRID_BHARVELI_COMB_16_11,108.09965442330308,REAL
MASTER_27_12,27,12,21.879118,80.227126,3237.86377,0.740124,0,912,0.09,0.086892,0.121107,0.147926,0.278168,0.341005,0.261978,0.068614,0.099564,0.07566,0.323726,0.23988,0.134463,0.134008,0.031582,0.232546,0.050884,0.322835,-0.400677,-0.482256,0.138241,0.760449,1.227632,1.662656,5.890931,0.620454,-0.525925,-0.41651,-0.110903,0.556443,0.753145,1.070811,6.559049,0.297618,-0.125248,0.065746,-0.249144,-0.204005,-0.474487,-0.591844,0.098537,0.019302,0.662028,0.045558,-0.101125,0.565876,0.6676,0.351975,0.279605,1,sparse_vegetation,grade_B_blast_furnace_25to44,25-44% Mn (BF + Medium grade),0.297,37.95,1625.07,1432.68,104.75,293.23,736.99,4.46,6,0.2525,0.5004,0.1417,0.126,30.03,48.93,0.434,GRID_300M_27_12,153.33752007939546,7.2,7.2,7.2,7.3,7.3,7.3,37.3,37.7,40.6,45.4,44.5,45.2,20.5,20.1,18.7,16.9,18.2,18.7,42.2,42.1,40.7,37.6,37.4,36.1,17.5,12.8,7.9,6.2,4.2,3.5,1.52,1.53,1.57,1.59,1.62,1.62,29.1,29.7,29.8,29.7,29.6,29.5,18.9,18.9,21.6,24.3,25.8,27.3,29,MB300-0688,4.69443319211195,,,,,,,,,1739.188762647195,False,,,,,,,,,,,,,,,,,,8116.8031545347285,False,True,0.0,Low,Unmined Exploratory Target (Core Borehole Intercept),Manegaon Northern Strike Extension,1897.5,GRID_BHARVELI_COMB_16_12,109.65944525551575,REAL
MASTER_27_13,27,13,21.879172,80.230008,3261.248047,5.962562,0,892,0.09,0.081812,0.114676,0.137461,0.274633,0.325353,0.24639,0.07167,0.101058,0.079179,0.32406,0.236442,0.133198,0.156041,0.036894,0.255085,0.054263,0.352851,-0.419543,-0.485821,0.122536,0.748022,1.185663,1.632354,6.4645,0.610431,-0.521897,-0.404614,-0.117737,0.555997,0.742386,1.06132,6.753074,0.25758,-0.102354,0.081207,-0.240273,-0.192025,-0.443277,-0.571035,0.099044,0.017369,0.29411,0.049427,-0.088911,0.555533,0.6639,0.357077,0.143498,1,sparse_vegetation,grade_B_blast_furnace_25to44,25-44% Mn (BF + Medium grade),0.43,37.95,1625.07,1432.68,104.75,293.23,736.99,4.46,6,0.2525,0.5004,0.1417,0.126,30.03,48.93,0.434,GRID_300M_28_13,149.5690205983305,7.1,7.2,7.2,7.3,7.3,7.3,36.6,36.9,40.5,44.8,43.8,44.6,20.3,20.1,18.6,17.1,18.3,18.9,43.1,43.0,40.9,38.1,37.9,36.5,18.3,12.7,8.3,6.2,4.4,3.8,1.51,1.52,1.56,1.59,1.61,1.61,29.2,29.8,30.0,29.9,29.8,29.7,19.4,19.2,21.5,24.1,25.4,27.0,29,MB300-0689,2.9872740280535415,,,,,,,,,1743.6908051989355,False,,,,,,,,,,,,,,,,,,8136.603648769434,False,True,0.0,Low,Unmined Exploratory Target (Core Borehole Intercept),Manegaon Northern Strike Extension,1600.8,GRID_BHARVELI_COMB_16_13,114.5247331521668,REAL
MASTER_27_14,27,14,21.879199,80.23288,3308.039307,11.060232,0,881,0.09,0.070268,0.098468,0.103466,0.278375,0.283579,0.194301,0.079578,0.104434,0.074242,0.339785,0.220297,0.116791,0.188592,0.048552,0.292333,0.061109,0.462325,-0.477565,-0.485122,0.047429,0.679216,1.026382,1.45161,5.296937,0.642849,-0.527307,-0.361861,-0.177408,0.521462,0.657227,0.91651,6.201881,0.180525,-0.049742,0.123261,-0.224838,-0.157754,-0.369155,-0.5351,0.103741,0.012557,0.897451,0.06141,-0.063282,0.508224,0.6133,0.374913,0.032917,0,sparse_vegetation,grade_B_blast_furnace_25to44,25-44% Mn (BF + Medium grade),0.411,36.36,1625.07,1432.68,104.75,293.23,736.99,4.46,6,0.2525,0.5004,0.1417,0.126,30.03,48.93,0.434,GRID_300M_28_14,145.82201574556024,6.8,6.9,6.9,7.0,7.1,7.1,36.0,36.3,39.4,43.3,42.4,42.9,20.5,20.3,19.2,17.9,19.0,19.7,43.4,43.4,41.5,38.8,38.6,37.4,20.9,13.4,8.8,6.3,5.6,5.1,1.49,1.5,1.53,1.56,1.58,1.59,29.2,29.8,30.1,30.1,30.0,29.9,20.3,20.2,21.6,24.2,25.5,26.9,29,MB300-0690,4.051878608438913,,,,,,,,,1745.0509073828391,False,,,,,,,,,,,,,,,,,,8134.92217941071,False,True,0.0,Low,Unmined Exploratory Target (Core Borehole Intercept),Manegaon Northern Strike Extension,1305.6,GRID_BHARVELI_COMB_16_14,116.35736518140979,REAL
MASTER_27_15,27,15,21.879187,80.235766,3376.488281,16.02224,0,899,0.09,0.063204,0.08909,0.085047,0.272322,0.250106,0.162676,0.076659,0.101035,0.068933,0.348409,0.220018,0.111695,0.194297,0.048776,0.318601,0.066653,0.520356,-0.502924,-0.473983,-0.001365,0.646653,0.938693,1.333699,5.28959,0.68352,-0.559805,-0.384368,-0.196331,0.49906,0.632413,0.886025,6.539908,0.163164,-0.056882,0.089615,-0.194966,-0.147593,-0.30628,-0.447675,0.124304,0.017877,1.263401,0.076087,-0.030087,0.477339,0.6004,0.35675,0.002225,0,dense_vegetation,grade_B_blast_furnace_25to44,25-44% Mn (BF + Medium grade),0.551,36.36,1625.07,1432.68,104.75,293.23,736.99,4.46,6,0.2525,0.5004,0.1417,0.126,30.03,48.93,0.434,GRID_300M_28_15,146.6547278465103,6.4,6.4,6.4,6.5,6.6,6.7,37.4,37.7,40.0,43.0,42.2,42.7,21.4,21.3,20.5,19.6,20.5,21.1,41.1,41.0,39.5,37.3,37.3,36.2,23.1,15.0,10.4,6.7,6.3,5.3,1.46,1.48,1.51,1.54,1.56,1.56,29.4,30.2,30.4,30.2,30.1,30.1,19.7,19.5,22.7,23.7,24.7,25.8,29,MB300-0691,3.356031389684336,,,,,,,,,1742.2253046431413,False,,,,,,,,,,,,,,,,,,8134.808291925171,False,True,0.0,Medium,Unmined Exploratory Target (Core Borehole Intercept),Manegaon Northern Strike Extension,1013.1,GRID_BHARVELI_COMB_16_15,114.49621206616366,REAL
MASTER_27_16,27,16,21.879192,80.238682,3471.929443,20.791861,0,897,0.09,0.065324,0.093475,0.087534,0.294343,0.262719,0.170504,0.062238,0.087029,0.056243,0.343528,0.220487,0.106852,0.189735,0.045056,0.280262,0.054878,0.546503,-0.517933,-0.47347,-0.02209,0.636463,0.901103,1.311294,5.746909,0.719523,-0.596203,-0.434231,-0.191544,0.480363,0.643345,0.895333,6.593919,0.173019,-0.078271,0.039239,-0.169453,-0.1561,-0.257758,-0.415961,0.090527,0.009822,0.846973,0.049185,-0.042232,0.467236,0.5991,0.328558,0.00223,0,dense_vegetation,grade_B_blast_furnace_25to44,25-44% Mn (BF + Medium grade),0.574,36.36,1625.07,1432.68,104.75,293.23,736.99,4.46,6,0.2525,0.5004,0.1417,0.126,30.03,48.93,0.434,GRID_300M_28_16,146.26972255823821,6.3,6.3,6.3,6.4,6.5,6.6,39.0,39.3,41.3,43.9,43.5,43.7,22.0,21.8,21.2,20.4,21.1,21.7,39.0,38.9,37.5,35.7,35.3,34.5,26.3,19.3,11.6,7.1,6.1,4.9,1.42,1.44,1.47,1.51,1.53,1.53,29.7,30.4,30.6,30.4,30.3,30.3,19.7,19.0,22.3,23.6,24.1,25.4,29,MB300-0692,1.963126559741795,,,,,,,,,1741.2568361269234,False,,,,,,,,,,,,,,,,,,8134.920634167129,False,True,1.0,Medium,Unmined Exploratory Target (Core Borehole Intercept),Manegaon Northern Strike Extension,726.9,GRID_BHARVELI_COMB_16_16,115.21260194582526,REAL
MASTER_27_17,27,17,21.879189,80.241601,3589.454834,25.285053,0,899,0.09,0.080097,0.109849,0.103768,0.293077,0.276137,0.195711,0.071305,0.095471,0.059682,0.362356,0.224286,0.105699,0.114621,0.026133,0.161193,0.038264,0.476656,-0.452951,-0.430465,0.005415,0.701069,0.955845,1.284547,6.421555,0.717604,-0.583706,-0.404681,-0.208399,0.470056,0.621023,0.837468,5.965256,0.240949,-0.130756,0.025783,-0.213814,-0.231013,-0.334821,-0.447079,0.046572,0.01213,-0.435743,0.069279,-0.051852,0.468274,0.5535,0.339854,0.0,0,sparse_vegetation,non_ore,Background,0.607,34.81,1625.07,1432.68,104.75,293.23,736.99,4.46,6,0.2525,0.5004,0.1417,0.126,30.03,48.93,0.434,GRID_300M_28_17,146.82562017315487,6.2,6.2,6.2,6.3,6.4,6.5,40.8,41.4,42.3,44.8,44.7,44.6,22.3,22.0,21.9,20.8,21.4,22.1,36.9,36.6,35.9,34.4,34.0,33.3,28.5,21.3,12.8,6.9,5.4,4.2,1.39,1.42,1.44,1.49,1.51,1.51,30.3,31.0,31.1,30.9,30.8,30.8,21.8,21.6,23.7,25.6,26.4,27.6,16,MB300-0693,1.8284411160197909,,,,,,,,,1739.5158137116748,False,,,,,,,,,,,,,,,,,,8134.584129020396,False,True,1.0,Medium,Unmined Exploratory Target (Core Borehole Intercept),Manegaon Northern Strike Extension,458.7,GRID_BHARVELI_COMB_16_17,115.17533569093688,REAL
MASTER_27_18,27,18,21.879187,80.244516,3727.396729,29.464567,0,900,0.09,0.075991,0.102895,0.100967,0.275213,0.266137,0.188396,0.060377,0.082605,0.050215,0.356956,0.218157,0.101012,0.301699,0.07787,0.628033,0.12111,0.461569,-0.453232,-0.441817,0.019714,0.702131,0.982635,1.320039,5.173324,0.753067,-0.624204,-0.452142,-0.216531,0.462739,0.6134,0.831784,6.439216,0.291498,-0.170972,-0.010325,-0.236245,-0.239392,-0.369235,-0.488255,0.326334,0.043241,1.266022,0.081742,-0.047981,0.47876,0.58,0.323519,0.002222,0,sparse_vegetation,grade_B_blast_furnace_25to44,25-44% Mn (BF + Medium grade),0.621,34.81,1625.07,1432.68,104.75,293.23,736.99,4.46,6,0.2525,0.5004,0.1417,0.126,30.03,48.93,0.434,GRID_300M_28_18,147.19314024835043,6.3,6.3,6.3,6.4,6.5,6.6,42.1,42.9,43.6,46.0,45.9,45.6,22.2,21.8,21.5,20.4,20.9,21.7,35.7,35.3,34.8,33.7,33.2,32.6,26.6,18.9,12.2,6.8,4.8,4.0,1.46,1.48,1.5,1.56,1.57,1.57,32.7,33.4,33.3,32.9,33.0,33.4,22.1,22.1,23.9,26.7,26.9,28.1,16,MB300-0694,3.5485324694659033,,,,,,,,,1772.8653435807835,False,,,,,,,,,,,,,,,,,,8134.363017360371,False,True,1.0,High,Unmined Exploratory Target (Core Borehole Intercept),Manegaon Northern Strike Extension,269.0,GRID_BHARVELI_COMB_16_18,115.12107402330038,REAL
MASTER_27_19,27,19,21.879227,80.247436,3887.961426,33.294617,0,917,0.09,0.074267,0.102966,0.099797,0.27467,0.263375,0.183904,0.05784,0.078902,0.04634,0.36075,0.212869,0.095683,0.288615,0.072056,0.542625,0.123257,0.464612,-0.452441,-0.437544,0.020174,0.696377,0.972998,1.33987,5.003495,0.77093,-0.639639,-0.457271,-0.235083,0.448468,0.591394,0.801398,5.923761,0.306319,-0.187198,-0.019727,-0.255257,-0.247909,-0.381604,-0.538471,0.25401,0.0512,0.919407,0.086081,-0.050506,0.482046,0.5611,0.323166,0.001091,0,sparse_vegetation,grade_B_blast_furnace_25to44,25-44% Mn (BF + Medium grade),0.459,34.81,1625.07,1432.68,104.75,293.23,736.99,4.46,6,0.2525,0.5004,0.1417,0.126,30.03,48.93,0.434,GRID_300M_28_19,143.0911781341842,6.9,6.9,6.9,7.0,7.1,7.1,42.4,43.4,44.3,45.4,45.3,44.9,21.8,21.4,21.1,20.7,21.3,22.1,35.8,35.3,34.6,33.9,33.4,33.0,24.7,16.7,11.5,7.0,5.0,4.2,1.48,1.5,1.52,1.57,1.59,1.59,32.1,32.6,32.5,32.2,32.3,32.6,22.4,23.0,24.1,26.7,26.5,27.6,16,MB300-0695,2.541438201232955,,,,,,,,,1859.7204486830035,False,,,,,,,,,,,,,,,,,,8139.37032590357,False,True,1.0,High,Unmined Exploratory Target (Core Borehole Intercept),Manegaon Northern Strike Extension,338.1,GRID_BHARVELI_COMB_16_19,119.7431799436469,REAL
MASTER_27_20,27,20,21.879279,80.25035,4065.104248,36.788994,0,900,0.09,0.065578,0.096185,0.087921,0.277908,0.258572,0.178717,0.061162,0.080934,0.050215,0.356191,0.210348,0.094584,0.247732,0.056501,0.441079,0.088864,0.51496,-0.4819,-0.457257,0.004254,0.688959,0.948498,1.332906,6.325492,0.75394,-0.63045,-0.445989,-0.231465,0.44934,0.591248,0.819038,6.290963,0.23898,-0.14855,0.011268,-0.235719,-0.239619,-0.35725,-0.513869,0.193348,0.032364,-0.025909,0.078283,-0.048224,0.471741,0.5765,0.329924,0.003333,0,dense_vegetation,grade_B_blast_furnace_25to44,25-44% Mn (BF + Medium grade),0.405,34.6,1625.07,1432.68,104.75,293.23,736.99,4.46,6,0.2525,0.5004,0.1417,0.126,30.03,48.93,0.434,GRID_300M_28_20,137.59984713709596,6.8,6.8,6.8,6.9,7.0,7.0,42.2,43.1,44.3,45.1,45.0,44.6,21.4,21.0,20.6,20.2,20.8,21.6,36.4,35.9,35.1,34.6,34.2,33.8,25.1,17.4,12.2,7.0,5.5,4.6,1.44,1.46,1.49,1.54,1.55,1.55,30.4,31.4,31.3,31.1,31.4,31.3,21.8,23.0,24.3,26.0,26.6,27.8,16,MB300-0696,5.163935308610397,,,,,,,,,1989.8868704104082,False,,,,,,,,,,,,,,,,,,8142.1483103335895,False,True,1.0,Medium,Unmined Exploratory Target (Core Borehole Intercept),Manegaon Northern Strike Extension,579.9,GRID_BHARVELI_COMB_16_20,125.4687791771458,REAL
MASTER_27_21,27,21,21.879272,80.253224,4248.481445,39.995979,0,874,0.09,0.064818,0.097082,0.089637,0.285398,0.273841,0.191379,0.056261,0.077837,0.047622,0.351273,0.210934,0.095912,0.206428,0.046102,0.357908,0.075904,0.520637,-0.490553,-0.475449,0.017173,0.696578,0.969682,1.375628,6.092417,0.760898,-0.636934,-0.461027,-0.223533,0.454318,0.601483,0.846105,6.364639,0.240262,-0.146381,0.014422,-0.240706,-0.24226,-0.368198,-0.529523,0.151481,0.029802,0.290259,0.065875,-0.062907,0.478876,0.5626,0.327736,0.0,0,dense_vegetation,non_ore,Background,0.399,34.6,1625.07,1432.68,104.75,293.23,736.99,4.46,6,0.2525,0.5004,0.1417,0.126,30.03,48.93,0.434,GRID_300M_28_21,137.57309953062204,6.6,6.6,6.6,6.8,6.8,6.9,40.8,41.6,43.5,44.9,44.6,44.3,21.2,20.9,20.4,19.7,20.3,21.1,38.0,37.6,36.1,35.4,35.1,34.6,23.8,17.4,11.9,7.0,6.0,5.1,1.44,1.45,1.48,1.53,1.54,1.54,29.2,30.5,30.4,30.4,30.6,30.4,21.0,22.7,24.1,25.9,27.4,28.8,16,MB300-0697,1.6418733601868294,,,,,,,,,2146.8076690717667,False,,,,,,,,,,,,,,,,,,8137.4638128258775,False,True,1.0,Medium,Unmined Exploratory Target (Core Borehole Intercept),Manegaon Northern Strike Extension,859.2,GRID_BHARVELI_COMB_16_21,123.83894179785453,REAL
MASTER_27_22,27,22,21.879282,80.256092,4445.015137,42.904873,0,896,0.09,0.074464,0.102914,0.113818,0.259846,0.328517,0.250719,0.058099,0.081942,0.052707,0.340757,0.2219,0.106581,0.160992,0.038854,0.302754,0.062997,0.391048,-0.43105,-0.522076,0.137156,0.761084,1.275146,1.52076,5.696278,0.731967,-0.612167,-0.460822,-0.184856,0.479196,0.652461,0.905638,6.802418,0.34092,-0.181117,0.061255,-0.322012,-0.281889,-0.622685,-0.615123,0.141761,0.024143,1.103626,0.08091,-0.106618,0.537729,0.6233,0.351738,0.017857,0,sparse_vegetation,grade_B_blast_furnace_25to44,25-44% Mn (BF + Medium grade),0.422,34.6,1625.07,1432.68,104.75,293.23,736.99,4.46,6,0.2525,0.5004,0.1417,0.126,30.03,48.93,0.434,GRID_300M_28_22,135.66612593964385,6.8,6.8,6.9,7.0,7.0,7.0,38.1,38.7,41.5,45.0,44.3,44.2,22.6,22.1,21.3,20.1,20.8,21.8,39.3,39.2,37.2,34.9,34.9,34.0,20.4,14.6,9.9,6.8,6.3,5.9,1.46,1.47,1.5,1.56,1.58,1.58,28.8,30.0,30.0,30.1,30.2,29.9,21.2,23.3,23.8,26.5,26.9,27.9,29,MB300-0698,3.429086231673796,,,,,,,,,2332.161951546718,False,,,,,,,,,,,,,,,,,,8140.367702947251,False,True,0.0,Medium,Unmined Exploratory Target (Core Borehole Intercept),Manegaon Northern Strike Extension,1149.0,GRID_BHARVELI_COMB_16_22,124.0516415833125,REAL
MASTER_27_23,27,23,21.879278,80.259003,4653.949219,45.614475,0,900,0.09,0.078147,0.104636,0.125631,0.26843,0.356727,0.267726,0.061554,0.087001,0.057137,0.339738,0.220373,0.106434,0.147545,0.035247,0.354883,0.064221,0.364756,-0.439521,-0.546708,0.162506,0.749665,1.333892,1.603393,5.725702,0.708245,-0.588912,-0.432179,-0.181526,0.482807,0.652417,0.921762,8.23604,0.343489,-0.149391,0.114529,-0.344032,-0.266859,-0.681475,-0.681631,0.207338,0.028974,2.483899,0.071309,-0.136354,0.561691,0.6307,0.374794,0.047778,0,sparse_vegetation,grade_B_blast_furnace_25to44,25-44% Mn (BF + Medium grade),0.471,35.31,1625.07,1432.68,104.75,293.23,736.99,4.46,6,0.2525,0.5004,0.1417,0.126,30.03,48.93,0.434,GRID_300M_28_23,136.1418238694076,7.0,7.0,7.1,7.2,7.2,7.3,37.3,37.7,41.1,45.1,43.9,44.1,22.8,22.5,21.0,19.9,20.8,21.7,39.8,39.8,37.9,35.0,35.2,34.2,19.0,13.5,8.4,6.3,4.8,4.6,1.48,1.49,1.53,1.58,1.59,1.6,29.1,30.0,30.1,30.0,30.1,29.8,19.7,21.5,22.3,25.0,25.7,26.9,29,MB300-0699,2.568116371433792,,,,,,,,,2540.807790788453,False,,,,,,,,,,,,,,,,,,8139.486242294486,False,True,0.0,Low,Unmined Exploratory Target (Core Borehole Intercept),Manegaon Northern Strike Extension,1443.0,GRID_BHARVELI_COMB_16_23,123.65551406111715,REAL
MASTER_27_24,27,24,21.879278,80.261672,4854.327637,47.884663,0,745,0.09,0.097705,0.131136,0.168422,0.289929,0.389446,0.314097,0.080608,0.11272,0.094883,0.321504,0.268349,0.161044,0.08805,0.018189,0.208154,0.040775,0.273236,-0.380861,-0.498715,0.177636,0.803791,1.346194,1.709075,7.608577,0.546136,-0.478097,-0.405374,-0.055403,0.594816,0.837024,1.151324,8.120332,0.2729,-0.097237,0.093341,-0.233039,-0.208975,-0.50917,-0.557751,0.120104,0.022586,0.512238,0.031575,-0.121097,0.58239,0.6497,0.358586,0.29396,1,sparse_vegetation,grade_B_blast_furnace_25to44,25-44% Mn (BF + Medium grade),0.509,35.31,1625.07,1432.68,104.75,293.23,736.99,4.46,6,0.2525,0.5004,0.1417,0.126,30.03,48.93,0.434,GRID_300M_28_24,133.80727826410504,7.0,7.0,7.1,7.2,7.2,7.3,36.8,37.3,41.4,44.9,43.4,44.1,22.5,22.1,20.1,19.3,20.7,21.3,40.7,40.6,38.5,35.8,35.9,34.6,19.3,12.9,8.6,6.3,3.9,3.2,1.49,1.51,1.55,1.58,1.59,1.6,29.4,30.2,30.4,30.0,30.1,29.8,17.1,18.3,21.1,21.9,22.5,23.5,29,MB300-0700,26.740969701158072,,,,,,,,,2747.421477503457,False,,,,,,,,,,,,,,,,,,8139.187770790905,False,True,0.0,Low,Unmined Exploratory Target (Core Borehole Intercept),Manegaon Northern Strike Extension,1739.0,GRID_BHARVELI_COMB_16_24,121.22787627849539,REAL
MASTER_28_00,28,0,21.881713,80.192747,4967.990234,315.20816,0,566,0.09,0.109872,0.146195,0.194841,0.291549,0.36338,0.27855,0.079492,0.098332,0.073596,0.22485,0.14878,0.085108,0.133613,0.02936,0.163069,0.022026,0.200161,-0.330553,-0.427456,0.164681,0.767285,1.259455,1.764086,6.946297,0.492579,-0.373053,-0.159475,-0.168029,0.565096,0.638929,0.921719,12.315056,0.292418,-0.042501,0.267982,-0.332709,-0.202189,-0.620527,-0.842367,0.029455,-0.007335,5.383261,-0.066699,-0.2146,0.601539,0.6456,0.475795,0.512367,1,mixed_agricultural,grade_B_blast_furnace_25to44,25-44% Mn (BF + Medium grade),0.232,36.11,1625.07,1432.68,104.75,293.23,736.99,4.46,6,0.2525,0.5004,0.1417,0.126,30.03,48.93,0.434,GRID_300M_28_00,164.4703515710805,7.4,7.4,7.5,7.6,7.6,7.7,41.3,41.8,42.2,44.8,43.5,44.8,18.3,18.4,18.1,17.0,18.2,18.4,40.4,39.8,39.7,38.2,38.3,36.9,15.1,10.0,6.1,6.1,4.4,4.1,1.56,1.59,1.62,1.64,1.64,1.64,30.6,31.3,31.1,31.1,31.1,31.3,14.0,13.4,14.8,18.4,18.8,18.7,29,MB300-0701,53.84563616100363,,,,,,,,,2855.204907009599,False,,,,,,,,,,,,,,,,,,8146.976381922336,False,True,0.0,Very Low,No Mining History (Barren Country Rock Control),Bharveli West Footwall Baseline,3448.1,GRID_BHARVELI_COMB_17_00,129.0165132442738,REAL
MASTER_28_01,28,1,21.881711,80.195129,4798.098633,317.28656,0,894,0.09,0.102055,0.13611,0.17794,0.276147,0.338654,0.259844,0.095534,0.114485,0.088394,0.245864,0.157615,0.090487,0.143971,0.027957,0.133047,0.024939,0.220614,-0.33915,-0.427057,0.153182,0.766725,1.236378,1.728157,8.468994,0.47258,-0.363646,-0.155181,-0.166472,0.571378,0.641045,0.92832,9.084332,0.251965,-0.024497,0.271875,-0.319654,-0.195347,-0.595333,-0.799836,-0.010924,-0.003018,0.6025,-0.030283,-0.18104,0.590881,0.6474,0.47569,0.465324,1,sparse_vegetation,grade_B_blast_furnace_25to44,25-44% Mn (BF + Medium grade),0.241,36.65,1625.07,1432.68,104.75,293.23,736.99,4.46,6,0.2525,0.5004,0.1417,0.126,30.03,48.93,0.434,GRID_300M_28_01,141.75261944527188,7.4,7.5,7.5,7.6,7.6,7.7,41.2,41.6,42.7,45.5,44.3,45.4,18.5,18.6,18.1,16.9,17.9,18.1,40.2,39.7,39.3,37.6,37.8,36.4,15.1,9.7,6.3,6.2,4.3,3.8,1.55,1.57,1.61,1.63,1.63,1.63,30.7,31.2,31.1,30.9,30.9,31.1,14.0,13.3,15.2,17.7,17.8,17.3,29,MB300-0702,1.793067362944732,,,,,,,,,2688.1361993533255,False,,,,,,,,,,,,,,,,,,8144.379162118275,False,True,0.0,Very Low,No Mining History (Barren Country Rock Control),Bharveli West Footwall Baseline,3433.0,GRID_BHARVELI_COMB_17_01,98.49522675832497,REAL
MASTER_28_02,28,2,21.881709,80.198043,4599.623047,320.033661,0,892,0.09,0.100825,0.132903,0.170738,0.283029,0.338628,0.252694,0.080725,0.105214,0.078235,0.239297,0.163205,0.092756,0.124087,0.032819,0.128011,0.020254,0.25189,-0.359541,-0.436508,0.137755,0.743352,1.207976,1.673662,5.747973,0.503541,-0.384326,-0.203709,-0.144012,0.567826,0.680765,0.967087,11.563939,0.251652,-0.024785,0.232799,-0.281767,-0.175526,-0.527212,-0.706576,0.003924,-0.012565,5.80737,-0.043732,-0.175423,0.579335,0.6365,0.44846,0.457399,1,sparse_vegetation,grade_B_blast_furnace_25to44,25-44% Mn (BF + Medium grade),0.232,36.65,1625.07,1432.68,104.75,293.23,736.99,4.46,6,0.2525,0.5004,0.1417,0.126,30.03,48.93,0.434,GRID_300M_28_02,141.69751382864703,7.4,7.5,7.5,7.6,7.6,7.7,41.4,41.8,42.9,46.0,44.7,45.7,19.1,19.3,18.4,17.1,18.1,18.4,39.5,38.9,38.7,36.9,37.2,35.9,15.7,10.0,6.6,6.3,4.3,3.7,1.55,1.56,1.61,1.62,1.63,1.63,30.3,30.8,30.7,30.6,30.6,30.7,13.7,13.0,15.4,17.5,17.8,17.5,29,MB300-0703,0.929902053438127,,,,,,,,,2501.613369150011,False,,,,,,,,,,,,,,,,,,8144.382717621389,False,True,0.0,Very Low,No Mining History (Barren Country Rock Control),Bharveli West Footwall Baseline,3444.1,GRID_BHARVELI_COMB_17_02,98.5179469428443,REAL
MASTER_28_03,28,3,21.881712,80.200962,4412.719727,323.030609,0,895,0.09,0.101798,0.135083,0.175127,0.292252,0.344455,0.251536,0.075957,0.101713,0.078155,0.205437,0.109724,0.06376,0.1483,0.035242,0.145699,0.02017,0.257063,-0.369505,-0.436229,0.133011,0.725739,1.178422,1.704685,6.02678,0.443266,-0.330787,-0.017706,-0.203452,0.580062,0.52963,1.025289,12.729494,0.186203,0.038718,0.418524,-0.336463,-0.145677,-0.648791,-0.679396,-0.002601,-0.015073,6.607103,-0.086816,-0.234731,0.584461,0.6393,0.546414,0.267039,1,water_body,grade_B_blast_furnace_25to44,25-44% Mn (BF + Medium grade),0.248,36.65,1625.07,1432.68,104.75,293.23,736.99,4.46,6,0.2525,0.5004,0.1417,0.126,30.03,48.93,0.434,GRID_300M_28_03,142.2918389820808,7.4,7.5,7.5,7.6,7.6,7.7,40.8,41.7,41.9,45.6,44.1,45.0,19.4,19.4,18.6,17.2,18.2,18.6,39.8,39.0,39.4,37.1,37.7,36.4,15.6,10.5,6.5,6.2,4.2,3.7,1.55,1.56,1.6,1.63,1.64,1.64,29.8,30.3,30.3,30.1,30.1,30.2,15.1,15.1,17.6,19.2,19.0,18.6,29,MB300-0704,2.7656018886225406,,,,,,,,,2339.3237310780314,False,,,,,,,,,,,,,,,,,,8144.603315357843,False,True,0.0,Very Low,No Mining History (Barren Country Rock Control),Bharveli West Footwall Baseline,3481.1,GRID_BHARVELI_COMB_17_03,99.21702681636381,REAL
MASTER_28_04,28,4,21.881708,80.203879,4238.405273,326.275085,0,894,0.09,0.106711,0.142267,0.182097,0.311231,0.379931,0.281247,0.074358,0.100644,0.08112,0.226897,0.179556,0.105929,0.132045,0.035906,0.155062,0.026537,0.264963,-0.373244,-0.456065,0.145476,0.73934,1.224509,1.698568,5.162664,0.466098,-0.376245,-0.263864,-0.07729,0.586213,0.786479,1.084929,9.725762,0.201135,-0.003,0.192201,-0.222765,-0.153127,-0.43803,-0.613639,0.023017,-0.009369,4.528516,-0.084334,-0.200375,0.583867,0.6515,0.414694,0.409396,1,sparse_vegetation,grade_B_blast_furnace_25to44,25-44% Mn (BF + Medium grade),0.236,36.65,1625.07,1432.68,104.75,293.23,736.99,4.46,6,0.2525,0.5004,0.1417,0.126,30.03,48.93,0.434,GRID_300M_28_04,142.11409508054976,7.4,7.4,7.5,7.6,7.6,7.7,39.8,40.7,41.1,45.0,43.3,44.3,20.2,19.9,19.2,17.6,18.6,19.1,40.1,39.4,39.7,37.4,38.0,36.6,15.4,10.7,6.7,5.8,4.2,3.4,1.55,1.56,1.6,1.63,1.64,1.64,30.1,30.6,30.7,30.4,30.4,30.5,15.2,15.2,18.3,18.7,18.4,18.1,29,MB300-0705,5.003657727794679,,,,,,,,,2205.8798204443724,False,,,,,,,,,,,,,,,,,,8141.134557965244,False,True,0.0,Very Low,No Mining History (Barren Country Rock Control),Bharveli West Footwall Baseline,3543.2,GRID_BHARVELI_COMB_17_04,99.16512886744215,REAL
MASTER_28_05,28,5,21.881724,80.206761,4082.570312,329.757263,0,868,0.09,0.098206,0.130358,0.155692,0.287264,0.347419,0.258796,0.094265,0.118207,0.094483,0.221335,0.127934,0.076286,0.11289,0.031376,0.10016,0.016818,0.306792,-0.379027,-0.45327,0.125542,0.738559,1.203849,1.566571,4.941356,0.397082,-0.295342,-0.003603,-0.18463,0.591803,0.556003,1.008194,10.889522,0.09029,0.083685,0.449666,-0.310172,-0.146756,-0.647847,-0.558377,-0.01273,-0.014557,5.890261,-0.065929,-0.219485,0.555198,0.6316,0.55293,0.16129,1,water_body,grade_B_blast_furnace_25to44,25-44% Mn (BF + Medium grade),0.187,37.15,1625.07,1432.68,104.75,293.23,736.99,4.46,6,0.2525,0.5004,0.1417,0.126,30.03,48.93,0.434,GRID_300M_28_05,143.12595416486732,7.3,7.3,7.4,7.5,7.5,7.6,39.1,39.6,41.3,45.5,44.3,45.0,20.9,20.6,19.3,17.2,18.1,18.6,40.1,39.7,39.3,37.2,37.5,36.4,16.1,11.9,7.3,5.5,5.2,4.4,1.54,1.55,1.59,1.62,1.63,1.63,30.1,30.6,30.8,30.5,30.4,30.5,15.3,15.7,18.5,19.3,18.9,18.6,29,MB300-0706,3.381695697163742,,,,,,,,,2110.4765938689225,False,,,,,,,,,,,,,,,,,,8141.058579200295,False,True,0.0,Very Low,No Mining History (Barren Country Rock Control),Bharveli West Footwall Baseline,3629.1,GRID_BHARVELI_COMB_17_05,99.76807100037662,REAL
MASTER_28_06,28,6,21.881801,80.209614,3950.389648,333.504303,0,891,0.09,0.111155,0.147966,0.180555,0.313175,0.394826,0.309882,0.07907,0.108166,0.083735,0.262086,0.168789,0.0979,0.125844,0.026294,0.124667,0.021319,0.273368,-0.359075,-0.454929,0.14887,0.784126,1.262038,1.613958,7.280467,0.512659,-0.412252,-0.210088,-0.151684,0.577753,0.642996,1.056222,9.595302,0.23929,-0.053177,0.24484,-0.300554,-0.206373,-0.619042,-0.557736,-0.001177,-0.004975,2.33636,-0.051089,-0.226037,0.564421,0.6485,0.452759,0.334456,1,sparse_vegetation,grade_B_blast_furnace_25to44,25-44% Mn (BF + Medium grade),0.174,37.15,1625.07,1432.68,104.75,293.23,736.99,4.46,6,0.2525,0.5004,0.1417,0.126,30.03,48.93,0.434,GRID_300M_28_06,150.17934098039728,7.3,7.3,7.4,7.4,7.4,7.5,38.2,39.0,41.1,45.6,44.5,44.7,21.6,21.0,19.8,17.4,18.4,19.0,40.1,39.9,39.0,36.9,37.1,36.3,15.7,12.2,7.5,5.6,5.5,4.7,1.54,1.55,1.59,1.6,1.61,1.61,30.0,30.5,30.7,30.4,30.3,30.3,16.3,16.7,19.4,20.4,19.8,19.1,29,MB300-0707,5.397938430094026,,,,,,,,,2061.2951059473753,False,,,,,,,,,,,,,,,,,,8153.390781680031,False,True,0.0,Very Low,Unmined Exploratory Target (Core Borehole Intercept),Manegaon Northern Strike Extension,3680.3,GRID_BHARVELI_COMB_17_06,106.04805145662816,REAL
MASTER_28_07,28,7,21.881799,80.21253,3825.624023,337.533356,0,894,0.09,0.097164,0.133349,0.156196,0.306587,0.352031,0.270381,0.069107,0.097298,0.073499,0.2585,0.157918,0.091205,0.118744,0.029949,0.163658,0.023444,0.33144,-0.39578,-0.450826,0.110641,0.76411,1.147671,1.593562,5.83703,0.556965,-0.45054,-0.22892,-0.177301,0.573049,0.60945,1.051729,11.507487,0.225525,-0.054761,0.221906,-0.287942,-0.191061,-0.538221,-0.541833,0.044914,-0.006505,5.61507,-0.048087,-0.194113,0.546573,0.6318,0.440732,0.139821,1,sparse_vegetation,grade_B_blast_furnace_25to44,25-44% Mn (BF + Medium grade),0.186,37.15,1625.07,1432.68,104.75,293.23,736.99,4.46,6,0.2525,0.5004,0.1417,0.126,30.03,48.93,0.434,GRID_300M_28_07,150.1100162554952,7.2,7.2,7.2,7.3,7.3,7.4,38.2,39.0,41.1,45.6,44.3,44.8,21.7,21.1,19.7,17.2,18.3,18.9,40.1,39.9,39.2,37.2,37.4,36.3,16.1,13.0,7.6,5.6,5.6,4.6,1.53,1.54,1.58,1.59,1.6,1.6,29.8,30.4,30.5,30.2,30.1,30.0,17.1,17.5,20.4,21.2,20.8,19.7,29,MB300-0708,3.2564108587259053,,,,,,,,,2045.0321006919612,False,,,,,,,,,,,,,,,,,,8168.011073827162,False,True,0.0,Very Low,Unmined Exploratory Target (Core Borehole Intercept),Manegaon Northern Strike Extension,3380.3,GRID_BHARVELI_COMB_17_07,106.04384377341033,REAL
MASTER_28_08,28,8,21.881797,80.215449,3720.887207,341.815796,0,894,0.09,0.098937,0.132314,0.154873,0.31437,0.355525,0.271286,0.064864,0.09005,0.065992,0.263309,0.159533,0.087882,0.155144,0.029836,0.193846,0.03514,0.354311,-0.412723,-0.458523,0.093663,0.753557,1.131796,1.533002,7.65625,0.589814,-0.480631,-0.265069,-0.186964,0.550504,0.606923,1.007616,9.039484,0.235503,-0.067908,0.193454,-0.280628,-0.203052,-0.524873,-0.525386,0.038702,0.005304,1.355117,-0.051061,-0.195992,0.532939,0.6275,0.424082,0.16443,1,sparse_vegetation,grade_B_blast_furnace_25to44,25-44% Mn (BF + Medium grade),0.256,38.82,1625.07,1432.68,104.75,293.23,736.99,4.46,6,0.2525,0.5004,0.1417,0.126,30.03,48.93,0.434,GRID_300M_28_08,150.13295959770815,7.2,7.2,7.2,7.3,7.3,7.4,38.0,38.9,40.9,45.4,44.2,44.7,21.5,20.9,19.5,17.0,18.0,18.7,40.5,40.2,39.5,37.6,37.8,36.5,16.5,13.0,7.6,5.6,5.6,4.6,1.53,1.54,1.58,1.6,1.6,1.61,29.8,30.4,30.5,30.2,30.1,29.9,17.2,17.7,20.7,21.3,20.8,19.9,29,MB300-0709,0.938886638094422,,,,,,,,,2043.2832809583444,False,,,,,,,,,,,,,,,,,,8193.723658885076,False,True,0.0,Very Low,Unmined Exploratory Target (Core Borehole Intercept),Manegaon Northern Strike Extension,3080.3,GRID_BHARVELI_COMB_17_08,106.16939122362676,REAL
MASTER_28_09,28,9,21.881811,80.218364,3639.866943,346.319153,0,887,0.09,0.098171,0.130778,0.16052,0.28474,0.363764,0.288236,0.113199,0.130647,0.106699,0.270442,0.196797,0.118657,0.111092,0.025896,0.193819,0.041588,0.286941,-0.374872,-0.474753,0.153907,0.790201,1.280926,1.622077,6.791948,0.467003,-0.369288,-0.211903,-0.13225,0.587034,0.710184,0.931758,6.836658,0.180061,0.005585,0.26285,-0.286157,-0.203167,-0.570742,-0.690319,0.082727,0.015693,0.069661,-0.014299,-0.166967,0.564195,0.6246,0.45432,0.271702,1,sparse_vegetation,grade_B_blast_furnace_25to44,25-44% Mn (BF + Medium grade),0.242,38.82,1625.07,1432.68,104.75,293.23,736.99,4.46,6,0.2525,0.5004,0.1417,0.126,30.03,48.93,0.434,GRID_300M_28_09,151.81110080795008,7.2,7.2,7.2,7.3,7.3,7.4,38.0,38.9,41.3,46.0,44.8,45.4,21.0,20.4,19.0,16.7,17.8,18.5,40.9,40.7,39.7,37.2,37.4,36.1,17.5,12.6,7.3,5.5,5.5,4.4,1.53,1.55,1.59,1.6,1.61,1.62,29.8,30.3,30.5,30.1,30.0,29.8,16.9,17.7,21.5,21.6,20.8,20.6,29,MB300-0710,0.6075218006632626,,,,,,,,,2043.3096759391394,False,,,,,,,,,,,,,,,,,,8232.12056854509,False,True,0.0,Very Low,Unmined Exploratory Target (Core Borehole Intercept),Manegaon Northern Strike Extension,2780.4,GRID_BHARVELI_COMB_17_09,107.84247165848998,REAL
MASTER_28_10,28,10,21.881805,80.221282,3579.993652,350.995605,0,894,0.09,0.081811,0.110822,0.129576,0.252165,0.308249,0.23897,0.111961,0.133454,0.104335,0.328538,0.240472,0.137709,0.134809,0.028791,0.217466,0.053075,0.333134,-0.395233,-0.476139,0.129924,0.769794,1.230326,1.557923,7.005637,0.535181,-0.434312,-0.302748,-0.126959,0.56653,0.732348,0.922775,5.844232,0.202047,-0.039078,0.173391,-0.256882,-0.203264,-0.497978,-0.635148,0.082657,0.024284,-1.147528,0.076373,-0.067776,0.546422,0.6354,0.406403,0.165548,1,sparse_vegetation,grade_B_blast_furnace_25to44,25-44% Mn (BF + Medium grade),0.401,37.95,1625.07,1432.68,104.75,293.23,736.99,4.46,6,0.2525,0.5004,0.1417,0.126,30.03,48.93,0.434,GRID_300M_28_10,151.38863921812924,7.2,7.2,7.2,7.3,7.3,7.3,38.7,39.5,41.3,46.0,44.8,45.4,20.4,19.9,18.8,16.8,18.0,18.7,40.8,40.6,39.8,37.2,37.2,35.9,18.0,13.0,7.5,5.9,4.3,3.6,1.53,1.55,1.59,1.61,1.62,1.63,29.5,29.9,30.1,29.7,29.6,29.5,17.9,18.7,21.5,23.5,24.0,24.3,29,MB300-0711,2.4994206049210153,,,,,,,,,2041.2291760292271,False,,,,,,,,,,,,,,,,,,8279.163504200353,False,True,0.0,Low,Unmined Exploratory Target (Core Borehole Intercept),Manegaon Northern Strike Extension,2480.4,GRID_BHARVELI_COMB_17_10,107.4940404224394,REAL
MASTER_28_11,28,11,21.881798,80.224197,3544.686279,355.79541,0,899,0.09,0.076078,0.097236,0.118825,0.235191,0.315582,0.236723,0.064253,0.091081,0.05742,0.366404,0.227712,0.112563,0.145371,0.035147,0.227719,0.045405,0.328462,-0.41357,-0.53026,0.165244,0.748335,1.359705,1.555588,5.638007,0.723074,-0.59662,-0.428678,-0.201088,0.492424,0.633916,0.886363,6.883628,0.394612,-0.18305,0.101582,-0.366332,-0.255911,-0.725789,-0.669225,0.082348,0.010258,1.256195,0.131213,-0.08787,0.561235,0.6176,0.37611,0.187987,1,sparse_vegetation,grade_B_blast_furnace_25to44,25-44% Mn (BF + Medium grade),0.378,37.95,1625.07,1432.68,104.75,293.23,736.99,4.46,6,0.2525,0.5004,0.1417,0.126,30.03,48.93,0.434,GRID_300M_28_11,150.77105979183904,7.0,7.1,7.1,7.1,7.2,7.2,38.5,39.2,40.6,46.3,45.2,45.4,21.2,20.7,19.8,17.0,18.3,19.1,40.3,40.0,39.6,36.6,36.4,35.5,18.8,14.2,7.8,6.4,4.0,3.3,1.51,1.52,1.56,1.59,1.61,1.62,29.5,29.9,30.1,29.8,29.7,29.5,20.1,21.4,22.7,25.5,26.9,27.3,29,MB300-0712,5.003832155910643,,,,,,,,,2038.917815631556,False,,,,,,,,,,,,,,,,,,8336.676945102214,False,True,0.0,Low,Unmined Exploratory Target (Core Borehole Intercept),Manegaon Northern Strike Extension,2180.5,GRID_BHARVELI_COMB_17_11,106.98472709409013,REAL
MASTER_28_12,28,12,21.881852,80.227079,3541.356445,0.599193,0,901,0.09,0.07166,0.09245,0.11243,0.254014,0.310185,0.212726,0.053787,0.080092,0.044524,0.390652,0.210261,0.092835,0.248008,0.059632,0.355981,0.078732,0.386277,-0.465022,-0.540114,0.128392,0.684696,1.231011,1.56398,5.392785,0.793571,-0.65792,-0.446978,-0.270248,0.440947,0.541168,0.828051,5.887373,0.407293,-0.192898,0.093136,-0.39864,-0.243749,-0.689843,-0.735929,0.107973,0.0191,0.494119,0.136638,-0.099924,0.55529,0.6262,0.374876,0.014428,0,sparse_vegetation,grade_B_blast_furnace_25to44,25-44% Mn (BF + Medium grade),0.441,35.4,1625.07,1432.68,104.75,293.23,736.99,4.46,6,0.2525,0.5004,0.1417,0.126,30.03,48.93,0.434,GRID_300M_29_12,151.1542299747275,7.1,7.1,7.1,7.1,7.1,7.2,37.7,38.1,40.7,45.9,45.0,45.3,20.8,20.5,19.2,17.0,18.2,18.9,41.6,41.4,40.1,37.1,36.8,35.7,18.4,14.0,8.1,6.3,4.3,3.7,1.51,1.52,1.56,1.59,1.62,1.62,29.1,29.6,29.8,29.7,29.6,29.5,20.6,21.3,22.5,25.7,26.8,27.4,29,MB300-0713,0.8493380872898171,,,,,,,,,2043.3208957925954,False,,,,,,,,,,,,,,,,,,8410.346070113284,False,True,0.0,Low,Unmined Exploratory Target (Core Borehole Intercept),Manegaon Northern Strike Extension,1880.5,GRID_BHARVELI_COMB_17_12,111.87306278007712,REAL
MASTER_28_13,28,13,21.881902,80.229957,3562.311768,5.371233,0,885,0.09,0.074557,0.098533,0.117722,0.257519,0.314005,0.218285,0.077626,0.094243,0.065872,0.285705,0.173375,0.089543,0.231879,0.061032,0.368777,0.081854,0.374345,-0.446331,-0.522485,0.129241,0.693664,1.224643,1.574008,5.370974,0.635324,-0.508398,-0.298171,-0.216735,0.505242,0.604867,0.83525,6.292968,0.26098,-0.062066,0.224314,-0.345976,-0.188422,-0.619776,-0.738759,0.136898,0.020822,0.922049,0.028185,-0.140631,0.556688,0.6344,0.433707,0.044068,0,sparse_vegetation,grade_B_blast_furnace_25to44,25-44% Mn (BF + Medium grade),0.451,35.4,1625.07,1432.68,104.75,293.23,736.99,4.46,6,0.2525,0.5004,0.1417,0.126,30.03,48.93,0.434,GRID_300M_29_13,145.06959515878788,7.2,7.2,7.2,7.2,7.2,7.3,37.8,38.2,41.2,45.4,44.8,45.1,20.3,20.0,18.9,17.2,18.4,19.1,41.9,41.8,39.9,37.4,36.9,35.9,18.9,14.6,8.9,6.6,4.4,4.0,1.5,1.51,1.55,1.58,1.61,1.62,29.1,29.7,29.9,29.9,29.8,29.6,21.1,21.3,22.6,26.3,27.6,28.3,29,MB300-0714,4.928494972617428,,,,,,,,,2047.384071441783,False,,,,,,,,,,,,,,,,,,8440.531639891564,False,True,0.0,Low,Unmined Exploratory Target (Core Borehole Intercept),Manegaon Northern Strike Extension,1580.6,GRID_BHARVELI_COMB_17_13,116.42495577308887,REAL
MASTER_28_14,28,14,21.881891,80.232849,3601.208984,10.099197,0,900,0.09,0.071975,0.096447,0.115039,0.252231,0.312154,0.219312,0.211944,0.213174,0.188863,0.336396,0.268774,0.188651,0.204813,0.053714,0.330213,0.06681,0.37367,-0.445559,-0.52744,0.135555,0.700909,1.248526,1.591985,4.948837,0.347884,-0.273407,-0.138228,-0.120065,0.657484,0.761014,0.869211,6.442061,-0.025786,0.172152,0.389212,-0.255619,-0.043425,-0.487512,-0.722774,0.1254,0.013096,1.475516,0.084165,-0.04338,0.559909,0.6366,0.497028,0.09,0,sparse_vegetation,grade_B_blast_furnace_25to44,25-44% Mn (BF + Medium grade),0.375,33.99,1625.07,1432.68,104.75,293.23,736.99,4.46,6,0.2525,0.5004,0.1417,0.126,30.03,48.93,0.434,GRID_300M_29_14,145.9517452270732,7.0,7.0,7.0,7.1,7.1,7.2,37.6,38.1,40.0,43.7,43.0,43.2,20.9,20.5,19.9,18.6,19.7,20.4,41.6,41.4,40.0,37.8,37.3,36.5,20.6,15.3,9.4,6.9,5.7,5.2,1.49,1.5,1.53,1.57,1.59,1.6,29.1,29.6,29.9,29.8,29.7,29.7,22.2,22.6,23.2,26.4,27.9,28.3,16,MB300-0715,3.574963545151413,,,,,,,,,2044.5765341683584,False,,,,,,,,,,,,,,,,,,8434.608067649791,False,True,0.0,Low,Unmined Exploratory Target (Core Borehole Intercept),Manegaon Northern Strike Extension,1280.8,GRID_BHARVELI_COMB_17_14,114.81607870522726,REAL
MASTER_28_15,28,15,21.881891,80.235766,3665.862549,14.728245,0,900,0.09,0.062506,0.087199,0.088832,0.261453,0.267881,0.176388,0.177636,0.186202,0.157177,0.38175,0.280239,0.172931,0.189245,0.054054,0.327397,0.064557,0.491649,-0.497194,-0.507856,0.045773,0.65465,1.041167,1.410095,5.301063,0.477348,-0.391483,-0.249054,-0.144432,0.584081,0.719465,0.865559,6.978027,-0.0143,0.105711,0.258802,-0.190205,-0.070569,-0.321703,-0.544536,0.138152,0.010503,1.676396,0.120298,0.012358,0.502953,0.6264,0.428757,0.052222,0,dense_vegetation,grade_B_blast_furnace_25to44,25-44% Mn (BF + Medium grade),0.417,33.99,1625.07,1432.68,104.75,293.23,736.99,4.46,6,0.2525,0.5004,0.1417,0.126,30.03,48.93,0.434,GRID_300M_29_15,146.10848230724403,6.3,6.3,6.4,6.4,6.6,6.7,38.6,39.5,40.6,43.9,43.2,43.4,22.9,22.5,22.3,21.2,21.8,22.6,38.5,37.9,37.1,34.8,35.0,34.0,23.7,16.3,10.7,6.7,5.3,4.1,1.44,1.46,1.48,1.52,1.55,1.55,30.3,31.0,31.1,30.9,30.7,30.7,20.8,21.0,22.8,24.7,26.6,27.5,16,MB300-0716,1.787947732887135,,,,,,,,,2043.1590692877335,False,,,,,,,,,,,,,,,,,,8435.814028961155,False,True,0.0,Medium,Unmined Exploratory Target (Core Borehole Intercept),Manegaon Northern Strike Extension,981.0,GRID_BHARVELI_COMB_17_15,115.03636799796348,REAL
MASTER_28_16,28,16,21.881891,80.238683,3753.526123,19.169086,0,900,0.09,0.058773,0.08425,0.079091,0.272578,0.254248,0.156936,0.05889,0.078815,0.048913,0.330309,0.19189,0.085916,0.20272,0.052737,0.335466,0.064183,0.548537,-0.526488,-0.501324,0.002478,0.615456,0.941706,1.342886,5.385756,0.741445,-0.614289,-0.417822,-0.235098,0.447568,0.582473,0.831188,6.711809,0.192907,-0.087801,0.083502,-0.237577,-0.167888,-0.359233,-0.511698,0.132746,0.011447,1.327199,0.057731,-0.062358,0.481426,0.5851,0.353885,0.0,0,dense_vegetation,non_ore,Background,0.388,33.99,1625.07,1432.68,104.75,293.23,736.99,4.46,6,0.2525,0.5004,0.1417,0.126,30.03,48.93,0.434,GRID_300M_29_16,146.29019348159218,6.2,6.2,6.3,6.3,6.5,6.6,39.2,40.0,41.2,44.3,43.7,44.0,22.9,22.6,22.4,21.3,21.7,22.5,37.9,37.3,36.4,34.4,34.5,33.5,26.3,20.1,12.0,7.2,5.4,4.1,1.41,1.43,1.45,1.5,1.53,1.52,30.5,31.2,31.2,31.1,30.8,30.9,20.7,20.8,22.8,24.3,26.1,27.2,16,MB300-0717,1.2923844978257126,,,,,,,,,2041.6313763914713,False,,,,,,,,,,,,,,,,,,8435.369246953924,False,True,1.0,Medium,Unmined Exploratory Target (Core Borehole Intercept),Manegaon Northern Strike Extension,681.4,GRID_BHARVELI_COMB_17_16,115.2381267786734,REAL
MASTER_28_17,28,17,21.881891,80.241599,3862.62085,23.382891,0,900,0.09,0.062434,0.091275,0.078998,0.303978,0.248359,0.149102,0.057891,0.078265,0.048695,0.331919,0.195712,0.088158,0.176518,0.041151,0.290105,0.055284,0.586209,-0.537342,-0.462493,-0.056646,0.597896,0.826316,1.264041,5.724041,0.743652,-0.618384,-0.429453,-0.22859,0.450028,0.591521,0.843201,6.943534,0.157444,-0.081042,0.03304,-0.171943,-0.147867,-0.234795,-0.42084,0.113587,0.014133,1.219152,0.027941,-0.052648,0.453126,0.5649,0.328719,0.0,0,dense_vegetation,non_ore,Background,0.451,33.9,1625.07,1432.68,104.75,293.23,736.99,4.46,6,0.2525,0.5004,0.1417,0.126,30.03,48.93,0.434,GRID_300M_29_17,146.45648200081732,6.2,6.1,6.2,6.3,6.4,6.4,40.0,40.8,41.6,44.7,44.3,44.6,23.1,22.8,22.7,21.4,21.8,22.5,37.0,36.4,35.7,33.9,33.9,32.9,26.6,21.4,12.4,7.0,5.1,3.8,1.38,1.42,1.44,1.5,1.51,1.51,30.8,31.5,31.5,31.3,31.1,31.2,21.5,21.9,23.6,25.3,26.6,27.8,29,MB300-0718,2.828885266262132,,,,,,,,,2040.2114856512515,False,,,,,,,,,,,,,,,,,,8435.368262342383,False,True,1.0,High,Unmined Exploratory Target (Core Borehole Intercept),Manegaon Northern Strike Extension,382.5,GRID_BHARVELI_COMB_17_17,115.4454513280215,REAL
MASTER_28_18,28,18,21.881902,80.244524,3992.898438,27.347546,0,907,0.09,0.077844,0.108219,0.098662,0.305419,0.269673,0.178724,0.06749,0.090588,0.05353,0.38972,0.225757,0.1012,0.130212,0.032238,0.177423,0.036891,0.509515,-0.474367,-0.428599,-0.021106,0.658151,0.89606,1.265409,5.176263,0.758525,-0.623592,-0.428643,-0.24134,0.44756,0.580062,0.795666,7.463808,0.24901,-0.149225,-4.4e-05,-0.220234,-0.210591,-0.315998,-0.469744,0.047211,0.004654,2.267348,0.0843,-0.043917,0.461879,0.5425,0.328908,0.0,0,dense_vegetation,non_ore,Background,0.58,33.9,1625.07,1432.68,104.75,293.23,736.99,4.46,6,0.2525,0.5004,0.1417,0.126,30.03,48.93,0.434,GRID_300M_29_18,145.62911726653917,6.2,6.2,6.2,6.3,6.4,6.5,41.9,43.0,43.0,45.8,45.5,45.4,22.9,22.3,22.4,20.8,21.3,22.1,35.2,34.7,34.6,33.4,33.2,32.5,27.9,21.8,12.6,6.9,4.7,3.8,1.39,1.43,1.43,1.5,1.52,1.52,31.6,32.3,32.3,32.0,31.9,32.1,22.4,22.8,24.6,27.1,27.5,28.5,16,MB300-0719,4.317620606239874,,,,,,,,,2070.256536102187,False,,,,,,,,,,,,,,,,,,8436.589362733843,False,True,1.0,High,Unmined Exploratory Target (Core Borehole Intercept),Manegaon Northern Strike Extension,90.9,GRID_BHARVELI_COMB_17_18,117.05703240958951,REAL
MASTER_28_19,28,19,21.881967,80.247422,4144.769043,30.970045,0,907,0.09,0.088117,0.116052,0.119977,0.273886,0.289552,0.214951,0.072031,0.094712,0.0573,0.393773,0.242402,0.114215,0.20195,0.049269,0.365795,0.082724,0.386968,-0.401576,-0.427677,0.062518,0.740836,1.07389,1.36157,5.728657,0.744837,-0.611449,-0.438569,-0.21558,0.471304,0.618951,0.796933,6.549055,0.357869,-0.209874,-0.010892,-0.278098,-0.269532,-0.454938,-0.564638,0.163844,0.033455,0.832407,0.119887,-0.04715,0.498825,0.5866,0.333407,0.016538,0,sparse_vegetation,grade_B_blast_furnace_25to44,25-44% Mn (BF + Medium grade),0.656,33.9,1625.07,1432.68,104.75,293.23,736.99,4.46,6,0.2525,0.5004,0.1417,0.126,30.03,48.93,0.434,GRID_300M_29_19,138.31992306587426,6.3,6.3,6.4,6.5,6.6,6.6,44.3,45.5,46.4,47.5,46.9,46.7,21.9,21.4,21.0,20.3,20.9,21.8,33.8,33.1,32.6,32.2,32.2,31.5,29.6,22.4,12.3,7.6,4.6,3.9,1.47,1.5,1.5,1.56,1.56,1.56,33.6,34.5,34.3,33.8,33.9,34.3,22.8,23.4,24.7,26.5,25.7,27.3,16,MB300-0720,3.727491592202198,,,,,,,,,2147.8148875650586,False,,,,,,,,,,,,,,,,,,8444.390552778807,False,True,1.0,High,Unmined Exploratory Target (Core Borehole Intercept),Manegaon Northern Strike Extension,224.2,GRID_BHARVELI_COMB_17_19,123.7952027729244,REAL
MASTER_28_20,28,20,21.881978,80.250303,4306.003418,34.349522,0,873,0.09,0.077437,0.103951,0.107331,0.261049,0.27461,0.204857,0.067115,0.087221,0.055861,0.353686,0.227872,0.110214,0.284723,0.068957,0.467505,0.102383,0.413957,-0.426562,-0.449568,0.058743,0.741338,1.072663,1.378124,5.44836,0.728315,-0.604915,-0.448653,-0.195285,0.481975,0.64627,0.82638,5.759691,0.314358,-0.178353,0.000915,-0.254028,-0.259362,-0.426394,-0.551744,0.182782,0.033426,0.311268,0.092637,-0.046738,0.496639,0.5877,0.329802,0.009164,0,sparse_vegetation,grade_B_blast_furnace_25to44,25-44% Mn (BF + Medium grade),0.596,33.9,1625.07,1432.68,104.75,293.23,736.99,4.46,6,0.2525,0.5004,0.1417,0.126,30.03,48.93,0.434,GRID_300M_29_20,136.5327717744475,6.5,6.4,6.5,6.6,6.7,6.7,43.8,45.0,46.1,47.1,46.6,46.2,21.2,20.6,20.3,19.5,20.1,21.1,35.0,34.4,33.6,33.4,33.2,32.7,28.5,22.0,12.4,7.5,5.1,4.3,1.48,1.5,1.52,1.57,1.58,1.59,32.1,33.2,33.0,32.7,33.0,33.3,23.1,24.2,25.2,26.2,25.6,27.0,16,MB300-0721,2.5686855475849084,,,,,,,,,2256.475026216594,False,,,,,,,,,,,,,,,,,,8442.621392609197,False,True,1.0,Medium,Unmined Exploratory Target (Core Borehole Intercept),Manegaon Northern Strike Extension,521.7,GRID_BHARVELI_COMB_17_20,124.32182182729532,REAL
MASTER_28_21,28,21,21.881984,80.253172,4480.042969,37.468021,0,898,0.09,0.074425,0.10046,0.106403,0.247576,0.282014,0.211904,0.064311,0.083907,0.052437,0.361027,0.217941,0.100831,0.368028,0.07487,0.682056,0.127073,0.395828,-0.418963,-0.473253,0.091597,0.747557,1.163346,1.421616,6.356299,0.74834,-0.62439,-0.447482,-0.22385,0.461232,0.604487,0.810331,7.251466,0.352512,-0.205426,0.025771,-0.315448,-0.286324,-0.558859,-0.611285,0.314028,0.052203,0.894334,0.113451,-0.064073,0.513213,0.6128,0.345871,0.066815,0,sparse_vegetation,grade_B_blast_furnace_25to44,25-44% Mn (BF + Medium grade),0.624,33.79,1625.07,1432.68,104.75,293.23,736.99,4.46,6,0.2525,0.5004,0.1417,0.126,30.03,48.93,0.434,GRID_300M_29_21,135.11522695515006,6.5,6.5,6.5,6.6,6.7,6.8,43.2,44.3,45.9,46.9,46.3,46.0,21.0,20.4,20.0,19.1,19.7,20.7,35.8,35.3,34.2,34.1,34.0,33.4,25.6,19.9,12.1,7.2,5.0,4.3,1.47,1.49,1.5,1.57,1.58,1.58,31.1,32.6,32.2,32.0,32.5,32.6,22.7,24.6,25.4,26.3,26.0,27.5,16,MB300-0722,3.8468219704709634,,,,,,,,,2396.2700024516894,False,,,,,,,,,,,,,,,,,,8439.38580623409,False,True,1.0,Medium,Unmined Exploratory Target (Core Borehole Intercept),Manegaon Northern Strike Extension,821.1,GRID_BHARVELI_COMB_17_21,124.14416009296664,REAL
MASTER_28_22,28,22,21.881979,80.256086,4668.290039,40.397072,0,900,0.09,0.07583,0.10071,0.109048,0.240177,0.305248,0.234097,0.058217,0.079236,0.048472,0.34746,0.208656,0.095006,0.199349,0.044088,0.363309,0.080188,0.374243,-0.406712,-0.503324,0.133197,0.764708,1.286242,1.432595,6.11532,0.754625,-0.628263,-0.449695,-0.223663,0.455103,0.602011,0.832792,6.315759,0.380382,-0.221552,0.053629,-0.35686,-0.309605,-0.684231,-0.599803,0.163959,0.0361,0.205517,0.107283,-0.096592,0.526356,0.5978,0.358379,0.07,0,sparse_vegetation,grade_B_blast_furnace_25to44,25-44% Mn (BF + Medium grade),0.564,33.79,1625.07,1432.68,104.75,293.23,736.99,4.46,6,0.2525,0.5004,0.1417,0.126,30.03,48.93,0.434,GRID_300M_29_22,135.77275548617064,6.4,6.4,6.5,6.6,6.7,6.8,41.7,42.6,44.6,46.3,45.8,45.6,21.3,20.6,20.1,19.1,19.7,20.7,37.0,36.8,35.3,34.6,34.4,33.7,24.5,19.0,11.3,7.3,5.0,4.5,1.47,1.49,1.5,1.56,1.59,1.58,30.5,31.9,31.6,31.4,31.8,31.9,21.9,23.5,24.5,26.9,26.2,27.3,16,MB300-0723,2.3997674891974006,,,,,,,,,2564.679269585009,False,,,,,,,,,,,,,,,,,,8440.597321643128,False,True,0.0,Medium,Unmined Exploratory Target (Core Borehole Intercept),Manegaon Northern Strike Extension,1120.8,GRID_BHARVELI_COMB_17_22,123.71373543657093,REAL
MASTER_28_23,28,23,21.881979,80.259003,4868.393555,43.091827,0,900,0.09,0.070117,0.096909,0.099461,0.264481,0.300872,0.219189,0.059755,0.080047,0.052153,0.327727,0.206283,0.096968,0.191933,0.042446,0.42673,0.077568,0.454655,-0.461186,-0.511412,0.084943,0.722853,1.157817,1.399573,5.796883,0.722444,-0.604794,-0.440516,-0.199094,0.469852,0.633856,0.867421,7.370041,0.267789,-0.143608,0.070896,-0.284036,-0.253002,-0.523961,-0.532152,0.234797,0.035123,1.57281,0.063245,-0.094589,0.505234,0.6278,0.352957,0.041111,0,sparse_vegetation,grade_B_blast_furnace_25to44,25-44% Mn (BF + Medium grade),0.487,33.76,1625.07,1432.68,104.75,293.23,736.99,4.46,6,0.2525,0.5004,0.1417,0.126,30.03,48.93,0.434,GRID_300M_29_23,135.9230089221394,6.4,6.4,6.5,6.6,6.7,6.7,39.1,39.3,41.8,44.7,43.9,43.7,22.3,22.0,21.2,20.1,20.9,21.7,38.6,38.7,37.0,35.3,35.2,34.5,22.3,17.5,10.1,6.7,5.2,4.9,1.46,1.49,1.51,1.56,1.57,1.58,28.6,29.7,29.9,29.8,29.9,29.6,20.8,23.1,23.6,26.3,26.8,28.2,29,MB300-0724,2.05911178153209,,,,,,,,,2756.4060381706936,False,,,,,,,,,,,,,,,,,,8440.157935652456,False,True,0.0,Low,Unmined Exploratory Target (Core Borehole Intercept),Manegaon Northern Strike Extension,1420.6,GRID_BHARVELI_COMB_17_23,123.87379020010287,REAL
MASTER_28_24,28,24,21.881982,80.261676,5060.804688,45.367203,0,750,0.09,0.066959,0.090756,0.099503,0.269069,0.312067,0.214488,0.065126,0.082707,0.057499,0.296628,0.201185,0.09985,0.170531,0.040912,0.319049,0.065041,0.466255,-0.497513,-0.550608,0.097307,0.682011,1.161837,1.468592,5.614732,0.670453,-0.557858,-0.403513,-0.171508,0.491521,0.673695,0.87646,6.908372,0.204197,-0.060345,0.147095,-0.268815,-0.19049,-0.488142,-0.592133,0.148518,0.024129,1.292973,0.027559,-0.110882,0.523497,0.6174,0.377335,0.034667,0,sparse_vegetation,grade_B_blast_furnace_25to44,25-44% Mn (BF + Medium grade),0.492,33.76,1625.07,1432.68,104.75,293.23,736.99,4.46,6,0.2525,0.5004,0.1417,0.126,30.03,48.93,0.434,GRID_300M_29_24,133.25260370364015,6.4,6.4,6.4,6.6,6.6,6.7,38.5,38.9,42.1,45.2,43.8,43.9,22.5,22.2,20.9,19.8,20.9,21.7,39.0,38.9,37.1,35.1,35.3,34.4,21.8,16.4,10.0,6.3,5.9,5.4,1.47,1.49,1.52,1.56,1.58,1.58,29.0,29.8,30.0,29.9,30.0,29.7,20.3,22.0,22.9,25.4,26.0,26.8,29,MB300-0725,24.965727418608832,,,,,,,,,2948.4768025659137,False,,,,,,,,,,,,,,,,,,8440.195127877434,False,True,0.0,Low,Unmined Exploratory Target (Core Borehole Intercept),Manegaon Northern Strike Extension,1720.5,GRID_BHARVELI_COMB_17_24,121.78412382985893,REAL
MASTER_29_00,29,0,21.884405,80.192746,5184.421875,317.534515,0,562,0.09,0.0952,0.125277,0.159237,0.252323,0.303631,0.239802,0.067784,0.092127,0.06286,0.269425,0.167648,0.093284,0.132452,0.026594,0.22998,0.027733,0.227039,-0.334477,-0.416727,0.142615,0.790233,1.218873,1.664199,9.193325,0.618906,-0.48661,-0.282065,-0.190396,0.553953,0.620552,0.923613,12.396958,0.391867,-0.152133,0.134662,-0.333012,-0.236281,-0.59832,-0.740586,0.097528,0.001139,3.216372,0.017102,-0.135982,0.574135,0.6367,0.414572,0.407473,1,sparse_vegetation,grade_C_siliceous_low_25to30,25-30% Mn + SiO2>=15% (Siliceous),0.231,35.96,1625.07,1432.68,104.75,293.23,736.99,4.46,6,0.2525,0.5004,0.1417,0.126,30.03,48.93,0.434,GRID_300M_29_00,163.76347699319933,7.4,7.5,7.5,7.6,7.6,7.7,39.6,40.5,41.4,44.9,43.6,44.6,19.0,18.9,18.4,16.9,18.0,18.4,41.4,40.6,40.2,38.2,38.4,37.0,15.3,10.0,6.6,6.2,3.7,3.4,1.55,1.58,1.62,1.64,1.64,1.64,30.1,30.7,30.8,30.7,30.7,30.7,13.0,12.5,14.7,16.6,17.1,17.6,29,MB300-0726,55.19619499865235,,,,,,,,,3076.0540495820246,False,,,,,,,,,,,,,,,,,,8446.64926812908,False,True,0.0,Very Low,No Mining History (Barren Country Rock Control),Bharveli West Footwall Baseline,3746.8,GRID_BHARVELI_COMB_18_00,128.3111971156141,REAL
MASTER_29_01,29,1,21.884414,80.195127,5022.85498,319.607269,0,900,0.09,0.092583,0.122837,0.152144,0.254476,0.294851,0.224597,0.071643,0.097016,0.069024,0.251415,0.156952,0.086388,0.159672,0.036865,0.181433,0.024479,0.255255,-0.348214,-0.411508,0.12313,0.759161,1.168018,1.631296,7.839122,0.565492,-0.439491,-0.232913,-0.176598,0.550264,0.628727,0.96071,12.160376,0.310237,-0.091278,0.178595,-0.299727,-0.208897,-0.539291,-0.670586,0.021761,-0.012385,4.301675,-0.00306,-0.137899,0.566009,0.6286,0.431508,0.366667,1,sparse_vegetation,grade_B_blast_furnace_25to44,25-44% Mn (BF + Medium grade),0.21,35.96,1625.07,1432.68,104.75,293.23,736.99,4.46,6,0.2525,0.5004,0.1417,0.126,30.03,48.93,0.434,GRID_300M_29_01,142.1305578402057,7.4,7.5,7.5,7.6,7.6,7.7,39.6,40.3,42.0,45.5,44.1,45.2,19.2,19.2,18.3,16.9,18.0,18.2,41.2,40.5,39.7,37.7,37.9,36.5,15.5,10.1,6.5,6.8,4.3,3.9,1.55,1.57,1.61,1.62,1.63,1.63,30.4,30.9,30.9,30.7,30.8,30.7,14.1,13.9,16.3,17.9,17.9,17.6,29,MB300-0727,1.5150915860009586,,,,,,,,,2922.650709341317,False,,,,,,,,,,,,,,,,,,8445.27465218625,False,True,0.0,Very Low,No Mining History (Barren Country Rock Control),Bharveli West Footwall Baseline,3733.0,GRID_BHARVELI_COMB_18_01,98.73049470373653,REAL
MASTER_29_02,29,2,21.884417,80.198036,4834.252441,322.31662,0,881,0.09,0.107322,0.141246,0.179455,0.286031,0.334877,0.249987,0.078544,0.1069,0.085008,0.220295,0.13744,0.077149,0.150642,0.033372,0.116127,0.018801,0.238908,-0.341005,-0.40522,0.126753,0.742082,1.167631,1.65121,7.598872,0.436847,-0.340481,-0.093191,-0.151519,0.565721,0.613435,1.078335,11.852449,0.197938,0.000524,0.31203,-0.278272,-0.17636,-0.554195,-0.572875,-0.034515,-0.014571,4.255515,-0.065736,-0.197436,0.574821,0.637,0.493618,0.181612,1,sparse_vegetation,grade_B_blast_furnace_25to44,25-44% Mn (BF + Medium grade),0.165,36.67,1625.07,1432.68,104.75,293.23,736.99,4.46,6,0.2525,0.5004,0.1417,0.126,30.03,48.93,0.434,GRID_300M_29_02,142.47980548510156,7.4,7.5,7.5,7.6,7.6,7.7,40.0,40.8,41.8,45.6,43.9,45.0,19.5,19.5,18.7,17.1,18.2,18.5,40.4,39.6,39.5,37.3,37.9,36.5,15.7,10.2,6.5,6.6,3.9,3.5,1.55,1.56,1.61,1.63,1.64,1.64,30.2,30.7,30.7,30.5,30.5,30.5,15.1,14.8,17.8,19.0,18.6,18.1,29,MB300-0728,1.7705356214888912,,,,,,,,,2752.7670618587476,False,,,,,,,,,,,,,,,,,,8445.837191832692,False,True,0.0,Very Low,No Mining History (Barren Country Rock Control),Bharveli West Footwall Baseline,3743.2,GRID_BHARVELI_COMB_18_02,99.07915227253994,REAL
MASTER_29_03,29,3,21.884409,80.200955,4655.75293,325.239532,0,889,0.09,0.103666,0.138157,0.17656,0.307609,0.360706,0.265804,0.073193,0.10073,0.07619,0.237286,0.141656,0.081741,0.141794,0.030655,0.144005,0.025894,0.282355,-0.384104,-0.448618,0.127929,0.733415,1.172991,1.676868,7.018306,0.504479,-0.394429,-0.140802,-0.180218,0.577351,0.588812,1.037124,9.509953,0.222124,-0.010325,0.307816,-0.308146,-0.156064,-0.584179,-0.639744,0.002211,-0.004762,2.51561,-0.070323,-0.21905,0.574606,0.6359,0.485753,0.227222,1,sparse_vegetation,grade_B_blast_furnace_25to44,25-44% Mn (BF + Medium grade),0.248,36.67,1625.07,1432.68,104.75,293.23,736.99,4.46,6,0.2525,0.5004,0.1417,0.126,30.03,48.93,0.434,GRID_300M_29_03,141.88594280543552,7.4,7.4,7.5,7.6,7.6,7.7,40.1,40.9,41.3,45.3,43.4,44.5,19.8,19.8,18.9,17.4,18.5,18.8,40.1,39.3,39.7,37.3,38.1,36.7,15.5,10.4,6.4,6.4,3.7,3.2,1.55,1.56,1.6,1.63,1.64,1.64,30.1,30.5,30.6,30.3,30.3,30.4,15.3,15.3,18.4,19.5,19.0,18.5,29,MB300-0729,4.250837032933511,,,,,,,,,2605.021544919049,False,,,,,,,,,,,,,,,,,,8444.833321298365,False,True,0.0,Very Low,No Mining History (Barren Country Rock Control),Bharveli West Footwall Baseline,3777.3,GRID_BHARVELI_COMB_18_03,98.63409592508508,REAL
MASTER_29_04,29,4,21.88442,80.20382,4495.121094,328.341034,0,872,0.09,0.107703,0.146585,0.180896,0.330053,0.384781,0.287815,0.07485,0.104098,0.084195,0.267326,0.206448,0.123613,0.128331,0.037096,0.174268,0.031313,0.301256,-0.388273,-0.450257,0.12137,0.742358,1.167894,1.658933,5.272558,0.518072,-0.436011,-0.325714,-0.08277,0.596283,0.777831,1.118481,9.018733,0.216817,-0.047739,0.124543,-0.20414,-0.146076,-0.390064,-0.540452,0.045937,-0.005783,3.788188,-0.062727,-0.178332,0.566445,0.6321,0.380692,0.369266,1,sparse_vegetation,grade_B_blast_furnace_25to44,25-44% Mn (BF + Medium grade),0.26,36.67,1625.07,1432.68,104.75,293.23,736.99,4.46,6,0.2525,0.5004,0.1417,0.126,30.03,48.93,0.434,GRID_300M_29_04,141.9777315998781,7.4,7.4,7.5,7.5,7.6,7.7,38.1,39.3,40.3,45.0,43.4,44.4,20.4,19.9,19.0,17.0,18.1,18.5,41.6,40.7,40.7,37.9,38.5,37.2,14.6,9.8,6.5,6.2,5.2,4.7,1.55,1.56,1.6,1.62,1.63,1.64,29.8,30.4,30.5,30.2,30.2,30.2,14.7,14.5,16.8,17.7,17.7,17.3,29,MB300-0730,3.0914353820466856,,,,,,,,,2489.156749886439,False,,,,,,,,,,,,,,,,,,8443.059836938146,False,True,0.0,Very Low,No Mining History (Barren Country Rock Control),Bharveli West Footwall Baseline,3834.6,GRID_BHARVELI_COMB_18_04,98.20465356422787,REAL
MASTER_29_05,29,5,21.884484,80.206685,4353.651367,331.698547,0,893,0.09,0.09733,0.132647,0.1514,0.311044,0.362106,0.269331,0.080418,0.109038,0.08575,0.247369,0.143999,0.08315,0.133305,0.030005,0.107291,0.016661,0.352194,-0.404147,-0.465525,0.110846,0.739933,1.165601,1.537289,6.20889,0.480764,-0.383456,-0.116474,-0.180856,0.575096,0.573861,1.062713,12.456119,0.128571,0.020691,0.349051,-0.291702,-0.164837,-0.591741,-0.474576,-0.026014,-0.013345,6.182889,-0.063675,-0.218107,0.540771,0.6417,0.498674,0.090705,0,sparse_vegetation,grade_B_blast_furnace_25to44,25-44% Mn (BF + Medium grade),0.251,36.27,1625.07,1432.68,104.75,293.23,736.99,4.46,6,0.2525,0.5004,0.1417,0.126,30.03,48.93,0.434,GRID_300M_29_05,148.0054198630732,7.3,7.3,7.4,7.5,7.5,7.6,38.0,38.8,40.9,45.7,44.4,45.1,21.1,20.9,19.4,17.2,18.2,18.6,40.8,40.3,39.7,37.1,37.5,36.4,15.4,10.4,6.8,5.9,5.7,5.1,1.54,1.56,1.6,1.62,1.63,1.63,30.2,30.6,30.7,30.5,30.4,30.5,14.4,14.5,16.8,18.2,18.3,17.9,29,MB300-0731,5.39859817184157,,,,,,,,,2410.0915106412663,False,,,,,,,,,,,,,,,,,,8448.341557314696,False,True,0.0,Very Low,No Mining History (Barren Country Rock Control),Bharveli West Footwall Baseline,3914.1,GRID_BHARVELI_COMB_18_05,103.6263890793784,REAL
MASTER_29_06,29,6,21.8845,80.209611,4220.752441,335.315063,0,894,0.09,0.102921,0.138475,0.167319,0.297106,0.351017,0.269741,0.077187,0.107732,0.084756,0.253299,0.178525,0.108918,0.113537,0.028816,0.136731,0.025127,0.288871,-0.367562,-0.433384,0.121932,0.76164,1.178762,1.608699,5.498267,0.498523,-0.401864,-0.236628,-0.118263,0.605946,0.703312,1.093434,8.358304,0.209651,-0.034302,0.196756,-0.240195,-0.155694,-0.47545,-0.515265,0.023195,-0.003689,2.859335,-0.043808,-0.172492,0.557939,0.6186,0.425307,0.328859,1,sparse_vegetation,grade_B_blast_furnace_25to44,25-44% Mn (BF + Medium grade),0.222,36.27,1625.07,1432.68,104.75,293.23,736.99,4.46,6,0.2525,0.5004,0.1417,0.126,30.03,48.93,0.434,GRID_300M_29_06,150.11673741158637,7.3,7.3,7.3,7.4,7.5,7.5,38.3,38.9,41.5,46.0,44.7,44.8,21.4,21.1,19.6,17.3,18.3,18.7,40.3,40.1,39.0,36.7,37.0,36.5,15.6,10.9,7.3,6.0,5.8,5.0,1.54,1.55,1.59,1.6,1.62,1.62,29.8,30.4,30.6,30.3,30.3,30.2,15.0,15.3,17.6,18.8,18.5,18.1,29,MB300-0732,3.659568789110564,,,,,,,,,2359.687297563692,False,,,,,,,,,,,,,,,,,,8453.696486562452,False,True,0.0,Very Low,Unmined Exploratory Target (Core Borehole Intercept),Manegaon Northern Strike Extension,3696.0,GRID_BHARVELI_COMB_18_06,105.85320995594687,REAL
MASTER_29_07,29,7,21.884505,80.21253,4104.768555,339.135529,0,896,0.09,0.09493,0.130185,0.153116,0.302256,0.335208,0.253662,0.07466,0.10795,0.086802,0.283834,0.214949,0.132784,0.122299,0.02969,0.165151,0.030714,0.337097,-0.400873,-0.439589,0.095394,0.749463,1.107886,1.590733,6.445781,0.530768,-0.446024,-0.327543,-0.089676,0.611456,0.76318,1.149926,8.902103,0.193671,-0.045152,0.112046,-0.18507,-0.138007,-0.344706,-0.440807,0.042851,0.001024,2.441082,-0.018422,-0.120259,0.543857,0.6306,0.374302,0.15067,1,sparse_vegetation,grade_B_blast_furnace_25to44,25-44% Mn (BF + Medium grade),0.201,36.27,1625.07,1432.68,104.75,293.23,736.99,4.46,6,0.2525,0.5004,0.1417,0.126,30.03,48.93,0.434,GRID_300M_29_07,150.87232183796948,7.2,7.2,7.3,7.3,7.3,7.4,38.4,39.0,41.5,46.3,45.0,45.0,21.6,21.1,19.7,17.4,18.6,19.1,40.0,39.9,38.9,36.3,36.4,35.9,15.9,11.5,7.5,6.1,5.6,4.7,1.54,1.55,1.59,1.59,1.6,1.6,29.9,30.5,30.6,30.4,30.3,30.2,16.1,16.7,19.6,20.4,19.8,19.2,29,MB300-0733,1.9635738581860873,,,,,,,,,2346.2103974985234,False,,,,,,,,,,,,,,,,,,8468.577169465787,False,True,0.0,Very Low,Unmined Exploratory Target (Core Borehole Intercept),Manegaon Northern Strike Extension,3397.4,GRID_BHARVELI_COMB_18_07,106.68277189905885,REAL
MASTER_29_08,29,8,21.884505,80.215447,4007.619385,343.154053,0,898,0.09,0.086415,0.11704,0.131975,0.301386,0.306181,0.220457,0.06621,0.089301,0.067694,0.222923,0.129179,0.071783,0.132911,0.032254,0.182356,0.030751,0.405737,-0.44552,-0.445538,0.048215,0.709333,1.010233,1.491821,6.347857,0.527965,-0.420363,-0.164096,-0.195126,0.551246,0.574295,1.014071,9.462985,0.122227,0.025157,0.281442,-0.243341,-0.158087,-0.435938,-0.47775,0.049445,-0.001502,3.089978,-0.078462,-0.177002,0.515703,0.6321,0.46346,0.05902,0,sparse_vegetation,grade_B_blast_furnace_25to44,25-44% Mn (BF + Medium grade),0.366,37.24,1625.07,1432.68,104.75,293.23,736.99,4.46,6,0.2525,0.5004,0.1417,0.126,30.03,48.93,0.434,GRID_300M_29_08,151.06738360401417,7.2,7.2,7.3,7.3,7.3,7.4,38.3,39.0,41.2,46.0,44.7,45.1,21.4,21.0,19.5,17.4,18.5,19.1,40.3,40.1,39.3,36.5,36.7,35.7,16.6,12.3,7.5,6.0,5.2,4.3,1.53,1.54,1.58,1.59,1.6,1.6,29.9,30.4,30.5,30.2,30.1,30.0,16.3,17.0,20.3,20.5,19.9,19.5,29,MB300-0734,0.5625449216468702,,,,,,,,,2344.6762204156853,False,,,,,,,,,,,,,,,,,,8493.572712349143,False,True,0.0,Very Low,Unmined Exploratory Target (Core Borehole Intercept),Manegaon Northern Strike Extension,3099.1,GRID_BHARVELI_COMB_18_08,106.95665661038214,REAL
MASTER_29_09,29,9,21.884501,80.218361,3930.678711,347.343933,0,897,0.09,0.082604,0.115726,0.135838,0.282999,0.310938,0.234978,0.087552,0.110923,0.091021,0.290448,0.206738,0.120768,0.140278,0.029562,0.235434,0.043895,0.369251,-0.426187,-0.463083,0.091807,0.747203,1.101128,1.597281,7.240432,0.535826,-0.451412,-0.300349,-0.130925,0.570194,0.709304,1.037977,8.663674,0.166575,-0.025226,0.162734,-0.222732,-0.17701,-0.391824,-0.559304,0.095156,0.014332,1.420457,0.007449,-0.1042,0.539992,0.6793,0.398962,0.12709,1,sparse_vegetation,grade_B_blast_furnace_25to44,25-44% Mn (BF + Medium grade),0.367,37.24,1625.07,1432.68,104.75,293.23,736.99,4.46,6,0.2525,0.5004,0.1417,0.126,30.03,48.93,0.434,GRID_300M_29_09,150.76578593635674,7.2,7.2,7.2,7.3,7.3,7.4,38.2,39.0,41.3,46.2,45.0,45.5,21.1,20.5,19.1,16.9,18.1,18.7,40.7,40.5,39.6,36.9,37.0,35.9,17.6,13.1,7.4,6.1,4.1,3.4,1.52,1.54,1.58,1.6,1.6,1.61,29.5,30.1,30.2,29.9,29.7,29.7,15.6,16.0,20.4,19.9,19.1,19.5,29,MB300-0735,2.36101300879909,,,,,,,,,2342.693770569348,False,,,,,,,,,,,,,,,,,,8528.668573265517,False,True,0.0,Very Low,Unmined Exploratory Target (Core Borehole Intercept),Manegaon Northern Strike Extension,2801.1,GRID_BHARVELI_COMB_18_09,106.68772273788956,REAL
MASTER_29_10,29,10,21.884501,80.221281,3875.925049,351.687531,0,898,0.09,0.069924,0.094265,0.105589,0.240064,0.28145,0.213881,0.070941,0.093807,0.066268,0.308457,0.21588,0.114297,0.144601,0.030894,0.26969,0.057986,0.394965,-0.43703,-0.499664,0.106425,0.753996,1.182854,1.488343,6.895354,0.6499,-0.535282,-0.399118,-0.149266,0.525996,0.704174,0.929173,6.169181,0.254935,-0.098252,0.100546,-0.255691,-0.228,-0.478679,-0.55917,0.125089,0.027092,-0.688659,0.068393,-0.065571,0.525165,0.6505,0.365476,0.055679,0,sparse_vegetation,grade_B_blast_furnace_25to44,25-44% Mn (BF + Medium grade),0.476,37.24,1625.07,1432.68,104.75,293.23,736.99,4.46,6,0.2525,0.5004,0.1417,0.126,30.03,48.93,0.434,GRID_300M_29_10,151.03999108877375,6.9,7.0,7.0,7.0,7.1,7.2,38.6,39.3,41.0,46.1,44.9,45.4,20.6,20.2,19.1,16.9,18.1,18.8,40.8,40.5,39.9,37.0,37.0,35.8,18.3,13.5,7.7,6.3,4.1,3.3,1.52,1.53,1.58,1.59,1.61,1.61,29.1,29.6,29.7,29.5,29.4,29.3,18.0,18.5,21.2,23.2,24.0,24.3,29,MB300-0736,4.6994329041774225,,,,,,,,,2341.280389192053,False,,,,,,,,,,,,,,,,,,8574.74370143264,False,True,0.0,Very Low,Unmined Exploratory Target (Core Borehole Intercept),Manegaon Northern Strike Extension,2503.7,GRID_BHARVELI_COMB_18_10,107.03881760720664,REAL
MASTER_29_11,29,11,21.884513,80.22418,3845.385986,356.098419,0,896,0.09,0.067199,0.091023,0.092949,0.267659,0.278743,0.183117,0.05497,0.082282,0.047003,0.377197,0.216878,0.098824,0.184854,0.042679,0.258555,0.052364,0.485172,-0.491799,-0.506703,0.049785,0.654759,1.049604,1.376103,6.014898,0.776934,-0.640702,-0.450048,-0.24044,0.455616,0.578257,0.855574,7.060657,0.291762,-0.148903,0.056655,-0.290225,-0.199143,-0.471346,-0.520529,0.073701,0.009685,1.046214,0.109538,-0.061865,0.500088,0.6253,0.348129,0.004464,0,sparse_vegetation,grade_B_blast_furnace_25to44,25-44% Mn (BF + Medium grade),0.536,35.4,1625.07,1432.68,104.75,293.23,736.99,4.46,6,0.2525,0.5004,0.1417,0.126,30.03,48.93,0.434,GRID_300M_29_11,152.11464046632958,6.4,6.4,6.4,6.5,6.6,6.7,38.8,39.4,41.1,46.5,45.4,45.5,20.9,20.6,19.6,17.0,18.2,19.1,40.2,39.9,39.4,36.5,36.3,35.5,21.6,17.0,8.8,6.8,5.8,5.1,1.49,1.51,1.54,1.58,1.6,1.6,29.3,29.7,29.8,29.7,29.6,29.5,20.7,21.7,22.5,25.6,27.3,27.7,29,MB300-0737,4.4374890787821855,,,,,,,,,2341.047793255689,False,,,,,,,,,,,,,,,,,,8631.991092339113,False,True,0.0,Low,Unmined Exploratory Target (Core Borehole Intercept),Manegaon Northern Strike Extension,2206.9,GRID_BHARVELI_COMB_18_11,108.02334211641022,REAL
MASTER_29_12,29,12,21.884603,80.227034,3846.622803,0.481548,0,889,0.09,0.07467,0.095331,0.111505,0.266191,0.299277,0.201188,0.054893,0.080345,0.04452,0.4026,0.211509,0.091314,0.153373,0.042,0.23808,0.049093,0.40933,-0.471765,-0.515722,0.091782,0.670719,1.132621,1.491996,5.413467,0.80057,-0.667132,-0.449836,-0.281612,0.431611,0.526965,0.812254,6.765775,0.391241,-0.195367,0.065886,-0.373394,-0.239108,-0.605656,-0.679742,0.084707,0.007093,1.348215,0.136409,-0.087767,0.53448,0.6154,0.363688,0.001125,0,sparse_vegetation,grade_B_blast_furnace_25to44,25-44% Mn (BF + Medium grade),0.533,35.4,1625.07,1432.68,104.75,293.23,736.99,4.46,6,0.2525,0.5004,0.1417,0.126,30.03,48.93,0.434,GRID_300M_30_12,144.65917825130285,6.3,6.3,6.3,6.4,6.5,6.6,39.5,39.7,42.5,46.7,45.8,45.8,20.5,20.4,19.0,17.1,18.5,19.2,40.0,40.0,38.5,36.2,35.8,35.0,27.8,22.6,10.7,7.3,5.0,4.2,1.49,1.51,1.53,1.58,1.6,1.6,29.6,30.0,30.1,30.0,29.9,29.8,21.1,21.6,23.4,27.7,27.5,27.6,29,MB300-0738,5.544496647963367,,,,,,,,,2349.4149330330506,False,,,,,,,,,,,,,,,,,,8706.521801788993,False,True,0.0,Low,Unmined Exploratory Target (Core Borehole Intercept),Manegaon Northern Strike Extension,1911.1,GRID_BHARVELI_COMB_18_12,116.16334447424495,REAL
MASTER_29_13,29,13,21.884594,80.229934,3859.71875,4.92156,0,899,0.09,0.070069,0.090769,0.108045,0.26141,0.292642,0.195868,0.059664,0.076574,0.046171,0.320138,0.168813,0.075096,0.209649,0.058725,0.367809,0.071466,0.415699,-0.483387,-0.524995,0.092259,0.666934,1.128698,1.535237,5.067701,0.741741,-0.607315,-0.365793,-0.278356,0.443813,0.526018,0.772897,6.705897,0.326042,-0.123928,0.159202,-0.370614,-0.22312,-0.60268,-0.76234,0.15816,0.012741,1.629709,0.058728,-0.123829,0.540391,0.6517,0.405758,0.003337,0,sparse_vegetation,grade_B_blast_furnace_25to44,25-44% Mn (BF + Medium grade),0.469,35.4,1625.07,1432.68,104.75,293.23,736.99,4.46,6,0.2525,0.5004,0.1417,0.126,30.03,48.93,0.434,GRID_300M_30_13,145.4899423823078,6.4,6.3,6.4,6.5,6.6,6.6,40.3,40.7,42.7,45.9,45.5,45.7,21.4,21.2,20.3,18.7,20.1,20.7,38.3,38.2,37.0,35.4,34.4,33.6,29.2,25.3,11.9,8.0,5.3,4.4,1.49,1.51,1.53,1.57,1.59,1.59,30.0,30.5,30.6,30.4,30.4,30.3,22.4,22.4,24.3,28.1,27.1,28.2,16,MB300-0739,3.7121769074505275,,,,,,,,,2346.9609876062013,False,,,,,,,,,,,,,,,,,,8740.213793481833,False,True,0.0,Low,Unmined Exploratory Target (Core Borehole Intercept),Manegaon Northern Strike Extension,1616.9,GRID_BHARVELI_COMB_18_13,114.99836584499413,REAL
MASTER_29_14,29,14,21.884594,80.232849,3896.999512,9.325612,0,900,0.09,0.070488,0.090057,0.110895,0.237898,0.297236,0.207849,0.150721,0.155513,0.128315,0.31049,0.208731,0.125747,0.212796,0.056508,0.354447,0.070427,0.363947,-0.449101,-0.533847,0.137527,0.697951,1.260514,1.568665,4.786292,0.477875,-0.377263,-0.171776,-0.191462,0.556401,0.640418,0.812184,6.271645,0.113928,0.071838,0.362071,-0.32899,-0.141551,-0.620097,-0.756481,0.141651,0.013918,1.48639,0.072592,-0.088505,0.559169,0.6379,0.494222,0.076667,0,sparse_vegetation,grade_B_blast_furnace_25to44,25-44% Mn (BF + Medium grade),0.425,35.4,1625.07,1432.68,104.75,293.23,736.99,4.46,6,0.2525,0.5004,0.1417,0.126,30.03,48.93,0.434,GRID_300M_30_14,145.62368278473033,6.4,6.4,6.4,6.5,6.6,6.7,40.9,41.5,42.4,45.6,45.1,45.3,22.4,22.2,21.9,20.3,21.4,22.1,36.7,36.4,35.6,34.1,33.5,32.7,28.7,22.8,11.4,8.2,5.0,4.1,1.47,1.5,1.51,1.56,1.58,1.59,30.6,31.1,31.1,30.9,30.7,30.8,23.4,23.9,25.9,28.4,27.6,28.7,16,MB300-0740,1.9330542930928583,,,,,,,,,2345.4222320683957,False,,,,,,,,,,,,,,,,,,8735.502090276439,False,True,0.0,Low,Unmined Exploratory Target (Core Borehole Intercept),Manegaon Northern Strike Extension,1325.2,GRID_BHARVELI_COMB_18_14,115.14086751182934,REAL
MASTER_29_15,29,15,21.884596,80.23577,3957.150635,13.627569,0,897,0.09,0.074582,0.09387,0.112447,0.204224,0.275862,0.218171,0.194701,0.201846,0.166668,0.409365,0.290541,0.176055,0.253306,0.060496,0.52678,0.093168,0.285064,-0.365346,-0.491205,0.164258,0.789309,1.377857,1.507313,5.154713,0.489954,-0.390929,-0.23244,-0.165986,0.568655,0.694938,0.825566,7.08748,0.20489,-0.025582,0.258765,-0.330244,-0.220653,-0.682919,-0.681747,0.273474,0.032672,1.93662,0.205141,0.014679,0.553035,0.6213,0.455491,0.395764,1,sparse_vegetation,grade_B_blast_furnace_25to44,25-44% Mn (BF + Medium grade),0.307,33.99,1625.07,1432.68,104.75,293.23,736.99,4.46,6,0.2525,0.5004,0.1417,0.126,30.03,48.93,0.434,GRID_300M_30_15,145.64267359140442,6.3,6.3,6.3,6.4,6.5,6.6,41.8,42.4,42.7,46.0,45.4,45.3,23.8,23.8,23.7,22.0,22.7,23.4,34.4,33.8,33.6,32.1,31.9,31.3,27.7,21.2,11.3,8.1,4.6,3.7,1.42,1.44,1.47,1.49,1.51,1.51,31.2,31.9,31.9,31.6,31.4,31.4,21.3,21.6,24.1,25.7,26.9,28.3,16,MB300-0741,0.39272305433884924,,,,,,,,,2344.2310141792914,False,,,,,,,,,,,,,,,,,,8736.929437469815,False,True,0.0,Medium,Unmined Exploratory Target (Core Borehole Intercept),Manegaon Northern Strike Extension,1038.4,GRID_BHARVELI_COMB_18_15,115.67639385804296,REAL
MASTER_29_16,29,16,21.884594,80.238683,4038.179443,17.771126,0,900,0.09,0.069563,0.090819,0.106259,0.220253,0.280237,0.209101,0.060872,0.08394,0.050009,0.347445,0.200279,0.091594,0.233628,0.053624,0.387842,0.073572,0.341786,-0.408009,-0.509561,0.142992,0.745659,1.30498,1.522807,5.821136,0.748098,-0.610845,-0.40982,-0.239587,0.456717,0.577666,0.823236,6.794976,0.406312,-0.202837,0.099742,-0.382578,-0.288942,-0.727314,-0.699571,0.154214,0.019948,0.973561,0.127192,-0.079958,0.549286,0.6289,0.383003,0.246667,1,sparse_vegetation,grade_B_blast_furnace_25to44,25-44% Mn (BF + Medium grade),0.229,33.99,1625.07,1432.68,104.75,293.23,736.99,4.46,6,0.2525,0.5004,0.1417,0.126,30.03,48.93,0.434,GRID_300M_30_16,145.96289172882592,6.2,6.2,6.2,6.3,6.4,6.5,42.6,43.0,43.6,46.3,45.7,45.9,23.0,23.2,23.2,22.0,22.4,23.2,34.3,33.8,33.1,31.7,31.8,30.9,32.7,26.2,12.9,7.5,5.1,3.8,1.41,1.44,1.45,1.49,1.5,1.5,31.7,32.3,32.3,32.1,31.9,31.9,22.2,22.4,24.6,25.9,27.3,29.6,16,MB300-0742,2.303647785671924,,,,,,,,,2342.469239453505,False,,,,,,,,,,,,,,,,,,8736.263891977496,False,True,1.0,Medium,Unmined Exploratory Target (Core Borehole Intercept),Manegaon Northern Strike Extension,761.7,GRID_BHARVELI_COMB_18_16,115.56172941588103,REAL
MASTER_29_17,29,17,21.884594,80.241599,4139.770508,21.734243,0,900,0.09,0.059813,0.08508,0.086345,0.262618,0.267185,0.170946,0.052604,0.073001,0.043888,0.32541,0.187328,0.082735,0.216418,0.0534,0.32931,0.066231,0.502735,-0.508372,-0.515955,0.04528,0.63761,1.031102,1.439897,5.310627,0.761839,-0.633181,-0.439269,-0.240545,0.441527,0.576921,0.834567,6.493363,0.259104,-0.124809,0.076686,-0.285825,-0.196083,-0.454181,-0.60533,0.112892,0.012831,1.182894,0.062792,-0.079857,0.508396,0.6155,0.35477,0.0,0,dense_vegetation,non_ore,Background,0.26,33.99,1625.07,1432.68,104.75,293.23,736.99,4.46,6,0.2525,0.5004,0.1417,0.126,30.03,48.93,0.434,GRID_300M_30_17,146.12955270243938,6.1,6.1,6.2,6.3,6.4,6.4,41.7,42.2,43.0,45.6,45.1,45.2,23.3,23.4,23.2,22.3,22.6,23.3,35.0,34.4,33.7,32.2,32.3,31.5,30.3,24.0,12.4,7.3,5.0,3.7,1.39,1.42,1.43,1.49,1.5,1.5,31.4,32.1,32.1,31.9,31.6,31.6,22.0,22.2,23.7,25.3,27.2,28.8,29,MB300-0743,4.190012358986789,,,,,,,,,2341.0458073090886,False,,,,,,,,,,,,,,,,,,8736.262941277977,False,True,1.0,Medium,Unmined Exploratory Target (Core Borehole Intercept),Manegaon Northern Strike Extension,512.1,GRID_BHARVELI_COMB_18_17,115.76847444128423,REAL
MASTER_29_18,29,18,21.884637,80.24451,4264.211426,25.455969,0,913,0.09,0.058504,0.088481,0.076129,0.308139,0.248656,0.146059,0.053424,0.072002,0.044543,0.318679,0.187362,0.08309,0.211988,0.045634,0.308813,0.0584,0.602417,-0.552871,-0.47484,-0.060377,0.586353,0.813143,1.30005,6.418747,0.752656,-0.629364,-0.442774,-0.231594,0.44291,0.58952,0.833955,6.645185,0.150239,-0.076493,0.032065,-0.171217,-0.143443,-0.223623,-0.466095,0.096825,0.012765,0.244899,0.01054,-0.061294,0.456999,0.5844,0.32508,0.0,0,dense_vegetation,non_ore,Background,0.352,33.9,1625.07,1432.68,104.75,293.23,736.99,4.46,6,0.2525,0.5004,0.1417,0.126,30.03,48.93,0.434,GRID_300M_30_18,141.51293592542527,6.1,6.1,6.2,6.3,6.4,6.5,41.5,42.3,43.1,45.2,44.8,44.9,23.3,23.2,23.1,22.3,22.6,23.5,35.3,34.6,33.8,32.5,32.6,31.6,29.6,23.3,12.9,7.3,4.9,3.8,1.36,1.4,1.42,1.49,1.5,1.5,31.4,32.1,32.0,31.8,31.5,31.4,22.5,23.2,24.4,25.9,28.2,29.5,16,MB300-0744,3.107659001605991,,,,,,,,,2370.7438525373586,False,,,,,,,,,,,,,,,,,,8741.052997906447,False,True,1.0,High,Unmined Exploratory Target (Core Borehole Intercept),Manegaon Northern Strike Extension,352.4,GRID_BHARVELI_COMB_18_18,120.45555794822317,REAL
MASTER_29_19,29,19,21.884688,80.247379,4404.372559,28.898056,0,873,0.09,0.06635,0.097813,0.082833,0.324391,0.250014,0.149281,0.074314,0.090058,0.060788,0.329822,0.197048,0.092825,0.16961,0.035132,0.229228,0.050838,0.592782,-0.535592,-0.438113,-0.081075,0.594456,0.778552,1.241643,6.426981,0.694096,-0.57254,-0.371945,-0.227684,0.462379,0.59251,0.802985,6.515403,0.101314,-0.036948,0.066168,-0.146609,-0.132077,-0.186043,-0.438659,0.059618,0.015706,0.094812,0.005431,-0.052966,0.443359,0.5444,0.34656,0.0,0,dense_vegetation,non_ore,Background,0.332,33.9,1625.07,1432.68,104.75,293.23,736.99,4.46,6,0.2525,0.5004,0.1417,0.126,30.03,48.93,0.434,GRID_300M_30_19,135.1146081025858,6.1,6.1,6.1,6.2,6.2,6.3,42.8,43.4,44.4,46.4,46.0,45.9,22.7,22.6,22.4,21.4,21.7,22.6,34.6,33.9,33.3,32.2,32.3,31.5,35.4,24.5,13.6,7.6,4.9,3.7,1.34,1.37,1.38,1.45,1.47,1.48,31.9,32.6,32.5,32.2,32.1,32.1,23.3,24.3,25.2,27.2,27.8,29.8,16,MB300-0745,4.040681226490886,,,,,,,,,2437.1961388596073,False,,,,,,,,,,,,,,,,,,8747.310855393584,False,True,1.0,High,Unmined Exploratory Target (Core Borehole Intercept),Manegaon Northern Strike Extension,407.6,GRID_BHARVELI_COMB_18_19,125.08315489635375,REAL
MASTER_29_20,29,20,21.884686,80.25025,4554.437012,32.159615,0,898,0.09,0.071725,0.100492,0.093611,0.288953,0.264911,0.183767,0.095776,0.109985,0.078486,0.343285,0.214011,0.106365,0.18502,0.043365,0.223116,0.048609,0.508033,-0.479854,-0.449088,-0.007555,0.684121,0.938791,1.288958,5.834485,0.634226,-0.518222,-0.32495,-0.204644,0.492642,0.621873,0.809151,6.491714,0.126193,-0.038367,0.124138,-0.197088,-0.191478,-0.316918,-0.479807,0.038096,0.005244,0.66049,0.054332,-0.0509,0.464606,0.5523,0.379719,0.0,0,sparse_vegetation,non_ore,Background,0.595,33.9,1625.07,1432.68,104.75,293.23,736.99,4.46,6,0.2525,0.5004,0.1417,0.126,30.03,48.93,0.434,GRID_300M_30_20,134.6498443972328,6.1,6.1,6.1,6.2,6.2,6.3,42.9,43.1,43.9,46.3,46.2,45.8,22.3,22.3,21.9,20.5,20.8,21.7,34.8,34.7,34.2,33.2,32.9,32.5,33.0,23.6,12.6,7.4,4.6,3.9,1.4,1.43,1.43,1.5,1.52,1.52,32.1,32.9,32.8,32.4,32.4,32.5,22.8,24.0,25.1,27.3,26.5,28.3,16,MB300-0746,4.48104158518472,,,,,,,,,2531.3722186935724,False,,,,,,,,,,,,,,,,,,8744.101092004856,False,True,1.0,Medium,Unmined Exploratory Target (Core Borehole Intercept),Manegaon Northern Strike Extension,623.0,GRID_BHARVELI_COMB_18_20,124.12225512867256,REAL
MASTER_29_21,29,21,21.884683,80.253169,4721.131348,35.25235,0,900,0.09,0.065589,0.094827,0.081904,0.288177,0.246071,0.167121,0.083877,0.09867,0.067679,0.345345,0.214364,0.102027,0.277553,0.055576,0.412296,0.082881,0.553726,-0.500088,-0.441159,-0.043311,0.667514,0.880023,1.226394,5.957814,0.679298,-0.560922,-0.376809,-0.209478,0.472815,0.619994,0.800267,7.16249,0.125572,-0.060834,0.064349,-0.166167,-0.194698,-0.260029,-0.426127,0.134742,0.027305,1.204089,0.057168,-0.031707,0.443714,0.5666,0.348151,0.0,0,dense_vegetation,non_ore,Background,0.6,33.79,1625.07,1432.68,104.75,293.23,736.99,4.46,6,0.2525,0.5004,0.1417,0.126,30.03,48.93,0.434,GRID_300M_30_21,135.1709364871364,6.2,6.2,6.2,6.3,6.3,6.4,42.1,42.1,43.0,45.6,45.5,45.2,22.1,21.9,21.6,20.1,20.7,21.5,35.9,36.0,35.4,34.3,33.9,33.3,30.6,24.3,12.4,7.5,4.7,4.0,1.42,1.45,1.45,1.53,1.54,1.54,32.4,33.1,32.9,32.6,32.8,33.1,22.9,23.5,24.5,26.6,25.5,26.7,16,MB300-0747,2.3162966576425394,,,,,,,,,2657.726510709226,False,,,,,,,,,,,,,,,,,,8739.836367356776,False,True,1.0,Medium,Unmined Exploratory Target (Core Borehole Intercept),Manegaon Northern Strike Extension,888.9,GRID_BHARVELI_COMB_18_21,123.97781082321723,REAL
MASTER_29_22,29,22,21.884683,80.256086,4900.699219,38.122929,0,900,0.09,0.06356,0.093041,0.081506,0.278966,0.249583,0.167996,0.058874,0.075971,0.048256,0.323521,0.194615,0.087395,0.228843,0.051876,0.370789,0.074567,0.54337,-0.495583,-0.454244,-0.019821,0.6679,0.919325,1.271591,5.720525,0.739971,-0.61941,-0.437921,-0.223167,0.448752,0.602207,0.820295,6.524188,0.196601,-0.123828,0.016323,-0.203346,-0.219148,-0.317119,-0.451296,0.141946,0.022691,0.801493,0.044555,-0.054967,0.457326,0.6036,0.32783,0.008889,0,dense_vegetation,grade_B_blast_furnace_25to44,25-44% Mn (BF + Medium grade),0.556,33.79,1625.07,1432.68,104.75,293.23,736.99,4.46,6,0.2525,0.5004,0.1417,0.126,30.03,48.93,0.434,GRID_300M_30_22,135.33467715128654,6.2,6.2,6.2,6.3,6.4,6.4,42.2,42.3,43.6,46.0,45.9,45.6,21.2,21.0,20.7,19.1,19.7,20.6,36.5,36.8,35.8,34.8,34.5,33.9,31.1,24.9,12.3,7.4,4.8,4.0,1.42,1.45,1.44,1.51,1.52,1.52,32.3,33.0,32.8,32.6,32.8,33.1,23.3,23.8,24.6,27.1,26.5,27.5,16,MB300-0748,1.3669240533199776,,,,,,,,,2811.0551254781453,False,,,,,,,,,,,,,,,,,,8741.603424007913,False,True,0.0,Medium,Unmined Exploratory Target (Core Borehole Intercept),Manegaon Northern Strike Extension,1171.4,GRID_BHARVELI_COMB_18_22,124.1508970113664,REAL
MASTER_29_23,29,23,21.884682,80.259002,5091.65918,40.784222,0,900,0.09,0.065332,0.091574,0.094165,0.268719,0.289458,0.195272,0.060776,0.079092,0.05063,0.326296,0.196372,0.089604,0.204531,0.045118,0.36775,0.071935,0.479677,-0.490356,-0.518074,0.068287,0.674289,1.085791,1.438527,6.149365,0.730719,-0.609249,-0.425491,-0.220724,0.45607,0.603015,0.832952,6.898474,0.251043,-0.118894,0.092583,-0.289012,-0.21822,-0.482776,-0.605575,0.163219,0.026817,0.752431,0.057576,-0.093086,0.51087,0.591,0.36247,0.0,0,sparse_vegetation,non_ore,Background,0.552,33.79,1625.07,1432.68,104.75,293.23,736.99,4.46,6,0.2525,0.5004,0.1417,0.126,30.03,48.93,0.434,GRID_300M_30_23,135.57571621397688,6.2,6.2,6.2,6.3,6.4,6.5,39.9,40.1,42.6,45.4,45.1,44.8,22.0,21.8,21.0,19.6,20.2,20.9,38.1,38.1,36.3,35.0,34.7,34.3,26.3,20.8,11.1,6.8,5.3,4.7,1.43,1.46,1.46,1.52,1.52,1.52,29.2,30.0,30.1,30.1,30.1,30.0,21.7,22.8,23.6,26.2,27.0,28.2,16,MB300-0749,2.5790546887988164,,,,,,,,,2986.858086899419,False,,,,,,,,,,,,,,,,,,8741.052997906458,False,True,0.0,Low,Unmined Exploratory Target (Core Borehole Intercept),Manegaon Northern Strike Extension,1460.8,GRID_BHARVELI_COMB_18_23,124.18098976026464,REAL
MASTER_29_24,29,24,21.884683,80.261676,5275.773926,43.049355,0,750,0.09,0.065797,0.089587,0.094487,0.26182,0.296835,0.199569,0.064174,0.081782,0.05332,0.314708,0.195496,0.091355,0.183966,0.047149,0.338515,0.075995,0.468943,-0.489103,-0.535677,0.08773,0.671314,1.141226,1.432382,5.065279,0.708655,-0.585835,-0.40753,-0.207647,0.466937,0.621178,0.830383,5.865528,0.239712,-0.096732,0.128147,-0.295377,-0.204377,-0.520048,-0.601999,0.154549,0.028846,0.799914,0.052888,-0.101339,0.517457,0.5967,0.376224,0.0,0,sparse_vegetation,non_ore,Background,0.512,33.76,1625.07,1432.68,104.75,293.23,736.99,4.46,6,0.2525,0.5004,0.1417,0.126,30.03,48.93,0.434,GRID_300M_30_24,133.1412858474877,6.2,6.2,6.3,6.4,6.4,6.5,38.4,38.8,42.5,44.8,44.1,44.4,21.9,21.6,20.1,19.4,20.2,20.8,39.7,39.6,37.4,35.8,35.7,34.8,23.0,17.5,10.3,6.5,5.7,5.2,1.45,1.47,1.48,1.52,1.53,1.54,28.7,29.7,29.7,29.8,29.9,29.5,19.1,20.4,22.4,24.7,25.7,27.1,29,MB300-0750,23.77561138159383,,,,,,,,,3164.9008824883754,False,,,,,,,,,,,,,,,,,,8740.869620659552,False,True,0.0,Low,Unmined Exploratory Target (Core Borehole Intercept),Manegaon Northern Strike Extension,1753.9,GRID_BHARVELI_COMB_18_24,121.89544378950798,REAL
MASTER_30_00,30,0,21.887124,80.192742,5411.172852,319.689697,0,563,0.09,0.091034,0.11964,0.148822,0.237338,0.306123,0.248172,0.069641,0.095777,0.069449,0.252704,0.161754,0.093184,0.116039,0.019135,0.265933,0.028448,0.227732,-0.32719,-0.438146,0.162898,0.811764,1.301138,1.631889,10.918077,0.564767,-0.4455,-0.245515,-0.166979,0.571552,0.637727,0.994841,11.469184,0.337035,-0.11831,0.192632,-0.329876,-0.240212,-0.663411,-0.637048,0.149894,0.009313,0.442715,0.015366,-0.144369,0.571927,0.6247,0.436651,0.357016,1,built_up,grade_C_siliceous_low_25to30,25-30% Mn + SiO2>=15% (Siliceous),0.179,35.96,1625.07,1432.68,104.75,293.23,736.99,4.46,6,0.2525,0.5004,0.1417,0.126,30.03,48.93,0.434,GRID_300M_30_00,165.30466355549285,7.4,7.5,7.5,7.6,7.7,7.7,39.2,40.7,41.6,44.6,43.0,44.3,19.1,18.5,18.1,17.0,18.2,18.5,41.7,40.7,40.3,38.3,38.7,37.2,15.5,9.6,6.6,6.1,3.2,3.1,1.57,1.59,1.63,1.64,1.65,1.64,30.0,30.7,30.8,30.8,30.8,30.7,11.6,11.2,12.3,14.9,16.4,17.4,29,MB300-0751,56.36891321257407,,,,,,,,,3311.9053695603693,False,,,,,,,,,,,,,,,,,,8749.328512589089,False,True,0.0,Very Low,No Mining History (Barren Country Rock Control),Bharveli West Footwall Baseline,4045.8,GRID_BHARVELI_COMB_19_00,129.61115723081065,REAL
MASTER_30_01,30,1,21.88712,80.195125,5255.298828,321.728271,0,896,0.09,0.093364,0.123958,0.154517,0.253987,0.299346,0.233357,0.067565,0.090393,0.065685,0.230533,0.136575,0.074369,0.129423,0.026658,0.156754,0.023135,0.245496,-0.341813,-0.412406,0.129903,0.777856,1.192233,1.642362,8.966105,0.552241,-0.432178,-0.189828,-0.194161,0.545676,0.588973,0.968458,12.068852,0.306745,-0.090365,0.222578,-0.324064,-0.23218,-0.60326,-0.673904,0.027331,-0.003523,3.082769,-0.023454,-0.162771,0.567505,0.6296,0.456355,0.379464,1,sparse_vegetation,grade_D_manganiferous_sub25,< 25% Mn (Manganiferous/ROM dilution),0.18,35.96,1625.07,1432.68,104.75,293.23,736.99,4.46,6,0.2525,0.5004,0.1417,0.126,30.03,48.93,0.434,GRID_300M_30_01,142.7246748234093,7.4,7.5,7.6,7.7,7.6,7.7,39.3,40.2,41.7,45.5,43.9,45.0,19.3,19.1,18.4,16.9,18.1,18.4,41.4,40.7,39.8,37.6,38.0,36.7,15.4,10.1,6.6,6.5,3.7,3.3,1.56,1.58,1.62,1.63,1.64,1.64,30.5,31.1,31.2,31.0,31.1,31.1,13.4,13.3,15.3,16.9,17.1,17.4,29,MB300-0752,2.6423491523969536,,,,,,,,,3168.6808801619522,False,,,,,,,,,,,,,,,,,,8746.504273575914,False,True,0.0,Very Low,No Mining History (Barren Country Rock Control),Bharveli West Footwall Baseline,4033.0,GRID_BHARVELI_COMB_19_01,99.38210553392146,REAL
MASTER_30_02,30,2,21.887116,80.198022,5075.508789,324.371002,0,871,0.09,0.115689,0.152936,0.205441,0.30354,0.394189,0.30326,0.073917,0.099961,0.0743,0.196088,0.103622,0.059898,0.108738,0.025725,0.104107,0.0158,0.192517,-0.329051,-0.441141,0.177785,0.769346,1.305551,1.774199,6.593389,0.444852,-0.317246,0.008519,-0.210784,0.582862,0.518365,1.001766,11.824588,0.252335,0.011805,0.44966,-0.388569,-0.186483,-0.787186,-0.772434,-0.004631,-0.009925,5.175402,-0.107452,-0.290566,0.607502,0.6418,0.568548,0.275545,1,water_body,grade_B_blast_furnace_25to44,25-44% Mn (BF + Medium grade),0.188,36.67,1625.07,1432.68,104.75,293.23,736.99,4.46,6,0.2525,0.5004,0.1417,0.126,30.03,48.93,0.434,GRID_300M_30_02,142.0116074136429,7.4,7.4,7.5,7.5,7.6,7.7,39.7,40.9,41.5,45.6,44.0,45.0,19.6,19.3,18.8,17.3,18.4,18.8,40.7,39.8,39.7,37.1,37.6,36.2,15.5,10.0,6.3,6.6,3.9,3.4,1.55,1.56,1.61,1.63,1.64,1.64,30.6,31.0,31.1,30.8,30.8,30.8,15.6,15.3,18.0,18.6,18.4,17.9,29,MB300-0753,2.356510850479711,,,,,,,,,3012.633132968516,False,,,,,,,,,,,,,,,,,,8746.293353466048,False,True,0.0,Very Low,No Mining History (Barren Country Rock Control),Bharveli West Footwall Baseline,4042.4,GRID_BHARVELI_COMB_19_02,98.56190720328557,REAL
MASTER_30_03,30,3,21.887128,80.200896,4910.007812,327.189575,0,875,0.09,0.096483,0.129969,0.15794,0.308627,0.346327,0.255381,0.075775,0.105406,0.085181,0.248052,0.170595,0.101814,0.119859,0.029826,0.156436,0.029409,0.336542,-0.411885,-0.455769,0.102113,0.731599,1.118577,1.606613,6.06092,0.485275,-0.39892,-0.221927,-0.121989,0.593867,0.687924,1.118226,9.562773,0.148733,0.012965,0.233842,-0.224102,-0.137732,-0.430652,-0.488387,0.036577,-0.000417,3.461374,-0.060575,-0.175732,0.551079,0.6327,0.435014,0.16,1,sparse_vegetation,grade_B_blast_furnace_25to44,25-44% Mn (BF + Medium grade),0.203,36.67,1625.07,1432.68,104.75,293.23,736.99,4.46,6,0.2525,0.5004,0.1417,0.126,30.03,48.93,0.434,GRID_300M_30_03,142.47444724680676,7.4,7.4,7.4,7.5,7.5,7.6,39.0,40.2,40.7,45.2,43.6,44.6,19.7,19.5,18.8,17.2,18.3,18.7,41.2,40.2,40.5,37.6,38.1,36.7,15.4,9.8,6.5,6.3,3.6,3.1,1.54,1.57,1.6,1.62,1.63,1.63,30.4,30.9,31.0,30.7,30.7,30.8,14.8,14.9,17.1,18.6,18.2,17.9,29,MB300-0754,2.0797856096396123,,,,,,,,,2881.921974215591,False,,,,,,,,,,,,,,,,,,8747.539499798444,False,True,0.0,Very Low,No Mining History (Barren Country Rock Control),Bharveli West Footwall Baseline,4074.0,GRID_BHARVELI_COMB_19_03,98.61807368942864,REAL
MASTER_30_04,30,4,21.887139,80.203792,4756.104492,330.220062,0,910,0.09,0.091651,0.124432,0.14294,0.301689,0.328122,0.244875,0.075829,0.103652,0.086777,0.273014,0.21718,0.136667,0.221993,0.033868,0.37945,0.035378,0.368739,-0.419725,-0.451059,0.082226,0.738216,1.087952,1.533664,8.281325,0.517262,-0.445916,-0.348356,-0.074522,0.616868,0.801116,1.127662,10.319107,0.148523,-0.026191,0.102703,-0.156749,-0.121347,-0.286836,-0.406003,0.157457,0.00151,1.955754,-0.028675,-0.110942,0.530397,0.6195,0.362443,0.09011,0,sparse_vegetation,grade_B_blast_furnace_25to44,25-44% Mn (BF + Medium grade),0.239,36.67,1625.07,1432.68,104.75,293.23,736.99,4.46,6,0.2525,0.5004,0.1417,0.126,30.03,48.93,0.434,GRID_300M_30_04,143.40640192400394,7.4,7.4,7.4,7.5,7.5,7.6,37.7,39.0,39.9,44.8,43.2,44.2,20.5,20.0,19.1,17.2,18.2,18.6,41.8,40.9,41.0,38.0,38.5,37.2,15.3,9.7,6.6,6.3,4.1,3.6,1.55,1.57,1.6,1.62,1.63,1.63,30.5,30.9,31.0,30.8,30.8,30.8,14.8,14.9,17.1,18.5,18.4,18.4,29,MB300-0755,2.8784137372771417,,,,,,,,,2776.1198642725,False,,,,,,,,,,,,,,,,,,8745.749714252575,False,True,0.0,Very Low,No Mining History (Barren Country Rock Control),Bharveli West Footwall Baseline,4127.2,GRID_BHARVELI_COMB_19_04,99.40310254348205,REAL
MASTER_30_05,30,5,21.887205,80.206694,4621.459961,333.484131,0,896,0.09,0.105346,0.14294,0.169846,0.316096,0.372386,0.290562,0.070486,0.096248,0.071132,0.255146,0.168039,0.097652,0.116274,0.026796,0.159938,0.026871,0.31519,-0.382523,-0.446236,0.115955,0.77165,1.174694,1.582112,6.263414,0.559331,-0.444896,-0.248174,-0.162502,0.569347,0.651098,0.998971,8.478946,0.244141,-0.062374,0.198061,-0.278457,-0.202303,-0.523596,-0.583142,0.043664,7.6e-05,2.227978,-0.060949,-0.204347,0.547538,0.6153,0.428939,0.260045,1,sparse_vegetation,grade_B_blast_furnace_25to44,25-44% Mn (BF + Medium grade),0.256,36.67,1625.07,1432.68,104.75,293.23,736.99,4.46,6,0.2525,0.5004,0.1417,0.126,30.03,48.93,0.434,GRID_300M_30_05,150.47856656096502,7.4,7.4,7.4,7.5,7.5,7.6,38.0,38.9,40.5,45.2,44.0,44.8,21.3,20.9,19.5,17.2,18.1,18.5,40.7,40.3,40.0,37.5,37.8,36.8,16.0,10.3,6.9,6.5,5.5,4.9,1.55,1.57,1.6,1.61,1.62,1.62,30.5,31.0,31.0,30.8,30.8,30.8,14.6,15.0,17.4,18.9,19.1,19.2,29,MB300-0756,4.41500538429756,,,,,,,,,2705.355927335342,False,,,,,,,,,,,,,,,,,,8751.232501075616,False,True,0.0,Very Low,Unmined Exploratory Target (Core Borehole Intercept),Manegaon Northern Strike Extension,4031.7,GRID_BHARVELI_COMB_19_05,106.23608727405076,REAL
MASTER_30_06,30,6,21.887206,80.209615,4495.212891,336.919281,0,895,0.09,0.10671,0.144737,0.180287,0.311468,0.379513,0.29542,0.123399,0.149931,0.127774,0.30691,0.233362,0.152445,0.108409,0.025874,0.179674,0.033473,0.274378,-0.368918,-0.44937,0.14109,0.774466,1.217189,1.67844,6.341791,0.422057,-0.350191,-0.222492,-0.092775,0.644911,0.760789,1.04046,9.305984,0.147679,0.018727,0.226878,-0.233865,-0.129555,-0.4564,-0.63798,0.071265,0.007599,2.918614,-0.004558,-0.146152,0.572341,0.6334,0.434868,0.365363,1,sparse_vegetation,grade_B_blast_furnace_25to44,25-44% Mn (BF + Medium grade),0.226,36.27,1625.07,1432.68,104.75,293.23,736.99,4.46,6,0.2525,0.5004,0.1417,0.126,30.03,48.93,0.434,GRID_300M_30_06,150.85433388894182,7.2,7.3,7.3,7.4,7.4,7.5,39.0,39.7,41.5,46.4,45.2,45.6,21.3,20.9,19.6,17.4,18.5,18.9,39.6,39.4,38.9,36.2,36.4,35.4,16.1,11.4,7.4,6.5,5.6,5.1,1.54,1.55,1.59,1.6,1.61,1.61,30.3,30.8,30.9,30.7,30.7,30.6,15.2,15.8,18.5,19.4,19.0,18.4,29,MB300-0757,2.37397204230556,,,,,,,,,2659.248413402475,False,,,,,,,,,,,,,,,,,,8754.811955199984,False,True,0.0,Very Low,Unmined Exploratory Target (Core Borehole Intercept),Manegaon Northern Strike Extension,3735.8,GRID_BHARVELI_COMB_19_06,106.71771259897163,REAL
MASTER_30_07,30,7,21.887204,80.212534,4385.859375,340.534912,0,897,0.09,0.092524,0.126838,0.150067,0.296001,0.33107,0.25095,0.07907,0.108848,0.083735,0.286896,0.187477,0.111389,0.142659,0.03422,0.192909,0.035846,0.336145,-0.402939,-0.447834,0.101437,0.751671,1.124716,1.599815,6.168545,0.545354,-0.445478,-0.250231,-0.154808,0.584691,0.650803,1.051211,8.100452,0.209209,-0.042539,0.197603,-0.256245,-0.16698,-0.473913,-0.548604,0.05025,0.001627,1.92865,-0.009105,-0.143593,0.546551,0.6344,0.424764,0.202899,1,sparse_vegetation,grade_B_blast_furnace_25to44,25-44% Mn (BF + Medium grade),0.217,36.27,1625.07,1432.68,104.75,293.23,736.99,4.46,6,0.2525,0.5004,0.1417,0.126,30.03,48.93,0.434,GRID_300M_30_07,150.8494905960504,7.2,7.2,7.3,7.3,7.3,7.4,39.4,40.0,41.8,46.8,45.5,45.8,21.1,20.7,19.4,17.4,18.5,19.1,39.5,39.4,38.8,35.7,36.0,35.0,16.1,11.7,7.6,6.4,4.1,3.6,1.53,1.55,1.59,1.6,1.61,1.61,30.0,30.6,30.7,30.5,30.4,30.3,16.1,16.8,19.7,20.1,19.6,19.0,29,MB300-0758,1.2655206605188454,,,,,,,,,2646.6282372499313,False,,,,,,,,,,,,,,,,,,8768.437326936308,False,True,0.0,Very Low,Unmined Exploratory Target (Core Borehole Intercept),Manegaon Northern Strike Extension,3440.7,GRID_BHARVELI_COMB_19_07,106.8035856027084,REAL
MASTER_30_08,30,8,21.887207,80.215447,4295.470703,344.312805,0,899,0.09,0.089351,0.123256,0.144407,0.304852,0.319266,0.235698,0.070115,0.097129,0.073812,0.281875,0.189851,0.108705,0.120258,0.030219,0.193108,0.037371,0.370625,-0.42816,-0.443139,0.071303,0.730963,1.045752,1.582918,5.963176,0.580543,-0.481019,-0.316196,-0.147095,0.566489,0.681804,1.03793,7.782028,0.209917,-0.05286,0.126943,-0.218397,-0.164475,-0.363948,-0.544988,0.07285,0.007152,1.804236,-0.022976,-0.129415,0.535015,0.641,0.385969,0.139043,1,sparse_vegetation,grade_B_blast_furnace_25to44,25-44% Mn (BF + Medium grade),0.29,37.24,1625.07,1432.68,104.75,293.23,736.99,4.46,6,0.2525,0.5004,0.1417,0.126,30.03,48.93,0.434,GRID_300M_30_08,151.28493606645142,7.2,7.2,7.3,7.3,7.3,7.4,38.8,39.3,41.7,46.6,45.2,45.5,21.2,20.7,19.4,17.5,18.6,19.3,40.1,40.0,38.9,36.0,36.2,35.2,16.8,12.4,7.6,6.5,4.0,3.3,1.52,1.53,1.57,1.6,1.61,1.61,29.8,30.3,30.5,30.2,30.1,30.0,15.8,16.6,20.1,19.6,19.3,19.2,29,MB300-0759,2.171710991960601,,,,,,,,,2645.4187061066746,False,,,,,,,,,,,,,,,,,,8792.88686194157,False,True,0.0,Very Low,Unmined Exploratory Target (Core Borehole Intercept),Manegaon Northern Strike Extension,3146.5,GRID_BHARVELI_COMB_19_08,107.27543749633232,REAL
MASTER_30_09,30,9,21.887205,80.218365,4223.905762,348.240906,0,899,0.09,0.088583,0.120909,0.140092,0.284073,0.324171,0.248318,0.077476,0.103696,0.077487,0.328988,0.232331,0.130172,0.136994,0.032528,0.223815,0.048363,0.357055,-0.410864,-0.462929,0.101742,0.757047,1.140528,1.547989,6.624284,0.631679,-0.529072,-0.395582,-0.139944,0.553522,0.707921,0.994942,6.968474,0.274623,-0.118208,0.067348,-0.241685,-0.203525,-0.432607,-0.553047,0.086821,0.015835,0.339881,0.044915,-0.09184,0.535988,0.665,0.35629,0.172414,1,sparse_vegetation,grade_B_blast_furnace_25to44,25-44% Mn (BF + Medium grade),0.472,37.24,1625.07,1432.68,104.75,293.23,736.99,4.46,6,0.2525,0.5004,0.1417,0.126,30.03,48.93,0.434,GRID_300M_30_09,151.290527564164,7.1,7.1,7.2,7.3,7.3,7.4,38.2,38.9,41.4,46.3,45.1,45.4,21.0,20.5,19.0,16.9,18.0,18.7,40.8,40.6,39.6,36.8,36.9,35.8,18.5,13.9,7.4,6.4,4.0,3.3,1.51,1.52,1.57,1.59,1.6,1.61,29.8,30.2,30.3,30.0,29.9,29.9,15.3,15.6,20.2,19.4,18.6,19.0,29,MB300-0760,4.282371793384194,,,,,,,,,2643.6632887993223,False,,,,,,,,,,,,,,,,,,8827.052358286517,False,True,0.0,Very Low,Unmined Exploratory Target (Core Borehole Intercept),Manegaon Northern Strike Extension,2853.5,GRID_BHARVELI_COMB_19_09,107.34387725189666,REAL
MASTER_30_10,30,10,21.887196,80.221246,4172.553223,352.232391,0,879,0.09,0.063778,0.08796,0.085414,0.257099,0.251993,0.171653,0.070938,0.094362,0.064001,0.335123,0.214015,0.108505,0.168444,0.04171,0.262685,0.063652,0.505071,-0.490377,-0.482696,0.02134,0.676508,0.986376,1.321659,5.408172,0.687787,-0.566544,-0.397868,-0.190948,0.501515,0.640739,0.894237,5.727672,0.182716,-0.076167,0.084828,-0.212288,-0.174993,-0.345637,-0.427422,0.094241,0.021942,0.319273,0.078024,-0.037978,0.47829,0.6344,0.355115,0.012514,0,dense_vegetation,grade_B_blast_furnace_25to44,25-44% Mn (BF + Medium grade),0.582,37.24,1625.07,1432.68,104.75,293.23,736.99,4.46,6,0.2525,0.5004,0.1417,0.126,30.03,48.93,0.434,GRID_300M_30_10,149.72235866429426,6.5,6.5,6.6,6.7,6.8,6.9,38.0,38.9,41.4,46.2,45.2,45.7,20.2,19.5,18.5,16.7,17.8,18.6,41.8,41.6,40.1,37.1,37.1,35.7,21.3,16.2,8.2,6.6,4.3,3.4,1.5,1.52,1.56,1.58,1.6,1.6,29.3,29.6,29.8,29.6,29.5,29.5,15.9,15.9,20.1,21.4,21.5,22.4,29,MB300-0761,5.136713671720048,,,,,,,,,2641.1775111121115,False,,,,,,,,,,,,,,,,,,8869.942644295445,False,True,0.0,Very Low,Unmined Exploratory Target (Core Borehole Intercept),Manegaon Northern Strike Extension,2562.1,GRID_BHARVELI_COMB_19_10,105.53295117665729,REAL
MASTER_30_11,30,11,21.887279,80.224103,4152.29834,356.27713,0,907,0.09,0.05864,0.083432,0.070398,0.280588,0.237631,0.142092,0.052493,0.077575,0.043567,0.360049,0.196598,0.086636,0.200762,0.057856,0.310473,0.063982,0.598201,-0.540789,-0.479272,-0.049422,0.595879,0.852281,1.196581,4.829712,0.78365,-0.645106,-0.434029,-0.263785,0.440417,0.547225,0.830224,6.598511,0.185449,-0.104316,0.045243,-0.214364,-0.155463,-0.305056,-0.366358,0.10971,0.006127,1.768323,0.079461,-0.041033,0.444614,0.5548,0.337205,0.0,0,dense_vegetation,non_ore,Background,0.581,37.24,1625.07,1432.68,104.75,293.23,736.99,4.46,6,0.2525,0.5004,0.1417,0.126,30.03,48.93,0.434,GRID_300M_31_11,146.75052008371145,6.2,6.2,6.3,6.3,6.4,6.5,38.8,39.4,42.0,47.2,46.2,46.6,21.1,20.7,19.5,17.0,18.2,18.9,40.1,39.9,38.5,35.7,35.5,34.6,23.9,19.9,8.7,6.5,6.3,5.6,1.48,1.5,1.52,1.56,1.58,1.58,29.2,29.6,29.8,29.7,29.6,29.6,21.0,22.1,22.9,26.1,27.6,28.3,29,MB300-0762,4.645489671025518,,,,,,,,,2648.7851704415043,False,,,,,,,,,,,,,,,,,,8932.119839541418,False,True,0.0,Low,Unmined Exploratory Target (Core Borehole Intercept),Manegaon Northern Strike Extension,2272.9,GRID_BHARVELI_COMB_19_11,113.15678546891749,REAL
MASTER_30_12,30,12,21.887295,80.227016,4145.419922,0.421873,0,900,0.09,0.064425,0.090196,0.08836,0.273139,0.274257,0.173696,0.053343,0.078506,0.046685,0.347113,0.205795,0.094369,0.19988,0.049086,0.294772,0.062953,0.510823,-0.502691,-0.504083,0.034384,0.631617,1.010547,1.367276,5.620856,0.762419,-0.630754,-0.447801,-0.226402,0.458245,0.594047,0.874922,6.027447,0.251596,-0.128063,0.056282,-0.260786,-0.173371,-0.4165,-0.492354,0.094893,0.013867,0.429688,0.073974,-0.068462,0.495401,0.5935,0.343891,0.0,0,dense_vegetation,non_ore,Background,0.516,35.4,1625.07,1432.68,104.75,293.23,736.99,4.46,6,0.2525,0.5004,0.1417,0.126,30.03,48.93,0.434,GRID_300M_31_12,145.08574232409748,6.2,6.2,6.3,6.3,6.4,6.5,38.7,39.3,42.2,46.9,45.9,46.1,20.9,20.5,19.2,17.1,18.4,19.0,40.4,40.2,38.6,36.1,35.8,34.9,26.2,21.5,9.3,6.6,5.7,5.1,1.46,1.48,1.5,1.55,1.57,1.57,29.5,29.9,30.0,30.0,29.9,29.8,21.8,22.8,23.8,27.4,28.4,28.9,29,MB300-0763,4.03119452044866,,,,,,,,,2649.022457809345,False,,,,,,,,,,,,,,,,,,8997.612639888359,False,True,0.0,Low,Unmined Exploratory Target (Core Borehole Intercept),Manegaon Northern Strike Extension,1987.0,GRID_BHARVELI_COMB_19_12,114.98516893095878,REAL
MASTER_30_13,30,13,21.887297,80.229933,4158.762207,4.564741,0,900,0.09,0.065067,0.089224,0.094051,0.261842,0.27973,0.180226,0.053226,0.07627,0.044466,0.34802,0.197485,0.087626,0.198734,0.052751,0.310021,0.062297,0.470119,-0.489627,-0.514212,0.063987,0.640631,1.083375,1.436574,4.926282,0.772744,-0.640044,-0.442873,-0.247096,0.44372,0.568784,0.836116,7.146513,0.302625,-0.150417,0.071339,-0.311083,-0.196912,-0.514591,-0.600458,0.111287,0.009546,2.221195,0.086177,-0.082245,0.516959,0.6198,0.356674,0.0,0,sparse_vegetation,non_ore,Background,0.444,35.4,1625.07,1432.68,104.75,293.23,736.99,4.46,6,0.2525,0.5004,0.1417,0.126,30.03,48.93,0.434,GRID_300M_31_13,145.03328527742673,6.2,6.2,6.2,6.3,6.3,6.4,39.2,39.7,42.5,45.5,44.9,45.0,21.0,20.7,19.6,17.9,19.5,19.9,39.8,39.5,37.9,36.6,35.6,35.0,32.2,25.1,10.4,7.2,4.8,4.2,1.42,1.44,1.45,1.53,1.54,1.55,30.2,30.7,30.9,30.7,30.7,30.6,21.9,22.3,23.7,28.0,28.4,28.7,29,MB300-0764,2.142987727869952,,,,,,,,,2647.819288281513,False,,,,,,,,,,,,,,,,,,9041.107452531121,False,True,0.0,Low,Unmined Exploratory Target (Core Borehole Intercept),Manegaon Northern Strike Extension,1705.9,GRID_BHARVELI_COMB_19_13,115.40867922908905,REAL
MASTER_30_14,30,14,21.887298,80.232849,4193.399902,8.661276,0,900,0.09,0.074044,0.096126,0.106771,0.237621,0.278175,0.199254,0.061301,0.080808,0.048258,0.327166,0.186343,0.084953,0.168583,0.043493,0.258664,0.051316,0.376029,-0.419986,-0.485915,0.104854,0.715373,1.193738,1.443571,4.922365,0.739214,-0.599249,-0.384727,-0.249617,0.453799,0.566182,0.786901,6.609555,0.363185,-0.179263,0.101189,-0.354471,-0.261574,-0.627556,-0.65667,0.090081,0.007823,1.687212,0.089545,-0.091833,0.528291,0.6097,0.38494,0.142222,1,sparse_vegetation,grade_B_blast_furnace_25to44,25-44% Mn (BF + Medium grade),0.384,35.4,1625.07,1432.68,104.75,293.23,736.99,4.46,6,0.2525,0.5004,0.1417,0.126,30.03,48.93,0.434,GRID_300M_31_14,145.07697185048147,6.2,6.2,6.3,6.4,6.4,6.5,39.3,39.8,42.0,45.1,44.6,44.8,22.4,22.3,21.4,19.5,20.9,21.2,38.2,37.9,36.6,35.3,34.4,34.0,33.3,25.9,10.3,7.3,4.6,3.7,1.43,1.46,1.47,1.53,1.55,1.55,30.5,31.2,31.3,31.1,31.0,30.9,21.4,21.4,22.8,26.7,27.6,28.4,16,MB300-0765,0.34957804602408854,,,,,,,,,2646.391120755636,False,,,,,,,,,,,,,,,,,,9036.507693804426,False,True,0.0,Low,Unmined Exploratory Target (Core Borehole Intercept),Manegaon Northern Strike Extension,1432.5,GRID_BHARVELI_COMB_19_14,115.68229824670676,REAL
MASTER_30_15,30,15,21.887295,80.235766,4248.804688,12.670977,0,898,0.09,0.089857,0.110871,0.128368,0.214326,0.275916,0.221252,0.097379,0.116772,0.07751,0.38379,0.225711,0.10757,0.160995,0.040448,0.210444,0.042577,0.249303,-0.316754,-0.427556,0.142193,0.80111,1.302563,1.430849,5.623707,0.672286,-0.538638,-0.324856,-0.23049,0.473596,0.586871,0.785875,6.584062,0.422983,-0.221883,0.102701,-0.372683,-0.327515,-0.715692,-0.644975,0.049449,0.00213,0.958988,0.169464,-0.050205,0.538405,0.5958,0.402953,0.473274,1,sparse_vegetation,grade_B_blast_furnace_25to44,25-44% Mn (BF + Medium grade),0.334,33.99,1625.07,1432.68,104.75,293.23,736.99,4.46,6,0.2525,0.5004,0.1417,0.126,30.03,48.93,0.434,GRID_300M_31_15,145.5623152175898,6.2,6.2,6.2,6.3,6.4,6.5,41.5,42.5,43.4,46.2,45.4,45.4,23.6,23.4,23.2,21.7,22.5,23.1,35.0,34.2,33.4,32.2,32.1,31.5,32.2,25.7,12.7,8.0,5.3,3.9,1.43,1.47,1.47,1.54,1.54,1.54,31.8,32.5,32.5,32.2,31.9,32.1,21.5,22.3,23.8,26.8,27.1,28.5,16,MB300-0766,1.9915160185312262,,,,,,,,,2644.6329312325656,False,,,,,,,,,,,,,,,,,,9037.38093543375,False,True,0.0,Medium,Unmined Exploratory Target (Core Borehole Intercept),Manegaon Northern Strike Extension,1172.2,GRID_BHARVELI_COMB_19_15,115.57667997502713,REAL
MASTER_30_16,30,16,21.887298,80.238683,4324.901367,16.557095,0,900,0.09,0.083617,0.102761,0.124469,0.191663,0.26343,0.218808,0.072309,0.09543,0.059351,0.35278,0.215051,0.102906,0.361623,0.078241,0.758818,0.148148,0.212314,-0.301224,-0.439093,0.169886,0.829951,1.383726,1.49011,5.738931,0.714416,-0.575622,-0.387484,-0.21633,0.477193,0.609676,0.817739,6.248325,0.502102,-0.274398,0.051609,-0.386217,-0.352759,-0.77405,-0.672371,0.397195,0.069907,0.509629,0.161116,-0.048379,0.554269,0.6057,0.378176,0.597778,1,sparse_vegetation,grade_B_blast_furnace_25to44,25-44% Mn (BF + Medium grade),0.326,33.99,1625.07,1432.68,104.75,293.23,736.99,4.46,6,0.2525,0.5004,0.1417,0.126,30.03,48.93,0.434,GRID_300M_31_16,145.41745608887052,6.4,6.4,6.4,6.4,6.6,6.7,42.6,43.5,43.9,46.4,45.8,45.8,23.6,23.5,23.5,22.3,22.8,23.5,33.8,33.1,32.6,31.4,31.5,30.8,30.2,23.0,12.3,8.0,5.3,4.4,1.42,1.46,1.47,1.51,1.52,1.52,32.0,32.6,32.6,32.3,32.1,32.2,22.3,22.9,24.5,26.3,26.9,28.4,16,MB300-0767,3.7161915315676697,,,,,,,,,2643.43208803531,False,,,,,,,,,,,,,,,,,,9037.270076642342,False,True,0.0,Medium,Unmined Exploratory Target (Core Borehole Intercept),Manegaon Northern Strike Extension,936.0,GRID_BHARVELI_COMB_19_16,116.10119750395636,REAL
MASTER_30_17,30,17,21.887302,80.2416,4420.396973,20.291611,0,903,0.09,0.076096,0.095869,0.114163,0.199565,0.265488,0.211454,0.05626,0.08174,0.046847,0.34719,0.205656,0.094999,0.280481,0.065482,0.511589,0.099105,0.269716,-0.347964,-0.468405,0.158698,0.797705,1.344426,1.505309,5.331299,0.761796,-0.618848,-0.431417,-0.229806,0.461379,0.593475,0.834096,6.717213,0.492081,-0.270884,0.036988,-0.388504,-0.336326,-0.750951,-0.671213,0.231109,0.033623,1.384512,0.147625,-0.059832,0.551285,0.628,0.364082,0.406423,1,sparse_vegetation,grade_B_blast_furnace_25to44,25-44% Mn (BF + Medium grade),0.367,33.99,1625.07,1432.68,104.75,293.23,736.99,4.46,6,0.2525,0.5004,0.1417,0.126,30.03,48.93,0.434,GRID_300M_31_17,145.17024768846176,6.3,6.2,6.3,6.4,6.5,6.6,42.6,43.2,43.9,46.1,45.7,45.9,23.1,23.1,23.0,22.1,22.4,23.2,34.4,33.7,33.1,31.8,31.9,31.0,31.3,24.2,12.1,7.7,5.3,4.3,1.4,1.44,1.45,1.5,1.51,1.5,32.2,32.8,32.7,32.5,32.3,32.3,23.9,24.4,25.8,27.8,28.3,30.0,16,MB300-0768,5.4535108104128,,,,,,,,,2642.4529025093702,False,,,,,,,,,,,,,,,,,,9037.713975503963,False,True,1.0,Medium,Unmined Exploratory Target (Core Borehole Intercept),Manegaon Northern Strike Extension,747.1,GRID_BHARVELI_COMB_19_17,116.76392734297562,REAL
MASTER_30_18,30,18,21.887385,80.244449,4539.006836,23.728493,0,883,0.09,0.077831,0.100129,0.116996,0.226439,0.275411,0.207697,0.057062,0.081975,0.04667,0.362217,0.209601,0.094904,0.242303,0.060216,0.356349,0.074055,0.313693,-0.380703,-0.466503,0.12633,0.754119,1.243135,1.503998,5.287425,0.77154,-0.631145,-0.437831,-0.241545,0.451689,0.578902,0.81896,6.364467,0.457846,-0.250442,0.028672,-0.367874,-0.302431,-0.664233,-0.685038,0.114046,0.013839,1.076594,0.135778,-0.06581,0.543803,0.6478,0.357128,0.345413,1,sparse_vegetation,grade_B_blast_furnace_25to44,25-44% Mn (BF + Medium grade),0.248,33.99,1625.07,1432.68,104.75,293.23,736.99,4.46,6,0.2525,0.5004,0.1417,0.126,30.03,48.93,0.434,GRID_300M_31_18,134.9324318662925,6.2,6.2,6.3,6.4,6.5,6.5,42.3,42.9,43.8,46.2,45.9,46.1,23.1,23.1,23.0,21.9,22.4,23.2,34.6,33.9,33.2,31.9,31.8,30.7,33.3,26.2,12.2,8.1,5.3,4.2,1.38,1.42,1.44,1.48,1.5,1.49,31.9,32.5,32.3,32.0,31.8,31.8,23.9,25.2,26.6,28.4,28.9,31.1,16,MB300-0769,4.33510690942711,,,,,,,,,2672.9456554488593,False,,,,,,,,,,,,,,,,,,9046.987764027996,False,True,1.0,Medium,Unmined Exploratory Target (Core Borehole Intercept),Manegaon Northern Strike Extension,648.1,GRID_BHARVELI_COMB_19_18,124.42051715909373,REAL
MASTER_30_19,30,19,21.887387,80.247336,4666.835938,27.072281,0,900,0.09,0.065475,0.090559,0.094003,0.260992,0.258358,0.177126,0.053169,0.072476,0.043746,0.320195,0.188537,0.084482,0.292751,0.068455,0.440092,0.104561,0.456982,-0.471889,-0.478452,0.037047,0.679055,1.045953,1.415206,5.614329,0.757552,-0.629279,-0.442663,-0.232747,0.447311,0.589425,0.823045,5.865526,0.30057,-0.157389,0.035789,-0.269794,-0.231744,-0.456529,-0.592161,0.14734,0.036106,0.251423,0.059203,-0.069821,0.502092,0.6256,0.341962,0.105556,1,sparse_vegetation,grade_B_blast_furnace_25to44,25-44% Mn (BF + Medium grade),0.241,33.9,1625.07,1432.68,104.75,293.23,736.99,4.46,6,0.2525,0.5004,0.1417,0.126,30.03,48.93,0.434,GRID_300M_31_19,134.3292087217991,6.2,6.2,6.2,6.3,6.4,6.4,42.0,42.5,43.5,46.1,45.8,45.8,23.2,23.3,23.1,21.8,22.2,23.0,34.7,34.2,33.4,32.1,32.1,31.2,32.4,25.4,14.2,8.0,5.3,4.0,1.35,1.39,1.4,1.46,1.48,1.47,31.9,32.5,32.3,32.0,31.8,31.9,23.7,24.8,25.9,28.2,29.7,31.2,16,MB300-0770,4.401220266313106,,,,,,,,,2727.1388340554804,False,,,,,,,,,,,,,,,,,,9047.7830926964,False,True,1.0,Medium,Unmined Exploratory Target (Core Borehole Intercept),Manegaon Northern Strike Extension,679.7,GRID_BHARVELI_COMB_19_19,124.25282737037769,REAL
MASTER_30_20,30,20,21.887384,80.250253,4810.814941,30.262417,0,900,0.09,0.055523,0.084686,0.070676,0.301727,0.235451,0.139505,0.059098,0.071762,0.04681,0.281321,0.168091,0.07527,0.242164,0.051638,0.378921,0.068224,0.618758,-0.559546,-0.467028,-0.081091,0.587661,0.793982,1.259796,6.388232,0.708164,-0.585821,-0.387801,-0.228745,0.445871,0.593465,0.791114,7.783409,0.089406,-0.026275,0.079227,-0.147654,-0.14179,-0.200517,-0.468682,0.136757,0.016586,1.405992,-0.020406,-0.06736,0.444052,0.617,0.345868,0.0,0,dense_vegetation,non_ore,Background,0.375,33.9,1625.07,1432.68,104.75,293.23,736.99,4.46,6,0.2525,0.5004,0.1417,0.126,30.03,48.93,0.434,GRID_300M_31_20,134.81108319349096,6.1,6.1,6.2,6.2,6.3,6.4,41.5,41.2,42.5,45.4,45.4,45.3,23.2,23.6,23.3,21.6,22.0,22.8,35.3,35.3,34.3,32.9,32.6,31.9,27.1,20.6,13.3,7.3,5.0,3.8,1.34,1.37,1.39,1.46,1.46,1.46,31.1,31.7,31.6,31.3,31.2,31.2,22.7,24.1,25.0,26.7,28.3,30.0,16,MB300-0771,2.250179687074167,,,,,,,,,2812.605688246105,False,,,,,,,,,,,,,,,,,,9044.43620162267,False,True,1.0,Medium,Unmined Exploratory Target (Core Borehole Intercept),Manegaon Northern Strike Extension,827.1,GRID_BHARVELI_COMB_19_20,124.06698456366082,REAL
MASTER_30_21,30,21,21.887386,80.253169,4969.213379,33.255032,0,900,0.09,0.055765,0.086487,0.066487,0.288993,0.220716,0.138231,0.138441,0.146083,0.120402,0.339778,0.234122,0.130954,0.209182,0.049196,0.338465,0.067298,0.622987,-0.53706,-0.435414,-0.091683,0.622927,0.774904,1.186943,5.889718,0.528297,-0.438869,-0.277088,-0.166311,0.536096,0.679542,0.846761,6.44835,-0.094691,0.098191,0.158325,-0.074628,-0.086832,-0.095362,-0.340182,0.129283,0.018102,0.548987,0.050785,0.013406,0.424185,0.5484,0.379886,0.0,0,dense_vegetation,non_ore,Background,0.609,33.79,1625.07,1432.68,104.75,293.23,736.99,4.46,6,0.2525,0.5004,0.1417,0.126,30.03,48.93,0.434,GRID_300M_31_21,134.73237297121256,6.2,6.2,6.2,6.3,6.3,6.4,41.0,40.5,42.1,44.7,44.9,44.7,22.7,23.0,22.8,21.5,22.0,22.8,36.3,36.4,35.1,33.8,33.1,32.5,26.4,19.2,12.7,7.1,4.9,3.7,1.34,1.37,1.38,1.46,1.46,1.46,30.5,31.0,31.0,30.9,30.9,30.9,22.6,23.3,24.5,25.9,27.7,29.2,29,MB300-0772,0.8914948806778626,,,,,,,,,2927.214412572266,False,,,,,,,,,,,,,,,,,,9040.730893691965,False,True,0.0,Medium,Unmined Exploratory Target (Core Borehole Intercept),Manegaon Northern Strike Extension,1042.1,GRID_BHARVELI_COMB_19_21,124.41563815838629,REAL
MASTER_30_22,30,22,21.887386,80.256086,5140.105469,36.057358,0,900,0.09,0.059379,0.090324,0.076012,0.277032,0.234497,0.156826,0.06531,0.07927,0.053213,0.307938,0.189435,0.087732,0.212034,0.048534,0.378603,0.068852,0.566353,-0.506027,-0.443239,-0.039821,0.667196,0.857513,1.27575,5.864035,0.705344,-0.5904,-0.410338,-0.212165,0.462388,0.616306,0.813617,7.484014,0.138992,-0.084373,0.032901,-0.172343,-0.204807,-0.241208,-0.462133,0.166569,0.020318,1.631497,0.030906,-0.045062,0.449234,0.5399,0.333501,0.0,0,dense_vegetation,non_ore,Background,0.574,33.79,1625.07,1432.68,104.75,293.23,736.99,4.46,6,0.2525,0.5004,0.1417,0.126,30.03,48.93,0.434,GRID_300M_31_22,134.89664597493675,6.2,6.2,6.2,6.3,6.4,6.4,40.7,40.0,42.3,44.7,44.7,44.6,21.8,22.0,21.5,20.1,20.6,21.5,37.6,38.0,36.2,35.2,34.6,33.9,27.7,21.5,11.5,7.1,5.1,4.1,1.38,1.41,1.43,1.49,1.5,1.5,30.3,31.0,31.0,31.0,31.0,31.0,22.4,22.6,23.5,24.8,26.8,28.3,29,MB300-0773,1.8545286930473033,,,,,,,,,3067.100410798628,False,,,,,,,,,,,,,,,,,,9042.498418985784,False,True,0.0,Low,Unmined Exploratory Target (Core Borehole Intercept),Manegaon Northern Strike Extension,1291.5,GRID_BHARVELI_COMB_19_22,124.58811608884682,REAL
MASTER_30_23,30,23,21.887386,80.259002,5322.483398,38.673588,0,900,0.09,0.064728,0.094021,0.089397,0.266257,0.262159,0.183631,0.078775,0.093948,0.066509,0.325506,0.205122,0.100639,0.192147,0.043339,0.329157,0.066995,0.495985,-0.476465,-0.469941,0.028299,0.699996,0.994126,1.375826,5.78388,0.668805,-0.557762,-0.38025,-0.199803,0.485511,0.629925,0.8359,6.398296,0.17282,-0.081297,0.089691,-0.228101,-0.214485,-0.364201,-0.539925,0.13701,0.023656,0.622703,0.059249,-0.057037,0.484522,0.5831,0.363145,0.0,0,dense_vegetation,non_ore,Background,0.592,33.79,1625.07,1432.68,104.75,293.23,736.99,4.46,6,0.2525,0.5004,0.1417,0.126,30.03,48.93,0.434,GRID_300M_31_23,135.02870319269275,6.3,6.3,6.3,6.4,6.5,6.6,38.5,38.7,41.7,44.4,44.0,44.0,21.9,21.8,20.7,19.7,20.3,21.1,39.5,39.5,37.6,35.9,35.6,34.9,22.5,16.9,10.7,7.1,6.6,6.2,1.4,1.43,1.45,1.5,1.52,1.51,28.8,30.0,30.0,30.1,30.1,29.7,19.5,20.8,22.7,24.2,25.9,27.0,29,MB300-0774,3.6751897327710323,,,,,,,,,3229.07394627322,False,,,,,,,,,,,,,,,,,,9042.059106114542,False,True,0.0,Low,Unmined Exploratory Target (Core Borehole Intercept),Manegaon Northern Strike Extension,1558.8,GRID_BHARVELI_COMB_19_23,124.72689388946837,REAL
MASTER_30_24,30,24,21.887405,80.261685,5501.02832,40.908272,0,760,0.09,0.067388,0.093817,0.095013,0.251094,0.274438,0.200889,0.069045,0.085502,0.056638,0.317981,0.195434,0.091043,0.196544,0.04347,0.376265,0.061447,0.449568,-0.453945,-0.488882,0.072741,0.731771,1.103273,1.405684,5.797961,0.697529,-0.576096,-0.391718,-0.210942,0.465634,0.615851,0.821052,8.309368,0.247962,-0.122151,0.097164,-0.283684,-0.266137,-0.487422,-0.584632,0.179721,0.017978,2.510301,0.066887,-0.079004,0.501243,0.5945,0.370959,0.001316,0,sparse_vegetation,grade_D_manganiferous_sub25,< 25% Mn (Manganiferous/ROM dilution),0.515,33.76,1625.07,1432.68,104.75,293.23,736.99,4.46,6,0.2525,0.5004,0.1417,0.126,30.03,48.93,0.434,GRID_300M_31_24,130.59017316790582,6.2,6.2,6.3,6.4,6.4,6.5,37.8,38.3,41.9,44.0,43.6,43.7,21.8,21.5,20.1,19.7,20.3,21.1,40.4,40.2,38.0,36.2,36.0,35.2,23.3,17.5,10.7,6.8,5.9,5.5,1.41,1.44,1.46,1.5,1.51,1.51,28.8,29.9,29.8,29.9,30.0,29.6,18.1,18.9,22.0,23.7,23.8,25.4,29,MB300-0775,21.232716470045286,,,,,,,,,3396.591593280531,False,,,,,,,,,,,,,,,,,,9043.879858836406,False,True,0.0,Low,Unmined Exploratory Target (Core Borehole Intercept),Manegaon Northern Strike Extension,1836.3,GRID_BHARVELI_COMB_19_24,124.46004881134458,REAL
MASTER_31_00,31,0,21.889818,80.192746,5642.268555,321.658447,0,569,0.09,0.110883,0.149235,0.193205,0.29187,0.371136,0.297014,0.07314,0.098213,0.0711,0.255904,0.161873,0.091217,0.127582,0.024512,0.210422,0.02862,0.211411,-0.326163,-0.429284,0.164345,0.796262,1.277508,1.724221,8.5605,0.563031,-0.442927,-0.23959,-0.172167,0.56264,0.632169,0.97144,10.334646,0.35162,-0.116764,0.189694,-0.336512,-0.233622,-0.64534,-0.752782,0.08284,0.004108,1.737926,-0.035966,-0.209263,0.589583,0.6315,0.438461,0.43761,1,sparse_vegetation,grade_C_siliceous_low_25to30,25-30% Mn + SiO2>=15% (Siliceous),0.167,35.96,1625.07,1432.68,104.75,293.23,736.99,4.46,6,0.2525,0.5004,0.1417,0.126,30.03,48.93,0.434,GRID_300M_31_00,165.0645410775873,7.4,7.4,7.5,7.6,7.6,7.7,39.4,40.3,41.6,45.4,43.8,44.9,19.1,18.9,18.4,17.1,18.2,18.6,41.5,40.8,40.0,37.5,38.0,36.5,14.9,10.0,6.7,6.0,3.3,3.1,1.56,1.58,1.62,1.63,1.64,1.64,30.2,30.8,30.9,30.8,31.0,30.9,11.7,11.7,13.4,15.3,15.8,16.3,29,MB300-0776,58.38238507529822,,,,,,,,,3555.1212493333837,False,,,,,,,,,,,,,,,,,,9049.222987942205,False,True,0.0,Very Low,No Mining History (Barren Country Rock Control),Bharveli West Footwall Baseline,4344.9,GRID_BHARVELI_COMB_20_00,129.50012721057436,REAL
MASTER_31_01,31,1,21.889798,80.195105,5493.016113,323.63269,0,872,0.09,0.109838,0.146358,0.18978,0.300492,0.364572,0.2759,0.075574,0.100487,0.075858,0.217666,0.107928,0.061255,0.119746,0.028799,0.123738,0.017474,0.230156,-0.345798,-0.429003,0.148767,0.756253,1.222084,1.716899,6.028132,0.47938,-0.363583,-0.020695,-0.232684,0.567881,0.4913,1.000844,12.973436,0.249224,-0.017785,0.408308,-0.381451,-0.188372,-0.730784,-0.716055,0.003992,-0.011325,6.944356,-0.082826,-0.256645,0.588643,0.6383,0.550551,0.300459,1,waterlogged,grade_C_siliceous_low_25to30,25-30% Mn + SiO2>=15% (Siliceous),0.144,35.96,1625.07,1432.68,104.75,293.23,736.99,4.46,6,0.2525,0.5004,0.1417,0.126,30.03,48.93,0.434,GRID_300M_31_01,139.94994949724324,7.4,7.4,7.5,7.6,7.6,7.7,39.4,40.5,41.5,45.1,43.5,44.5,19.2,19.0,18.5,17.1,18.2,18.5,41.3,40.5,39.9,37.8,38.3,37.0,15.0,10.1,6.3,6.8,4.2,3.8,1.55,1.57,1.61,1.64,1.64,1.64,30.5,31.1,31.2,31.0,31.1,31.0,13.9,14.0,16.4,17.8,17.8,17.8,29,MB300-0777,3.647476293787388,,,,,,,,,3421.8276118243502,False,,,,,,,,,,,,,,,,,,9044.625600709702,False,True,0.0,Very Low,No Mining History (Barren Country Rock Control),Bharveli West Footwall Baseline,4333.0,GRID_BHARVELI_COMB_20_01,96.46365758353241,REAL
MASTER_31_02,31,2,21.889833,80.197972,5326.34375,326.216522,0,881,0.09,0.098169,0.131738,0.16407,0.292263,0.3443,0.252505,0.075249,0.102586,0.078206,0.229813,0.126918,0.072707,0.0953,0.030264,0.13687,0.020703,0.289438,-0.381948,-0.445917,0.125778,0.729142,1.171947,1.657218,4.732362,0.490097,-0.380289,-0.095517,-0.198572,0.572509,0.550083,1.037198,10.67242,0.200659,0.001659,0.3504,-0.32435,-0.156633,-0.621863,-0.620019,0.041569,-0.009561,5.858864,-0.06245,-0.217383,0.571199,0.631,0.509426,0.205448,1,sparse_vegetation,grade_D_manganiferous_sub25,< 25% Mn (Manganiferous/ROM dilution),0.149,35.96,1625.07,1432.68,104.75,293.23,736.99,4.46,6,0.2525,0.5004,0.1417,0.126,30.03,48.93,0.434,GRID_300M_31_02,142.79758273495256,7.4,7.4,7.5,7.5,7.6,7.7,39.5,40.7,41.7,45.3,43.8,44.7,19.6,19.4,18.8,17.3,18.4,18.7,40.8,39.9,39.5,37.3,37.8,36.5,14.7,10.0,6.4,6.6,4.0,3.5,1.55,1.57,1.61,1.62,1.63,1.63,30.6,31.2,31.3,31.1,31.0,30.9,14.7,14.7,17.2,18.3,17.7,17.6,29,MB300-0778,1.8791873101953755,,,,,,,,,3282.892104081359,False,,,,,,,,,,,,,,,,,,9048.772108984447,False,True,0.0,Very Low,No Mining History (Barren Country Rock Control),Bharveli West Footwall Baseline,4341.8,GRID_BHARVELI_COMB_20_02,98.77932127466266,REAL
MASTER_31_03,31,3,21.889815,80.200862,5165.064941,328.950256,0,893,0.09,0.088271,0.118772,0.138316,0.288335,0.320097,0.230236,0.074185,0.102153,0.078162,0.236074,0.145966,0.084646,0.112177,0.031976,0.162315,0.028609,0.361984,-0.419792,-0.458817,0.091381,0.714061,1.106463,1.543569,4.885832,0.50015,-0.392146,-0.161994,-0.166218,0.577182,0.616828,1.04891,8.557484,0.138165,0.027646,0.296823,-0.257599,-0.136879,-0.489635,-0.494659,0.050138,-0.003366,3.677773,-0.052261,-0.174131,0.539448,0.6323,0.469847,0.075028,0,sparse_vegetation,grade_D_manganiferous_sub25,< 25% Mn (Manganiferous/ROM dilution),0.134,36.67,1625.07,1432.68,104.75,293.23,736.99,4.46,6,0.2525,0.5004,0.1417,0.126,30.03,48.93,0.434,GRID_300M_31_03,140.43902561129389,7.4,7.4,7.5,7.5,7.5,7.6,38.0,39.4,40.4,45.1,43.7,44.6,20.4,20.0,19.1,17.2,18.1,18.6,41.6,40.6,40.5,37.8,38.2,36.9,15.2,9.9,6.5,6.2,3.7,3.1,1.54,1.57,1.6,1.61,1.62,1.62,30.9,31.3,31.4,31.2,31.2,31.2,14.5,14.4,16.6,18.0,18.0,17.7,29,MB300-0779,5.3951489076284425,,,,,,,,,3159.2968552502293,False,,,,,,,,,,,,,,,,,,9046.671056781632,False,True,0.0,Very Low,No Mining History (Barren Country Rock Control),Bharveli West Footwall Baseline,4371.2,GRID_BHARVELI_COMB_20_03,96.28990626654277,REAL
MASTER_31_04,31,4,21.889886,80.203772,5023.894531,331.92746,0,911,0.09,0.09548,0.12613,0.15117,0.288921,0.344511,0.27524,0.084601,0.113298,0.100988,0.298614,0.265189,0.184793,0.225754,0.033442,0.256833,0.041966,0.32077,-0.394023,-0.465244,0.120496,0.790861,1.199461,1.568344,9.883838,0.497392,-0.446106,-0.395811,-0.033794,0.674027,0.905239,1.165333,8.853912,0.176622,-0.052083,0.069433,-0.15429,-0.116834,-0.294222,-0.403011,0.03108,0.008525,-0.984288,0.009694,-0.079322,0.54296,0.6468,0.342629,0.150384,1,sparse_vegetation,grade_B_blast_furnace_25to44,25-44% Mn (BF + Medium grade),0.315,36.67,1625.07,1432.68,104.75,293.23,736.99,4.46,6,0.2525,0.5004,0.1417,0.126,30.03,48.93,0.434,GRID_300M_31_04,148.23549592642192,7.4,7.4,7.5,7.5,7.6,7.6,37.7,38.9,40.2,45.2,43.8,44.6,20.8,20.3,19.1,17.1,18.0,18.4,41.6,40.8,40.6,37.7,38.1,37.0,15.4,10.1,6.7,6.2,3.7,3.2,1.55,1.57,1.61,1.61,1.62,1.62,30.6,31.1,31.1,31.0,30.9,30.9,14.6,14.7,16.8,18.3,18.3,18.0,29,MB300-0780,3.2691374420854356,,,,,,,,,3068.8674894264886,False,,,,,,,,,,,,,,,,,,9051.552360569061,False,True,0.0,Very Low,Unmined Exploratory Target (Core Borehole Intercept),Manegaon Northern Strike Extension,4382.7,GRID_BHARVELI_COMB_20_04,103.94418946022549,REAL
MASTER_31_05,31,5,21.889909,80.206692,4891.869141,335.051971,0,887,0.09,0.108766,0.145029,0.183456,0.306508,0.397614,0.327705,0.078747,0.100622,0.088321,0.235853,0.200158,0.142045,0.147209,0.037977,0.220351,0.033095,0.2544,-0.357971,-0.466958,0.16534,0.825675,1.304707,1.681142,8.712657,0.465027,-0.392183,-0.25569,-0.091926,0.646525,0.801477,1.076931,10.64722,0.210627,-0.034212,0.211268,-0.257267,-0.17915,-0.503229,-0.604211,0.073143,-0.004882,1.917243,-0.070655,-0.197457,0.573396,0.6422,0.426729,0.313416,1,sparse_vegetation,grade_B_blast_furnace_25to44,25-44% Mn (BF + Medium grade),0.217,36.67,1625.07,1432.68,104.75,293.23,736.99,4.46,6,0.2525,0.5004,0.1417,0.126,30.03,48.93,0.434,GRID_300M_31_05,150.98472310035683,7.4,7.4,7.4,7.4,7.5,7.5,38.8,39.7,41.4,46.0,44.7,45.2,21.3,20.8,19.5,17.1,18.1,18.6,39.9,39.5,39.1,36.9,37.1,36.2,16.2,10.7,7.1,6.4,3.9,3.3,1.54,1.56,1.59,1.61,1.62,1.62,30.9,31.4,31.3,31.2,31.2,31.0,15.0,15.5,17.8,19.2,19.1,18.5,29,MB300-0781,3.146202415487448,,,,,,,,,3000.4962265780396,False,,,,,,,,,,,,,,,,,,9052.238121759096,False,True,0.0,Very Low,Unmined Exploratory Target (Core Borehole Intercept),Manegaon Northern Strike Extension,4090.3,GRID_BHARVELI_COMB_20_05,106.71560016168407,REAL
MASTER_31_06,31,6,21.889907,80.209612,4772.60791,338.326996,0,897,0.09,0.110203,0.152542,0.191208,0.319503,0.410478,0.327209,0.178419,0.193792,0.169331,0.315722,0.246838,0.170593,0.088781,0.019008,0.144887,0.027676,0.257394,-0.356133,-0.459966,0.164736,0.7943,1.287173,1.724003,6.983393,0.347727,-0.267807,-0.112608,-0.116037,0.656559,0.738324,0.941772,8.659473,0.090333,0.088326,0.347359,-0.280774,-0.137741,-0.54885,-0.782231,0.056107,0.008668,1.664085,-0.003781,-0.163639,0.58413,0.6508,0.497606,0.331104,1,sparse_vegetation,grade_B_blast_furnace_25to44,25-44% Mn (BF + Medium grade),0.202,36.27,1625.07,1432.68,104.75,293.23,736.99,4.46,6,0.2525,0.5004,0.1417,0.126,30.03,48.93,0.434,GRID_300M_31_06,151.0099117755511,7.3,7.3,7.3,7.4,7.4,7.4,39.2,40.0,42.1,46.9,45.5,45.9,21.5,20.9,19.7,17.5,18.6,19.2,39.3,39.1,38.2,35.7,35.9,34.9,17.0,11.2,7.4,6.4,3.9,3.4,1.53,1.55,1.59,1.6,1.61,1.61,31.0,31.5,31.5,31.4,31.3,31.2,15.7,16.5,18.9,19.5,19.2,18.8,29,MB300-0782,1.422163894190773,,,,,,,,,2958.6578829078912,False,,,,,,,,,,,,,,,,,,9055.358713229876,False,True,0.0,Very Low,Unmined Exploratory Target (Core Borehole Intercept),Manegaon Northern Strike Extension,3799.0,GRID_BHARVELI_COMB_20_06,106.8435197544769,REAL
MASTER_31_07,31,7,21.889907,80.212532,4669.929199,341.759308,0,898,0.09,0.094167,0.128313,0.150132,0.286378,0.326253,0.250634,0.092541,0.120305,0.098168,0.307245,0.242046,0.148782,0.113737,0.026268,0.1987,0.04279,0.321235,-0.38302,-0.43752,0.103829,0.759843,1.151608,1.575189,5.957901,0.515673,-0.434993,-0.334333,-0.084395,0.60821,0.798347,1.056179,6.50055,0.194438,-0.051972,0.103187,-0.188224,-0.151632,-0.353261,-0.51901,0.084963,0.016523,0.567519,0.020867,-0.084207,0.544749,0.6482,0.371163,0.290646,1,sparse_vegetation,grade_B_blast_furnace_25to44,25-44% Mn (BF + Medium grade),0.197,36.27,1625.07,1432.68,104.75,293.23,736.99,4.46,6,0.2525,0.5004,0.1417,0.126,30.03,48.93,0.434,GRID_300M_31_07,151.24185813393566,7.3,7.3,7.3,7.4,7.4,7.4,39.4,40.2,42.3,47.2,45.8,46.3,21.3,20.7,19.6,17.5,18.7,19.3,39.4,39.1,38.1,35.3,35.5,34.4,17.2,11.4,7.5,6.4,3.9,3.3,1.53,1.55,1.59,1.6,1.61,1.61,31.1,31.6,31.6,31.5,31.4,31.3,15.8,16.2,18.6,18.9,18.5,18.3,29,MB300-0783,2.489713465532197,,,,,,,,,2947.4896717310944,False,,,,,,,,,,,,,,,,,,9068.743361832252,False,True,0.0,Very Low,Unmined Exploratory Target (Core Borehole Intercept),Manegaon Northern Strike Extension,3509.2,GRID_BHARVELI_COMB_20_07,107.16890494729988,REAL
MASTER_31_08,31,8,21.88991,80.215443,4585.201172,345.321533,0,893,0.09,0.096517,0.132438,0.159965,0.306638,0.335279,0.260565,0.08992,0.114763,0.102277,0.279662,0.239378,0.155814,0.149162,0.029359,0.228998,0.044607,0.32331,-0.398037,-0.436383,0.096745,0.771347,1.10378,1.638826,7.349052,0.465901,-0.415758,-0.349508,-0.045224,0.642394,0.861751,1.131545,7.621206,0.142591,-0.017721,0.086875,-0.141969,-0.128953,-0.242029,-0.507281,0.079836,0.015248,0.277735,-0.026976,-0.095901,0.548663,0.6614,0.356174,0.258679,1,sparse_vegetation,grade_B_blast_furnace_25to44,25-44% Mn (BF + Medium grade),0.336,36.27,1625.07,1432.68,104.75,293.23,736.99,4.46,6,0.2525,0.5004,0.1417,0.126,30.03,48.93,0.434,GRID_300M_31_08,151.63309127230235,7.2,7.3,7.3,7.3,7.3,7.4,39.3,40.0,42.3,47.1,45.8,46.2,21.2,20.6,19.4,17.5,18.6,19.2,39.6,39.4,38.2,35.4,35.6,34.6,16.3,11.7,7.6,6.5,3.9,3.3,1.53,1.55,1.59,1.6,1.61,1.61,30.3,30.6,30.8,30.6,30.6,30.4,15.8,16.3,19.3,19.6,19.2,19.1,29,MB300-0784,3.5147482431939467,,,,,,,,,2946.2755584034726,False,,,,,,,,,,,,,,,,,,9092.370214097047,False,True,0.0,Very Low,Unmined Exploratory Target (Core Borehole Intercept),Manegaon Northern Strike Extension,3221.2,GRID_BHARVELI_COMB_20_08,107.57883078800167,REAL
MASTER_31_09,31,9,21.889901,80.218324,4518.146484,348.962402,0,873,0.09,0.095291,0.127501,0.151976,0.269642,0.318375,0.252692,0.088057,0.10581,0.081747,0.269846,0.187581,0.108699,0.138091,0.025554,0.237253,0.045299,0.295299,-0.363381,-0.434329,0.115785,0.782217,1.191519,1.563905,8.329409,0.537839,-0.434588,-0.271636,-0.151021,0.568783,0.694443,0.916175,7.975381,0.24254,-0.071208,0.162693,-0.266806,-0.213435,-0.497076,-0.647731,0.099161,0.019745,-0.296635,0.000204,-0.130794,0.546074,0.632,0.41315,0.310424,1,built_up,grade_B_blast_furnace_25to44,25-44% Mn (BF + Medium grade),0.42,37.24,1625.07,1432.68,104.75,293.23,736.99,4.46,6,0.2525,0.5004,0.1417,0.126,30.03,48.93,0.434,GRID_300M_31_09,150.09093134004695,7.2,7.2,7.2,7.3,7.3,7.4,39.2,40.0,42.7,47.2,45.8,46.1,20.9,20.2,18.9,17.3,18.4,19.0,40.0,39.8,38.4,35.6,35.8,34.8,17.2,12.5,7.6,6.6,4.0,3.3,1.52,1.53,1.57,1.59,1.61,1.61,30.4,30.6,30.7,30.5,30.4,30.3,16.0,16.5,20.1,20.1,19.8,20.0,29,MB300-0785,4.091876146061961,,,,,,,,,2943.6837077764776,False,,,,,,,,,,,,,,,,,,9124.137366926807,False,True,0.0,Very Low,Unmined Exploratory Target (Core Borehole Intercept),Manegaon Northern Strike Extension,2935.7,GRID_BHARVELI_COMB_20_09,105.80233488880137,REAL
MASTER_31_10,31,10,21.889937,80.221202,4474.844238,352.701599,0,910,0.09,0.063192,0.08724,0.08531,0.265803,0.265221,0.175134,0.085592,0.105161,0.073874,0.341436,0.2145,0.108628,0.178276,0.048237,0.296963,0.060794,0.515499,-0.504845,-0.504005,0.028069,0.656129,1.006916,1.335097,4.905254,0.652427,-0.534808,-0.351295,-0.196858,0.502603,0.629118,0.856147,6.646618,0.136928,-0.029964,0.15271,-0.224927,-0.153526,-0.377798,-0.47895,0.118687,0.012557,1.746261,0.075633,-0.050721,0.484403,0.5983,0.384401,0.003297,0,dense_vegetation,grade_B_blast_furnace_25to44,25-44% Mn (BF + Medium grade),0.611,34.99,1625.07,1432.68,104.75,293.23,736.99,4.46,6,0.2525,0.5004,0.1417,0.126,30.03,48.93,0.434,GRID_300M_32_10,151.38874278352762,6.6,6.5,6.6,6.7,6.8,6.9,38.4,39.5,41.7,46.4,45.3,45.9,20.2,19.4,18.4,16.8,17.8,18.6,41.5,41.1,39.9,36.9,36.9,35.5,21.8,16.8,8.4,6.6,4.4,3.7,1.5,1.52,1.55,1.56,1.57,1.58,29.4,29.7,29.8,29.8,29.6,29.6,16.2,16.4,20.4,21.2,21.5,22.5,29,MB300-0786,2.426464760142875,,,,,,,,,2946.2099071370503,False,,,,,,,,,,,,,,,,,,9170.36463793537,False,True,0.0,Very Low,Unmined Exploratory Target (Core Borehole Intercept),Manegaon Northern Strike Extension,2653.3,GRID_BHARVELI_COMB_20_10,108.87380896212849,REAL
MASTER_31_11,31,11,21.889998,80.224098,4453.573242,356.522186,0,901,0.09,0.060136,0.0842,0.076031,0.268462,0.24046,0.148078,0.05815,0.078672,0.046632,0.326881,0.179912,0.081171,0.219022,0.051994,0.323501,0.062669,0.557308,-0.52105,-0.479615,-0.020449,0.613066,0.904623,1.258838,5.546794,0.746502,-0.60701,-0.382611,-0.261445,0.44986,0.548225,0.799832,7.069414,0.189194,-0.08596,0.097005,-0.240997,-0.163206,-0.356399,-0.459006,0.104479,0.010675,1.515199,0.058418,-0.060549,0.463114,0.5668,0.366262,0.0,0,dense_vegetation,non_ore,Background,0.602,34.99,1625.07,1432.68,104.75,293.23,736.99,4.46,6,0.2525,0.5004,0.1417,0.126,30.03,48.93,0.434,GRID_300M_32_11,144.46871076909042,6.2,6.2,6.2,6.3,6.4,6.4,38.2,39.5,41.6,45.8,44.7,45.3,20.4,19.6,18.8,16.9,18.1,18.8,41.4,40.9,39.7,37.3,37.2,35.9,25.2,20.1,9.0,6.5,5.7,5.1,1.47,1.49,1.52,1.55,1.55,1.56,29.3,29.8,29.8,29.8,29.7,29.6,19.3,19.7,21.6,25.2,26.6,27.5,29,MB300-0787,4.551010934666164,,,,,,,,,2951.4311669820245,False,,,,,,,,,,,,,,,,,,9229.035831924151,False,True,0.0,Low,Unmined Exploratory Target (Core Borehole Intercept),Manegaon Northern Strike Extension,2375.3,GRID_BHARVELI_COMB_20_11,115.22103774712133,REAL
MASTER_31_12,31,12,21.889999,80.227016,4445.495605,0.39333,0,900,0.09,0.060939,0.086209,0.079454,0.274104,0.249749,0.153548,0.099916,0.117002,0.088127,0.34545,0.22094,0.117511,0.218616,0.052556,0.339299,0.063316,0.549469,-0.520118,-0.485391,-0.01063,0.612051,0.920343,1.297621,5.615585,0.621176,-0.514733,-0.334679,-0.192322,0.518543,0.635255,0.868934,7.190887,0.071707,0.005385,0.150712,-0.181692,-0.093508,-0.285088,-0.428687,0.120683,0.01076,1.585896,0.071345,-0.028809,0.472252,0.5755,0.381073,0.0,0,dense_vegetation,non_ore,Background,0.6,33.82,1625.07,1432.68,104.75,293.23,736.99,4.46,6,0.2525,0.5004,0.1417,0.126,30.03,48.93,0.434,GRID_300M_32_12,144.53785401190297,6.2,6.2,6.2,6.4,6.4,6.4,37.9,39.0,41.6,45.3,44.3,44.7,20.7,20.0,19.1,17.3,18.7,19.4,41.4,41.0,39.3,37.4,37.0,35.9,26.6,20.9,8.9,6.3,4.3,3.7,1.46,1.48,1.5,1.54,1.56,1.56,29.4,29.9,30.0,30.0,29.9,29.8,20.0,20.8,22.0,25.5,26.7,27.6,29,MB300-0788,2.6461691068407993,,,,,,,,,2950.0037412769866,False,,,,,,,,,,,,,,,,,,9290.962738464847,False,True,0.0,Low,Unmined Exploratory Target (Core Borehole Intercept),Manegaon Northern Strike Extension,2103.4,GRID_BHARVELI_COMB_20_12,115.52840201865345,REAL
MASTER_31_13,31,13,21.889999,80.229931,4457.697754,4.256458,0,899,0.09,0.069127,0.098709,0.098397,0.284739,0.282153,0.180653,0.062134,0.085964,0.057099,0.332849,0.215509,0.105095,0.170105,0.041683,0.251069,0.054722,0.486698,-0.484451,-0.481364,0.035005,0.63871,0.997436,1.417108,5.699417,0.706813,-0.58888,-0.430628,-0.183781,0.485692,0.651107,0.913447,6.413155,0.220115,-0.10443,0.050736,-0.218786,-0.153018,-0.346328,-0.503661,0.080964,0.013039,0.705775,0.04811,-0.066644,0.504126,0.6076,0.340076,0.0,0,sparse_vegetation,non_ore,Background,0.578,33.82,1625.07,1432.68,104.75,293.23,736.99,4.46,6,0.2525,0.5004,0.1417,0.126,30.03,48.93,0.434,GRID_300M_32_13,144.66730909838347,6.2,6.2,6.3,6.4,6.4,6.5,38.5,39.4,41.8,44.1,43.4,43.8,21.2,20.8,19.9,18.6,19.8,20.4,40.3,39.8,38.3,37.3,36.7,35.8,27.7,22.1,9.2,6.5,4.2,3.6,1.46,1.47,1.49,1.54,1.56,1.56,29.5,30.2,30.3,30.2,30.2,29.9,20.3,20.5,21.8,25.6,26.5,27.4,29,MB300-0789,0.7860601165113535,,,,,,,,,2948.572994832752,False,,,,,,,,,,,,,,,,,,9341.890634237932,False,True,0.0,Low,Unmined Exploratory Target (Core Borehole Intercept),Manegaon Northern Strike Extension,1840.1,GRID_BHARVELI_COMB_20_13,115.68773886059923,REAL
MASTER_31_14,31,14,21.890001,80.23285,4490.289551,8.084718,0,898,0.09,0.080821,0.104385,0.112508,0.243938,0.27255,0.201661,0.067002,0.089772,0.053699,0.378431,0.216173,0.097509,0.119636,0.029884,0.161908,0.037529,0.365576,-0.397221,-0.446199,0.085209,0.739206,1.132479,1.390493,5.688404,0.75098,-0.616249,-0.413468,-0.244748,0.450832,0.573021,0.80259,6.492795,0.385404,-0.219029,0.032731,-0.329957,-0.288373,-0.559458,-0.587903,0.042271,0.007646,0.795014,0.134493,-0.056377,0.512265,0.5766,0.357949,0.05902,0,sparse_vegetation,grade_B_blast_furnace_25to44,25-44% Mn (BF + Medium grade),0.578,33.82,1625.07,1432.68,104.75,293.23,736.99,4.46,6,0.2525,0.5004,0.1417,0.126,30.03,48.93,0.434,GRID_300M_32_14,144.6591782508456,6.2,6.2,6.2,6.3,6.4,6.5,39.1,39.8,41.9,44.4,43.9,44.2,22.5,22.3,21.6,20.0,21.2,21.6,38.4,37.9,36.5,35.6,34.9,34.2,31.6,24.5,10.7,7.3,4.6,3.6,1.44,1.46,1.48,1.53,1.54,1.55,30.1,30.9,31.0,30.7,30.5,30.3,20.8,21.4,23.2,25.7,27.1,28.2,29,MB300-0790,1.5134985678769999,,,,,,,,,2947.258382330348,False,,,,,,,,,,,,,,,,,,9337.401730260617,False,True,0.0,Low,Unmined Exploratory Target (Core Borehole Intercept),Manegaon Northern Strike Extension,1590.0,GRID_BHARVELI_COMB_20_14,116.13940179361457,REAL
MASTER_31_15,31,15,21.889996,80.235766,4541.807617,11.841037,0,898,0.09,0.088001,0.111968,0.120197,0.24727,0.26912,0.203212,0.074476,0.095521,0.05755,0.384175,0.221476,0.101949,0.102926,0.027885,0.139063,0.035956,0.341558,-0.37296,-0.41207,0.075512,0.754123,1.10562,1.364991,5.621168,0.738201,-0.600217,-0.395273,-0.243521,0.459997,0.577114,0.773206,6.155514,0.396643,-0.227257,0.016798,-0.319032,-0.294126,-0.528506,-0.591785,0.036137,0.008071,0.545532,0.136905,-0.047645,0.506462,0.5629,0.35697,0.115813,1,sparse_vegetation,grade_B_blast_furnace_25to44,25-44% Mn (BF + Medium grade),0.444,33.82,1625.07,1432.68,104.75,293.23,736.99,4.46,6,0.2525,0.5004,0.1417,0.126,30.03,48.93,0.434,GRID_300M_32_15,145.34387054612898,6.4,6.4,6.4,6.4,6.5,6.6,43.3,44.4,44.7,47.0,45.7,45.8,22.9,22.5,22.5,21.0,22.1,22.7,33.8,33.1,32.8,32.0,32.2,31.5,31.2,22.8,12.1,8.0,4.4,3.8,1.42,1.45,1.47,1.51,1.51,1.51,32.6,33.5,33.4,32.9,32.9,33.4,22.1,23.2,24.8,26.9,26.7,28.3,16,MB300-0791,3.786542460308112,,,,,,,,,2945.2737815003707,False,,,,,,,,,,,,,,,,,,9338.053377640857,False,True,0.0,Low,Unmined Exploratory Target (Core Borehole Intercept),Manegaon Northern Strike Extension,1360.2,GRID_BHARVELI_COMB_20_15,115.79284796884284,REAL
MASTER_31_16,31,16,21.88999,80.238672,4611.819824,15.485629,0,889,0.09,0.080509,0.103485,0.106454,0.247899,0.25197,0.184572,0.068921,0.08948,0.054475,0.380392,0.223347,0.102767,0.185622,0.047044,0.277182,0.072933,0.388676,-0.402615,-0.417707,0.04692,0.731408,1.050872,1.319395,5.415257,0.749633,-0.619282,-0.428954,-0.235355,0.46018,0.588596,0.791682,5.657852,0.360957,-0.216667,-0.011247,-0.282275,-0.271229,-0.462276,-0.527713,0.09156,0.025889,0.245431,0.132493,-0.028624,0.490496,0.5787,0.336322,0.087739,0,sparse_vegetation,grade_B_blast_furnace_25to44,25-44% Mn (BF + Medium grade),0.487,33.2,1625.07,1432.68,104.75,293.23,736.99,4.46,6,0.2525,0.5004,0.1417,0.126,30.03,48.93,0.434,GRID_300M_32_16,145.95960592664792,6.7,6.7,6.7,6.8,6.9,6.9,43.1,44.1,44.3,46.6,45.9,45.9,23.4,23.0,23.1,21.8,22.5,23.2,33.5,32.9,32.7,31.5,31.6,30.9,31.4,22.1,12.2,8.2,4.7,4.1,1.4,1.44,1.46,1.49,1.51,1.51,32.3,33.1,33.1,32.6,32.4,32.7,23.1,24.0,25.7,27.3,26.9,28.3,16,MB300-0792,5.55318457166293,,,,,,,,,2943.052077960881,False,,,,,,,,,,,,,,,,,,9336.945607501146,False,True,0.0,Medium,Unmined Exploratory Target (Core Borehole Intercept),Manegaon Northern Strike Extension,1162.8,GRID_BHARVELI_COMB_20_16,115.07026906004977,REAL
MASTER_31_17,31,17,21.890064,80.241531,4706.827148,18.916067,0,896,0.09,0.082852,0.103683,0.116591,0.219912,0.255082,0.200417,0.076303,0.094915,0.063342,0.328488,0.201842,0.099946,0.285856,0.071713,0.476881,0.092971,0.300592,-0.352893,-0.422484,0.103317,0.783893,1.189917,1.403508,5.064344,0.682608,-0.553374,-0.358938,-0.215885,0.488197,0.60851,0.814655,6.894813,0.382016,-0.200481,0.063546,-0.319203,-0.295696,-0.581407,-0.588854,0.191025,0.021258,1.830426,0.108575,-0.05324,0.519874,0.5907,0.376937,0.313616,1,sparse_vegetation,grade_B_blast_furnace_25to44,25-44% Mn (BF + Medium grade),0.428,33.2,1625.07,1432.68,104.75,293.23,736.99,4.46,6,0.2525,0.5004,0.1417,0.126,30.03,48.93,0.434,GRID_300M_32_17,136.94822989588496,6.7,6.7,6.7,6.8,6.9,6.9,44.3,45.2,45.8,48.3,47.3,47.5,22.7,22.3,22.1,20.8,21.5,22.4,33.0,32.6,32.2,30.9,31.2,30.1,32.3,23.4,12.4,8.5,6.1,5.3,1.4,1.43,1.45,1.5,1.5,1.5,34.3,35.0,34.7,34.1,34.2,34.6,25.5,26.8,28.6,29.8,28.8,30.3,16,MB300-0793,2.5976892621177496,,,,,,,,,2949.778456219974,False,,,,,,,,,,,,,,,,,,9345.210128910778,False,True,0.0,Medium,Unmined Exploratory Target (Core Borehole Intercept),Manegaon Northern Strike Extension,1016.9,GRID_BHARVELI_COMB_20_17,122.0605910160066,REAL
MASTER_31_18,31,18,21.890091,80.244419,4814.295898,22.256763,0,900,0.09,0.08765,0.109112,0.126735,0.21341,0.263148,0.211295,0.098697,0.11952,0.084256,0.392278,0.25113,0.13171,0.346906,0.086048,0.717184,0.162339,0.253891,-0.321979,-0.414401,0.128783,0.802193,1.244815,1.445042,4.913477,0.674707,-0.55377,-0.384123,-0.198931,0.510964,0.636507,0.831314,6.299724,0.420816,-0.231791,0.030278,-0.327714,-0.291228,-0.608307,-0.613728,0.370278,0.076291,1.383844,0.178868,-0.012018,0.535346,0.589,0.364665,0.458889,1,sparse_vegetation,grade_B_blast_furnace_25to44,25-44% Mn (BF + Medium grade),0.463,33.2,1625.07,1432.68,104.75,293.23,736.99,4.46,6,0.2525,0.5004,0.1417,0.126,30.03,48.93,0.434,GRID_300M_32_18,133.64894301500735,6.6,6.6,6.6,6.7,6.8,6.9,44.4,45.4,46.0,48.6,47.6,47.9,22.6,22.2,22.0,20.6,21.3,22.2,32.9,32.4,32.1,30.8,31.0,29.9,33.4,25.2,12.8,8.7,5.8,4.9,1.39,1.43,1.45,1.49,1.5,1.49,34.2,35.0,34.5,33.9,34.0,34.4,26.2,28.3,29.9,31.1,30.4,31.7,16,MB300-0794,4.860174409058465,,,,,,,,,2971.632896515285,False,,,,,,,,,,,,,,,,,,9348.231866968432,False,True,0.0,Medium,Unmined Exploratory Target (Core Borehole Intercept),Manegaon Northern Strike Extension,946.6,GRID_BHARVELI_COMB_20_18,124.64771420101553,REAL
MASTER_31_19,31,19,21.890088,80.247336,4935.706055,25.488054,0,900,0.09,0.082626,0.101452,0.121427,0.195507,0.258045,0.210051,0.057875,0.082719,0.047281,0.358132,0.217768,0.1012,0.490524,0.126392,1.115437,0.210311,0.232549,-0.314864,-0.435054,0.154037,0.814625,1.327314,1.470661,5.129729,0.766241,-0.624413,-0.449441,-0.221342,0.464324,0.609159,0.817329,6.673894,0.533692,-0.309549,-0.014387,-0.37538,-0.350301,-0.718155,-0.653332,0.624914,0.083919,1.544592,0.162625,-0.040277,0.546893,0.6258,0.345851,0.58,1,sparse_vegetation,grade_B_blast_furnace_25to44,25-44% Mn (BF + Medium grade),0.32,33.29,1625.07,1432.68,104.75,293.23,736.99,4.46,6,0.2525,0.5004,0.1417,0.126,30.03,48.93,0.434,GRID_300M_32_19,134.10946915923702,6.2,6.2,6.3,6.4,6.5,6.6,44.0,44.9,45.5,48.3,47.2,47.4,22.7,22.3,22.1,20.6,21.3,22.2,33.3,32.8,32.5,31.2,31.5,30.4,33.8,24.5,13.1,9.1,5.6,4.8,1.4,1.45,1.46,1.5,1.5,1.49,33.9,34.6,34.3,33.7,33.8,34.1,26.7,28.3,29.9,30.7,29.5,30.6,16,MB300-0795,2.6507082707159286,,,,,,,,,3020.296637783337,False,,,,,,,,,,,,,,,,,,9348.453949335906,False,True,0.0,Medium,Unmined Exploratory Target (Core Borehole Intercept),Manegaon Northern Strike Extension,968.5,GRID_BHARVELI_COMB_20_19,124.47224632223771,REAL
MASTER_31_20,31,20,21.890088,80.250253,5072.264648,28.553961,0,900,0.09,0.075806,0.097859,0.119673,0.221702,0.282781,0.215469,0.055359,0.074507,0.044228,0.303599,0.179263,0.082273,0.311947,0.077682,0.659902,0.1567,0.291345,-0.379082,-0.484257,0.150701,0.764362,1.304819,1.577214,5.452415,0.733587,-0.593059,-0.387468,-0.237847,0.45541,0.581752,0.797239,6.226589,0.442242,-0.213978,0.096789,-0.388548,-0.308952,-0.723068,-0.779975,0.347955,0.079018,0.773245,0.081897,-0.103518,0.561868,0.6419,0.389141,0.395556,1,sparse_vegetation,grade_B_blast_furnace_25to44,25-44% Mn (BF + Medium grade),0.227,33.29,1625.07,1432.68,104.75,293.23,736.99,4.46,6,0.2525,0.5004,0.1417,0.126,30.03,48.93,0.434,GRID_300M_32_20,134.26233937813328,6.2,6.2,6.3,6.3,6.5,6.5,43.2,43.4,43.9,46.9,46.3,46.2,23.1,23.0,22.8,21.1,21.6,22.5,33.7,33.7,33.3,32.0,32.1,31.2,30.7,23.7,12.7,8.9,5.7,5.0,1.41,1.45,1.46,1.49,1.49,1.48,33.2,33.8,33.6,33.1,33.1,33.2,26.7,28.7,29.7,31.0,30.0,31.7,16,MB300-0796,0.6587014533344829,,,,,,,,,3097.9714680183306,False,,,,,,,,,,,,,,,,,,9345.441246703856,False,True,0.0,Medium,Unmined Exploratory Target (Core Borehole Intercept),Manegaon Northern Strike Extension,1077.0,GRID_BHARVELI_COMB_20_20,124.61487978664324,REAL
MASTER_31_21,31,21,21.89009,80.253169,5222.739746,31.449324,0,900,0.09,0.062157,0.090318,0.083826,0.251596,0.245618,0.174177,0.071598,0.085238,0.057079,0.305289,0.190365,0.09022,0.194185,0.049979,0.394294,0.070458,0.492597,-0.465053,-0.4602,0.023514,0.703959,1.010225,1.336025,5.096236,0.690086,-0.567032,-0.386181,-0.209656,0.471401,0.622679,0.800355,7.151035,0.197489,-0.101978,0.074019,-0.233169,-0.232558,-0.387546,-0.53567,0.200109,0.020479,2.054686,0.053693,-0.055253,0.478029,0.5962,0.358823,0.047778,0,dense_vegetation,grade_D_manganiferous_sub25,< 25% Mn (Manganiferous/ROM dilution),0.52,33.49,1625.07,1432.68,104.75,293.23,736.99,4.46,6,0.2525,0.5004,0.1417,0.126,30.03,48.93,0.434,GRID_300M_32_21,134.18423078985492,6.3,6.3,6.4,6.5,6.5,6.6,41.4,41.4,42.5,45.2,45.1,45.0,22.7,22.6,22.4,21.2,21.7,22.6,35.9,36.0,35.1,33.5,33.2,32.5,29.1,22.2,13.3,8.6,6.4,5.2,1.38,1.42,1.43,1.47,1.48,1.48,32.0,32.4,32.3,32.1,32.1,32.2,24.9,26.3,27.4,29.2,29.8,31.5,16,MB300-0797,1.1781691598684032,,,,,,,,,3202.404519995396,False,,,,,,,,,,,,,,,,,,9341.73696007517,False,True,0.0,Low,Unmined Exploratory Target (Core Borehole Intercept),Manegaon Northern Strike Extension,1249.8,GRID_BHARVELI_COMB_20_21,124.96299639029286,REAL
MASTER_31_22,31,22,21.89009,80.256086,5385.593262,34.177826,0,900,0.09,0.058885,0.087792,0.075979,0.261926,0.23946,0.163153,0.070607,0.080023,0.057113,0.246653,0.151793,0.073743,0.201478,0.04461,0.350813,0.063527,0.546914,-0.495353,-0.462978,-0.007816,0.681019,0.925892,1.287813,5.941701,0.626185,-0.508142,-0.301555,-0.212885,0.481043,0.608772,0.796945,7.9947,0.079271,-0.012789,0.161423,-0.205069,-0.199976,-0.31712,-0.490868,0.149334,0.018917,2.061068,-0.015274,-0.087668,0.459496,0.5659,0.395546,0.001111,0,dense_vegetation,grade_D_manganiferous_sub25,< 25% Mn (Manganiferous/ROM dilution),0.544,33.49,1625.07,1432.68,104.75,293.23,736.99,4.46,6,0.2525,0.5004,0.1417,0.126,30.03,48.93,0.434,GRID_300M_32_22,134.34917402611208,6.3,6.2,6.3,6.4,6.5,6.6,40.5,40.2,41.7,44.5,44.3,44.2,22.3,22.4,22.1,21.1,21.6,22.4,37.1,37.3,36.2,34.4,34.1,33.4,27.7,21.3,12.6,8.2,6.3,5.0,1.37,1.41,1.42,1.48,1.49,1.49,31.3,31.8,31.8,31.8,31.8,31.8,23.8,24.1,25.2,27.0,28.5,29.9,16,MB300-0798,3.138735860688333,,,,,,,,,3330.7529812997627,False,,,,,,,,,,,,,,,,,,9343.504923942428,False,True,0.0,Low,Unmined Exploratory Target (Core Borehole Intercept),Manegaon Northern Strike Extension,1464.2,GRID_BHARVELI_COMB_20_22,125.13471987841669,REAL
MASTER_31_23,31,23,21.890094,80.259006,5560.531738,36.74049,0,902,0.09,0.057032,0.089171,0.069272,0.287724,0.227468,0.146454,0.107822,0.11595,0.090501,0.315989,0.212112,0.111528,0.218365,0.047697,0.375,0.073299,0.609783,-0.525215,-0.436227,-0.074715,0.642239,0.79815,1.212056,6.251568,0.570714,-0.475137,-0.308051,-0.173166,0.517812,0.668454,0.83015,6.938564,-0.039069,0.050078,0.128176,-0.098451,-0.124427,-0.129696,-0.381906,0.156635,0.025602,0.701092,0.028265,-0.015356,0.430162,0.5362,0.369096,0.0,0,dense_vegetation,non_ore,Background,0.679,33.49,1625.07,1432.68,104.75,293.23,736.99,4.46,6,0.2525,0.5004,0.1417,0.126,30.03,48.93,0.434,GRID_300M_32_23,134.12198654325124,6.2,6.2,6.3,6.4,6.4,6.5,40.0,39.9,41.5,44.1,43.8,43.8,21.9,21.9,21.3,20.4,20.9,21.6,38.1,38.2,37.1,35.6,35.3,34.6,27.3,22.4,11.5,8.4,6.8,5.6,1.39,1.43,1.45,1.49,1.5,1.49,30.9,31.5,31.5,31.4,31.4,31.4,21.7,21.8,23.4,24.5,25.7,27.0,29,MB300-0799,4.998636972805645,,,,,,,,,3481.0748581385938,False,,,,,,,,,,,,,,,,,,9343.508898341675,False,True,0.0,Low,Unmined Exploratory Target (Core Borehole Intercept),Manegaon Northern Strike Extension,1704.7,GRID_BHARVELI_COMB_20_23,125.79023804071566,REAL
MASTER_31_24,31,24,21.890151,80.261667,5733.680176,38.898521,0,765,0.09,0.061846,0.09099,0.084756,0.29755,0.271133,0.175519,0.069488,0.082631,0.059572,0.29476,0.203391,0.101612,0.175817,0.043246,0.330118,0.068546,0.55762,-0.530569,-0.493442,-0.01035,0.642442,0.919283,1.355212,5.367665,0.661193,-0.557737,-0.410987,-0.16737,0.491611,0.687323,0.85031,7.059836,0.103573,-0.027167,0.082455,-0.15702,-0.150832,-0.23196,-0.504902,0.154301,0.025299,1.691854,-0.00279,-0.067742,0.47379,0.6031,0.342462,0.0,0,dense_vegetation,non_ore,Background,0.633,33.49,1625.07,1432.68,104.75,293.23,736.99,4.46,6,0.2525,0.5004,0.1417,0.126,30.03,48.93,0.434,GRID_300M_32_24,125.3463625841371,6.2,6.2,6.3,6.4,6.4,6.5,39.2,39.6,41.7,44.3,43.8,44.0,21.3,21.0,20.4,19.5,20.2,21.0,39.5,39.4,37.9,36.2,35.9,35.0,27.1,21.0,11.7,8.0,7.4,6.8,1.38,1.42,1.43,1.48,1.49,1.49,29.8,30.7,30.6,30.7,30.8,30.6,19.5,20.3,22.4,23.5,23.7,25.5,29,MB300-0800,21.539738828968357,,,,,,,,,3639.324739107031,False,,,,,,,,,,,,,,,,,,9349.567919031748,False,True,0.0,Low,Unmined Exploratory Target (Core Borehole Intercept),Manegaon Northern Strike Extension,1961.6,GRID_BHARVELI_COMB_20_24,129.69043412167798,REAL
MASTER_32_00,32,0,21.892504,80.192712,5881.029785,323.433441,0,549,0.09,0.121647,0.164243,0.213842,0.314614,0.423677,0.354421,0.075373,0.103426,0.079731,0.295678,0.215933,0.132424,0.161104,0.024143,0.218862,0.038874,0.198192,-0.318113,-0.444897,0.185476,0.834669,1.35,1.746232,11.041466,0.571908,-0.476411,-0.339914,-0.120444,0.595576,0.741452,1.043095,9.388315,0.373716,-0.158298,0.104983,-0.30592,-0.239093,-0.608548,-0.703137,0.057759,0.014731,-1.583769,-0.018936,-0.207745,0.593732,0.6372,0.389113,0.42623,1,built_up,grade_C_siliceous_low_25to30,25-30% Mn + SiO2>=15% (Siliceous),0.174,35.13,1625.07,1432.68,104.75,293.23,736.99,4.46,6,0.2525,0.5004,0.1417,0.126,30.03,48.93,0.434,GRID_300M_32_00,161.9422592637483,7.4,7.4,7.5,7.6,7.6,7.7,39.8,41.2,42.3,45.7,44.1,45.3,18.7,18.2,17.8,16.7,17.8,18.1,41.6,40.6,39.9,37.7,38.0,36.6,13.6,10.0,7.2,5.8,3.4,2.9,1.56,1.58,1.62,1.64,1.65,1.65,30.3,30.8,30.9,30.9,31.1,30.9,13.3,13.0,14.6,16.5,17.7,18.7,29,MB300-0801,56.44579049349656,,,,,,,,,3807.7430116250257,False,,,,,,,,,,,,,,,,,,9348.235705369643,False,True,0.0,Very Low,No Mining History (Barren Country Rock Control),Bharveli West Footwall Baseline,4644.1,GRID_BHARVELI_COMB_21_00,125.93826055386484,REAL
MASTER_32_01,32,1,21.892535,80.195037,5744.45459,325.373474,0,875,0.09,0.103289,0.137946,0.169746,0.287809,0.35568,0.277064,0.076165,0.101935,0.076311,0.235542,0.122975,0.068687,0.102451,0.025605,0.135238,0.019716,0.262877,-0.353518,-0.442154,0.144165,0.775515,1.239797,1.632683,6.038309,0.504286,-0.389382,-0.075776,-0.22273,0.55926,0.515616,0.999724,12.048458,0.241409,-0.035863,0.366378,-0.366895,-0.216256,-0.72418,-0.632959,0.032787,-0.005889,5.928518,-0.052267,-0.232705,0.568457,0.6231,0.524883,0.234286,1,waterlogged,grade_C_siliceous_low_25to30,25-30% Mn + SiO2>=15% (Siliceous),0.15,35.13,1625.07,1432.68,104.75,293.23,736.99,4.46,6,0.2525,0.5004,0.1417,0.126,30.03,48.93,0.434,GRID_300M_32_01,142.57448436063206,7.3,7.4,7.4,7.5,7.6,7.7,39.3,41.0,42.0,45.2,43.7,44.5,19.6,19.0,18.5,17.3,18.4,18.7,41.1,40.0,39.6,37.4,37.9,36.7,14.6,10.7,6.7,6.5,3.7,3.3,1.55,1.57,1.61,1.63,1.63,1.63,31.3,31.9,31.9,32.0,32.2,32.0,12.8,13.0,14.7,16.5,17.6,18.1,29,MB300-0802,3.4096408654004335,,,,,,,,,3689.855018148698,False,,,,,,,,,,,,,,,,,,9349.339558620848,False,True,0.0,Very Low,No Mining History (Barren Country Rock Control),Bharveli West Footwall Baseline,4633.0,GRID_BHARVELI_COMB_21_01,98.19813914343072,REAL
MASTER_32_02,32,2,21.892534,80.197951,5579.203125,327.910004,0,879,0.09,0.092504,0.125736,0.14849,0.292158,0.325852,0.237848,0.07893,0.107764,0.086552,0.227364,0.142215,0.081759,0.111535,0.032587,0.119374,0.017192,0.339819,-0.403327,-0.44339,0.096465,0.723315,1.108254,1.578214,5.33902,0.447354,-0.35486,-0.112374,-0.152759,0.574306,0.618447,1.092816,12.781188,0.107536,0.048467,0.331016,-0.249223,-0.149008,-0.489807,-0.485398,0.007838,-0.015395,7.36778,-0.064794,-0.183637,0.546704,0.6233,0.488637,0.104664,1,sparse_vegetation,grade_D_manganiferous_sub25,< 25% Mn (Manganiferous/ROM dilution),0.136,35.13,1625.07,1432.68,104.75,293.23,736.99,4.46,6,0.2525,0.5004,0.1417,0.126,30.03,48.93,0.434,GRID_300M_32_02,142.58289243483455,7.4,7.4,7.5,7.5,7.6,7.7,38.8,40.3,41.8,45.0,43.8,44.6,20.3,19.8,19.0,17.8,18.7,19.2,40.9,39.9,39.2,37.2,37.5,36.3,14.7,10.7,6.4,6.8,4.0,3.4,1.55,1.57,1.59,1.62,1.62,1.62,31.6,32.5,32.3,32.7,32.7,32.4,12.3,12.6,14.4,16.6,17.5,17.9,29,MB300-0803,2.969805241901724,,,,,,,,,3555.486470899201,False,,,,,,,,,,,,,,,,,,9349.454709648635,False,True,0.0,Very Low,No Mining History (Barren Country Rock Control),Bharveli West Footwall Baseline,4641.2,GRID_BHARVELI_COMB_21_02,98.26128852058268,REAL
MASTER_32_03,32,3,21.892537,80.200866,5425.911621,330.599426,0,885,0.09,0.083775,0.112661,0.125569,0.268866,0.301009,0.219165,0.077463,0.103677,0.078714,0.224284,0.143724,0.081044,0.145948,0.036171,0.14066,0.021685,0.374492,-0.406459,-0.448982,0.082855,0.715863,1.12422,1.458045,5.642851,0.472277,-0.358368,-0.145339,-0.153383,0.563396,0.64704,1.009897,11.947409,0.097785,0.048091,0.303643,-0.236238,-0.152468,-0.47718,-0.448147,-0.005289,-0.014486,6.278199,-0.044582,-0.157285,0.524066,0.6318,0.472044,0.084746,0,sparse_vegetation,grade_C_siliceous_low_25to30,25-30% Mn + SiO2>=15% (Siliceous),0.174,35.13,1625.07,1432.68,104.75,293.23,736.99,4.46,6,0.2525,0.5004,0.1417,0.126,30.03,48.93,0.434,GRID_300M_32_03,143.030719717431,7.4,7.4,7.4,7.5,7.5,7.6,38.1,39.6,41.9,46.0,44.8,45.6,20.5,19.9,18.7,17.1,18.0,18.5,41.4,40.4,39.4,36.9,37.2,35.9,14.9,9.8,6.5,6.5,3.8,3.4,1.54,1.56,1.59,1.61,1.61,1.61,31.4,32.3,32.1,32.5,32.4,32.1,13.6,12.9,15.0,17.1,17.6,17.6,29,MB300-0804,3.2513301816586897,,,,,,,,,3442.6563905087623,False,,,,,,,,,,,,,,,,,,9349.67734647732,False,True,0.0,Very Low,No Mining History (Barren Country Rock Control),Bharveli West Footwall Baseline,4668.7,GRID_BHARVELI_COMB_21_03,98.75549587584966,REAL
MASTER_32_04,32,4,21.892612,80.203779,5292.525391,333.475128,0,899,0.09,0.094854,0.128427,0.15008,0.307378,0.350105,0.256939,0.077093,0.104903,0.080548,0.240788,0.159402,0.093387,0.140068,0.036409,0.136185,0.02779,0.356277,-0.414705,-0.46487,0.101412,0.728643,1.13823,1.551551,5.8085,0.491099,-0.384593,-0.183948,-0.144827,0.58398,0.65827,1.03957,7.358734,0.134822,0.030112,0.280922,-0.246238,-0.144662,-0.47996,-0.511981,-0.003883,-0.008619,1.573611,-0.06659,-0.190704,0.541594,0.6328,0.458866,0.065628,0,sparse_vegetation,grade_D_manganiferous_sub25,< 25% Mn (Manganiferous/ROM dilution),0.318,34.93,1625.07,1432.68,104.75,293.23,736.99,4.46,6,0.2525,0.5004,0.1417,0.126,30.03,48.93,0.434,GRID_300M_32_04,151.3235112884132,7.3,7.4,7.4,7.5,7.5,7.5,37.7,39.0,42.0,46.1,44.9,45.7,20.9,20.2,18.6,16.6,17.4,18.0,41.4,40.8,39.4,37.3,37.6,36.2,15.6,9.9,7.0,5.9,4.0,3.5,1.54,1.56,1.59,1.59,1.6,1.6,31.5,32.4,32.1,32.5,32.3,32.0,14.8,14.4,16.5,18.7,18.4,18.3,29,MB300-0805,3.7975513656848587,,,,,,,,,3360.962671208374,False,,,,,,,,,,,,,,,,,,9355.003062876798,False,True,0.0,Very Low,Unmined Exploratory Target (Core Borehole Intercept),Manegaon Northern Strike Extension,4456.9,GRID_BHARVELI_COMB_21_04,106.92661764022864,REAL
MASTER_32_05,32,5,21.892614,80.206696,5165.577637,336.461182,0,888,0.09,0.08563,0.117144,0.133203,0.293116,0.328198,0.241623,0.074716,0.100144,0.078273,0.246073,0.16216,0.097037,0.134496,0.035622,0.154493,0.027406,0.391531,-0.434108,-0.474602,0.086994,0.724776,1.115061,1.514072,5.90355,0.514005,-0.414921,-0.204458,-0.155608,0.585207,0.646156,1.038728,10.014715,0.122474,0.019187,0.270144,-0.242602,-0.139569,-0.468904,-0.475344,0.019997,-0.008217,4.025108,-0.047044,-0.166037,0.528726,0.65,0.450714,0.097973,0,sparse_vegetation,grade_B_blast_furnace_25to44,25-44% Mn (BF + Medium grade),0.29,34.93,1625.07,1432.68,104.75,293.23,736.99,4.46,6,0.2525,0.5004,0.1417,0.126,30.03,48.93,0.434,GRID_300M_32_05,151.7199045025129,7.3,7.3,7.4,7.3,7.4,7.4,38.5,39.4,42.9,46.8,45.7,46.2,21.3,20.7,18.9,16.9,18.0,18.6,40.2,39.9,38.2,36.2,36.3,35.2,16.1,10.5,7.4,6.0,4.4,3.9,1.53,1.55,1.59,1.6,1.6,1.6,31.2,32.0,31.8,32.1,32.0,31.7,15.1,15.0,17.3,18.9,18.4,18.4,29,MB300-0806,2.6580725715400164,,,,,,,,,3296.7020649366095,False,,,,,,,,,,,,,,,,,,9353.351959002659,False,True,0.0,Very Low,Unmined Exploratory Target (Core Borehole Intercept),Manegaon Northern Strike Extension,4169.7,GRID_BHARVELI_COMB_21_05,107.36343504340851,REAL
MASTER_32_06,32,6,21.892615,80.209614,5053.101074,339.587677,0,894,0.09,0.099893,0.139478,0.173315,0.317517,0.390666,0.31301,0.078737,0.10871,0.086301,0.294289,0.219877,0.134239,0.131942,0.026051,0.188541,0.03915,0.303684,-0.393558,-0.47727,0.145021,0.797262,1.232529,1.715235,7.727078,0.542398,-0.453361,-0.323827,-0.104718,0.601309,0.751202,1.085937,7.636968,0.238714,-0.059804,0.153443,-0.249739,-0.195953,-0.481328,-0.629298,0.056599,0.013099,-0.060485,-0.023228,-0.170789,0.570705,0.6615,0.395339,0.246085,1,sparse_vegetation,grade_B_blast_furnace_25to44,25-44% Mn (BF + Medium grade),0.181,34.93,1625.07,1432.68,104.75,293.23,736.99,4.46,6,0.2525,0.5004,0.1417,0.126,30.03,48.93,0.434,GRID_300M_32_06,152.03287956964837,7.3,7.3,7.3,7.3,7.3,7.4,38.6,39.7,43.2,47.3,46.1,46.5,21.4,20.6,18.9,17.1,18.3,19.0,40.0,39.7,37.9,35.6,35.5,34.5,16.5,10.9,7.5,6.0,3.9,3.6,1.53,1.55,1.59,1.6,1.61,1.61,31.3,32.1,31.8,32.3,32.2,31.9,15.1,15.4,17.8,18.2,18.0,17.9,29,MB300-0807,2.6744846428970948,,,,,,,,,3259.036021333789,False,,,,,,,,,,,,,,,,,,9356.706568320053,False,True,0.0,Very Low,Unmined Exploratory Target (Core Borehole Intercept),Manegaon Northern Strike Extension,3884.4,GRID_BHARVELI_COMB_21_06,107.75625475371983,REAL
MASTER_32_07,32,7,21.892602,80.212522,4955.162109,342.830536,0,886,0.09,0.092251,0.127817,0.160952,0.290838,0.368991,0.292401,0.07595,0.106831,0.086733,0.330372,0.26303,0.156516,0.143541,0.027495,0.198118,0.044535,0.30196,-0.394764,-0.489529,0.15437,0.784805,1.269001,1.712426,7.707857,0.582098,-0.507338,-0.417183,-0.079636,0.587741,0.802926,1.12423,6.856816,0.280139,-0.112574,0.072346,-0.234005,-0.197064,-0.466075,-0.588196,0.054577,0.017039,-0.87005,0.039534,-0.105961,0.575659,0.6962,0.350901,0.240406,1,sparse_vegetation,grade_B_blast_furnace_25to44,25-44% Mn (BF + Medium grade),0.273,37.21,1625.07,1432.68,104.75,293.23,736.99,4.46,6,0.2525,0.5004,0.1417,0.126,30.03,48.93,0.434,GRID_300M_32_07,150.59450523201667,7.3,7.3,7.4,7.3,7.4,7.4,39.2,40.7,43.8,47.8,46.5,46.7,20.7,19.7,18.5,16.9,18.3,18.9,40.1,39.6,37.7,35.2,35.3,34.4,16.9,11.1,7.7,6.1,3.8,3.2,1.54,1.56,1.6,1.61,1.62,1.62,31.8,32.3,31.9,32.4,32.3,31.9,13.8,13.6,16.1,18.0,17.5,17.1,29,MB300-0808,3.519185799771577,,,,,,,,,3247.4569835231996,False,,,,,,,,,,,,,,,,,,9368.14964819835,False,True,0.0,Very Low,Unmined Exploratory Target (Core Borehole Intercept),Manegaon Northern Strike Extension,3601.4,GRID_BHARVELI_COMB_21_07,106.33879686540153,REAL
MASTER_32_08,32,8,21.892604,80.215398,4876.192871,346.159271,0,864,0.09,0.08433,0.117979,0.144944,0.297286,0.347288,0.266888,0.070707,0.099121,0.080213,0.323886,0.265567,0.154091,0.129805,0.0268,0.206865,0.046163,0.356207,-0.43526,-0.495598,0.120954,0.762348,1.168483,1.687475,7.358763,0.604596,-0.530452,-0.455974,-0.069075,0.576488,0.823283,1.117492,7.103546,0.24839,-0.095192,0.039623,-0.190029,-0.18586,-0.3452,-0.569982,0.07706,0.019363,-0.193415,0.0266,-0.08172,0.559478,0.7103,0.326646,0.157407,1,sparse_vegetation,grade_B_blast_furnace_25to44,25-44% Mn (BF + Medium grade),0.377,37.21,1625.07,1432.68,104.75,293.23,736.99,4.46,6,0.2525,0.5004,0.1417,0.126,30.03,48.93,0.434,GRID_300M_32_08,150.18153655255304,7.2,7.2,7.3,7.3,7.3,7.4,39.5,41.1,43.8,47.9,46.8,47.1,20.4,19.3,18.4,16.9,18.1,18.7,40.1,39.5,37.8,35.2,35.1,34.2,16.7,11.5,7.8,6.1,3.8,3.2,1.53,1.55,1.59,1.62,1.63,1.63,31.0,31.2,31.1,31.1,31.1,30.9,15.0,14.5,17.9,19.6,19.3,19.0,29,MB300-0809,3.3411979422239773,,,,,,,,,3246.0864396462944,False,,,,,,,,,,,,,,,,,,9390.562333015774,False,True,0.0,Very Low,Unmined Exploratory Target (Core Borehole Intercept),Manegaon Northern Strike Extension,3321.5,GRID_BHARVELI_COMB_21_08,105.66371920759642,REAL
MASTER_32_09,32,9,21.892618,80.218269,4815.48877,349.583466,0,896,0.09,0.084853,0.117001,0.144361,0.292273,0.337945,0.25531,0.070173,0.095261,0.079439,0.290977,0.236945,0.139804,0.130468,0.028041,0.240789,0.050755,0.346007,-0.430768,-0.488768,0.118947,0.752677,1.16277,1.69564,6.84114,0.571817,-0.504403,-0.423958,-0.06948,0.587118,0.817055,1.120891,6.849987,0.22581,-0.073635,0.06481,-0.188427,-0.16556,-0.345715,-0.574748,0.110322,0.022714,0.043972,-0.001296,-0.101,0.563154,0.6907,0.340178,0.169643,1,sparse_vegetation,grade_B_blast_furnace_25to44,25-44% Mn (BF + Medium grade),0.3,34.99,1625.07,1432.68,104.75,293.23,736.99,4.46,6,0.2525,0.5004,0.1417,0.126,30.03,48.93,0.434,GRID_300M_32_09,151.07945880018707,7.1,7.1,7.2,7.3,7.3,7.3,39.2,41.1,43.6,47.5,46.3,46.7,20.4,19.2,18.2,16.7,17.9,18.6,40.4,39.7,38.2,35.8,35.8,34.8,17.6,13.0,7.9,6.1,3.9,3.4,1.52,1.54,1.57,1.6,1.61,1.62,30.3,30.7,30.6,30.5,30.4,30.2,16.7,16.1,20.0,21.4,21.5,21.8,29,MB300-0810,4.620988337497384,,,,,,,,,3246.0498160500983,False,,,,,,,,,,,,,,,,,,9423.560950826008,False,True,0.0,Very Low,Unmined Exploratory Target (Core Borehole Intercept),Manegaon Northern Strike Extension,3045.3,GRID_BHARVELI_COMB_21_09,106.25556484274283,REAL
MASTER_32_10,32,10,21.892681,80.221172,4777.481934,353.128845,0,914,0.09,0.062876,0.089438,0.085997,0.282362,0.265618,0.172407,0.063172,0.083371,0.05475,0.314478,0.197009,0.095615,0.18413,0.044315,0.316145,0.063626,0.538865,-0.519455,-0.494455,0.001341,0.639518,0.945791,1.342083,5.91392,0.702165,-0.579757,-0.403957,-0.200416,0.483216,0.628501,0.866756,6.596204,0.1633,-0.060302,0.090499,-0.201757,-0.156302,-0.31729,-0.475327,0.132014,0.01931,0.716718,0.032116,-0.068609,0.478101,0.6198,0.353223,0.025164,0,dense_vegetation,grade_B_blast_furnace_25to44,25-44% Mn (BF + Medium grade),0.425,34.99,1625.07,1432.68,104.75,293.23,736.99,4.46,6,0.2525,0.5004,0.1417,0.126,30.03,48.93,0.434,GRID_300M_33_10,146.05045786237997,6.6,6.6,6.6,6.7,6.8,6.9,38.8,40.9,42.8,45.8,44.9,45.6,20.1,18.8,18.1,16.9,18.0,18.8,41.1,40.3,39.1,37.4,37.1,35.7,18.7,14.0,8.1,6.0,4.1,3.7,1.51,1.53,1.55,1.57,1.59,1.59,29.7,30.1,30.1,30.0,29.8,29.8,16.2,16.2,20.0,22.1,22.3,23.8,29,MB300-0811,4.072162545571087,,,,,,,,,3251.615505783014,False,,,,,,,,,,,,,,,,,,9471.640430416252,False,True,0.0,Very Low,Unmined Exploratory Target (Core Borehole Intercept),Manegaon Northern Strike Extension,2774.2,GRID_BHARVELI_COMB_21_10,112.98941653934138,REAL
MASTER_32_11,32,11,21.892702,80.224099,4753.129395,356.743744,0,900,0.09,0.0604,0.086053,0.07631,0.277008,0.249218,0.151176,0.060102,0.076087,0.048394,0.272325,0.154289,0.07139,0.213568,0.051056,0.316172,0.061988,0.56774,-0.525335,-0.486107,-0.018703,0.60522,0.904099,1.259963,5.626397,0.699924,-0.561772,-0.331555,-0.248751,0.456747,0.560718,0.796362,6.888195,0.132184,-0.036437,0.154552,-0.230048,-0.148474,-0.343381,-0.463601,0.102604,0.010932,1.250616,-0.004683,-0.094928,0.46367,0.5693,0.390514,0.0,0,dense_vegetation,non_ore,Background,0.594,34.99,1625.07,1432.68,104.75,293.23,736.99,4.46,6,0.2525,0.5004,0.1417,0.126,30.03,48.93,0.434,GRID_300M_33_11,144.0474961280999,6.2,6.2,6.3,6.4,6.5,6.6,38.4,40.4,42.3,45.0,44.1,44.9,19.9,18.7,18.2,17.1,18.4,19.2,41.7,40.9,39.5,37.9,37.5,35.9,22.7,17.5,8.7,6.2,4.3,3.9,1.48,1.51,1.52,1.55,1.56,1.57,29.4,30.0,30.0,29.9,29.8,29.7,16.4,16.6,19.8,22.0,22.5,24.0,29,MB300-0812,3.1782738531997707,,,,,,,,,3252.420634608026,False,,,,,,,,,,,,,,,,,,9524.786881610731,False,True,0.0,Very Low,Unmined Exploratory Target (Core Borehole Intercept),Manegaon Northern Strike Extension,2509.6,GRID_BHARVELI_COMB_21_11,115.67808531249322,REAL
MASTER_32_12,32,12,21.892702,80.227016,4745.571777,0.368017,0,900,0.09,0.06046,0.08563,0.079707,0.272052,0.253405,0.15395,0.079766,0.095833,0.066222,0.326295,0.196273,0.093026,0.209489,0.049908,0.31019,0.06479,0.545993,-0.520438,-0.494258,0.000346,0.606431,0.937027,1.315923,5.345202,0.671044,-0.55238,-0.353836,-0.2176,0.471247,0.601484,0.824122,6.346436,0.12505,-0.031942,0.140423,-0.217945,-0.135184,-0.335543,-0.491801,0.1007,0.014881,1.001345,0.054243,-0.057132,0.479046,0.5655,0.3798,0.0,0,dense_vegetation,non_ore,Background,0.622,34.99,1625.07,1432.68,104.75,293.23,736.99,4.46,6,0.2525,0.5004,0.1417,0.126,30.03,48.93,0.434,GRID_300M_33_12,144.20915305162967,6.2,6.2,6.3,6.4,6.4,6.5,37.5,39.0,41.2,43.4,43.0,43.4,19.6,18.7,18.1,17.4,18.6,19.3,42.9,42.3,40.6,39.1,38.4,37.2,26.2,18.8,9.3,6.0,4.7,3.9,1.45,1.47,1.47,1.53,1.54,1.54,28.7,29.7,29.5,29.6,29.7,29.4,16.7,16.8,19.2,20.9,21.7,23.9,29,MB300-0813,1.5890058747967009,,,,,,,,,3250.8788965627064,False,,,,,,,,,,,,,,,,,,9584.679054464614,False,True,0.0,Low,Unmined Exploratory Target (Core Borehole Intercept),Manegaon Northern Strike Extension,2253.9,GRID_BHARVELI_COMB_21_12,115.85440278063754,REAL
MASTER_32_13,32,13,21.892704,80.229933,4757.26709,3.989846,0,900,0.09,0.06095,0.086695,0.083568,0.273547,0.259252,0.159919,0.057491,0.076437,0.048679,0.309486,0.185963,0.085241,0.200866,0.050628,0.312264,0.060476,0.530045,-0.517164,-0.49873,0.012513,0.6156,0.958334,1.367733,5.589446,0.727607,-0.603297,-0.416946,-0.220169,0.457532,0.602245,0.845303,7.146459,0.197562,-0.086133,0.081785,-0.232682,-0.158068,-0.356089,-0.522429,0.111398,0.009848,1.569262,0.035938,-0.073289,0.489881,0.5996,0.352904,0.0,0,dense_vegetation,non_ore,Background,0.615,33.82,1625.07,1432.68,104.75,293.23,736.99,4.46,6,0.2525,0.5004,0.1417,0.126,30.03,48.93,0.434,GRID_300M_33_13,144.15775242786472,6.2,6.2,6.3,6.4,6.4,6.5,38.2,39.0,41.0,42.8,42.3,42.8,20.6,20.0,19.6,19.0,20.0,20.8,41.3,41.0,39.4,38.2,37.6,36.3,27.0,19.0,10.2,6.3,4.2,3.6,1.42,1.44,1.45,1.51,1.52,1.53,28.8,29.9,29.7,29.7,29.7,29.4,17.5,17.7,20.2,21.8,22.2,23.9,29,MB300-0814,1.6680839113799613,,,,,,,,,3249.6717536740334,False,,,,,,,,,,,,,,,,,,9643.0058082738,False,True,0.0,Low,Unmined Exploratory Target (Core Borehole Intercept),Manegaon Northern Strike Extension,2010.5,GRID_BHARVELI_COMB_21_13,116.27645230026582,REAL
MASTER_32_14,32,14,21.892702,80.23285,4787.329102,7.580126,0,900,0.09,0.061054,0.089276,0.081258,0.290338,0.250236,0.152215,0.05903,0.078449,0.049529,0.326451,0.194349,0.087763,0.19691,0.0454,0.271556,0.054142,0.559973,-0.527441,-0.473316,-0.029588,0.605935,0.873791,1.326434,5.834824,0.735948,-0.612061,-0.424913,-0.224736,0.451022,0.596997,0.839185,6.588315,0.175975,-0.08462,0.048402,-0.195148,-0.154913,-0.276794,-0.487248,0.074647,0.008742,0.75343,0.036113,-0.055887,0.47083,0.5713,0.337116,0.0,0,dense_vegetation,non_ore,Background,0.624,33.82,1625.07,1432.68,104.75,293.23,736.99,4.46,6,0.2525,0.5004,0.1417,0.126,30.03,48.93,0.434,GRID_300M_33_14,144.54987200630606,6.2,6.2,6.2,6.3,6.4,6.4,39.4,39.8,41.8,44.0,43.3,43.9,22.3,22.1,21.6,20.6,21.4,22.1,38.3,38.1,36.5,35.5,35.3,34.0,28.4,19.4,10.6,6.8,4.2,3.6,1.36,1.39,1.4,1.47,1.48,1.49,29.7,30.7,30.6,30.4,30.4,30.2,19.4,20.1,22.5,23.8,24.6,25.8,29,MB300-0815,3.3774220353744573,,,,,,,,,3247.9074090439544,False,,,,,,,,,,,,,,,,,,9638.073844176375,False,True,0.0,Low,Unmined Exploratory Target (Core Borehole Intercept),Manegaon Northern Strike Extension,1784.4,GRID_BHARVELI_COMB_21_14,116.24770574131698,REAL
MASTER_32_15,32,15,21.892693,80.235743,4834.688965,11.085479,0,885,0.09,0.070333,0.094031,0.099011,0.253652,0.267541,0.186136,0.066426,0.087451,0.052978,0.370033,0.208393,0.093027,0.154806,0.03386,0.195248,0.042929,0.434628,-0.455103,-0.479973,0.06069,0.692385,1.077285,1.404307,6.626209,0.74933,-0.617828,-0.409142,-0.250713,0.445398,0.564015,0.798726,7.183822,0.314702,-0.162725,0.070831,-0.311403,-0.246987,-0.51327,-0.605581,0.040442,0.009069,0.579957,0.116381,-0.059148,0.506939,0.5992,0.364926,0.00339,0,sparse_vegetation,grade_B_blast_furnace_25to44,25-44% Mn (BF + Medium grade),0.638,33.82,1625.07,1432.68,104.75,293.23,736.99,4.46,6,0.2525,0.5004,0.1417,0.126,30.03,48.93,0.434,GRID_300M_33_15,145.23179190504,6.2,6.2,6.2,6.3,6.3,6.4,40.7,41.2,42.9,44.8,43.8,44.4,23.1,23.0,22.6,21.6,22.4,22.9,36.1,35.9,34.5,33.6,33.8,32.7,31.0,21.4,12.1,7.3,4.7,3.8,1.32,1.36,1.36,1.44,1.46,1.45,30.4,31.5,31.4,31.1,30.9,30.8,21.4,22.4,24.1,25.7,27.0,28.6,16,MB300-0816,4.418041180171923,,,,,,,,,3245.445702047848,False,,,,,,,,,,,,,,,,,,9638.290926074684,False,True,0.0,Low,Unmined Exploratory Target (Core Borehole Intercept),Manegaon Northern Strike Extension,1583.0,GRID_BHARVELI_COMB_21_15,114.92187878294688,REAL
MASTER_32_16,32,16,21.892736,80.238622,4904.977051,14.477636,0,889,0.09,0.076881,0.102621,0.102619,0.267143,0.260977,0.183399,0.097404,0.114998,0.080683,0.390326,0.241248,0.121992,0.131992,0.033319,0.178562,0.038978,0.440678,-0.44134,-0.435018,0.028579,0.701148,0.994311,1.333436,5.831714,0.669879,-0.552849,-0.366956,-0.211298,0.497812,0.617667,0.80567,7.200415,0.2292,-0.111509,0.068062,-0.239877,-0.203336,-0.376645,-0.527766,0.046569,0.005659,1.368169,0.123183,-0.019729,0.485763,0.5767,0.363167,0.0,0,sparse_vegetation,non_ore,Background,0.517,33.2,1625.07,1432.68,104.75,293.23,736.99,4.46,6,0.2525,0.5004,0.1417,0.126,30.03,48.93,0.434,GRID_300M_33_16,140.00570935552616,6.2,6.2,6.2,6.3,6.3,6.4,41.4,41.8,43.1,45.1,44.1,44.6,23.4,23.2,23.0,21.8,22.6,23.2,35.3,35.0,33.9,33.1,33.3,32.2,32.4,23.4,11.8,7.6,4.9,3.9,1.31,1.34,1.34,1.42,1.44,1.44,30.4,31.5,31.5,31.1,31.0,30.8,22.5,24.2,25.8,27.6,28.4,29.9,16,MB300-0817,1.063163151867343,,,,,,,,,3248.644242185329,False,,,,,,,,,,,,,,,,,,9642.650994861397,False,True,0.0,Low,Unmined Exploratory Target (Core Borehole Intercept),Manegaon Northern Strike Extension,1417.0,GRID_BHARVELI_COMB_21_16,118.97820520378927,REAL
MASTER_32_17,32,17,21.892785,80.241499,4992.54248,17.75643,0,891,0.09,0.088919,0.113918,0.116849,0.266019,0.264711,0.192746,0.113285,0.129005,0.090588,0.399992,0.241024,0.118563,0.09648,0.023156,0.120951,0.028378,0.386637,-0.39701,-0.399055,0.036291,0.726219,1.01241,1.311231,6.334968,0.633729,-0.513157,-0.301611,-0.21935,0.487615,0.599755,0.789903,7.542181,0.247092,-0.116146,0.097444,-0.255641,-0.238605,-0.412655,-0.521328,0.024471,0.005221,1.21129,0.133973,-0.023687,0.487366,0.5754,0.388665,0.077441,0,sparse_vegetation,grade_B_blast_furnace_25to44,25-44% Mn (BF + Medium grade),0.458,33.2,1625.07,1432.68,104.75,293.23,736.99,4.46,6,0.2525,0.5004,0.1417,0.126,30.03,48.93,0.434,GRID_300M_33_17,134.122666176619,6.2,6.1,6.2,6.2,6.3,6.4,42.4,43.4,43.9,46.1,44.9,45.2,23.2,22.6,22.6,21.3,22.3,23.1,34.4,34.0,33.5,32.6,32.8,31.7,36.6,28.0,12.6,9.5,9.0,7.7,1.31,1.33,1.35,1.43,1.44,1.44,32.3,33.4,33.2,32.7,32.8,33.1,25.5,27.9,29.3,30.6,30.0,31.7,16,MB300-0818,4.771027459233623,,,,,,,,,3252.6206138213092,False,,,,,,,,,,,,,,,,,,9648.124832569807,False,True,0.0,Low,Unmined Exploratory Target (Core Borehole Intercept),Manegaon Northern Strike Extension,1300.0,GRID_BHARVELI_COMB_21_17,123.80901697760231,REAL
MASTER_32_18,32,18,21.892792,80.244423,5093.191895,20.98299,0,897,0.09,0.075867,0.098116,0.105446,0.230721,0.249402,0.1882,0.063555,0.082169,0.049778,0.366673,0.212127,0.096008,0.157539,0.040521,0.24308,0.055583,0.369271,-0.400571,-0.435665,0.07392,0.753979,1.095871,1.390138,5.161631,0.762138,-0.635056,-0.443789,-0.243348,0.45198,0.579344,0.784107,6.728355,0.392867,-0.234486,-0.008123,-0.317269,-0.301999,-0.516526,-0.60603,0.08554,0.015063,1.572778,0.135953,-0.037275,0.505769,0.5756,0.338951,0.055741,0,sparse_vegetation,grade_B_blast_furnace_25to44,25-44% Mn (BF + Medium grade),0.395,33.2,1625.07,1432.68,104.75,293.23,736.99,4.46,6,0.2525,0.5004,0.1417,0.126,30.03,48.93,0.434,GRID_300M_33_18,133.60387441320225,6.1,6.1,6.1,6.2,6.3,6.4,43.4,44.7,44.9,47.7,46.2,46.5,22.8,22.0,22.2,20.5,21.8,22.5,33.9,33.3,33.0,31.8,32.1,31.0,39.7,31.5,13.4,10.2,8.5,6.9,1.3,1.33,1.35,1.44,1.43,1.44,33.6,34.5,34.1,33.7,34.0,34.5,24.9,27.0,29.1,29.6,29.1,29.8,16,MB300-0819,2.9407221853619228,,,,,,,,,3270.59595737506,False,,,,,,,,,,,,,,,,,,9648.900842310712,False,True,0.0,Low,Unmined Exploratory Target (Core Borehole Intercept),Manegaon Northern Strike Extension,1245.7,GRID_BHARVELI_COMB_21_18,124.82498273846791,REAL
MASTER_32_19,32,19,21.892792,80.247336,5208.187012,24.067333,0,900,0.09,0.080409,0.099537,0.118352,0.198125,0.253112,0.205534,0.054963,0.078688,0.045089,0.36232,0.217969,0.101042,0.616062,0.132441,1.726707,0.338979,0.251699,-0.33006,-0.436074,0.14298,0.81158,1.286589,1.471186,5.664343,0.778703,-0.643492,-0.469989,-0.226783,0.462974,0.601953,0.820881,5.424882,0.527004,-0.313432,-0.033916,-0.369763,-0.348606,-0.684636,-0.650305,1.110645,0.206538,-0.239288,0.164196,-0.035143,0.541641,0.5858,0.336056,0.436667,1,sparse_vegetation,grade_C_siliceous_low_25to30,25-30% Mn + SiO2>=15% (Siliceous),0.467,33.2,1625.07,1432.68,104.75,293.23,736.99,4.46,6,0.2525,0.5004,0.1417,0.126,30.03,48.93,0.434,GRID_300M_33_19,133.6700188296351,6.2,6.2,6.2,6.3,6.4,6.5,44.1,45.4,45.6,48.5,46.5,46.8,22.0,21.3,21.5,19.8,21.3,21.8,33.9,33.3,32.9,31.7,32.3,31.3,42.3,30.6,14.7,10.4,6.9,5.5,1.35,1.4,1.41,1.47,1.46,1.46,33.4,34.3,33.9,33.5,33.9,34.4,25.1,26.5,27.9,28.8,27.9,28.7,16,MB300-0820,1.1272318986363865,,,,,,,,,3315.129169821929,False,,,,,,,,,,,,,,,,,,9649.459039635283,False,True,0.0,Low,Unmined Exploratory Target (Core Borehole Intercept),Manegaon Northern Strike Extension,1262.5,GRID_BHARVELI_COMB_21_19,124.91111842508481,REAL
MASTER_32_20,32,20,21.892791,80.250252,5337.766113,27.013914,0,900,0.09,0.07976,0.100394,0.118469,0.20556,0.256712,0.204003,0.059529,0.083855,0.048297,0.364645,0.220756,0.102693,0.434468,0.091392,1.017463,0.17262,0.267754,-0.341424,-0.437541,0.135484,0.793949,1.260446,1.484579,5.791726,0.765704,-0.626014,-0.449694,-0.223424,0.464914,0.606427,0.811978,7.477051,0.49795,-0.284589,-0.012153,-0.358908,-0.329035,-0.654019,-0.672601,0.582995,0.081229,1.685497,0.159085,-0.035956,0.542347,0.5953,0.343644,0.408889,1,sparse_vegetation,grade_C_siliceous_low_25to30,25-30% Mn + SiO2>=15% (Siliceous),0.257,33.29,1625.07,1432.68,104.75,293.23,736.99,4.46,6,0.2525,0.5004,0.1417,0.126,30.03,48.93,0.434,GRID_300M_33_20,133.91578661868675,6.4,6.4,6.4,6.5,6.6,6.7,43.7,44.9,44.8,47.8,45.7,46.0,21.6,20.8,21.2,19.6,21.0,21.7,34.7,34.4,34.0,32.6,33.3,32.3,36.4,26.1,14.4,10.4,7.7,6.4,1.41,1.45,1.46,1.5,1.5,1.49,33.9,34.4,34.1,33.8,34.1,34.8,25.7,26.7,28.2,29.1,28.2,29.1,16,MB300-0821,0.9126360008588158,,,,,,,,,3385.9117703243605,False,,,,,,,,,,,,,,,,,,9646.33576041303,False,True,0.0,Low,Unmined Exploratory Target (Core Borehole Intercept),Manegaon Northern Strike Extension,1347.5,GRID_BHARVELI_COMB_21_20,124.92558140912105,REAL
MASTER_32_21,32,21,21.892793,80.253169,5480.98584,29.812544,0,900,0.09,0.076995,0.099883,0.11423,0.218298,0.265727,0.206728,0.061768,0.084702,0.050728,0.34448,0.208767,0.098222,0.204879,0.05239,0.324245,0.070634,0.314484,-0.36884,-0.454575,0.122981,0.774236,1.244256,1.467031,5.094887,0.740137,-0.602953,-0.420793,-0.219352,0.470156,0.608522,0.822306,6.127009,0.425652,-0.234113,0.033783,-0.342334,-0.30408,-0.635734,-0.644724,0.119365,0.018243,1.031986,0.126182,-0.05696,0.53419,0.6163,0.35844,0.422222,1,sparse_vegetation,grade_C_siliceous_low_25to30,25-30% Mn + SiO2>=15% (Siliceous),0.239,33.29,1625.07,1432.68,104.75,293.23,736.99,4.46,6,0.2525,0.5004,0.1417,0.126,30.03,48.93,0.434,GRID_300M_33_21,133.85537898711632,6.7,6.8,6.8,6.8,6.9,6.9,42.9,43.8,44.3,47.2,45.8,46.2,21.2,20.5,20.6,19.5,20.7,21.3,35.9,35.7,35.1,33.3,33.4,32.5,34.4,25.0,14.8,10.9,9.2,7.8,1.41,1.45,1.46,1.5,1.5,1.49,34.1,34.2,34.1,33.8,34.1,34.7,26.4,27.3,28.3,30.5,29.7,30.9,16,MB300-0822,2.7281128943557373,,,,,,,,,3481.765937334367,False,,,,,,,,,,,,,,,,,,9642.631908170582,False,True,0.0,Low,Unmined Exploratory Target (Core Borehole Intercept),Manegaon Northern Strike Extension,1489.2,GRID_BHARVELI_COMB_21_21,125.2914504160989,REAL
MASTER_32_22,32,22,21.892793,80.256086,5636.368164,32.463837,0,900,0.09,0.072336,0.095417,0.108077,0.217634,0.267818,0.208446,0.071272,0.085252,0.057176,0.283996,0.172974,0.083043,0.285356,0.062699,0.587254,0.109693,0.334103,-0.385487,-0.474571,0.127075,0.773839,1.263498,1.480328,5.500986,0.663992,-0.535267,-0.333384,-0.217528,0.477385,0.606037,0.796212,6.582252,0.32989,-0.14978,0.141187,-0.344604,-0.296453,-0.657461,-0.684116,0.301898,0.046994,1.081195,0.066361,-0.094845,0.534861,0.6185,0.405575,0.32,1,sparse_vegetation,grade_C_siliceous_low_25to30,25-30% Mn + SiO2>=15% (Siliceous),0.249,33.49,1625.07,1432.68,104.75,293.23,736.99,4.46,6,0.2525,0.5004,0.1417,0.126,30.03,48.93,0.434,GRID_300M_33_22,134.02072695153552,6.5,6.6,6.5,6.6,6.7,6.8,42.4,43.3,43.8,46.9,45.2,45.7,20.9,20.3,20.3,19.3,20.4,21.2,36.7,36.4,35.8,33.7,34.3,33.1,34.8,25.1,14.7,10.9,9.0,7.7,1.41,1.46,1.47,1.5,1.5,1.5,34.0,34.3,34.1,34.0,34.2,34.8,27.3,27.3,28.7,30.9,30.4,31.4,16,MB300-0823,4.69547043286449,,,,,,,,,3600.1687120372817,False,,,,,,,,,,,,,,,,,,9644.400283051333,False,True,0.0,Low,Unmined Exploratory Target (Core Borehole Intercept),Manegaon Northern Strike Extension,1673.3,GRID_BHARVELI_COMB_21_22,125.46272434304635,REAL
MASTER_32_23,32,23,21.892815,80.258974,5803.565918,34.930725,0,894,0.09,0.059001,0.087891,0.077672,0.274247,0.242519,0.158724,0.098023,0.1058,0.082293,0.283793,0.186497,0.095776,0.219421,0.053346,0.400681,0.070715,0.550652,-0.507865,-0.463784,-0.022486,0.648361,0.91894,1.300151,5.476517,0.574479,-0.473144,-0.287102,-0.187775,0.499007,0.645086,0.819836,7.815532,0.023827,0.034721,0.176682,-0.165289,-0.149354,-0.273854,-0.480315,0.18126,0.017368,2.328529,0.009545,-0.056022,0.463311,0.6218,0.396263,0.010067,0,dense_vegetation,grade_D_manganiferous_sub25,< 25% Mn (Manganiferous/ROM dilution),0.46,33.49,1625.07,1432.68,104.75,293.23,736.99,4.46,6,0.2525,0.5004,0.1417,0.126,30.03,48.93,0.434,GRID_300M_33_23,131.22999824112458,6.3,6.3,6.3,6.4,6.4,6.5,41.3,42.2,42.8,45.5,44.6,45.0,21.3,20.7,20.8,19.5,20.5,21.2,37.4,37.1,36.5,35.0,34.9,33.8,35.3,28.6,13.8,11.1,9.8,8.4,1.38,1.43,1.44,1.48,1.49,1.48,33.8,33.9,33.7,33.5,33.7,34.1,26.7,26.7,28.0,29.6,29.1,30.4,16,MB300-0824,2.8358569735012096,,,,,,,,,3739.828032734889,False,,,,,,,,,,,,,,,,,,9646.422289323647,False,True,0.0,Low,Unmined Exploratory Target (Core Borehole Intercept),Manegaon Northern Strike Extension,1887.3,GRID_BHARVELI_COMB_21_23,127.48713077469041,REAL
MASTER_32_24,32,24,21.892893,80.261638,5971.828613,37.042885,0,773,0.09,0.056908,0.087897,0.068219,0.294895,0.226061,0.140324,0.056886,0.062711,0.043222,0.201468,0.120728,0.056385,0.223597,0.041616,0.305748,0.067007,0.620111,-0.53758,-0.438556,-0.0891,0.617589,0.781493,1.19273,6.733806,0.636648,-0.5133,-0.2899,-0.23056,0.466031,0.588285,0.757025,6.230336,0.016536,0.024281,0.148656,-0.141459,-0.151559,-0.193208,-0.435704,0.082152,0.025391,-0.513838,-0.093427,-0.105333,0.427052,0.5983,0.385258,0.0,0,dense_vegetation,non_ore,Background,0.476,33.49,1625.07,1432.68,104.75,293.23,736.99,4.46,6,0.2525,0.5004,0.1417,0.126,30.03,48.93,0.434,GRID_300M_33_24,120.71068409999762,6.2,6.2,6.2,6.4,6.4,6.5,40.6,41.3,42.8,44.7,44.2,44.6,21.4,20.9,20.7,19.4,20.4,21.1,38.0,37.8,36.5,35.9,35.4,34.3,36.7,28.9,14.5,10.7,9.5,8.3,1.35,1.39,1.4,1.46,1.47,1.46,32.2,32.4,32.3,32.1,32.4,32.4,25.1,25.4,26.3,27.6,27.5,28.8,16,MB300-0825,23.579174256125555,,,,,,,,,3889.949952369794,False,,,,,,,,,,,,,,,,,,9654.813614286153,False,True,0.0,Low,Unmined Exploratory Target (Core Borehole Intercept),Manegaon Northern Strike Extension,2122.2,GRID_BHARVELI_COMB_21_24,134.41761440429556,REAL
MASTER_33_00,33,0,21.894457,80.192694,6057.69043,324.640656,0,230,0.09,0.133049,0.186205,0.244293,0.336011,0.462454,0.394978,0.073831,0.103539,0.075856,0.288982,0.188951,0.105962,0.089837,0.011107,0.142282,0.031527,0.159505,-0.287707,-0.426718,0.202012,0.853709,1.377392,1.834527,12.420873,0.580961,-0.469076,-0.288974,-0.156644,0.559043,0.657318,1.02285,7.635126,0.421455,-0.181369,0.137744,-0.358656,-0.294666,-0.720074,-0.811676,0.052445,0.020421,-4.742593,-0.047029,-0.273503,0.611996,0.654,0.417828,0.478261,1,built_up,grade_C_siliceous_low_25to30,25-30% Mn + SiO2>=15% (Siliceous),0.224,34.94,1625.07,1432.68,104.75,293.23,736.99,4.46,6,0.2525,0.5004,0.1417,0.126,30.03,48.93,0.434,GRID_300M_33_00,100.516553026744,7.3,7.4,7.5,7.5,7.6,7.7,40.1,41.7,42.6,45.9,44.7,46.0,18.8,18.3,17.8,16.6,17.6,17.7,41.1,40.1,39.6,37.6,37.7,36.2,13.9,10.3,8.3,5.6,3.5,3.1,1.56,1.59,1.63,1.66,1.66,1.67,30.6,31.0,31.1,31.2,31.4,31.1,13.9,13.4,15.0,18.3,18.8,20.2,29,MB300-0826,102.81781987284951,,,,,,,,,3995.1009792951,False,,,,,,,,,,,,,,,,,,9565.647623134117,False,True,0.0,Very Low,No Mining History (Barren Country Rock Control),Bharveli West Footwall Baseline,4943.5,GRID_BHARVELI_COMB_22_00,85.51414321419472,REAL
MASTER_33_01,33,1,21.894459,80.195026,5922.066406,326.53891,0,387,0.09,0.103533,0.139983,0.167394,0.310855,0.383525,0.295582,0.075859,0.103941,0.076747,0.263764,0.17227,0.094697,0.171106,0.019472,0.14324,0.026305,0.312068,-0.383106,-0.464482,0.131787,0.760034,1.229778,1.590867,10.118148,0.545335,-0.430692,-0.242067,-0.153989,0.548553,0.654487,1.010139,8.256448,0.233267,-0.047586,0.222415,-0.285776,-0.211482,-0.575291,-0.580728,-0.027866,0.006833,-1.714427,-0.047091,-0.211256,0.555981,0.6276,0.437341,0.245478,1,sparse_vegetation,grade_C_siliceous_low_25to30,25-30% Mn + SiO2>=15% (Siliceous),0.211,35.13,1625.07,1432.68,104.75,293.23,736.99,4.46,6,0.2525,0.5004,0.1417,0.126,30.03,48.93,0.434,GRID_300M_33_01,59.46074177566129,7.3,7.4,7.5,7.5,7.6,7.7,39.6,41.6,42.8,46.0,44.4,45.3,19.4,18.6,17.9,16.9,18.0,18.3,41.1,39.9,39.2,37.2,37.6,36.4,13.9,10.3,7.0,6.1,3.3,2.8,1.55,1.58,1.62,1.63,1.64,1.64,30.5,31.0,31.1,31.1,31.3,31.2,11.3,11.5,12.6,15.5,16.3,17.4,29,MB300-0827,87.66006482897208,,,,,,,,,3879.7801842247354,False,,,,,,,,,,,,,,,,,,9563.522253927813,False,True,0.0,Very Low,No Mining History (Barren Country Rock Control),Bharveli West Footwall Baseline,4933.0,GRID_BHARVELI_COMB_22_01,26.817209150981157,REAL
MASTER_33_02,33,2,21.894458,80.197943,5761.717285,329.031189,0,389,0.09,0.083759,0.115772,0.127142,0.288029,0.310678,0.224698,0.076337,0.103576,0.078575,0.251754,0.155334,0.087276,0.103085,0.030713,0.135174,0.024936,0.39611,-0.429138,-0.450906,0.0708,0.712523,1.070201,1.497708,4.837809,0.518703,-0.411448,-0.184358,-0.170604,0.561315,0.615441,1.02582,8.806826,0.122593,0.01769,0.266548,-0.241404,-0.151207,-0.454761,-0.471888,0.032089,-0.005777,3.969644,-0.036275,-0.155344,0.523498,0.6335,0.454654,0.069409,0,sparse_vegetation,grade_C_siliceous_low_25to30,25-30% Mn + SiO2>=15% (Siliceous),0.244,35.13,1625.07,1432.68,104.75,293.23,736.99,4.46,6,0.2525,0.5004,0.1417,0.126,30.03,48.93,0.434,GRID_300M_33_02,59.76760374642583,7.3,7.3,7.4,7.5,7.5,7.6,38.9,41.0,42.4,45.5,44.2,45.0,19.9,19.0,18.3,17.2,18.1,18.6,41.2,40.0,39.4,37.3,37.7,36.4,14.1,10.6,6.3,6.4,3.6,3.2,1.55,1.57,1.6,1.62,1.63,1.63,30.8,31.1,31.2,31.1,31.2,31.1,12.1,12.3,13.7,15.8,17.3,18.0,29,MB300-0828,89.29394433914429,,,,,,,,,3752.0004500916993,False,,,,,,,,,,,,,,,,,,9563.635755796533,False,True,0.0,Very Low,No Mining History (Barren Country Rock Control),Bharveli West Footwall Baseline,4940.7,GRID_BHARVELI_COMB_22_02,27.67072786212185,REAL
MASTER_33_03,33,3,21.894476,80.200847,5615.408691,331.661255,0,364,0.09,0.096985,0.129133,0.155238,0.287792,0.349602,0.26116,0.073956,0.097414,0.070618,0.219095,0.120512,0.067518,0.146099,0.030895,0.133605,0.019414,0.301646,-0.37693,-0.462223,0.135352,0.747013,1.246346,1.577562,6.995494,0.506711,-0.377094,-0.094958,-0.212444,0.560594,0.550206,0.949995,11.115416,0.205065,-0.000163,0.367265,-0.347796,-0.186419,-0.696141,-0.627567,-0.012494,-0.011481,4.188506,-0.068697,-0.22909,0.559007,0.6468,0.517255,0.228022,1,sparse_vegetation,grade_C_siliceous_low_25to30,25-30% Mn + SiO2>=15% (Siliceous),0.189,35.13,1625.07,1432.68,104.75,293.23,736.99,4.46,6,0.2525,0.5004,0.1417,0.126,30.03,48.93,0.434,GRID_300M_33_03,61.348142831173725,7.3,7.4,7.4,7.5,7.6,7.7,38.6,40.3,42.1,46.2,45.0,45.8,20.7,20.0,19.0,17.3,18.2,18.7,40.7,39.8,38.9,36.5,36.8,35.5,14.3,9.6,6.3,6.9,4.1,3.8,1.55,1.56,1.59,1.61,1.61,1.62,30.8,31.1,31.3,31.1,31.2,31.1,13.8,13.3,15.4,17.2,17.9,17.9,29,MB300-0829,88.84874103927407,,,,,,,,,3647.154838771961,False,,,,,,,,,,,,,,,,,,9565.534264436674,False,True,0.0,Very Low,Unmined Exploratory Target (Core Borehole Intercept),Manegaon Northern Strike Extension,4833.0,GRID_BHARVELI_COMB_22_03,27.842203923406597,REAL
MASTER_33_04,33,4,21.894509,80.203784,5481.495117,334.463806,0,356,0.09,0.097238,0.132473,0.154344,0.314822,0.354737,0.259149,0.077635,0.105788,0.082016,0.240315,0.16818,0.099863,0.11889,0.034102,0.172787,0.024026,0.350311,-0.410677,-0.458155,0.101707,0.728095,1.126264,1.569394,4.672287,0.487678,-0.384526,-0.214926,-0.122864,0.590795,0.699149,1.053739,10.644718,0.137367,0.026151,0.243229,-0.224571,-0.1373,-0.427116,-0.515654,0.053897,-0.010076,5.93023,-0.074507,-0.186556,0.544761,0.6294,0.438946,0.11236,1,sparse_vegetation,grade_D_manganiferous_sub25,< 25% Mn (Manganiferous/ROM dilution),0.233,34.93,1625.07,1432.68,104.75,293.23,736.99,4.46,6,0.2525,0.5004,0.1417,0.126,30.03,48.93,0.434,GRID_300M_33_04,65.95622895497239,7.3,7.4,7.4,7.4,7.5,7.5,37.8,39.0,42.1,46.2,45.1,45.8,20.9,20.3,18.8,16.8,17.7,18.3,41.2,40.6,39.1,37.0,37.2,35.9,14.9,9.9,6.8,6.1,4.0,3.6,1.54,1.56,1.59,1.6,1.6,1.6,31.2,31.8,31.7,31.9,31.9,31.8,14.3,13.9,16.0,18.4,18.2,18.0,29,MB300-0830,86.73606697330567,,,,,,,,,3565.346267544958,False,,,,,,,,,,,,,,,,,,9566.172055284193,False,True,0.0,Very Low,Unmined Exploratory Target (Core Borehole Intercept),Manegaon Northern Strike Extension,4549.7,GRID_BHARVELI_COMB_22_04,32.054688226124256,REAL
MASTER_33_05,33,5,21.894505,80.206687,5358.942871,337.348419,0,355,0.09,0.076516,0.105969,0.108918,0.293955,0.289179,0.198754,0.071537,0.096885,0.075994,0.249159,0.164557,0.091815,0.116235,0.035499,0.142192,0.020884,0.48358,-0.478602,-0.462403,0.016023,0.668955,0.968718,1.365956,5.125664,0.517263,-0.425937,-0.240218,-0.141981,0.559193,0.658575,1.052001,11.598377,0.033683,0.052665,0.222185,-0.158004,-0.109762,-0.310143,-0.313955,0.025957,-0.014615,6.395277,-0.044796,-0.124622,0.487152,0.6014,0.417075,0.014085,0,dense_vegetation,grade_D_manganiferous_sub25,< 25% Mn (Manganiferous/ROM dilution),0.252,34.93,1625.07,1432.68,104.75,293.23,736.99,4.46,6,0.2525,0.5004,0.1417,0.126,30.03,48.93,0.434,GRID_300M_33_05,65.3295500256338,7.2,7.2,7.3,7.3,7.3,7.4,38.1,39.2,42.3,46.7,45.5,45.8,21.4,20.5,19.2,17.3,18.6,19.3,40.6,40.2,38.6,36.0,35.9,34.9,15.6,11.2,7.4,5.9,4.2,3.7,1.53,1.55,1.58,1.6,1.6,1.61,30.7,31.3,31.2,31.5,31.4,31.4,14.8,15.2,17.6,19.1,18.9,18.8,29,MB300-0831,88.73744033447144,,,,,,,,,3504.4653792302784,False,,,,,,,,,,,,,,,,,,9563.860041903883,False,True,0.0,Very Low,Unmined Exploratory Target (Core Borehole Intercept),Manegaon Northern Strike Extension,4268.7,GRID_BHARVELI_COMB_22_05,31.303719406515516,REAL
MASTER_33_06,33,6,21.894505,80.209614,5250.271484,340.3862,0,358,0.09,0.095446,0.130795,0.159783,0.306648,0.37935,0.294264,0.072338,0.10194,0.078038,0.279282,0.188182,0.106668,0.095746,0.025511,0.153126,0.028019,0.332372,-0.408211,-0.488191,0.13495,0.764888,1.229007,1.635732,5.921162,0.55668,-0.457777,-0.285909,-0.141082,0.564766,0.680887,1.07384,8.706883,0.224309,-0.049566,0.202282,-0.276032,-0.200121,-0.548121,-0.561892,0.057379,0.002508,2.768853,-0.027366,-0.191168,0.559365,0.6337,0.420241,0.27933,1,sparse_vegetation,grade_C_siliceous_low_25to30,25-30% Mn + SiO2>=15% (Siliceous),0.298,34.93,1625.07,1432.68,104.75,293.23,736.99,4.46,6,0.2525,0.5004,0.1417,0.126,30.03,48.93,0.434,GRID_300M_33_06,66.21003638605404,7.2,7.2,7.3,7.3,7.3,7.4,38.1,39.6,42.5,46.8,45.6,45.9,21.1,20.1,18.9,17.2,18.5,19.1,40.8,40.4,38.6,36.1,36.0,35.0,16.0,11.3,7.4,6.0,4.0,3.6,1.53,1.54,1.59,1.6,1.61,1.62,30.7,31.3,31.2,31.5,31.5,31.4,15.0,15.4,17.8,18.7,18.6,18.4,29,MB300-0832,90.37040317902178,,,,,,,,,3468.801024949299,False,,,,,,,,,,,,,,,,,,9567.027091156306,False,True,0.0,Very Low,Unmined Exploratory Target (Core Borehole Intercept),Manegaon Northern Strike Extension,3990.5,GRID_BHARVELI_COMB_22_06,33.08973133883196,REAL
MASTER_33_07,33,7,21.894499,80.212494,5157.53125,343.490845,0,340,0.09,0.110922,0.162464,0.229466,0.309743,0.429085,0.368304,0.088436,0.129457,0.126396,0.288191,0.258789,0.172881,0.063405,0.011247,0.11985,0.022526,0.152201,-0.313461,-0.452076,0.220089,0.857386,1.389698,2.067322,11.221374,0.375624,-0.347079,-0.294421,-0.002111,0.647507,0.899953,1.395822,8.361199,0.223424,-0.033618,0.157655,-0.2222,-0.209878,-0.489745,-0.6715,0.056445,0.011279,-2.792107,-0.021553,-0.170296,0.649099,0.6992,0.399136,0.494118,1,built_up,grade_C_siliceous_low_25to30,25-30% Mn + SiO2>=15% (Siliceous),0.22,37.21,1625.07,1432.68,104.75,293.23,736.99,4.46,6,0.2525,0.5004,0.1417,0.126,30.03,48.93,0.434,GRID_300M_33_07,64.28077662540603,7.2,7.2,7.3,7.3,7.3,7.4,38.9,40.5,43.4,47.4,46.2,46.5,20.6,19.6,18.5,17.0,18.3,18.9,40.5,39.9,38.1,35.5,35.5,34.6,16.2,11.3,7.5,6.1,3.9,3.3,1.53,1.55,1.59,1.61,1.62,1.62,30.7,31.0,31.0,30.9,31.0,30.7,15.0,15.1,17.5,18.7,18.4,18.1,29,MB300-0833,92.51990186913847,,,,,,,,,3458.582932230741,False,,,,,,,,,,,,,,,,,,9578.798829930292,False,True,0.0,Very Low,Unmined Exploratory Target (Core Borehole Intercept),Manegaon Northern Strike Extension,3715.7,GRID_BHARVELI_COMB_22_07,30.08471266150272,REAL
MASTER_33_08,33,8,21.894517,80.215331,5084.154297,346.657104,0,324,0.09,0.112874,0.170975,0.257245,0.326432,0.439503,0.394045,0.092297,0.139664,0.164354,0.325929,0.356749,0.260651,0.032004,0.007787,0.109731,0.015743,0.121705,-0.313832,-0.441022,0.22565,0.895288,1.348266,2.273519,11.673379,0.337078,-0.399679,-0.433341,0.106923,0.726758,1.090964,1.752789,12.444764,0.215373,-0.085847,0.00768,-0.118726,-0.168531,-0.257302,-0.52073,0.077726,0.007956,0.812507,-0.000503,-0.082754,0.675406,0.7192,0.313255,0.645062,1,bare_rock_ore,grade_C_siliceous_low_25to30,25-30% Mn + SiO2>=15% (Siliceous),0.147,37.21,1625.07,1432.68,104.75,293.23,736.99,4.46,6,0.2525,0.5004,0.1417,0.126,30.03,48.93,0.434,GRID_300M_33_08,63.39941407768352,7.2,7.2,7.3,7.3,7.3,7.3,39.5,41.2,43.9,47.9,46.8,47.1,20.4,19.3,18.3,16.8,18.0,18.6,40.1,39.4,37.8,35.3,35.2,34.3,16.6,11.8,7.6,6.1,3.8,3.3,1.53,1.55,1.58,1.61,1.62,1.63,30.5,30.8,30.8,30.8,30.6,30.5,14.7,14.3,17.8,19.2,19.2,19.1,29,MB300-0834,92.2182855477406,,,,,,,,,3458.959844194546,False,,,,,,,,,,,,,,,,,,9602.055092103603,False,True,0.0,Very Low,Unmined Exploratory Target (Core Borehole Intercept),Manegaon Northern Strike Extension,3445.0,GRID_BHARVELI_COMB_22_08,24.770415023357966,REAL
MASTER_33_09,33,9,21.894501,80.21828,5021.076172,350.027466,0,354,0.09,0.078216,0.111898,0.142732,0.284928,0.339871,0.262118,0.065834,0.095356,0.077966,0.315581,0.265121,0.154445,0.128729,0.028194,0.235048,0.042613,0.346452,-0.440276,-0.506826,0.133667,0.762977,1.19089,1.787474,6.129232,0.606967,-0.536878,-0.470342,-0.057925,0.577163,0.839849,1.167649,8.038745,0.260514,-0.096603,0.036483,-0.191592,-0.185814,-0.351041,-0.619824,0.106319,0.014419,1.907377,0.030652,-0.07475,0.577934,0.6866,0.322595,0.144068,1,sparse_vegetation,grade_B_blast_furnace_25to44,25-44% Mn (BF + Medium grade),0.436,37.21,1625.07,1432.68,104.75,293.23,736.99,4.46,6,0.2525,0.5004,0.1417,0.126,30.03,48.93,0.434,GRID_300M_33_09,63.22316934518224,7.1,7.1,7.1,7.3,7.3,7.3,39.4,41.5,43.7,47.2,46.0,46.4,20.2,18.9,18.1,16.6,17.9,18.7,40.4,39.6,38.2,36.2,36.0,35.0,17.7,12.9,7.6,6.1,3.9,3.4,1.51,1.53,1.57,1.6,1.61,1.62,30.1,30.5,30.5,30.4,30.2,30.1,15.4,15.3,19.7,21.1,21.4,22.2,29,MB300-0835,95.2926647465514,,,,,,,,,3455.6658502895766,False,,,,,,,,,,,,,,,,,,9631.790681386661,False,True,0.0,Very Low,Unmined Exploratory Target (Core Borehole Intercept),Manegaon Northern Strike Extension,3179.6,GRID_BHARVELI_COMB_22_09,27.318719764580447,REAL
MASTER_33_10,33,10,21.894551,80.221182,4983.515137,353.42627,0,330,0.09,0.066717,0.093472,0.096483,0.285541,0.283343,0.192082,0.058616,0.081045,0.057112,0.299912,0.204492,0.10524,0.189532,0.044899,0.270173,0.06482,0.499088,-0.507335,-0.503678,0.033331,0.6725,0.996271,1.428864,5.408752,0.679053,-0.57327,-0.431092,-0.156894,0.513171,0.683463,0.970868,5.743591,0.179966,-0.065935,0.072586,-0.190225,-0.159329,-0.312808,-0.457996,0.080641,0.019921,0.334307,0.014372,-0.078852,0.497642,0.6256,0.340507,0.009091,0,dense_vegetation,grade_C_siliceous_low_25to30,25-30% Mn + SiO2>=15% (Siliceous),0.425,34.99,1625.07,1432.68,104.75,293.23,736.99,4.46,6,0.2525,0.5004,0.1417,0.126,30.03,48.93,0.434,GRID_300M_33_10,68.17366780065132,6.7,6.7,6.7,6.9,7.0,7.0,39.0,41.2,42.9,45.7,44.5,45.0,20.2,18.9,18.3,17.0,18.3,19.2,40.8,39.9,38.8,37.4,37.2,35.9,18.8,13.6,8.0,6.0,4.0,3.6,1.5,1.52,1.55,1.58,1.59,1.59,29.9,30.3,30.3,30.2,30.0,30.0,15.7,15.8,19.9,21.4,21.7,23.0,29,MB300-0836,91.28713637515341,,,,,,,,,3459.7834171216555,False,,,,,,,,,,,,,,,,,,9677.576596346724,False,True,0.0,Very Low,Unmined Exploratory Target (Core Borehole Intercept),Manegaon Northern Strike Extension,2921.0,GRID_BHARVELI_COMB_22_10,29.77819980307655,REAL
MASTER_33_11,33,11,21.894549,80.224099,4957.880859,356.878357,0,330,0.09,0.062591,0.088272,0.084507,0.277988,0.268412,0.169728,0.054148,0.073999,0.046909,0.302961,0.183984,0.086703,0.192599,0.053221,0.319154,0.065983,0.533877,-0.517447,-0.504745,0.01684,0.630834,0.970028,1.345778,4.860756,0.730178,-0.605323,-0.42147,-0.216117,0.469849,0.606183,0.865133,7.398124,0.196301,-0.087876,0.083274,-0.232956,-0.160984,-0.363845,-0.480645,0.126554,0.012761,2.539185,0.024973,-0.084428,0.48475,0.5675,0.352197,0.0,0,dense_vegetation,non_ore,Background,0.594,34.99,1625.07,1432.68,104.75,293.23,736.99,4.46,6,0.2525,0.5004,0.1417,0.126,30.03,48.93,0.434,GRID_300M_33_11,68.25844541693456,6.5,6.5,6.5,6.6,6.7,6.8,38.4,40.3,42.2,44.8,44.0,44.7,20.0,18.9,18.2,17.0,18.3,19.1,41.6,40.8,39.5,38.2,37.7,36.3,19.4,14.0,8.3,6.0,4.3,3.9,1.5,1.52,1.54,1.56,1.58,1.58,29.5,30.1,30.0,30.0,29.9,29.7,16.5,16.4,20.3,22.2,22.8,24.6,29,MB300-0837,93.06443769358074,,,,,,,,,3458.0163765801904,False,,,,,,,,,,,,,,,,,,9726.975977709704,False,True,0.0,Very Low,Unmined Exploratory Target (Core Borehole Intercept),Manegaon Northern Strike Extension,2671.0,GRID_BHARVELI_COMB_22_11,30.378530879026478,REAL
MASTER_33_12,33,12,21.894549,80.227016,4950.636719,0.352801,0,330,0.09,0.057956,0.085314,0.074396,0.288313,0.247021,0.147365,0.056728,0.074299,0.047676,0.295682,0.182443,0.084643,0.199209,0.049649,0.289455,0.057245,0.58886,-0.542547,-0.48564,-0.038044,0.595009,0.862421,1.280604,5.491684,0.722325,-0.598307,-0.421439,-0.209694,0.463765,0.617993,0.840817,6.526916,0.133464,-0.05576,0.0642,-0.17165,-0.131244,-0.244428,-0.439788,0.090246,0.007596,1.035524,0.007369,-0.064578,0.46047,0.5544,0.337872,0.0,0,dense_vegetation,non_ore,Background,0.622,34.99,1625.07,1432.68,104.75,293.23,736.99,4.46,6,0.2525,0.5004,0.1417,0.126,30.03,48.93,0.434,GRID_300M_33_12,68.59893624415783,6.3,6.3,6.4,6.5,6.5,6.6,37.6,39.1,41.6,43.8,43.4,43.8,19.5,18.6,17.9,17.2,18.4,19.2,42.9,42.3,40.5,39.0,38.2,37.0,22.9,16.8,8.6,5.8,5.6,4.9,1.47,1.49,1.51,1.54,1.55,1.56,28.8,29.8,29.6,29.8,29.8,29.5,16.5,16.6,19.2,21.9,22.7,24.9,29,MB300-0838,94.63830150530507,,,,,,,,,3456.473637155803,False,,,,,,,,,,,,,,,,,,9785.630746555405,False,True,0.0,Low,Unmined Exploratory Target (Core Borehole Intercept),Manegaon Northern Strike Extension,2432.3,GRID_BHARVELI_COMB_22_12,31.043169304400955,REAL
MASTER_33_13,33,13,21.89455,80.229933,4961.610352,3.825363,0,330,0.09,0.056954,0.084165,0.073134,0.283652,0.24429,0.14444,0.057465,0.074095,0.047398,0.298708,0.180664,0.082433,0.209287,0.043513,0.318343,0.055797,0.589252,-0.541722,-0.486843,-0.035733,0.590255,0.865645,1.281918,6.498133,0.725962,-0.602331,-0.41823,-0.21911,0.456021,0.605775,0.825799,8.425816,0.13671,-0.060609,0.068613,-0.183377,-0.134234,-0.25987,-0.45612,0.109056,0.012284,1.927682,0.015056,-0.063626,0.462032,0.5495,0.341605,0.0,0,dense_vegetation,non_ore,Background,0.615,33.82,1625.07,1432.68,104.75,293.23,736.99,4.46,6,0.2525,0.5004,0.1417,0.126,30.03,48.93,0.434,GRID_300M_33_13,69.0531040261106,6.2,6.2,6.3,6.4,6.5,6.5,37.6,38.6,40.7,43.0,42.6,42.9,20.2,19.5,19.1,18.4,19.4,20.2,42.2,41.8,40.1,38.6,38.0,36.8,25.7,18.4,9.7,6.0,4.3,3.6,1.45,1.47,1.48,1.53,1.53,1.54,28.8,29.9,29.6,29.7,29.7,29.4,17.0,17.2,19.4,21.5,22.1,24.1,29,MB300-0839,96.00789047479346,,,,,,,,,3455.154142884605,False,,,,,,,,,,,,,,,,,,9848.499743770804,False,True,0.0,Low,Unmined Exploratory Target (Core Borehole Intercept),Manegaon Northern Strike Extension,2208.6,GRID_BHARVELI_COMB_22_13,31.864005647994738,REAL
MASTER_33_14,33,14,21.89455,80.232849,4990.676758,7.269322,0,330,0.09,0.05665,0.084393,0.073486,0.289162,0.236112,0.139483,0.055048,0.07441,0.046024,0.319951,0.184577,0.082348,0.225314,0.047854,0.307393,0.061298,0.593493,-0.547183,-0.472743,-0.055648,0.589546,0.822232,1.294479,5.844084,0.747938,-0.622227,-0.425398,-0.238056,0.446041,0.578256,0.836049,7.112252,0.154445,-0.075044,0.047346,-0.182408,-0.143505,-0.243977,-0.458429,0.082079,0.013445,1.268062,0.030789,-0.051535,0.458053,0.5676,0.334729,0.0,0,dense_vegetation,non_ore,Background,0.624,33.82,1625.07,1432.68,104.75,293.23,736.99,4.46,6,0.2525,0.5004,0.1417,0.126,30.03,48.93,0.434,GRID_300M_33_14,69.37392431821594,6.2,6.2,6.3,6.4,6.4,6.5,38.8,39.4,41.2,42.8,42.3,42.9,21.7,21.3,21.0,20.5,21.3,22.2,39.5,39.2,37.7,36.7,36.4,34.9,27.6,19.3,10.5,6.6,4.3,3.6,1.41,1.43,1.44,1.49,1.51,1.51,29.4,30.5,30.3,30.2,30.1,29.9,18.3,18.4,21.1,22.8,22.8,24.3,29,MB300-0840,97.61282855845093,,,,,,,,,3453.610194536384,False,,,,,,,,,,,,,,,,,,9843.791583813387,False,True,0.0,Low,Unmined Exploratory Target (Core Borehole Intercept),Manegaon Northern Strike Extension,2005.0,GRID_BHARVELI_COMB_22_14,32.45768356414676,REAL
MASTER_33_15,33,15,21.894549,80.235717,5036.578613,10.605638,0,319,0.09,0.056793,0.084386,0.078276,0.28832,0.251307,0.149889,0.054343,0.067516,0.042318,0.254092,0.137542,0.060201,0.207364,0.042331,0.281111,0.064737,0.570191,-0.545365,-0.495325,-0.023925,0.593818,0.884612,1.374625,6.331645,0.700242,-0.56357,-0.309848,-0.268907,0.437624,0.532089,0.777045,6.26231,0.130051,-0.018205,0.185477,-0.244981,-0.156193,-0.352523,-0.59758,0.073747,0.022406,-0.042345,-0.034228,-0.113765,0.47989,0.5794,0.405546,0.0,0,dense_vegetation,non_ore,Background,0.638,33.82,1625.07,1432.68,104.75,293.23,736.99,4.46,6,0.2525,0.5004,0.1417,0.126,30.03,48.93,0.434,GRID_300M_33_15,67.71553801941442,6.2,6.2,6.2,6.4,6.4,6.5,40.4,40.7,42.5,44.3,43.4,44.1,23.2,23.0,22.5,21.4,22.2,22.9,36.5,36.3,35.0,34.3,34.4,33.0,28.4,19.7,10.8,6.9,4.5,3.8,1.36,1.39,1.39,1.46,1.47,1.47,30.6,31.5,31.5,31.2,31.0,30.9,21.0,22.1,24.0,24.6,25.4,26.6,29,MB300-0841,99.07673952041392,,,,,,,,,3452.010963287517,False,,,,,,,,,,,,,,,,,,9844.910855515986,False,True,0.0,Low,Unmined Exploratory Target (Core Borehole Intercept),Manegaon Northern Strike Extension,1828.1,GRID_BHARVELI_COMB_22_15,29.074182660388228,REAL
MASTER_33_16,33,16,21.894565,80.238553,5100.091797,13.829391,0,318,0.09,0.064809,0.088431,0.089977,0.243422,0.255093,0.178931,0.214301,0.218019,0.192819,0.387811,0.298731,0.197558,0.14037,0.041367,0.219005,0.046336,0.45651,-0.463814,-0.485354,0.05702,0.70049,1.063834,1.38851,4.200774,0.381524,-0.316201,-0.188683,-0.119173,0.635912,0.757547,0.887115,5.946723,-0.074986,0.147613,0.296671,-0.176193,-0.064578,-0.306288,-0.501395,0.078635,0.004969,1.746184,0.144389,0.043638,0.499258,0.5643,0.450192,0.0,0,sparse_vegetation,non_ore,Background,0.517,33.2,1625.07,1432.68,104.75,293.23,736.99,4.46,6,0.2525,0.5004,0.1417,0.126,30.03,48.93,0.434,GRID_300M_33_16,67.2898329131193,6.2,6.2,6.2,6.3,6.4,6.5,41.6,42.1,43.2,45.0,44.2,44.8,23.4,23.2,22.9,21.6,22.5,23.1,35.0,34.8,33.9,33.3,33.3,32.1,29.7,22.7,10.9,7.4,5.1,4.0,1.35,1.38,1.39,1.45,1.46,1.46,30.9,31.8,31.8,31.3,31.3,31.3,21.9,23.6,25.5,26.7,27.5,28.5,16,MB300-0842,99.05950872694315,,,,,,,,,3452.1659429076385,False,,,,,,,,,,,,,,,,,,9846.289267429558,False,True,0.0,Low,Unmined Exploratory Target (Core Borehole Intercept),Manegaon Northern Strike Extension,1686.4,GRID_BHARVELI_COMB_22_16,25.08116793684209,REAL
MASTER_33_17,33,17,21.894594,80.241502,5184.260742,17.083641,0,300,0.09,0.082493,0.107273,0.108498,0.260168,0.262791,0.189796,0.12872,0.144061,0.107806,0.413514,0.261328,0.132259,0.113349,0.026046,0.142526,0.030394,0.407453,-0.412211,-0.420665,0.040781,0.721377,1.027107,1.312667,6.112469,0.591034,-0.486295,-0.294352,-0.191143,0.505332,0.632538,0.830817,6.064727,0.183581,-0.074084,0.126313,-0.231924,-0.216044,-0.394569,-0.48185,0.029177,0.004347,-0.045876,0.153347,-0.001463,0.486997,0.5774,0.393368,0.026667,0,sparse_vegetation,grade_D_manganiferous_sub25,< 25% Mn (Manganiferous/ROM dilution),0.458,33.2,1625.07,1432.68,104.75,293.23,736.99,4.46,6,0.2525,0.5004,0.1417,0.126,30.03,48.93,0.434,GRID_300M_33_17,71.4919225558025,6.2,6.2,6.2,6.3,6.3,6.4,42.2,43.2,44.2,46.2,45.2,45.6,23.1,22.6,22.4,21.3,22.2,22.8,34.7,34.2,33.4,32.5,32.6,31.6,35.5,26.7,12.7,9.5,7.3,6.0,1.34,1.37,1.38,1.45,1.45,1.45,32.9,33.7,33.5,32.9,33.2,33.5,24.3,26.5,28.1,29.5,28.8,30.8,16,MB300-0843,97.08693029685736,,,,,,,,,3453.990876094673,False,,,,,,,,,,,,,,,,,,9849.498436922871,False,True,0.0,Low,Unmined Exploratory Target (Core Borehole Intercept),Manegaon Northern Strike Extension,1589.3,GRID_BHARVELI_COMB_22_17,30.24258153310335,REAL
MASTER_33_18,33,18,21.89459,80.244439,5280.58252,20.224539,0,294,0.09,0.081484,0.106414,0.105184,0.261643,0.24923,0.177084,0.083093,0.101591,0.065417,0.392094,0.227604,0.104901,0.146026,0.03209,0.148265,0.042059,0.42718,-0.421363,-0.403398,0.014941,0.708929,0.960554,1.288072,6.636973,0.72214,-0.596137,-0.393725,-0.238814,0.458652,0.580452,0.787253,6.043182,0.29496,-0.174773,0.009673,-0.253754,-0.250277,-0.380102,-0.500819,0.002239,0.009969,-0.557261,0.130451,-0.021626,0.476059,0.5547,0.345209,0.0,0,sparse_vegetation,non_ore,Background,0.395,33.2,1625.07,1432.68,104.75,293.23,736.99,4.46,6,0.2525,0.5004,0.1417,0.126,30.03,48.93,0.434,GRID_300M_33_18,71.95822717534965,6.1,6.1,6.2,6.2,6.3,6.4,42.9,44.1,44.3,47.1,45.7,46.1,22.3,21.5,21.7,20.4,21.5,22.2,34.8,34.4,34.0,32.5,32.8,31.7,36.9,29.5,13.6,10.1,9.3,7.7,1.33,1.36,1.37,1.44,1.44,1.44,33.5,34.2,33.9,33.5,33.9,34.4,26.3,28.6,30.5,30.4,29.6,30.5,16,MB300-0844,99.08859132322411,,,,,,,,,3469.907699739358,False,,,,,,,,,,,,,,,,,,9849.043370058169,False,True,0.0,Low,Unmined Exploratory Target (Core Borehole Intercept),Manegaon Northern Strike Extension,1545.3,GRID_BHARVELI_COMB_22_18,31.847387677125628,REAL
MASTER_33_19,33,19,21.894594,80.247336,5391.478027,23.200508,0,300,0.09,0.075076,0.095405,0.106175,0.218283,0.247965,0.191838,0.057397,0.078407,0.046551,0.353662,0.211638,0.097242,0.381461,0.079328,0.977014,0.187932,0.345512,-0.390539,-0.445125,0.093313,0.772534,1.144292,1.412779,5.349112,0.76719,-0.63708,-0.459601,-0.228388,0.458796,0.599454,0.811343,6.59739,0.421677,-0.246541,-0.014476,-0.321701,-0.313737,-0.544838,-0.601436,0.595554,0.108604,1.248298,0.135379,-0.036327,0.514047,0.57,0.334837,0.11,1,sparse_vegetation,grade_C_siliceous_low_25to30,25-30% Mn + SiO2>=15% (Siliceous),0.467,33.2,1625.07,1432.68,104.75,293.23,736.99,4.46,6,0.2525,0.5004,0.1417,0.126,30.03,48.93,0.434,GRID_300M_33_19,71.99909770536311,6.1,6.1,6.1,6.2,6.3,6.4,42.9,44.0,44.1,46.9,45.3,45.6,21.4,20.7,21.0,19.6,20.8,21.5,35.7,35.3,34.9,33.5,33.9,32.9,38.7,30.1,13.9,10.0,8.8,7.4,1.33,1.37,1.38,1.45,1.44,1.45,33.3,34.2,33.7,33.6,34.1,34.6,25.9,27.5,28.6,30.1,29.5,30.0,16,MB300-0845,100.08100018306602,,,,,,,,,3512.1934042764883,False,,,,,,,,,,,,,,,,,,9850.055029719268,False,True,0.0,Low,Unmined Exploratory Target (Core Borehole Intercept),Manegaon Northern Strike Extension,1558.8,GRID_BHARVELI_COMB_22_19,31.39385254466054,REAL
MASTER_33_20,33,20,21.894594,80.250252,5516.741699,26.070103,0,300,0.09,0.097335,0.118648,0.141859,0.214016,0.27039,0.222863,0.067796,0.095958,0.055624,0.392844,0.246006,0.119283,0.487078,0.103663,1.036802,0.217033,0.203041,-0.285914,-0.390231,0.139333,0.824109,1.268499,1.455666,6.199853,0.751671,-0.607337,-0.439138,-0.208296,0.484542,0.62718,0.820581,5.792498,0.54863,-0.321423,-0.048907,-0.347629,-0.339566,-0.641319,-0.635085,0.549724,0.113371,-0.407354,0.178827,-0.024384,0.542439,0.5792,0.336057,0.656667,1,mixed_agricultural,grade_C_siliceous_low_25to30,25-30% Mn + SiO2>=15% (Siliceous),0.257,33.29,1625.07,1432.68,104.75,293.23,736.99,4.46,6,0.2525,0.5004,0.1417,0.126,30.03,48.93,0.434,GRID_300M_33_20,72.2513132925984,6.2,6.2,6.2,6.3,6.4,6.5,42.8,43.8,43.4,46.5,44.5,44.9,20.8,20.0,20.5,19.3,20.6,21.3,36.3,36.2,36.0,34.2,34.9,33.8,37.5,28.4,14.1,9.9,8.0,6.6,1.36,1.41,1.42,1.47,1.46,1.47,34.1,34.5,34.2,34.2,34.6,35.2,26.2,26.9,28.2,29.8,29.4,29.9,16,MB300-0846,101.54702357293324,,,,,,,,,3579.1820149872037,False,,,,,,,,,,,,,,,,,,9847.043197018846,False,True,0.0,Low,Unmined Exploratory Target (Core Borehole Intercept),Manegaon Northern Strike Extension,1628.4,GRID_BHARVELI_COMB_22_20,31.883951898699024,REAL
MASTER_33_21,33,21,21.894596,80.253169,5655.44043,28.804838,0,300,0.09,0.093053,0.117371,0.143818,0.22612,0.283535,0.225276,0.066573,0.092471,0.054255,0.385333,0.241096,0.115591,0.209699,0.053387,0.413105,0.094577,0.219602,-0.313819,-0.414607,0.145746,0.794683,1.26689,1.545581,5.045771,0.752655,-0.612546,-0.445753,-0.20924,0.479052,0.62712,0.814679,6.392542,0.533054,-0.298727,-0.031146,-0.354986,-0.31563,-0.63977,-0.730902,0.203405,0.04119,1.348117,0.159212,-0.042439,0.5595,0.6018,0.339317,0.65,1,sparse_vegetation,grade_C_siliceous_low_25to30,25-30% Mn + SiO2>=15% (Siliceous),0.239,33.29,1625.07,1432.68,104.75,293.23,736.99,4.46,6,0.2525,0.5004,0.1417,0.126,30.03,48.93,0.434,GRID_300M_33_21,72.75609240212587,6.5,6.5,6.5,6.6,6.6,6.7,43.0,43.8,43.8,46.9,44.9,45.4,20.4,19.7,20.0,18.7,19.9,20.6,36.7,36.5,36.2,34.4,35.1,34.0,35.6,26.3,14.5,10.1,7.7,6.5,1.39,1.44,1.45,1.49,1.48,1.47,34.2,34.5,34.3,34.2,34.5,35.1,25.9,26.4,27.5,29.4,28.9,29.4,16,MB300-0847,102.80839651489045,,,,,,,,,3670.0039229538384,False,,,,,,,,,,,,,,,,,,9843.339961498375,False,True,0.0,Low,Unmined Exploratory Target (Core Borehole Intercept),Manegaon Northern Strike Extension,1747.5,GRID_BHARVELI_COMB_22_21,32.61471458102204,REAL
MASTER_33_22,33,22,21.894591,80.256062,5804.453125,31.386305,0,295,0.09,0.087274,0.108916,0.133171,0.207424,0.269335,0.221333,0.072861,0.091515,0.05934,0.321015,0.197584,0.097352,0.490538,0.092577,1.04766,0.17237,0.217485,-0.309752,-0.424407,0.154782,0.821898,1.307336,1.523992,7.587539,0.691031,-0.557222,-0.368858,-0.21328,0.490354,0.615141,0.803396,7.700665,0.473546,-0.24747,0.055548,-0.368062,-0.331544,-0.692195,-0.720596,0.557122,0.079793,0.122766,0.113591,-0.071752,0.554735,0.6056,0.380828,0.515254,1,sparse_vegetation,grade_C_siliceous_low_25to30,25-30% Mn + SiO2>=15% (Siliceous),0.249,33.49,1625.07,1432.68,104.75,293.23,736.99,4.46,6,0.2525,0.5004,0.1417,0.126,30.03,48.93,0.434,GRID_300M_33_22,71.74310651636779,6.5,6.5,6.5,6.5,6.6,6.7,42.8,43.5,43.6,46.9,44.4,44.9,20.2,19.4,19.8,18.5,20.0,20.7,37.0,37.0,36.6,34.6,35.7,34.4,36.5,27.0,14.8,11.0,7.3,6.3,1.42,1.46,1.46,1.5,1.5,1.49,34.2,34.5,34.2,34.1,34.4,35.1,27.0,26.2,27.8,31.5,31.0,31.6,16,MB300-0848,104.77907233450787,,,,,,,,,3781.0004655748758,False,,,,,,,,,,,,,,,,,,9844.562255200166,False,True,0.0,Low,Unmined Exploratory Target (Core Borehole Intercept),Manegaon Northern Strike Extension,1906.7,GRID_BHARVELI_COMB_22_22,31.14716295666271,REAL
MASTER_33_23,33,23,21.894624,80.258893,5964.609863,33.760372,0,277,0.09,0.071343,0.09523,0.098248,0.226186,0.242832,0.183287,0.071881,0.083443,0.055527,0.27731,0.1669,0.07909,0.306575,0.062317,0.49192,0.084445,0.382863,-0.397963,-0.436248,0.07021,0.752062,1.118414,1.371958,6.456207,0.658469,-0.525552,-0.304914,-0.232718,0.46758,0.586575,0.761505,7.551957,0.275606,-0.127589,0.131335,-0.302929,-0.284483,-0.531839,-0.610453,0.185345,0.022128,1.09575,0.051124,-0.075932,0.501502,0.5789,0.403454,0.155235,1,sparse_vegetation,grade_C_siliceous_low_25to30,25-30% Mn + SiO2>=15% (Siliceous),0.46,33.49,1625.07,1432.68,104.75,293.23,736.99,4.46,6,0.2525,0.5004,0.1417,0.126,30.03,48.93,0.434,GRID_300M_33_23,73.32326892869061,6.3,6.3,6.3,6.4,6.5,6.6,42.3,43.1,43.7,46.9,44.8,45.3,20.6,19.8,20.0,18.6,19.9,20.6,37.2,37.2,36.3,34.5,35.3,34.1,36.1,27.8,14.3,10.8,8.6,7.5,1.41,1.46,1.46,1.5,1.5,1.49,34.0,34.3,34.1,33.9,34.2,34.8,26.8,25.9,27.9,32.1,32.0,33.3,16,MB300-0849,102.76697330311731,,,,,,,,,3912.469566832185,False,,,,,,,,,,,,,,,,,,9847.838843715163,False,True,0.0,Low,Unmined Exploratory Target (Core Borehole Intercept),Manegaon Northern Strike Extension,2097.1,GRID_BHARVELI_COMB_22_23,29.619862606419513,REAL
MASTER_33_24,33,24,21.894641,80.261628,6127.164551,35.94146,0,234,0.09,0.065399,0.089597,0.095256,0.23485,0.264256,0.196553,0.123119,0.129619,0.118882,0.195383,0.150877,0.120712,0.196377,0.053068,0.418377,0.074143,0.419233,-0.443381,-0.492568,0.088775,0.74257,1.143762,1.448263,4.713981,0.37728,-0.295311,-0.10637,-0.153413,0.678194,0.699276,0.88843,8.534948,-0.041954,0.14807,0.386197,-0.242188,-0.064376,-0.444486,-0.559833,0.222,0.021075,3.771192,-0.039468,-0.113379,0.51368,0.5833,0.502071,0.034188,0,sparse_vegetation,grade_D_manganiferous_sub25,< 25% Mn (Manganiferous/ROM dilution),0.476,33.49,1625.07,1432.68,104.75,293.23,736.99,4.46,6,0.2525,0.5004,0.1417,0.126,30.03,48.93,0.434,GRID_300M_33_24,74.03193136507163,6.3,6.3,6.3,6.4,6.5,6.6,41.1,41.8,43.7,46.0,44.9,45.4,21.1,20.6,20.2,18.8,19.9,20.6,37.7,37.7,36.1,35.2,35.1,34.1,35.9,28.1,14.7,11.3,10.8,9.6,1.39,1.43,1.44,1.49,1.49,1.48,32.5,32.8,32.6,32.5,32.7,32.8,25.9,26.4,27.4,29.9,29.8,31.6,16,MB300-0850,104.66692336774891,,,,,,,,,4054.090458033751,False,,,,,,,,,,,,,,,,,,9849.402960940788,False,True,0.0,Low,Unmined Exploratory Target (Core Borehole Intercept),Manegaon Northern Strike Extension,2310.8,GRID_BHARVELI_COMB_22_24,28.908713001568696,REAL
