timestamp,pit_id,shift_type,target_production_tonnes,planned_operating_hours,workers_available,workers_scheduled,excavators_available,dump_trucks_operational,rainfall_intensity_mm,cumulative_rainfall_72h,soil_moisture_index,surface_water_pooling_pct,previous_shift_production_tonnes,previous_day_production_tonnes,actual_production_tonnes,shortfall_tonnes,shortfall_percentage,shortfall_class,land_surface_temperature_c,excavators_scheduled,excavator_downtime_hours,dump_trucks_assigned,dumper_cycle_time_minutes,latitude,longitude
2024-01-01 06:00:00,BAL_DEEP_LEVEL_3,Shift_1_Morning,565.5,8.0,23.0,24,4,13,1.0,7.9,0.24,5.9,517.5,431.6,535.5,30.0,5.31,Normal (<10%),27.2,5,0.04,13,20.0,21.8064,80.1876
2024-01-01 14:00:00,UKWA_EXTENSION,Shift_2_Evening,552.9,8.0,19.0,20,3,16,2.1,7.7,0.17,12.9,470.3,555.9,527.1,25.8,4.67,Normal (<10%),25.6,3,0.72,17,19.7,21.7932,80.2015
2024-01-01 22:00:00,BAL_NORTH_PIT,Shift_3_Night,514.7,8.0,20.0,22,3,14,1.2,4.6,0.17,8.0,460.7,538.4,307.5,207.2,40.26,Critical (>25%),28.5,3,0.43,17,20.3,21.8121,80.1843
2024-01-02 06:00:00,BAL_DEEP_LEVEL_3,Shift_1_Morning,591.2,7.5,19.0,20,3,16,0.1,2.0,0.24,0.1,593.1,409.5,527.3,63.9,10.81,Alert (10-25%),28.6,3,0.18,17,19.9,21.8064,80.1876
2024-01-02 14:00:00,BAL_DEEP_LEVEL_3,Shift_2_Evening,440.1,7.5,25.0,26,4,16,0.3,4.2,0.21,0.0,479.5,473.8,402.6,37.5,8.52,Normal (<10%),24.3,4,0.75,16,19.5,21.8064,80.1876
2024-01-02 22:00:00,UKWA_EXTENSION,Shift_3_Night,421.9,7.5,19.0,20,4,12,0.4,7.6,0.17,10.8,457.6,498.2,368.7,53.2,12.61,Alert (10-25%),25.2,5,0.44,15,20.6,21.7932,80.2015
2024-01-03 06:00:00,BAL_NORTH_PIT,Shift_1_Morning,570.8,7.5,24.0,26,4,12,0.4,5.2,0.2,0.0,483.3,470.0,530.0,40.8,7.15,Normal (<10%),27.4,5,0.57,13,19.4,21.8121,80.1843
2024-01-03 14:00:00,BAL_NORTH_PIT,Shift_2_Evening,487.8,8.0,24.0,26,3,14,1.3,4.3,0.15,7.6,473.3,492.4,472.2,15.6,3.2,Normal (<10%),27.1,4,0.86,14,19.9,21.8121,80.1843
2024-01-03 22:00:00,BAL_DEEP_LEVEL_3,Shift_3_Night,569.4,8.0,18.0,18,4,14,1.1,7.4,0.21,2.3,476.5,575.0,521.1,48.3,8.48,Normal (<10%),26.9,5,0.37,14,20.5,21.8064,80.1876
2024-01-04 06:00:00,BAL_SOUTH_PIT,Shift_1_Morning,578.6,8.0,16.0,18,3,16,0.3,4.6,0.17,0.0,510.2,469.4,578.6,0.0,0.0,Normal (<10%),26.1,3,0.37,16,21.1,21.8005,80.1901
2024-01-04 14:00:00,BAL_DEEP_LEVEL_3,Shift_2_Evening,412.5,8.0,19.0,20,3,12,0.1,2.1,0.23,0.0,536.1,430.7,393.3,19.2,4.65,Normal (<10%),28.6,4,1.03,13,19.3,21.8064,80.1876
2024-01-04 22:00:00,BAL_DEEP_LEVEL_3,Shift_3_Night,576.7,7.5,24.0,26,3,12,0.3,11.9,0.29,16.1,464.4,442.2,475.8,100.9,17.5,Alert (10-25%),27.3,3,0.46,15,22.3,21.8064,80.1876
2024-01-05 06:00:00,BAL_DEEP_LEVEL_3,Shift_1_Morning,489.7,8.0,20.0,22,4,12,6.2,17.5,0.15,10.7,450.5,405.5,482.8,6.9,1.41,Normal (<10%),26.6,4,0.77,12,18.0,21.8064,80.1876
2024-01-05 14:00:00,BAL_DEEP_LEVEL_3,Shift_2_Evening,502.1,7.5,20.0,22,3,16,0.9,5.1,0.23,0.0,418.9,430.8,439.9,62.2,12.39,Alert (10-25%),28.7,3,0.74,18,21.3,21.8064,80.1876
2024-01-05 22:00:00,UKWA_EXTENSION,Shift_3_Night,525.3,8.0,22.0,24,3,12,3.0,17.9,0.17,11.7,467.3,466.1,484.7,40.6,7.73,Normal (<10%),27.1,4,0.7,15,19.8,21.7932,80.2015
2024-01-06 06:00:00,BAL_NORTH_PIT,Shift_1_Morning,585.3,8.0,22.0,24,3,12,2.8,14.8,0.27,7.0,482.7,607.6,541.8,43.5,7.43,Normal (<10%),24.7,5,0.3,15,20.7,21.8121,80.1843
2024-01-06 14:00:00,UKWA_EXTENSION,Shift_2_Evening,403.8,8.0,20.0,22,3,12,1.1,7.8,0.32,2.5,465.3,388.1,174.7,229.1,56.74,Critical (>25%),26.8,4,0.37,13,21.1,21.7932,80.2015
2024-01-06 22:00:00,UKWA_EXTENSION,Shift_3_Night,495.4,7.5,17.0,18,3,12,1.8,15.5,0.26,7.9,428.2,415.9,417.9,77.5,15.64,Alert (10-25%),24.6,5,1.23,12,19.9,21.7932,80.2015
2024-01-07 06:00:00,UKWA_EXTENSION,Shift_1_Morning,537.5,7.5,22.0,26,3,13,0.3,7.0,0.25,4.7,422.4,347.4,198.8,338.7,63.01,Critical (>25%),28.1,3,0.0,13,19.2,21.7932,80.2015
2024-01-07 14:00:00,BAL_DEEP_LEVEL_3,Shift_2_Evening,544.5,8.0,18.0,20,4,13,1.7,8.4,0.28,9.4,414.9,545.1,510.2,34.3,6.3,Normal (<10%),26.4,4,0.3,16,20.9,21.8064,80.1876
2024-01-07 22:00:00,BAL_SOUTH_PIT,Shift_3_Night,538.5,8.0,21.0,22,3,14,0.5,3.6,0.26,0.0,392.7,396.7,275.4,263.1,48.86,Critical (>25%),26.7,5,1.1,14,20.5,21.8005,80.1901
2024-01-08 06:00:00,BAL_NORTH_PIT,Shift_1_Morning,426.9,8.0,20.0,22,3,16,2.7,9.6,0.29,13.2,447.0,422.3,185.7,241.2,56.5,Critical (>25%),25.3,3,0.84,16,19.4,21.8121,80.1843
2024-01-08 14:00:00,BAL_SOUTH_PIT,Shift_2_Evening,459.9,7.5,16.0,18,4,13,0.1,3.2,0.24,0.0,462.3,385.9,413.5,46.4,10.09,Alert (10-25%),28.9,5,0.53,15,20.4,21.8005,80.1901
2024-01-08 22:00:00,UKWA_EXTENSION,Shift_3_Night,471.7,7.5,22.0,24,3,12,2.2,9.0,0.21,7.3,549.2,441.2,407.4,64.3,13.63,Alert (10-25%),26.6,3,0.21,14,20.2,21.7932,80.2015
2024-01-09 06:00:00,UKWA_EXTENSION,Shift_1_Morning,560.9,7.5,24.0,26,4,11,0.2,14.5,0.3,9.4,389.2,430.3,227.6,333.3,59.42,Critical (>25%),25.2,4,0.38,13,22.3,21.7932,80.2015
2024-01-09 14:00:00,BAL_SOUTH_PIT,Shift_2_Evening,455.8,8.0,19.0,20,3,14,3.2,14.0,0.34,5.3,484.5,496.1,441.3,14.5,3.18,Normal (<10%),25.1,3,0.51,17,22.9,21.8005,80.1901
2024-01-09 22:00:00,BAL_SOUTH_PIT,Shift_3_Night,442.1,7.5,17.0,18,4,15,0.5,3.9,0.24,8.3,467.3,348.1,374.6,67.5,15.27,Alert (10-25%),27.9,4,0.35,18,19.0,21.8005,80.1901
2024-01-10 06:00:00,BAL_SOUTH_PIT,Shift_1_Morning,591.5,8.0,22.0,24,4,12,1.6,6.9,0.24,0.6,559.1,577.1,591.5,0.0,0.0,Normal (<10%),27.4,6,1.31,12,20.9,21.8005,80.1901
2024-01-10 14:00:00,UKWA_EXTENSION,Shift_2_Evening,401.8,7.5,18.0,20,3,12,1.0,5.1,0.14,10.5,522.7,555.7,371.6,30.2,7.52,Normal (<10%),28.2,5,0.76,12,18.5,21.7932,80.2015
2024-01-10 22:00:00,UKWA_EXTENSION,Shift_3_Night,599.6,8.0,19.0,20,4,14,0.7,3.0,0.16,5.3,506.7,499.1,553.6,46.0,7.67,Normal (<10%),28.3,5,0.74,14,19.4,21.7932,80.2015
2024-01-11 06:00:00,BAL_NORTH_PIT,Shift_1_Morning,535.4,8.0,16.0,18,4,14,1.6,6.1,0.19,0.3,422.9,550.0,513.0,22.4,4.18,Normal (<10%),30.4,5,0.83,15,19.0,21.8121,80.1843
2024-01-11 14:00:00,BAL_NORTH_PIT,Shift_2_Evening,565.7,7.5,20.0,20,3,16,4.4,12.6,0.21,2.4,381.3,432.2,496.4,69.3,12.25,Alert (10-25%),25.9,3,0.28,17,20.8,21.8121,80.1843
2024-01-11 22:00:00,UKWA_EXTENSION,Shift_3_Night,458.9,8.0,21.0,24,3,14,0.1,3.8,0.21,7.9,444.8,421.3,421.2,37.7,8.22,Normal (<10%),26.5,3,0.65,17,23.2,21.7932,80.2015
2024-01-12 06:00:00,BAL_SOUTH_PIT,Shift_1_Morning,402.9,8.0,21.0,22,4,13,3.8,16.7,0.24,5.4,327.2,465.0,262.8,140.1,34.77,Critical (>25%),24.8,4,0.44,15,21.4,21.8005,80.1901
2024-01-12 14:00:00,BAL_SOUTH_PIT,Shift_2_Evening,547.6,8.0,22.0,24,4,12,1.4,4.6,0.27,2.4,425.6,521.0,528.8,18.8,3.43,Normal (<10%),27.7,6,1.24,14,20.2,21.8005,80.1901
2024-01-12 22:00:00,BAL_NORTH_PIT,Shift_3_Night,566.8,7.5,17.0,18,3,13,2.5,16.2,0.26,14.3,430.4,574.1,491.8,75.0,13.23,Alert (10-25%),27.6,3,0.46,13,20.3,21.8121,80.1843
2024-01-13 06:00:00,UKWA_EXTENSION,Shift_1_Morning,548.1,8.0,19.0,20,4,12,0.7,10.0,0.19,9.0,502.4,425.2,522.1,26.0,4.74,Normal (<10%),26.7,4,0.51,13,18.7,21.7932,80.2015
2024-01-13 14:00:00,BAL_NORTH_PIT,Shift_2_Evening,428.6,7.5,20.0,22,4,14,1.0,8.8,0.2,4.9,376.6,469.9,253.9,174.7,40.76,Critical (>25%),25.6,6,0.81,16,22.0,21.8121,80.1843
2024-01-13 22:00:00,BAL_NORTH_PIT,Shift_3_Night,550.7,7.5,25.0,26,3,16,3.0,17.1,0.29,7.8,515.4,460.8,431.7,119.0,21.61,Alert (10-25%),24.5,4,0.51,19,22.3,21.8121,80.1843
2024-01-14 06:00:00,BAL_DEEP_LEVEL_3,Shift_1_Morning,553.8,8.0,23.0,24,4,11,0.8,4.5,0.21,6.6,576.5,581.9,546.7,7.1,1.28,Normal (<10%),28.2,5,1.07,11,18.5,21.8064,80.1876
2024-01-14 14:00:00,BAL_DEEP_LEVEL_3,Shift_2_Evening,531.7,7.5,24.0,26,4,16,1.1,9.5,0.25,0.0,444.5,533.5,489.5,42.2,7.94,Normal (<10%),27.7,4,0.59,18,19.9,21.8064,80.1876
2024-01-14 22:00:00,BAL_DEEP_LEVEL_3,Shift_3_Night,553.2,8.0,17.0,18,4,12,0.0,6.5,0.22,5.6,421.3,430.3,506.0,47.2,8.53,Normal (<10%),27.8,5,0.39,12,19.7,21.8064,80.1876
2024-01-15 06:00:00,BAL_SOUTH_PIT,Shift_1_Morning,569.2,7.5,18.0,18,3,12,0.3,4.7,0.31,0.0,545.4,573.5,530.0,39.2,6.89,Normal (<10%),25.6,4,0.75,12,21.1,21.8005,80.1901
2024-01-15 14:00:00,UKWA_EXTENSION,Shift_2_Evening,522.7,8.0,25.0,26,3,16,1.5,4.2,0.26,0.0,498.3,399.0,485.5,37.2,7.12,Normal (<10%),27.3,3,0.0,16,18.7,21.7932,80.2015
2024-01-15 22:00:00,UKWA_EXTENSION,Shift_3_Night,417.7,7.5,21.0,22,3,14,1.9,6.0,0.19,5.8,499.5,468.4,362.5,55.2,13.22,Alert (10-25%),27.4,4,0.53,14,20.6,21.7932,80.2015
2024-01-16 06:00:00,UKWA_EXTENSION,Shift_1_Morning,497.5,8.0,18.0,20,4,14,1.3,11.5,0.16,3.9,514.8,486.4,497.5,0.0,0.0,Normal (<10%),27.3,6,1.29,17,20.8,21.7932,80.2015
2024-01-16 14:00:00,UKWA_EXTENSION,Shift_2_Evening,415.5,8.0,25.0,26,3,12,0.2,4.7,0.21,8.9,389.2,421.5,395.7,19.8,4.77,Normal (<10%),28.5,3,0.36,12,18.6,21.7932,80.2015
2024-01-16 22:00:00,BAL_DEEP_LEVEL_3,Shift_3_Night,481.5,8.0,20.0,22,3,14,0.9,4.2,0.16,6.3,517.7,522.9,431.7,49.8,10.34,Alert (10-25%),27.8,3,0.44,14,18.7,21.8064,80.1876
2024-01-17 06:00:00,BAL_SOUTH_PIT,Shift_1_Morning,481.4,8.0,19.0,20,4,12,0.7,5.5,0.14,0.2,500.0,541.2,466.1,15.3,3.18,Normal (<10%),28.5,4,0.0,13,21.3,21.8005,80.1901
2024-01-17 14:00:00,BAL_SOUTH_PIT,Shift_2_Evening,413.2,7.5,25.0,26,2,14,1.0,7.5,0.27,3.9,438.5,394.6,329.0,84.2,20.38,Alert (10-25%),26.7,4,0.88,15,19.1,21.8005,80.1901
2024-01-17 22:00:00,BAL_DEEP_LEVEL_3,Shift_3_Night,469.8,7.5,23.0,26,3,14,3.1,6.7,0.23,0.0,512.8,373.1,421.0,48.8,10.39,Alert (10-25%),27.3,3,0.5,15,19.5,21.8064,80.1876
2024-01-18 06:00:00,BAL_SOUTH_PIT,Shift_1_Morning,422.2,8.0,17.0,18,3,16,2.2,9.8,0.31,8.9,439.2,342.7,226.2,196.0,46.42,Critical (>25%),27.1,5,1.14,16,21.4,21.8005,80.1901
2024-01-18 14:00:00,BAL_DEEP_LEVEL_3,Shift_2_Evening,561.6,7.5,18.0,18,2,14,0.1,13.5,0.26,16.8,511.3,448.1,464.7,96.9,17.25,Alert (10-25%),24.0,3,0.99,15,21.0,21.8064,80.1876
2024-01-18 22:00:00,UKWA_EXTENSION,Shift_3_Night,589.5,8.0,24.0,24,4,14,3.3,8.7,0.23,0.0,485.2,604.5,551.5,38.0,6.45,Normal (<10%),26.2,4,0.34,17,20.3,21.7932,80.2015
2024-01-19 06:00:00,BAL_DEEP_LEVEL_3,Shift_1_Morning,414.5,8.0,18.0,20,4,11,1.0,6.9,0.17,5.5,415.8,385.7,394.2,20.3,4.9,Normal (<10%),26.5,5,0.65,11,20.4,21.8064,80.1876
2024-01-19 14:00:00,UKWA_EXTENSION,Shift_2_Evening,591.0,7.5,18.0,20,4,12,2.0,14.6,0.24,11.4,500.3,483.1,548.0,43.0,7.28,Normal (<10%),25.2,6,0.6,14,22.1,21.7932,80.2015
2024-01-19 22:00:00,UKWA_EXTENSION,Shift_3_Night,504.5,7.5,19.0,20,3,16,0.2,3.9,0.13,0.0,544.3,497.2,435.3,69.2,13.72,Alert (10-25%),27.3,4,0.64,16,19.3,21.7932,80.2015
2024-01-20 06:00:00,BAL_NORTH_PIT,Shift_1_Morning,459.9,8.0,21.0,22,3,11,1.7,5.3,0.28,0.0,392.7,392.9,433.2,26.7,5.81,Normal (<10%),28.9,3,0.02,11,19.4,21.8121,80.1843
2024-01-20 14:00:00,BAL_DEEP_LEVEL_3,Shift_2_Evening,415.4,7.5,25.0,26,2,14,0.4,4.2,0.16,0.0,472.0,469.7,318.7,96.7,23.28,Alert (10-25%),26.2,2,0.0,17,20.0,21.8064,80.1876
2024-01-20 22:00:00,BAL_NORTH_PIT,Shift_3_Night,500.1,8.0,23.0,24,3,12,0.9,13.9,0.28,12.1,475.8,453.3,452.4,47.7,9.54,Normal (<10%),27.5,4,0.37,12,20.8,21.8121,80.1843
2024-01-21 06:00:00,BAL_DEEP_LEVEL_3,Shift_1_Morning,558.9,7.5,19.0,20,3,12,0.0,5.5,0.22,1.9,549.1,506.2,496.9,62.0,11.09,Alert (10-25%),24.5,3,0.85,13,18.7,21.8064,80.1876
2024-01-21 14:00:00,BAL_DEEP_LEVEL_3,Shift_2_Evening,541.4,7.5,22.0,24,4,14,0.2,5.8,0.25,0.2,430.9,557.7,504.1,37.3,6.89,Normal (<10%),26.3,4,0.32,14,21.2,21.8064,80.1876
2024-01-21 22:00:00,BAL_NORTH_PIT,Shift_3_Night,410.0,7.5,21.0,22,4,14,0.1,3.5,0.22,12.7,339.3,360.1,246.9,163.1,39.78,Critical (>25%),27.4,6,1.07,15,21.6,21.8121,80.1843
2024-01-22 06:00:00,BAL_NORTH_PIT,Shift_1_Morning,414.6,7.5,16.0,18,2,16,0.4,5.5,0.16,0.0,411.7,502.6,352.3,62.3,15.03,Alert (10-25%),28.3,2,0.25,16,19.1,21.8121,80.1843
2024-01-22 14:00:00,BAL_DEEP_LEVEL_3,Shift_2_Evening,480.6,7.5,21.0,24,4,16,0.2,2.2,0.19,7.9,479.2,395.0,422.1,58.5,12.17,Alert (10-25%),28.6,5,0.16,17,20.0,21.8064,80.1876
2024-01-22 22:00:00,BAL_SOUTH_PIT,Shift_3_Night,459.1,8.0,25.0,26,4,14,1.8,16.1,0.34,0.0,452.4,465.3,420.8,38.3,8.34,Normal (<10%),26.7,4,0.68,16,23.0,21.8005,80.1901
2024-01-23 06:00:00,UKWA_EXTENSION,Shift_1_Morning,446.5,7.5,21.0,22,3,12,0.0,5.7,0.19,1.2,416.7,502.4,409.0,37.5,8.4,Normal (<10%),26.7,3,0.0,13,21.8,21.7932,80.2015
2024-01-23 14:00:00,BAL_NORTH_PIT,Shift_2_Evening,456.2,7.5,19.0,22,4,16,1.4,7.9,0.3,0.0,435.4,454.2,404.0,52.2,11.44,Alert (10-25%),25.7,4,0.23,17,22.2,21.8121,80.1843
2024-01-23 22:00:00,UKWA_EXTENSION,Shift_3_Night,560.7,8.0,23.0,24,4,12,0.2,4.4,0.26,0.0,553.7,455.1,523.5,37.2,6.63,Normal (<10%),28.2,4,0.38,14,18.9,21.7932,80.2015
2024-01-24 06:00:00,BAL_SOUTH_PIT,Shift_1_Morning,585.8,8.0,19.0,20,2,12,4.4,18.1,0.3,9.4,454.5,515.3,518.0,67.8,11.57,Alert (10-25%),25.3,2,0.47,12,20.6,21.8005,80.1901
2024-01-24 14:00:00,BAL_SOUTH_PIT,Shift_2_Evening,481.0,8.0,21.0,22,4,14,4.1,11.9,0.22,4.4,489.3,454.4,467.6,13.4,2.79,Normal (<10%),24.6,4,0.18,16,21.3,21.8005,80.1901
2024-01-24 22:00:00,BAL_SOUTH_PIT,Shift_3_Night,581.2,7.5,16.0,18,4,15,0.4,3.5,0.23,3.6,464.8,449.7,487.6,93.6,16.1,Alert (10-25%),25.4,4,0.0,17,19.9,21.8005,80.1901
2024-01-25 06:00:00,BAL_NORTH_PIT,Shift_1_Morning,464.3,7.5,20.0,22,4,16,1.4,5.3,0.2,7.9,528.2,400.7,429.7,34.6,7.45,Normal (<10%),25.8,5,0.46,19,22.5,21.8121,80.1843
2024-01-25 14:00:00,BAL_SOUTH_PIT,Shift_2_Evening,495.3,8.0,24.0,26,4,14,0.0,5.7,0.28,3.2,554.9,364.6,476.2,19.1,3.86,Normal (<10%),27.4,5,0.48,15,22.1,21.8005,80.1901
2024-01-25 22:00:00,BAL_NORTH_PIT,Shift_3_Night,445.2,8.0,17.0,18,4,15,4.0,15.1,0.21,11.7,504.0,422.7,405.5,39.7,8.92,Normal (<10%),26.5,4,0.17,16,19.8,21.8121,80.1843
2024-01-26 06:00:00,BAL_SOUTH_PIT,Shift_1_Morning,528.1,8.0,23.0,24,3,14,1.1,4.6,0.24,10.9,452.0,305.8,263.7,264.4,50.07,Critical (>25%),28.0,3,0.69,14,19.6,21.8005,80.1901
2024-01-26 14:00:00,UKWA_EXTENSION,Shift_2_Evening,595.8,8.0,17.0,20,4,14,0.1,6.4,0.23,0.8,404.8,447.0,279.1,316.7,53.16,Critical (>25%),26.3,4,0.04,14,19.0,21.7932,80.2015
2024-01-26 22:00:00,UKWA_EXTENSION,Shift_3_Night,520.7,7.5,17.0,18,3,13,0.6,5.7,0.24,8.3,389.4,343.2,212.9,307.8,59.11,Critical (>25%),27.1,3,0.49,13,19.6,21.7932,80.2015
2024-01-27 06:00:00,BAL_DEEP_LEVEL_3,Shift_1_Morning,471.6,7.5,22.0,24,4,12,0.1,10.6,0.29,19.7,544.9,551.2,453.5,18.1,3.84,Normal (<10%),27.2,6,1.05,13,20.6,21.8064,80.1876
2024-01-27 14:00:00,UKWA_EXTENSION,Shift_2_Evening,529.6,7.5,17.0,18,3,14,0.7,4.5,0.18,12.1,357.9,485.4,219.3,310.3,58.59,Critical (>25%),26.9,5,1.29,14,20.3,21.7932,80.2015
2024-01-27 22:00:00,BAL_DEEP_LEVEL_3,Shift_3_Night,424.6,7.5,19.0,20,4,13,1.7,8.6,0.2,13.9,368.4,345.2,357.3,67.3,15.85,Alert (10-25%),27.6,4,0.36,13,18.8,21.8064,80.1876
2024-01-28 06:00:00,UKWA_EXTENSION,Shift_1_Morning,577.7,7.5,26.0,26,3,14,1.0,11.6,0.27,11.4,449.9,523.1,549.1,28.6,4.95,Normal (<10%),25.3,5,1.24,15,18.1,21.7932,80.2015
2024-01-28 14:00:00,BAL_NORTH_PIT,Shift_2_Evening,500.6,8.0,21.0,22,3,14,0.7,8.9,0.29,11.7,437.3,578.9,472.4,28.2,5.63,Normal (<10%),25.8,4,0.65,14,18.7,21.8121,80.1843
2024-01-28 22:00:00,UKWA_EXTENSION,Shift_3_Night,489.9,7.5,20.0,22,4,14,0.2,7.0,0.22,2.2,530.4,413.2,408.3,81.6,16.66,Alert (10-25%),26.4,4,0.53,14,18.7,21.7932,80.2015
2024-01-29 06:00:00,BAL_DEEP_LEVEL_3,Shift_1_Morning,517.2,8.0,19.0,20,3,13,0.4,2.6,0.28,1.3,462.5,556.0,512.4,4.8,0.93,Normal (<10%),25.1,5,0.55,14,19.6,21.8064,80.1876
2024-01-29 14:00:00,BAL_DEEP_LEVEL_3,Shift_2_Evening,525.0,8.0,19.0,20,4,15,0.2,2.6,0.2,0.7,554.5,539.0,495.9,29.1,5.54,Normal (<10%),28.1,4,0.0,16,19.9,21.8064,80.1876
2024-01-29 22:00:00,BAL_SOUTH_PIT,Shift_3_Night,414.4,8.0,17.0,18,3,14,2.5,8.4,0.21,2.3,454.1,434.6,379.4,35.0,8.45,Normal (<10%),26.2,4,0.81,14,18.7,21.8005,80.1901
2024-01-30 06:00:00,BAL_NORTH_PIT,Shift_1_Morning,536.5,7.5,20.0,22,3,12,0.2,3.6,0.24,3.1,554.7,509.5,491.0,45.5,8.48,Normal (<10%),27.1,4,0.83,12,18.4,21.8121,80.1843
2024-01-30 14:00:00,UKWA_EXTENSION,Shift_2_Evening,448.4,8.0,21.0,22,3,14,1.4,5.8,0.2,1.2,434.2,476.2,423.6,24.8,5.53,Normal (<10%),27.9,3,0.54,14,18.6,21.7932,80.2015
2024-01-30 22:00:00,BAL_SOUTH_PIT,Shift_3_Night,542.8,7.5,19.0,20,4,16,0.6,4.3,0.19,3.2,536.1,479.9,480.6,62.2,11.46,Alert (10-25%),28.0,5,0.54,17,18.7,21.8005,80.1901
2024-01-31 06:00:00,UKWA_EXTENSION,Shift_1_Morning,564.5,8.0,23.0,24,3,14,0.4,4.7,0.24,0.0,585.6,595.6,550.2,14.3,2.53,Normal (<10%),28.0,4,1.15,14,19.2,21.7932,80.2015
2024-01-31 14:00:00,UKWA_EXTENSION,Shift_2_Evening,560.8,7.5,23.0,24,4,14,1.5,12.2,0.31,5.5,341.4,427.1,293.7,267.1,47.63,Critical (>25%),25.8,4,0.26,14,20.0,21.7932,80.2015
2024-01-31 22:00:00,BAL_SOUTH_PIT,Shift_3_Night,510.5,8.0,25.0,26,4,15,0.9,11.4,0.27,14.2,436.4,535.8,468.2,42.3,8.29,Normal (<10%),25.6,4,0.53,15,21.0,21.8005,80.1901
2024-02-01 06:00:00,BAL_SOUTH_PIT,Shift_1_Morning,504.0,7.5,19.0,20,3,16,0.8,7.6,0.24,6.0,508.7,554.5,484.3,19.7,3.91,Normal (<10%),28.8,4,0.88,17,19.3,21.8005,80.1901
2024-02-01 14:00:00,BAL_SOUTH_PIT,Shift_2_Evening,428.6,8.0,25.0,26,3,16,1.3,4.9,0.32,9.9,431.5,327.9,407.0,21.6,5.04,Normal (<10%),26.2,3,0.92,18,20.7,21.8005,80.1901
2024-02-01 22:00:00,BAL_SOUTH_PIT,Shift_3_Night,555.1,8.0,19.0,20,3,10,1.0,10.7,0.29,4.1,476.5,479.6,217.1,338.0,60.89,Critical (>25%),26.2,3,0.3,10,19.8,21.8005,80.1901
2024-02-02 06:00:00,BAL_SOUTH_PIT,Shift_1_Morning,454.3,8.0,19.0,20,3,16,0.5,6.9,0.22,3.4,592.9,541.0,450.0,4.3,0.95,Normal (<10%),27.1,5,0.8,19,21.7,21.8005,80.1901
2024-02-02 14:00:00,UKWA_EXTENSION,Shift_2_Evening,499.3,8.0,20.0,20,4,14,1.2,10.0,0.31,7.7,498.6,476.1,488.4,10.9,2.18,Normal (<10%),26.8,4,0.0,14,20.3,21.7932,80.2015
2024-02-02 22:00:00,BAL_SOUTH_PIT,Shift_3_Night,456.9,7.5,20.0,22,4,12,1.7,8.6,0.23,4.8,403.8,470.5,392.9,64.0,14.01,Alert (10-25%),29.5,5,1.17,12,20.9,21.8005,80.1901
2024-02-03 06:00:00,BAL_NORTH_PIT,Shift_1_Morning,426.8,7.5,20.0,22,4,15,0.0,9.1,0.28,0.0,439.7,468.7,377.0,49.8,11.67,Alert (10-25%),27.2,5,0.83,15,19.1,21.8121,80.1843
2024-02-03 14:00:00,BAL_DEEP_LEVEL_3,Shift_2_Evening,525.9,7.5,24.0,26,3,11,0.9,6.4,0.26,7.1,453.0,531.8,469.3,56.6,10.76,Alert (10-25%),28.4,5,1.14,11,19.9,21.8064,80.1876
2024-02-03 22:00:00,BAL_SOUTH_PIT,Shift_3_Night,410.9,8.0,17.0,18,3,16,0.1,2.1,0.21,0.0,486.1,533.8,397.7,13.2,3.21,Normal (<10%),31.5,4,1.64,17,19.2,21.8005,80.1901
2024-02-04 06:00:00,BAL_SOUTH_PIT,Shift_1_Morning,549.7,8.0,16.0,18,4,14,0.3,6.6,0.2,4.3,339.0,317.2,227.3,322.4,58.65,Critical (>25%),28.7,5,0.8,15,18.8,21.8005,80.1901
2024-02-04 14:00:00,UKWA_EXTENSION,Shift_2_Evening,463.5,8.0,16.0,18,3,16,1.2,6.0,0.23,0.0,379.7,516.1,463.5,0.0,0.0,Normal (<10%),30.2,5,0.61,18,20.5,21.7932,80.2015
2024-02-04 22:00:00,BAL_SOUTH_PIT,Shift_3_Night,400.0,8.0,24.0,26,3,16,3.0,14.7,0.25,6.6,451.7,407.8,354.1,45.9,11.48,Alert (10-25%),26.9,5,0.94,17,22.5,21.8005,80.1901
2024-02-05 06:00:00,BAL_SOUTH_PIT,Shift_1_Morning,502.2,8.0,24.0,26,3,11,3.2,8.5,0.26,5.0,358.3,483.9,312.3,189.9,37.81,Critical (>25%),28.5,3,0.11,11,19.2,21.8005,80.1901
2024-02-05 14:00:00,BAL_SOUTH_PIT,Shift_2_Evening,409.4,8.0,18.0,20,4,14,0.1,1.7,0.23,3.9,451.8,462.0,389.4,20.0,4.89,Normal (<10%),28.1,5,0.58,14,19.4,21.8005,80.1901
2024-02-05 22:00:00,UKWA_EXTENSION,Shift_3_Night,455.2,7.5,25.0,26,3,16,0.8,5.4,0.13,0.0,366.5,421.4,174.7,280.5,61.62,Critical (>25%),29.3,3,0.28,18,18.6,21.7932,80.2015
2024-02-06 06:00:00,BAL_SOUTH_PIT,Shift_1_Morning,541.4,7.5,20.0,22,3,16,1.3,5.2,0.24,0.0,516.8,443.4,493.7,47.7,8.81,Normal (<10%),30.4,5,0.82,17,18.7,21.8005,80.1901
2024-02-06 14:00:00,BAL_DEEP_LEVEL_3,Shift_2_Evening,412.5,7.5,25.0,26,4,12,0.2,6.1,0.38,12.9,407.4,387.8,360.7,51.8,12.56,Alert (10-25%),25.6,4,0.0,13,20.3,21.8064,80.1876
2024-02-06 22:00:00,UKWA_EXTENSION,Shift_3_Night,567.9,7.5,23.0,24,3,16,2.2,8.7,0.23,15.6,533.9,524.2,477.3,90.6,15.95,Alert (10-25%),29.6,3,0.88,17,19.9,21.7932,80.2015
2024-02-07 06:00:00,BAL_DEEP_LEVEL_3,Shift_1_Morning,400.8,7.5,19.0,20,3,15,2.0,14.6,0.32,12.3,382.1,458.2,368.4,32.4,8.08,Normal (<10%),28.3,3,0.49,16,20.8,21.8064,80.1876
2024-02-07 14:00:00,UKWA_EXTENSION,Shift_2_Evening,449.4,7.5,21.0,22,3,12,3.5,10.8,0.29,13.6,528.5,384.1,417.0,32.4,7.21,Normal (<10%),27.5,4,0.63,15,21.4,21.7932,80.2015
2024-02-07 22:00:00,BAL_SOUTH_PIT,Shift_3_Night,548.2,7.5,16.0,18,4,14,0.0,6.8,0.15,2.6,496.7,344.3,317.1,231.1,42.16,Critical (>25%),27.4,4,0.63,15,18.1,21.8005,80.1901
2024-02-08 06:00:00,BAL_DEEP_LEVEL_3,Shift_1_Morning,463.3,7.5,21.0,24,4,12,0.4,6.3,0.26,7.5,402.6,378.7,429.9,33.4,7.21,Normal (<10%),29.0,4,0.54,13,19.7,21.8064,80.1876
2024-02-08 14:00:00,UKWA_EXTENSION,Shift_2_Evening,420.4,8.0,25.0,26,3,14,2.6,8.2,0.2,8.5,552.2,458.1,413.6,6.8,1.62,Normal (<10%),28.3,4,0.78,14,20.2,21.7932,80.2015
2024-02-08 22:00:00,BAL_NORTH_PIT,Shift_3_Night,472.0,8.0,24.0,24,3,13,1.7,8.0,0.23,0.6,472.5,474.7,420.0,52.0,11.02,Alert (10-25%),29.3,5,1.21,14,18.9,21.8121,80.1843
2024-02-09 06:00:00,BAL_SOUTH_PIT,Shift_1_Morning,454.1,8.0,18.0,18,3,14,3.4,10.1,0.18,7.7,490.7,418.9,425.4,28.7,6.32,Normal (<10%),29.1,4,0.74,15,19.7,21.8005,80.1901
2024-02-09 14:00:00,UKWA_EXTENSION,Shift_2_Evening,568.5,8.0,18.0,20,2,14,0.1,4.2,0.24,1.3,442.4,521.4,501.0,67.5,11.87,Alert (10-25%),31.6,2,0.6,17,21.2,21.7932,80.2015
2024-02-09 22:00:00,BAL_NORTH_PIT,Shift_3_Night,462.7,8.0,18.0,20,3,14,1.4,5.4,0.21,5.4,453.8,425.9,416.7,46.0,9.94,Normal (<10%),28.9,4,0.93,16,19.6,21.8121,80.1843
2024-02-10 06:00:00,UKWA_EXTENSION,Shift_1_Morning,557.8,8.0,18.0,20,3,16,1.3,4.7,0.29,0.5,487.4,432.2,515.3,42.5,7.62,Normal (<10%),27.3,4,0.75,17,20.8,21.7932,80.2015
2024-02-10 14:00:00,BAL_NORTH_PIT,Shift_2_Evening,578.4,8.0,22.0,24,3,11,0.1,5.3,0.16,0.0,518.5,512.0,513.4,65.0,11.24,Alert (10-25%),29.9,3,0.33,13,18.6,21.8121,80.1843
2024-02-10 22:00:00,BAL_SOUTH_PIT,Shift_3_Night,486.8,7.5,21.0,22,4,12,1.1,7.5,0.28,5.1,471.2,468.8,430.8,56.0,11.5,Alert (10-25%),29.0,5,1.16,12,21.0,21.8005,80.1901
2024-02-11 06:00:00,BAL_DEEP_LEVEL_3,Shift_1_Morning,582.0,7.5,25.0,26,3,16,1.4,7.5,0.26,9.2,580.7,525.3,554.0,28.0,4.81,Normal (<10%),30.9,3,0.26,16,20.4,21.8064,80.1876
2024-02-11 14:00:00,BAL_NORTH_PIT,Shift_2_Evening,475.5,8.0,17.0,18,3,12,0.3,1.5,0.16,5.2,401.8,444.0,192.3,283.2,59.56,Critical (>25%),31.2,3,0.52,12,19.1,21.8121,80.1843
2024-02-11 22:00:00,UKWA_EXTENSION,Shift_3_Night,592.8,7.5,23.0,24,4,12,0.5,1.5,0.13,0.0,447.4,437.3,488.6,104.2,17.58,Alert (10-25%),30.6,5,0.82,13,20.4,21.7932,80.2015
2024-02-12 06:00:00,BAL_SOUTH_PIT,Shift_1_Morning,417.9,7.5,17.0,18,4,12,1.5,7.6,0.22,6.0,397.5,389.0,375.1,42.8,10.24,Alert (10-25%),31.3,4,0.22,14,20.2,21.8005,80.1901
2024-02-12 14:00:00,BAL_NORTH_PIT,Shift_2_Evening,537.4,7.5,23.0,24,4,12,0.9,8.2,0.25,8.9,475.9,499.6,491.3,46.1,8.58,Normal (<10%),27.1,4,0.16,12,19.4,21.8121,80.1843
2024-02-12 22:00:00,UKWA_EXTENSION,Shift_3_Night,498.8,7.5,25.0,26,4,11,2.9,12.1,0.21,8.8,548.4,556.5,434.9,63.9,12.81,Alert (10-25%),27.8,4,0.29,11,21.4,21.7932,80.2015
2024-02-13 06:00:00,UKWA_EXTENSION,Shift_1_Morning,477.5,7.5,23.0,24,4,12,0.6,6.7,0.19,8.8,370.5,450.9,419.9,57.6,12.06,Alert (10-25%),27.9,6,0.85,13,21.8,21.7932,80.2015
2024-02-13 14:00:00,UKWA_EXTENSION,Shift_2_Evening,526.5,8.0,19.0,20,3,12,0.5,9.3,0.3,0.0,408.0,482.8,523.2,3.3,0.63,Normal (<10%),27.9,3,0.0,15,20.9,21.7932,80.2015
2024-02-13 22:00:00,BAL_NORTH_PIT,Shift_3_Night,540.8,7.5,23.0,24,3,13,6.3,12.4,0.22,2.5,473.6,429.0,481.8,59.0,10.91,Alert (10-25%),26.6,3,0.2,13,20.0,21.8121,80.1843
2024-02-14 06:00:00,BAL_NORTH_PIT,Shift_1_Morning,400.9,8.0,23.0,24,3,12,3.6,17.9,0.32,14.9,409.8,526.2,374.7,26.2,6.54,Normal (<10%),28.6,4,0.78,15,23.2,21.8121,80.1843
2024-02-14 14:00:00,BAL_NORTH_PIT,Shift_2_Evening,433.4,8.0,25.0,26,4,12,0.0,0.8,0.26,0.0,476.6,354.8,210.2,223.2,51.5,Critical (>25%),29.0,5,1.08,12,19.5,21.8121,80.1843
2024-02-14 22:00:00,BAL_DEEP_LEVEL_3,Shift_3_Night,542.6,8.0,19.0,20,4,16,2.2,17.4,0.25,17.5,501.2,465.7,490.9,51.7,9.53,Normal (<10%),25.9,4,0.57,16,21.1,21.8064,80.1876
2024-02-15 06:00:00,BAL_NORTH_PIT,Shift_1_Morning,533.3,7.5,24.0,26,4,14,0.2,2.2,0.15,3.0,553.4,584.1,496.6,36.7,6.88,Normal (<10%),28.4,6,0.22,15,20.2,21.8121,80.1843
2024-02-15 14:00:00,BAL_NORTH_PIT,Shift_2_Evening,593.2,8.0,18.0,18,3,11,0.0,4.8,0.27,0.0,569.5,428.0,577.3,15.9,2.68,Normal (<10%),29.5,3,0.59,13,20.1,21.8121,80.1843
2024-02-15 22:00:00,BAL_NORTH_PIT,Shift_3_Night,552.2,8.0,21.0,24,4,16,0.5,11.1,0.24,2.7,381.5,413.5,530.7,21.5,3.89,Normal (<10%),29.9,5,0.53,19,21.7,21.8121,80.1843
2024-02-16 06:00:00,BAL_DEEP_LEVEL_3,Shift_1_Morning,590.2,8.0,25.0,26,2,16,0.5,4.3,0.2,0.0,492.2,372.4,239.5,350.7,59.42,Critical (>25%),32.5,3,0.84,16,19.5,21.8064,80.1876
2024-02-16 14:00:00,BAL_NORTH_PIT,Shift_2_Evening,540.5,8.0,21.0,22,3,13,2.6,10.7,0.32,10.6,475.0,492.7,493.2,47.3,8.75,Normal (<10%),32.6,4,0.7,13,19.3,21.8121,80.1843
2024-02-16 22:00:00,UKWA_EXTENSION,Shift_3_Night,459.6,7.5,21.0,22,3,16,1.9,10.6,0.24,6.5,413.8,451.3,408.6,51.0,11.1,Alert (10-25%),29.3,3,0.34,17,19.5,21.7932,80.2015
2024-02-17 06:00:00,BAL_NORTH_PIT,Shift_1_Morning,421.1,8.0,20.0,22,3,12,6.0,14.1,0.28,14.0,545.8,522.6,417.9,3.2,0.76,Normal (<10%),26.7,4,0.67,13,20.3,21.8121,80.1843
2024-02-17 14:00:00,UKWA_EXTENSION,Shift_2_Evening,556.4,8.0,25.0,26,4,15,1.9,7.2,0.16,6.1,538.7,477.7,526.2,30.2,5.43,Normal (<10%),26.3,5,0.69,15,20.3,21.7932,80.2015
2024-02-17 22:00:00,UKWA_EXTENSION,Shift_3_Night,528.8,8.0,22.0,24,3,16,0.8,3.8,0.22,3.1,539.2,522.9,488.4,40.4,7.64,Normal (<10%),29.8,3,0.8,17,20.9,21.7932,80.2015
2024-02-18 06:00:00,UKWA_EXTENSION,Shift_1_Morning,409.6,8.0,21.0,22,4,12,1.8,8.7,0.2,9.9,525.9,459.8,393.6,16.0,3.91,Normal (<10%),27.9,4,0.39,12,20.5,21.7932,80.2015
2024-02-18 14:00:00,BAL_DEEP_LEVEL_3,Shift_2_Evening,472.0,7.5,19.0,20,3,16,11.3,35.8,0.35,23.4,564.0,418.9,421.8,50.2,10.64,Alert (10-25%),25.4,4,1.16,19,23.9,21.8064,80.1876
2024-02-18 22:00:00,BAL_DEEP_LEVEL_3,Shift_3_Night,591.4,8.0,20.0,22,4,15,1.9,9.0,0.22,4.3,458.9,510.2,518.1,73.3,12.39,Alert (10-25%),28.0,4,0.68,15,20.3,21.8064,80.1876
2024-02-19 06:00:00,BAL_DEEP_LEVEL_3,Shift_1_Morning,500.1,8.0,21.0,22,3,14,2.2,9.8,0.31,6.5,469.5,483.9,478.1,22.0,4.4,Normal (<10%),28.1,5,1.2,15,21.1,21.8064,80.1876
2024-02-19 14:00:00,BAL_NORTH_PIT,Shift_2_Evening,486.5,8.0,22.0,24,3,12,4.2,15.2,0.24,14.3,308.2,350.2,199.8,286.7,58.93,Critical (>25%),29.9,3,0.0,13,21.2,21.8121,80.1843
2024-02-19 22:00:00,UKWA_EXTENSION,Shift_3_Night,491.5,8.0,20.0,22,3,16,0.2,7.7,0.21,0.4,526.3,561.5,457.5,34.0,6.92,Normal (<10%),29.4,5,1.33,16,20.2,21.7932,80.2015
2024-02-20 06:00:00,BAL_DEEP_LEVEL_3,Shift_1_Morning,441.8,8.0,21.0,22,3,12,1.8,5.5,0.3,8.3,389.6,324.0,210.5,231.3,52.35,Critical (>25%),28.5,4,0.56,13,19.1,21.8064,80.1876
2024-02-20 14:00:00,BAL_DEEP_LEVEL_3,Shift_2_Evening,473.7,8.0,23.0,24,3,14,2.9,6.0,0.21,4.3,504.5,464.7,459.6,14.1,2.98,Normal (<10%),27.7,3,0.61,14,18.8,21.8064,80.1876
2024-02-20 22:00:00,BAL_NORTH_PIT,Shift_3_Night,474.0,7.5,21.0,22,3,14,4.6,14.9,0.24,8.0,509.3,447.5,399.0,75.0,15.82,Alert (10-25%),25.9,3,0.11,15,19.7,21.8121,80.1843
2024-02-21 06:00:00,BAL_DEEP_LEVEL_3,Shift_1_Morning,410.5,8.0,25.0,26,3,14,0.4,6.8,0.29,5.4,423.9,427.2,410.5,0.0,0.0,Normal (<10%),28.0,3,0.04,15,21.7,21.8064,80.1876
2024-02-21 14:00:00,BAL_NORTH_PIT,Shift_2_Evening,553.5,7.5,19.0,20,3,12,1.1,6.6,0.23,10.3,571.5,476.7,498.7,54.8,9.9,Normal (<10%),29.0,4,1.29,12,21.4,21.8121,80.1843
2024-02-21 22:00:00,BAL_SOUTH_PIT,Shift_3_Night,483.3,7.5,25.0,26,4,16,1.7,5.1,0.23,9.2,488.9,495.2,421.4,61.9,12.81,Alert (10-25%),31.9,5,0.41,16,17.5,21.8005,80.1901
2024-02-22 06:00:00,BAL_DEEP_LEVEL_3,Shift_1_Morning,564.4,8.0,20.0,22,4,12,0.4,4.6,0.24,5.0,560.2,559.9,560.6,3.8,0.67,Normal (<10%),29.4,4,0.74,12,21.3,21.8064,80.1876
2024-02-22 14:00:00,BAL_SOUTH_PIT,Shift_2_Evening,570.1,7.5,20.0,20,3,12,1.4,5.5,0.29,6.8,497.7,428.6,512.3,57.8,10.14,Alert (10-25%),30.3,4,0.74,15,21.4,21.8005,80.1901
2024-02-22 22:00:00,BAL_NORTH_PIT,Shift_3_Night,442.4,8.0,17.0,18,3,12,0.4,2.7,0.16,2.0,525.8,357.1,412.6,29.8,6.74,Normal (<10%),29.1,5,0.87,12,20.1,21.8121,80.1843
2024-02-23 06:00:00,UKWA_EXTENSION,Shift_1_Morning,531.5,7.5,18.0,20,4,14,0.6,9.0,0.3,3.1,472.5,544.5,486.5,45.0,8.47,Normal (<10%),26.7,4,0.39,17,22.0,21.7932,80.2015
2024-02-23 14:00:00,BAL_DEEP_LEVEL_3,Shift_2_Evening,494.5,8.0,21.0,24,3,11,0.9,5.0,0.15,5.6,551.5,572.7,464.7,29.8,6.03,Normal (<10%),28.3,4,0.31,12,21.0,21.8064,80.1876
2024-02-23 22:00:00,BAL_NORTH_PIT,Shift_3_Night,576.0,7.5,17.0,20,3,16,1.1,10.7,0.21,4.9,468.8,520.8,504.1,71.9,12.48,Alert (10-25%),27.8,3,0.4,19,21.3,21.8121,80.1843
2024-02-24 06:00:00,UKWA_EXTENSION,Shift_1_Morning,443.1,7.5,24.0,26,3,16,0.9,7.3,0.19,0.0,368.9,442.3,393.7,49.4,11.15,Alert (10-25%),32.5,5,0.68,18,19.0,21.7932,80.2015
2024-02-24 14:00:00,UKWA_EXTENSION,Shift_2_Evening,535.6,8.0,22.0,24,4,14,1.0,13.5,0.26,6.9,538.5,566.0,510.2,25.4,4.74,Normal (<10%),27.1,4,0.28,14,20.3,21.7932,80.2015
2024-02-24 22:00:00,BAL_SOUTH_PIT,Shift_3_Night,521.6,7.5,24.0,26,3,11,0.5,5.5,0.19,0.0,416.2,538.4,448.3,73.3,14.05,Alert (10-25%),30.7,3,0.68,12,20.4,21.8005,80.1901
2024-02-25 06:00:00,BAL_NORTH_PIT,Shift_1_Morning,459.1,7.5,24.0,26,3,16,0.3,4.8,0.29,0.0,556.1,520.4,414.1,45.0,9.8,Normal (<10%),27.5,3,0.48,18,20.6,21.8121,80.1843
2024-02-25 14:00:00,UKWA_EXTENSION,Shift_2_Evening,427.3,7.5,16.0,18,4,14,0.1,1.0,0.23,10.8,493.5,462.7,383.6,43.7,10.23,Alert (10-25%),30.9,4,0.0,14,20.1,21.7932,80.2015
2024-02-25 22:00:00,BAL_DEEP_LEVEL_3,Shift_3_Night,530.3,7.5,21.0,22,3,12,0.3,3.0,0.21,7.6,390.3,445.3,266.1,264.2,49.82,Critical (>25%),30.1,3,0.66,13,19.8,21.8064,80.1876
2024-02-26 06:00:00,BAL_DEEP_LEVEL_3,Shift_1_Morning,547.7,7.5,17.0,18,4,14,1.3,6.2,0.19,2.9,531.2,505.3,511.5,36.2,6.61,Normal (<10%),29.1,5,0.7,15,19.3,21.8064,80.1876
2024-02-26 14:00:00,BAL_SOUTH_PIT,Shift_2_Evening,463.1,8.0,21.0,22,3,16,2.3,21.0,0.38,16.6,560.3,407.5,447.4,15.7,3.39,Normal (<10%),27.0,3,0.25,16,20.5,21.8005,80.1901
2024-02-26 22:00:00,UKWA_EXTENSION,Shift_3_Night,529.0,7.5,23.0,26,3,14,0.3,3.2,0.22,0.0,471.7,432.3,448.7,80.3,15.18,Alert (10-25%),28.4,5,1.22,17,20.3,21.7932,80.2015
2024-02-27 06:00:00,BAL_NORTH_PIT,Shift_1_Morning,479.0,7.5,19.0,20,4,14,0.2,1.6,0.2,4.4,469.6,372.9,231.4,247.6,51.69,Critical (>25%),30.3,4,0.35,14,19.5,21.8121,80.1843
2024-02-27 14:00:00,BAL_DEEP_LEVEL_3,Shift_2_Evening,542.6,8.0,20.0,22,4,14,2.1,4.3,0.21,4.2,414.3,458.4,352.2,190.4,35.09,Critical (>25%),28.7,4,0.05,17,18.8,21.8064,80.1876
2024-02-27 22:00:00,UKWA_EXTENSION,Shift_3_Night,439.8,8.0,17.0,18,3,16,0.5,1.7,0.2,0.0,386.7,379.6,405.0,34.8,7.91,Normal (<10%),27.8,5,1.55,16,18.5,21.7932,80.2015
2024-02-28 06:00:00,UKWA_EXTENSION,Shift_1_Morning,578.0,8.0,23.0,24,3,12,4.5,24.0,0.36,14.4,437.1,397.6,525.3,52.7,9.12,Normal (<10%),25.0,3,0.43,13,20.0,21.7932,80.2015
2024-02-28 14:00:00,BAL_SOUTH_PIT,Shift_2_Evening,457.5,7.5,17.0,18,4,14,1.9,7.4,0.29,3.0,511.2,467.7,401.2,56.3,12.31,Alert (10-25%),28.9,4,0.38,14,19.6,21.8005,80.1901
2024-02-28 22:00:00,BAL_DEEP_LEVEL_3,Shift_3_Night,473.6,7.5,23.0,26,4,15,0.6,3.7,0.17,6.7,437.5,405.6,414.0,59.6,12.58,Alert (10-25%),32.1,5,0.58,18,21.6,21.8064,80.1876
2024-02-29 06:00:00,BAL_DEEP_LEVEL_3,Shift_1_Morning,411.6,7.5,25.0,26,3,14,0.5,9.1,0.21,5.7,413.1,446.0,366.2,45.4,11.03,Alert (10-25%),29.3,3,0.75,17,19.8,21.8064,80.1876
2024-02-29 14:00:00,BAL_NORTH_PIT,Shift_2_Evening,422.3,7.5,16.0,18,3,13,1.1,13.4,0.24,1.0,394.4,532.8,385.8,36.5,8.64,Normal (<10%),28.3,5,0.84,15,21.7,21.8121,80.1843
2024-02-29 22:00:00,BAL_DEEP_LEVEL_3,Shift_3_Night,503.2,8.0,17.0,18,3,16,0.1,1.7,0.22,0.0,428.8,467.5,457.4,45.8,9.1,Normal (<10%),30.0,3,0.0,18,23.1,21.8064,80.1876
2024-03-01 06:00:00,BAL_NORTH_PIT,Shift_1_Morning,453.5,8.0,22.0,24,3,13,0.2,3.1,0.27,0.0,427.7,529.8,436.7,16.8,3.7,Normal (<10%),34.1,5,0.8,15,22.1,21.8121,80.1843
2024-03-01 14:00:00,BAL_DEEP_LEVEL_3,Shift_2_Evening,567.1,7.5,20.0,22,3,12,0.3,8.4,0.17,0.0,566.4,416.3,510.4,56.7,10.0,Alert (10-25%),32.6,3,0.8,12,19.7,21.8064,80.1876
2024-03-01 22:00:00,BAL_SOUTH_PIT,Shift_3_Night,402.9,7.5,24.0,26,3,15,2.2,13.9,0.22,5.5,422.0,432.8,212.2,190.7,47.33,Critical (>25%),31.0,3,0.65,18,22.2,21.8005,80.1901
2024-03-02 06:00:00,BAL_DEEP_LEVEL_3,Shift_1_Morning,475.8,7.5,20.0,22,3,11,1.1,7.3,0.22,0.0,504.6,381.7,430.1,45.7,9.6,Normal (<10%),33.8,5,0.92,12,18.8,21.8064,80.1876
2024-03-02 14:00:00,BAL_NORTH_PIT,Shift_2_Evening,467.5,7.5,24.0,26,3,14,0.0,7.6,0.26,0.4,436.0,474.0,237.4,230.1,49.22,Critical (>25%),32.5,4,1.11,14,18.4,21.8121,80.1843
2024-03-02 22:00:00,BAL_NORTH_PIT,Shift_3_Night,403.9,8.0,25.0,26,4,16,1.7,4.3,0.17,3.8,377.3,553.8,380.1,23.8,5.89,Normal (<10%),34.9,6,1.22,16,19.3,21.8121,80.1843
2024-03-03 06:00:00,BAL_SOUTH_PIT,Shift_1_Morning,424.9,8.0,18.0,18,4,12,0.8,2.8,0.19,4.1,515.4,339.9,417.8,7.1,1.67,Normal (<10%),32.9,4,0.32,13,20.1,21.8005,80.1901
2024-03-03 14:00:00,BAL_DEEP_LEVEL_3,Shift_2_Evening,482.7,7.5,18.0,18,3,12,1.1,4.1,0.18,5.3,419.9,411.7,426.4,56.3,11.66,Alert (10-25%),30.8,3,0.35,12,20.4,21.8064,80.1876
2024-03-03 22:00:00,BAL_DEEP_LEVEL_3,Shift_3_Night,498.6,8.0,18.0,20,3,14,0.4,2.9,0.25,6.7,426.8,436.8,460.3,38.3,7.68,Normal (<10%),30.2,4,0.8,15,19.5,21.8064,80.1876
2024-03-04 06:00:00,BAL_SOUTH_PIT,Shift_1_Morning,480.9,7.5,18.0,18,4,14,1.2,2.3,0.21,7.5,495.8,492.5,439.5,41.4,8.61,Normal (<10%),35.0,4,0.15,14,19.6,21.8005,80.1901
2024-03-04 14:00:00,BAL_DEEP_LEVEL_3,Shift_2_Evening,506.2,7.5,18.0,20,3,14,5.8,11.9,0.22,2.8,466.0,530.1,451.8,54.4,10.75,Alert (10-25%),34.3,3,0.4,15,20.6,21.8064,80.1876
2024-03-04 22:00:00,BAL_DEEP_LEVEL_3,Shift_3_Night,519.0,8.0,23.0,26,4,16,0.1,5.3,0.17,0.0,516.2,546.3,490.4,28.6,5.51,Normal (<10%),32.3,4,0.49,17,19.6,21.8064,80.1876
2024-03-05 06:00:00,BAL_NORTH_PIT,Shift_1_Morning,402.0,7.5,22.0,24,3,14,0.5,7.7,0.22,5.3,488.0,514.8,368.3,33.7,8.38,Normal (<10%),31.5,4,0.19,15,20.1,21.8121,80.1843
2024-03-05 14:00:00,BAL_DEEP_LEVEL_3,Shift_2_Evening,492.8,8.0,20.0,22,4,13,0.4,7.1,0.22,7.5,564.3,434.5,488.9,3.9,0.79,Normal (<10%),34.3,4,0.34,14,19.3,21.8064,80.1876
2024-03-05 22:00:00,BAL_DEEP_LEVEL_3,Shift_3_Night,592.7,7.5,20.0,22,3,16,0.4,8.1,0.28,1.2,421.9,462.7,496.7,96.0,16.2,Alert (10-25%),30.0,3,0.31,19,21.6,21.8064,80.1876
2024-03-06 06:00:00,BAL_SOUTH_PIT,Shift_1_Morning,503.8,8.0,22.0,24,4,14,0.7,7.1,0.29,6.1,546.3,520.4,501.2,2.6,0.52,Normal (<10%),30.3,4,0.71,16,21.2,21.8005,80.1901
2024-03-06 14:00:00,BAL_SOUTH_PIT,Shift_2_Evening,535.5,7.5,23.0,24,3,12,2.6,9.5,0.19,15.4,460.8,560.7,491.6,43.9,8.2,Normal (<10%),33.1,3,0.0,13,19.7,21.8005,80.1901
2024-03-06 22:00:00,UKWA_EXTENSION,Shift_3_Night,462.4,8.0,17.0,18,3,16,3.7,7.1,0.28,0.0,469.4,405.8,427.3,35.1,7.59,Normal (<10%),31.2,3,0.29,19,22.0,21.7932,80.2015
2024-03-07 06:00:00,BAL_NORTH_PIT,Shift_1_Morning,554.8,7.5,24.0,26,3,14,0.3,1.6,0.24,1.1,529.0,561.0,502.4,52.4,9.44,Normal (<10%),32.4,3,0.26,17,21.8,21.8121,80.1843
2024-03-07 14:00:00,BAL_DEEP_LEVEL_3,Shift_2_Evening,554.6,7.5,20.0,22,3,12,1.2,8.4,0.22,10.8,523.4,467.2,469.4,85.2,15.36,Alert (10-25%),31.8,3,0.69,12,20.5,21.8064,80.1876
2024-03-07 22:00:00,BAL_DEEP_LEVEL_3,Shift_3_Night,504.3,8.0,22.0,24,4,14,1.5,4.0,0.26,1.7,495.1,511.5,460.9,43.4,8.61,Normal (<10%),32.6,4,0.39,14,18.8,21.8064,80.1876
2024-03-08 06:00:00,UKWA_EXTENSION,Shift_1_Morning,595.2,7.5,24.0,26,4,12,1.1,6.3,0.19,6.3,476.0,554.9,552.6,42.6,7.16,Normal (<10%),34.5,5,1.24,14,20.4,21.7932,80.2015
2024-03-08 14:00:00,BAL_DEEP_LEVEL_3,Shift_2_Evening,425.1,8.0,21.0,22,3,16,0.9,3.6,0.24,7.0,455.6,414.4,234.2,190.9,44.91,Critical (>25%),32.4,5,1.2,17,19.1,21.8064,80.1876
2024-03-08 22:00:00,BAL_NORTH_PIT,Shift_3_Night,403.4,8.0,25.0,26,4,11,0.3,8.6,0.36,4.2,431.7,321.8,355.6,47.8,11.85,Alert (10-25%),32.1,4,0.28,11,20.8,21.8121,80.1843
2024-03-09 06:00:00,UKWA_EXTENSION,Shift_1_Morning,554.0,7.5,19.0,20,3,14,1.0,6.2,0.24,0.0,549.0,494.1,503.5,50.5,9.12,Normal (<10%),29.0,3,0.47,15,19.3,21.7932,80.2015
2024-03-09 14:00:00,BAL_NORTH_PIT,Shift_2_Evening,561.4,7.5,21.0,22,4,16,0.8,4.5,0.21,2.5,475.3,419.5,508.8,52.6,9.37,Normal (<10%),32.3,4,0.29,16,20.8,21.8121,80.1843
2024-03-09 22:00:00,UKWA_EXTENSION,Shift_3_Night,424.0,7.5,19.0,20,3,16,2.4,11.2,0.19,2.0,466.1,351.8,174.1,249.9,58.94,Critical (>25%),30.7,3,0.66,18,21.4,21.7932,80.2015
2024-03-10 06:00:00,UKWA_EXTENSION,Shift_1_Morning,453.1,7.5,25.0,26,2,13,2.2,14.4,0.28,6.8,417.7,504.3,389.1,64.0,14.12,Alert (10-25%),29.3,2,0.0,14,22.1,21.7932,80.2015
2024-03-10 14:00:00,BAL_SOUTH_PIT,Shift_2_Evening,403.5,8.0,16.0,18,3,14,0.2,1.9,0.26,3.5,478.3,438.8,364.4,39.1,9.69,Normal (<10%),31.0,4,0.45,14,20.7,21.8005,80.1901
2024-03-10 22:00:00,BAL_NORTH_PIT,Shift_3_Night,458.7,7.5,23.0,24,4,12,0.1,3.2,0.18,3.0,511.6,511.9,389.9,68.8,15.0,Alert (10-25%),32.2,4,0.54,12,19.0,21.8121,80.1843
2024-03-11 06:00:00,BAL_DEEP_LEVEL_3,Shift_1_Morning,554.6,7.5,19.0,20,3,14,3.6,10.9,0.28,12.3,523.8,425.0,527.6,27.0,4.87,Normal (<10%),32.8,5,1.37,14,19.9,21.8064,80.1876
2024-03-11 14:00:00,BAL_DEEP_LEVEL_3,Shift_2_Evening,503.6,7.5,18.0,18,3,14,1.2,3.6,0.2,3.6,378.5,351.2,264.0,239.6,47.58,Critical (>25%),30.5,3,0.0,14,21.2,21.8064,80.1876
2024-03-11 22:00:00,BAL_NORTH_PIT,Shift_3_Night,469.6,8.0,21.0,22,4,16,2.9,11.2,0.24,3.6,519.3,405.4,443.5,26.1,5.56,Normal (<10%),31.7,4,0.81,19,21.1,21.8121,80.1843
2024-03-12 06:00:00,BAL_DEEP_LEVEL_3,Shift_1_Morning,474.3,7.5,24.0,24,3,16,0.1,7.1,0.26,0.0,424.9,449.8,452.4,21.9,4.62,Normal (<10%),31.1,3,0.36,16,18.6,21.8064,80.1876
2024-03-12 14:00:00,BAL_DEEP_LEVEL_3,Shift_2_Evening,400.3,8.0,26.0,26,3,12,1.1,4.5,0.13,6.1,366.7,400.7,400.3,0.0,0.0,Normal (<10%),32.4,3,0.0,13,20.5,21.8064,80.1876
2024-03-12 22:00:00,BAL_NORTH_PIT,Shift_3_Night,460.0,7.5,23.0,24,2,12,1.2,8.4,0.23,6.8,496.1,418.4,377.6,82.4,17.91,Alert (10-25%),33.5,2,0.0,12,20.0,21.8121,80.1843
2024-03-13 06:00:00,UKWA_EXTENSION,Shift_1_Morning,529.3,8.0,18.0,18,3,14,3.0,10.6,0.3,6.1,467.2,542.6,495.2,34.1,6.44,Normal (<10%),32.2,3,0.0,15,22.3,21.7932,80.2015
2024-03-13 14:00:00,BAL_NORTH_PIT,Shift_2_Evening,594.8,7.5,18.0,18,3,10,0.2,2.2,0.2,3.2,438.2,559.0,504.8,90.0,15.13,Alert (10-25%),34.6,3,0.39,13,20.8,21.8121,80.1843
2024-03-13 22:00:00,UKWA_EXTENSION,Shift_3_Night,569.4,7.5,20.0,22,3,12,0.4,3.5,0.22,0.0,537.1,440.3,508.2,61.2,10.75,Alert (10-25%),32.2,5,0.98,13,19.9,21.7932,80.2015
2024-03-14 06:00:00,BAL_DEEP_LEVEL_3,Shift_1_Morning,404.7,8.0,24.0,26,3,14,0.8,5.3,0.22,0.0,433.7,456.9,383.4,21.3,5.26,Normal (<10%),31.2,4,0.89,14,21.2,21.8064,80.1876
2024-03-14 14:00:00,BAL_DEEP_LEVEL_3,Shift_2_Evening,579.7,7.5,20.0,22,3,12,3.0,14.0,0.37,14.5,499.1,424.0,508.0,71.7,12.37,Alert (10-25%),30.3,3,0.24,14,20.3,21.8064,80.1876
2024-03-14 22:00:00,BAL_DEEP_LEVEL_3,Shift_3_Night,556.6,7.5,24.0,26,3,16,4.2,17.6,0.31,15.0,446.3,581.5,478.9,77.7,13.96,Alert (10-25%),31.1,5,0.67,17,20.7,21.8064,80.1876
2024-03-15 06:00:00,BAL_SOUTH_PIT,Shift_1_Morning,556.1,7.5,20.0,22,3,15,7.4,24.9,0.26,16.2,423.8,474.4,539.6,16.5,2.97,Normal (<10%),30.7,3,0.32,15,20.2,21.8005,80.1901
2024-03-15 14:00:00,UKWA_EXTENSION,Shift_2_Evening,491.6,8.0,24.0,24,4,16,4.8,18.0,0.25,7.5,415.8,589.9,491.6,0.0,0.0,Normal (<10%),29.4,4,0.41,19,19.6,21.7932,80.2015
2024-03-15 22:00:00,BAL_SOUTH_PIT,Shift_3_Night,479.6,7.5,23.0,26,4,14,0.0,4.2,0.23,1.7,419.3,421.2,407.1,72.5,15.12,Alert (10-25%),32.4,4,0.47,17,21.7,21.8005,80.1901
2024-03-16 06:00:00,BAL_SOUTH_PIT,Shift_1_Morning,460.6,8.0,24.0,26,4,14,0.1,3.1,0.28,0.0,499.6,459.7,429.3,31.3,6.8,Normal (<10%),32.4,4,0.16,15,19.7,21.8005,80.1901
2024-03-16 14:00:00,BAL_NORTH_PIT,Shift_2_Evening,413.1,8.0,25.0,26,3,16,0.2,5.2,0.26,4.0,425.9,443.6,258.0,155.1,37.55,Critical (>25%),35.8,4,0.97,16,20.8,21.8121,80.1843
2024-03-16 22:00:00,BAL_SOUTH_PIT,Shift_3_Night,445.6,8.0,21.0,22,4,12,0.6,2.0,0.26,0.0,556.6,425.7,426.0,19.6,4.4,Normal (<10%),35.1,5,0.51,12,20.1,21.8005,80.1901
2024-03-17 06:00:00,BAL_NORTH_PIT,Shift_1_Morning,449.3,7.5,21.0,22,2,12,2.7,17.8,0.23,12.4,447.1,380.0,361.6,87.7,19.52,Alert (10-25%),29.9,3,0.44,13,21.5,21.8121,80.1843
2024-03-17 14:00:00,BAL_NORTH_PIT,Shift_2_Evening,496.8,8.0,20.0,22,3,16,3.3,18.9,0.33,9.1,539.7,541.2,471.9,24.9,5.01,Normal (<10%),30.1,4,0.54,19,21.9,21.8121,80.1843
2024-03-17 22:00:00,BAL_SOUTH_PIT,Shift_3_Night,549.5,8.0,16.0,18,3,13,0.3,4.4,0.19,2.2,416.7,467.2,461.5,88.0,16.01,Alert (10-25%),30.3,4,1.02,15,19.4,21.8005,80.1901
2024-03-18 06:00:00,UKWA_EXTENSION,Shift_1_Morning,494.8,7.5,23.0,24,2,11,1.5,10.1,0.24,1.0,314.5,363.9,276.0,218.8,44.22,Critical (>25%),30.9,2,0.36,11,20.1,21.7932,80.2015
2024-03-18 14:00:00,UKWA_EXTENSION,Shift_2_Evening,411.6,8.0,21.0,22,3,14,3.7,23.5,0.36,23.2,382.5,529.3,411.6,0.0,0.0,Normal (<10%),30.4,3,0.22,15,22.9,21.7932,80.2015
2024-03-18 22:00:00,UKWA_EXTENSION,Shift_3_Night,591.6,8.0,23.0,24,2,12,0.9,7.3,0.21,6.7,473.1,553.0,490.1,101.5,17.16,Alert (10-25%),34.0,2,0.68,12,19.6,21.7932,80.2015
2024-03-19 06:00:00,UKWA_EXTENSION,Shift_1_Morning,588.5,7.5,19.0,20,3,12,0.2,3.3,0.14,0.0,456.1,526.5,523.0,65.5,11.13,Alert (10-25%),31.8,4,1.34,13,18.7,21.7932,80.2015
2024-03-19 14:00:00,UKWA_EXTENSION,Shift_2_Evening,557.0,7.5,22.0,22,3,14,0.9,3.6,0.2,1.5,550.0,450.9,504.8,52.2,9.37,Normal (<10%),31.5,3,0.46,15,18.6,21.7932,80.2015
2024-03-19 22:00:00,BAL_SOUTH_PIT,Shift_3_Night,598.3,8.0,25.0,26,4,12,0.7,3.9,0.23,10.6,372.0,351.0,382.7,215.6,36.04,Critical (>25%),29.1,5,1.07,13,20.2,21.8005,80.1901
2024-03-20 06:00:00,BAL_SOUTH_PIT,Shift_1_Morning,508.9,7.5,25.0,26,4,15,1.3,8.6,0.28,1.0,513.9,449.1,453.3,55.6,10.93,Alert (10-25%),31.4,5,1.01,15,19.6,21.8005,80.1901
2024-03-20 14:00:00,BAL_DEEP_LEVEL_3,Shift_2_Evening,592.6,7.5,19.0,20,4,16,0.9,6.0,0.19,0.0,595.0,583.6,539.5,53.1,8.96,Normal (<10%),30.8,4,0.22,17,19.8,21.8064,80.1876
2024-03-20 22:00:00,UKWA_EXTENSION,Shift_3_Night,415.1,7.5,19.0,22,4,12,0.0,5.4,0.2,0.0,413.9,472.5,340.4,74.7,18.0,Alert (10-25%),31.6,4,0.41,14,20.1,21.7932,80.2015
2024-03-21 06:00:00,BAL_SOUTH_PIT,Shift_1_Morning,473.1,8.0,25.0,26,4,15,7.7,25.6,0.34,13.7,446.9,558.1,445.1,28.0,5.92,Normal (<10%),28.6,6,0.66,16,21.5,21.8005,80.1901
2024-03-21 14:00:00,BAL_DEEP_LEVEL_3,Shift_2_Evening,445.1,8.0,25.0,26,4,15,1.2,5.3,0.25,11.0,467.5,498.4,416.6,28.5,6.4,Normal (<10%),31.9,4,0.34,15,20.1,21.8064,80.1876
2024-03-21 22:00:00,UKWA_EXTENSION,Shift_3_Night,439.2,7.5,19.0,20,4,14,1.0,5.0,0.24,0.5,463.6,342.6,375.4,63.8,14.53,Alert (10-25%),29.5,4,0.21,16,21.1,21.7932,80.2015
2024-03-22 06:00:00,BAL_NORTH_PIT,Shift_1_Morning,428.2,8.0,24.0,26,3,16,4.6,18.2,0.28,10.0,460.2,462.3,377.1,51.1,11.93,Alert (10-25%),28.7,3,0.28,17,23.1,21.8121,80.1843
2024-03-22 14:00:00,BAL_DEEP_LEVEL_3,Shift_2_Evening,524.5,7.5,23.0,24,4,12,0.3,1.5,0.17,2.0,512.6,528.3,483.1,41.4,7.89,Normal (<10%),36.1,6,0.78,13,20.3,21.8064,80.1876
2024-03-22 22:00:00,BAL_SOUTH_PIT,Shift_3_Night,556.3,7.5,22.0,24,3,16,0.3,10.3,0.3,6.7,393.3,508.4,303.5,252.8,45.44,Critical (>25%),29.4,3,0.31,17,22.4,21.8005,80.1901
2024-03-23 06:00:00,BAL_NORTH_PIT,Shift_1_Morning,515.7,7.5,17.0,18,3,13,2.5,14.2,0.33,14.3,429.5,545.1,468.4,47.3,9.17,Normal (<10%),29.2,5,1.16,13,20.0,21.8121,80.1843
2024-03-23 14:00:00,BAL_NORTH_PIT,Shift_2_Evening,429.4,7.5,17.0,18,3,12,0.5,3.9,0.19,6.7,499.3,363.2,374.2,55.2,12.86,Alert (10-25%),35.3,3,0.36,15,19.0,21.8121,80.1843
2024-03-23 22:00:00,BAL_NORTH_PIT,Shift_3_Night,562.2,7.5,20.0,22,3,12,2.4,11.5,0.23,9.3,583.5,408.4,497.1,65.1,11.58,Alert (10-25%),36.1,5,0.44,15,21.3,21.8121,80.1843
2024-03-24 06:00:00,BAL_DEEP_LEVEL_3,Shift_1_Morning,527.2,8.0,16.0,18,3,14,0.5,5.5,0.26,2.5,459.7,567.4,527.2,0.0,0.0,Normal (<10%),30.2,4,0.48,14,20.7,21.8064,80.1876
2024-03-24 14:00:00,BAL_SOUTH_PIT,Shift_2_Evening,477.6,8.0,25.0,26,3,11,0.1,2.1,0.22,6.2,386.5,440.0,462.5,15.1,3.16,Normal (<10%),32.0,3,0.0,11,20.1,21.8005,80.1901
2024-03-24 22:00:00,BAL_NORTH_PIT,Shift_3_Night,534.8,8.0,25.0,26,4,14,1.1,5.2,0.26,0.0,613.5,454.8,511.2,23.6,4.41,Normal (<10%),32.5,5,0.77,14,21.1,21.8121,80.1843
2024-03-25 06:00:00,UKWA_EXTENSION,Shift_1_Morning,452.0,8.0,20.0,22,4,14,0.3,2.9,0.23,0.0,390.7,485.2,452.0,0.0,0.0,Normal (<10%),35.0,4,0.55,17,18.2,21.7932,80.2015
2024-03-25 14:00:00,BAL_NORTH_PIT,Shift_2_Evening,469.0,7.5,17.0,18,3,12,2.1,8.4,0.26,3.6,518.9,439.8,398.9,70.1,14.95,Alert (10-25%),30.3,3,0.48,15,22.5,21.8121,80.1843
2024-03-25 22:00:00,BAL_NORTH_PIT,Shift_3_Night,583.5,7.5,16.0,18,3,14,1.5,7.5,0.22,10.8,594.5,440.1,513.7,69.8,11.96,Alert (10-25%),31.7,4,0.46,14,20.1,21.8121,80.1843
2024-03-26 06:00:00,BAL_DEEP_LEVEL_3,Shift_1_Morning,458.1,8.0,25.0,26,3,13,3.9,14.9,0.17,5.7,531.2,430.6,454.9,3.2,0.7,Normal (<10%),33.0,3,0.47,14,18.8,21.8064,80.1876
2024-03-26 14:00:00,BAL_DEEP_LEVEL_3,Shift_2_Evening,494.0,8.0,23.0,24,3,16,2.3,10.5,0.26,4.0,446.4,450.3,477.5,16.5,3.34,Normal (<10%),32.3,4,0.56,16,20.9,21.8064,80.1876
2024-03-26 22:00:00,BAL_SOUTH_PIT,Shift_3_Night,578.0,7.5,16.0,18,4,12,0.3,4.2,0.26,3.7,528.0,473.3,481.8,96.2,16.64,Alert (10-25%),31.5,5,0.36,12,20.0,21.8005,80.1901
2024-03-27 06:00:00,UKWA_EXTENSION,Shift_1_Morning,541.5,7.5,18.0,20,3,14,2.4,10.2,0.27,6.5,496.9,498.6,491.2,50.3,9.29,Normal (<10%),31.4,3,0.62,14,20.6,21.7932,80.2015
2024-03-27 14:00:00,BAL_DEEP_LEVEL_3,Shift_2_Evening,412.4,7.5,26.0,26,3,14,1.5,5.0,0.19,1.4,468.1,485.1,353.2,59.2,14.35,Alert (10-25%),30.4,3,0.65,14,20.4,21.8064,80.1876
2024-03-27 22:00:00,BAL_NORTH_PIT,Shift_3_Night,429.5,8.0,21.0,22,3,12,1.7,11.4,0.23,9.9,468.5,429.2,388.4,41.1,9.57,Normal (<10%),31.4,4,0.98,14,21.3,21.8121,80.1843
2024-03-28 06:00:00,BAL_SOUTH_PIT,Shift_1_Morning,401.6,7.5,17.0,18,4,12,2.7,13.6,0.39,6.7,353.5,421.2,238.2,163.4,40.69,Critical (>25%),30.2,4,0.22,14,20.5,21.8005,80.1901
2024-03-28 14:00:00,BAL_NORTH_PIT,Shift_2_Evening,526.2,7.5,22.0,24,4,12,1.3,9.4,0.26,11.5,556.1,552.8,466.0,60.2,11.44,Alert (10-25%),32.0,4,0.75,12,20.0,21.8121,80.1843
2024-03-28 22:00:00,BAL_NORTH_PIT,Shift_3_Night,489.5,8.0,24.0,26,4,12,0.9,5.0,0.11,4.5,395.9,450.0,206.6,282.9,57.79,Critical (>25%),32.1,4,0.25,13,17.7,21.8121,80.1843
2024-03-29 06:00:00,BAL_DEEP_LEVEL_3,Shift_1_Morning,426.9,8.0,17.0,18,4,12,1.5,3.7,0.19,7.5,430.8,526.7,422.6,4.3,1.01,Normal (<10%),33.3,4,0.6,12,20.0,21.8064,80.1876
2024-03-29 14:00:00,BAL_SOUTH_PIT,Shift_2_Evening,591.6,8.0,23.0,24,4,16,0.5,3.6,0.21,0.0,398.6,574.2,560.3,31.3,5.29,Normal (<10%),34.0,5,0.55,17,21.3,21.8005,80.1901
2024-03-29 22:00:00,UKWA_EXTENSION,Shift_3_Night,505.9,7.5,22.0,24,3,15,0.3,1.4,0.15,0.2,535.4,383.9,431.2,74.7,14.77,Alert (10-25%),33.2,3,0.33,18,18.9,21.7932,80.2015
2024-03-30 06:00:00,UKWA_EXTENSION,Shift_1_Morning,448.4,7.5,25.0,26,3,16,1.4,13.4,0.26,0.0,425.1,418.5,412.3,36.1,8.05,Normal (<10%),31.9,4,0.0,19,20.9,21.7932,80.2015
2024-03-30 14:00:00,BAL_DEEP_LEVEL_3,Shift_2_Evening,500.1,8.0,17.0,18,3,13,0.4,3.7,0.19,9.2,467.4,504.8,479.4,20.7,4.14,Normal (<10%),32.6,4,0.61,15,19.3,21.8064,80.1876
2024-03-30 22:00:00,BAL_DEEP_LEVEL_3,Shift_3_Night,535.9,7.5,20.0,22,3,12,0.1,0.4,0.21,11.7,496.5,508.4,458.3,77.6,14.48,Alert (10-25%),32.7,5,1.03,12,18.8,21.8064,80.1876
2024-03-31 06:00:00,BAL_SOUTH_PIT,Shift_1_Morning,415.2,7.5,17.0,18,3,11,0.0,2.2,0.2,0.0,549.1,424.7,389.0,26.2,6.31,Normal (<10%),31.5,5,0.88,11,19.7,21.8005,80.1901
2024-03-31 14:00:00,UKWA_EXTENSION,Shift_2_Evening,454.9,7.5,19.0,20,3,16,1.4,7.9,0.2,7.1,537.7,485.5,415.5,39.4,8.66,Normal (<10%),32.6,4,1.23,16,19.2,21.7932,80.2015
2024-03-31 22:00:00,UKWA_EXTENSION,Shift_3_Night,561.4,8.0,21.0,22,4,13,0.7,10.7,0.24,7.7,391.6,398.6,278.4,283.0,50.41,Critical (>25%),31.6,4,0.05,13,20.7,21.7932,80.2015
2024-04-01 06:00:00,UKWA_EXTENSION,Shift_1_Morning,491.9,8.0,24.0,26,3,14,2.1,11.8,0.3,1.4,497.7,444.0,464.7,27.2,5.53,Normal (<10%),37.4,3,0.23,15,22.0,21.7932,80.2015
2024-04-01 14:00:00,BAL_NORTH_PIT,Shift_2_Evening,509.3,7.5,20.0,20,4,12,0.7,3.3,0.22,8.4,567.4,425.6,461.1,48.2,9.46,Normal (<10%),37.8,5,0.43,13,21.0,21.8121,80.1843
2024-04-01 22:00:00,UKWA_EXTENSION,Shift_3_Night,486.6,7.5,18.0,20,3,14,1.0,6.5,0.22,3.0,527.4,456.5,428.4,58.2,11.96,Alert (10-25%),35.7,3,0.23,17,19.8,21.7932,80.2015
2024-04-02 06:00:00,BAL_NORTH_PIT,Shift_1_Morning,408.8,7.5,17.0,18,3,16,0.8,5.1,0.24,0.0,373.6,482.9,350.0,58.8,14.38,Alert (10-25%),34.0,4,1.01,16,21.1,21.8121,80.1843
2024-04-02 14:00:00,BAL_SOUTH_PIT,Shift_2_Evening,433.1,7.5,22.0,24,4,16,1.6,6.6,0.23,0.8,489.4,517.8,388.9,44.2,10.21,Alert (10-25%),33.4,4,0.84,16,21.2,21.8005,80.1901
2024-04-02 22:00:00,BAL_NORTH_PIT,Shift_3_Night,489.1,8.0,19.0,20,3,14,0.7,5.0,0.17,0.0,509.8,567.6,465.8,23.3,4.76,Normal (<10%),37.4,5,0.79,16,21.7,21.8121,80.1843
2024-04-03 06:00:00,BAL_SOUTH_PIT,Shift_1_Morning,441.8,8.0,24.0,26,4,14,5.0,14.2,0.31,10.1,526.3,427.2,432.7,9.1,2.06,Normal (<10%),34.4,5,0.48,15,21.0,21.8005,80.1901
2024-04-03 14:00:00,UKWA_EXTENSION,Shift_2_Evening,410.0,7.5,24.0,26,3,13,4.1,11.8,0.23,8.4,443.9,277.5,225.9,184.1,44.9,Critical (>25%),35.4,3,0.05,13,19.3,21.7932,80.2015
2024-04-03 22:00:00,UKWA_EXTENSION,Shift_3_Night,568.7,7.5,23.0,24,4,12,2.8,13.7,0.25,15.1,495.7,318.0,285.2,283.5,49.85,Critical (>25%),31.8,5,1.09,12,19.3,21.7932,80.2015
2024-04-04 06:00:00,BAL_SOUTH_PIT,Shift_1_Morning,596.2,8.0,19.0,20,3,16,3.8,19.2,0.22,21.9,598.3,579.6,574.0,22.2,3.72,Normal (<10%),35.5,3,0.74,17,19.8,21.8005,80.1901
2024-04-04 14:00:00,BAL_DEEP_LEVEL_3,Shift_2_Evening,558.6,7.5,23.0,24,3,13,0.9,7.7,0.28,14.7,421.1,478.1,480.4,78.2,14.0,Alert (10-25%),35.4,3,0.37,13,20.2,21.8064,80.1876
2024-04-04 22:00:00,BAL_SOUTH_PIT,Shift_3_Night,570.8,8.0,18.0,20,3,12,1.2,6.8,0.24,0.0,577.5,572.6,532.3,38.5,6.74,Normal (<10%),33.4,5,0.58,13,21.1,21.8005,80.1901
2024-04-05 06:00:00,BAL_DEEP_LEVEL_3,Shift_1_Morning,448.4,7.5,17.0,18,3,14,2.0,9.2,0.26,9.2,370.3,386.2,364.0,84.4,18.82,Alert (10-25%),34.0,5,0.61,17,22.6,21.8064,80.1876
2024-04-05 14:00:00,BAL_NORTH_PIT,Shift_2_Evening,592.1,8.0,26.0,26,3,12,1.8,9.3,0.29,10.2,573.8,551.7,577.9,14.2,2.4,Normal (<10%),34.9,5,1.05,12,19.8,21.8121,80.1843
2024-04-05 22:00:00,BAL_NORTH_PIT,Shift_3_Night,439.4,7.5,22.0,24,3,12,3.3,10.2,0.29,4.2,477.8,368.1,358.7,80.7,18.37,Alert (10-25%),34.5,3,0.56,12,20.3,21.8121,80.1843
2024-04-06 06:00:00,BAL_NORTH_PIT,Shift_1_Morning,590.3,7.5,20.0,20,4,12,1.9,5.8,0.19,5.3,496.9,533.9,532.7,57.6,9.76,Normal (<10%),35.0,4,0.0,14,20.2,21.8121,80.1843
2024-04-06 14:00:00,UKWA_EXTENSION,Shift_2_Evening,599.0,8.0,19.0,20,2,14,9.2,35.2,0.38,25.5,566.4,529.1,523.0,76.0,12.69,Alert (10-25%),31.7,2,0.43,14,21.8,21.7932,80.2015
2024-04-06 22:00:00,BAL_NORTH_PIT,Shift_3_Night,542.3,8.0,20.0,22,4,12,0.6,5.5,0.22,1.2,509.1,439.8,514.0,28.3,5.22,Normal (<10%),34.9,5,1.19,15,21.6,21.8121,80.1843
2024-04-07 06:00:00,BAL_DEEP_LEVEL_3,Shift_1_Morning,596.2,7.5,20.0,22,3,12,2.7,14.6,0.26,16.1,543.4,466.2,526.2,70.0,11.74,Alert (10-25%),34.5,3,0.33,14,21.6,21.8064,80.1876
2024-04-07 14:00:00,BAL_NORTH_PIT,Shift_2_Evening,513.9,7.5,19.0,22,3,13,1.8,9.9,0.21,7.8,487.3,439.2,446.9,67.0,13.04,Alert (10-25%),37.2,5,1.45,13,20.0,21.8121,80.1843
2024-04-07 22:00:00,BAL_SOUTH_PIT,Shift_3_Night,451.9,8.0,21.0,22,4,12,1.8,7.4,0.31,4.1,434.3,580.0,408.1,43.8,9.69,Normal (<10%),30.7,6,1.19,12,20.7,21.8005,80.1901
2024-04-08 06:00:00,BAL_SOUTH_PIT,Shift_1_Morning,487.4,8.0,20.0,22,3,14,0.6,3.9,0.27,0.0,558.2,560.5,479.4,8.0,1.64,Normal (<10%),34.7,3,0.07,14,20.5,21.8005,80.1901
2024-04-08 14:00:00,UKWA_EXTENSION,Shift_2_Evening,518.7,7.5,20.0,22,4,12,2.3,6.0,0.25,9.8,505.7,386.0,472.1,46.6,8.98,Normal (<10%),35.3,6,0.91,12,20.5,21.7932,80.2015
2024-04-08 22:00:00,BAL_SOUTH_PIT,Shift_3_Night,414.6,7.5,26.0,26,3,16,3.5,12.0,0.33,8.4,442.3,495.3,224.3,190.3,45.9,Critical (>25%),34.5,3,0.36,18,20.7,21.8005,80.1901
2024-04-09 06:00:00,BAL_DEEP_LEVEL_3,Shift_1_Morning,524.5,8.0,18.0,20,3,10,0.4,4.1,0.24,3.1,488.3,594.3,503.7,20.8,3.97,Normal (<10%),34.7,3,0.11,12,21.4,21.8064,80.1876
2024-04-09 14:00:00,BAL_NORTH_PIT,Shift_2_Evening,596.2,8.0,26.0,26,4,16,1.5,7.6,0.22,0.8,374.7,392.8,285.2,311.0,52.16,Critical (>25%),32.4,4,0.11,16,20.0,21.8121,80.1843
2024-04-09 22:00:00,UKWA_EXTENSION,Shift_3_Night,438.0,8.0,18.0,20,3,16,0.7,4.5,0.2,7.5,506.9,551.9,404.5,33.5,7.65,Normal (<10%),35.9,5,1.45,16,19.0,21.7932,80.2015
2024-04-10 06:00:00,BAL_NORTH_PIT,Shift_1_Morning,558.5,8.0,20.0,22,3,12,6.8,29.5,0.37,14.0,444.7,589.1,529.3,29.2,5.23,Normal (<10%),35.0,4,0.49,13,22.6,21.8121,80.1843
2024-04-10 14:00:00,BAL_NORTH_PIT,Shift_2_Evening,581.6,8.0,17.0,18,3,16,1.0,6.6,0.16,0.0,530.7,605.0,572.2,9.4,1.62,Normal (<10%),33.2,5,1.32,17,20.1,21.8121,80.1843
2024-04-10 22:00:00,BAL_DEEP_LEVEL_3,Shift_3_Night,588.7,7.5,23.0,24,3,12,0.4,12.3,0.3,4.7,508.5,439.6,502.5,86.2,14.64,Alert (10-25%),35.5,4,0.57,14,22.4,21.8064,80.1876
2024-04-11 06:00:00,BAL_SOUTH_PIT,Shift_1_Morning,592.0,7.5,24.0,24,3,14,0.7,4.9,0.14,5.0,568.5,613.8,544.3,47.7,8.06,Normal (<10%),35.3,4,0.69,14,18.1,21.8005,80.1901
2024-04-11 14:00:00,BAL_SOUTH_PIT,Shift_2_Evening,504.3,8.0,24.0,26,3,12,1.6,13.3,0.32,10.6,528.5,536.7,479.0,25.3,5.02,Normal (<10%),33.9,5,1.17,13,22.4,21.8005,80.1901
2024-04-11 22:00:00,BAL_NORTH_PIT,Shift_3_Night,595.5,7.5,21.0,22,3,12,0.1,1.6,0.23,1.8,457.7,475.5,523.1,72.4,12.16,Alert (10-25%),33.9,5,0.82,12,19.5,21.8121,80.1843
2024-04-12 06:00:00,UKWA_EXTENSION,Shift_1_Morning,551.5,7.5,25.0,26,4,14,1.4,7.7,0.34,4.3,381.7,398.0,236.4,315.1,57.14,Critical (>25%),33.8,4,0.57,15,20.4,21.7932,80.2015
2024-04-12 14:00:00,BAL_SOUTH_PIT,Shift_2_Evening,432.3,8.0,22.0,24,4,15,4.0,10.0,0.26,7.5,371.5,480.0,420.2,12.1,2.8,Normal (<10%),36.6,4,0.0,16,20.0,21.8005,80.1901
2024-04-12 22:00:00,UKWA_EXTENSION,Shift_3_Night,495.4,7.5,21.0,22,3,11,2.8,10.7,0.29,21.4,462.4,435.6,427.5,67.9,13.71,Alert (10-25%),35.3,5,1.13,11,19.4,21.7932,80.2015
2024-04-13 06:00:00,BAL_SOUTH_PIT,Shift_1_Morning,543.7,7.5,21.0,24,3,11,0.1,6.3,0.27,5.4,369.8,486.0,478.8,64.9,11.94,Alert (10-25%),37.5,4,0.0,11,18.3,21.8005,80.1901
2024-04-13 14:00:00,UKWA_EXTENSION,Shift_2_Evening,449.5,7.5,20.0,20,3,16,7.5,20.0,0.26,11.2,450.3,356.8,420.2,29.3,6.52,Normal (<10%),35.6,5,0.93,17,21.8,21.7932,80.2015
2024-04-13 22:00:00,BAL_DEEP_LEVEL_3,Shift_3_Night,528.1,8.0,24.0,24,4,14,1.8,10.6,0.2,6.5,404.5,350.1,326.3,201.8,38.21,Critical (>25%),35.6,5,0.96,17,23.0,21.8064,80.1876
2024-04-14 06:00:00,UKWA_EXTENSION,Shift_1_Morning,533.3,8.0,18.0,20,4,16,0.3,2.5,0.17,0.6,457.7,567.7,522.2,11.1,2.08,Normal (<10%),38.4,6,1.19,17,18.0,21.7932,80.2015
2024-04-14 14:00:00,BAL_DEEP_LEVEL_3,Shift_2_Evening,432.5,7.5,18.0,18,3,13,0.0,1.2,0.2,1.1,506.7,464.1,392.2,40.3,9.32,Normal (<10%),36.4,4,0.31,16,19.5,21.8064,80.1876
2024-04-14 22:00:00,BAL_DEEP_LEVEL_3,Shift_3_Night,513.0,7.5,21.0,22,3,15,0.3,4.6,0.22,0.0,472.9,344.9,395.2,117.8,22.96,Alert (10-25%),36.6,4,0.35,15,20.3,21.8064,80.1876
2024-04-15 06:00:00,UKWA_EXTENSION,Shift_1_Morning,554.3,7.5,23.0,24,2,14,2.7,8.1,0.24,9.4,514.0,465.0,466.7,87.6,15.8,Alert (10-25%),34.5,2,0.19,16,20.7,21.7932,80.2015
2024-04-15 14:00:00,BAL_DEEP_LEVEL_3,Shift_2_Evening,499.8,7.5,23.0,24,3,13,0.0,2.6,0.24,3.2,443.8,423.3,299.7,200.1,40.04,Critical (>25%),35.5,4,0.76,13,20.4,21.8064,80.1876
2024-04-15 22:00:00,BAL_NORTH_PIT,Shift_3_Night,402.4,7.5,23.0,24,3,12,0.4,6.5,0.2,0.4,447.9,542.2,345.0,57.4,14.26,Alert (10-25%),34.2,4,0.09,12,19.5,21.8121,80.1843
2024-04-16 06:00:00,BAL_DEEP_LEVEL_3,Shift_1_Morning,401.8,7.5,23.0,24,3,15,2.1,4.2,0.26,7.9,432.4,514.3,358.5,43.3,10.78,Alert (10-25%),36.6,4,0.7,15,19.2,21.8064,80.1876
2024-04-16 14:00:00,BAL_SOUTH_PIT,Shift_2_Evening,471.4,8.0,21.0,22,4,15,1.3,6.6,0.25,0.0,435.4,525.6,458.4,13.0,2.76,Normal (<10%),33.2,6,1.09,15,19.7,21.8005,80.1901
2024-04-16 22:00:00,UKWA_EXTENSION,Shift_3_Night,585.2,7.5,21.0,24,4,13,2.3,11.5,0.34,18.4,471.8,463.6,283.3,301.9,51.59,Critical (>25%),35.2,4,0.32,16,19.5,21.7932,80.2015
2024-04-17 06:00:00,BAL_NORTH_PIT,Shift_1_Morning,445.7,7.5,25.0,26,4,12,2.1,8.6,0.26,15.2,385.0,441.4,404.8,40.9,9.18,Normal (<10%),34.5,4,0.56,15,20.1,21.8121,80.1843
2024-04-17 14:00:00,UKWA_EXTENSION,Shift_2_Evening,526.9,8.0,20.0,20,4,16,0.1,2.2,0.21,10.1,408.7,536.6,517.0,9.9,1.88,Normal (<10%),37.3,6,1.07,17,20.7,21.7932,80.2015
2024-04-17 22:00:00,BAL_SOUTH_PIT,Shift_3_Night,444.4,7.5,19.0,20,4,16,3.3,16.1,0.39,8.3,351.2,384.8,388.7,55.7,12.53,Alert (10-25%),34.5,6,0.84,17,22.9,21.8005,80.1901
2024-04-18 06:00:00,BAL_SOUTH_PIT,Shift_1_Morning,464.3,7.5,22.0,24,3,12,0.4,7.2,0.23,6.0,451.4,328.7,187.4,276.9,59.64,Critical (>25%),37.8,3,0.0,14,22.0,21.8005,80.1901
2024-04-18 14:00:00,BAL_SOUTH_PIT,Shift_2_Evening,569.6,7.5,17.0,18,3,13,1.2,7.0,0.25,1.6,484.0,566.1,534.7,34.9,6.13,Normal (<10%),36.0,3,0.44,14,20.8,21.8005,80.1901
2024-04-18 22:00:00,BAL_DEEP_LEVEL_3,Shift_3_Night,545.8,7.5,25.0,26,2,16,1.6,8.6,0.26,7.9,387.0,450.9,381.1,164.7,30.18,Critical (>25%),32.4,4,0.71,17,18.2,21.8064,80.1876
2024-04-19 06:00:00,BAL_DEEP_LEVEL_3,Shift_1_Morning,419.1,8.0,25.0,26,3,14,0.3,5.5,0.27,3.8,471.0,513.6,400.9,18.2,4.34,Normal (<10%),34.8,3,0.23,16,20.1,21.8064,80.1876
2024-04-19 14:00:00,UKWA_EXTENSION,Shift_2_Evening,485.7,7.5,18.0,18,4,12,5.6,24.3,0.33,13.9,425.6,430.1,262.2,223.5,46.02,Critical (>25%),31.3,5,0.88,12,22.8,21.7932,80.2015
2024-04-19 22:00:00,UKWA_EXTENSION,Shift_3_Night,405.8,8.0,19.0,20,3,12,1.0,5.2,0.36,1.1,384.1,446.3,206.0,199.8,49.24,Critical (>25%),33.6,3,0.83,12,22.1,21.7932,80.2015
2024-04-20 06:00:00,BAL_NORTH_PIT,Shift_1_Morning,496.2,7.5,21.0,22,4,14,0.1,6.9,0.21,5.0,548.6,405.0,453.7,42.5,8.57,Normal (<10%),37.5,4,0.39,14,21.0,21.8121,80.1843
2024-04-20 14:00:00,BAL_NORTH_PIT,Shift_2_Evening,532.5,7.5,23.0,24,4,12,4.2,13.8,0.34,23.9,462.1,518.0,483.2,49.3,9.26,Normal (<10%),34.8,5,0.87,12,20.6,21.8121,80.1843
2024-04-20 22:00:00,UKWA_EXTENSION,Shift_3_Night,423.7,8.0,19.0,20,4,16,1.3,5.6,0.15,10.3,472.4,371.9,384.8,38.9,9.18,Normal (<10%),34.6,5,0.27,16,17.9,21.7932,80.2015
2024-04-21 06:00:00,BAL_DEEP_LEVEL_3,Shift_1_Morning,457.8,7.5,21.0,22,3,14,1.8,9.4,0.2,6.7,503.3,538.7,429.7,28.1,6.14,Normal (<10%),33.5,4,0.77,15,20.1,21.8064,80.1876
2024-04-21 14:00:00,BAL_SOUTH_PIT,Shift_2_Evening,479.6,8.0,17.0,20,3,15,1.1,4.9,0.15,2.4,505.0,564.2,465.7,13.9,2.9,Normal (<10%),35.8,5,0.98,17,20.0,21.8005,80.1901
2024-04-21 22:00:00,UKWA_EXTENSION,Shift_3_Night,583.9,8.0,17.0,18,3,11,2.7,9.0,0.2,9.1,489.0,578.2,529.9,54.0,9.25,Normal (<10%),33.3,3,0.77,12,21.7,21.7932,80.2015
2024-04-22 06:00:00,BAL_NORTH_PIT,Shift_1_Morning,598.7,8.0,17.0,18,3,12,0.1,7.8,0.16,2.1,385.9,306.9,269.7,329.0,54.95,Critical (>25%),34.4,4,0.54,13,20.1,21.8121,80.1843
2024-04-22 14:00:00,BAL_DEEP_LEVEL_3,Shift_2_Evening,409.0,7.5,18.0,20,3,16,0.5,2.1,0.22,0.3,357.0,461.3,220.7,188.3,46.04,Critical (>25%),36.0,4,0.63,16,19.5,21.8064,80.1876
2024-04-22 22:00:00,UKWA_EXTENSION,Shift_3_Night,552.2,7.5,19.0,20,4,11,1.0,8.9,0.2,0.0,469.6,405.3,473.0,79.2,14.34,Alert (10-25%),36.8,5,1.02,11,19.8,21.7932,80.2015
2024-04-23 06:00:00,UKWA_EXTENSION,Shift_1_Morning,474.3,7.5,21.0,22,3,16,0.1,2.9,0.29,2.4,529.9,489.7,438.2,36.1,7.61,Normal (<10%),35.9,3,0.37,17,20.7,21.7932,80.2015
2024-04-23 14:00:00,BAL_DEEP_LEVEL_3,Shift_2_Evening,478.5,7.5,22.0,24,4,14,1.8,8.3,0.27,6.1,535.3,466.7,418.3,60.2,12.58,Alert (10-25%),31.3,5,0.37,14,20.7,21.8064,80.1876
2024-04-23 22:00:00,UKWA_EXTENSION,Shift_3_Night,550.9,8.0,25.0,26,3,10,0.8,5.1,0.23,0.7,575.7,470.7,512.0,38.9,7.06,Normal (<10%),35.7,3,1.17,12,19.8,21.7932,80.2015
2024-04-24 06:00:00,BAL_DEEP_LEVEL_3,Shift_1_Morning,583.7,7.5,22.0,24,3,13,0.5,8.4,0.26,7.9,580.2,540.5,527.9,55.8,9.56,Normal (<10%),34.9,4,0.38,13,19.0,21.8064,80.1876
2024-04-24 14:00:00,BAL_SOUTH_PIT,Shift_2_Evening,590.2,7.5,21.0,22,3,12,0.0,1.0,0.24,1.3,478.4,575.0,531.5,58.7,9.95,Normal (<10%),36.1,5,0.98,12,20.9,21.8005,80.1901
2024-04-24 22:00:00,BAL_DEEP_LEVEL_3,Shift_3_Night,515.4,8.0,22.0,22,4,12,1.9,8.0,0.3,2.7,437.0,460.8,470.2,45.2,8.77,Normal (<10%),37.0,4,0.5,12,18.6,21.8064,80.1876
2024-04-25 06:00:00,BAL_DEEP_LEVEL_3,Shift_1_Morning,471.4,8.0,19.0,20,3,16,2.7,12.9,0.24,12.7,502.5,539.1,471.4,0.0,0.0,Normal (<10%),31.4,4,0.78,16,21.9,21.8064,80.1876
2024-04-25 14:00:00,BAL_DEEP_LEVEL_3,Shift_2_Evening,557.5,7.5,18.0,18,2,16,0.8,4.1,0.19,1.8,435.5,512.6,456.1,101.4,18.19,Alert (10-25%),34.6,4,0.94,16,17.5,21.8064,80.1876
2024-04-25 22:00:00,UKWA_EXTENSION,Shift_3_Night,450.2,8.0,25.0,26,3,16,1.2,13.2,0.29,3.6,444.4,482.8,389.0,61.2,13.59,Alert (10-25%),35.1,4,0.64,18,20.7,21.7932,80.2015
2024-04-26 06:00:00,UKWA_EXTENSION,Shift_1_Morning,512.8,8.0,23.0,24,4,15,0.4,5.6,0.31,0.0,492.8,412.1,502.3,10.5,2.05,Normal (<10%),32.3,6,0.93,16,21.6,21.7932,80.2015
2024-04-26 14:00:00,BAL_DEEP_LEVEL_3,Shift_2_Evening,471.7,8.0,25.0,26,3,12,1.5,10.6,0.18,14.2,444.5,546.3,275.0,196.7,41.7,Critical (>25%),37.3,4,0.37,14,20.5,21.8064,80.1876
2024-04-26 22:00:00,UKWA_EXTENSION,Shift_3_Night,531.3,8.0,22.0,24,3,16,0.0,3.9,0.24,3.2,503.0,593.5,501.3,30.0,5.65,Normal (<10%),35.8,3,1.05,17,18.8,21.7932,80.2015
2024-04-27 06:00:00,BAL_NORTH_PIT,Shift_1_Morning,448.1,8.0,23.0,24,4,16,1.0,3.4,0.28,2.7,431.7,460.0,448.1,0.0,0.0,Normal (<10%),36.3,6,0.93,19,21.5,21.8121,80.1843
2024-04-27 14:00:00,BAL_NORTH_PIT,Shift_2_Evening,438.3,7.5,17.0,18,3,16,1.6,5.0,0.26,3.1,544.5,395.6,399.3,39.0,8.9,Normal (<10%),34.2,4,0.88,18,20.7,21.8121,80.1843
2024-04-27 22:00:00,UKWA_EXTENSION,Shift_3_Night,583.6,7.5,24.0,26,4,14,3.8,13.1,0.28,14.8,439.5,429.4,524.4,59.2,10.14,Alert (10-25%),35.5,4,0.3,14,20.2,21.7932,80.2015
2024-04-28 06:00:00,UKWA_EXTENSION,Shift_1_Morning,420.4,7.5,17.0,18,4,10,0.7,7.3,0.26,5.6,529.6,469.4,380.1,40.3,9.59,Normal (<10%),36.5,4,0.29,10,19.4,21.7932,80.2015
2024-04-28 14:00:00,BAL_DEEP_LEVEL_3,Shift_2_Evening,501.2,7.5,20.0,22,3,13,2.2,11.2,0.35,15.2,436.2,422.6,446.3,54.9,10.95,Alert (10-25%),34.4,3,0.26,16,21.9,21.8064,80.1876
2024-04-28 22:00:00,BAL_SOUTH_PIT,Shift_3_Night,444.2,7.5,18.0,20,4,16,1.4,4.3,0.26,3.6,364.2,377.7,388.8,55.4,12.47,Alert (10-25%),35.4,6,0.54,16,19.2,21.8005,80.1901
2024-04-29 06:00:00,UKWA_EXTENSION,Shift_1_Morning,407.8,7.5,18.0,20,4,12,3.9,19.2,0.22,0.0,443.2,329.5,173.4,234.4,57.48,Critical (>25%),34.5,4,0.35,14,23.7,21.7932,80.2015
2024-04-29 14:00:00,BAL_NORTH_PIT,Shift_2_Evening,407.2,7.5,19.0,20,3,16,0.8,14.5,0.27,16.0,418.1,549.3,374.6,32.6,8.01,Normal (<10%),32.9,4,0.58,17,20.6,21.8121,80.1843
2024-04-29 22:00:00,BAL_DEEP_LEVEL_3,Shift_3_Night,435.0,8.0,20.0,22,3,12,0.6,2.5,0.22,3.2,349.4,562.4,395.1,39.9,9.17,Normal (<10%),35.3,4,1.05,13,19.5,21.8064,80.1876
2024-04-30 06:00:00,UKWA_EXTENSION,Shift_1_Morning,573.4,7.5,19.0,20,2,10,3.3,14.5,0.32,7.1,409.6,468.6,449.7,123.7,21.57,Alert (10-25%),33.7,2,0.04,10,20.2,21.7932,80.2015
2024-04-30 14:00:00,BAL_NORTH_PIT,Shift_2_Evening,456.5,7.5,22.0,22,3,16,0.1,2.1,0.21,0.1,561.8,376.1,401.7,54.8,12.0,Alert (10-25%),36.1,4,0.53,16,21.2,21.8121,80.1843
2024-04-30 22:00:00,BAL_NORTH_PIT,Shift_3_Night,590.1,7.5,18.0,20,2,12,0.2,3.4,0.22,0.7,366.4,522.7,447.6,142.5,24.15,Alert (10-25%),36.9,3,0.43,13,18.3,21.8121,80.1843
2024-05-01 06:00:00,BAL_SOUTH_PIT,Shift_1_Morning,516.3,8.0,23.0,24,4,13,0.1,1.7,0.21,0.0,410.6,304.8,245.2,271.1,52.51,Critical (>25%),36.2,5,1.13,13,19.7,21.8005,80.1901
2024-05-01 14:00:00,BAL_DEEP_LEVEL_3,Shift_2_Evening,487.3,7.5,18.0,18,3,12,2.8,12.5,0.27,12.7,468.3,521.2,396.5,90.8,18.63,Alert (10-25%),36.4,4,0.44,12,20.1,21.8064,80.1876
2024-05-01 22:00:00,BAL_DEEP_LEVEL_3,Shift_3_Night,516.0,7.5,20.0,22,3,13,0.0,9.3,0.24,4.0,469.5,501.5,399.6,116.4,22.56,Alert (10-25%),39.2,3,0.57,14,19.0,21.8064,80.1876
2024-05-02 06:00:00,BAL_SOUTH_PIT,Shift_1_Morning,503.3,8.0,21.0,22,4,14,3.0,15.1,0.25,5.7,457.2,433.9,482.1,21.2,4.21,Normal (<10%),35.4,4,0.69,14,19.6,21.8005,80.1901
2024-05-02 14:00:00,BAL_SOUTH_PIT,Shift_2_Evening,551.8,7.5,16.0,18,3,14,0.9,5.6,0.22,25.2,532.9,430.3,490.7,61.1,11.07,Alert (10-25%),36.2,3,0.36,14,20.0,21.8005,80.1901
2024-05-02 22:00:00,BAL_DEEP_LEVEL_3,Shift_3_Night,456.5,7.5,21.0,24,3,12,0.0,0.6,0.22,0.0,495.4,375.5,386.8,69.7,15.27,Alert (10-25%),38.1,3,0.0,15,19.7,21.8064,80.1876
2024-05-03 06:00:00,BAL_DEEP_LEVEL_3,Shift_1_Morning,470.6,8.0,17.0,18,3,12,0.8,3.1,0.25,1.6,542.6,429.4,459.3,11.3,2.4,Normal (<10%),38.7,4,0.29,12,19.9,21.8064,80.1876
2024-05-03 14:00:00,UKWA_EXTENSION,Shift_2_Evening,578.8,7.5,20.0,22,4,12,0.3,0.9,0.34,0.0,569.8,461.2,506.9,71.9,12.42,Alert (10-25%),37.1,4,0.66,15,23.0,21.7932,80.2015
2024-05-03 22:00:00,UKWA_EXTENSION,Shift_3_Night,589.3,8.0,18.0,20,3,12,1.5,5.8,0.16,10.1,438.2,476.5,544.0,45.3,7.69,Normal (<10%),39.8,5,0.62,15,20.7,21.7932,80.2015
2024-05-04 06:00:00,BAL_SOUTH_PIT,Shift_1_Morning,578.5,7.5,19.0,20,2,14,1.7,8.2,0.27,4.1,411.0,450.5,460.7,117.8,20.36,Alert (10-25%),38.2,3,0.82,15,19.1,21.8005,80.1901
2024-05-04 14:00:00,UKWA_EXTENSION,Shift_2_Evening,483.9,7.5,22.0,24,3,16,1.0,7.5,0.31,9.1,349.3,409.8,298.2,185.7,38.38,Critical (>25%),38.0,3,0.43,16,19.5,21.7932,80.2015
2024-05-04 22:00:00,BAL_NORTH_PIT,Shift_3_Night,556.1,7.5,20.0,22,4,15,0.1,3.8,0.18,0.0,507.5,500.7,465.3,90.8,16.33,Alert (10-25%),38.6,6,1.11,15,19.0,21.8121,80.1843
2024-05-05 06:00:00,UKWA_EXTENSION,Shift_1_Morning,495.3,8.0,21.0,22,4,12,1.6,6.3,0.27,0.0,395.2,425.6,273.7,221.6,44.74,Critical (>25%),40.6,4,0.54,15,20.8,21.7932,80.2015
2024-05-05 14:00:00,UKWA_EXTENSION,Shift_2_Evening,499.5,8.0,23.0,24,3,13,2.8,13.4,0.25,5.2,497.7,535.7,463.9,35.6,7.13,Normal (<10%),36.3,5,0.72,13,20.5,21.7932,80.2015
2024-05-05 22:00:00,BAL_NORTH_PIT,Shift_3_Night,440.9,8.0,24.0,26,3,13,1.9,20.7,0.28,20.5,559.7,435.0,379.6,61.3,13.9,Alert (10-25%),32.9,3,0.11,14,21.6,21.8121,80.1843
2024-05-06 06:00:00,BAL_SOUTH_PIT,Shift_1_Morning,518.2,7.5,23.0,24,3,16,2.7,11.5,0.22,10.6,531.7,478.3,488.3,29.9,5.77,Normal (<10%),39.4,3,0.61,17,22.1,21.8005,80.1901
2024-05-06 14:00:00,BAL_NORTH_PIT,Shift_2_Evening,437.2,7.5,17.0,18,4,16,0.3,3.2,0.21,0.0,413.2,384.6,416.7,20.5,4.69,Normal (<10%),37.0,4,0.21,18,20.2,21.8121,80.1843
2024-05-06 22:00:00,UKWA_EXTENSION,Shift_3_Night,466.3,8.0,17.0,18,4,12,3.3,13.5,0.26,0.0,579.3,448.5,417.8,48.5,10.4,Alert (10-25%),36.7,6,0.17,15,20.4,21.7932,80.2015
2024-05-07 06:00:00,BAL_SOUTH_PIT,Shift_1_Morning,571.0,8.0,25.0,26,1,12,0.6,2.7,0.25,0.2,442.7,381.9,458.7,112.3,19.67,Alert (10-25%),39.4,1,0.59,12,20.8,21.8005,80.1901
2024-05-07 14:00:00,UKWA_EXTENSION,Shift_2_Evening,441.4,7.5,16.0,18,3,14,0.0,1.2,0.13,6.3,511.4,412.3,399.8,41.6,9.42,Normal (<10%),35.9,5,0.69,15,20.5,21.7932,80.2015
2024-05-07 22:00:00,BAL_NORTH_PIT,Shift_3_Night,414.2,7.5,22.0,24,4,9,2.8,16.5,0.33,7.2,408.5,395.2,332.1,82.1,19.82,Alert (10-25%),34.0,4,0.54,10,21.6,21.8121,80.1843
2024-05-08 06:00:00,BAL_NORTH_PIT,Shift_1_Morning,413.8,7.5,16.0,18,2,16,4.3,17.1,0.33,16.8,484.5,398.2,339.0,74.8,18.08,Alert (10-25%),33.4,2,0.82,19,22.0,21.8121,80.1843
2024-05-08 14:00:00,UKWA_EXTENSION,Shift_2_Evening,588.2,7.5,21.0,24,3,15,1.6,9.8,0.26,7.2,479.2,561.5,510.2,78.0,13.26,Alert (10-25%),35.7,4,0.71,16,21.2,21.7932,80.2015
2024-05-08 22:00:00,BAL_DEEP_LEVEL_3,Shift_3_Night,501.4,8.0,17.0,18,3,12,0.4,4.1,0.33,11.5,367.5,296.6,196.1,305.3,60.89,Critical (>25%),37.5,4,1.0,12,20.0,21.8064,80.1876
2024-05-09 06:00:00,BAL_DEEP_LEVEL_3,Shift_1_Morning,481.9,7.5,17.0,18,3,11,0.4,2.3,0.27,0.0,450.9,487.6,429.4,52.5,10.89,Alert (10-25%),38.2,3,0.45,14,18.9,21.8064,80.1876
2024-05-09 14:00:00,BAL_NORTH_PIT,Shift_2_Evening,562.2,7.5,19.0,20,3,15,0.9,4.4,0.2,2.6,530.6,492.4,532.7,29.5,5.25,Normal (<10%),38.1,3,0.88,16,20.4,21.8121,80.1843
2024-05-09 22:00:00,BAL_NORTH_PIT,Shift_3_Night,567.2,7.5,19.0,20,4,16,3.4,7.0,0.18,1.4,530.7,361.4,327.1,240.1,42.33,Critical (>25%),35.4,4,0.08,16,20.4,21.8121,80.1843
2024-05-10 06:00:00,BAL_DEEP_LEVEL_3,Shift_1_Morning,466.4,7.5,24.0,24,2,14,0.2,4.8,0.19,8.1,384.3,412.9,382.2,84.2,18.05,Alert (10-25%),34.2,3,0.7,14,20.9,21.8064,80.1876
2024-05-10 14:00:00,BAL_DEEP_LEVEL_3,Shift_2_Evening,538.7,7.5,25.0,26,3,16,2.6,4.8,0.19,6.2,474.8,375.8,220.1,318.6,59.14,Critical (>25%),37.8,3,0.6,16,18.7,21.8064,80.1876
2024-05-10 22:00:00,UKWA_EXTENSION,Shift_3_Night,554.2,7.5,19.0,20,3,12,0.5,4.4,0.13,0.0,397.1,453.0,479.7,74.5,13.44,Alert (10-25%),37.4,3,0.34,14,20.1,21.7932,80.2015
2024-05-11 06:00:00,UKWA_EXTENSION,Shift_1_Morning,530.9,7.5,22.0,24,3,12,2.5,13.9,0.29,12.7,404.5,496.3,462.1,68.8,12.96,Alert (10-25%),37.0,5,1.35,15,22.0,21.7932,80.2015
2024-05-11 14:00:00,BAL_DEEP_LEVEL_3,Shift_2_Evening,430.3,8.0,22.0,24,4,12,3.8,7.2,0.17,0.0,510.9,536.2,415.9,14.4,3.35,Normal (<10%),38.7,4,0.27,13,19.9,21.8064,80.1876
2024-05-11 22:00:00,UKWA_EXTENSION,Shift_3_Night,575.2,8.0,18.0,20,3,14,0.8,15.8,0.29,6.0,554.0,552.6,538.5,36.7,6.38,Normal (<10%),36.4,3,1.02,14,20.8,21.7932,80.2015
2024-05-12 06:00:00,UKWA_EXTENSION,Shift_1_Morning,507.8,8.0,26.0,26,4,14,0.7,7.2,0.28,8.5,469.2,446.9,488.8,19.0,3.74,Normal (<10%),38.1,5,1.34,17,21.3,21.7932,80.2015
2024-05-12 14:00:00,BAL_SOUTH_PIT,Shift_2_Evening,456.5,7.5,17.0,18,3,11,2.4,9.0,0.31,0.0,323.0,308.1,190.5,266.0,58.27,Critical (>25%),37.0,3,0.48,12,21.0,21.8005,80.1901
2024-05-12 22:00:00,UKWA_EXTENSION,Shift_3_Night,485.0,8.0,23.0,26,4,14,1.1,5.7,0.22,1.9,498.1,449.1,433.2,51.8,10.68,Alert (10-25%),38.2,4,0.57,15,20.8,21.7932,80.2015
2024-05-13 06:00:00,BAL_NORTH_PIT,Shift_1_Morning,407.5,7.5,19.0,20,1,16,1.7,9.2,0.21,9.9,484.8,396.6,311.3,96.2,23.61,Alert (10-25%),36.1,1,0.76,16,21.0,21.8121,80.1843
2024-05-13 14:00:00,UKWA_EXTENSION,Shift_2_Evening,425.6,7.5,24.0,24,3,15,1.5,8.9,0.31,8.0,342.7,295.1,234.8,190.8,44.83,Critical (>25%),36.4,4,0.34,18,20.8,21.7932,80.2015
2024-05-13 22:00:00,UKWA_EXTENSION,Shift_3_Night,553.1,7.5,19.0,20,3,15,0.2,3.9,0.29,4.4,495.6,398.0,473.3,79.8,14.43,Alert (10-25%),37.4,4,0.31,15,19.8,21.7932,80.2015
2024-05-14 06:00:00,BAL_DEEP_LEVEL_3,Shift_1_Morning,400.0,7.5,20.0,20,3,12,2.8,14.9,0.31,13.9,386.6,534.9,374.4,25.6,6.4,Normal (<10%),37.4,5,1.38,13,20.7,21.8064,80.1876
2024-05-14 14:00:00,BAL_NORTH_PIT,Shift_2_Evening,483.3,8.0,20.0,20,4,14,0.3,2.4,0.18,8.1,532.2,506.8,481.1,2.2,0.46,Normal (<10%),37.3,6,1.08,15,19.1,21.8121,80.1843
2024-05-14 22:00:00,UKWA_EXTENSION,Shift_3_Night,504.5,7.5,19.0,20,3,16,4.0,15.5,0.21,4.1,512.4,390.8,421.5,83.0,16.45,Alert (10-25%),37.5,3,0.33,17,19.0,21.7932,80.2015
2024-05-15 06:00:00,UKWA_EXTENSION,Shift_1_Morning,410.9,7.5,24.0,26,3,11,0.4,1.9,0.27,2.9,410.2,420.3,361.5,49.4,12.02,Alert (10-25%),37.0,3,0.4,12,20.2,21.7932,80.2015
2024-05-15 14:00:00,BAL_SOUTH_PIT,Shift_2_Evening,594.6,8.0,20.0,22,3,12,2.0,8.0,0.24,10.2,490.3,354.6,286.4,308.2,51.83,Critical (>25%),36.9,3,0.0,12,20.4,21.8005,80.1901
2024-05-15 22:00:00,UKWA_EXTENSION,Shift_3_Night,445.2,8.0,19.0,20,3,16,0.5,6.4,0.29,8.1,378.6,513.3,401.5,43.7,9.82,Normal (<10%),38.2,3,0.34,17,20.4,21.7932,80.2015
2024-05-16 06:00:00,UKWA_EXTENSION,Shift_1_Morning,460.8,8.0,24.0,26,4,16,0.6,6.2,0.2,3.3,408.7,572.1,442.9,17.9,3.88,Normal (<10%),34.5,5,0.47,16,19.6,21.7932,80.2015
2024-05-16 14:00:00,BAL_SOUTH_PIT,Shift_2_Evening,460.8,7.5,24.0,26,4,15,0.6,4.7,0.28,2.0,341.3,424.0,409.3,51.5,11.18,Alert (10-25%),35.2,4,0.68,16,20.8,21.8005,80.1901
2024-05-16 22:00:00,BAL_DEEP_LEVEL_3,Shift_3_Night,446.1,8.0,19.0,20,4,13,2.1,6.2,0.3,8.3,518.9,361.2,396.4,49.7,11.14,Alert (10-25%),34.7,6,1.3,14,22.0,21.8064,80.1876
2024-05-17 06:00:00,UKWA_EXTENSION,Shift_1_Morning,400.3,7.5,25.0,26,4,16,1.2,6.2,0.22,5.2,444.2,371.5,375.4,24.9,6.22,Normal (<10%),33.9,5,0.87,18,20.1,21.7932,80.2015
2024-05-17 14:00:00,BAL_SOUTH_PIT,Shift_2_Evening,545.9,7.5,20.0,20,4,16,3.2,11.0,0.27,12.8,554.1,518.2,517.1,28.8,5.28,Normal (<10%),35.7,4,0.52,16,19.1,21.8005,80.1901
2024-05-17 22:00:00,BAL_NORTH_PIT,Shift_3_Night,593.4,8.0,24.0,24,3,12,0.6,5.5,0.17,4.2,559.4,520.5,545.6,47.8,8.06,Normal (<10%),38.9,5,0.55,15,20.5,21.8121,80.1843
2024-05-18 06:00:00,BAL_DEEP_LEVEL_3,Shift_1_Morning,444.9,8.0,16.0,18,4,14,1.8,5.8,0.17,2.0,473.8,490.2,424.2,20.7,4.65,Normal (<10%),37.3,5,0.88,14,21.3,21.8064,80.1876
2024-05-18 14:00:00,BAL_NORTH_PIT,Shift_2_Evening,532.6,8.0,25.0,26,2,11,2.1,4.8,0.24,0.0,544.7,484.4,460.9,71.7,13.46,Alert (10-25%),37.7,2,0.59,11,18.6,21.8121,80.1843
2024-05-18 22:00:00,BAL_NORTH_PIT,Shift_3_Night,548.4,7.5,20.0,22,2,12,0.2,2.1,0.18,0.2,476.2,436.4,426.5,121.9,22.23,Alert (10-25%),39.6,2,0.77,12,19.9,21.8121,80.1843
2024-05-19 06:00:00,BAL_SOUTH_PIT,Shift_1_Morning,569.7,7.5,20.0,22,4,12,0.8,6.6,0.25,0.0,462.2,579.7,527.3,42.4,7.44,Normal (<10%),39.2,4,1.04,12,21.1,21.8005,80.1901
2024-05-19 14:00:00,UKWA_EXTENSION,Shift_2_Evening,484.5,7.5,23.0,24,3,16,1.0,6.7,0.24,0.0,497.4,412.1,441.1,43.4,8.96,Normal (<10%),37.1,4,0.19,16,17.5,21.7932,80.2015
2024-05-19 22:00:00,BAL_SOUTH_PIT,Shift_3_Night,460.6,7.5,24.0,26,4,16,0.7,9.4,0.28,1.9,415.7,542.2,427.0,33.6,7.29,Normal (<10%),38.8,5,0.58,16,20.7,21.8005,80.1901
2024-05-20 06:00:00,BAL_SOUTH_PIT,Shift_1_Morning,465.1,7.5,23.0,24,4,15,0.6,4.1,0.25,6.2,445.4,445.6,428.5,36.6,7.87,Normal (<10%),37.5,4,0.18,16,20.7,21.8005,80.1901
2024-05-20 14:00:00,BAL_SOUTH_PIT,Shift_2_Evening,542.5,7.5,20.0,22,2,16,1.7,11.6,0.3,6.5,522.6,448.0,435.5,107.0,19.72,Alert (10-25%),35.2,3,0.75,18,21.0,21.8005,80.1901
2024-05-20 22:00:00,BAL_SOUTH_PIT,Shift_3_Night,563.4,8.0,24.0,24,4,16,0.4,4.6,0.23,4.0,451.7,414.4,520.6,42.8,7.6,Normal (<10%),36.6,4,0.4,18,19.8,21.8005,80.1901
2024-05-21 06:00:00,BAL_DEEP_LEVEL_3,Shift_1_Morning,436.3,7.5,19.0,20,3,11,1.9,5.8,0.24,7.2,444.4,473.0,196.7,239.6,54.92,Critical (>25%),35.1,3,0.33,11,19.2,21.8064,80.1876
2024-05-21 14:00:00,UKWA_EXTENSION,Shift_2_Evening,474.2,8.0,16.0,18,3,14,4.1,16.8,0.28,11.0,548.1,440.5,460.1,14.1,2.97,Normal (<10%),34.8,3,0.71,14,20.4,21.7932,80.2015
2024-05-21 22:00:00,BAL_NORTH_PIT,Shift_3_Night,580.4,8.0,19.0,20,4,13,1.2,4.7,0.28,0.0,431.5,524.2,489.5,90.9,15.66,Alert (10-25%),36.6,4,0.07,14,20.1,21.8121,80.1843
2024-05-22 06:00:00,BAL_NORTH_PIT,Shift_1_Morning,561.3,8.0,26.0,26,4,14,1.4,5.5,0.32,1.4,436.9,457.7,559.7,1.6,0.29,Normal (<10%),38.0,4,0.09,14,19.8,21.8121,80.1843
2024-05-22 14:00:00,UKWA_EXTENSION,Shift_2_Evening,597.0,8.0,21.0,22,3,16,0.1,2.5,0.25,5.5,491.3,584.4,569.1,27.9,4.67,Normal (<10%),40.1,3,0.09,17,19.7,21.7932,80.2015
2024-05-22 22:00:00,BAL_NORTH_PIT,Shift_3_Night,550.8,8.0,25.0,26,3,11,3.0,11.7,0.28,7.7,395.1,545.2,507.8,43.0,7.81,Normal (<10%),34.5,3,0.29,11,21.6,21.8121,80.1843
2024-05-23 06:00:00,UKWA_EXTENSION,Shift_1_Morning,478.6,7.5,22.0,24,2,12,0.5,3.5,0.21,0.0,403.3,409.6,386.7,91.9,19.2,Alert (10-25%),38.2,3,0.33,13,18.7,21.7932,80.2015
2024-05-23 14:00:00,BAL_NORTH_PIT,Shift_2_Evening,518.1,7.5,16.0,18,4,14,1.4,7.1,0.25,3.0,443.1,526.4,478.3,39.8,7.68,Normal (<10%),35.6,4,0.39,14,18.2,21.8121,80.1843
2024-05-23 22:00:00,BAL_SOUTH_PIT,Shift_3_Night,532.2,7.5,19.0,20,4,14,5.8,20.5,0.28,16.3,511.7,556.1,453.3,78.9,14.83,Alert (10-25%),36.6,5,0.65,16,22.9,21.8005,80.1901
2024-05-24 06:00:00,BAL_NORTH_PIT,Shift_1_Morning,415.7,7.5,19.0,20,3,16,1.4,9.6,0.22,7.3,498.8,399.4,372.9,42.8,10.3,Alert (10-25%),36.9,4,0.46,16,19.7,21.8121,80.1843
2024-05-24 14:00:00,UKWA_EXTENSION,Shift_2_Evening,508.9,8.0,17.0,18,4,16,1.9,7.1,0.23,0.0,407.4,348.2,202.3,306.6,60.25,Critical (>25%),34.5,5,0.96,17,19.8,21.7932,80.2015
2024-05-24 22:00:00,UKWA_EXTENSION,Shift_3_Night,541.9,8.0,17.0,18,3,14,0.9,5.7,0.32,0.1,526.8,589.8,492.6,49.3,9.1,Normal (<10%),38.2,3,0.38,15,20.6,21.7932,80.2015
2024-05-25 06:00:00,UKWA_EXTENSION,Shift_1_Morning,433.5,8.0,22.0,24,4,16,0.1,7.5,0.23,0.0,529.3,524.5,424.3,9.2,2.12,Normal (<10%),36.3,5,1.02,17,20.4,21.7932,80.2015
2024-05-25 14:00:00,UKWA_EXTENSION,Shift_2_Evening,556.1,7.5,19.0,20,4,16,2.4,8.0,0.32,8.1,444.4,594.2,473.4,82.7,14.87,Alert (10-25%),35.8,4,0.34,17,20.3,21.7932,80.2015
2024-05-25 22:00:00,UKWA_EXTENSION,Shift_3_Night,516.8,7.5,21.0,22,3,14,0.1,1.6,0.16,4.2,434.6,280.5,184.0,332.8,64.4,Critical (>25%),36.5,3,0.39,14,19.6,21.7932,80.2015
2024-05-26 06:00:00,BAL_DEEP_LEVEL_3,Shift_1_Morning,590.4,7.5,16.0,18,3,16,1.8,9.0,0.25,5.3,578.8,538.6,537.7,52.7,8.93,Normal (<10%),36.0,5,0.83,18,19.9,21.8064,80.1876
2024-05-26 14:00:00,BAL_DEEP_LEVEL_3,Shift_2_Evening,408.5,7.5,23.0,24,3,12,0.0,1.1,0.24,0.0,356.6,391.9,370.3,38.2,9.35,Normal (<10%),38.3,3,0.4,13,19.6,21.8064,80.1876
2024-05-26 22:00:00,BAL_NORTH_PIT,Shift_3_Night,453.1,8.0,17.0,18,4,12,3.0,9.4,0.29,0.9,494.9,404.1,419.6,33.5,7.39,Normal (<10%),36.4,5,0.91,12,18.1,21.8121,80.1843
2024-05-27 06:00:00,UKWA_EXTENSION,Shift_1_Morning,520.3,8.0,23.0,26,3,14,0.3,3.2,0.16,3.8,500.4,590.3,520.3,0.0,0.0,Normal (<10%),38.5,3,0.28,14,20.3,21.7932,80.2015
2024-05-27 14:00:00,BAL_NORTH_PIT,Shift_2_Evening,459.3,7.5,17.0,18,4,16,1.1,3.0,0.15,0.0,454.2,424.5,420.6,38.7,8.43,Normal (<10%),38.6,5,0.86,17,19.3,21.8121,80.1843
2024-05-27 22:00:00,UKWA_EXTENSION,Shift_3_Night,542.9,7.5,24.0,26,4,14,1.4,10.9,0.29,11.2,486.1,448.9,479.3,63.6,11.71,Alert (10-25%),38.6,6,0.76,16,21.9,21.7932,80.2015
2024-05-28 06:00:00,UKWA_EXTENSION,Shift_1_Morning,551.8,8.0,25.0,26,4,16,0.9,6.0,0.2,6.9,514.8,476.0,551.8,0.0,0.0,Normal (<10%),37.0,5,0.93,19,21.2,21.7932,80.2015
2024-05-28 14:00:00,BAL_DEEP_LEVEL_3,Shift_2_Evening,420.5,8.0,21.0,22,3,10,0.6,9.9,0.28,12.4,507.8,395.4,396.2,24.3,5.78,Normal (<10%),34.5,4,0.53,10,20.8,21.8064,80.1876
2024-05-28 22:00:00,BAL_DEEP_LEVEL_3,Shift_3_Night,502.8,8.0,26.0,26,3,16,0.9,4.5,0.29,3.3,467.7,492.0,464.0,38.8,7.72,Normal (<10%),38.7,5,1.26,16,20.0,21.8064,80.1876
2024-05-29 06:00:00,BAL_SOUTH_PIT,Shift_1_Morning,501.8,8.0,24.0,26,4,10,0.6,2.4,0.18,0.0,446.1,502.6,499.5,2.3,0.46,Normal (<10%),37.4,4,0.42,10,19.6,21.8005,80.1901
2024-05-29 14:00:00,BAL_DEEP_LEVEL_3,Shift_2_Evening,473.9,7.5,25.0,26,4,16,0.9,3.2,0.19,4.3,429.2,510.2,419.1,54.8,11.56,Alert (10-25%),39.5,4,0.86,17,18.8,21.8064,80.1876
2024-05-29 22:00:00,BAL_SOUTH_PIT,Shift_3_Night,586.6,8.0,17.0,18,4,12,0.7,8.6,0.14,9.6,467.1,367.6,299.1,287.5,49.01,Critical (>25%),38.2,4,0.05,12,18.2,21.8005,80.1901
2024-05-30 06:00:00,BAL_SOUTH_PIT,Shift_1_Morning,565.5,8.0,17.0,18,3,12,1.3,5.9,0.27,0.0,523.7,579.8,527.6,37.9,6.7,Normal (<10%),36.9,4,0.26,14,20.7,21.8005,80.1901
2024-05-30 14:00:00,BAL_SOUTH_PIT,Shift_2_Evening,539.4,8.0,22.0,24,3,16,0.4,15.3,0.38,9.9,466.7,580.6,515.0,24.4,4.52,Normal (<10%),36.2,4,0.52,17,20.9,21.8005,80.1901
2024-05-30 22:00:00,BAL_SOUTH_PIT,Shift_3_Night,542.9,8.0,18.0,20,3,14,6.7,31.0,0.29,22.0,444.0,443.5,453.1,89.8,16.54,Alert (10-25%),37.9,4,0.38,14,23.0,21.8005,80.1901
2024-05-31 06:00:00,BAL_SOUTH_PIT,Shift_1_Morning,492.3,7.5,21.0,22,4,16,1.0,6.4,0.29,6.7,420.2,541.4,432.3,60.0,12.19,Alert (10-25%),40.1,5,0.29,19,21.7,21.8005,80.1901
2024-05-31 14:00:00,BAL_NORTH_PIT,Shift_2_Evening,584.2,7.5,17.0,18,3,14,0.3,3.3,0.28,0.4,385.1,410.2,506.9,77.3,13.23,Alert (10-25%),37.4,3,0.59,16,20.0,21.8121,80.1843
2024-05-31 22:00:00,BAL_DEEP_LEVEL_3,Shift_3_Night,538.9,7.5,22.0,24,4,12,1.0,4.7,0.26,6.3,426.9,529.7,481.4,57.5,10.67,Alert (10-25%),37.5,5,0.7,12,19.6,21.8064,80.1876
2024-06-01 06:00:00,BAL_SOUTH_PIT,Shift_1_Morning,545.8,7.5,22.0,24,3,14,4.4,10.0,0.22,1.9,413.7,445.4,489.8,56.0,10.26,Alert (10-25%),39.5,4,0.56,14,20.1,21.8005,80.1901
2024-06-01 14:00:00,UKWA_EXTENSION,Shift_2_Evening,572.3,7.5,21.0,22,2,12,6.9,31.8,0.35,31.3,544.0,519.5,460.1,112.2,19.61,Alert (10-25%),34.1,2,0.38,12,21.9,21.7932,80.2015
2024-06-01 22:00:00,BAL_DEEP_LEVEL_3,Shift_3_Night,454.8,7.5,23.0,24,3,13,0.3,2.9,0.24,0.0,401.0,524.8,383.8,71.0,15.61,Alert (10-25%),38.8,3,0.22,13,19.9,21.8064,80.1876
2024-06-02 06:00:00,BAL_DEEP_LEVEL_3,Shift_1_Morning,561.4,8.0,18.0,18,3,14,11.1,33.3,0.39,24.2,606.3,611.5,560.4,1.0,0.18,Normal (<10%),35.0,5,1.61,14,22.4,21.8064,80.1876
2024-06-02 14:00:00,BAL_SOUTH_PIT,Shift_2_Evening,439.0,8.0,24.0,26,3,12,10.5,34.1,0.36,20.0,388.3,546.1,402.0,37.0,8.43,Normal (<10%),35.6,3,0.3,14,21.6,21.8005,80.1901
2024-06-02 22:00:00,BAL_NORTH_PIT,Shift_3_Night,469.1,8.0,17.0,18,3,12,11.2,26.6,0.36,18.2,319.0,379.9,389.9,79.2,16.88,Alert (10-25%),34.5,4,0.36,15,20.8,21.8121,80.1843
2024-06-03 06:00:00,BAL_SOUTH_PIT,Shift_1_Morning,467.1,8.0,23.0,24,4,14,54.8,135.5,0.86,84.9,530.9,530.0,460.0,7.1,1.52,Normal (<10%),21.6,5,1.91,16,31.7,21.8005,80.1901
2024-06-03 14:00:00,BAL_NORTH_PIT,Shift_2_Evening,595.7,7.5,19.0,20,4,16,36.4,63.4,0.51,47.6,456.9,507.6,550.3,45.4,7.62,Normal (<10%),28.8,5,1.0,18,26.2,21.8121,80.1843
2024-06-03 22:00:00,UKWA_EXTENSION,Shift_3_Night,571.3,8.0,19.0,20,4,16,2.6,11.8,0.25,3.8,377.5,462.5,326.4,244.9,42.87,Critical (>25%),35.9,5,1.31,16,19.8,21.7932,80.2015
2024-06-04 06:00:00,BAL_DEEP_LEVEL_3,Shift_1_Morning,540.2,7.5,24.0,26,4,14,6.9,16.9,0.34,11.7,580.1,574.5,508.1,32.1,5.94,Normal (<10%),35.9,5,0.54,14,22.3,21.8064,80.1876
2024-06-04 14:00:00,UKWA_EXTENSION,Shift_2_Evening,545.4,8.0,23.0,24,4,16,8.3,21.6,0.24,14.1,565.9,547.8,520.8,24.6,4.51,Normal (<10%),36.4,5,0.97,19,21.9,21.7932,80.2015
2024-06-04 22:00:00,BAL_NORTH_PIT,Shift_3_Night,512.4,8.0,24.0,26,4,12,6.7,27.1,0.37,14.6,384.5,466.2,219.7,292.7,57.12,Critical (>25%),38.5,6,1.38,13,23.6,21.8121,80.1843
2024-06-05 06:00:00,BAL_NORTH_PIT,Shift_1_Morning,589.4,8.0,23.0,26,3,15,24.0,69.2,0.56,33.4,503.3,480.4,544.4,45.0,7.63,Normal (<10%),32.8,3,0.66,15,26.7,21.8121,80.1843
2024-06-05 14:00:00,UKWA_EXTENSION,Shift_2_Evening,499.3,7.5,24.0,26,3,16,11.1,23.2,0.2,20.8,404.4,414.1,444.9,54.4,10.9,Alert (10-25%),35.5,5,0.8,18,22.4,21.7932,80.2015
2024-06-05 22:00:00,BAL_NORTH_PIT,Shift_3_Night,476.1,8.0,18.0,20,3,11,12.7,35.1,0.42,24.1,506.3,393.2,432.7,43.4,9.12,Normal (<10%),35.2,4,1.05,11,21.4,21.8121,80.1843
2024-06-06 06:00:00,UKWA_EXTENSION,Shift_1_Morning,432.6,7.5,20.0,22,4,12,28.8,56.7,0.53,29.1,517.2,489.2,372.7,59.9,13.85,Alert (10-25%),31.7,5,1.18,14,25.4,21.7932,80.2015
2024-06-06 14:00:00,BAL_DEEP_LEVEL_3,Shift_2_Evening,557.2,7.5,23.0,24,4,15,24.6,52.6,0.44,25.5,439.8,382.5,483.6,73.6,13.21,Alert (10-25%),32.7,4,0.25,18,26.2,21.8064,80.1876
2024-06-06 22:00:00,UKWA_EXTENSION,Shift_3_Night,546.9,8.0,24.0,26,2,11,2.1,8.9,0.27,4.3,357.9,519.4,451.1,95.8,17.52,Alert (10-25%),37.9,2,0.06,12,20.8,21.7932,80.2015
2024-06-07 06:00:00,BAL_DEEP_LEVEL_3,Shift_1_Morning,476.9,7.5,24.0,26,3,12,18.8,52.2,0.47,34.4,411.5,514.9,435.9,41.0,8.6,Normal (<10%),33.9,4,0.21,13,24.9,21.8064,80.1876
2024-06-07 14:00:00,UKWA_EXTENSION,Shift_2_Evening,405.0,7.5,17.0,18,4,16,8.6,36.4,0.49,23.2,476.4,476.8,360.6,44.4,10.96,Alert (10-25%),33.6,4,0.72,18,22.5,21.7932,80.2015
2024-06-07 22:00:00,BAL_NORTH_PIT,Shift_3_Night,567.8,8.0,16.0,18,4,16,5.2,17.8,0.31,19.1,365.1,440.6,278.9,288.9,50.88,Critical (>25%),38.3,4,0.32,19,24.0,21.8121,80.1843
2024-06-08 06:00:00,UKWA_EXTENSION,Shift_1_Morning,402.3,8.0,17.0,18,2,13,0.8,3.6,0.22,0.0,531.2,510.3,336.9,65.4,16.26,Alert (10-25%),36.7,3,0.65,14,19.1,21.7932,80.2015
2024-06-08 14:00:00,BAL_NORTH_PIT,Shift_2_Evening,540.7,8.0,24.0,24,3,14,10.0,23.7,0.37,16.9,558.7,459.8,488.8,51.9,9.6,Normal (<10%),35.9,3,0.0,14,19.6,21.8121,80.1843
2024-06-08 22:00:00,UKWA_EXTENSION,Shift_3_Night,594.1,8.0,20.0,22,4,12,6.6,24.7,0.4,19.7,448.9,489.1,535.7,58.4,9.83,Normal (<10%),39.5,5,0.41,12,21.5,21.7932,80.2015
2024-06-09 06:00:00,UKWA_EXTENSION,Shift_1_Morning,487.5,8.0,24.0,24,4,14,4.3,21.3,0.41,17.3,583.6,476.2,484.0,3.5,0.72,Normal (<10%),36.2,4,0.27,14,19.3,21.7932,80.2015
2024-06-09 14:00:00,BAL_SOUTH_PIT,Shift_2_Evening,447.0,8.0,22.0,24,4,12,17.8,39.7,0.37,30.9,526.8,567.1,419.9,27.1,6.06,Normal (<10%),36.8,4,0.36,12,21.5,21.8005,80.1901
2024-06-09 22:00:00,BAL_NORTH_PIT,Shift_3_Night,541.0,7.5,20.0,20,3,12,22.0,82.3,0.63,55.5,456.9,563.0,413.5,127.5,23.57,Alert (10-25%),29.8,5,1.56,13,29.7,21.8121,80.1843
2024-06-10 06:00:00,BAL_SOUTH_PIT,Shift_1_Morning,563.4,8.0,22.0,24,3,16,4.2,14.4,0.24,10.8,476.5,464.8,300.3,263.1,46.7,Critical (>25%),38.3,3,0.58,16,19.9,21.8005,80.1901
2024-06-10 14:00:00,BAL_NORTH_PIT,Shift_2_Evening,509.3,8.0,17.0,18,3,13,0.8,4.2,0.34,1.2,482.5,546.8,450.1,59.2,11.62,Alert (10-25%),37.5,4,1.38,14,19.3,21.8121,80.1843
2024-06-10 22:00:00,BAL_SOUTH_PIT,Shift_3_Night,593.4,7.5,16.0,18,3,12,28.3,65.9,0.53,36.4,514.4,534.5,484.0,109.4,18.44,Alert (10-25%),31.3,5,1.38,12,25.2,21.8005,80.1901
2024-06-11 06:00:00,BAL_DEEP_LEVEL_3,Shift_1_Morning,410.3,8.0,26.0,26,3,14,0.2,8.7,0.29,7.4,375.7,410.0,389.8,20.5,5.0,Normal (<10%),36.4,3,0.73,14,19.4,21.8064,80.1876
2024-06-11 14:00:00,UKWA_EXTENSION,Shift_2_Evening,501.0,7.5,24.0,26,4,12,41.5,147.9,0.93,96.6,490.4,441.2,400.6,100.4,20.04,Alert (10-25%),23.2,6,1.82,12,33.3,21.7932,80.2015
2024-06-11 22:00:00,BAL_NORTH_PIT,Shift_3_Night,543.7,8.0,17.0,18,4,12,14.8,56.0,0.5,33.6,390.2,371.0,466.7,77.0,14.16,Alert (10-25%),31.2,4,0.2,12,23.5,21.8121,80.1843
2024-06-12 06:00:00,BAL_NORTH_PIT,Shift_1_Morning,572.5,8.0,23.0,24,3,14,5.8,14.1,0.18,11.3,577.6,416.8,558.4,14.1,2.46,Normal (<10%),38.8,5,0.89,16,21.0,21.8121,80.1843
2024-06-12 14:00:00,UKWA_EXTENSION,Shift_2_Evening,435.9,7.5,24.0,24,3,15,4.2,21.7,0.36,16.8,379.6,470.1,399.9,36.0,8.26,Normal (<10%),37.7,3,0.0,16,20.7,21.7932,80.2015
2024-06-12 22:00:00,BAL_NORTH_PIT,Shift_3_Night,560.0,8.0,21.0,22,3,14,0.1,7.4,0.3,1.4,572.2,576.5,546.6,13.4,2.39,Normal (<10%),38.2,3,0.4,16,23.6,21.8121,80.1843
2024-06-13 06:00:00,BAL_NORTH_PIT,Shift_1_Morning,510.5,7.5,22.0,24,3,16,4.0,16.5,0.25,12.3,544.8,415.0,488.7,21.8,4.27,Normal (<10%),36.8,3,0.17,18,21.8,21.8121,80.1843
2024-06-13 14:00:00,BAL_SOUTH_PIT,Shift_2_Evening,479.3,8.0,19.0,20,4,12,2.2,7.3,0.15,4.5,544.6,435.8,452.4,26.9,5.61,Normal (<10%),39.2,5,0.11,12,19.2,21.8005,80.1901
2024-06-13 22:00:00,BAL_NORTH_PIT,Shift_3_Night,426.3,8.0,18.0,20,4,14,14.2,49.3,0.52,33.8,430.2,366.9,239.2,187.1,43.89,Critical (>25%),32.5,4,1.17,17,25.0,21.8121,80.1843
2024-06-14 06:00:00,BAL_DEEP_LEVEL_3,Shift_1_Morning,573.1,7.5,23.0,24,3,11,2.7,12.7,0.33,14.7,448.0,508.4,509.6,63.5,11.08,Alert (10-25%),38.4,4,0.54,11,20.2,21.8064,80.1876
2024-06-14 14:00:00,BAL_DEEP_LEVEL_3,Shift_2_Evening,431.5,8.0,24.0,26,3,12,11.3,31.1,0.4,22.9,446.9,527.3,397.6,33.9,7.86,Normal (<10%),32.4,3,0.0,15,22.7,21.8064,80.1876
2024-06-14 22:00:00,UKWA_EXTENSION,Shift_3_Night,462.0,8.0,24.0,26,4,11,13.4,25.5,0.32,18.8,418.5,542.0,411.0,51.0,11.04,Alert (10-25%),35.5,4,0.71,12,21.1,21.7932,80.2015
2024-06-15 06:00:00,BAL_NORTH_PIT,Shift_1_Morning,458.0,7.5,25.0,26,4,12,5.3,16.3,0.27,6.4,579.4,486.0,428.1,29.9,6.53,Normal (<10%),34.1,5,0.48,14,23.1,21.8121,80.1843
2024-06-15 14:00:00,UKWA_EXTENSION,Shift_2_Evening,574.3,8.0,19.0,20,3,16,0.5,3.2,0.28,0.0,409.8,540.9,537.2,37.1,6.46,Normal (<10%),35.8,3,0.73,17,19.7,21.7932,80.2015
2024-06-15 22:00:00,BAL_DEEP_LEVEL_3,Shift_3_Night,534.5,7.5,16.0,18,4,14,0.6,3.8,0.2,4.9,455.3,485.8,303.8,230.7,43.16,Critical (>25%),40.5,4,0.18,14,17.3,21.8064,80.1876
2024-06-16 06:00:00,BAL_NORTH_PIT,Shift_1_Morning,559.3,8.0,21.0,22,4,12,0.4,4.4,0.23,0.0,441.1,531.4,537.3,22.0,3.93,Normal (<10%),39.6,6,0.84,12,18.5,21.8121,80.1843
2024-06-16 14:00:00,BAL_NORTH_PIT,Shift_2_Evening,450.1,7.5,23.0,26,3,14,20.2,37.2,0.39,23.0,414.7,426.3,408.5,41.6,9.24,Normal (<10%),33.6,4,0.95,14,23.5,21.8121,80.1843
2024-06-16 22:00:00,UKWA_EXTENSION,Shift_3_Night,525.0,8.0,23.0,24,3,14,5.7,18.1,0.31,8.3,344.7,478.5,284.2,240.8,45.87,Critical (>25%),34.4,3,0.58,16,21.5,21.7932,80.2015
2024-06-17 06:00:00,BAL_DEEP_LEVEL_3,Shift_1_Morning,514.3,7.5,17.0,18,3,14,23.9,72.6,0.56,47.7,372.7,420.5,451.3,63.0,12.25,Alert (10-25%),26.4,4,1.37,15,26.0,21.8064,80.1876
2024-06-17 14:00:00,BAL_NORTH_PIT,Shift_2_Evening,566.6,7.5,20.0,22,3,12,8.5,30.7,0.35,19.4,578.4,482.8,498.8,67.8,11.97,Alert (10-25%),34.6,4,0.76,12,23.1,21.8121,80.1843
2024-06-17 22:00:00,UKWA_EXTENSION,Shift_3_Night,581.2,8.0,16.0,18,3,14,9.0,32.5,0.45,22.3,519.0,530.6,536.5,44.7,7.69,Normal (<10%),38.3,3,0.66,14,21.9,21.7932,80.2015
2024-06-18 06:00:00,BAL_DEEP_LEVEL_3,Shift_1_Morning,402.4,8.0,23.0,24,4,12,10.8,26.3,0.36,19.9,438.2,453.3,395.9,6.5,1.62,Normal (<10%),36.4,5,0.98,12,22.4,21.8064,80.1876
2024-06-18 14:00:00,UKWA_EXTENSION,Shift_2_Evening,534.8,7.5,17.0,18,3,15,18.7,39.1,0.41,30.9,514.0,455.7,459.2,75.6,14.14,Alert (10-25%),33.6,4,0.92,15,22.1,21.7932,80.2015
2024-06-18 22:00:00,BAL_SOUTH_PIT,Shift_3_Night,410.4,8.0,21.0,22,3,13,4.8,11.7,0.3,13.0,379.7,336.0,237.6,172.8,42.11,Critical (>25%),38.0,4,0.66,15,21.9,21.8005,80.1901
2024-06-19 06:00:00,BAL_NORTH_PIT,Shift_1_Morning,509.8,7.5,22.0,24,4,11,1.9,8.9,0.19,4.7,480.3,384.6,438.6,71.2,13.97,Alert (10-25%),35.8,4,0.0,14,20.5,21.8121,80.1843
2024-06-19 14:00:00,BAL_SOUTH_PIT,Shift_2_Evening,457.5,8.0,19.0,20,4,14,12.2,46.1,0.48,27.8,499.0,592.7,421.4,36.1,7.89,Normal (<10%),33.0,4,0.8,15,23.8,21.8005,80.1901
2024-06-19 22:00:00,BAL_DEEP_LEVEL_3,Shift_3_Night,461.4,8.0,17.0,18,4,12,5.9,33.3,0.38,18.3,400.3,384.4,421.6,39.8,8.63,Normal (<10%),35.2,5,0.82,15,24.3,21.8064,80.1876
2024-06-20 06:00:00,BAL_SOUTH_PIT,Shift_1_Morning,470.6,7.5,22.0,24,4,14,8.8,29.0,0.31,17.7,542.5,524.4,421.1,49.5,10.52,Alert (10-25%),35.7,5,0.65,14,22.3,21.8005,80.1901
2024-06-20 14:00:00,BAL_SOUTH_PIT,Shift_2_Evening,524.3,7.5,17.0,18,3,15,15.6,53.5,0.46,30.7,423.5,389.2,452.0,72.3,13.79,Alert (10-25%),34.1,3,1.06,15,23.8,21.8005,80.1901
2024-06-20 22:00:00,BAL_DEEP_LEVEL_3,Shift_3_Night,466.8,8.0,22.0,24,3,11,10.2,28.9,0.37,21.6,384.3,510.1,434.0,32.8,7.03,Normal (<10%),36.0,3,0.05,12,21.9,21.8064,80.1876
2024-06-21 06:00:00,UKWA_EXTENSION,Shift_1_Morning,546.5,8.0,24.0,26,3,16,14.5,40.8,0.41,32.3,368.2,401.3,225.7,320.8,58.7,Critical (>25%),35.3,4,1.37,16,24.5,21.7932,80.2015
2024-06-21 14:00:00,BAL_SOUTH_PIT,Shift_2_Evening,480.9,8.0,16.0,18,3,15,11.8,48.7,0.5,24.8,521.9,469.8,419.0,61.9,12.87,Alert (10-25%),32.1,4,0.93,18,25.7,21.8005,80.1901
2024-06-21 22:00:00,UKWA_EXTENSION,Shift_3_Night,413.7,8.0,26.0,26,3,16,20.2,84.1,0.58,56.1,487.6,497.6,359.3,54.4,13.15,Alert (10-25%),31.1,3,1.03,18,26.9,21.7932,80.2015
2024-06-22 06:00:00,BAL_SOUTH_PIT,Shift_1_Morning,556.8,8.0,26.0,26,4,14,18.4,59.1,0.44,47.2,490.0,553.7,531.0,25.8,4.63,Normal (<10%),35.1,4,0.61,14,23.5,21.8005,80.1901
2024-06-22 14:00:00,UKWA_EXTENSION,Shift_2_Evening,457.2,7.5,18.0,20,3,14,11.5,34.8,0.34,15.8,412.3,382.2,413.0,44.2,9.67,Normal (<10%),33.7,4,0.32,14,23.2,21.7932,80.2015
2024-06-22 22:00:00,BAL_DEEP_LEVEL_3,Shift_3_Night,486.6,8.0,24.0,26,4,13,17.0,61.8,0.49,48.6,525.0,558.6,441.2,45.4,9.33,Normal (<10%),30.8,5,1.01,14,25.2,21.8064,80.1876
2024-06-23 06:00:00,BAL_SOUTH_PIT,Shift_1_Morning,537.1,8.0,18.0,18,3,13,31.0,57.4,0.49,34.0,541.8,534.2,517.2,19.9,3.71,Normal (<10%),34.5,5,1.41,15,25.0,21.8005,80.1901
2024-06-23 14:00:00,BAL_DEEP_LEVEL_3,Shift_2_Evening,466.5,7.5,17.0,18,4,13,8.5,30.8,0.34,17.5,456.0,526.0,403.7,62.8,13.46,Alert (10-25%),35.2,5,0.99,13,22.0,21.8064,80.1876
2024-06-23 22:00:00,BAL_SOUTH_PIT,Shift_3_Night,411.3,7.5,22.0,22,4,15,8.0,40.7,0.34,30.2,458.2,403.9,351.4,59.9,14.56,Alert (10-25%),36.8,6,1.11,17,23.6,21.8005,80.1901
2024-06-24 06:00:00,BAL_DEEP_LEVEL_3,Shift_1_Morning,474.8,7.5,26.0,26,3,16,21.7,44.3,0.35,32.1,511.4,483.3,424.5,50.3,10.59,Alert (10-25%),33.7,3,0.0,17,23.1,21.8064,80.1876
2024-06-24 14:00:00,BAL_DEEP_LEVEL_3,Shift_2_Evening,588.9,8.0,19.0,20,4,14,13.1,53.1,0.4,34.9,459.2,448.9,542.8,46.1,7.83,Normal (<10%),35.5,4,0.21,15,25.2,21.8064,80.1876
2024-06-24 22:00:00,BAL_SOUTH_PIT,Shift_3_Night,528.3,7.5,23.0,24,4,12,1.1,6.3,0.22,0.4,395.3,552.3,464.3,64.0,12.11,Alert (10-25%),38.4,4,1.02,12,21.0,21.8005,80.1901
2024-06-25 06:00:00,BAL_SOUTH_PIT,Shift_1_Morning,534.3,7.5,23.0,24,3,12,33.4,135.2,0.84,83.9,437.6,523.9,474.8,59.5,11.14,Alert (10-25%),24.5,3,1.04,13,32.1,21.8005,80.1901
2024-06-25 14:00:00,BAL_SOUTH_PIT,Shift_2_Evening,526.5,7.5,22.0,24,3,13,0.5,12.4,0.24,7.9,555.1,429.9,492.5,34.0,6.46,Normal (<10%),39.9,4,1.13,13,21.6,21.8005,80.1901
2024-06-25 22:00:00,BAL_NORTH_PIT,Shift_3_Night,439.8,7.5,20.0,20,4,14,20.7,47.1,0.5,30.3,391.2,443.9,402.1,37.7,8.57,Normal (<10%),32.7,5,0.65,14,23.8,21.8121,80.1843
2024-06-26 06:00:00,UKWA_EXTENSION,Shift_1_Morning,483.7,8.0,19.0,20,3,14,21.3,70.6,0.49,43.1,419.8,476.3,450.8,32.9,6.8,Normal (<10%),30.0,3,0.77,14,25.9,21.7932,80.2015
2024-06-26 14:00:00,BAL_NORTH_PIT,Shift_2_Evening,550.2,8.0,22.0,22,4,14,45.9,123.4,0.83,81.0,433.4,542.8,510.7,39.5,7.18,Normal (<10%),24.5,4,1.45,14,31.4,21.8121,80.1843
2024-06-26 22:00:00,BAL_NORTH_PIT,Shift_3_Night,420.3,8.0,21.0,22,4,13,0.8,5.8,0.17,5.1,477.1,404.4,385.2,35.1,8.35,Normal (<10%),39.2,4,0.15,15,21.2,21.8121,80.1843
2024-06-27 06:00:00,BAL_DEEP_LEVEL_3,Shift_1_Morning,455.6,7.5,23.0,24,4,13,13.6,40.3,0.33,32.2,465.4,474.1,392.1,63.5,13.94,Alert (10-25%),32.4,4,1.05,13,23.3,21.8064,80.1876
2024-06-27 14:00:00,BAL_SOUTH_PIT,Shift_2_Evening,455.3,7.5,24.0,26,3,12,8.4,30.6,0.37,21.4,464.4,339.4,262.3,193.0,42.39,Critical (>25%),36.3,3,0.51,12,22.7,21.8005,80.1901
2024-06-27 22:00:00,UKWA_EXTENSION,Shift_3_Night,486.4,7.5,18.0,20,3,12,6.0,17.9,0.32,11.1,490.9,462.0,399.7,86.7,17.82,Alert (10-25%),35.8,3,0.54,14,23.8,21.7932,80.2015
2024-06-28 06:00:00,BAL_DEEP_LEVEL_3,Shift_1_Morning,596.1,7.5,25.0,26,3,16,1.4,9.0,0.28,1.9,516.8,457.4,543.8,52.3,8.77,Normal (<10%),39.3,5,0.92,19,20.9,21.8064,80.1876
2024-06-28 14:00:00,BAL_NORTH_PIT,Shift_2_Evening,413.5,7.5,22.0,22,3,12,12.4,19.9,0.36,9.5,490.6,484.8,381.9,31.6,7.64,Normal (<10%),32.7,3,0.6,12,21.2,21.8121,80.1843
2024-06-28 22:00:00,BAL_SOUTH_PIT,Shift_3_Night,503.7,7.5,23.0,26,4,16,9.8,35.9,0.37,25.0,515.6,399.5,430.1,73.6,14.61,Alert (10-25%),33.7,5,1.31,16,22.2,21.8005,80.1901
2024-06-29 06:00:00,BAL_DEEP_LEVEL_3,Shift_1_Morning,435.9,8.0,16.0,18,4,12,1.7,6.7,0.25,5.8,535.7,398.3,419.3,16.6,3.81,Normal (<10%),35.4,4,0.36,12,19.5,21.8064,80.1876
2024-06-29 14:00:00,BAL_SOUTH_PIT,Shift_2_Evening,594.1,8.0,19.0,20,3,14,14.2,27.1,0.32,17.0,522.5,543.2,558.1,36.0,6.06,Normal (<10%),34.7,3,0.98,16,20.4,21.8005,80.1901
2024-06-29 22:00:00,BAL_DEEP_LEVEL_3,Shift_3_Night,422.7,7.5,19.0,20,3,12,20.1,81.3,0.67,58.7,495.5,475.2,338.4,84.3,19.94,Alert (10-25%),29.8,4,1.03,13,28.7,21.8064,80.1876
2024-06-30 06:00:00,BAL_SOUTH_PIT,Shift_1_Morning,480.7,8.0,23.0,24,4,15,21.9,36.0,0.33,24.3,499.2,420.6,480.7,0.0,0.0,Normal (<10%),34.9,6,1.36,16,21.5,21.8005,80.1901
2024-06-30 14:00:00,BAL_NORTH_PIT,Shift_2_Evening,547.6,7.5,21.0,24,3,11,35.4,106.4,0.76,68.5,457.1,495.1,449.8,97.8,17.86,Alert (10-25%),26.5,3,1.27,11,29.1,21.8121,80.1843
2024-06-30 22:00:00,UKWA_EXTENSION,Shift_3_Night,540.9,7.5,24.0,24,4,16,7.9,27.5,0.28,15.1,511.0,488.4,480.3,60.6,11.2,Alert (10-25%),35.9,4,0.14,16,19.9,21.7932,80.2015
2024-07-01 06:00:00,BAL_NORTH_PIT,Shift_1_Morning,484.5,8.0,17.0,18,3,16,45.9,167.1,0.95,100.0,450.3,561.8,461.6,22.9,4.73,Normal (<10%),20.4,3,1.7,16,34.3,21.8121,80.1843
2024-07-01 14:00:00,UKWA_EXTENSION,Shift_2_Evening,469.3,7.5,23.0,24,4,16,30.1,55.5,0.4,39.4,393.4,331.0,417.6,51.7,11.02,Alert (10-25%),30.8,4,0.7,17,23.3,21.7932,80.2015
2024-07-01 22:00:00,BAL_SOUTH_PIT,Shift_3_Night,479.5,8.0,23.0,24,3,16,5.3,21.0,0.32,10.9,474.0,573.4,449.2,30.3,6.32,Normal (<10%),36.7,4,0.45,19,21.2,21.8005,80.1901
2024-07-02 06:00:00,BAL_DEEP_LEVEL_3,Shift_1_Morning,452.9,7.5,20.0,20,3,13,2.6,14.0,0.37,9.9,481.4,506.6,408.2,44.7,9.87,Normal (<10%),36.9,3,0.51,15,22.1,21.8064,80.1876
2024-07-02 14:00:00,BAL_NORTH_PIT,Shift_2_Evening,441.1,7.5,23.0,26,4,12,8.6,25.5,0.3,12.8,398.7,477.0,395.2,45.9,10.41,Alert (10-25%),35.9,4,0.49,12,20.6,21.8121,80.1843
2024-07-02 22:00:00,UKWA_EXTENSION,Shift_3_Night,496.6,8.0,19.0,20,3,12,7.7,22.5,0.3,14.2,501.4,366.6,454.1,42.5,8.56,Normal (<10%),36.4,3,0.4,13,21.0,21.7932,80.2015
2024-07-03 06:00:00,BAL_NORTH_PIT,Shift_1_Morning,453.7,7.5,23.0,26,3,12,12.9,23.3,0.36,15.3,454.4,482.1,426.4,27.3,6.02,Normal (<10%),35.6,3,0.41,15,22.9,21.8121,80.1843
2024-07-03 14:00:00,UKWA_EXTENSION,Shift_2_Evening,457.5,7.5,19.0,20,3,14,13.1,39.9,0.4,38.4,410.5,351.9,362.9,94.6,20.68,Alert (10-25%),36.7,3,0.54,14,23.6,21.7932,80.2015
2024-07-03 22:00:00,BAL_NORTH_PIT,Shift_3_Night,531.4,7.5,17.0,18,3,12,20.8,57.5,0.55,31.8,539.5,469.2,422.5,108.9,20.49,Alert (10-25%),31.2,3,0.6,14,24.7,21.8121,80.1843
2024-07-04 06:00:00,UKWA_EXTENSION,Shift_1_Morning,593.7,8.0,25.0,26,3,14,10.7,36.9,0.4,28.6,419.1,422.3,497.0,96.7,16.29,Alert (10-25%),33.4,4,0.88,15,22.0,21.7932,80.2015
2024-07-04 14:00:00,UKWA_EXTENSION,Shift_2_Evening,520.7,7.5,17.0,18,3,16,1.7,5.9,0.27,0.1,397.2,414.9,464.9,55.8,10.72,Alert (10-25%),36.0,3,0.21,17,20.4,21.7932,80.2015
2024-07-04 22:00:00,BAL_SOUTH_PIT,Shift_3_Night,415.4,7.5,20.0,20,3,16,29.3,100.0,0.6,73.4,400.5,466.4,353.5,61.9,14.9,Alert (10-25%),26.0,3,1.87,17,28.5,21.8005,80.1901
2024-07-05 06:00:00,UKWA_EXTENSION,Shift_1_Morning,415.1,7.5,20.0,22,3,14,5.6,10.3,0.26,3.4,511.9,429.4,369.3,45.8,11.03,Alert (10-25%),34.9,4,0.28,14,21.6,21.7932,80.2015
2024-07-05 14:00:00,BAL_SOUTH_PIT,Shift_2_Evening,590.3,8.0,17.0,18,3,14,53.3,99.4,0.64,71.4,539.6,492.8,536.7,53.6,9.08,Normal (<10%),26.1,4,1.19,14,26.7,21.8005,80.1901
2024-07-05 22:00:00,UKWA_EXTENSION,Shift_3_Night,459.5,8.0,21.0,24,4,14,1.9,10.1,0.23,7.8,505.7,480.6,430.4,29.1,6.33,Normal (<10%),36.9,4,0.25,14,19.7,21.7932,80.2015
2024-07-06 06:00:00,BAL_DEEP_LEVEL_3,Shift_1_Morning,418.4,8.0,21.0,22,3,13,47.6,88.7,0.67,52.5,375.5,348.0,215.8,202.6,48.42,Critical (>25%),28.6,3,1.59,15,29.3,21.8064,80.1876
2024-07-06 14:00:00,BAL_DEEP_LEVEL_3,Shift_2_Evening,519.8,8.0,18.0,20,4,11,1.4,11.8,0.25,8.9,534.3,557.8,482.0,37.8,7.27,Normal (<10%),36.8,5,0.3,12,22.6,21.8064,80.1876
2024-07-06 22:00:00,BAL_DEEP_LEVEL_3,Shift_3_Night,524.7,8.0,22.0,22,3,10,3.9,16.1,0.24,13.3,471.5,393.2,436.2,88.5,16.87,Alert (10-25%),35.3,3,0.53,10,19.4,21.8064,80.1876
2024-07-07 06:00:00,UKWA_EXTENSION,Shift_1_Morning,529.7,7.5,17.0,18,4,16,0.7,13.9,0.33,12.2,451.9,460.7,500.7,29.0,5.47,Normal (<10%),37.5,5,0.77,18,20.9,21.7932,80.2015
2024-07-07 14:00:00,BAL_SOUTH_PIT,Shift_2_Evening,453.5,8.0,20.0,22,4,16,18.3,59.9,0.55,38.7,395.7,474.1,423.9,29.6,6.53,Normal (<10%),32.2,4,0.83,17,25.7,21.8005,80.1901
2024-07-07 22:00:00,BAL_SOUTH_PIT,Shift_3_Night,403.0,8.0,19.0,20,3,14,28.5,92.3,0.59,74.5,515.8,455.0,360.6,42.4,10.52,Alert (10-25%),28.0,3,1.38,17,27.7,21.8005,80.1901
2024-07-08 06:00:00,UKWA_EXTENSION,Shift_1_Morning,593.0,7.5,20.0,22,4,12,8.5,20.6,0.34,23.5,534.7,534.4,550.7,42.3,7.13,Normal (<10%),34.5,5,1.07,13,20.9,21.7932,80.2015
2024-07-08 14:00:00,BAL_DEEP_LEVEL_3,Shift_2_Evening,450.2,8.0,16.0,18,3,13,39.6,101.0,0.71,69.0,462.1,377.6,390.6,59.6,13.24,Alert (10-25%),27.7,3,0.94,16,29.8,21.8064,80.1876
2024-07-08 22:00:00,BAL_DEEP_LEVEL_3,Shift_3_Night,535.2,7.5,25.0,26,3,14,13.4,33.5,0.38,15.8,393.2,423.0,450.2,85.0,15.88,Alert (10-25%),34.5,4,0.87,17,25.0,21.8064,80.1876
2024-07-09 06:00:00,BAL_SOUTH_PIT,Shift_1_Morning,541.3,8.0,24.0,26,4,16,14.9,49.9,0.53,28.3,547.3,423.3,511.4,29.9,5.52,Normal (<10%),29.9,5,0.39,16,22.9,21.8005,80.1901
2024-07-09 14:00:00,BAL_DEEP_LEVEL_3,Shift_2_Evening,522.0,7.5,17.0,18,4,12,28.0,56.1,0.49,36.1,418.2,499.8,456.3,65.7,12.59,Alert (10-25%),31.7,4,0.73,12,25.8,21.8064,80.1876
2024-07-09 22:00:00,BAL_NORTH_PIT,Shift_3_Night,462.6,7.5,20.0,20,4,14,5.3,15.1,0.31,9.6,430.2,511.2,372.4,90.2,19.5,Alert (10-25%),36.5,4,0.16,16,21.0,21.8121,80.1843
2024-07-10 06:00:00,BAL_SOUTH_PIT,Shift_1_Morning,454.2,8.0,21.0,22,4,14,6.6,21.6,0.32,10.3,490.9,435.3,431.9,22.3,4.91,Normal (<10%),34.2,4,0.36,14,21.6,21.8005,80.1901
2024-07-10 14:00:00,BAL_DEEP_LEVEL_3,Shift_2_Evening,519.5,8.0,22.0,24,4,15,35.5,138.7,0.9,89.7,505.4,410.6,284.3,235.2,45.27,Critical (>25%),23.0,5,1.19,17,34.1,21.8064,80.1876
2024-07-10 22:00:00,BAL_SOUTH_PIT,Shift_3_Night,573.2,7.5,17.0,18,3,16,34.7,107.7,0.69,61.9,544.6,477.1,461.1,112.1,19.56,Alert (10-25%),24.3,3,1.26,16,28.9,21.8005,80.1901
2024-07-11 06:00:00,BAL_NORTH_PIT,Shift_1_Morning,589.3,7.5,20.0,22,3,16,56.3,197.7,0.95,100.0,568.0,498.5,508.2,81.1,13.76,Alert (10-25%),19.7,4,1.68,19,35.0,21.8121,80.1843
2024-07-11 14:00:00,BAL_SOUTH_PIT,Shift_2_Evening,421.2,7.5,19.0,20,4,12,34.8,113.1,0.61,75.5,465.5,398.6,371.5,49.7,11.8,Alert (10-25%),28.4,5,1.52,13,29.6,21.8005,80.1901
2024-07-11 22:00:00,BAL_SOUTH_PIT,Shift_3_Night,431.0,7.5,21.0,22,4,16,2.0,10.5,0.22,15.0,478.2,389.6,378.6,52.4,12.16,Alert (10-25%),36.7,6,0.63,17,20.2,21.8005,80.1901
2024-07-12 06:00:00,BAL_SOUTH_PIT,Shift_1_Morning,588.9,7.5,19.0,20,4,13,26.0,91.1,0.63,53.0,428.7,566.2,531.1,57.8,9.81,Normal (<10%),28.7,4,0.74,14,28.2,21.8005,80.1901
2024-07-12 14:00:00,BAL_SOUTH_PIT,Shift_2_Evening,547.3,7.5,18.0,18,3,12,7.9,31.1,0.4,19.7,448.8,365.7,303.3,244.0,44.58,Critical (>25%),30.7,3,0.84,13,22.5,21.8005,80.1901
2024-07-12 22:00:00,BAL_NORTH_PIT,Shift_3_Night,576.6,7.5,22.0,22,4,12,70.3,146.7,0.86,97.7,554.0,546.4,449.6,127.0,22.03,Alert (10-25%),20.6,5,1.94,12,32.8,21.8121,80.1843
2024-07-13 06:00:00,UKWA_EXTENSION,Shift_1_Morning,440.5,8.0,23.0,24,3,12,9.6,24.5,0.31,18.2,354.8,565.6,419.9,20.6,4.68,Normal (<10%),34.9,4,1.08,12,19.9,21.7932,80.2015
2024-07-13 14:00:00,BAL_SOUTH_PIT,Shift_2_Evening,517.5,7.5,23.0,24,3,12,12.1,33.2,0.41,19.6,485.7,479.4,458.8,58.7,11.34,Alert (10-25%),32.5,3,0.98,12,21.4,21.8005,80.1901
2024-07-13 22:00:00,BAL_SOUTH_PIT,Shift_3_Night,540.2,8.0,20.0,22,4,12,11.3,41.4,0.35,22.1,455.3,428.9,303.5,236.7,43.82,Critical (>25%),34.9,5,0.65,12,21.2,21.8005,80.1901
2024-07-14 06:00:00,BAL_DEEP_LEVEL_3,Shift_1_Morning,536.0,8.0,17.0,18,3,16,5.8,22.4,0.31,18.2,458.4,449.1,258.2,277.8,51.83,Critical (>25%),38.5,3,0.87,19,22.3,21.8064,80.1876
2024-07-14 14:00:00,BAL_SOUTH_PIT,Shift_2_Evening,481.6,7.5,25.0,26,3,12,1.2,3.9,0.21,0.0,538.5,476.6,445.2,36.4,7.56,Normal (<10%),35.9,4,0.26,14,18.8,21.8005,80.1901
2024-07-14 22:00:00,BAL_DEEP_LEVEL_3,Shift_3_Night,403.1,7.5,19.0,20,4,16,33.9,84.6,0.59,58.3,431.7,403.4,322.1,81.0,20.09,Alert (10-25%),27.6,5,1.46,17,26.3,21.8064,80.1876
2024-07-15 06:00:00,UKWA_EXTENSION,Shift_1_Morning,516.6,8.0,25.0,26,4,14,24.3,97.2,0.69,60.8,457.7,572.6,487.6,29.0,5.61,Normal (<10%),27.6,4,0.9,16,27.7,21.7932,80.2015
2024-07-15 14:00:00,BAL_NORTH_PIT,Shift_2_Evening,450.6,7.5,20.0,20,3,12,2.3,8.7,0.22,7.0,444.8,407.3,397.9,52.7,11.7,Alert (10-25%),39.6,3,0.12,13,21.7,21.8121,80.1843
2024-07-15 22:00:00,BAL_NORTH_PIT,Shift_3_Night,490.1,7.5,20.0,20,4,11,22.5,68.9,0.59,51.7,498.9,428.5,406.6,83.5,17.04,Alert (10-25%),28.3,4,0.99,12,25.1,21.8121,80.1843
2024-07-16 06:00:00,UKWA_EXTENSION,Shift_1_Morning,591.5,8.0,19.0,20,3,12,14.7,56.4,0.51,34.2,497.1,389.3,454.8,136.7,23.11,Alert (10-25%),32.0,3,0.99,12,23.2,21.7932,80.2015
2024-07-16 14:00:00,BAL_NORTH_PIT,Shift_2_Evening,479.8,8.0,25.0,26,3,12,7.9,23.6,0.31,13.9,517.0,479.1,448.3,31.5,6.57,Normal (<10%),38.2,3,0.7,13,21.9,21.8121,80.1843
2024-07-16 22:00:00,UKWA_EXTENSION,Shift_3_Night,568.0,8.0,22.0,24,4,14,4.4,16.7,0.29,9.0,478.9,570.5,533.4,34.6,6.09,Normal (<10%),33.6,6,1.06,14,22.4,21.7932,80.2015
2024-07-17 06:00:00,UKWA_EXTENSION,Shift_1_Morning,437.7,7.5,23.0,24,3,16,29.5,51.6,0.44,45.8,505.9,452.6,394.0,43.7,9.98,Normal (<10%),30.5,3,0.7,17,24.0,21.7932,80.2015
2024-07-17 14:00:00,UKWA_EXTENSION,Shift_2_Evening,534.5,7.5,23.0,24,3,14,18.1,40.7,0.47,26.5,389.4,380.4,255.6,278.9,52.18,Critical (>25%),32.5,3,0.73,14,23.2,21.7932,80.2015
2024-07-17 22:00:00,BAL_NORTH_PIT,Shift_3_Night,595.4,8.0,16.0,18,3,14,11.9,31.6,0.38,20.2,476.2,513.8,514.5,80.9,13.59,Alert (10-25%),33.6,3,0.59,15,23.9,21.8121,80.1843
2024-07-18 06:00:00,BAL_DEEP_LEVEL_3,Shift_1_Morning,420.4,7.5,24.0,26,3,16,14.1,40.5,0.4,26.6,461.6,390.6,383.3,37.1,8.82,Normal (<10%),34.8,3,0.73,16,23.7,21.8064,80.1876
2024-07-18 14:00:00,UKWA_EXTENSION,Shift_2_Evening,401.7,8.0,19.0,20,3,11,1.4,7.0,0.26,11.4,478.4,517.5,370.4,31.3,7.79,Normal (<10%),37.4,5,1.06,11,20.4,21.7932,80.2015
2024-07-18 22:00:00,BAL_SOUTH_PIT,Shift_3_Night,486.7,7.5,17.0,18,4,14,9.6,47.0,0.53,28.1,517.3,435.0,410.5,76.2,15.66,Alert (10-25%),29.6,4,0.88,15,23.8,21.8005,80.1901
2024-07-19 06:00:00,BAL_NORTH_PIT,Shift_1_Morning,418.5,8.0,17.0,18,4,16,3.2,13.8,0.23,13.2,423.0,297.7,269.8,148.7,35.53,Critical (>25%),37.5,6,0.51,16,20.7,21.8121,80.1843
2024-07-19 14:00:00,UKWA_EXTENSION,Shift_2_Evening,549.7,7.5,25.0,26,3,15,3.5,11.8,0.3,4.1,502.9,389.1,463.0,86.7,15.77,Alert (10-25%),35.6,3,0.36,15,19.1,21.7932,80.2015
2024-07-19 22:00:00,UKWA_EXTENSION,Shift_3_Night,582.9,8.0,21.0,22,4,12,16.2,63.7,0.54,38.3,330.6,413.6,206.7,376.2,64.54,Critical (>25%),32.8,5,0.65,15,25.6,21.7932,80.2015
2024-07-20 06:00:00,BAL_SOUTH_PIT,Shift_1_Morning,486.8,7.5,21.0,22,4,13,36.3,117.1,0.77,79.9,516.9,441.9,427.6,59.2,12.16,Alert (10-25%),24.3,5,1.6,13,31.1,21.8005,80.1901
2024-07-20 14:00:00,BAL_DEEP_LEVEL_3,Shift_2_Evening,451.7,7.5,22.0,24,4,12,7.8,20.4,0.27,19.7,550.6,471.0,404.2,47.5,10.52,Alert (10-25%),35.0,4,0.9,12,22.1,21.8064,80.1876
2024-07-20 22:00:00,BAL_DEEP_LEVEL_3,Shift_3_Night,486.9,8.0,24.0,24,3,16,3.5,18.0,0.33,10.1,527.3,392.0,416.0,70.9,14.56,Alert (10-25%),36.6,3,0.26,16,21.5,21.8064,80.1876
2024-07-21 06:00:00,BAL_DEEP_LEVEL_3,Shift_1_Morning,544.7,7.5,23.0,24,4,12,15.7,27.8,0.35,16.6,539.0,527.2,487.1,57.6,10.57,Alert (10-25%),36.0,6,1.1,12,19.8,21.8064,80.1876
2024-07-21 14:00:00,UKWA_EXTENSION,Shift_2_Evening,401.8,7.5,20.0,22,4,14,30.7,67.2,0.61,48.0,380.0,394.0,353.0,48.8,12.15,Alert (10-25%),30.8,6,1.62,14,24.5,21.7932,80.2015
2024-07-21 22:00:00,UKWA_EXTENSION,Shift_3_Night,517.9,8.0,17.0,18,4,12,20.7,81.3,0.66,54.1,506.2,481.3,463.7,54.2,10.47,Alert (10-25%),26.2,4,0.29,14,27.0,21.7932,80.2015
2024-07-22 06:00:00,UKWA_EXTENSION,Shift_1_Morning,522.7,7.5,16.0,18,3,14,30.5,96.5,0.7,67.7,487.1,531.4,441.3,81.4,15.57,Alert (10-25%),28.1,4,1.18,14,27.8,21.7932,80.2015
2024-07-22 14:00:00,BAL_NORTH_PIT,Shift_2_Evening,527.5,7.5,17.0,18,4,14,11.5,30.5,0.32,12.2,518.1,488.3,476.8,50.7,9.61,Normal (<10%),33.3,6,1.2,17,21.7,21.8121,80.1843
2024-07-22 22:00:00,BAL_SOUTH_PIT,Shift_3_Night,448.4,7.5,22.0,24,4,14,20.9,65.6,0.63,38.5,544.2,464.5,386.4,62.0,13.83,Alert (10-25%),30.5,6,0.51,14,25.5,21.8005,80.1901
2024-07-23 06:00:00,UKWA_EXTENSION,Shift_1_Morning,542.8,8.0,19.0,22,3,13,2.3,11.2,0.23,7.2,481.9,519.1,514.8,28.0,5.16,Normal (<10%),34.8,3,0.11,14,22.2,21.7932,80.2015
2024-07-23 14:00:00,BAL_SOUTH_PIT,Shift_2_Evening,418.3,8.0,23.0,24,4,12,6.4,25.0,0.37,18.9,367.3,326.7,244.0,174.3,41.67,Critical (>25%),35.6,5,1.07,12,22.1,21.8005,80.1901
2024-07-23 22:00:00,BAL_SOUTH_PIT,Shift_3_Night,439.9,8.0,20.0,20,3,12,7.4,19.3,0.21,12.2,539.9,429.9,395.5,44.4,10.09,Alert (10-25%),35.2,4,1.0,14,21.4,21.8005,80.1901
2024-07-24 06:00:00,BAL_DEEP_LEVEL_3,Shift_1_Morning,575.5,8.0,22.0,24,4,14,10.7,23.4,0.4,16.0,453.9,500.4,567.5,8.0,1.39,Normal (<10%),33.0,6,1.14,15,21.2,21.8064,80.1876
2024-07-24 14:00:00,BAL_NORTH_PIT,Shift_2_Evening,547.7,8.0,19.0,20,3,16,39.7,91.8,0.56,64.2,473.5,398.4,331.5,216.2,39.47,Critical (>25%),29.6,3,1.27,18,26.0,21.8121,80.1843
2024-07-24 22:00:00,UKWA_EXTENSION,Shift_3_Night,402.7,7.5,19.0,20,3,12,31.1,124.3,0.81,76.6,484.9,479.1,338.8,63.9,15.87,Alert (10-25%),24.8,4,1.64,15,30.3,21.7932,80.2015
2024-07-25 06:00:00,BAL_DEEP_LEVEL_3,Shift_1_Morning,449.7,7.5,19.0,22,3,14,2.2,8.6,0.19,8.8,384.3,505.1,400.6,49.1,10.92,Alert (10-25%),36.4,3,0.57,16,18.8,21.8064,80.1876
2024-07-25 14:00:00,BAL_DEEP_LEVEL_3,Shift_2_Evening,442.9,8.0,17.0,18,4,14,2.8,11.6,0.33,13.0,532.4,362.7,409.1,33.8,7.63,Normal (<10%),38.5,4,0.31,15,21.2,21.8064,80.1876
2024-07-25 22:00:00,UKWA_EXTENSION,Shift_3_Night,454.2,7.5,25.0,26,4,12,6.6,24.6,0.29,14.7,420.9,374.0,376.8,77.4,17.04,Alert (10-25%),34.8,4,0.47,14,22.4,21.7932,80.2015
2024-07-26 06:00:00,BAL_SOUTH_PIT,Shift_1_Morning,449.5,7.5,22.0,24,3,16,5.2,28.7,0.37,14.8,470.6,496.2,408.3,41.2,9.17,Normal (<10%),34.7,3,0.28,16,21.0,21.8005,80.1901
2024-07-26 14:00:00,BAL_DEEP_LEVEL_3,Shift_2_Evening,412.5,7.5,20.0,22,3,16,14.3,48.9,0.46,37.0,342.9,498.6,345.3,67.2,16.29,Alert (10-25%),32.9,4,1.32,17,24.2,21.8064,80.1876
2024-07-26 22:00:00,BAL_SOUTH_PIT,Shift_3_Night,491.8,7.5,22.0,24,3,10,35.0,120.8,0.73,89.1,398.4,387.5,385.5,106.3,21.61,Alert (10-25%),24.2,4,2.0,13,32.3,21.8005,80.1901
2024-07-27 06:00:00,BAL_NORTH_PIT,Shift_1_Morning,546.5,8.0,19.0,20,3,15,49.2,123.1,0.87,82.8,472.4,386.5,505.6,40.9,7.48,Normal (<10%),24.8,3,1.68,15,32.6,21.8121,80.1843
2024-07-27 14:00:00,BAL_SOUTH_PIT,Shift_2_Evening,521.3,8.0,16.0,18,3,16,15.9,26.2,0.33,13.1,534.5,499.2,480.7,40.6,7.79,Normal (<10%),34.3,3,0.33,19,23.5,21.8005,80.1901
2024-07-27 22:00:00,BAL_NORTH_PIT,Shift_3_Night,534.6,7.5,16.0,18,3,10,27.3,109.3,0.82,72.8,577.8,362.1,412.6,122.0,22.82,Alert (10-25%),24.9,3,0.86,11,29.7,21.8121,80.1843
2024-07-28 06:00:00,BAL_SOUTH_PIT,Shift_1_Morning,416.2,7.5,25.0,26,3,12,11.2,44.3,0.45,25.4,431.6,494.1,377.8,38.4,9.23,Normal (<10%),35.0,4,1.29,13,24.5,21.8005,80.1901
2024-07-28 14:00:00,BAL_DEEP_LEVEL_3,Shift_2_Evening,590.3,8.0,18.0,20,3,16,3.5,16.2,0.24,14.4,590.0,517.5,567.3,23.0,3.9,Normal (<10%),34.9,3,0.56,16,21.8,21.8064,80.1876
2024-07-28 22:00:00,BAL_DEEP_LEVEL_3,Shift_3_Night,567.7,7.5,25.0,26,3,16,11.2,49.0,0.43,32.4,489.5,571.5,497.6,70.1,12.35,Alert (10-25%),29.1,3,0.74,16,21.5,21.8064,80.1876
2024-07-29 06:00:00,BAL_NORTH_PIT,Shift_1_Morning,561.0,7.5,23.0,24,4,14,12.1,51.3,0.45,29.6,446.6,338.7,243.3,317.7,56.63,Critical (>25%),34.8,5,0.77,17,26.5,21.8121,80.1843
2024-07-29 14:00:00,UKWA_EXTENSION,Shift_2_Evening,564.6,7.5,17.0,18,4,15,20.3,69.4,0.59,47.3,382.0,448.8,240.1,324.5,57.47,Critical (>25%),33.9,5,1.24,17,26.0,21.7932,80.2015
2024-07-29 22:00:00,BAL_NORTH_PIT,Shift_3_Night,586.5,8.0,16.0,18,3,14,3.7,14.6,0.31,6.5,594.6,448.4,487.7,98.8,16.85,Alert (10-25%),35.6,3,0.07,14,20.2,21.8121,80.1843
2024-07-30 06:00:00,BAL_NORTH_PIT,Shift_1_Morning,508.9,8.0,22.0,26,3,12,6.9,24.0,0.29,9.4,402.2,423.9,472.2,36.7,7.21,Normal (<10%),32.6,3,0.62,15,22.0,21.8121,80.1843
2024-07-30 14:00:00,BAL_SOUTH_PIT,Shift_2_Evening,440.1,7.5,18.0,20,3,14,6.8,16.1,0.33,14.5,406.9,462.7,391.2,48.9,11.11,Alert (10-25%),35.5,3,0.81,14,21.3,21.8005,80.1901
2024-07-30 22:00:00,BAL_SOUTH_PIT,Shift_3_Night,523.4,7.5,17.0,18,3,15,48.1,120.9,0.82,82.1,449.2,528.7,429.1,94.3,18.02,Alert (10-25%),24.2,5,2.33,17,29.9,21.8005,80.1901
2024-07-31 06:00:00,BAL_NORTH_PIT,Shift_1_Morning,548.6,7.5,21.0,22,3,13,8.8,35.2,0.41,21.1,437.2,476.2,518.6,30.0,5.47,Normal (<10%),33.6,4,1.04,14,22.7,21.8121,80.1843
2024-07-31 14:00:00,BAL_DEEP_LEVEL_3,Shift_2_Evening,547.6,7.5,20.0,22,4,16,21.1,56.0,0.51,43.7,430.0,470.0,475.4,72.2,13.18,Alert (10-25%),30.0,4,0.29,17,25.3,21.8064,80.1876
2024-07-31 22:00:00,BAL_SOUTH_PIT,Shift_3_Night,504.3,7.5,18.0,20,3,16,20.8,79.0,0.64,48.9,415.7,448.2,426.7,77.6,15.39,Alert (10-25%),29.9,3,0.95,16,26.8,21.8005,80.1901
2024-08-01 06:00:00,UKWA_EXTENSION,Shift_1_Morning,413.7,7.5,20.0,20,4,15,4.6,13.2,0.22,6.6,434.1,540.2,388.2,25.5,6.16,Normal (<10%),35.4,4,1.04,16,20.9,21.7932,80.2015
2024-08-01 14:00:00,BAL_SOUTH_PIT,Shift_2_Evening,474.2,8.0,26.0,26,4,12,12.7,33.6,0.38,24.3,461.2,555.0,451.7,22.5,4.74,Normal (<10%),29.8,4,0.25,13,22.4,21.8005,80.1901
2024-08-01 22:00:00,BAL_SOUTH_PIT,Shift_3_Night,584.2,8.0,19.0,20,4,14,33.7,82.8,0.66,59.6,486.0,448.5,499.6,84.6,14.48,Alert (10-25%),27.5,5,1.21,17,28.8,21.8005,80.1901
2024-08-02 06:00:00,UKWA_EXTENSION,Shift_1_Morning,516.9,7.5,24.0,26,3,14,9.7,18.2,0.35,14.1,510.5,428.6,478.4,38.5,7.45,Normal (<10%),36.5,3,0.82,14,22.2,21.7932,80.2015
2024-08-02 14:00:00,BAL_NORTH_PIT,Shift_2_Evening,507.7,8.0,18.0,20,4,14,43.5,81.3,0.66,51.4,499.4,453.1,463.5,44.2,8.71,Normal (<10%),26.8,5,1.4,14,27.8,21.8121,80.1843
2024-08-02 22:00:00,UKWA_EXTENSION,Shift_3_Night,453.8,7.5,21.0,22,3,14,3.6,12.0,0.22,6.8,412.7,468.7,262.6,191.2,42.13,Critical (>25%),34.2,3,1.14,14,20.5,21.7932,80.2015
2024-08-03 06:00:00,BAL_NORTH_PIT,Shift_1_Morning,473.7,7.5,17.0,18,4,15,1.2,4.5,0.33,0.0,554.4,522.5,425.5,48.2,10.18,Alert (10-25%),34.4,5,0.48,15,21.2,21.8121,80.1843
2024-08-03 14:00:00,BAL_NORTH_PIT,Shift_2_Evening,579.1,8.0,20.0,20,3,14,33.3,60.0,0.59,38.3,478.3,456.3,576.7,2.4,0.41,Normal (<10%),29.6,3,0.44,14,26.0,21.8121,80.1843
2024-08-03 22:00:00,BAL_NORTH_PIT,Shift_3_Night,533.3,8.0,19.0,20,4,14,28.2,67.8,0.5,43.9,511.0,476.5,485.1,48.2,9.04,Normal (<10%),26.0,6,1.77,16,28.5,21.8121,80.1843
2024-08-04 06:00:00,UKWA_EXTENSION,Shift_1_Morning,557.5,7.5,19.0,20,4,12,73.6,118.1,0.78,80.8,465.9,511.3,498.7,58.8,10.55,Alert (10-25%),23.1,4,0.86,12,31.0,21.7932,80.2015
2024-08-04 14:00:00,BAL_NORTH_PIT,Shift_2_Evening,490.9,7.5,20.0,22,4,12,17.1,64.2,0.56,39.3,492.4,446.9,431.2,59.7,12.16,Alert (10-25%),27.9,4,0.71,12,25.1,21.8121,80.1843
2024-08-04 22:00:00,BAL_DEEP_LEVEL_3,Shift_3_Night,526.0,8.0,23.0,24,4,14,41.4,128.1,0.8,90.2,443.8,485.6,478.5,47.5,9.03,Normal (<10%),24.7,4,1.29,14,29.6,21.8064,80.1876
2024-08-05 06:00:00,UKWA_EXTENSION,Shift_1_Morning,449.7,8.0,19.0,20,4,12,26.3,82.6,0.64,54.9,549.6,367.8,426.2,23.5,5.23,Normal (<10%),26.3,5,1.53,12,26.5,21.7932,80.2015
2024-08-05 14:00:00,BAL_DEEP_LEVEL_3,Shift_2_Evening,541.1,7.5,21.0,22,4,12,27.9,71.7,0.57,43.5,386.7,554.1,493.0,48.1,8.89,Normal (<10%),30.3,4,1.02,13,25.8,21.8064,80.1876
2024-08-05 22:00:00,BAL_NORTH_PIT,Shift_3_Night,485.5,7.5,17.0,18,4,12,12.6,29.0,0.41,21.3,419.1,406.6,416.9,68.6,14.13,Alert (10-25%),30.6,4,0.61,12,22.7,21.8121,80.1843
2024-08-06 06:00:00,BAL_SOUTH_PIT,Shift_1_Morning,488.5,7.5,21.0,22,2,16,7.2,26.2,0.35,16.9,440.7,550.2,408.5,80.0,16.38,Alert (10-25%),33.7,3,0.63,17,21.4,21.8005,80.1901
2024-08-06 14:00:00,BAL_NORTH_PIT,Shift_2_Evening,529.9,8.0,18.0,20,3,11,40.9,148.9,0.84,97.0,408.0,286.1,189.0,340.9,64.33,Critical (>25%),20.5,4,2.14,11,33.2,21.8121,80.1843
2024-08-06 22:00:00,BAL_DEEP_LEVEL_3,Shift_3_Night,587.3,7.5,17.0,18,3,12,8.5,17.6,0.33,18.8,550.2,575.7,501.8,85.5,14.56,Alert (10-25%),32.3,4,1.91,14,20.4,21.8064,80.1876
2024-08-07 06:00:00,BAL_DEEP_LEVEL_3,Shift_1_Morning,412.8,8.0,19.0,22,3,14,11.6,34.2,0.43,21.2,477.9,464.7,222.8,190.0,46.03,Critical (>25%),32.0,3,0.73,14,21.0,21.8064,80.1876
2024-08-07 14:00:00,UKWA_EXTENSION,Shift_2_Evening,564.9,7.5,25.0,26,3,12,8.9,23.6,0.31,13.5,469.2,513.4,443.0,121.9,21.58,Alert (10-25%),35.1,3,0.46,12,21.1,21.7932,80.2015
2024-08-07 22:00:00,BAL_SOUTH_PIT,Shift_3_Night,458.5,8.0,18.0,20,2,16,12.5,26.5,0.34,22.5,428.1,384.0,239.2,219.3,47.83,Critical (>25%),32.4,2,0.06,17,21.2,21.8005,80.1901
2024-08-08 06:00:00,UKWA_EXTENSION,Shift_1_Morning,488.8,8.0,23.0,24,3,12,9.5,35.2,0.38,26.0,539.2,517.7,488.6,0.2,0.04,Normal (<10%),29.4,3,0.34,14,21.9,21.7932,80.2015
2024-08-08 14:00:00,BAL_DEEP_LEVEL_3,Shift_2_Evening,404.4,8.0,22.0,22,4,14,0.7,4.5,0.19,6.8,482.4,377.8,384.9,19.5,4.82,Normal (<10%),35.5,5,0.64,14,18.8,21.8064,80.1876
2024-08-08 22:00:00,BAL_NORTH_PIT,Shift_3_Night,460.2,8.0,22.0,24,3,15,32.1,66.8,0.66,41.7,396.4,459.8,408.5,51.7,11.23,Alert (10-25%),26.3,4,0.93,15,25.2,21.8121,80.1843
2024-08-09 06:00:00,BAL_SOUTH_PIT,Shift_1_Morning,500.5,7.5,20.0,22,4,14,8.8,25.8,0.29,18.3,481.7,449.4,281.8,218.7,43.7,Critical (>25%),32.7,5,0.74,15,21.7,21.8005,80.1901
2024-08-09 14:00:00,BAL_NORTH_PIT,Shift_2_Evening,411.2,8.0,16.0,18,3,14,13.3,57.5,0.53,31.4,378.6,318.6,218.6,192.6,46.84,Critical (>25%),29.1,5,1.85,14,24.0,21.8121,80.1843
2024-08-09 22:00:00,BAL_NORTH_PIT,Shift_3_Night,498.2,8.0,24.0,24,3,12,2.2,13.2,0.31,0.0,411.5,361.8,414.9,83.3,16.72,Alert (10-25%),31.5,3,0.77,12,20.1,21.8121,80.1843
2024-08-10 06:00:00,BAL_SOUTH_PIT,Shift_1_Morning,585.4,8.0,18.0,20,4,14,0.1,3.3,0.19,0.0,550.9,571.9,581.6,3.8,0.65,Normal (<10%),33.2,6,0.95,17,20.5,21.8005,80.1901
2024-08-10 14:00:00,UKWA_EXTENSION,Shift_2_Evening,421.1,7.5,22.0,24,3,11,4.2,17.2,0.24,11.7,329.6,403.6,212.6,208.5,49.51,Critical (>25%),34.9,5,0.64,14,22.7,21.7932,80.2015
2024-08-10 22:00:00,BAL_NORTH_PIT,Shift_3_Night,552.9,7.5,18.0,20,3,12,18.3,62.2,0.51,53.5,480.4,301.2,214.0,338.9,61.29,Critical (>25%),28.2,4,1.45,12,26.3,21.8121,80.1843
2024-08-11 06:00:00,BAL_DEEP_LEVEL_3,Shift_1_Morning,481.9,7.5,17.0,18,4,14,1.6,12.0,0.29,14.2,499.3,364.1,427.3,54.6,11.33,Alert (10-25%),30.5,5,0.69,15,21.0,21.8064,80.1876
2024-08-11 14:00:00,BAL_NORTH_PIT,Shift_2_Evening,531.0,7.5,19.0,20,4,16,35.9,63.8,0.53,37.1,516.7,451.7,456.2,74.8,14.09,Alert (10-25%),29.9,4,0.25,17,25.6,21.8121,80.1843
2024-08-11 22:00:00,BAL_SOUTH_PIT,Shift_3_Night,452.0,7.5,19.0,22,4,14,3.6,12.7,0.35,12.8,488.0,406.5,409.1,42.9,9.49,Normal (<10%),34.3,4,0.61,17,21.9,21.8005,80.1901
2024-08-12 06:00:00,BAL_SOUTH_PIT,Shift_1_Morning,431.9,7.5,20.0,20,4,16,3.4,11.4,0.23,0.9,444.9,473.4,399.6,32.3,7.48,Normal (<10%),33.6,4,0.71,19,21.7,21.8005,80.1901
2024-08-12 14:00:00,BAL_SOUTH_PIT,Shift_2_Evening,432.1,8.0,23.0,24,4,14,3.0,15.4,0.25,17.9,524.4,514.1,414.9,17.2,3.98,Normal (<10%),32.3,5,0.0,14,20.8,21.8005,80.1901
2024-08-12 22:00:00,UKWA_EXTENSION,Shift_3_Night,414.1,8.0,22.0,24,3,12,0.2,3.3,0.26,0.0,491.9,375.2,217.6,196.5,47.45,Critical (>25%),36.4,3,0.15,12,21.1,21.7932,80.2015
2024-08-13 06:00:00,BAL_NORTH_PIT,Shift_1_Morning,437.1,8.0,20.0,22,3,16,22.2,42.7,0.33,25.6,538.7,473.9,417.2,19.9,4.55,Normal (<10%),32.1,3,0.56,16,20.7,21.8121,80.1843
2024-08-13 14:00:00,UKWA_EXTENSION,Shift_2_Evening,532.8,7.5,20.0,20,3,14,31.2,83.7,0.59,60.9,526.4,516.9,482.5,50.3,9.44,Normal (<10%),30.3,3,1.15,14,26.3,21.7932,80.2015
2024-08-13 22:00:00,UKWA_EXTENSION,Shift_3_Night,576.3,8.0,19.0,20,3,13,14.3,28.8,0.34,16.4,434.2,467.2,543.7,32.6,5.66,Normal (<10%),33.3,3,0.32,15,22.9,21.7932,80.2015
2024-08-14 06:00:00,BAL_SOUTH_PIT,Shift_1_Morning,562.8,8.0,19.0,20,2,12,3.1,18.9,0.29,21.3,445.1,542.9,499.2,63.6,11.3,Alert (10-25%),34.3,3,0.45,14,21.6,21.8005,80.1901
2024-08-14 14:00:00,BAL_SOUTH_PIT,Shift_2_Evening,537.0,7.5,25.0,26,4,14,5.0,11.4,0.23,4.7,489.6,593.2,480.9,56.1,10.45,Alert (10-25%),34.5,5,0.92,16,19.9,21.8005,80.1901
2024-08-14 22:00:00,UKWA_EXTENSION,Shift_3_Night,422.1,8.0,25.0,26,3,12,9.7,22.9,0.22,19.7,410.7,462.8,400.2,21.9,5.19,Normal (<10%),35.1,4,0.58,12,19.4,21.7932,80.2015
2024-08-15 06:00:00,BAL_NORTH_PIT,Shift_1_Morning,457.8,7.5,22.0,24,2,14,46.3,121.7,0.88,81.7,491.8,488.5,355.0,102.8,22.46,Alert (10-25%),22.9,2,1.41,14,31.4,21.8121,80.1843
2024-08-15 14:00:00,BAL_DEEP_LEVEL_3,Shift_2_Evening,462.0,8.0,21.0,24,3,14,4.3,14.3,0.34,12.9,394.7,506.8,419.6,42.4,9.18,Normal (<10%),35.7,3,0.07,14,20.1,21.8064,80.1876
2024-08-15 22:00:00,UKWA_EXTENSION,Shift_3_Night,450.0,7.5,18.0,18,4,14,19.7,61.5,0.42,36.0,461.7,396.3,407.6,42.4,9.42,Normal (<10%),28.8,4,0.34,15,22.9,21.7932,80.2015
2024-08-16 06:00:00,BAL_NORTH_PIT,Shift_1_Morning,503.0,7.5,20.0,20,3,11,8.7,20.9,0.34,4.8,547.1,502.5,453.6,49.4,9.82,Normal (<10%),32.6,4,0.93,11,22.2,21.8121,80.1843
2024-08-16 14:00:00,BAL_SOUTH_PIT,Shift_2_Evening,507.1,7.5,22.0,24,4,12,5.3,19.6,0.29,8.4,525.0,570.2,469.2,37.9,7.47,Normal (<10%),33.0,5,0.78,13,21.8,21.8005,80.1901
2024-08-16 22:00:00,BAL_SOUTH_PIT,Shift_3_Night,471.4,8.0,17.0,18,3,14,9.1,27.6,0.37,16.4,454.7,446.7,251.3,220.1,46.69,Critical (>25%),33.8,3,0.74,17,23.0,21.8005,80.1901
2024-08-17 06:00:00,BAL_NORTH_PIT,Shift_1_Morning,470.8,8.0,25.0,26,4,16,1.1,8.1,0.25,4.4,388.5,435.3,242.5,228.3,48.49,Critical (>25%),37.1,4,0.24,16,19.1,21.8121,80.1843
2024-08-17 14:00:00,BAL_DEEP_LEVEL_3,Shift_2_Evening,565.7,7.5,22.0,24,3,12,24.0,88.9,0.57,56.8,415.3,549.9,515.7,50.0,8.84,Normal (<10%),25.8,3,0.74,14,27.4,21.8064,80.1876
2024-08-17 22:00:00,BAL_SOUTH_PIT,Shift_3_Night,557.9,7.5,18.0,20,4,16,4.2,15.7,0.32,0.0,537.9,450.1,473.4,84.5,15.15,Alert (10-25%),33.2,5,1.11,17,22.5,21.8005,80.1901
2024-08-18 06:00:00,BAL_SOUTH_PIT,Shift_1_Morning,461.6,8.0,22.0,24,3,16,19.4,47.9,0.41,28.7,454.0,397.7,249.0,212.6,46.06,Critical (>25%),31.2,3,0.18,19,22.9,21.8005,80.1901
2024-08-18 14:00:00,BAL_SOUTH_PIT,Shift_2_Evening,582.8,8.0,25.0,26,4,16,1.1,7.4,0.11,5.1,529.0,352.4,334.8,248.0,42.55,Critical (>25%),35.4,5,1.08,16,17.5,21.8005,80.1901
2024-08-18 22:00:00,BAL_NORTH_PIT,Shift_3_Night,590.6,7.5,18.0,18,3,12,46.5,173.6,0.95,100.0,394.6,391.1,230.6,360.0,60.95,Critical (>25%),18.8,3,2.08,12,33.5,21.8121,80.1843
2024-08-19 06:00:00,UKWA_EXTENSION,Shift_1_Morning,465.3,8.0,16.0,18,4,12,3.2,13.9,0.19,7.4,479.8,393.3,459.4,5.9,1.27,Normal (<10%),31.4,4,0.66,12,19.9,21.7932,80.2015
2024-08-19 14:00:00,BAL_SOUTH_PIT,Shift_2_Evening,470.9,8.0,17.0,18,4,15,32.2,108.1,0.8,69.8,531.0,550.7,418.1,52.8,11.21,Alert (10-25%),22.3,6,1.53,16,29.2,21.8005,80.1901
2024-08-19 22:00:00,UKWA_EXTENSION,Shift_3_Night,501.1,8.0,17.0,20,3,12,24.9,75.8,0.56,50.8,584.8,540.9,469.9,31.2,6.23,Normal (<10%),26.4,4,0.92,15,27.8,21.7932,80.2015
2024-08-20 06:00:00,BAL_DEEP_LEVEL_3,Shift_1_Morning,588.2,7.5,24.0,24,4,13,51.6,121.1,0.81,75.5,453.5,441.8,510.2,78.0,13.26,Alert (10-25%),19.0,5,1.48,13,31.2,21.8064,80.1876
2024-08-20 14:00:00,BAL_SOUTH_PIT,Shift_2_Evening,575.3,7.5,22.0,24,2,16,9.7,33.5,0.39,21.1,558.1,387.7,463.9,111.4,19.36,Alert (10-25%),30.5,2,0.12,17,23.0,21.8005,80.1901
2024-08-20 22:00:00,BAL_SOUTH_PIT,Shift_3_Night,420.5,8.0,18.0,18,4,12,19.5,80.6,0.61,51.7,284.8,342.1,145.0,275.5,65.52,Critical (>25%),25.5,4,0.62,14,27.9,21.8005,80.1901
2024-08-21 06:00:00,BAL_DEEP_LEVEL_3,Shift_1_Morning,478.5,7.5,20.0,22,3,12,6.9,23.4,0.29,9.4,476.8,444.7,428.8,49.7,10.39,Alert (10-25%),33.1,4,0.92,14,22.2,21.8064,80.1876
2024-08-21 14:00:00,BAL_SOUTH_PIT,Shift_2_Evening,510.7,8.0,26.0,26,3,14,3.1,16.5,0.34,10.1,409.5,469.2,492.3,18.4,3.6,Normal (<10%),35.3,4,0.89,17,22.2,21.8005,80.1901
2024-08-21 22:00:00,UKWA_EXTENSION,Shift_3_Night,500.6,8.0,23.0,24,4,16,8.8,21.4,0.3,4.3,389.1,375.6,458.7,41.9,8.37,Normal (<10%),33.1,4,0.1,18,20.6,21.7932,80.2015
2024-08-22 06:00:00,BAL_NORTH_PIT,Shift_1_Morning,438.8,7.5,23.0,26,3,14,2.7,9.2,0.19,2.7,397.5,408.9,393.7,45.1,10.28,Alert (10-25%),33.6,4,0.9,17,19.9,21.8121,80.1843
2024-08-22 14:00:00,UKWA_EXTENSION,Shift_2_Evening,571.8,7.5,19.0,20,3,11,60.3,228.8,0.95,100.0,470.1,549.4,473.1,98.7,17.26,Alert (10-25%),15.0,5,2.89,14,35.0,21.7932,80.2015
2024-08-22 22:00:00,BAL_NORTH_PIT,Shift_3_Night,535.4,7.5,22.0,24,4,14,1.5,7.4,0.23,7.0,513.4,461.9,472.4,63.0,11.77,Alert (10-25%),36.6,5,1.15,17,20.9,21.8121,80.1843
2024-08-23 06:00:00,BAL_NORTH_PIT,Shift_1_Morning,567.6,8.0,19.0,20,4,16,13.3,56.5,0.48,37.7,599.1,511.0,548.7,18.9,3.33,Normal (<10%),28.1,4,0.88,17,24.9,21.8121,80.1843
2024-08-23 14:00:00,UKWA_EXTENSION,Shift_2_Evening,571.8,8.0,20.0,20,3,14,14.8,51.1,0.46,35.2,338.2,510.9,224.7,347.1,60.7,Critical (>25%),28.8,5,1.58,14,22.4,21.7932,80.2015
2024-08-23 22:00:00,UKWA_EXTENSION,Shift_3_Night,549.7,7.5,23.0,24,3,12,11.6,33.0,0.37,25.1,500.0,457.1,467.3,82.4,14.99,Alert (10-25%),33.0,4,0.95,12,22.3,21.7932,80.2015
2024-08-24 06:00:00,UKWA_EXTENSION,Shift_1_Morning,487.8,7.5,25.0,26,4,12,16.3,48.2,0.51,32.7,516.7,423.7,424.5,63.3,12.98,Alert (10-25%),29.8,4,0.93,15,24.3,21.7932,80.2015
2024-08-24 14:00:00,UKWA_EXTENSION,Shift_2_Evening,522.1,7.5,24.0,24,3,13,1.9,13.6,0.23,14.9,515.0,393.9,474.3,47.8,9.16,Normal (<10%),35.5,3,0.01,13,19.1,21.7932,80.2015
2024-08-24 22:00:00,BAL_DEEP_LEVEL_3,Shift_3_Night,432.1,8.0,17.0,18,2,16,12.1,36.3,0.28,13.6,351.5,565.3,373.2,58.9,13.63,Alert (10-25%),32.4,4,1.1,18,22.0,21.8064,80.1876
2024-08-25 06:00:00,BAL_SOUTH_PIT,Shift_1_Morning,534.7,8.0,20.0,20,3,14,5.1,14.9,0.27,14.1,457.1,540.6,534.7,0.0,0.0,Normal (<10%),35.2,3,0.39,15,19.8,21.8005,80.1901
2024-08-25 14:00:00,BAL_NORTH_PIT,Shift_2_Evening,435.9,8.0,18.0,20,3,16,42.2,112.2,0.8,63.9,421.4,487.6,386.8,49.1,11.26,Alert (10-25%),21.7,3,1.1,16,30.1,21.8121,80.1843
2024-08-25 22:00:00,UKWA_EXTENSION,Shift_3_Night,538.8,7.5,25.0,26,3,14,21.5,66.8,0.46,41.4,428.8,392.1,275.2,263.6,48.92,Critical (>25%),28.9,3,0.92,15,25.0,21.7932,80.2015
2024-08-26 06:00:00,UKWA_EXTENSION,Shift_1_Morning,445.9,7.5,17.0,18,3,12,53.9,100.0,0.72,70.3,436.4,505.1,384.1,61.8,13.86,Alert (10-25%),24.4,4,1.56,12,29.1,21.7932,80.2015
2024-08-26 14:00:00,UKWA_EXTENSION,Shift_2_Evening,423.5,8.0,20.0,22,3,16,0.6,11.8,0.19,11.0,512.6,396.3,379.4,44.1,10.41,Alert (10-25%),33.1,4,0.82,18,20.2,21.7932,80.2015
2024-08-26 22:00:00,BAL_DEEP_LEVEL_3,Shift_3_Night,433.1,7.5,24.0,26,3,16,5.0,15.8,0.32,5.7,504.6,471.5,376.5,56.6,13.07,Alert (10-25%),31.5,4,0.65,17,20.9,21.8064,80.1876
2024-08-27 06:00:00,UKWA_EXTENSION,Shift_1_Morning,400.4,7.5,20.0,22,3,16,3.3,12.5,0.26,8.1,404.7,407.8,363.9,36.5,9.12,Normal (<10%),35.5,5,0.78,16,22.2,21.7932,80.2015
2024-08-27 14:00:00,UKWA_EXTENSION,Shift_2_Evening,543.7,7.5,17.0,18,4,11,0.2,6.6,0.19,1.4,593.6,566.9,502.2,41.5,7.63,Normal (<10%),34.8,5,1.03,11,17.9,21.7932,80.2015
2024-08-27 22:00:00,UKWA_EXTENSION,Shift_3_Night,546.5,7.5,20.0,20,4,12,4.2,13.9,0.19,13.5,540.3,573.8,473.0,73.5,13.45,Alert (10-25%),33.2,4,0.5,12,21.3,21.7932,80.2015
2024-08-28 06:00:00,BAL_SOUTH_PIT,Shift_1_Morning,503.0,8.0,17.0,18,3,12,17.0,64.9,0.63,42.9,534.7,441.2,482.0,21.0,4.17,Normal (<10%),27.9,3,0.47,14,28.1,21.8005,80.1901
2024-08-28 14:00:00,BAL_DEEP_LEVEL_3,Shift_2_Evening,432.3,7.5,17.0,18,3,14,3.9,12.9,0.38,5.4,399.9,477.5,391.0,41.3,9.55,Normal (<10%),35.4,3,0.34,17,23.0,21.8064,80.1876
2024-08-28 22:00:00,UKWA_EXTENSION,Shift_3_Night,416.7,8.0,24.0,26,4,14,10.7,43.2,0.36,30.7,522.0,505.6,383.3,33.4,8.02,Normal (<10%),28.0,4,0.07,14,22.4,21.7932,80.2015
2024-08-29 06:00:00,BAL_NORTH_PIT,Shift_1_Morning,403.8,8.0,19.0,20,4,14,32.8,73.0,0.51,51.6,403.3,443.2,204.8,199.0,49.28,Critical (>25%),25.9,4,0.85,16,27.7,21.8121,80.1843
2024-08-29 14:00:00,BAL_NORTH_PIT,Shift_2_Evening,433.1,7.5,19.0,20,3,16,17.8,36.8,0.39,23.6,368.1,483.1,383.1,50.0,11.54,Alert (10-25%),30.3,5,1.08,17,22.6,21.8121,80.1843
2024-08-29 22:00:00,BAL_NORTH_PIT,Shift_3_Night,578.2,8.0,19.0,20,4,16,7.5,30.5,0.33,23.6,556.7,435.8,522.2,56.0,9.69,Normal (<10%),34.8,4,0.32,16,21.1,21.8121,80.1843
2024-08-30 06:00:00,BAL_DEEP_LEVEL_3,Shift_1_Morning,448.3,8.0,22.0,24,4,16,7.0,26.8,0.32,25.7,562.6,421.0,442.0,6.3,1.41,Normal (<10%),33.4,4,0.93,17,21.5,21.8064,80.1876
2024-08-30 14:00:00,BAL_DEEP_LEVEL_3,Shift_2_Evening,470.9,7.5,17.0,18,3,16,9.1,20.8,0.32,3.5,488.5,483.9,413.0,57.9,12.3,Alert (10-25%),34.6,5,0.66,17,21.0,21.8064,80.1876
2024-08-30 22:00:00,BAL_NORTH_PIT,Shift_3_Night,421.1,8.0,19.0,20,3,12,2.9,12.6,0.36,14.4,415.9,509.8,350.8,70.3,16.69,Alert (10-25%),32.1,3,0.61,15,21.2,21.8121,80.1843
2024-08-31 06:00:00,UKWA_EXTENSION,Shift_1_Morning,444.5,8.0,23.0,24,3,16,15.1,47.0,0.5,38.5,569.5,548.7,426.6,17.9,4.03,Normal (<10%),28.6,5,1.88,17,25.3,21.7932,80.2015
2024-08-31 14:00:00,BAL_DEEP_LEVEL_3,Shift_2_Evening,503.8,8.0,23.0,26,4,14,6.8,27.6,0.32,20.6,465.9,435.7,475.6,28.2,5.6,Normal (<10%),33.5,5,1.09,14,20.8,21.8064,80.1876
2024-08-31 22:00:00,BAL_NORTH_PIT,Shift_3_Night,521.6,8.0,23.0,24,3,14,28.7,80.4,0.64,52.0,503.5,527.4,453.8,67.8,13.0,Alert (10-25%),26.8,5,1.5,16,27.4,21.8121,80.1843
2024-09-01 06:00:00,BAL_NORTH_PIT,Shift_1_Morning,449.1,8.0,23.0,26,3,12,21.2,62.0,0.42,33.5,474.8,427.2,185.5,263.6,58.7,Critical (>25%),27.3,4,0.71,13,23.2,21.8121,80.1843
2024-09-01 14:00:00,UKWA_EXTENSION,Shift_2_Evening,411.5,8.0,22.0,22,3,16,14.1,40.8,0.41,27.4,394.3,411.0,401.5,10.0,2.43,Normal (<10%),28.0,3,0.17,16,22.9,21.7932,80.2015
2024-09-01 22:00:00,BAL_SOUTH_PIT,Shift_3_Night,478.2,8.0,16.0,18,4,12,6.8,21.3,0.29,12.2,489.8,512.1,273.9,204.3,42.72,Critical (>25%),31.0,5,0.59,13,20.3,21.8005,80.1901
2024-09-02 06:00:00,BAL_DEEP_LEVEL_3,Shift_1_Morning,446.8,8.0,24.0,24,3,12,3.5,11.6,0.31,0.8,448.9,486.6,428.1,18.7,4.19,Normal (<10%),31.4,3,0.19,13,19.8,21.8064,80.1876
2024-09-02 14:00:00,UKWA_EXTENSION,Shift_2_Evening,443.9,7.5,24.0,26,2,14,22.5,69.8,0.58,43.2,469.5,451.2,347.3,96.6,21.76,Alert (10-25%),26.1,3,0.9,14,25.6,21.7932,80.2015
2024-09-02 22:00:00,BAL_NORTH_PIT,Shift_3_Night,592.0,7.5,21.0,22,2,12,10.0,17.4,0.3,11.4,521.2,456.2,484.4,107.6,18.18,Alert (10-25%),32.0,3,0.6,12,21.9,21.8121,80.1843
2024-09-03 06:00:00,BAL_NORTH_PIT,Shift_1_Morning,523.3,7.5,19.0,20,3,12,3.8,10.3,0.27,8.2,505.5,533.7,481.9,41.4,7.91,Normal (<10%),29.1,4,0.67,13,21.1,21.8121,80.1843
2024-09-03 14:00:00,UKWA_EXTENSION,Shift_2_Evening,511.4,8.0,21.0,22,2,13,3.3,8.5,0.22,0.5,539.9,400.5,452.6,58.8,11.5,Alert (10-25%),28.6,2,0.55,13,20.3,21.7932,80.2015
2024-09-03 22:00:00,BAL_DEEP_LEVEL_3,Shift_3_Night,483.2,8.0,17.0,20,3,14,2.7,20.3,0.35,1.6,457.1,422.1,446.6,36.6,7.57,Normal (<10%),31.8,5,0.63,15,21.6,21.8064,80.1876
2024-09-04 06:00:00,BAL_SOUTH_PIT,Shift_1_Morning,485.8,8.0,24.0,26,3,15,22.5,69.8,0.57,45.3,492.0,486.2,453.7,32.1,6.61,Normal (<10%),26.8,4,0.91,17,26.1,21.8005,80.1901
2024-09-04 14:00:00,BAL_SOUTH_PIT,Shift_2_Evening,508.2,7.5,17.0,18,4,14,3.9,14.7,0.27,5.2,538.8,528.8,472.8,35.4,6.97,Normal (<10%),29.7,6,0.95,14,21.3,21.8005,80.1901
2024-09-04 22:00:00,BAL_NORTH_PIT,Shift_3_Night,539.3,7.5,20.0,22,3,12,11.2,57.9,0.49,36.4,552.8,526.7,443.9,95.4,17.69,Alert (10-25%),23.6,3,0.66,12,23.9,21.8121,80.1843
2024-09-05 06:00:00,BAL_DEEP_LEVEL_3,Shift_1_Morning,540.4,7.5,24.0,26,3,13,9.0,37.3,0.43,14.6,415.5,407.2,474.7,65.7,12.16,Alert (10-25%),28.6,5,1.7,16,24.9,21.8064,80.1876
2024-09-05 14:00:00,BAL_SOUTH_PIT,Shift_2_Evening,434.3,8.0,24.0,26,3,12,13.0,59.0,0.54,37.7,387.9,425.2,251.2,183.1,42.16,Critical (>25%),27.4,3,0.8,12,26.0,21.8005,80.1901
2024-09-05 22:00:00,BAL_DEEP_LEVEL_3,Shift_3_Night,500.0,7.5,24.0,26,3,13,31.5,80.8,0.59,55.7,429.9,441.4,428.0,72.0,14.4,Alert (10-25%),26.7,3,0.43,15,26.3,21.8064,80.1876
2024-09-06 06:00:00,BAL_DEEP_LEVEL_3,Shift_1_Morning,482.4,7.5,19.0,20,3,16,30.3,61.0,0.46,38.4,501.1,500.9,439.2,43.2,8.96,Normal (<10%),27.1,5,1.47,16,23.7,21.8064,80.1876
2024-09-06 14:00:00,BAL_NORTH_PIT,Shift_2_Evening,574.1,8.0,17.0,18,3,16,9.0,32.4,0.34,22.1,459.0,535.6,557.5,16.6,2.89,Normal (<10%),28.8,3,0.67,19,22.6,21.8121,80.1843
2024-09-06 22:00:00,BAL_SOUTH_PIT,Shift_3_Night,526.3,7.5,21.0,22,3,12,0.2,3.3,0.2,0.7,374.7,539.6,431.6,94.7,17.99,Alert (10-25%),31.2,3,0.36,12,17.9,21.8005,80.1901
2024-09-07 06:00:00,UKWA_EXTENSION,Shift_1_Morning,506.5,8.0,18.0,20,3,16,8.3,35.3,0.38,13.7,394.7,410.1,481.7,24.8,4.9,Normal (<10%),28.9,5,0.76,16,21.9,21.7932,80.2015
2024-09-07 14:00:00,BAL_NORTH_PIT,Shift_2_Evening,423.1,7.5,17.0,18,3,12,14.0,43.8,0.48,29.6,527.7,505.6,375.0,48.1,11.37,Alert (10-25%),27.2,5,1.73,14,25.6,21.8121,80.1843
2024-09-07 22:00:00,BAL_SOUTH_PIT,Shift_3_Night,521.1,8.0,17.0,18,4,14,12.2,35.5,0.35,19.7,435.2,472.8,468.3,52.8,10.13,Alert (10-25%),27.5,4,0.21,14,21.2,21.8005,80.1901
2024-09-08 06:00:00,BAL_SOUTH_PIT,Shift_1_Morning,423.4,8.0,18.0,20,4,16,15.8,53.3,0.49,28.9,448.6,387.8,406.8,16.6,3.92,Normal (<10%),29.9,4,0.88,16,25.5,21.8005,80.1901
2024-09-08 14:00:00,BAL_SOUTH_PIT,Shift_2_Evening,467.4,8.0,21.0,22,3,14,2.5,8.2,0.23,8.9,389.6,401.5,426.7,40.7,8.71,Normal (<10%),34.6,3,0.46,15,19.8,21.8005,80.1901
2024-09-08 22:00:00,BAL_SOUTH_PIT,Shift_3_Night,428.6,8.0,20.0,20,4,13,15.6,38.7,0.39,27.1,504.7,462.8,408.4,20.2,4.71,Normal (<10%),30.3,4,0.74,15,25.6,21.8005,80.1901
2024-09-09 06:00:00,BAL_SOUTH_PIT,Shift_1_Morning,538.4,8.0,16.0,18,3,12,3.0,10.8,0.27,4.1,521.3,475.5,538.4,0.0,0.0,Normal (<10%),30.1,4,1.21,12,19.6,21.8005,80.1901
2024-09-09 14:00:00,BAL_DEEP_LEVEL_3,Shift_2_Evening,441.3,7.5,21.0,22,3,11,20.8,86.7,0.69,57.0,533.4,438.1,361.6,79.7,18.06,Alert (10-25%),24.2,3,1.13,14,28.4,21.8064,80.1876
2024-09-09 22:00:00,BAL_NORTH_PIT,Shift_3_Night,478.4,8.0,24.0,26,2,16,6.2,24.2,0.33,16.9,408.8,472.2,385.2,93.2,19.48,Alert (10-25%),31.0,4,0.87,17,20.9,21.8121,80.1843
2024-09-10 06:00:00,BAL_DEEP_LEVEL_3,Shift_1_Morning,579.1,8.0,24.0,26,3,13,18.6,57.9,0.36,30.1,429.7,582.4,549.0,30.1,5.2,Normal (<10%),27.9,3,1.05,13,22.9,21.8064,80.1876
2024-09-10 14:00:00,UKWA_EXTENSION,Shift_2_Evening,440.9,8.0,22.0,24,3,14,0.7,12.9,0.25,2.9,427.1,374.6,181.5,259.4,58.83,Critical (>25%),33.3,4,0.51,14,21.6,21.7932,80.2015
2024-09-10 22:00:00,BAL_SOUTH_PIT,Shift_3_Night,501.6,8.0,22.0,24,4,14,7.9,19.4,0.38,7.5,483.5,480.0,451.6,50.0,9.97,Normal (<10%),31.1,5,0.75,16,22.7,21.8005,80.1901
2024-09-11 06:00:00,BAL_NORTH_PIT,Shift_1_Morning,483.9,7.5,24.0,26,3,15,18.3,52.8,0.52,37.7,411.9,432.2,444.7,39.2,8.1,Normal (<10%),27.8,4,0.59,16,25.7,21.8121,80.1843
2024-09-11 14:00:00,BAL_SOUTH_PIT,Shift_2_Evening,403.6,8.0,19.0,20,4,14,3.9,18.1,0.33,19.9,345.2,331.7,241.4,162.2,40.19,Critical (>25%),31.5,4,0.09,14,19.8,21.8005,80.1901
2024-09-11 22:00:00,BAL_NORTH_PIT,Shift_3_Night,558.6,7.5,23.0,24,3,14,23.8,64.1,0.58,45.7,455.1,444.3,215.6,343.0,61.4,Critical (>25%),25.9,3,0.78,16,26.8,21.8121,80.1843
2024-09-12 06:00:00,BAL_DEEP_LEVEL_3,Shift_1_Morning,413.8,8.0,22.0,24,4,13,14.9,34.8,0.42,23.8,446.2,396.7,387.7,26.1,6.31,Normal (<10%),26.0,5,0.93,13,21.6,21.8064,80.1876
2024-09-12 14:00:00,BAL_NORTH_PIT,Shift_2_Evening,494.9,8.0,20.0,22,2,13,13.3,56.1,0.54,32.3,384.4,428.1,431.1,63.8,12.89,Alert (10-25%),26.4,2,0.19,13,23.3,21.8121,80.1843
2024-09-12 22:00:00,UKWA_EXTENSION,Shift_3_Night,512.1,7.5,19.0,20,3,16,6.5,37.6,0.33,28.8,420.6,461.9,433.2,78.9,15.41,Alert (10-25%),28.2,5,1.3,16,22.5,21.7932,80.2015
2024-09-13 06:00:00,UKWA_EXTENSION,Shift_1_Morning,525.7,7.5,18.0,20,4,16,9.9,32.0,0.36,19.5,592.1,451.1,498.7,27.0,5.14,Normal (<10%),27.4,5,0.55,19,23.5,21.7932,80.2015
2024-09-13 14:00:00,BAL_NORTH_PIT,Shift_2_Evening,537.7,7.5,19.0,20,4,14,13.6,28.8,0.35,14.1,487.7,519.8,458.8,78.9,14.67,Alert (10-25%),32.1,4,0.86,14,21.9,21.8121,80.1843
2024-09-13 22:00:00,BAL_NORTH_PIT,Shift_3_Night,450.7,8.0,20.0,22,3,14,9.6,20.1,0.3,17.0,404.3,446.4,408.9,41.8,9.27,Normal (<10%),33.2,3,0.29,17,22.9,21.8121,80.1843
2024-09-14 06:00:00,BAL_NORTH_PIT,Shift_1_Morning,402.0,7.5,22.0,24,3,16,18.0,33.2,0.34,28.8,528.3,417.2,356.1,45.9,11.42,Alert (10-25%),31.3,3,0.17,16,22.9,21.8121,80.1843
2024-09-14 14:00:00,BAL_NORTH_PIT,Shift_2_Evening,544.7,8.0,19.0,22,4,16,8.5,29.6,0.36,23.4,494.3,405.5,238.7,306.0,56.18,Critical (>25%),29.9,4,0.5,17,23.8,21.8121,80.1843
2024-09-14 22:00:00,UKWA_EXTENSION,Shift_3_Night,507.1,7.5,25.0,26,4,16,3.4,7.7,0.15,17.0,460.1,576.5,419.9,87.2,17.2,Alert (10-25%),34.5,4,0.13,16,18.2,21.7932,80.2015
2024-09-15 06:00:00,BAL_SOUTH_PIT,Shift_1_Morning,567.2,7.5,17.0,18,3,12,3.6,14.4,0.29,5.8,417.2,539.3,502.8,64.4,11.35,Alert (10-25%),31.1,5,1.38,13,22.5,21.8005,80.1901
2024-09-15 14:00:00,BAL_NORTH_PIT,Shift_2_Evening,564.3,8.0,24.0,26,3,16,0.1,3.5,0.18,0.0,556.6,578.1,494.7,69.6,12.33,Alert (10-25%),32.9,4,0.7,18,22.0,21.8121,80.1843
2024-09-15 22:00:00,BAL_NORTH_PIT,Shift_3_Night,568.7,7.5,25.0,26,2,16,5.4,18.1,0.18,7.7,565.4,467.6,447.4,121.3,21.33,Alert (10-25%),29.8,2,0.35,17,20.2,21.8121,80.1843
2024-09-16 06:00:00,UKWA_EXTENSION,Shift_1_Morning,497.0,7.5,22.0,24,4,16,20.7,59.3,0.5,35.1,365.2,345.4,238.5,258.5,52.01,Critical (>25%),26.9,5,1.21,17,23.3,21.7932,80.2015
2024-09-16 14:00:00,UKWA_EXTENSION,Shift_2_Evening,466.7,8.0,23.0,24,3,13,23.7,80.8,0.68,60.9,485.7,510.4,424.2,42.5,9.11,Normal (<10%),23.5,3,0.61,13,25.5,21.7932,80.2015
2024-09-16 22:00:00,BAL_DEEP_LEVEL_3,Shift_3_Night,558.3,8.0,17.0,18,2,16,3.4,14.0,0.17,3.8,487.3,435.8,468.4,89.9,16.1,Alert (10-25%),29.9,2,0.01,19,20.6,21.8064,80.1876
2024-09-17 06:00:00,BAL_NORTH_PIT,Shift_1_Morning,490.3,8.0,24.0,24,3,14,47.9,179.8,0.95,100.0,496.4,495.5,447.5,42.8,8.73,Normal (<10%),15.0,4,2.16,14,35.0,21.8121,80.1843
2024-09-17 14:00:00,BAL_DEEP_LEVEL_3,Shift_2_Evening,436.7,7.5,20.0,20,4,14,10.5,21.6,0.23,20.7,472.5,550.6,391.7,45.0,10.3,Alert (10-25%),30.8,5,0.38,15,21.1,21.8064,80.1876
2024-09-17 22:00:00,UKWA_EXTENSION,Shift_3_Night,571.0,7.5,24.0,26,4,14,37.3,73.7,0.58,51.1,536.9,411.7,494.6,76.4,13.38,Alert (10-25%),27.3,4,0.52,17,26.5,21.7932,80.2015
2024-09-18 06:00:00,UKWA_EXTENSION,Shift_1_Morning,576.5,7.5,17.0,18,4,14,18.4,66.3,0.58,39.1,386.2,374.7,331.1,245.4,42.57,Critical (>25%),26.6,4,1.04,15,25.2,21.7932,80.2015
2024-09-18 14:00:00,BAL_SOUTH_PIT,Shift_2_Evening,493.3,7.5,18.0,18,3,16,19.2,65.4,0.49,43.2,508.4,408.8,436.0,57.3,11.62,Alert (10-25%),25.8,4,1.24,18,24.3,21.8005,80.1901
2024-09-18 22:00:00,BAL_NORTH_PIT,Shift_3_Night,415.1,7.5,23.0,24,4,12,1.3,2.9,0.19,0.0,350.5,478.4,172.8,242.3,58.37,Critical (>25%),33.0,4,0.02,12,20.2,21.8121,80.1843
2024-09-19 06:00:00,BAL_DEEP_LEVEL_3,Shift_1_Morning,477.6,8.0,17.0,18,3,14,3.7,19.3,0.29,11.9,414.8,519.0,450.2,27.4,5.74,Normal (<10%),30.8,3,0.21,15,21.2,21.8064,80.1876
2024-09-19 14:00:00,UKWA_EXTENSION,Shift_2_Evening,560.7,7.5,16.0,18,4,16,0.1,1.3,0.27,1.3,584.5,397.2,501.3,59.4,10.59,Alert (10-25%),32.0,4,0.13,17,22.2,21.7932,80.2015
2024-09-19 22:00:00,UKWA_EXTENSION,Shift_3_Night,580.4,8.0,18.0,20,4,16,18.9,41.5,0.34,28.4,602.6,564.9,530.0,50.4,8.68,Normal (<10%),27.0,4,1.11,16,23.2,21.7932,80.2015
2024-09-20 06:00:00,BAL_DEEP_LEVEL_3,Shift_1_Morning,440.7,7.5,23.0,26,4,12,6.3,24.3,0.3,25.6,406.6,377.7,411.0,29.7,6.74,Normal (<10%),30.0,6,1.31,12,22.1,21.8064,80.1876
2024-09-20 14:00:00,BAL_SOUTH_PIT,Shift_2_Evening,413.4,8.0,18.0,18,2,12,23.2,39.8,0.48,30.2,371.5,516.3,370.9,42.5,10.28,Alert (10-25%),26.8,3,0.74,14,23.8,21.8005,80.1901
2024-09-20 22:00:00,UKWA_EXTENSION,Shift_3_Night,575.5,7.5,17.0,18,3,13,6.2,23.6,0.28,9.9,581.5,483.4,510.1,65.4,11.36,Alert (10-25%),28.6,3,0.6,16,21.2,21.7932,80.2015
2024-09-21 06:00:00,BAL_NORTH_PIT,Shift_1_Morning,477.9,7.5,17.0,18,4,12,25.7,80.4,0.58,54.1,410.3,387.9,274.0,203.9,42.67,Critical (>25%),24.9,4,0.5,14,26.2,21.8121,80.1843
2024-09-21 14:00:00,UKWA_EXTENSION,Shift_2_Evening,508.4,8.0,20.0,22,4,11,2.1,7.6,0.25,4.7,534.8,526.6,500.1,8.3,1.63,Normal (<10%),32.5,4,0.2,14,19.8,21.7932,80.2015
2024-09-21 22:00:00,BAL_NORTH_PIT,Shift_3_Night,593.6,7.5,19.0,20,4,13,2.9,20.0,0.42,22.7,470.9,397.5,482.2,111.4,18.77,Alert (10-25%),27.2,4,0.43,16,23.8,21.8121,80.1843
2024-09-22 06:00:00,BAL_DEEP_LEVEL_3,Shift_1_Morning,413.3,8.0,24.0,26,3,15,6.3,23.3,0.26,13.3,363.4,368.0,173.4,239.9,58.05,Critical (>25%),30.4,3,0.56,15,20.6,21.8064,80.1876
2024-09-22 14:00:00,BAL_NORTH_PIT,Shift_2_Evening,529.7,7.5,20.0,22,4,12,7.9,35.5,0.42,24.3,542.5,491.6,493.6,36.1,6.82,Normal (<10%),30.1,5,0.8,14,24.4,21.8121,80.1843
2024-09-22 22:00:00,BAL_DEEP_LEVEL_3,Shift_3_Night,414.8,7.5,16.0,18,3,12,6.4,23.0,0.26,16.7,454.3,385.7,349.7,65.1,15.69,Alert (10-25%),32.2,4,0.8,13,21.5,21.8064,80.1876
2024-09-23 06:00:00,BAL_NORTH_PIT,Shift_1_Morning,475.1,8.0,21.0,24,3,15,21.6,74.2,0.52,44.1,542.0,452.3,450.7,24.4,5.14,Normal (<10%),26.5,4,1.18,18,26.5,21.8121,80.1843
2024-09-23 14:00:00,BAL_DEEP_LEVEL_3,Shift_2_Evening,560.8,7.5,17.0,18,4,11,1.5,13.1,0.24,1.1,452.2,482.3,484.8,76.0,13.55,Alert (10-25%),31.6,4,0.35,12,19.5,21.8064,80.1876
2024-09-23 22:00:00,BAL_NORTH_PIT,Shift_3_Night,486.7,8.0,18.0,20,2,14,6.5,23.1,0.34,14.3,437.1,419.6,412.2,74.5,15.31,Alert (10-25%),28.8,2,0.34,14,21.7,21.8121,80.1843
2024-09-24 06:00:00,BAL_SOUTH_PIT,Shift_1_Morning,599.4,7.5,17.0,18,4,15,27.2,106.1,0.7,74.1,395.5,530.0,520.2,79.2,13.21,Alert (10-25%),19.7,4,0.99,16,28.7,21.8005,80.1901
2024-09-24 14:00:00,BAL_NORTH_PIT,Shift_2_Evening,511.8,7.5,24.0,24,4,11,1.0,9.2,0.25,0.0,398.5,538.2,468.6,43.2,8.44,Normal (<10%),32.3,4,0.47,13,21.8,21.8121,80.1843
2024-09-24 22:00:00,BAL_NORTH_PIT,Shift_3_Night,464.2,7.5,20.0,22,4,12,42.8,98.6,0.66,65.2,493.2,546.8,372.8,91.4,19.69,Alert (10-25%),22.7,4,1.18,12,27.2,21.8121,80.1843
2024-09-25 06:00:00,BAL_SOUTH_PIT,Shift_1_Morning,444.0,7.5,18.0,20,4,12,64.4,190.8,0.95,100.0,379.2,395.1,358.2,85.8,19.32,Alert (10-25%),15.0,4,1.89,13,35.0,21.8005,80.1901
2024-09-25 14:00:00,UKWA_EXTENSION,Shift_2_Evening,470.1,7.5,22.0,22,3,14,1.4,7.0,0.17,0.0,459.1,313.4,170.9,299.2,63.65,Critical (>25%),34.1,4,0.35,15,21.5,21.7932,80.2015
2024-09-25 22:00:00,UKWA_EXTENSION,Shift_3_Night,474.5,7.5,24.0,24,4,16,5.2,27.0,0.27,19.2,395.1,564.5,411.9,62.6,13.19,Alert (10-25%),30.0,4,0.16,17,21.9,21.7932,80.2015
2024-09-26 06:00:00,BAL_NORTH_PIT,Shift_1_Morning,413.7,7.5,23.0,26,4,14,7.0,31.6,0.33,23.1,399.7,476.7,374.3,39.4,9.52,Normal (<10%),27.6,4,0.62,16,23.5,21.8121,80.1843
2024-09-26 14:00:00,BAL_SOUTH_PIT,Shift_2_Evening,473.9,8.0,22.0,22,4,11,22.5,63.1,0.55,45.4,404.0,422.1,422.0,51.9,10.95,Alert (10-25%),25.2,6,1.8,11,25.7,21.8005,80.1901
2024-09-26 22:00:00,BAL_NORTH_PIT,Shift_3_Night,492.8,7.5,20.0,22,2,14,13.6,50.3,0.46,37.4,362.6,436.0,364.0,128.8,26.14,Critical (>25%),27.5,4,1.3,14,25.7,21.8121,80.1843
2024-09-27 06:00:00,BAL_DEEP_LEVEL_3,Shift_1_Morning,544.5,7.5,17.0,18,4,12,15.5,49.3,0.41,32.4,521.4,552.4,497.5,47.0,8.63,Normal (<10%),27.3,6,1.12,15,25.0,21.8064,80.1876
2024-09-27 14:00:00,BAL_DEEP_LEVEL_3,Shift_2_Evening,531.3,7.5,19.0,20,3,16,21.3,69.0,0.49,48.0,512.3,497.0,464.5,66.8,12.57,Alert (10-25%),24.7,3,0.88,17,26.2,21.8064,80.1876
2024-09-27 22:00:00,BAL_NORTH_PIT,Shift_3_Night,541.8,8.0,18.0,20,4,13,1.9,3.5,0.27,3.3,565.5,467.0,472.8,69.0,12.74,Alert (10-25%),32.5,4,0.06,13,19.8,21.8121,80.1843
2024-09-28 06:00:00,UKWA_EXTENSION,Shift_1_Morning,401.7,8.0,24.0,26,4,14,26.9,68.9,0.61,33.1,376.5,370.8,364.5,37.2,9.26,Normal (<10%),24.1,4,1.2,14,25.0,21.7932,80.2015
2024-09-28 14:00:00,UKWA_EXTENSION,Shift_2_Evening,443.5,7.5,24.0,26,4,12,18.3,44.9,0.45,22.4,541.9,467.5,403.9,39.6,8.93,Normal (<10%),26.8,4,0.66,13,22.6,21.7932,80.2015
2024-09-28 22:00:00,BAL_NORTH_PIT,Shift_3_Night,532.3,7.5,21.0,22,4,11,12.9,42.8,0.43,24.8,477.1,443.4,460.9,71.4,13.41,Alert (10-25%),28.5,6,0.99,14,25.6,21.8121,80.1843
2024-09-29 06:00:00,BAL_NORTH_PIT,Shift_1_Morning,496.8,7.5,24.0,26,3,13,33.1,90.4,0.55,60.5,388.5,488.3,419.6,77.2,15.54,Alert (10-25%),22.9,5,1.54,13,25.7,21.8121,80.1843
2024-09-29 14:00:00,BAL_DEEP_LEVEL_3,Shift_2_Evening,401.1,8.0,19.0,20,4,12,18.1,42.7,0.44,29.8,511.3,340.2,368.9,32.2,8.03,Normal (<10%),28.3,5,0.73,12,23.9,21.8064,80.1876
2024-09-29 22:00:00,UKWA_EXTENSION,Shift_3_Night,560.9,7.5,19.0,20,3,16,3.4,11.4,0.34,10.9,499.8,584.7,484.8,76.1,13.57,Alert (10-25%),31.5,4,1.09,16,21.1,21.7932,80.2015
2024-09-30 06:00:00,BAL_NORTH_PIT,Shift_1_Morning,554.6,8.0,19.0,22,3,16,8.4,17.7,0.34,15.2,550.8,605.8,543.2,11.4,2.06,Normal (<10%),28.8,3,0.34,16,22.0,21.8121,80.1843
2024-09-30 14:00:00,BAL_DEEP_LEVEL_3,Shift_2_Evening,509.7,7.5,21.0,22,3,16,10.2,40.2,0.45,27.7,364.4,582.0,427.5,82.2,16.13,Alert (10-25%),27.4,3,0.62,16,22.6,21.8064,80.1876
2024-09-30 22:00:00,UKWA_EXTENSION,Shift_3_Night,413.3,8.0,23.0,24,4,11,0.9,2.1,0.13,3.9,361.2,431.6,357.8,55.5,13.43,Alert (10-25%),35.2,6,1.17,11,18.1,21.7932,80.2015
2024-10-01 06:00:00,BAL_SOUTH_PIT,Shift_1_Morning,553.3,8.0,19.0,20,4,12,2.4,12.7,0.23,16.1,434.4,418.0,276.1,277.2,50.1,Critical (>25%),26.9,5,0.48,13,20.9,21.8005,80.1901
2024-10-01 14:00:00,BAL_DEEP_LEVEL_3,Shift_2_Evening,516.7,7.5,24.0,26,3,12,1.3,7.4,0.23,7.0,523.7,397.2,454.9,61.8,11.96,Alert (10-25%),25.9,4,0.76,14,20.3,21.8064,80.1876
2024-10-01 22:00:00,UKWA_EXTENSION,Shift_3_Night,556.4,7.5,22.0,24,3,14,0.1,8.9,0.21,5.8,559.5,469.3,481.0,75.4,13.55,Alert (10-25%),26.2,5,1.08,14,18.6,21.7932,80.2015
2024-10-02 06:00:00,UKWA_EXTENSION,Shift_1_Morning,550.3,7.5,17.0,18,4,14,0.5,5.3,0.17,5.8,438.5,493.5,510.1,40.2,7.31,Normal (<10%),29.6,4,0.0,15,21.7,21.7932,80.2015
2024-10-02 14:00:00,BAL_DEEP_LEVEL_3,Shift_2_Evening,560.6,7.5,24.0,26,4,13,0.5,7.1,0.26,8.8,551.9,448.7,524.7,35.9,6.4,Normal (<10%),28.9,4,0.48,15,20.0,21.8064,80.1876
2024-10-02 22:00:00,BAL_SOUTH_PIT,Shift_3_Night,503.6,7.5,16.0,18,3,16,1.2,8.1,0.29,13.1,387.6,580.0,420.5,83.1,16.5,Alert (10-25%),28.4,5,0.99,16,19.2,21.8005,80.1901
2024-10-03 06:00:00,BAL_DEEP_LEVEL_3,Shift_1_Morning,428.1,7.5,22.0,24,4,14,0.4,2.6,0.14,0.0,443.2,524.9,387.5,40.6,9.48,Normal (<10%),31.8,4,0.44,16,19.6,21.8064,80.1876
2024-10-03 14:00:00,UKWA_EXTENSION,Shift_2_Evening,534.2,7.5,18.0,20,3,14,0.1,1.7,0.26,0.0,487.0,513.1,470.5,63.7,11.92,Alert (10-25%),25.3,4,0.71,14,20.9,21.7932,80.2015
2024-10-03 22:00:00,BAL_NORTH_PIT,Shift_3_Night,524.1,8.0,18.0,20,3,14,2.0,8.5,0.25,6.7,396.1,428.5,326.6,197.5,37.68,Critical (>25%),29.4,3,0.48,15,18.2,21.8121,80.1843
2024-10-04 06:00:00,BAL_NORTH_PIT,Shift_1_Morning,548.5,7.5,17.0,18,4,13,0.5,3.8,0.3,0.0,510.9,593.4,484.9,63.6,11.6,Alert (10-25%),31.2,4,0.8,15,22.0,21.8121,80.1843
2024-10-04 14:00:00,BAL_DEEP_LEVEL_3,Shift_2_Evening,434.0,7.5,19.0,20,4,16,0.9,5.8,0.27,2.6,482.3,497.4,240.3,193.7,44.63,Critical (>25%),27.2,4,0.05,18,19.9,21.8064,80.1876
2024-10-04 22:00:00,UKWA_EXTENSION,Shift_3_Night,439.0,8.0,20.0,22,4,16,0.2,4.2,0.23,11.9,369.6,392.3,225.5,213.5,48.63,Critical (>25%),28.7,5,0.6,16,19.9,21.7932,80.2015
2024-10-05 06:00:00,BAL_NORTH_PIT,Shift_1_Morning,578.1,7.5,22.0,24,3,11,2.4,10.7,0.26,7.2,549.7,518.6,529.4,48.7,8.42,Normal (<10%),27.5,3,0.6,12,19.9,21.8121,80.1843
2024-10-05 14:00:00,UKWA_EXTENSION,Shift_2_Evening,550.0,7.5,25.0,26,3,12,1.3,8.4,0.24,5.7,494.7,466.1,491.3,58.7,10.67,Alert (10-25%),27.5,3,0.54,12,21.9,21.7932,80.2015
2024-10-05 22:00:00,BAL_DEEP_LEVEL_3,Shift_3_Night,581.6,7.5,22.0,24,3,16,3.5,10.4,0.34,4.9,428.5,476.0,504.7,76.9,13.22,Alert (10-25%),27.6,4,0.84,17,21.2,21.8064,80.1876
2024-10-06 06:00:00,BAL_NORTH_PIT,Shift_1_Morning,551.7,7.5,17.0,18,3,16,1.0,4.2,0.25,10.3,426.3,513.9,522.1,29.6,5.37,Normal (<10%),31.3,3,1.23,19,20.2,21.8121,80.1843
2024-10-06 14:00:00,UKWA_EXTENSION,Shift_2_Evening,519.4,8.0,16.0,18,3,15,4.3,16.7,0.27,13.2,487.4,443.4,494.2,25.2,4.85,Normal (<10%),30.8,3,0.58,15,20.3,21.7932,80.2015
2024-10-06 22:00:00,BAL_NORTH_PIT,Shift_3_Night,530.8,8.0,19.0,20,4,11,3.3,12.1,0.29,5.7,441.1,383.4,203.1,327.7,61.74,Critical (>25%),27.8,6,1.34,11,20.6,21.8121,80.1843
2024-10-07 06:00:00,BAL_DEEP_LEVEL_3,Shift_1_Morning,577.8,7.5,17.0,18,3,14,1.3,2.9,0.24,9.3,600.0,448.1,524.5,53.3,9.22,Normal (<10%),32.2,4,0.61,15,20.2,21.8064,80.1876
2024-10-07 14:00:00,UKWA_EXTENSION,Shift_2_Evening,515.8,7.5,26.0,26,3,14,4.1,19.3,0.28,13.8,474.8,494.6,467.4,48.4,9.38,Normal (<10%),27.8,4,0.4,15,21.7,21.7932,80.2015
2024-10-07 22:00:00,BAL_NORTH_PIT,Shift_3_Night,526.5,8.0,24.0,24,3,15,0.6,12.5,0.22,6.3,550.0,486.8,511.2,15.3,2.91,Normal (<10%),31.3,3,0.31,16,20.5,21.8121,80.1843
2024-10-08 06:00:00,BAL_DEEP_LEVEL_3,Shift_1_Morning,431.3,7.5,24.0,26,4,11,0.7,6.2,0.29,0.0,391.3,410.9,384.3,47.0,10.9,Alert (10-25%),28.6,5,0.91,11,18.7,21.8064,80.1876
2024-10-08 14:00:00,BAL_NORTH_PIT,Shift_2_Evening,494.8,8.0,21.0,24,3,16,0.1,3.9,0.21,3.3,435.0,431.7,438.5,56.3,11.38,Alert (10-25%),29.6,3,0.52,16,19.2,21.8121,80.1843
2024-10-08 22:00:00,BAL_NORTH_PIT,Shift_3_Night,543.3,8.0,19.0,20,4,10,1.3,9.6,0.23,4.1,437.8,517.0,457.9,85.4,15.72,Alert (10-25%),29.4,5,0.82,12,21.4,21.8121,80.1843
2024-10-09 06:00:00,BAL_SOUTH_PIT,Shift_1_Morning,454.2,8.0,18.0,18,3,14,1.9,7.9,0.27,3.7,512.8,455.2,454.2,0.0,0.0,Normal (<10%),33.5,3,0.34,14,19.4,21.8005,80.1901
2024-10-09 14:00:00,BAL_SOUTH_PIT,Shift_2_Evening,440.5,7.5,22.0,24,4,14,2.2,6.4,0.21,2.4,457.0,476.1,398.7,41.8,9.49,Normal (<10%),30.5,5,0.59,16,21.1,21.8005,80.1901
2024-10-09 22:00:00,BAL_DEEP_LEVEL_3,Shift_3_Night,462.8,7.5,21.0,22,3,16,0.2,2.7,0.22,0.0,510.9,479.4,387.4,75.4,16.29,Alert (10-25%),28.4,4,0.65,17,19.9,21.8064,80.1876
2024-10-10 06:00:00,BAL_SOUTH_PIT,Shift_1_Morning,448.3,7.5,20.0,22,2,14,0.9,3.0,0.2,14.8,349.4,541.7,355.1,93.2,20.79,Alert (10-25%),31.0,2,0.62,14,19.2,21.8005,80.1901
2024-10-10 14:00:00,BAL_DEEP_LEVEL_3,Shift_2_Evening,443.0,8.0,21.0,22,3,16,0.3,10.3,0.12,3.4,441.9,433.2,422.9,20.1,4.54,Normal (<10%),28.9,3,0.65,16,20.5,21.8064,80.1876
2024-10-10 22:00:00,BAL_SOUTH_PIT,Shift_3_Night,485.0,7.5,21.0,22,3,11,1.6,10.5,0.27,10.3,540.6,379.7,410.2,74.8,15.42,Alert (10-25%),27.8,5,0.7,12,18.9,21.8005,80.1901
2024-10-11 06:00:00,BAL_NORTH_PIT,Shift_1_Morning,581.6,7.5,25.0,26,3,15,0.3,6.5,0.25,3.2,377.5,469.8,347.3,234.3,40.29,Critical (>25%),30.3,4,0.93,15,19.2,21.8121,80.1843
2024-10-11 14:00:00,BAL_DEEP_LEVEL_3,Shift_2_Evening,501.4,8.0,16.0,18,3,12,3.5,16.3,0.3,0.0,512.4,426.2,482.4,19.0,3.79,Normal (<10%),27.9,4,0.5,15,23.2,21.8064,80.1876
2024-10-11 22:00:00,BAL_DEEP_LEVEL_3,Shift_3_Night,437.6,7.5,23.0,24,3,15,0.4,5.2,0.12,2.7,469.1,515.0,378.7,58.9,13.46,Alert (10-25%),30.3,4,0.84,15,20.9,21.8064,80.1876
2024-10-12 06:00:00,BAL_NORTH_PIT,Shift_1_Morning,415.4,7.5,21.0,22,2,15,0.5,3.6,0.15,3.0,373.5,446.4,337.4,78.0,18.78,Alert (10-25%),29.8,3,0.64,17,22.2,21.8121,80.1843
2024-10-12 14:00:00,BAL_DEEP_LEVEL_3,Shift_2_Evening,539.2,7.5,20.0,22,3,12,2.9,10.9,0.31,4.5,529.3,550.3,490.7,48.5,8.99,Normal (<10%),28.8,3,0.87,13,21.0,21.8064,80.1876
2024-10-12 22:00:00,BAL_DEEP_LEVEL_3,Shift_3_Night,476.6,8.0,23.0,24,3,13,0.9,5.9,0.23,11.2,519.5,436.2,426.5,50.1,10.51,Alert (10-25%),29.8,3,0.27,13,20.2,21.8064,80.1876
2024-10-13 06:00:00,BAL_SOUTH_PIT,Shift_1_Morning,564.4,7.5,19.0,20,3,12,0.0,2.9,0.12,10.9,455.4,486.2,496.9,67.5,11.96,Alert (10-25%),27.1,5,1.05,13,20.1,21.8005,80.1901
2024-10-13 14:00:00,BAL_DEEP_LEVEL_3,Shift_2_Evening,531.9,8.0,25.0,26,3,16,1.0,6.7,0.24,5.9,445.9,473.7,497.1,34.8,6.54,Normal (<10%),30.0,3,0.58,17,21.5,21.8064,80.1876
2024-10-13 22:00:00,UKWA_EXTENSION,Shift_3_Night,559.2,8.0,24.0,26,3,14,0.1,1.0,0.13,2.8,412.6,448.4,525.4,33.8,6.04,Normal (<10%),28.7,5,0.74,15,19.6,21.7932,80.2015
2024-10-14 06:00:00,BAL_NORTH_PIT,Shift_1_Morning,454.4,8.0,17.0,18,3,12,6.3,17.7,0.26,6.0,526.7,475.2,451.7,2.7,0.59,Normal (<10%),25.9,3,0.38,15,22.7,21.8121,80.1843
2024-10-14 14:00:00,BAL_SOUTH_PIT,Shift_2_Evening,538.5,7.5,20.0,22,2,12,1.3,5.7,0.24,0.0,310.6,353.5,182.2,356.3,66.17,Critical (>25%),29.0,2,0.32,13,20.6,21.8005,80.1901
2024-10-14 22:00:00,BAL_SOUTH_PIT,Shift_3_Night,452.8,7.5,16.0,18,3,14,0.4,4.3,0.23,0.0,483.8,407.5,405.5,47.3,10.45,Alert (10-25%),29.4,3,0.25,14,20.2,21.8005,80.1901
2024-10-15 06:00:00,UKWA_EXTENSION,Shift_1_Morning,587.8,7.5,17.0,18,3,13,1.2,5.0,0.28,13.3,423.4,483.9,543.7,44.1,7.5,Normal (<10%),27.9,4,0.57,13,19.1,21.7932,80.2015
2024-10-15 14:00:00,BAL_NORTH_PIT,Shift_2_Evening,527.3,8.0,17.0,18,3,12,0.1,5.2,0.25,0.7,533.5,405.3,255.7,271.6,51.51,Critical (>25%),30.3,3,0.73,12,19.5,21.8121,80.1843
2024-10-15 22:00:00,BAL_NORTH_PIT,Shift_3_Night,464.9,8.0,16.0,18,3,12,2.4,12.9,0.29,15.2,499.6,529.4,418.1,46.8,10.07,Alert (10-25%),26.2,3,0.22,13,20.4,21.8121,80.1843
2024-10-16 06:00:00,BAL_SOUTH_PIT,Shift_1_Morning,453.9,7.5,23.0,24,3,15,3.9,19.1,0.28,9.1,505.0,485.9,408.2,45.7,10.07,Alert (10-25%),27.2,4,0.87,15,19.6,21.8005,80.1901
2024-10-16 14:00:00,BAL_DEEP_LEVEL_3,Shift_2_Evening,438.2,8.0,23.0,24,4,11,3.1,13.5,0.22,4.2,428.7,585.7,411.8,26.4,6.02,Normal (<10%),27.7,4,0.49,11,18.5,21.8064,80.1876
2024-10-16 22:00:00,BAL_SOUTH_PIT,Shift_3_Night,538.9,7.5,21.0,24,4,14,0.6,3.1,0.22,0.0,514.9,478.8,444.1,94.8,17.59,Alert (10-25%),29.4,6,0.58,16,19.9,21.8005,80.1901
2024-10-17 06:00:00,BAL_NORTH_PIT,Shift_1_Morning,443.7,7.5,17.0,18,4,12,0.6,4.8,0.28,0.6,428.5,292.8,159.8,283.9,63.98,Critical (>25%),29.4,6,1.16,12,19.7,21.8121,80.1843
2024-10-17 14:00:00,UKWA_EXTENSION,Shift_2_Evening,519.1,7.5,21.0,22,4,14,0.1,5.7,0.27,0.2,425.6,464.6,267.7,251.4,48.43,Critical (>25%),27.4,4,0.0,14,20.1,21.7932,80.2015
2024-10-17 22:00:00,BAL_SOUTH_PIT,Shift_3_Night,452.9,7.5,25.0,26,2,15,1.6,12.1,0.25,15.9,471.4,352.1,153.7,299.2,66.06,Critical (>25%),29.6,3,0.89,15,20.8,21.8005,80.1901
2024-10-18 06:00:00,BAL_NORTH_PIT,Shift_1_Morning,532.4,7.5,20.0,22,4,13,1.1,5.4,0.22,3.3,400.5,381.6,229.1,303.3,56.97,Critical (>25%),29.3,4,0.25,13,19.8,21.8121,80.1843
2024-10-18 14:00:00,BAL_SOUTH_PIT,Shift_2_Evening,563.0,7.5,18.0,18,3,14,0.9,10.8,0.21,6.2,502.1,574.8,512.4,50.6,8.99,Normal (<10%),26.0,3,0.4,14,19.7,21.8005,80.1901
2024-10-18 22:00:00,BAL_DEEP_LEVEL_3,Shift_3_Night,555.6,7.5,18.0,20,4,14,3.6,9.6,0.31,6.5,533.3,443.7,443.7,111.9,20.14,Alert (10-25%),25.4,5,0.31,15,19.9,21.8064,80.1876
2024-10-19 06:00:00,BAL_SOUTH_PIT,Shift_1_Morning,552.2,8.0,22.0,24,4,11,0.3,2.0,0.29,5.9,434.4,478.6,521.7,30.5,5.52,Normal (<10%),29.1,4,0.44,13,21.5,21.8005,80.1901
2024-10-19 14:00:00,BAL_SOUTH_PIT,Shift_2_Evening,437.5,7.5,21.0,22,3,12,0.0,2.6,0.23,1.9,514.1,478.8,395.2,42.3,9.67,Normal (<10%),29.1,3,0.68,12,19.4,21.8005,80.1901
2024-10-19 22:00:00,BAL_NORTH_PIT,Shift_3_Night,417.7,8.0,23.0,24,4,12,0.1,1.8,0.13,2.7,359.0,486.1,393.8,23.9,5.72,Normal (<10%),29.9,4,0.16,13,18.9,21.8121,80.1843
2024-10-20 06:00:00,BAL_NORTH_PIT,Shift_1_Morning,539.8,8.0,20.0,22,3,14,0.4,2.7,0.25,6.9,431.1,578.1,539.8,0.0,0.0,Normal (<10%),29.2,5,0.82,14,19.5,21.8121,80.1843
2024-10-20 14:00:00,BAL_NORTH_PIT,Shift_2_Evening,473.7,7.5,20.0,20,3,12,0.1,6.6,0.32,0.0,497.7,431.3,435.3,38.4,8.11,Normal (<10%),28.9,3,0.54,12,19.6,21.8121,80.1843
2024-10-20 22:00:00,BAL_SOUTH_PIT,Shift_3_Night,486.5,8.0,20.0,22,4,12,1.0,9.0,0.19,1.8,457.6,417.8,438.7,47.8,9.83,Normal (<10%),30.6,4,0.54,13,19.5,21.8005,80.1901
2024-10-21 06:00:00,BAL_DEEP_LEVEL_3,Shift_1_Morning,406.2,8.0,21.0,24,3,14,0.6,6.1,0.27,4.6,383.1,508.0,390.9,15.3,3.77,Normal (<10%),27.2,4,0.0,15,19.8,21.8064,80.1876
2024-10-21 14:00:00,UKWA_EXTENSION,Shift_2_Evening,451.9,8.0,18.0,20,3,14,0.3,4.6,0.21,0.0,441.0,380.4,409.3,42.6,9.43,Normal (<10%),27.6,3,1.0,14,19.2,21.7932,80.2015
2024-10-21 22:00:00,UKWA_EXTENSION,Shift_3_Night,406.7,7.5,24.0,24,4,12,2.1,9.6,0.31,5.2,462.5,418.6,345.4,61.3,15.07,Alert (10-25%),26.7,4,0.56,14,21.9,21.7932,80.2015
2024-10-22 06:00:00,BAL_NORTH_PIT,Shift_1_Morning,575.8,7.5,23.0,26,4,11,0.3,3.4,0.16,0.0,440.9,468.1,524.5,51.3,8.91,Normal (<10%),30.2,4,0.61,14,20.8,21.8121,80.1843
2024-10-22 14:00:00,BAL_NORTH_PIT,Shift_2_Evening,448.7,7.5,18.0,18,3,12,1.7,9.0,0.22,1.7,475.7,510.1,399.9,48.8,10.88,Alert (10-25%),30.8,5,0.96,12,21.4,21.8121,80.1843
2024-10-22 22:00:00,BAL_SOUTH_PIT,Shift_3_Night,511.5,7.5,24.0,26,3,16,0.6,2.2,0.13,7.0,410.3,493.0,469.4,42.1,8.23,Normal (<10%),29.4,5,0.44,16,20.1,21.8005,80.1901
2024-10-23 06:00:00,UKWA_EXTENSION,Shift_1_Morning,407.8,7.5,18.0,18,3,12,1.1,14.6,0.29,7.9,485.4,538.8,388.4,19.4,4.76,Normal (<10%),24.3,4,0.9,12,22.6,21.7932,80.2015
2024-10-23 14:00:00,BAL_NORTH_PIT,Shift_2_Evening,533.4,8.0,17.0,18,3,14,4.1,12.9,0.29,6.3,430.6,385.2,485.5,47.9,8.98,Normal (<10%),25.7,3,0.23,16,21.9,21.8121,80.1843
2024-10-23 22:00:00,BAL_DEEP_LEVEL_3,Shift_3_Night,464.6,8.0,24.0,26,3,12,0.1,1.7,0.23,0.0,380.2,547.9,381.5,83.1,17.89,Alert (10-25%),28.2,4,0.86,12,20.0,21.8064,80.1876
2024-10-24 06:00:00,BAL_DEEP_LEVEL_3,Shift_1_Morning,579.6,7.5,18.0,20,3,16,1.0,4.1,0.19,0.0,498.2,505.8,528.6,51.0,8.8,Normal (<10%),28.7,4,0.63,17,19.3,21.8064,80.1876
2024-10-24 14:00:00,BAL_NORTH_PIT,Shift_2_Evening,577.6,8.0,17.0,18,3,16,2.9,10.3,0.23,1.7,523.4,501.0,522.6,55.0,9.52,Normal (<10%),28.2,5,1.07,17,21.2,21.8121,80.1843
2024-10-24 22:00:00,BAL_NORTH_PIT,Shift_3_Night,465.1,8.0,21.0,22,3,15,1.3,14.8,0.26,3.4,457.2,514.7,430.7,34.4,7.4,Normal (<10%),28.3,3,0.17,15,19.8,21.8121,80.1843
2024-10-25 06:00:00,UKWA_EXTENSION,Shift_1_Morning,580.2,8.0,26.0,26,3,12,0.5,13.1,0.31,5.2,537.6,492.5,564.1,16.1,2.77,Normal (<10%),27.6,4,0.96,12,19.2,21.7932,80.2015
2024-10-25 14:00:00,UKWA_EXTENSION,Shift_2_Evening,599.2,8.0,20.0,22,3,14,0.8,4.7,0.15,2.6,541.6,592.3,578.0,21.2,3.54,Normal (<10%),31.3,3,0.04,14,20.7,21.7932,80.2015
2024-10-25 22:00:00,BAL_SOUTH_PIT,Shift_3_Night,565.1,7.5,18.0,20,4,13,1.7,8.6,0.23,8.9,434.7,471.4,491.0,74.1,13.11,Alert (10-25%),27.9,5,1.37,13,18.6,21.8005,80.1901
2024-10-26 06:00:00,UKWA_EXTENSION,Shift_1_Morning,569.0,7.5,18.0,20,4,12,3.3,9.4,0.17,5.8,498.9,455.8,508.5,60.5,10.63,Alert (10-25%),27.9,6,1.67,13,20.4,21.7932,80.2015
2024-10-26 14:00:00,BAL_DEEP_LEVEL_3,Shift_2_Evening,449.8,7.5,25.0,26,3,10,0.1,3.7,0.2,0.0,357.9,457.0,221.9,227.9,50.67,Critical (>25%),30.2,3,0.89,13,19.7,21.8064,80.1876
2024-10-26 22:00:00,BAL_DEEP_LEVEL_3,Shift_3_Night,515.3,8.0,21.0,22,4,12,0.1,0.8,0.2,0.0,466.5,509.9,475.4,39.9,7.74,Normal (<10%),27.4,4,0.78,12,20.4,21.8064,80.1876
2024-10-27 06:00:00,BAL_NORTH_PIT,Shift_1_Morning,413.5,8.0,22.0,24,4,12,0.6,4.5,0.33,0.0,497.3,497.1,394.6,18.9,4.57,Normal (<10%),29.2,5,0.67,12,21.5,21.8121,80.1843
2024-10-27 14:00:00,UKWA_EXTENSION,Shift_2_Evening,419.0,7.5,17.0,18,3,13,0.4,5.0,0.19,0.0,338.1,506.7,364.8,54.2,12.94,Alert (10-25%),29.6,3,0.75,13,20.0,21.7932,80.2015
2024-10-27 22:00:00,BAL_SOUTH_PIT,Shift_3_Night,599.8,7.5,23.0,24,4,16,0.5,6.3,0.28,2.3,499.6,519.3,552.5,47.3,7.89,Normal (<10%),28.6,5,0.67,19,22.5,21.8005,80.1901
2024-10-28 06:00:00,BAL_DEEP_LEVEL_3,Shift_1_Morning,465.3,8.0,23.0,24,4,16,0.4,6.4,0.15,8.7,581.3,420.5,460.0,5.3,1.14,Normal (<10%),32.0,5,0.23,19,20.5,21.8064,80.1876
2024-10-28 14:00:00,BAL_DEEP_LEVEL_3,Shift_2_Evening,549.6,7.5,23.0,26,4,14,0.3,4.5,0.22,6.4,435.3,417.9,325.5,224.1,40.78,Critical (>25%),28.4,4,0.85,15,22.2,21.8064,80.1876
2024-10-28 22:00:00,BAL_SOUTH_PIT,Shift_3_Night,561.3,7.5,22.0,24,4,11,0.2,2.1,0.21,9.4,385.2,445.4,322.1,239.2,42.62,Critical (>25%),32.7,6,1.34,12,20.5,21.8005,80.1901
2024-10-29 06:00:00,BAL_SOUTH_PIT,Shift_1_Morning,571.6,8.0,23.0,24,4,12,4.1,17.2,0.32,7.0,479.4,420.9,560.2,11.4,1.99,Normal (<10%),27.4,6,0.99,12,20.1,21.8005,80.1901
2024-10-29 14:00:00,BAL_DEEP_LEVEL_3,Shift_2_Evening,599.5,8.0,17.0,18,3,14,0.2,8.4,0.21,0.0,491.7,541.9,562.0,37.5,6.26,Normal (<10%),27.2,3,0.03,17,21.0,21.8064,80.1876
2024-10-29 22:00:00,BAL_DEEP_LEVEL_3,Shift_3_Night,448.3,7.5,19.0,20,3,14,0.3,5.2,0.19,1.6,406.1,491.8,384.2,64.1,14.3,Alert (10-25%),29.5,3,0.22,14,19.3,21.8064,80.1876
2024-10-30 06:00:00,BAL_SOUTH_PIT,Shift_1_Morning,408.1,8.0,16.0,18,4,16,0.4,3.4,0.11,8.1,366.9,487.5,408.1,0.0,0.0,Normal (<10%),28.5,4,0.0,16,18.6,21.8005,80.1901
2024-10-30 14:00:00,BAL_DEEP_LEVEL_3,Shift_2_Evening,482.2,7.5,17.0,18,3,14,4.1,26.2,0.35,6.9,510.6,457.0,432.0,50.2,10.41,Alert (10-25%),25.7,3,0.73,15,20.4,21.8064,80.1876
2024-10-30 22:00:00,BAL_NORTH_PIT,Shift_3_Night,426.0,8.0,24.0,26,4,12,2.1,12.0,0.23,8.6,481.7,434.1,163.1,262.9,61.71,Critical (>25%),29.3,6,0.52,12,20.5,21.8121,80.1843
2024-10-31 06:00:00,BAL_NORTH_PIT,Shift_1_Morning,404.5,8.0,19.0,20,3,14,2.3,10.6,0.3,5.4,456.6,486.4,239.1,165.4,40.89,Critical (>25%),29.2,4,0.79,14,19.1,21.8121,80.1843
2024-10-31 14:00:00,BAL_SOUTH_PIT,Shift_2_Evening,472.1,7.5,21.0,22,4,13,0.2,5.7,0.25,6.9,549.1,518.3,420.4,51.7,10.95,Alert (10-25%),28.1,5,0.45,14,17.7,21.8005,80.1901
2024-10-31 22:00:00,UKWA_EXTENSION,Shift_3_Night,556.7,8.0,21.0,22,3,14,2.7,8.6,0.3,7.8,522.5,451.3,483.8,72.9,13.1,Alert (10-25%),30.0,3,0.0,14,20.0,21.7932,80.2015
2024-11-01 06:00:00,BAL_SOUTH_PIT,Shift_1_Morning,513.2,7.5,23.0,24,3,12,0.8,5.0,0.18,6.4,417.9,492.4,487.7,25.5,4.97,Normal (<10%),29.1,5,1.07,12,18.6,21.8005,80.1901
2024-11-01 14:00:00,BAL_SOUTH_PIT,Shift_2_Evening,462.6,8.0,24.0,26,3,12,0.5,4.6,0.23,5.5,549.0,383.7,448.1,14.5,3.13,Normal (<10%),29.2,4,0.6,13,19.2,21.8005,80.1901
2024-11-01 22:00:00,UKWA_EXTENSION,Shift_3_Night,530.9,7.5,18.0,20,4,15,1.3,5.0,0.23,17.3,401.7,366.3,441.1,89.8,16.91,Alert (10-25%),27.8,5,0.95,15,16.6,21.7932,80.2015
2024-11-02 06:00:00,UKWA_EXTENSION,Shift_1_Morning,446.4,8.0,24.0,26,3,13,2.6,11.4,0.23,16.5,377.3,333.2,222.9,223.5,50.07,Critical (>25%),28.6,3,0.02,15,20.0,21.7932,80.2015
2024-11-02 14:00:00,UKWA_EXTENSION,Shift_2_Evening,402.9,8.0,18.0,20,4,12,2.3,9.6,0.31,10.5,454.9,437.1,394.4,8.5,2.11,Normal (<10%),23.4,5,0.47,12,20.3,21.7932,80.2015
2024-11-02 22:00:00,BAL_NORTH_PIT,Shift_3_Night,552.9,7.5,20.0,20,4,16,3.3,14.9,0.31,7.5,449.5,553.3,487.2,65.7,11.88,Alert (10-25%),25.3,5,0.0,17,20.5,21.8121,80.1843
2024-11-03 06:00:00,BAL_DEEP_LEVEL_3,Shift_1_Morning,524.7,8.0,16.0,18,3,12,3.9,18.2,0.39,10.3,395.4,435.4,273.0,251.7,47.97,Critical (>25%),23.7,3,0.0,12,21.8,21.8064,80.1876
2024-11-03 14:00:00,BAL_NORTH_PIT,Shift_2_Evening,552.5,7.5,19.0,20,3,16,0.4,7.8,0.27,10.9,446.8,385.8,508.7,43.8,7.93,Normal (<10%),26.7,4,1.24,18,22.3,21.8121,80.1843
2024-11-03 22:00:00,BAL_DEEP_LEVEL_3,Shift_3_Night,407.8,8.0,18.0,20,3,14,0.8,9.4,0.34,12.2,360.2,471.9,370.0,37.8,9.27,Normal (<10%),25.2,3,1.03,16,21.9,21.8064,80.1876
2024-11-04 06:00:00,BAL_NORTH_PIT,Shift_1_Morning,567.4,8.0,22.0,22,3,16,0.0,1.3,0.3,0.0,561.9,561.9,567.4,0.0,0.0,Normal (<10%),26.7,5,1.03,18,21.7,21.8121,80.1843
2024-11-04 14:00:00,BAL_DEEP_LEVEL_3,Shift_2_Evening,523.9,7.5,23.0,24,3,14,3.2,15.6,0.25,0.4,411.4,512.3,466.7,57.2,10.92,Alert (10-25%),28.9,4,0.45,14,21.5,21.8064,80.1876
2024-11-04 22:00:00,BAL_NORTH_PIT,Shift_3_Night,512.7,8.0,19.0,22,3,13,0.3,5.9,0.16,0.0,516.5,585.2,472.0,40.7,7.94,Normal (<10%),27.1,4,0.61,13,18.3,21.8121,80.1843
2024-11-05 06:00:00,UKWA_EXTENSION,Shift_1_Morning,524.9,8.0,17.0,18,3,13,3.0,8.5,0.33,11.5,392.8,475.8,488.1,36.8,7.01,Normal (<10%),26.8,4,0.96,16,22.1,21.7932,80.2015
2024-11-05 14:00:00,BAL_SOUTH_PIT,Shift_2_Evening,572.9,7.5,17.0,18,3,14,0.6,7.6,0.27,11.9,520.1,567.7,509.9,63.0,11.0,Alert (10-25%),26.2,3,0.25,16,21.9,21.8005,80.1901
2024-11-05 22:00:00,BAL_NORTH_PIT,Shift_3_Night,517.4,8.0,24.0,26,4,16,0.7,5.5,0.25,3.8,450.1,397.0,477.4,40.0,7.73,Normal (<10%),27.0,6,1.07,16,19.4,21.8121,80.1843
2024-11-06 06:00:00,BAL_DEEP_LEVEL_3,Shift_1_Morning,516.2,7.5,17.0,18,3,15,0.1,1.6,0.19,2.7,507.5,495.9,480.7,35.5,6.88,Normal (<10%),27.5,3,0.4,15,18.4,21.8064,80.1876
2024-11-06 14:00:00,UKWA_EXTENSION,Shift_2_Evening,598.1,7.5,23.0,24,4,10,0.6,8.5,0.26,14.6,584.0,424.1,494.3,103.8,17.35,Alert (10-25%),27.2,5,0.53,10,20.6,21.7932,80.2015
2024-11-06 22:00:00,BAL_NORTH_PIT,Shift_3_Night,551.3,7.5,19.0,20,4,16,3.3,13.8,0.32,19.3,554.0,475.5,469.6,81.7,14.82,Alert (10-25%),27.5,4,0.24,17,19.7,21.8121,80.1843
2024-11-07 06:00:00,BAL_NORTH_PIT,Shift_1_Morning,488.5,8.0,20.0,22,4,14,0.0,9.6,0.28,9.8,477.5,405.8,460.6,27.9,5.71,Normal (<10%),28.8,4,0.49,14,19.2,21.8121,80.1843
2024-11-07 14:00:00,UKWA_EXTENSION,Shift_2_Evening,541.5,8.0,23.0,26,3,12,0.8,2.5,0.18,1.6,519.6,463.7,530.6,10.9,2.01,Normal (<10%),28.0,4,0.41,14,19.4,21.7932,80.2015
2024-11-07 22:00:00,BAL_NORTH_PIT,Shift_3_Night,477.8,7.5,15.0,18,3,15,0.0,3.7,0.3,0.3,501.8,536.0,394.8,83.0,17.37,Alert (10-25%),27.6,3,0.54,16,20.9,21.8121,80.1843
2024-11-08 06:00:00,BAL_SOUTH_PIT,Shift_1_Morning,445.8,8.0,17.0,18,3,14,0.7,10.8,0.26,5.8,480.3,472.5,440.2,5.6,1.26,Normal (<10%),24.7,5,0.86,17,21.6,21.8005,80.1901
2024-11-08 14:00:00,BAL_NORTH_PIT,Shift_2_Evening,519.4,7.5,22.0,24,4,12,0.3,4.6,0.26,0.0,411.9,498.4,492.3,27.1,5.22,Normal (<10%),26.7,5,0.74,15,22.1,21.8121,80.1843
2024-11-08 22:00:00,BAL_SOUTH_PIT,Shift_3_Night,585.6,8.0,21.0,22,4,16,0.4,6.5,0.27,7.6,446.3,562.5,546.8,38.8,6.63,Normal (<10%),28.1,4,0.82,17,19.5,21.8005,80.1901
2024-11-09 06:00:00,BAL_SOUTH_PIT,Shift_1_Morning,585.8,7.5,24.0,26,3,12,3.2,17.1,0.39,10.7,474.6,524.4,545.7,40.1,6.85,Normal (<10%),26.4,3,0.35,14,21.2,21.8005,80.1901
2024-11-09 14:00:00,UKWA_EXTENSION,Shift_2_Evening,468.4,7.5,20.0,22,3,16,0.9,6.7,0.25,0.4,517.1,469.8,434.0,34.4,7.34,Normal (<10%),27.1,4,0.98,17,20.8,21.7932,80.2015
2024-11-09 22:00:00,BAL_NORTH_PIT,Shift_3_Night,505.5,8.0,21.0,22,4,16,0.5,3.4,0.21,7.9,475.2,595.8,473.1,32.4,6.41,Normal (<10%),28.6,5,0.16,16,18.7,21.8121,80.1843
2024-11-10 06:00:00,UKWA_EXTENSION,Shift_1_Morning,442.3,7.5,23.0,26,3,11,1.3,11.0,0.35,10.1,413.8,394.8,385.8,56.5,12.77,Alert (10-25%),26.6,3,0.26,11,20.2,21.7932,80.2015
2024-11-10 14:00:00,BAL_NORTH_PIT,Shift_2_Evening,599.1,7.5,17.0,18,4,12,0.2,3.7,0.27,3.8,602.0,504.7,567.8,31.3,5.22,Normal (<10%),28.7,5,0.71,12,18.0,21.8121,80.1843
2024-11-10 22:00:00,BAL_NORTH_PIT,Shift_3_Night,596.2,8.0,22.0,24,4,12,0.5,2.1,0.23,0.6,463.4,551.8,559.7,36.5,6.12,Normal (<10%),27.7,5,1.28,15,21.0,21.8121,80.1843
2024-11-11 06:00:00,BAL_DEEP_LEVEL_3,Shift_1_Morning,529.9,7.5,22.0,24,3,14,1.2,10.6,0.27,9.4,500.7,396.4,492.9,37.0,6.98,Normal (<10%),25.8,3,0.0,16,22.6,21.8064,80.1876
2024-11-11 14:00:00,BAL_NORTH_PIT,Shift_2_Evening,560.9,7.5,22.0,24,3,14,0.4,12.0,0.16,6.3,354.7,412.1,264.0,296.9,52.93,Critical (>25%),27.4,5,0.97,14,18.7,21.8121,80.1843
2024-11-11 22:00:00,UKWA_EXTENSION,Shift_3_Night,543.0,8.0,23.0,26,4,11,1.7,5.4,0.22,17.4,448.2,535.8,495.0,48.0,8.84,Normal (<10%),22.7,5,1.14,11,20.7,21.7932,80.2015
2024-11-12 06:00:00,BAL_SOUTH_PIT,Shift_1_Morning,518.6,7.5,21.0,22,3,16,1.0,5.4,0.16,15.0,426.6,417.1,449.2,69.4,13.38,Alert (10-25%),28.0,3,0.16,17,19.6,21.8005,80.1901
2024-11-12 14:00:00,BAL_NORTH_PIT,Shift_2_Evening,410.7,7.5,23.0,24,3,11,2.2,15.9,0.15,6.5,496.5,395.3,386.8,23.9,5.82,Normal (<10%),21.2,4,0.64,12,18.5,21.8121,80.1843
2024-11-12 22:00:00,BAL_DEEP_LEVEL_3,Shift_3_Night,491.0,7.5,22.0,24,3,13,4.4,26.6,0.3,16.4,367.1,441.1,181.8,309.2,62.97,Critical (>25%),22.3,4,0.85,15,21.3,21.8064,80.1876
2024-11-13 06:00:00,UKWA_EXTENSION,Shift_1_Morning,535.0,7.5,21.0,22,3,11,0.2,6.0,0.16,0.0,443.7,345.2,245.3,289.7,54.15,Critical (>25%),28.0,5,1.06,11,18.4,21.7932,80.2015
2024-11-13 14:00:00,BAL_NORTH_PIT,Shift_2_Evening,535.5,7.5,17.0,18,4,11,0.6,10.7,0.24,0.0,470.2,472.4,471.5,64.0,11.95,Alert (10-25%),27.2,4,0.87,13,20.6,21.8121,80.1843
2024-11-13 22:00:00,UKWA_EXTENSION,Shift_3_Night,474.6,7.5,17.0,18,4,14,0.6,4.7,0.24,11.7,431.6,434.7,259.0,215.6,45.43,Critical (>25%),25.2,4,0.53,14,20.1,21.7932,80.2015
2024-11-14 06:00:00,BAL_DEEP_LEVEL_3,Shift_1_Morning,588.3,7.5,21.0,24,4,15,0.2,1.5,0.23,0.3,532.3,510.3,544.1,44.2,7.51,Normal (<10%),26.2,4,0.8,15,21.3,21.8064,80.1876
2024-11-14 14:00:00,BAL_DEEP_LEVEL_3,Shift_2_Evening,433.5,7.5,20.0,22,4,15,2.5,17.3,0.28,6.1,540.4,445.8,385.1,48.4,11.16,Alert (10-25%),27.8,5,0.59,15,19.3,21.8064,80.1876
2024-11-14 22:00:00,UKWA_EXTENSION,Shift_3_Night,500.1,8.0,17.0,18,4,14,2.1,10.1,0.19,0.0,449.8,478.2,438.2,61.9,12.38,Alert (10-25%),26.1,5,0.48,17,20.5,21.7932,80.2015
2024-11-15 06:00:00,BAL_NORTH_PIT,Shift_1_Morning,538.2,7.5,19.0,20,3,14,1.0,4.6,0.22,4.2,438.7,408.8,487.3,50.9,9.46,Normal (<10%),30.5,3,0.33,14,18.7,21.8121,80.1843
2024-11-15 14:00:00,BAL_SOUTH_PIT,Shift_2_Evening,539.4,7.5,20.0,20,4,11,1.2,4.9,0.17,5.1,399.6,457.9,473.5,65.9,12.22,Alert (10-25%),27.4,6,0.65,12,18.4,21.8005,80.1901
2024-11-15 22:00:00,BAL_DEEP_LEVEL_3,Shift_3_Night,529.7,8.0,25.0,26,3,16,0.1,3.0,0.29,4.1,490.3,458.6,491.7,38.0,7.17,Normal (<10%),27.4,4,0.85,19,21.2,21.8064,80.1876
2024-11-16 06:00:00,BAL_NORTH_PIT,Shift_1_Morning,455.1,7.5,23.0,26,3,16,1.2,7.4,0.23,10.3,457.7,437.6,224.8,230.3,50.6,Critical (>25%),29.3,3,0.28,16,19.8,21.8121,80.1843
2024-11-16 14:00:00,BAL_NORTH_PIT,Shift_2_Evening,431.2,7.5,22.0,24,3,14,2.4,6.4,0.18,8.7,538.3,468.6,384.9,46.3,10.74,Alert (10-25%),27.4,3,0.2,15,18.1,21.8121,80.1843
2024-11-16 22:00:00,BAL_SOUTH_PIT,Shift_3_Night,527.2,7.5,21.0,22,3,15,1.3,6.4,0.18,0.0,377.5,446.8,216.9,310.3,58.86,Critical (>25%),25.7,3,0.55,16,19.9,21.8005,80.1901
2024-11-17 06:00:00,BAL_DEEP_LEVEL_3,Shift_1_Morning,519.9,7.5,23.0,26,4,14,0.5,2.0,0.21,0.0,424.1,457.5,475.5,44.4,8.54,Normal (<10%),27.2,6,0.66,17,19.4,21.8064,80.1876
2024-11-17 14:00:00,BAL_DEEP_LEVEL_3,Shift_2_Evening,435.9,7.5,21.0,22,3,16,1.7,7.1,0.24,9.6,500.3,555.1,386.7,49.2,11.29,Alert (10-25%),26.7,3,0.63,16,19.9,21.8064,80.1876
2024-11-17 22:00:00,BAL_NORTH_PIT,Shift_3_Night,541.0,7.5,18.0,20,4,16,0.7,4.9,0.21,0.2,420.4,388.8,454.0,87.0,16.08,Alert (10-25%),25.1,6,0.86,18,21.6,21.8121,80.1843
2024-11-18 06:00:00,BAL_NORTH_PIT,Shift_1_Morning,491.0,8.0,21.0,22,3,14,1.2,8.1,0.29,0.0,401.2,366.5,484.1,6.9,1.41,Normal (<10%),26.0,4,1.05,16,21.5,21.8121,80.1843
2024-11-18 14:00:00,BAL_SOUTH_PIT,Shift_2_Evening,533.6,8.0,23.0,24,3,11,1.0,4.1,0.17,0.0,430.4,451.8,508.1,25.5,4.78,Normal (<10%),26.3,4,0.58,11,19.4,21.8005,80.1901
2024-11-18 22:00:00,BAL_SOUTH_PIT,Shift_3_Night,567.5,8.0,16.0,18,4,12,0.7,10.7,0.3,11.8,524.5,430.5,532.9,34.6,6.1,Normal (<10%),27.5,4,0.59,14,20.7,21.8005,80.1901
2024-11-19 06:00:00,BAL_DEEP_LEVEL_3,Shift_1_Morning,433.9,8.0,26.0,26,3,16,1.9,7.7,0.23,9.7,445.2,500.0,403.2,30.7,7.08,Normal (<10%),26.9,4,0.75,17,20.3,21.8064,80.1876
2024-11-19 14:00:00,UKWA_EXTENSION,Shift_2_Evening,403.8,8.0,19.0,22,3,11,3.2,15.6,0.32,11.0,489.5,537.3,368.7,35.1,8.69,Normal (<10%),25.2,3,0.62,12,21.8,21.7932,80.2015
2024-11-19 22:00:00,BAL_DEEP_LEVEL_3,Shift_3_Night,555.8,7.5,23.0,24,4,15,0.0,2.9,0.18,0.0,469.5,465.3,490.1,65.7,11.82,Alert (10-25%),27.3,4,0.43,15,19.7,21.8064,80.1876
2024-11-20 06:00:00,BAL_NORTH_PIT,Shift_1_Morning,521.9,7.5,21.0,22,4,12,4.1,9.3,0.29,5.9,455.3,430.4,481.8,40.1,7.68,Normal (<10%),26.7,4,0.0,12,20.2,21.8121,80.1843
2024-11-20 14:00:00,BAL_DEEP_LEVEL_3,Shift_2_Evening,539.9,7.5,23.0,24,3,12,1.1,10.8,0.21,6.4,452.9,530.4,487.2,52.7,9.76,Normal (<10%),27.6,4,1.0,14,20.9,21.8064,80.1876
2024-11-20 22:00:00,UKWA_EXTENSION,Shift_3_Night,567.6,7.5,22.0,24,3,16,1.8,9.2,0.33,3.9,564.9,567.2,505.2,62.4,10.99,Alert (10-25%),24.6,4,0.67,16,19.2,21.7932,80.2015
2024-11-21 06:00:00,BAL_SOUTH_PIT,Shift_1_Morning,560.6,7.5,24.0,26,4,12,2.9,15.8,0.28,14.0,459.5,394.4,505.9,54.7,9.76,Normal (<10%),24.3,4,0.64,12,19.9,21.8005,80.1901
2024-11-21 14:00:00,UKWA_EXTENSION,Shift_2_Evening,592.2,8.0,16.0,18,3,13,0.9,9.9,0.23,4.2,553.9,515.9,541.7,50.5,8.53,Normal (<10%),28.3,3,0.61,16,21.9,21.7932,80.2015
2024-11-21 22:00:00,UKWA_EXTENSION,Shift_3_Night,507.2,8.0,20.0,22,3,12,2.7,14.8,0.22,12.6,452.6,429.5,434.2,73.0,14.39,Alert (10-25%),25.7,4,0.47,15,22.3,21.7932,80.2015
2024-11-22 06:00:00,UKWA_EXTENSION,Shift_1_Morning,497.7,7.5,19.0,20,3,16,0.3,6.0,0.24,5.7,524.8,408.6,457.0,40.7,8.18,Normal (<10%),24.8,4,0.43,17,20.3,21.7932,80.2015
2024-11-22 14:00:00,BAL_SOUTH_PIT,Shift_2_Evening,480.4,7.5,25.0,26,3,12,0.3,1.9,0.2,0.0,537.2,505.0,441.1,39.3,8.18,Normal (<10%),28.1,3,0.6,13,21.2,21.8005,80.1901
2024-11-22 22:00:00,UKWA_EXTENSION,Shift_3_Night,430.7,7.5,24.0,26,4,14,1.6,8.5,0.18,15.6,440.7,316.4,177.6,253.1,58.76,Critical (>25%),27.7,4,0.31,14,20.1,21.7932,80.2015
2024-11-23 06:00:00,UKWA_EXTENSION,Shift_1_Morning,514.5,8.0,25.0,26,4,13,3.1,13.8,0.23,12.1,475.0,549.0,502.7,11.8,2.29,Normal (<10%),24.0,5,0.98,14,20.4,21.7932,80.2015
2024-11-23 14:00:00,UKWA_EXTENSION,Shift_2_Evening,455.4,8.0,21.0,22,4,12,3.3,8.3,0.14,0.0,555.9,546.0,455.4,0.0,0.0,Normal (<10%),27.6,5,0.65,13,18.5,21.7932,80.2015
2024-11-23 22:00:00,BAL_NORTH_PIT,Shift_3_Night,584.3,7.5,24.0,26,4,16,1.5,13.3,0.21,1.7,458.8,590.2,535.0,49.3,8.44,Normal (<10%),27.6,4,0.71,17,21.9,21.8121,80.1843
2024-11-24 06:00:00,UKWA_EXTENSION,Shift_1_Morning,516.6,8.0,25.0,26,4,14,1.1,8.0,0.23,13.3,453.5,518.4,498.9,17.7,3.43,Normal (<10%),27.3,6,1.13,15,21.0,21.7932,80.2015
2024-11-24 14:00:00,BAL_SOUTH_PIT,Shift_2_Evening,518.6,7.5,24.0,26,4,14,0.6,2.7,0.23,2.7,383.3,384.6,461.3,57.3,11.05,Alert (10-25%),28.2,5,0.79,15,21.7,21.8005,80.1901
2024-11-24 22:00:00,UKWA_EXTENSION,Shift_3_Night,471.0,8.0,23.0,26,4,16,5.9,28.9,0.33,22.1,526.2,371.9,438.2,32.8,6.96,Normal (<10%),22.4,4,0.36,19,25.1,21.7932,80.2015
2024-11-25 06:00:00,UKWA_EXTENSION,Shift_1_Morning,410.4,8.0,17.0,18,4,14,0.6,5.6,0.25,5.7,477.1,406.8,403.2,7.2,1.75,Normal (<10%),27.4,5,0.77,15,18.9,21.7932,80.2015
2024-11-25 14:00:00,BAL_SOUTH_PIT,Shift_2_Evening,406.3,7.5,19.0,22,4,14,2.0,12.8,0.22,14.0,527.9,392.5,364.6,41.7,10.26,Alert (10-25%),26.0,6,1.36,14,18.8,21.8005,80.1901
2024-11-25 22:00:00,UKWA_EXTENSION,Shift_3_Night,484.7,8.0,22.0,24,3,14,1.1,4.3,0.24,8.5,466.5,505.7,480.4,4.3,0.89,Normal (<10%),26.3,3,0.38,15,17.2,21.7932,80.2015
2024-11-26 06:00:00,BAL_SOUTH_PIT,Shift_1_Morning,416.9,8.0,19.0,20,3,15,1.4,8.7,0.24,1.4,517.1,390.7,413.8,3.1,0.74,Normal (<10%),28.0,3,0.56,15,20.9,21.8005,80.1901
2024-11-26 14:00:00,UKWA_EXTENSION,Shift_2_Evening,521.4,7.5,24.0,24,3,13,0.8,2.9,0.2,4.4,554.8,567.8,450.9,70.5,13.52,Alert (10-25%),29.6,3,0.41,13,20.0,21.7932,80.2015
2024-11-26 22:00:00,BAL_SOUTH_PIT,Shift_3_Night,576.2,8.0,25.0,26,4,16,5.0,21.0,0.3,7.0,584.7,527.6,543.9,32.3,5.61,Normal (<10%),28.0,4,0.45,18,22.0,21.8005,80.1901
2024-11-27 06:00:00,UKWA_EXTENSION,Shift_1_Morning,576.6,7.5,21.0,22,3,14,1.3,7.2,0.21,0.0,394.7,451.8,489.5,87.1,15.11,Alert (10-25%),28.9,5,1.52,15,18.9,21.7932,80.2015
2024-11-27 14:00:00,UKWA_EXTENSION,Shift_2_Evening,531.8,8.0,19.0,20,4,12,4.2,12.2,0.18,6.6,603.2,579.8,514.5,17.3,3.25,Normal (<10%),26.6,6,1.36,12,19.7,21.7932,80.2015
2024-11-27 22:00:00,BAL_NORTH_PIT,Shift_3_Night,442.2,7.5,22.0,24,2,14,0.0,3.2,0.16,0.0,427.1,510.1,355.6,86.6,19.58,Alert (10-25%),28.1,3,0.72,14,19.3,21.8121,80.1843
2024-11-28 06:00:00,BAL_NORTH_PIT,Shift_1_Morning,572.6,7.5,21.0,22,3,15,1.3,5.9,0.16,0.0,407.4,408.4,316.3,256.3,44.76,Critical (>25%),28.5,5,1.06,18,21.3,21.8121,80.1843
2024-11-28 14:00:00,UKWA_EXTENSION,Shift_2_Evening,577.2,8.0,24.0,26,3,14,1.9,11.1,0.24,0.0,569.5,555.7,516.2,61.0,10.57,Alert (10-25%),26.7,3,0.19,15,20.8,21.7932,80.2015
2024-11-28 22:00:00,UKWA_EXTENSION,Shift_3_Night,439.3,8.0,24.0,26,4,12,2.1,9.0,0.28,5.9,440.5,346.1,192.7,246.6,56.13,Critical (>25%),26.6,5,0.65,15,22.1,21.7932,80.2015
2024-11-29 06:00:00,BAL_DEEP_LEVEL_3,Shift_1_Morning,547.5,7.5,26.0,26,3,16,3.5,10.7,0.33,15.3,545.2,489.5,505.1,42.4,7.74,Normal (<10%),27.2,3,0.49,17,20.9,21.8064,80.1876
2024-11-29 14:00:00,BAL_SOUTH_PIT,Shift_2_Evening,457.3,8.0,20.0,20,3,16,0.0,2.1,0.19,1.6,464.1,464.8,434.1,23.2,5.07,Normal (<10%),27.4,3,0.66,16,20.4,21.8005,80.1901
2024-11-29 22:00:00,BAL_DEEP_LEVEL_3,Shift_3_Night,560.5,8.0,18.0,20,3,11,0.0,2.4,0.2,1.8,497.7,529.9,510.6,49.9,8.9,Normal (<10%),26.3,3,0.62,11,20.0,21.8064,80.1876
2024-11-30 06:00:00,BAL_NORTH_PIT,Shift_1_Morning,599.4,8.0,25.0,26,4,12,1.0,12.1,0.35,6.3,563.4,547.0,585.8,13.6,2.27,Normal (<10%),25.1,5,0.37,12,19.6,21.8121,80.1843
2024-11-30 14:00:00,BAL_NORTH_PIT,Shift_2_Evening,406.0,7.5,19.0,20,2,14,0.0,3.2,0.2,7.0,529.8,364.9,333.2,72.8,17.93,Alert (10-25%),28.3,3,0.99,16,21.6,21.8121,80.1843
2024-11-30 22:00:00,BAL_NORTH_PIT,Shift_3_Night,579.5,7.5,23.0,24,4,16,5.5,16.8,0.25,10.9,515.6,488.7,511.7,67.8,11.7,Alert (10-25%),26.0,4,0.37,18,22.5,21.8121,80.1843
2024-12-01 06:00:00,BAL_NORTH_PIT,Shift_1_Morning,524.5,7.5,18.0,18,4,16,0.4,4.4,0.22,0.0,320.9,385.4,283.1,241.4,46.02,Critical (>25%),26.8,5,0.4,17,20.4,21.8121,80.1843
2024-12-01 14:00:00,UKWA_EXTENSION,Shift_2_Evening,594.7,8.0,21.0,22,4,12,1.0,5.2,0.2,4.3,444.9,453.4,594.7,0.0,0.0,Normal (<10%),27.4,6,1.4,14,20.6,21.7932,80.2015
2024-12-01 22:00:00,BAL_NORTH_PIT,Shift_3_Night,493.0,8.0,17.0,18,4,11,0.1,2.3,0.18,9.3,443.3,537.3,453.8,39.2,7.95,Normal (<10%),26.2,4,0.84,12,21.3,21.8121,80.1843
2024-12-02 06:00:00,UKWA_EXTENSION,Shift_1_Morning,569.5,7.5,16.0,18,4,12,1.1,6.0,0.16,0.0,413.1,537.3,519.6,49.9,8.76,Normal (<10%),27.7,6,1.08,14,18.5,21.7932,80.2015
2024-12-02 14:00:00,UKWA_EXTENSION,Shift_2_Evening,412.5,7.5,21.0,22,3,12,0.7,1.9,0.29,0.0,355.6,369.8,358.5,54.0,13.09,Alert (10-25%),26.7,4,0.91,13,21.5,21.7932,80.2015
2024-12-02 22:00:00,BAL_NORTH_PIT,Shift_3_Night,467.1,8.0,23.0,24,3,14,0.1,5.1,0.25,2.9,411.1,410.5,428.2,38.9,8.33,Normal (<10%),24.2,3,0.63,15,19.7,21.8121,80.1843
2024-12-03 06:00:00,BAL_NORTH_PIT,Shift_1_Morning,413.4,8.0,18.0,20,3,12,0.6,3.4,0.3,0.5,389.7,432.0,402.1,11.3,2.73,Normal (<10%),28.1,4,1.12,13,21.5,21.8121,80.1843
2024-12-03 14:00:00,BAL_SOUTH_PIT,Shift_2_Evening,595.1,8.0,17.0,18,3,16,0.7,6.3,0.28,6.3,504.5,575.7,573.4,21.7,3.65,Normal (<10%),25.1,4,0.92,16,20.2,21.8005,80.1901
2024-12-03 22:00:00,BAL_DEEP_LEVEL_3,Shift_3_Night,563.4,8.0,17.0,18,4,12,6.9,13.8,0.27,4.3,545.6,435.3,519.0,44.4,7.88,Normal (<10%),22.8,5,0.3,14,20.0,21.8064,80.1876
2024-12-04 06:00:00,BAL_NORTH_PIT,Shift_1_Morning,570.5,7.5,22.0,24,4,14,0.3,6.1,0.15,1.4,601.7,534.5,529.9,40.6,7.12,Normal (<10%),25.0,4,1.0,17,20.0,21.8121,80.1843
2024-12-04 14:00:00,BAL_SOUTH_PIT,Shift_2_Evening,587.6,8.0,24.0,24,3,16,1.2,6.1,0.19,4.3,518.0,550.9,563.9,23.7,4.03,Normal (<10%),24.8,3,0.72,16,20.5,21.8005,80.1901
2024-12-04 22:00:00,BAL_SOUTH_PIT,Shift_3_Night,417.0,8.0,23.0,26,4,12,6.6,25.6,0.31,17.5,466.6,508.4,375.9,41.1,9.86,Normal (<10%),24.2,5,0.59,13,21.6,21.8005,80.1901
2024-12-05 06:00:00,BAL_DEEP_LEVEL_3,Shift_1_Morning,477.1,7.5,23.0,26,4,14,2.4,8.4,0.19,18.6,517.4,414.2,425.7,51.4,10.77,Alert (10-25%),25.8,4,0.09,14,19.0,21.8064,80.1876
2024-12-05 14:00:00,UKWA_EXTENSION,Shift_2_Evening,414.2,7.5,24.0,24,4,14,7.5,16.5,0.19,14.9,445.1,518.8,361.5,52.7,12.72,Alert (10-25%),25.0,4,0.55,14,19.5,21.7932,80.2015
2024-12-05 22:00:00,BAL_NORTH_PIT,Shift_3_Night,442.2,8.0,17.0,18,3,13,5.2,21.9,0.26,6.9,469.8,499.0,394.6,47.6,10.76,Alert (10-25%),25.6,3,0.33,14,21.9,21.8121,80.1843
2024-12-06 06:00:00,BAL_DEEP_LEVEL_3,Shift_1_Morning,445.9,7.5,20.0,22,3,12,1.0,7.1,0.23,0.0,432.4,474.8,408.8,37.1,8.32,Normal (<10%),26.6,4,0.8,12,21.6,21.8064,80.1876
2024-12-06 14:00:00,BAL_NORTH_PIT,Shift_2_Evening,493.8,8.0,18.0,18,3,16,1.8,12.6,0.34,1.6,398.9,459.8,440.1,53.7,10.87,Alert (10-25%),25.4,3,0.62,16,18.7,21.8121,80.1843
2024-12-06 22:00:00,BAL_SOUTH_PIT,Shift_3_Night,453.7,8.0,24.0,26,4,16,0.2,7.1,0.2,12.8,441.8,439.7,418.7,35.0,7.71,Normal (<10%),26.8,6,0.83,16,22.4,21.8005,80.1901
2024-12-07 06:00:00,BAL_SOUTH_PIT,Shift_1_Morning,420.2,7.5,17.0,18,4,16,0.9,10.8,0.29,1.9,359.5,417.4,386.4,33.8,8.04,Normal (<10%),26.3,4,0.07,16,20.6,21.8005,80.1901
2024-12-07 14:00:00,UKWA_EXTENSION,Shift_2_Evening,433.5,7.5,19.0,20,3,14,2.5,15.8,0.23,13.5,397.8,455.7,385.8,47.7,11.0,Alert (10-25%),22.2,3,0.52,15,21.3,21.7932,80.2015
2024-12-07 22:00:00,BAL_SOUTH_PIT,Shift_3_Night,429.5,8.0,19.0,20,3,15,1.1,6.8,0.22,7.0,489.7,509.2,387.9,41.6,9.69,Normal (<10%),25.6,3,0.24,15,19.3,21.8005,80.1901
2024-12-08 06:00:00,BAL_SOUTH_PIT,Shift_1_Morning,594.6,7.5,19.0,20,4,12,1.8,6.0,0.23,0.0,504.4,489.4,543.2,51.4,8.64,Normal (<10%),22.9,6,1.04,12,19.7,21.8005,80.1901
2024-12-08 14:00:00,BAL_DEEP_LEVEL_3,Shift_2_Evening,551.9,8.0,23.0,24,4,11,2.1,7.0,0.32,2.6,541.4,616.6,529.3,22.6,4.09,Normal (<10%),25.6,4,0.0,11,20.5,21.8064,80.1876
2024-12-08 22:00:00,BAL_NORTH_PIT,Shift_3_Night,593.6,8.0,17.0,18,3,14,0.4,2.3,0.1,0.2,599.2,470.0,564.7,28.9,4.87,Normal (<10%),27.2,3,0.32,17,18.9,21.8121,80.1843
2024-12-09 06:00:00,BAL_NORTH_PIT,Shift_1_Morning,487.9,8.0,20.0,22,3,14,3.1,10.6,0.21,0.0,381.3,408.3,250.9,237.0,48.58,Critical (>25%),27.5,4,0.91,17,20.3,21.8121,80.1843
2024-12-09 14:00:00,BAL_DEEP_LEVEL_3,Shift_2_Evening,455.7,7.5,25.0,26,3,16,0.9,3.1,0.23,11.0,522.2,463.0,406.3,49.4,10.84,Alert (10-25%),28.2,4,0.88,16,20.8,21.8064,80.1876
2024-12-09 22:00:00,UKWA_EXTENSION,Shift_3_Night,559.7,8.0,22.0,24,3,10,0.4,5.5,0.25,4.5,503.4,593.5,491.2,68.5,12.24,Alert (10-25%),26.4,3,0.16,10,18.3,21.7932,80.2015
2024-12-10 06:00:00,BAL_NORTH_PIT,Shift_1_Morning,465.3,8.0,23.0,24,3,15,3.0,6.8,0.18,12.5,536.2,579.8,429.5,35.8,7.69,Normal (<10%),25.6,3,0.05,17,20.7,21.8121,80.1843
2024-12-10 14:00:00,BAL_SOUTH_PIT,Shift_2_Evening,459.9,8.0,19.0,20,4,14,0.8,5.7,0.23,14.8,482.4,368.8,194.7,265.2,57.66,Critical (>25%),26.9,5,0.7,14,19.4,21.8005,80.1901
2024-12-10 22:00:00,BAL_NORTH_PIT,Shift_3_Night,446.5,7.5,19.0,20,3,12,2.1,6.7,0.23,5.3,509.5,535.1,395.5,51.0,11.42,Alert (10-25%),25.3,3,0.57,13,19.2,21.8121,80.1843
2024-12-11 06:00:00,BAL_SOUTH_PIT,Shift_1_Morning,425.9,8.0,18.0,20,3,16,1.2,5.9,0.3,5.8,427.8,427.5,214.0,211.9,49.75,Critical (>25%),25.7,3,0.52,19,23.3,21.8005,80.1901
2024-12-11 14:00:00,UKWA_EXTENSION,Shift_2_Evening,451.3,8.0,24.0,26,4,12,0.7,5.6,0.24,0.0,406.2,448.2,422.1,29.2,6.47,Normal (<10%),27.6,4,0.25,12,18.8,21.7932,80.2015
2024-12-11 22:00:00,BAL_DEEP_LEVEL_3,Shift_3_Night,471.1,8.0,18.0,20,4,12,2.5,14.0,0.26,16.0,494.4,458.1,430.4,40.7,8.64,Normal (<10%),24.5,5,0.79,15,20.5,21.8064,80.1876
2024-12-12 06:00:00,BAL_NORTH_PIT,Shift_1_Morning,534.8,7.5,22.0,24,3,14,1.3,8.2,0.21,5.2,486.2,421.6,501.9,32.9,6.15,Normal (<10%),27.3,3,0.85,14,19.6,21.8121,80.1843
2024-12-12 14:00:00,BAL_DEEP_LEVEL_3,Shift_2_Evening,412.5,8.0,19.0,20,4,16,0.7,2.5,0.24,0.0,382.3,506.2,404.7,7.8,1.89,Normal (<10%),27.4,4,0.46,16,18.8,21.8064,80.1876
2024-12-12 22:00:00,BAL_NORTH_PIT,Shift_3_Night,442.1,8.0,23.0,24,4,14,0.2,2.2,0.2,0.0,440.8,408.2,394.2,47.9,10.83,Alert (10-25%),25.2,4,0.0,15,19.7,21.8121,80.1843
2024-12-13 06:00:00,BAL_SOUTH_PIT,Shift_1_Morning,561.8,7.5,16.0,18,4,12,3.4,13.6,0.24,9.4,493.2,418.5,244.8,317.0,56.43,Critical (>25%),26.9,5,0.76,15,21.6,21.8005,80.1901
2024-12-13 14:00:00,BAL_DEEP_LEVEL_3,Shift_2_Evening,429.4,7.5,23.0,26,3,14,0.1,3.2,0.17,5.2,503.9,505.2,395.6,33.8,7.87,Normal (<10%),27.8,4,1.31,15,19.8,21.8064,80.1876
2024-12-13 22:00:00,BAL_NORTH_PIT,Shift_3_Night,468.5,8.0,17.0,18,4,14,3.0,15.8,0.26,11.6,335.1,455.2,198.7,269.8,57.59,Critical (>25%),25.3,5,0.31,14,20.4,21.8121,80.1843
2024-12-14 06:00:00,BAL_SOUTH_PIT,Shift_1_Morning,572.9,8.0,17.0,18,3,15,0.7,7.1,0.27,7.0,523.2,399.7,556.7,16.2,2.83,Normal (<10%),24.7,3,0.41,15,19.3,21.8005,80.1901
2024-12-14 14:00:00,BAL_DEEP_LEVEL_3,Shift_2_Evening,431.0,8.0,21.0,22,3,16,1.5,6.7,0.21,3.4,477.5,464.6,419.2,11.8,2.74,Normal (<10%),24.9,3,0.33,18,21.1,21.8064,80.1876
2024-12-14 22:00:00,BAL_DEEP_LEVEL_3,Shift_3_Night,416.5,7.5,21.0,22,4,16,3.8,14.0,0.27,11.9,320.1,378.0,226.1,190.4,45.71,Critical (>25%),24.5,4,0.43,17,20.7,21.8064,80.1876
2024-12-15 06:00:00,BAL_NORTH_PIT,Shift_1_Morning,496.9,7.5,19.0,20,2,12,0.2,5.6,0.2,6.1,340.4,589.6,413.0,83.9,16.88,Alert (10-25%),27.2,3,0.76,12,19.0,21.8121,80.1843
2024-12-15 14:00:00,BAL_NORTH_PIT,Shift_2_Evening,460.5,8.0,19.0,20,3,12,1.3,8.9,0.25,12.0,456.0,411.1,445.2,15.3,3.32,Normal (<10%),24.4,4,1.04,13,21.9,21.8121,80.1843
2024-12-15 22:00:00,BAL_NORTH_PIT,Shift_3_Night,512.7,7.5,22.0,24,4,15,2.2,14.2,0.28,13.5,417.7,448.7,187.2,325.5,63.49,Critical (>25%),25.8,4,0.43,15,20.4,21.8121,80.1843
2024-12-16 06:00:00,BAL_SOUTH_PIT,Shift_1_Morning,560.8,8.0,23.0,24,4,12,2.1,6.7,0.19,5.2,600.2,432.7,548.8,12.0,2.14,Normal (<10%),24.5,5,1.08,12,20.6,21.8005,80.1901
2024-12-16 14:00:00,BAL_NORTH_PIT,Shift_2_Evening,427.4,8.0,25.0,26,3,12,1.1,12.2,0.3,10.2,423.9,399.2,414.0,13.4,3.14,Normal (<10%),24.9,4,0.66,12,21.8,21.8121,80.1843
2024-12-16 22:00:00,BAL_DEEP_LEVEL_3,Shift_3_Night,516.1,7.5,17.0,18,4,15,1.5,6.9,0.16,0.0,487.5,410.7,431.1,85.0,16.47,Alert (10-25%),26.7,5,0.59,18,21.9,21.8064,80.1876
2024-12-17 06:00:00,BAL_DEEP_LEVEL_3,Shift_1_Morning,501.1,8.0,18.0,18,3,12,2.1,7.4,0.29,11.3,421.1,443.9,489.4,11.7,2.33,Normal (<10%),29.3,3,0.2,13,21.3,21.8064,80.1876
2024-12-17 14:00:00,BAL_NORTH_PIT,Shift_2_Evening,428.8,7.5,24.0,26,4,14,2.8,12.9,0.28,7.4,424.7,489.5,392.0,36.8,8.58,Normal (<10%),23.2,6,0.45,14,20.5,21.8121,80.1843
2024-12-17 22:00:00,BAL_NORTH_PIT,Shift_3_Night,524.8,7.5,19.0,20,3,16,2.2,8.5,0.27,5.0,408.1,526.5,468.9,55.9,10.65,Alert (10-25%),27.9,3,0.48,16,20.1,21.8121,80.1843
2024-12-18 06:00:00,UKWA_EXTENSION,Shift_1_Morning,454.7,8.0,19.0,20,4,14,0.7,9.1,0.16,3.7,461.8,448.4,427.7,27.0,5.94,Normal (<10%),26.5,4,1.02,14,19.3,21.7932,80.2015
2024-12-18 14:00:00,BAL_DEEP_LEVEL_3,Shift_2_Evening,497.6,7.5,19.0,20,3,14,8.6,27.3,0.33,13.8,382.3,455.5,432.7,64.9,13.04,Alert (10-25%),24.5,3,0.6,15,19.9,21.8064,80.1876
2024-12-18 22:00:00,BAL_SOUTH_PIT,Shift_3_Night,416.5,8.0,19.0,20,4,14,0.9,10.2,0.33,2.7,484.3,542.8,382.2,34.3,8.24,Normal (<10%),25.4,6,1.21,15,21.7,21.8005,80.1901
2024-12-19 06:00:00,UKWA_EXTENSION,Shift_1_Morning,491.9,7.5,22.0,24,3,13,0.0,1.4,0.2,0.0,491.4,470.7,432.3,59.6,12.12,Alert (10-25%),27.4,5,0.88,14,19.9,21.7932,80.2015
2024-12-19 14:00:00,BAL_NORTH_PIT,Shift_2_Evening,461.3,8.0,19.0,20,4,14,0.7,6.0,0.24,2.8,494.8,496.3,453.7,7.6,1.65,Normal (<10%),25.8,4,0.33,14,20.6,21.8121,80.1843
2024-12-19 22:00:00,BAL_NORTH_PIT,Shift_3_Night,564.5,8.0,18.0,20,3,16,0.2,2.2,0.15,5.6,476.5,478.6,515.0,49.5,8.77,Normal (<10%),29.1,3,0.7,16,18.9,21.8121,80.1843
2024-12-20 06:00:00,BAL_DEEP_LEVEL_3,Shift_1_Morning,411.4,8.0,17.0,18,3,12,0.2,4.8,0.15,3.1,424.5,467.3,406.8,4.6,1.12,Normal (<10%),26.0,4,1.3,13,20.3,21.8064,80.1876
2024-12-20 14:00:00,BAL_NORTH_PIT,Shift_2_Evening,483.7,7.5,21.0,22,2,12,0.5,2.1,0.22,4.7,520.1,541.8,397.7,86.0,17.78,Alert (10-25%),28.2,3,1.15,15,19.3,21.8121,80.1843
2024-12-20 22:00:00,BAL_SOUTH_PIT,Shift_3_Night,491.7,8.0,25.0,26,3,16,0.1,1.3,0.17,3.3,569.5,435.7,433.8,57.9,11.78,Alert (10-25%),25.9,3,0.64,16,17.9,21.8005,80.1901
2024-12-21 06:00:00,BAL_DEEP_LEVEL_3,Shift_1_Morning,545.0,7.5,24.0,26,2,12,1.7,7.5,0.21,2.8,472.8,556.7,447.4,97.6,17.91,Alert (10-25%),26.0,2,0.41,12,17.2,21.8064,80.1876
2024-12-21 14:00:00,BAL_NORTH_PIT,Shift_2_Evening,514.9,7.5,24.0,26,4,11,0.1,7.5,0.24,11.2,475.8,435.8,207.4,307.5,59.72,Critical (>25%),24.4,4,0.46,12,20.2,21.8121,80.1843
2024-12-21 22:00:00,BAL_DEEP_LEVEL_3,Shift_3_Night,533.4,7.5,22.0,22,3,12,0.3,1.5,0.24,6.0,411.2,554.2,467.4,66.0,12.37,Alert (10-25%),27.1,3,0.17,12,18.8,21.8064,80.1876
2024-12-22 06:00:00,BAL_NORTH_PIT,Shift_1_Morning,555.4,7.5,23.0,24,3,12,0.1,8.3,0.27,9.6,416.9,549.4,550.5,4.9,0.88,Normal (<10%),27.9,5,0.57,15,20.4,21.8121,80.1843
2024-12-22 14:00:00,BAL_NORTH_PIT,Shift_2_Evening,572.4,7.5,25.0,26,4,14,0.1,4.7,0.23,5.2,579.2,527.2,512.6,59.8,10.45,Alert (10-25%),26.1,4,0.06,14,20.0,21.8121,80.1843
2024-12-22 22:00:00,BAL_NORTH_PIT,Shift_3_Night,462.8,8.0,25.0,26,3,12,0.5,7.7,0.28,3.4,363.9,471.1,423.2,39.6,8.56,Normal (<10%),25.4,4,0.71,13,20.1,21.8121,80.1843
2024-12-23 06:00:00,BAL_SOUTH_PIT,Shift_1_Morning,507.6,7.5,25.0,26,3,12,1.3,6.2,0.28,2.4,416.4,400.8,461.7,45.9,9.04,Normal (<10%),24.2,5,0.91,12,18.6,21.8005,80.1901
2024-12-23 14:00:00,BAL_SOUTH_PIT,Shift_2_Evening,568.0,8.0,24.0,26,3,12,5.0,11.9,0.25,7.8,419.8,414.6,532.0,36.0,6.34,Normal (<10%),25.2,4,0.26,13,23.2,21.8005,80.1901
2024-12-23 22:00:00,BAL_DEEP_LEVEL_3,Shift_3_Night,597.9,8.0,24.0,24,3,14,3.1,8.0,0.32,12.2,470.9,508.1,276.7,321.2,53.72,Critical (>25%),23.1,4,0.69,14,20.4,21.8064,80.1876
2024-12-24 06:00:00,BAL_NORTH_PIT,Shift_1_Morning,577.9,7.5,19.0,20,3,11,3.1,9.1,0.19,11.7,443.7,562.0,540.8,37.1,6.42,Normal (<10%),24.8,3,0.3,11,18.6,21.8121,80.1843
2024-12-24 14:00:00,BAL_NORTH_PIT,Shift_2_Evening,474.3,8.0,23.0,24,4,16,0.3,6.1,0.15,0.0,373.2,383.2,262.6,211.7,44.63,Critical (>25%),27.0,4,0.05,17,19.0,21.8121,80.1843
2024-12-24 22:00:00,BAL_SOUTH_PIT,Shift_3_Night,439.0,8.0,23.0,24,3,12,0.5,2.4,0.28,2.9,377.0,543.1,378.7,60.3,13.74,Alert (10-25%),28.1,4,0.59,15,20.9,21.8005,80.1901
2024-12-25 06:00:00,BAL_NORTH_PIT,Shift_1_Morning,497.9,7.5,17.0,18,4,15,0.1,3.7,0.18,0.0,398.4,439.0,462.6,35.3,7.09,Normal (<10%),30.8,5,0.6,16,19.5,21.8121,80.1843
2024-12-25 14:00:00,BAL_SOUTH_PIT,Shift_2_Evening,548.3,8.0,23.0,24,4,13,2.3,4.6,0.1,0.9,596.3,479.5,534.8,13.5,2.46,Normal (<10%),26.2,5,0.52,15,21.0,21.8005,80.1901
2024-12-25 22:00:00,BAL_NORTH_PIT,Shift_3_Night,498.5,7.5,17.0,18,4,12,0.1,1.3,0.19,0.0,487.8,448.4,429.7,68.8,13.8,Alert (10-25%),28.9,4,0.68,13,19.5,21.8121,80.1843
2024-12-26 06:00:00,BAL_DEEP_LEVEL_3,Shift_1_Morning,496.6,7.5,22.0,24,4,12,1.2,7.7,0.3,7.9,463.8,557.8,455.4,41.2,8.3,Normal (<10%),25.9,5,0.13,12,22.1,21.8064,80.1876
2024-12-26 14:00:00,BAL_NORTH_PIT,Shift_2_Evening,567.6,7.5,20.0,22,3,12,0.4,3.4,0.2,0.0,498.8,572.6,516.5,51.1,9.0,Normal (<10%),26.3,3,0.0,12,19.0,21.8121,80.1843
2024-12-26 22:00:00,BAL_NORTH_PIT,Shift_3_Night,472.3,8.0,17.0,18,3,12,0.4,3.8,0.13,0.0,560.8,383.0,436.0,36.3,7.69,Normal (<10%),27.6,3,0.4,15,20.6,21.8121,80.1843
2024-12-27 06:00:00,UKWA_EXTENSION,Shift_1_Morning,572.0,8.0,22.0,22,4,12,7.0,28.3,0.33,16.4,458.9,510.7,557.9,14.1,2.47,Normal (<10%),23.8,5,0.8,14,23.5,21.7932,80.2015
2024-12-27 14:00:00,BAL_SOUTH_PIT,Shift_2_Evening,481.4,8.0,22.0,24,4,14,2.1,10.0,0.24,6.6,430.5,442.4,480.7,0.7,0.15,Normal (<10%),25.9,4,0.52,15,21.6,21.8005,80.1901
2024-12-27 22:00:00,BAL_NORTH_PIT,Shift_3_Night,465.6,8.0,20.0,22,4,12,2.7,5.6,0.21,0.0,509.6,546.7,452.0,13.6,2.92,Normal (<10%),25.7,4,0.24,12,20.9,21.8121,80.1843
2024-12-28 06:00:00,BAL_NORTH_PIT,Shift_1_Morning,490.8,7.5,22.0,24,3,12,1.3,15.3,0.24,15.9,392.2,526.5,443.3,47.5,9.68,Normal (<10%),23.2,3,0.12,13,20.5,21.8121,80.1843
2024-12-28 14:00:00,UKWA_EXTENSION,Shift_2_Evening,552.5,7.5,18.0,18,3,11,3.1,19.2,0.26,11.8,367.1,454.3,288.6,263.9,47.76,Critical (>25%),22.6,3,0.4,12,21.1,21.7932,80.2015
2024-12-28 22:00:00,UKWA_EXTENSION,Shift_3_Night,425.2,8.0,21.0,22,4,12,1.6,9.0,0.28,6.1,469.8,431.2,401.1,24.1,5.67,Normal (<10%),26.6,6,0.87,13,18.1,21.7932,80.2015
2024-12-29 06:00:00,BAL_SOUTH_PIT,Shift_1_Morning,439.3,7.5,23.0,24,4,12,4.4,14.9,0.25,15.4,462.8,407.6,408.1,31.2,7.1,Normal (<10%),24.9,5,1.17,15,21.4,21.8005,80.1901
2024-12-29 14:00:00,UKWA_EXTENSION,Shift_2_Evening,590.3,8.0,20.0,20,3,14,0.5,4.5,0.23,0.0,518.3,490.8,566.1,24.2,4.1,Normal (<10%),25.4,5,0.9,15,21.1,21.7932,80.2015
2024-12-29 22:00:00,BAL_DEEP_LEVEL_3,Shift_3_Night,435.1,7.5,18.0,20,3,14,1.4,7.7,0.25,12.5,435.3,404.1,363.7,71.4,16.41,Alert (10-25%),25.9,3,0.38,14,20.9,21.8064,80.1876
2024-12-30 06:00:00,UKWA_EXTENSION,Shift_1_Morning,513.5,7.5,23.0,24,3,11,1.8,10.2,0.22,6.8,490.3,449.9,479.0,34.5,6.72,Normal (<10%),27.1,4,1.44,11,19.8,21.7932,80.2015
2024-12-30 14:00:00,BAL_DEEP_LEVEL_3,Shift_2_Evening,515.9,7.5,17.0,18,3,12,0.7,8.4,0.2,9.6,484.5,453.7,453.0,62.9,12.19,Alert (10-25%),26.4,5,0.94,13,21.8,21.8064,80.1876
2024-12-30 22:00:00,BAL_SOUTH_PIT,Shift_3_Night,497.9,7.5,25.0,26,3,15,3.2,17.8,0.29,14.1,438.3,456.5,403.8,94.1,18.9,Alert (10-25%),23.9,3,0.57,18,21.6,21.8005,80.1901
2024-12-31 06:00:00,BAL_SOUTH_PIT,Shift_1_Morning,528.9,7.5,20.0,22,3,16,5.9,9.4,0.16,9.7,472.8,535.6,505.2,23.7,4.48,Normal (<10%),28.1,4,0.89,19,20.0,21.8005,80.1901
2024-12-31 14:00:00,BAL_SOUTH_PIT,Shift_2_Evening,446.0,8.0,25.0,26,3,12,1.0,4.9,0.32,3.6,426.7,409.6,417.9,28.1,6.3,Normal (<10%),28.1,4,0.92,13,20.1,21.8005,80.1901
2024-12-31 22:00:00,BAL_SOUTH_PIT,Shift_3_Night,510.5,8.0,21.0,22,3,11,0.7,6.9,0.21,2.3,452.2,535.5,465.1,45.4,8.89,Normal (<10%),26.9,4,0.79,12,19.0,21.8005,80.1901
2025-01-01 06:00:00,BAL_SOUTH_PIT,Shift_1_Morning,474.4,7.5,21.0,22,3,16,1.0,4.8,0.2,12.9,473.0,561.1,431.0,43.4,9.15,Normal (<10%),28.7,5,1.06,18,20.9,21.8005,80.1901
2025-01-01 14:00:00,BAL_DEEP_LEVEL_3,Shift_2_Evening,532.3,8.0,20.0,20,3,16,2.9,13.1,0.3,8.6,385.9,530.5,494.4,37.9,7.12,Normal (<10%),27.8,4,0.73,19,22.1,21.8064,80.1876
2025-01-01 22:00:00,BAL_DEEP_LEVEL_3,Shift_3_Night,428.2,7.5,19.0,22,4,12,1.6,15.7,0.27,5.0,405.7,469.3,368.2,60.0,14.01,Alert (10-25%),27.6,5,0.53,12,21.2,21.8064,80.1876
2025-01-02 06:00:00,BAL_SOUTH_PIT,Shift_1_Morning,514.2,7.5,22.0,24,3,14,0.1,2.2,0.19,8.8,476.6,406.0,231.1,283.1,55.06,Critical (>25%),28.4,5,1.1,14,18.9,21.8005,80.1901
2025-01-02 14:00:00,UKWA_EXTENSION,Shift_2_Evening,437.1,7.5,20.0,22,3,14,1.2,9.9,0.18,5.0,356.0,500.3,408.8,28.3,6.47,Normal (<10%),27.8,4,1.31,14,19.6,21.7932,80.2015
2025-01-02 22:00:00,BAL_NORTH_PIT,Shift_3_Night,455.7,7.5,22.0,24,3,14,0.0,4.3,0.23,0.0,454.4,496.7,251.0,204.7,44.92,Critical (>25%),27.9,3,0.76,15,17.9,21.8121,80.1843
2025-01-03 06:00:00,BAL_SOUTH_PIT,Shift_1_Morning,443.7,8.0,22.0,24,4,15,2.3,17.6,0.26,7.6,557.5,384.6,409.3,34.4,7.75,Normal (<10%),24.2,5,0.79,15,21.0,21.8005,80.1901
2025-01-03 14:00:00,UKWA_EXTENSION,Shift_2_Evening,436.6,7.5,25.0,26,4,15,0.6,5.4,0.33,0.0,317.6,377.8,218.7,217.9,49.91,Critical (>25%),27.4,5,0.96,15,20.4,21.7932,80.2015
2025-01-03 22:00:00,BAL_NORTH_PIT,Shift_3_Night,565.1,8.0,19.0,20,4,12,1.0,5.3,0.22,0.0,474.9,588.0,544.5,20.6,3.65,Normal (<10%),25.0,4,0.14,12,18.5,21.8121,80.1843
2025-01-04 06:00:00,BAL_SOUTH_PIT,Shift_1_Morning,457.1,7.5,17.0,18,4,11,2.4,10.1,0.14,15.5,483.9,462.4,403.0,54.1,11.84,Alert (10-25%),26.0,5,0.62,11,19.3,21.8005,80.1901
2025-01-04 14:00:00,BAL_SOUTH_PIT,Shift_2_Evening,585.4,7.5,18.0,18,4,12,0.1,1.5,0.26,3.3,526.5,465.0,527.3,58.1,9.92,Normal (<10%),29.1,5,0.98,13,19.8,21.8005,80.1901
2025-01-04 22:00:00,BAL_DEEP_LEVEL_3,Shift_3_Night,594.0,8.0,17.0,18,3,12,0.3,6.4,0.18,4.2,468.6,454.4,558.8,35.2,5.93,Normal (<10%),28.5,5,1.45,15,22.4,21.8064,80.1876
2025-01-05 06:00:00,BAL_NORTH_PIT,Shift_1_Morning,514.3,7.5,22.0,24,3,14,0.8,5.5,0.23,0.8,495.7,557.9,479.6,34.7,6.75,Normal (<10%),29.2,4,0.47,14,18.6,21.8121,80.1843
2025-01-05 14:00:00,BAL_NORTH_PIT,Shift_2_Evening,428.6,7.5,21.0,22,4,16,0.4,4.0,0.29,2.0,407.3,390.3,372.4,56.2,13.11,Alert (10-25%),26.3,4,0.25,16,20.3,21.8121,80.1843
2025-01-05 22:00:00,UKWA_EXTENSION,Shift_3_Night,474.9,8.0,25.0,26,3,16,0.6,9.1,0.23,11.6,447.2,553.6,420.4,54.5,11.48,Alert (10-25%),25.0,5,1.65,16,18.8,21.7932,80.2015
2025-01-06 06:00:00,BAL_DEEP_LEVEL_3,Shift_1_Morning,559.5,8.0,24.0,24,4,16,9.5,17.2,0.28,2.3,505.8,458.8,559.5,0.0,0.0,Normal (<10%),25.4,5,0.73,19,21.4,21.8064,80.1876
2025-01-06 14:00:00,BAL_DEEP_LEVEL_3,Shift_2_Evening,473.5,8.0,22.0,24,3,16,2.6,10.5,0.3,21.7,376.5,412.6,470.0,3.5,0.74,Normal (<10%),26.3,3,0.95,17,21.1,21.8064,80.1876
2025-01-06 22:00:00,BAL_DEEP_LEVEL_3,Shift_3_Night,417.4,7.5,17.0,18,4,14,3.2,6.9,0.31,0.2,484.1,532.0,371.1,46.3,11.09,Alert (10-25%),26.5,5,0.76,15,20.5,21.8064,80.1876
2025-01-07 06:00:00,BAL_DEEP_LEVEL_3,Shift_1_Morning,511.4,7.5,23.0,24,3,12,4.1,13.6,0.26,7.8,568.3,558.4,492.6,18.8,3.68,Normal (<10%),27.9,3,0.47,12,20.4,21.8064,80.1876
2025-01-07 14:00:00,BAL_NORTH_PIT,Shift_2_Evening,569.0,8.0,17.0,18,3,16,0.6,6.8,0.34,3.7,389.2,406.0,535.8,33.2,5.83,Normal (<10%),25.7,3,0.31,19,22.0,21.8121,80.1843
2025-01-07 22:00:00,BAL_NORTH_PIT,Shift_3_Night,559.2,8.0,17.0,18,3,16,0.5,6.9,0.15,3.7,440.8,575.7,516.3,42.9,7.67,Normal (<10%),27.9,5,1.28,16,18.8,21.8121,80.1843
2025-01-08 06:00:00,BAL_SOUTH_PIT,Shift_1_Morning,435.0,7.5,18.0,18,3,16,0.4,2.6,0.17,0.0,475.2,383.8,396.4,38.6,8.87,Normal (<10%),26.1,5,1.41,19,21.3,21.8005,80.1901
2025-01-08 14:00:00,BAL_SOUTH_PIT,Shift_2_Evening,534.6,7.5,22.0,24,1,12,2.7,17.5,0.26,16.0,381.8,370.3,383.8,150.8,28.21,Critical (>25%),26.5,2,0.39,15,21.5,21.8005,80.1901
2025-01-08 22:00:00,BAL_DEEP_LEVEL_3,Shift_3_Night,444.1,8.0,26.0,26,3,16,1.7,8.3,0.29,11.2,501.0,456.7,409.3,34.8,7.84,Normal (<10%),26.4,3,0.29,17,20.5,21.8064,80.1876
2025-01-09 06:00:00,BAL_DEEP_LEVEL_3,Shift_1_Morning,443.6,8.0,18.0,20,4,12,0.4,6.9,0.25,9.4,467.5,539.1,439.0,4.6,1.04,Normal (<10%),25.6,6,1.27,15,21.5,21.8064,80.1876
2025-01-09 14:00:00,BAL_DEEP_LEVEL_3,Shift_2_Evening,574.8,8.0,20.0,22,4,14,0.7,7.3,0.2,5.3,516.4,460.6,562.1,12.7,2.21,Normal (<10%),26.7,4,0.36,17,21.1,21.8064,80.1876
2025-01-09 22:00:00,BAL_SOUTH_PIT,Shift_3_Night,449.9,8.0,16.0,18,4,16,1.1,5.3,0.17,0.6,548.1,534.4,415.6,34.3,7.62,Normal (<10%),27.1,5,0.55,17,20.4,21.8005,80.1901
2025-01-10 06:00:00,UKWA_EXTENSION,Shift_1_Morning,452.6,7.5,24.0,24,3,12,1.1,5.8,0.15,2.9,494.7,436.6,420.7,31.9,7.05,Normal (<10%),27.0,4,1.0,14,20.4,21.7932,80.2015
2025-01-10 14:00:00,UKWA_EXTENSION,Shift_2_Evening,400.1,7.5,19.0,20,4,12,3.3,15.6,0.3,10.0,416.0,401.8,340.5,59.6,14.9,Alert (10-25%),28.4,6,1.33,13,21.6,21.7932,80.2015
2025-01-10 22:00:00,BAL_SOUTH_PIT,Shift_3_Night,574.1,7.5,23.0,24,4,16,0.7,10.5,0.23,2.1,407.8,480.6,507.8,66.3,11.55,Alert (10-25%),26.4,4,0.27,17,20.1,21.8005,80.1901
2025-01-11 06:00:00,BAL_SOUTH_PIT,Shift_1_Morning,558.5,7.5,22.0,24,3,16,3.6,7.8,0.29,6.1,351.2,388.4,227.3,331.2,59.3,Critical (>25%),26.1,4,0.76,16,19.1,21.8005,80.1901
2025-01-11 14:00:00,BAL_SOUTH_PIT,Shift_2_Evening,525.5,8.0,20.0,22,4,11,0.9,8.5,0.17,14.7,506.6,475.9,490.1,35.4,6.74,Normal (<10%),24.0,4,0.04,12,18.5,21.8005,80.1901
2025-01-11 22:00:00,BAL_SOUTH_PIT,Shift_3_Night,550.1,7.5,18.0,18,3,16,2.1,11.2,0.28,6.6,407.2,388.2,198.8,351.3,63.86,Critical (>25%),24.9,4,0.43,16,18.7,21.8005,80.1901
2025-01-12 06:00:00,BAL_SOUTH_PIT,Shift_1_Morning,430.4,8.0,23.0,24,3,14,4.0,10.7,0.25,9.6,471.2,460.5,391.5,38.9,9.04,Normal (<10%),26.1,3,0.44,14,21.9,21.8005,80.1901
2025-01-12 14:00:00,BAL_SOUTH_PIT,Shift_2_Evening,491.7,7.5,22.0,22,4,12,3.6,13.2,0.24,5.5,396.0,463.9,186.9,304.8,61.99,Critical (>25%),25.3,5,0.71,12,18.0,21.8005,80.1901
2025-01-12 22:00:00,BAL_DEEP_LEVEL_3,Shift_3_Night,470.2,7.5,24.0,24,3,12,0.1,4.1,0.19,7.2,477.9,476.4,180.6,289.6,61.59,Critical (>25%),29.4,3,0.11,12,20.6,21.8064,80.1876
2025-01-13 06:00:00,BAL_DEEP_LEVEL_3,Shift_1_Morning,418.8,7.5,19.0,20,3,16,0.3,2.6,0.22,0.0,499.3,349.1,365.9,52.9,12.63,Alert (10-25%),27.0,5,0.79,19,19.9,21.8064,80.1876
2025-01-13 14:00:00,BAL_DEEP_LEVEL_3,Shift_2_Evening,497.2,8.0,25.0,26,3,11,1.0,8.6,0.24,3.7,423.8,390.0,459.7,37.5,7.54,Normal (<10%),28.6,4,0.38,11,21.1,21.8064,80.1876
2025-01-13 22:00:00,BAL_DEEP_LEVEL_3,Shift_3_Night,584.1,7.5,23.0,26,4,16,0.8,5.3,0.18,6.1,492.5,471.0,506.1,78.0,13.35,Alert (10-25%),27.4,4,0.54,18,18.0,21.8064,80.1876
2025-01-14 06:00:00,BAL_SOUTH_PIT,Shift_1_Morning,408.0,8.0,17.0,18,3,16,1.5,7.5,0.26,0.0,397.6,390.6,187.2,220.8,54.12,Critical (>25%),26.7,5,0.41,17,20.2,21.8005,80.1901
2025-01-14 14:00:00,UKWA_EXTENSION,Shift_2_Evening,458.3,8.0,24.0,26,2,15,4.3,9.9,0.31,8.8,382.9,456.9,394.4,63.9,13.94,Alert (10-25%),26.0,2,0.1,15,21.9,21.7932,80.2015
2025-01-14 22:00:00,BAL_NORTH_PIT,Shift_3_Night,441.5,7.5,21.0,22,3,12,0.2,3.7,0.21,7.7,514.7,402.0,399.9,41.6,9.42,Normal (<10%),27.3,4,0.14,12,20.2,21.8121,80.1843
2025-01-15 06:00:00,BAL_SOUTH_PIT,Shift_1_Morning,447.6,8.0,21.0,22,4,15,0.9,4.2,0.25,3.6,478.6,378.9,447.6,0.0,0.0,Normal (<10%),29.5,4,0.53,17,20.2,21.8005,80.1901
2025-01-15 14:00:00,BAL_NORTH_PIT,Shift_2_Evening,581.7,7.5,24.0,26,4,16,0.3,2.7,0.21,6.1,552.3,519.7,552.3,29.4,5.05,Normal (<10%),23.8,4,0.0,17,17.9,21.8121,80.1843
2025-01-15 22:00:00,UKWA_EXTENSION,Shift_3_Night,493.6,8.0,22.0,22,4,16,3.4,13.0,0.39,2.2,451.8,365.4,429.9,63.7,12.91,Alert (10-25%),22.4,4,0.41,17,20.2,21.7932,80.2015
2025-01-16 06:00:00,BAL_DEEP_LEVEL_3,Shift_1_Morning,493.3,7.5,23.0,24,3,16,5.0,16.0,0.28,12.9,529.5,545.8,458.5,34.8,7.05,Normal (<10%),25.0,4,1.19,17,22.4,21.8064,80.1876
2025-01-16 14:00:00,UKWA_EXTENSION,Shift_2_Evening,552.1,8.0,22.0,24,3,16,1.0,8.4,0.28,3.3,389.1,513.5,482.5,69.6,12.61,Alert (10-25%),26.5,4,1.2,18,20.6,21.7932,80.2015
2025-01-16 22:00:00,BAL_SOUTH_PIT,Shift_3_Night,430.9,8.0,21.0,22,4,12,0.2,1.7,0.27,3.1,436.5,303.3,237.8,193.1,44.81,Critical (>25%),28.1,6,0.46,13,20.1,21.8005,80.1901
2025-01-17 06:00:00,BAL_DEEP_LEVEL_3,Shift_1_Morning,497.5,7.5,19.0,20,4,16,2.3,7.7,0.21,13.0,496.1,363.9,247.5,250.0,50.25,Critical (>25%),27.6,4,0.49,17,20.4,21.8064,80.1876
2025-01-17 14:00:00,BAL_SOUTH_PIT,Shift_2_Evening,486.0,7.5,18.0,18,3,14,1.8,8.2,0.28,0.0,400.3,347.5,420.3,65.7,13.52,Alert (10-25%),25.9,4,0.4,17,20.1,21.8005,80.1901
2025-01-17 22:00:00,BAL_DEEP_LEVEL_3,Shift_3_Night,519.4,7.5,20.0,22,4,14,0.7,9.0,0.29,2.9,568.7,527.1,458.3,61.1,11.76,Alert (10-25%),27.9,4,0.04,17,21.9,21.8064,80.1876
2025-01-18 06:00:00,BAL_NORTH_PIT,Shift_1_Morning,599.9,7.5,17.0,18,4,14,3.3,15.3,0.3,0.0,548.2,545.7,561.6,38.3,6.38,Normal (<10%),27.3,4,0.37,17,21.5,21.8121,80.1843
2025-01-18 14:00:00,BAL_NORTH_PIT,Shift_2_Evening,553.9,8.0,25.0,26,3,12,5.6,20.8,0.34,7.7,410.6,567.8,521.0,32.9,5.94,Normal (<10%),25.4,3,0.77,12,21.6,21.8121,80.1843
2025-01-18 22:00:00,BAL_NORTH_PIT,Shift_3_Night,479.6,8.0,19.0,20,4,11,1.2,5.7,0.2,1.4,519.9,449.8,457.8,21.8,4.55,Normal (<10%),28.6,4,0.58,14,20.2,21.8121,80.1843
2025-01-19 06:00:00,UKWA_EXTENSION,Shift_1_Morning,565.5,8.0,22.0,24,3,12,1.3,6.5,0.34,8.6,497.5,561.0,499.3,66.2,11.71,Alert (10-25%),26.7,4,0.49,12,18.9,21.7932,80.2015
2025-01-19 14:00:00,BAL_SOUTH_PIT,Shift_2_Evening,434.1,8.0,20.0,22,2,12,0.5,4.0,0.1,6.7,458.2,314.9,169.4,264.7,60.98,Critical (>25%),27.0,4,1.21,13,18.8,21.8005,80.1901
2025-01-19 22:00:00,UKWA_EXTENSION,Shift_3_Night,406.1,7.5,19.0,20,3,16,1.3,4.9,0.18,7.2,406.9,416.7,344.9,61.2,15.07,Alert (10-25%),28.4,4,0.03,17,20.4,21.7932,80.2015
2025-01-20 06:00:00,BAL_NORTH_PIT,Shift_1_Morning,440.9,8.0,17.0,18,4,14,0.9,5.6,0.16,6.5,417.6,397.9,440.9,0.0,0.0,Normal (<10%),27.6,6,0.77,14,19.7,21.8121,80.1843
2025-01-20 14:00:00,BAL_SOUTH_PIT,Shift_2_Evening,468.1,7.5,21.0,22,3,12,0.5,3.1,0.3,0.0,398.3,427.4,399.2,68.9,14.72,Alert (10-25%),26.8,4,0.45,12,20.0,21.8005,80.1901
2025-01-20 22:00:00,BAL_NORTH_PIT,Shift_3_Night,502.1,8.0,23.0,24,4,16,0.1,1.5,0.2,5.0,466.9,569.7,473.2,28.9,5.76,Normal (<10%),29.7,4,0.42,19,21.4,21.8121,80.1843
2025-01-21 06:00:00,UKWA_EXTENSION,Shift_1_Morning,523.0,7.5,24.0,24,3,11,0.4,2.2,0.16,0.0,452.3,490.7,476.4,46.6,8.91,Normal (<10%),24.0,3,0.34,14,20.1,21.7932,80.2015
2025-01-21 14:00:00,UKWA_EXTENSION,Shift_2_Evening,582.1,7.5,20.0,22,4,16,0.3,6.5,0.2,6.6,590.3,532.7,531.3,50.8,8.73,Normal (<10%),25.0,5,0.66,16,19.6,21.7932,80.2015
2025-01-21 22:00:00,UKWA_EXTENSION,Shift_3_Night,502.0,7.5,22.0,22,3,13,1.2,5.8,0.15,0.0,474.2,489.9,447.1,54.9,10.94,Alert (10-25%),25.7,3,0.35,14,19.2,21.7932,80.2015
2025-01-22 06:00:00,BAL_NORTH_PIT,Shift_1_Morning,500.3,7.5,19.0,20,4,12,1.4,7.5,0.27,4.1,410.7,493.9,206.4,293.9,58.74,Critical (>25%),26.0,4,0.41,12,21.0,21.8121,80.1843
2025-01-22 14:00:00,BAL_SOUTH_PIT,Shift_2_Evening,410.0,7.5,23.0,24,3,15,1.4,9.3,0.28,5.9,379.5,405.5,358.6,51.4,12.54,Alert (10-25%),26.0,5,1.16,16,20.9,21.8005,80.1901
2025-01-22 22:00:00,BAL_SOUTH_PIT,Shift_3_Night,407.0,8.0,17.0,18,4,13,0.7,4.5,0.24,4.7,482.5,394.9,375.5,31.5,7.74,Normal (<10%),24.7,4,0.44,13,19.2,21.8005,80.1901
2025-01-23 06:00:00,BAL_NORTH_PIT,Shift_1_Morning,510.2,7.5,23.0,24,3,14,0.8,5.5,0.19,0.0,486.4,517.7,467.1,43.1,8.45,Normal (<10%),25.7,5,0.91,16,18.8,21.8121,80.1843
2025-01-23 14:00:00,BAL_SOUTH_PIT,Shift_2_Evening,487.6,8.0,19.0,22,4,11,2.7,16.7,0.36,14.4,487.2,437.1,465.2,22.4,4.59,Normal (<10%),24.0,5,0.82,12,22.7,21.8005,80.1901
2025-01-23 22:00:00,BAL_NORTH_PIT,Shift_3_Night,567.8,8.0,17.0,18,3,14,1.0,4.9,0.26,0.0,394.2,500.9,536.4,31.4,5.53,Normal (<10%),30.5,4,0.95,15,19.5,21.8121,80.1843
2025-01-24 06:00:00,BAL_SOUTH_PIT,Shift_1_Morning,432.1,7.5,20.0,22,4,13,6.6,16.9,0.2,19.8,365.1,414.6,369.5,62.6,14.49,Alert (10-25%),29.0,5,0.53,14,20.7,21.8005,80.1901
2025-01-24 14:00:00,BAL_DEEP_LEVEL_3,Shift_2_Evening,405.0,8.0,22.0,24,4,16,0.9,5.7,0.22,0.0,530.9,477.3,392.5,12.5,3.09,Normal (<10%),26.4,4,0.38,17,22.4,21.8064,80.1876
2025-01-24 22:00:00,BAL_DEEP_LEVEL_3,Shift_3_Night,489.8,8.0,19.0,20,4,13,1.6,6.2,0.17,0.0,339.5,334.7,242.3,247.5,50.53,Critical (>25%),26.7,4,0.75,13,20.2,21.8064,80.1876
2025-01-25 06:00:00,UKWA_EXTENSION,Shift_1_Morning,447.5,8.0,17.0,18,4,15,0.1,13.9,0.34,8.9,471.6,472.5,438.5,9.0,2.01,Normal (<10%),23.9,5,0.37,16,22.9,21.7932,80.2015
2025-01-25 14:00:00,BAL_DEEP_LEVEL_3,Shift_2_Evening,409.9,7.5,20.0,20,4,14,1.6,9.6,0.23,4.3,503.4,381.7,364.8,45.1,11.0,Alert (10-25%),23.8,6,1.54,16,20.2,21.8064,80.1876
2025-01-25 22:00:00,BAL_DEEP_LEVEL_3,Shift_3_Night,544.9,7.5,24.0,26,2,12,2.9,7.2,0.17,0.2,550.9,483.9,431.9,113.0,20.74,Alert (10-25%),27.0,2,0.0,13,20.9,21.8064,80.1876
2025-01-26 06:00:00,BAL_DEEP_LEVEL_3,Shift_1_Morning,422.3,7.5,16.0,18,4,16,4.3,9.9,0.24,13.3,503.6,441.7,378.4,43.9,10.4,Alert (10-25%),25.1,6,0.9,16,20.1,21.8064,80.1876
2025-01-26 14:00:00,BAL_NORTH_PIT,Shift_2_Evening,521.7,7.5,23.0,24,3,14,8.9,40.8,0.48,31.0,458.4,533.5,460.9,60.8,11.65,Alert (10-25%),22.5,4,0.59,14,23.7,21.8121,80.1843
2025-01-26 22:00:00,BAL_DEEP_LEVEL_3,Shift_3_Night,456.2,8.0,18.0,20,3,12,0.5,8.7,0.29,8.1,424.5,453.8,407.2,49.0,10.74,Alert (10-25%),24.0,3,1.06,12,22.3,21.8064,80.1876
2025-01-27 06:00:00,BAL_DEEP_LEVEL_3,Shift_1_Morning,434.7,8.0,18.0,20,3,13,1.3,3.4,0.19,0.0,386.8,468.2,240.1,194.6,44.77,Critical (>25%),26.2,4,0.55,15,19.9,21.8064,80.1876
2025-01-27 14:00:00,UKWA_EXTENSION,Shift_2_Evening,476.0,8.0,22.0,24,4,16,0.9,5.9,0.22,1.3,378.0,476.7,455.0,21.0,4.41,Normal (<10%),27.2,5,0.55,16,19.7,21.7932,80.2015
2025-01-27 22:00:00,BAL_DEEP_LEVEL_3,Shift_3_Night,560.3,8.0,20.0,22,4,12,1.2,6.5,0.28,1.3,496.2,359.6,342.5,217.8,38.87,Critical (>25%),27.2,5,0.59,15,20.4,21.8064,80.1876
2025-01-28 06:00:00,BAL_DEEP_LEVEL_3,Shift_1_Morning,478.4,8.0,24.0,26,3,11,0.3,4.1,0.29,0.0,583.2,498.2,441.2,37.2,7.78,Normal (<10%),27.4,4,0.73,11,20.9,21.8064,80.1876
2025-01-28 14:00:00,BAL_SOUTH_PIT,Shift_2_Evening,550.2,8.0,23.0,24,3,14,2.9,9.5,0.17,7.7,491.0,447.0,543.2,7.0,1.27,Normal (<10%),25.0,5,0.9,14,19.0,21.8005,80.1901
2025-01-28 22:00:00,UKWA_EXTENSION,Shift_3_Night,425.1,7.5,18.0,20,4,16,3.6,15.7,0.29,12.2,494.4,498.9,381.7,43.4,10.21,Alert (10-25%),27.1,5,0.66,18,22.5,21.7932,80.2015
2025-01-29 06:00:00,UKWA_EXTENSION,Shift_1_Morning,554.6,8.0,17.0,18,4,16,0.9,4.6,0.21,3.7,489.8,437.6,547.2,7.4,1.33,Normal (<10%),26.0,4,0.0,17,18.3,21.7932,80.2015
2025-01-29 14:00:00,UKWA_EXTENSION,Shift_2_Evening,447.4,8.0,25.0,26,4,15,0.5,4.4,0.2,4.1,396.9,549.4,414.0,33.4,7.47,Normal (<10%),28.2,6,1.02,15,20.0,21.7932,80.2015
2025-01-29 22:00:00,UKWA_EXTENSION,Shift_3_Night,535.5,8.0,23.0,24,4,14,0.2,1.7,0.28,0.0,539.3,420.9,470.8,64.7,12.08,Alert (10-25%),27.0,6,1.01,14,19.1,21.7932,80.2015
2025-01-30 06:00:00,UKWA_EXTENSION,Shift_1_Morning,513.2,7.5,19.0,20,3,12,1.7,13.6,0.2,4.6,571.3,547.0,464.5,48.7,9.49,Normal (<10%),24.5,4,1.01,12,20.7,21.7932,80.2015
2025-01-30 14:00:00,UKWA_EXTENSION,Shift_2_Evening,585.8,8.0,25.0,26,4,16,0.6,7.3,0.28,3.3,436.8,426.3,566.4,19.4,3.31,Normal (<10%),26.1,5,1.09,19,21.3,21.7932,80.2015
2025-01-30 22:00:00,BAL_NORTH_PIT,Shift_3_Night,477.5,8.0,22.0,22,4,14,3.6,12.3,0.15,15.1,515.2,456.0,448.6,28.9,6.05,Normal (<10%),27.5,4,0.34,14,19.1,21.8121,80.1843
2025-01-31 06:00:00,BAL_DEEP_LEVEL_3,Shift_1_Morning,413.2,7.5,25.0,26,2,15,1.7,7.9,0.2,11.1,403.5,491.5,351.3,61.9,14.98,Alert (10-25%),27.9,2,0.64,15,19.3,21.8064,80.1876
2025-01-31 14:00:00,UKWA_EXTENSION,Shift_2_Evening,403.8,8.0,22.0,24,4,12,1.6,19.9,0.3,15.9,399.8,347.1,383.4,20.4,5.05,Normal (<10%),25.2,4,0.07,14,20.9,21.7932,80.2015
2025-01-31 22:00:00,BAL_DEEP_LEVEL_3,Shift_3_Night,565.4,7.5,17.0,18,3,14,1.2,2.9,0.15,12.0,417.4,485.4,475.8,89.6,15.85,Alert (10-25%),30.0,4,0.93,15,20.3,21.8064,80.1876
2025-02-01 06:00:00,BAL_DEEP_LEVEL_3,Shift_1_Morning,504.9,7.5,19.0,20,3,12,0.1,3.8,0.33,5.1,462.7,408.0,448.0,56.9,11.27,Alert (10-25%),30.2,4,0.53,15,20.4,21.8064,80.1876
2025-02-01 14:00:00,BAL_NORTH_PIT,Shift_2_Evening,555.0,8.0,23.0,24,3,16,4.0,12.3,0.23,11.4,554.2,420.1,531.2,23.8,4.29,Normal (<10%),28.3,3,0.04,16,19.9,21.8121,80.1843
2025-02-01 22:00:00,UKWA_EXTENSION,Shift_3_Night,446.9,8.0,17.0,18,3,12,1.5,8.1,0.2,12.8,480.0,250.0,172.5,274.4,61.4,Critical (>25%),30.3,5,0.94,13,20.4,21.7932,80.2015
2025-02-02 06:00:00,BAL_SOUTH_PIT,Shift_1_Morning,469.0,7.5,18.0,20,4,16,7.7,36.1,0.35,27.5,528.8,564.1,422.3,46.7,9.96,Normal (<10%),28.9,4,0.95,16,23.9,21.8005,80.1901
2025-02-02 14:00:00,BAL_NORTH_PIT,Shift_2_Evening,406.0,8.0,23.0,24,3,14,1.2,7.7,0.27,13.4,497.7,404.9,399.5,6.5,1.6,Normal (<10%),31.7,3,0.45,15,20.5,21.8121,80.1843
2025-02-02 22:00:00,BAL_SOUTH_PIT,Shift_3_Night,592.3,8.0,21.0,22,4,14,1.9,10.3,0.3,7.0,468.7,597.7,548.0,44.3,7.48,Normal (<10%),26.5,6,1.45,14,20.2,21.8005,80.1901
2025-02-03 06:00:00,BAL_DEEP_LEVEL_3,Shift_1_Morning,533.6,7.5,18.0,18,4,16,0.1,9.9,0.23,3.4,381.8,462.7,475.0,58.6,10.98,Alert (10-25%),27.4,4,0.18,19,21.4,21.8064,80.1876
2025-02-03 14:00:00,BAL_DEEP_LEVEL_3,Shift_2_Evening,586.6,7.5,16.0,18,3,16,1.5,11.3,0.27,7.1,570.4,497.7,510.1,76.5,13.04,Alert (10-25%),30.7,4,1.01,16,18.2,21.8064,80.1876
2025-02-03 22:00:00,BAL_NORTH_PIT,Shift_3_Night,453.1,8.0,23.0,26,4,16,2.2,8.7,0.26,7.0,411.8,432.4,445.8,7.3,1.61,Normal (<10%),27.2,5,0.5,16,18.9,21.8121,80.1843
2025-02-04 06:00:00,BAL_NORTH_PIT,Shift_1_Morning,522.3,7.5,21.0,22,4,12,2.3,8.4,0.17,1.1,420.0,442.4,500.8,21.5,4.12,Normal (<10%),27.3,4,0.47,15,20.3,21.8121,80.1843
2025-02-04 14:00:00,BAL_SOUTH_PIT,Shift_2_Evening,535.7,8.0,19.0,20,3,12,2.2,12.6,0.26,4.8,517.0,572.2,520.9,14.8,2.76,Normal (<10%),27.7,3,0.47,12,19.6,21.8005,80.1901
2025-02-04 22:00:00,UKWA_EXTENSION,Shift_3_Night,463.5,8.0,24.0,26,4,13,0.4,3.6,0.19,0.3,348.6,336.2,194.5,269.0,58.04,Critical (>25%),30.2,4,0.6,15,18.6,21.7932,80.2015
2025-02-05 06:00:00,BAL_SOUTH_PIT,Shift_1_Morning,569.6,8.0,20.0,22,4,14,5.6,18.5,0.21,6.8,580.9,507.3,551.2,18.4,3.23,Normal (<10%),28.1,4,0.48,15,21.6,21.8005,80.1901
2025-02-05 14:00:00,BAL_NORTH_PIT,Shift_2_Evening,589.4,8.0,23.0,24,4,16,8.0,17.7,0.3,8.9,501.1,447.4,570.2,19.2,3.26,Normal (<10%),26.8,5,0.48,17,21.5,21.8121,80.1843
2025-02-05 22:00:00,BAL_SOUTH_PIT,Shift_3_Night,577.0,7.5,18.0,18,3,12,0.1,2.4,0.26,5.3,528.3,491.8,494.1,82.9,14.37,Alert (10-25%),28.2,5,1.26,12,19.8,21.8005,80.1901
2025-02-06 06:00:00,BAL_NORTH_PIT,Shift_1_Morning,547.8,8.0,22.0,26,3,14,4.1,22.5,0.31,19.0,381.4,487.1,276.6,271.2,49.51,Critical (>25%),26.3,5,1.54,17,21.7,21.8121,80.1843
2025-02-06 14:00:00,BAL_SOUTH_PIT,Shift_2_Evening,455.5,7.5,16.0,18,4,16,0.5,4.6,0.1,0.0,532.7,420.7,409.8,45.7,10.03,Alert (10-25%),28.7,5,0.52,17,19.4,21.8005,80.1901
2025-02-06 22:00:00,BAL_NORTH_PIT,Shift_3_Night,456.3,8.0,20.0,22,3,11,1.8,12.8,0.24,10.1,500.4,490.0,425.6,30.7,6.73,Normal (<10%),32.0,4,0.15,11,20.7,21.8121,80.1843
2025-02-07 06:00:00,BAL_NORTH_PIT,Shift_1_Morning,592.7,8.0,18.0,18,3,11,0.6,3.0,0.17,1.7,479.4,503.0,350.0,242.7,40.95,Critical (>25%),30.2,5,1.15,12,19.3,21.8121,80.1843
2025-02-07 14:00:00,BAL_NORTH_PIT,Shift_2_Evening,402.1,7.5,26.0,26,4,16,5.2,20.3,0.39,18.8,452.8,446.6,365.4,36.7,9.13,Normal (<10%),28.4,5,0.6,16,22.0,21.8121,80.1843
2025-02-07 22:00:00,UKWA_EXTENSION,Shift_3_Night,543.2,8.0,22.0,24,4,16,0.2,8.7,0.23,4.5,410.9,495.7,486.5,56.7,10.44,Alert (10-25%),28.2,5,0.66,16,19.1,21.7932,80.2015
2025-02-08 06:00:00,BAL_SOUTH_PIT,Shift_1_Morning,541.2,7.5,25.0,26,4,14,1.0,7.1,0.15,0.0,528.1,555.6,501.0,40.2,7.43,Normal (<10%),29.3,6,1.17,14,19.4,21.8005,80.1901
2025-02-08 14:00:00,BAL_SOUTH_PIT,Shift_2_Evening,524.5,7.5,18.0,20,3,13,0.8,5.7,0.23,1.4,547.9,546.6,463.9,60.6,11.55,Alert (10-25%),28.1,3,0.26,14,21.3,21.8005,80.1901
2025-02-08 22:00:00,BAL_SOUTH_PIT,Shift_3_Night,598.0,8.0,18.0,18,4,13,0.6,3.6,0.25,0.0,473.2,404.1,549.6,48.4,8.09,Normal (<10%),25.2,4,0.32,14,21.3,21.8005,80.1901
2025-02-09 06:00:00,BAL_NORTH_PIT,Shift_1_Morning,462.4,8.0,25.0,26,4,11,1.6,9.5,0.25,0.0,502.7,511.4,441.7,20.7,4.48,Normal (<10%),26.7,6,0.97,11,21.4,21.8121,80.1843
2025-02-09 14:00:00,BAL_SOUTH_PIT,Shift_2_Evening,468.0,8.0,24.0,26,3,12,0.2,3.5,0.18,2.1,408.9,531.3,468.0,0.0,0.0,Normal (<10%),26.9,3,0.84,15,20.8,21.8005,80.1901
2025-02-09 22:00:00,BAL_SOUTH_PIT,Shift_3_Night,415.8,8.0,21.0,24,4,13,1.9,10.1,0.23,9.3,346.3,455.9,362.9,52.9,12.72,Alert (10-25%),25.4,4,0.41,13,20.0,21.8005,80.1901
2025-02-10 06:00:00,BAL_NORTH_PIT,Shift_1_Morning,488.6,7.5,17.0,18,3,16,5.9,26.6,0.37,18.7,468.3,408.5,411.2,77.4,15.84,Alert (10-25%),24.9,3,0.08,19,22.6,21.8121,80.1843
2025-02-10 14:00:00,BAL_DEEP_LEVEL_3,Shift_2_Evening,452.2,8.0,17.0,18,4,15,2.4,14.2,0.28,3.0,536.7,443.4,428.8,23.4,5.17,Normal (<10%),30.2,4,0.04,18,19.9,21.8064,80.1876
2025-02-10 22:00:00,BAL_NORTH_PIT,Shift_3_Night,468.7,8.0,19.0,20,3,16,2.9,8.2,0.34,0.0,323.6,425.8,230.1,238.6,50.91,Critical (>25%),28.2,4,0.74,16,19.2,21.8121,80.1843
2025-02-11 06:00:00,BAL_SOUTH_PIT,Shift_1_Morning,566.9,8.0,21.0,22,4,12,0.7,6.8,0.24,5.6,585.2,606.4,557.9,9.0,1.59,Normal (<10%),31.0,6,0.66,13,20.1,21.8005,80.1901
2025-02-11 14:00:00,BAL_NORTH_PIT,Shift_2_Evening,587.1,8.0,20.0,22,4,14,0.6,10.3,0.18,15.4,448.5,506.5,543.8,43.3,7.38,Normal (<10%),29.7,4,0.0,14,19.6,21.8121,80.1843
2025-02-11 22:00:00,BAL_DEEP_LEVEL_3,Shift_3_Night,437.1,8.0,17.0,18,3,16,1.1,4.9,0.21,9.7,535.2,506.4,408.8,28.3,6.47,Normal (<10%),30.5,4,0.89,16,21.0,21.8064,80.1876
2025-02-12 06:00:00,BAL_NORTH_PIT,Shift_1_Morning,474.5,7.5,25.0,26,3,12,0.1,6.9,0.21,3.1,457.0,427.4,445.5,29.0,6.11,Normal (<10%),27.8,4,0.91,15,22.2,21.8121,80.1843
2025-02-12 14:00:00,BAL_SOUTH_PIT,Shift_2_Evening,585.7,8.0,20.0,22,4,15,4.4,23.8,0.24,16.9,489.2,588.3,555.7,30.0,5.12,Normal (<10%),28.4,6,0.92,15,20.2,21.8005,80.1901
2025-02-12 22:00:00,BAL_DEEP_LEVEL_3,Shift_3_Night,412.4,7.5,20.0,22,3,11,0.2,7.6,0.24,9.6,384.7,511.8,345.1,67.3,16.32,Alert (10-25%),30.0,4,0.79,11,20.7,21.8064,80.1876
2025-02-13 06:00:00,UKWA_EXTENSION,Shift_1_Morning,418.5,8.0,24.0,26,3,14,3.5,11.9,0.24,7.2,507.5,389.1,404.5,14.0,3.35,Normal (<10%),27.7,3,0.46,14,19.7,21.7932,80.2015
2025-02-13 14:00:00,BAL_SOUTH_PIT,Shift_2_Evening,432.6,8.0,18.0,20,4,16,0.1,5.5,0.23,0.0,442.0,455.3,432.6,0.0,0.0,Normal (<10%),30.0,4,0.58,16,20.4,21.8005,80.1901
2025-02-13 22:00:00,BAL_DEEP_LEVEL_3,Shift_3_Night,519.0,8.0,19.0,20,4,12,2.6,14.7,0.37,0.0,576.7,449.6,456.3,62.7,12.08,Alert (10-25%),28.5,6,1.18,12,21.9,21.8064,80.1876
2025-02-14 06:00:00,BAL_DEEP_LEVEL_3,Shift_1_Morning,430.1,7.5,16.0,18,3,14,0.2,4.9,0.22,4.2,331.3,490.6,241.5,188.6,43.85,Critical (>25%),28.5,5,0.22,16,21.7,21.8064,80.1876
2025-02-14 14:00:00,UKWA_EXTENSION,Shift_2_Evening,593.6,8.0,20.0,22,3,12,0.1,2.6,0.26,0.7,460.9,485.7,558.7,34.9,5.88,Normal (<10%),27.5,4,0.63,12,19.2,21.7932,80.2015
2025-02-14 22:00:00,BAL_NORTH_PIT,Shift_3_Night,489.3,7.5,25.0,26,4,16,1.9,8.7,0.23,0.0,544.8,461.9,423.8,65.5,13.39,Alert (10-25%),27.1,6,1.16,18,21.7,21.8121,80.1843
2025-02-15 06:00:00,BAL_NORTH_PIT,Shift_1_Morning,500.3,7.5,19.0,20,3,15,0.5,4.9,0.25,0.0,499.5,518.0,429.3,71.0,14.19,Alert (10-25%),29.2,4,0.58,15,17.9,21.8121,80.1843
2025-02-15 14:00:00,BAL_SOUTH_PIT,Shift_2_Evening,449.3,8.0,24.0,26,4,16,1.9,12.1,0.27,6.8,457.0,480.7,436.0,13.3,2.96,Normal (<10%),28.9,4,0.41,19,22.8,21.8005,80.1901
2025-02-15 22:00:00,UKWA_EXTENSION,Shift_3_Night,494.2,7.5,17.0,18,3,12,1.2,5.7,0.24,1.1,401.6,336.1,224.4,269.8,54.59,Critical (>25%),27.9,5,1.23,14,20.6,21.7932,80.2015
2025-02-16 06:00:00,BAL_NORTH_PIT,Shift_1_Morning,532.4,8.0,17.0,18,3,15,0.2,3.5,0.21,9.5,501.2,400.9,465.0,67.4,12.66,Alert (10-25%),29.5,3,0.42,16,19.9,21.8121,80.1843
2025-02-16 14:00:00,UKWA_EXTENSION,Shift_2_Evening,550.2,8.0,19.0,20,3,16,4.0,13.1,0.34,15.8,496.1,410.2,307.6,242.6,44.09,Critical (>25%),28.8,3,0.85,18,19.6,21.7932,80.2015
2025-02-16 22:00:00,BAL_NORTH_PIT,Shift_3_Night,550.8,7.5,21.0,22,2,15,0.9,5.9,0.26,0.0,492.2,529.8,444.3,106.5,19.34,Alert (10-25%),29.9,2,0.74,15,19.5,21.8121,80.1843
2025-02-17 06:00:00,BAL_DEEP_LEVEL_3,Shift_1_Morning,515.6,8.0,25.0,26,3,15,2.0,6.0,0.24,11.5,399.2,578.3,503.4,12.2,2.37,Normal (<10%),31.4,4,0.66,17,22.0,21.8064,80.1876
2025-02-17 14:00:00,BAL_NORTH_PIT,Shift_2_Evening,580.9,8.0,21.0,22,3,16,1.0,5.0,0.27,11.4,472.0,366.3,332.7,248.2,42.73,Critical (>25%),30.9,3,0.34,16,19.5,21.8121,80.1843
2025-02-17 22:00:00,UKWA_EXTENSION,Shift_3_Night,563.5,7.5,19.0,20,4,12,1.4,4.8,0.23,4.7,435.6,599.0,487.8,75.7,13.43,Alert (10-25%),27.7,5,0.0,13,20.8,21.7932,80.2015
2025-02-18 06:00:00,BAL_DEEP_LEVEL_3,Shift_1_Morning,551.4,7.5,16.0,18,4,16,0.5,4.1,0.28,0.0,523.3,494.6,512.1,39.3,7.13,Normal (<10%),31.5,6,0.9,19,21.2,21.8064,80.1876
2025-02-18 14:00:00,BAL_DEEP_LEVEL_3,Shift_2_Evening,411.1,7.5,16.0,18,3,14,0.3,2.2,0.15,2.1,402.8,478.5,375.1,36.0,8.76,Normal (<10%),29.1,4,0.29,16,20.9,21.8064,80.1876
2025-02-18 22:00:00,BAL_DEEP_LEVEL_3,Shift_3_Night,401.4,7.5,19.0,20,4,16,1.2,6.2,0.34,0.0,495.7,466.8,331.4,70.0,17.44,Alert (10-25%),30.0,4,0.47,16,20.6,21.8064,80.1876
2025-02-19 06:00:00,UKWA_EXTENSION,Shift_1_Morning,442.5,7.5,16.0,18,3,12,0.9,5.7,0.24,0.9,424.7,468.4,411.0,31.5,7.12,Normal (<10%),29.2,5,1.05,14,19.7,21.7932,80.2015
2025-02-19 14:00:00,BAL_SOUTH_PIT,Shift_2_Evening,532.7,7.5,22.0,24,4,16,0.7,3.6,0.16,3.7,393.1,435.9,490.3,42.4,7.96,Normal (<10%),29.1,4,0.61,19,20.4,21.8005,80.1901
2025-02-19 22:00:00,BAL_SOUTH_PIT,Shift_3_Night,482.2,8.0,17.0,18,4,16,1.7,4.7,0.26,5.1,450.0,420.4,443.7,38.5,7.98,Normal (<10%),26.4,5,1.12,19,22.6,21.8005,80.1901
2025-02-20 06:00:00,BAL_SOUTH_PIT,Shift_1_Morning,480.5,7.5,22.0,24,3,12,1.8,13.1,0.33,6.5,410.5,372.3,181.1,299.4,62.31,Critical (>25%),27.7,4,0.69,14,22.1,21.8005,80.1901
2025-02-20 14:00:00,UKWA_EXTENSION,Shift_2_Evening,576.9,7.5,23.0,24,2,12,0.1,2.8,0.16,2.2,471.3,457.4,482.0,94.9,16.45,Alert (10-25%),27.5,2,1.08,14,19.8,21.7932,80.2015
2025-02-20 22:00:00,BAL_DEEP_LEVEL_3,Shift_3_Night,579.1,8.0,24.0,24,3,16,0.6,4.6,0.2,0.0,441.0,546.8,524.6,54.5,9.41,Normal (<10%),30.9,3,0.47,18,22.5,21.8064,80.1876
2025-02-21 06:00:00,BAL_SOUTH_PIT,Shift_1_Morning,581.8,8.0,21.0,22,3,16,0.8,3.6,0.27,9.4,594.8,543.0,568.9,12.9,2.22,Normal (<10%),31.4,3,0.01,18,21.8,21.8005,80.1901
2025-02-21 14:00:00,UKWA_EXTENSION,Shift_2_Evening,462.8,7.5,19.0,20,3,12,0.2,4.4,0.25,10.2,415.3,464.4,410.0,52.8,11.41,Alert (10-25%),28.0,5,0.83,12,20.6,21.7932,80.2015
2025-02-21 22:00:00,BAL_SOUTH_PIT,Shift_3_Night,538.2,7.5,19.0,20,3,12,0.4,4.5,0.2,6.6,600.7,436.5,470.0,68.2,12.67,Alert (10-25%),29.9,5,0.89,14,20.6,21.8005,80.1901
2025-02-22 06:00:00,BAL_NORTH_PIT,Shift_1_Morning,454.3,8.0,19.0,20,3,16,0.1,11.2,0.24,6.1,472.3,506.1,440.2,14.1,3.1,Normal (<10%),27.6,3,0.58,16,20.8,21.8121,80.1843
2025-02-22 14:00:00,BAL_SOUTH_PIT,Shift_2_Evening,438.1,7.5,22.0,24,3,12,8.4,21.9,0.25,10.5,463.6,438.9,370.4,67.7,15.45,Alert (10-25%),26.8,5,0.73,13,22.0,21.8005,80.1901
2025-02-22 22:00:00,BAL_SOUTH_PIT,Shift_3_Night,436.9,7.5,22.0,24,4,15,2.0,15.6,0.23,14.6,496.8,449.3,375.9,61.0,13.96,Alert (10-25%),29.5,4,0.31,15,18.1,21.8005,80.1901
2025-02-23 06:00:00,BAL_DEEP_LEVEL_3,Shift_1_Morning,468.4,8.0,22.0,24,4,16,0.1,5.9,0.15,4.9,391.3,378.0,218.6,249.8,53.33,Critical (>25%),29.6,6,0.95,16,19.6,21.8064,80.1876
2025-02-23 14:00:00,UKWA_EXTENSION,Shift_2_Evening,486.0,7.5,17.0,18,3,14,0.0,5.2,0.21,0.0,517.9,402.5,398.7,87.3,17.96,Alert (10-25%),31.9,3,0.27,14,19.4,21.7932,80.2015
2025-02-23 22:00:00,BAL_DEEP_LEVEL_3,Shift_3_Night,566.2,8.0,24.0,26,4,14,1.9,8.9,0.28,11.2,470.9,467.3,524.8,41.4,7.31,Normal (<10%),27.9,4,0.64,14,19.7,21.8064,80.1876
2025-02-24 06:00:00,BAL_DEEP_LEVEL_3,Shift_1_Morning,424.0,7.5,25.0,26,3,16,0.9,2.7,0.2,0.0,555.2,509.5,385.7,38.3,9.03,Normal (<10%),31.1,4,0.89,17,19.6,21.8064,80.1876
2025-02-24 14:00:00,BAL_DEEP_LEVEL_3,Shift_2_Evening,547.0,8.0,17.0,18,4,12,2.3,6.5,0.29,0.0,602.1,468.0,510.7,36.3,6.64,Normal (<10%),28.9,4,0.75,12,18.6,21.8064,80.1876
2025-02-24 22:00:00,BAL_DEEP_LEVEL_3,Shift_3_Night,506.3,8.0,25.0,26,3,12,3.9,18.0,0.26,16.7,503.5,465.4,459.7,46.6,9.2,Normal (<10%),29.2,3,0.3,12,18.8,21.8064,80.1876
2025-02-25 06:00:00,BAL_DEEP_LEVEL_3,Shift_1_Morning,457.6,8.0,24.0,26,3,14,1.4,11.6,0.18,3.8,392.9,404.4,457.6,0.0,0.0,Normal (<10%),28.3,4,1.06,14,21.0,21.8064,80.1876
2025-02-25 14:00:00,BAL_SOUTH_PIT,Shift_2_Evening,498.6,7.5,20.0,22,4,14,0.3,2.8,0.27,2.5,486.0,541.6,277.9,220.7,44.26,Critical (>25%),29.1,4,0.0,15,20.7,21.8005,80.1901
2025-02-25 22:00:00,BAL_DEEP_LEVEL_3,Shift_3_Night,460.0,8.0,25.0,26,4,15,2.3,9.1,0.26,12.5,469.0,457.8,276.3,183.7,39.93,Critical (>25%),28.5,5,0.28,15,17.7,21.8064,80.1876
2025-02-26 06:00:00,BAL_DEEP_LEVEL_3,Shift_1_Morning,519.2,7.5,16.0,18,3,16,4.7,14.1,0.33,15.3,434.2,433.6,475.5,43.7,8.42,Normal (<10%),26.6,3,0.04,18,21.0,21.8064,80.1876
2025-02-26 14:00:00,UKWA_EXTENSION,Shift_2_Evening,486.8,8.0,22.0,24,4,12,1.3,5.9,0.21,5.6,374.2,365.3,299.9,186.9,38.39,Critical (>25%),30.3,4,0.4,12,20.5,21.7932,80.2015
2025-02-26 22:00:00,BAL_NORTH_PIT,Shift_3_Night,432.9,8.0,19.0,22,4,14,1.7,15.9,0.36,4.7,512.0,358.0,394.8,38.1,8.8,Normal (<10%),28.5,4,0.76,14,20.8,21.8121,80.1843
2025-02-27 06:00:00,BAL_SOUTH_PIT,Shift_1_Morning,423.3,8.0,26.0,26,2,14,0.6,3.2,0.16,0.0,379.5,511.6,385.9,37.4,8.84,Normal (<10%),30.7,3,0.52,14,20.4,21.8005,80.1901
2025-02-27 14:00:00,BAL_SOUTH_PIT,Shift_2_Evening,509.3,7.5,17.0,18,4,12,0.7,8.3,0.23,17.6,565.3,548.2,480.0,29.3,5.75,Normal (<10%),31.3,4,0.26,12,20.9,21.8005,80.1901
2025-02-27 22:00:00,BAL_SOUTH_PIT,Shift_3_Night,580.5,7.5,19.0,20,3,12,2.0,8.1,0.26,10.1,542.0,365.9,497.4,83.1,14.32,Alert (10-25%),31.0,3,0.34,15,19.9,21.8005,80.1901
2025-02-28 06:00:00,BAL_DEEP_LEVEL_3,Shift_1_Morning,468.8,8.0,19.0,20,4,14,3.9,12.3,0.24,7.0,470.4,464.6,461.5,7.3,1.56,Normal (<10%),28.0,5,0.87,15,20.4,21.8064,80.1876
2025-02-28 14:00:00,BAL_DEEP_LEVEL_3,Shift_2_Evening,546.6,7.5,20.0,22,3,16,1.5,6.3,0.24,0.0,380.7,530.0,483.9,62.7,11.47,Alert (10-25%),29.6,3,0.26,16,19.4,21.8064,80.1876
2025-02-28 22:00:00,BAL_DEEP_LEVEL_3,Shift_3_Night,531.7,7.5,18.0,20,4,16,2.3,13.8,0.33,0.0,390.4,454.3,440.8,90.9,17.1,Alert (10-25%),27.0,4,0.24,18,20.2,21.8064,80.1876
2025-03-01 06:00:00,UKWA_EXTENSION,Shift_1_Morning,586.3,7.5,17.0,18,4,14,0.3,1.4,0.23,7.0,428.7,406.7,511.9,74.4,12.69,Alert (10-25%),32.5,4,0.0,14,18.0,21.7932,80.2015
2025-03-01 14:00:00,BAL_NORTH_PIT,Shift_2_Evening,564.2,8.0,19.0,20,3,12,0.4,3.7,0.21,8.6,365.5,446.2,330.1,234.1,41.49,Critical (>25%),31.5,3,0.23,15,19.9,21.8121,80.1843
2025-03-01 22:00:00,BAL_DEEP_LEVEL_3,Shift_3_Night,513.3,7.5,19.0,20,3,12,1.1,4.2,0.28,2.6,525.1,403.5,421.3,92.0,17.92,Alert (10-25%),34.4,3,0.75,12,19.3,21.8064,80.1876
2025-03-02 06:00:00,BAL_NORTH_PIT,Shift_1_Morning,531.4,8.0,25.0,26,3,14,0.3,3.6,0.24,0.3,569.5,385.0,519.2,12.2,2.3,Normal (<10%),32.8,4,0.73,14,19.9,21.8121,80.1843
2025-03-02 14:00:00,UKWA_EXTENSION,Shift_2_Evening,579.7,8.0,17.0,18,4,11,1.5,7.5,0.24,10.7,551.3,482.5,545.9,33.8,5.83,Normal (<10%),31.6,4,0.18,11,20.9,21.7932,80.2015
2025-03-02 22:00:00,BAL_SOUTH_PIT,Shift_3_Night,479.9,8.0,17.0,18,4,14,0.5,4.8,0.22,0.0,529.1,430.5,455.4,24.5,5.11,Normal (<10%),34.1,4,0.77,14,20.1,21.8005,80.1901
2025-03-03 06:00:00,BAL_DEEP_LEVEL_3,Shift_1_Morning,465.4,7.5,18.0,18,3,12,2.4,11.8,0.24,17.9,536.5,466.5,420.6,44.8,9.63,Normal (<10%),28.4,5,0.82,13,21.3,21.8064,80.1876
2025-03-03 14:00:00,BAL_NORTH_PIT,Shift_2_Evening,402.2,8.0,22.0,24,3,14,2.5,11.2,0.3,11.2,428.9,455.1,388.4,13.8,3.43,Normal (<10%),28.3,3,0.83,15,20.6,21.8121,80.1843
2025-03-03 22:00:00,BAL_NORTH_PIT,Shift_3_Night,565.3,7.5,17.0,18,3,16,0.9,6.1,0.27,0.0,527.9,417.6,519.6,45.7,8.08,Normal (<10%),33.1,4,1.12,17,21.0,21.8121,80.1843
2025-03-04 06:00:00,BAL_DEEP_LEVEL_3,Shift_1_Morning,560.2,7.5,26.0,26,3,16,0.3,6.6,0.3,8.3,387.4,461.8,316.6,243.6,43.48,Critical (>25%),31.8,3,0.42,17,20.4,21.8064,80.1876
2025-03-04 14:00:00,BAL_SOUTH_PIT,Shift_2_Evening,420.9,8.0,19.0,20,3,16,1.6,6.9,0.26,1.2,433.9,493.7,415.3,5.6,1.33,Normal (<10%),32.3,5,0.55,16,19.5,21.8005,80.1901
2025-03-04 22:00:00,BAL_SOUTH_PIT,Shift_3_Night,515.4,8.0,18.0,20,2,13,7.4,33.7,0.34,15.8,497.0,484.9,426.7,88.7,17.21,Alert (10-25%),27.3,3,1.5,16,25.2,21.8005,80.1901
2025-03-05 06:00:00,BAL_SOUTH_PIT,Shift_1_Morning,492.8,8.0,20.0,20,3,13,1.5,7.5,0.25,8.9,516.8,452.6,492.8,0.0,0.0,Normal (<10%),31.9,3,0.52,14,18.0,21.8005,80.1901
2025-03-05 14:00:00,UKWA_EXTENSION,Shift_2_Evening,423.7,7.5,16.0,18,4,16,0.1,1.2,0.18,0.0,548.1,463.5,361.1,62.6,14.77,Alert (10-25%),35.8,5,0.6,17,17.7,21.7932,80.2015
2025-03-05 22:00:00,BAL_NORTH_PIT,Shift_3_Night,596.1,7.5,15.0,18,4,12,0.0,8.1,0.25,0.0,525.8,559.7,513.2,82.9,13.91,Alert (10-25%),33.1,4,0.69,12,20.4,21.8121,80.1843
2025-03-06 06:00:00,BAL_NORTH_PIT,Shift_1_Morning,442.9,8.0,20.0,22,4,14,0.6,5.2,0.3,5.9,475.9,441.0,434.6,8.3,1.87,Normal (<10%),32.0,6,1.21,16,20.6,21.8121,80.1843
2025-03-06 14:00:00,BAL_NORTH_PIT,Shift_2_Evening,413.4,8.0,20.0,22,1,12,0.3,2.9,0.27,1.4,387.0,349.5,308.8,104.6,25.3,Critical (>25%),31.5,1,0.79,13,18.8,21.8121,80.1843
2025-03-06 22:00:00,UKWA_EXTENSION,Shift_3_Night,519.0,7.5,21.0,22,3,15,2.5,6.8,0.28,9.6,386.6,489.6,437.9,81.1,15.63,Alert (10-25%),31.2,5,0.8,15,19.0,21.7932,80.2015
2025-03-07 06:00:00,BAL_NORTH_PIT,Shift_1_Morning,547.8,7.5,24.0,24,4,15,2.8,7.5,0.24,3.5,427.4,616.0,495.7,52.1,9.51,Normal (<10%),28.8,5,0.8,18,20.2,21.8121,80.1843
2025-03-07 14:00:00,UKWA_EXTENSION,Shift_2_Evening,406.5,8.0,21.0,22,2,12,0.4,7.5,0.28,3.0,492.0,383.4,353.8,52.7,12.96,Alert (10-25%),32.1,3,0.34,13,21.4,21.7932,80.2015
2025-03-07 22:00:00,BAL_SOUTH_PIT,Shift_3_Night,531.7,7.5,25.0,26,4,12,0.6,2.9,0.18,0.0,481.5,537.4,450.3,81.4,15.31,Alert (10-25%),34.0,4,0.6,15,21.7,21.8005,80.1901
2025-03-08 06:00:00,BAL_DEEP_LEVEL_3,Shift_1_Morning,506.5,7.5,17.0,18,2,12,0.4,7.1,0.16,7.2,467.5,425.1,410.0,96.5,19.05,Alert (10-25%),30.1,3,0.69,14,21.8,21.8064,80.1876
2025-03-08 14:00:00,BAL_NORTH_PIT,Shift_2_Evening,420.7,7.5,23.0,24,3,16,3.6,11.7,0.27,7.7,538.6,431.3,381.2,39.5,9.39,Normal (<10%),30.5,4,0.78,16,18.7,21.8121,80.1843
2025-03-08 22:00:00,BAL_NORTH_PIT,Shift_3_Night,434.5,7.5,24.0,26,3,12,1.0,4.0,0.2,8.6,424.6,482.7,403.6,30.9,7.11,Normal (<10%),30.7,4,0.66,15,19.3,21.8121,80.1843
2025-03-09 06:00:00,BAL_SOUTH_PIT,Shift_1_Morning,513.6,7.5,18.0,20,3,14,1.6,6.1,0.32,7.9,405.1,432.9,483.0,30.6,5.96,Normal (<10%),30.1,4,0.62,16,19.7,21.8005,80.1901
2025-03-09 14:00:00,BAL_DEEP_LEVEL_3,Shift_2_Evening,459.3,7.5,21.0,22,4,16,0.8,6.9,0.32,6.3,491.5,489.0,403.8,55.5,12.08,Alert (10-25%),31.6,4,0.14,16,21.6,21.8064,80.1876
2025-03-09 22:00:00,UKWA_EXTENSION,Shift_3_Night,587.7,8.0,19.0,22,2,12,1.5,9.2,0.21,2.5,549.5,429.5,474.7,113.0,19.23,Alert (10-25%),28.9,4,1.24,14,21.0,21.7932,80.2015
2025-03-10 06:00:00,BAL_DEEP_LEVEL_3,Shift_1_Morning,563.7,7.5,17.0,18,4,12,0.7,12.1,0.3,6.0,376.9,416.6,284.4,279.3,49.55,Critical (>25%),32.2,6,1.45,13,21.0,21.8064,80.1876
2025-03-10 14:00:00,BAL_SOUTH_PIT,Shift_2_Evening,596.7,8.0,24.0,26,3,12,0.6,4.7,0.12,5.9,578.0,594.3,571.0,25.7,4.31,Normal (<10%),34.0,3,0.23,15,20.4,21.8005,80.1901
2025-03-10 22:00:00,BAL_SOUTH_PIT,Shift_3_Night,451.9,8.0,23.0,26,3,14,1.5,8.9,0.26,5.7,522.3,363.9,412.1,39.8,8.81,Normal (<10%),31.4,5,1.17,14,20.0,21.8005,80.1901
2025-03-11 06:00:00,BAL_DEEP_LEVEL_3,Shift_1_Morning,593.9,7.5,21.0,22,3,12,1.3,7.6,0.25,12.2,451.0,584.0,511.3,82.6,13.91,Alert (10-25%),28.2,4,0.83,12,18.8,21.8064,80.1876
2025-03-11 14:00:00,UKWA_EXTENSION,Shift_2_Evening,486.2,8.0,20.0,22,4,11,0.5,2.6,0.16,8.3,422.0,479.1,449.6,36.6,7.53,Normal (<10%),31.3,4,0.4,11,19.6,21.7932,80.2015
2025-03-11 22:00:00,UKWA_EXTENSION,Shift_3_Night,469.5,8.0,25.0,26,3,12,0.2,1.5,0.22,0.0,488.0,508.7,433.8,35.7,7.6,Normal (<10%),34.4,3,0.0,13,19.6,21.7932,80.2015
2025-03-12 06:00:00,BAL_NORTH_PIT,Shift_1_Morning,410.1,8.0,24.0,26,4,14,0.7,5.4,0.18,4.1,407.0,385.5,393.0,17.1,4.17,Normal (<10%),28.3,4,0.01,15,18.6,21.8121,80.1843
2025-03-12 14:00:00,UKWA_EXTENSION,Shift_2_Evening,410.6,7.5,19.0,20,3,12,0.8,6.1,0.27,0.1,360.0,386.4,362.2,48.4,11.79,Alert (10-25%),31.4,3,0.17,12,20.6,21.7932,80.2015
2025-03-12 22:00:00,BAL_DEEP_LEVEL_3,Shift_3_Night,538.4,8.0,20.0,22,4,14,1.5,12.3,0.27,7.7,560.0,569.5,492.9,45.5,8.45,Normal (<10%),29.6,5,0.06,15,20.3,21.8064,80.1876
2025-03-13 06:00:00,BAL_SOUTH_PIT,Shift_1_Morning,491.6,7.5,21.0,22,3,14,3.7,23.1,0.39,20.1,497.7,540.7,448.6,43.0,8.75,Normal (<10%),31.0,4,1.15,14,22.0,21.8005,80.1901
2025-03-13 14:00:00,BAL_NORTH_PIT,Shift_2_Evening,445.3,8.0,26.0,26,3,16,0.1,9.9,0.17,3.9,357.8,439.0,440.2,5.1,1.15,Normal (<10%),31.2,4,0.81,16,19.5,21.8121,80.1843
2025-03-13 22:00:00,BAL_NORTH_PIT,Shift_3_Night,522.8,8.0,16.0,18,3,16,0.4,3.1,0.17,0.2,449.2,415.3,489.4,33.4,6.39,Normal (<10%),33.3,4,0.69,17,20.5,21.8121,80.1843
2025-03-14 06:00:00,BAL_SOUTH_PIT,Shift_1_Morning,450.6,8.0,26.0,26,3,13,0.3,2.5,0.19,0.0,422.9,525.1,450.6,0.0,0.0,Normal (<10%),33.5,3,0.0,13,19.5,21.8005,80.1901
2025-03-14 14:00:00,UKWA_EXTENSION,Shift_2_Evening,515.5,8.0,22.0,22,3,14,1.0,5.4,0.25,0.8,517.7,444.2,464.5,51.0,9.89,Normal (<10%),34.8,4,0.15,15,19.3,21.7932,80.2015
2025-03-14 22:00:00,BAL_SOUTH_PIT,Shift_3_Night,471.8,7.5,19.0,20,4,16,0.8,4.6,0.24,6.1,392.5,401.5,225.4,246.4,52.23,Critical (>25%),31.9,6,1.0,17,20.4,21.8005,80.1901
2025-03-15 06:00:00,UKWA_EXTENSION,Shift_1_Morning,564.7,8.0,21.0,22,3,14,2.0,4.5,0.24,1.8,507.8,509.5,531.3,33.4,5.91,Normal (<10%),32.8,3,0.99,14,20.1,21.7932,80.2015
2025-03-15 14:00:00,BAL_SOUTH_PIT,Shift_2_Evening,564.1,8.0,23.0,24,3,15,0.4,2.8,0.18,0.0,446.1,432.9,501.2,62.9,11.15,Alert (10-25%),30.5,3,0.19,18,21.0,21.8005,80.1901
2025-03-15 22:00:00,BAL_DEEP_LEVEL_3,Shift_3_Night,495.5,7.5,20.0,22,3,12,1.4,10.9,0.16,8.3,459.8,457.6,434.8,60.7,12.25,Alert (10-25%),34.0,5,1.26,14,21.4,21.8064,80.1876
2025-03-16 06:00:00,UKWA_EXTENSION,Shift_1_Morning,470.2,7.5,21.0,22,4,15,3.2,10.0,0.21,6.4,385.6,504.9,417.9,52.3,11.12,Alert (10-25%),30.8,6,0.86,18,20.4,21.7932,80.2015
2025-03-16 14:00:00,BAL_DEEP_LEVEL_3,Shift_2_Evening,472.5,7.5,21.0,22,4,12,3.6,10.4,0.32,12.5,400.8,510.5,419.6,52.9,11.2,Alert (10-25%),30.4,6,1.02,13,21.6,21.8064,80.1876
2025-03-16 22:00:00,BAL_NORTH_PIT,Shift_3_Night,561.1,8.0,24.0,26,3,13,4.8,12.3,0.23,7.5,456.9,492.9,512.2,48.9,8.72,Normal (<10%),31.6,3,0.76,13,18.4,21.8121,80.1843
2025-03-17 06:00:00,BAL_SOUTH_PIT,Shift_1_Morning,465.6,7.5,17.0,18,4,12,2.2,12.6,0.27,3.4,358.2,469.0,422.0,43.6,9.36,Normal (<10%),29.0,4,0.3,15,21.5,21.8005,80.1901
2025-03-17 14:00:00,BAL_NORTH_PIT,Shift_2_Evening,441.8,7.5,20.0,22,4,13,3.5,14.8,0.28,14.7,499.6,489.3,403.1,38.7,8.76,Normal (<10%),31.5,4,0.19,15,21.1,21.8121,80.1843
2025-03-17 22:00:00,BAL_NORTH_PIT,Shift_3_Night,416.9,7.5,20.0,22,4,12,0.4,2.6,0.22,0.0,477.7,515.2,366.6,50.3,12.07,Alert (10-25%),33.9,6,1.43,14,21.7,21.8121,80.1843
2025-03-18 06:00:00,BAL_NORTH_PIT,Shift_1_Morning,493.3,7.5,20.0,22,4,16,0.3,6.6,0.17,0.0,459.6,578.0,462.7,30.6,6.2,Normal (<10%),32.9,5,0.71,16,19.3,21.8121,80.1843
2025-03-18 14:00:00,BAL_NORTH_PIT,Shift_2_Evening,496.4,7.5,20.0,22,3,12,0.0,2.2,0.25,0.0,527.6,414.3,446.4,50.0,10.07,Alert (10-25%),29.9,3,0.73,15,21.4,21.8121,80.1843
2025-03-18 22:00:00,BAL_SOUTH_PIT,Shift_3_Night,568.2,7.5,22.0,22,3,14,1.8,8.7,0.24,2.7,612.5,591.8,495.9,72.3,12.72,Alert (10-25%),31.7,3,0.19,15,18.6,21.8005,80.1901
2025-03-19 06:00:00,BAL_NORTH_PIT,Shift_1_Morning,444.2,8.0,18.0,20,4,16,4.2,25.2,0.44,7.3,493.0,369.5,418.3,25.9,5.83,Normal (<10%),30.5,5,1.17,18,22.6,21.8121,80.1843
2025-03-19 14:00:00,BAL_SOUTH_PIT,Shift_2_Evening,476.2,7.5,25.0,26,3,12,0.3,6.0,0.21,0.0,299.2,471.6,242.1,234.1,49.16,Critical (>25%),29.4,4,0.78,14,19.6,21.8005,80.1901
2025-03-19 22:00:00,BAL_SOUTH_PIT,Shift_3_Night,561.7,8.0,24.0,26,3,16,1.5,4.1,0.27,6.6,493.0,404.5,319.2,242.5,43.17,Critical (>25%),30.4,5,1.13,16,22.3,21.8005,80.1901
2025-03-20 06:00:00,BAL_DEEP_LEVEL_3,Shift_1_Morning,564.7,7.5,21.0,22,4,12,2.1,9.6,0.23,5.5,488.5,494.9,510.2,54.5,9.65,Normal (<10%),33.2,6,1.04,12,19.3,21.8064,80.1876
2025-03-20 14:00:00,UKWA_EXTENSION,Shift_2_Evening,476.9,7.5,18.0,20,3,14,3.9,14.2,0.37,8.6,421.5,507.7,420.5,56.4,11.83,Alert (10-25%),31.0,4,0.55,14,21.1,21.7932,80.2015
2025-03-20 22:00:00,UKWA_EXTENSION,Shift_3_Night,491.8,7.5,23.0,24,4,11,1.6,9.1,0.28,5.8,416.6,418.6,406.5,85.3,17.34,Alert (10-25%),32.2,5,0.7,12,20.8,21.7932,80.2015
2025-03-21 06:00:00,BAL_SOUTH_PIT,Shift_1_Morning,460.7,8.0,22.0,24,3,14,5.3,22.9,0.25,18.1,556.7,407.9,444.7,16.0,3.47,Normal (<10%),33.5,4,0.59,17,20.5,21.8005,80.1901
2025-03-21 14:00:00,BAL_DEEP_LEVEL_3,Shift_2_Evening,586.5,7.5,19.0,20,3,16,0.6,5.7,0.3,0.0,500.8,412.7,533.3,53.2,9.07,Normal (<10%),32.4,5,1.29,16,19.6,21.8064,80.1876
2025-03-21 22:00:00,BAL_SOUTH_PIT,Shift_3_Night,423.7,7.5,23.0,24,4,16,0.6,2.0,0.25,4.1,529.9,542.1,350.7,73.0,17.23,Alert (10-25%),33.3,4,0.34,16,20.0,21.8005,80.1901
2025-03-22 06:00:00,BAL_SOUTH_PIT,Shift_1_Morning,586.7,7.5,25.0,26,4,13,1.2,2.4,0.19,2.2,427.3,535.7,539.5,47.2,8.04,Normal (<10%),36.7,5,0.25,14,19.8,21.8005,80.1901
2025-03-22 14:00:00,BAL_SOUTH_PIT,Shift_2_Evening,536.8,7.5,22.0,24,3,14,0.7,9.2,0.17,1.3,462.4,496.8,485.5,51.3,9.56,Normal (<10%),31.9,4,0.2,14,17.3,21.8005,80.1901
2025-03-22 22:00:00,BAL_DEEP_LEVEL_3,Shift_3_Night,506.3,8.0,19.0,22,3,16,0.0,8.7,0.3,8.8,439.3,370.5,260.3,246.0,48.59,Critical (>25%),30.3,3,0.0,16,19.8,21.8064,80.1876
2025-03-23 06:00:00,UKWA_EXTENSION,Shift_1_Morning,406.5,8.0,18.0,18,3,14,2.0,8.0,0.33,5.6,395.9,529.8,398.9,7.6,1.87,Normal (<10%),32.0,4,0.89,15,21.9,21.7932,80.2015
2025-03-23 14:00:00,BAL_DEEP_LEVEL_3,Shift_2_Evening,495.1,8.0,20.0,20,3,12,2.1,6.4,0.29,0.0,423.8,508.5,458.9,36.2,7.31,Normal (<10%),32.4,3,0.05,15,21.9,21.8064,80.1876
2025-03-23 22:00:00,BAL_NORTH_PIT,Shift_3_Night,481.5,8.0,16.0,18,3,16,2.1,7.1,0.28,0.0,541.4,394.1,446.4,35.1,7.29,Normal (<10%),31.0,3,0.49,16,21.3,21.8121,80.1843
2025-03-24 06:00:00,BAL_DEEP_LEVEL_3,Shift_1_Morning,432.2,8.0,19.0,20,3,14,0.6,3.7,0.25,4.9,488.3,423.0,416.9,15.3,3.54,Normal (<10%),30.7,3,0.44,14,18.7,21.8064,80.1876
2025-03-24 14:00:00,BAL_DEEP_LEVEL_3,Shift_2_Evening,531.3,7.5,19.0,20,4,14,1.1,9.6,0.3,11.5,470.8,568.4,464.5,66.8,12.57,Alert (10-25%),34.9,4,0.38,14,21.7,21.8064,80.1876
2025-03-24 22:00:00,BAL_DEEP_LEVEL_3,Shift_3_Night,594.2,7.5,20.0,20,3,11,0.7,2.9,0.2,3.3,406.4,481.3,502.8,91.4,15.38,Alert (10-25%),33.1,5,1.13,11,19.3,21.8064,80.1876
2025-03-25 06:00:00,BAL_DEEP_LEVEL_3,Shift_1_Morning,512.4,7.5,24.0,26,3,12,0.0,7.8,0.15,9.6,477.0,568.3,473.8,38.6,7.53,Normal (<10%),31.4,4,0.75,13,21.4,21.8064,80.1876
2025-03-25 14:00:00,UKWA_EXTENSION,Shift_2_Evening,543.0,8.0,24.0,26,3,12,1.2,11.5,0.3,13.8,480.7,381.0,196.9,346.1,63.74,Critical (>25%),32.7,3,0.0,12,20.5,21.7932,80.2015
2025-03-25 22:00:00,BAL_NORTH_PIT,Shift_3_Night,413.7,7.5,18.0,20,3,11,0.2,8.3,0.26,4.4,541.6,383.0,352.0,61.7,14.91,Alert (10-25%),31.6,4,0.6,11,18.0,21.8121,80.1843
2025-03-26 06:00:00,UKWA_EXTENSION,Shift_1_Morning,483.5,8.0,21.0,22,4,12,0.1,1.6,0.14,1.9,427.9,415.1,473.7,9.8,2.03,Normal (<10%),32.7,5,0.83,12,19.8,21.7932,80.2015
2025-03-26 14:00:00,UKWA_EXTENSION,Shift_2_Evening,423.3,7.5,23.0,24,2,14,2.1,13.3,0.16,12.2,362.7,388.3,337.7,85.6,20.22,Alert (10-25%),32.8,3,1.19,15,19.7,21.7932,80.2015
2025-03-26 22:00:00,BAL_DEEP_LEVEL_3,Shift_3_Night,522.6,8.0,22.0,22,3,16,0.0,3.4,0.22,0.0,528.7,428.4,477.1,45.5,8.71,Normal (<10%),30.5,4,1.21,17,19.5,21.8064,80.1876
2025-03-27 06:00:00,BAL_SOUTH_PIT,Shift_1_Morning,587.7,7.5,23.0,26,4,16,4.8,11.0,0.25,12.5,550.9,622.8,536.9,50.8,8.64,Normal (<10%),32.1,6,0.59,16,18.7,21.8005,80.1901
2025-03-27 14:00:00,BAL_SOUTH_PIT,Shift_2_Evening,532.4,7.5,18.0,20,3,14,1.1,6.1,0.22,10.9,472.2,560.7,467.2,65.2,12.25,Alert (10-25%),35.1,4,0.6,14,21.3,21.8005,80.1901
2025-03-27 22:00:00,UKWA_EXTENSION,Shift_3_Night,415.4,7.5,23.0,26,4,12,6.1,14.7,0.3,6.1,417.1,432.8,336.0,79.4,19.11,Alert (10-25%),31.7,5,0.23,13,20.6,21.7932,80.2015
2025-03-28 06:00:00,UKWA_EXTENSION,Shift_1_Morning,470.9,7.5,21.0,24,3,12,0.1,1.2,0.17,15.1,473.8,548.9,422.0,48.9,10.38,Alert (10-25%),32.3,4,1.16,13,21.1,21.7932,80.2015
2025-03-28 14:00:00,BAL_DEEP_LEVEL_3,Shift_2_Evening,510.1,8.0,16.0,18,3,14,1.3,8.4,0.28,9.6,391.6,514.3,460.6,49.5,9.7,Normal (<10%),30.9,3,0.7,14,19.8,21.8064,80.1876
2025-03-28 22:00:00,UKWA_EXTENSION,Shift_3_Night,480.6,7.5,17.0,18,3,16,0.6,4.2,0.26,2.0,487.2,435.0,421.9,58.7,12.21,Alert (10-25%),31.5,5,1.11,16,18.9,21.7932,80.2015
2025-03-29 06:00:00,BAL_DEEP_LEVEL_3,Shift_1_Morning,566.7,7.5,19.0,22,3,16,2.8,12.8,0.13,0.0,435.7,502.0,535.3,31.4,5.54,Normal (<10%),31.8,3,0.45,17,21.3,21.8064,80.1876
2025-03-29 14:00:00,BAL_SOUTH_PIT,Shift_2_Evening,562.9,7.5,19.0,20,2,14,0.7,4.4,0.22,2.5,465.1,438.6,229.3,333.6,59.26,Critical (>25%),31.8,3,1.11,15,19.9,21.8005,80.1901
2025-03-29 22:00:00,BAL_SOUTH_PIT,Shift_3_Night,522.4,8.0,26.0,26,3,12,0.5,5.4,0.24,5.7,601.9,421.4,487.8,34.6,6.62,Normal (<10%),33.5,4,1.06,12,19.7,21.8005,80.1901
2025-03-30 06:00:00,BAL_NORTH_PIT,Shift_1_Morning,474.7,7.5,21.0,22,3,16,2.9,9.1,0.28,7.6,407.2,515.3,436.2,38.5,8.11,Normal (<10%),29.0,4,1.05,16,18.9,21.8121,80.1843
2025-03-30 14:00:00,BAL_SOUTH_PIT,Shift_2_Evening,451.1,7.5,20.0,22,4,12,0.7,2.0,0.24,0.0,377.4,445.2,258.6,192.5,42.67,Critical (>25%),33.7,5,0.84,12,19.1,21.8005,80.1901
2025-03-30 22:00:00,UKWA_EXTENSION,Shift_3_Night,421.2,7.5,21.0,22,3,13,0.0,1.2,0.12,0.0,314.5,471.3,199.7,221.5,52.59,Critical (>25%),32.6,4,0.6,16,20.4,21.7932,80.2015
2025-03-31 06:00:00,BAL_SOUTH_PIT,Shift_1_Morning,471.0,7.5,22.0,24,4,16,0.7,4.9,0.23,6.7,353.4,462.4,221.9,249.1,52.89,Critical (>25%),32.8,5,0.93,18,19.2,21.8005,80.1901
2025-03-31 14:00:00,BAL_DEEP_LEVEL_3,Shift_2_Evening,482.6,7.5,21.0,22,3,14,1.6,6.7,0.22,7.4,504.9,356.2,395.2,87.4,18.11,Alert (10-25%),30.5,4,0.94,14,19.2,21.8064,80.1876
2025-03-31 22:00:00,BAL_SOUTH_PIT,Shift_3_Night,535.2,8.0,18.0,20,4,12,0.4,3.8,0.27,7.2,440.2,544.1,513.0,22.2,4.15,Normal (<10%),34.1,5,0.64,12,19.4,21.8005,80.1901
2025-04-01 06:00:00,BAL_NORTH_PIT,Shift_1_Morning,531.6,8.0,22.0,24,3,12,0.8,4.0,0.16,3.3,435.4,461.1,289.4,242.2,45.56,Critical (>25%),37.6,3,0.29,12,19.3,21.8121,80.1843
2025-04-01 14:00:00,BAL_SOUTH_PIT,Shift_2_Evening,414.0,8.0,17.0,18,4,11,0.1,1.6,0.21,0.9,498.3,463.9,376.1,37.9,9.15,Normal (<10%),37.1,5,1.04,13,21.6,21.8005,80.1901
2025-04-01 22:00:00,BAL_DEEP_LEVEL_3,Shift_3_Night,479.1,7.5,18.0,18,3,14,1.3,8.4,0.29,8.2,396.9,403.7,421.1,58.0,12.11,Alert (10-25%),32.3,5,1.5,17,21.1,21.8064,80.1876
2025-04-02 06:00:00,BAL_DEEP_LEVEL_3,Shift_1_Morning,436.4,8.0,17.0,18,3,13,2.1,11.2,0.29,7.9,311.4,341.4,171.4,265.0,60.72,Critical (>25%),35.6,4,0.48,13,19.7,21.8064,80.1876
2025-04-02 14:00:00,UKWA_EXTENSION,Shift_2_Evening,431.4,7.5,20.0,20,3,16,0.8,2.9,0.21,0.0,504.2,523.8,361.3,70.1,16.25,Alert (10-25%),36.1,4,0.62,17,22.6,21.7932,80.2015
2025-04-02 22:00:00,BAL_SOUTH_PIT,Shift_3_Night,565.5,7.5,20.0,20,4,12,0.8,3.7,0.28,10.1,456.9,383.5,238.6,326.9,57.81,Critical (>25%),32.6,5,0.81,12,19.5,21.8005,80.1901
2025-04-03 06:00:00,BAL_DEEP_LEVEL_3,Shift_1_Morning,408.4,7.5,23.0,24,4,13,0.1,5.9,0.19,8.5,323.6,453.9,157.7,250.7,61.39,Critical (>25%),35.4,4,0.55,16,20.5,21.8064,80.1876
2025-04-03 14:00:00,BAL_NORTH_PIT,Shift_2_Evening,483.8,7.5,17.0,18,4,12,0.3,2.1,0.25,3.5,412.9,533.9,440.1,43.7,9.03,Normal (<10%),35.9,4,0.24,12,19.3,21.8121,80.1843
2025-04-03 22:00:00,UKWA_EXTENSION,Shift_3_Night,433.6,8.0,23.0,24,4,12,0.3,6.8,0.28,0.0,514.4,530.3,404.2,29.4,6.78,Normal (<10%),35.6,4,0.97,12,19.8,21.7932,80.2015
2025-04-04 06:00:00,BAL_NORTH_PIT,Shift_1_Morning,575.9,8.0,17.0,18,3,11,1.0,6.2,0.16,8.3,527.4,470.6,531.6,44.3,7.69,Normal (<10%),35.8,4,0.83,14,20.6,21.8121,80.1843
2025-04-04 14:00:00,BAL_SOUTH_PIT,Shift_2_Evening,511.4,8.0,17.0,18,4,12,1.1,5.8,0.29,1.7,509.6,500.0,294.3,217.1,42.45,Critical (>25%),35.2,5,0.86,15,22.2,21.8005,80.1901
2025-04-04 22:00:00,BAL_SOUTH_PIT,Shift_3_Night,446.3,7.5,17.0,18,3,12,4.5,18.1,0.21,16.2,325.5,451.1,191.4,254.9,57.11,Critical (>25%),36.5,4,1.23,12,20.7,21.8005,80.1901
2025-04-05 06:00:00,BAL_SOUTH_PIT,Shift_1_Morning,500.5,8.0,17.0,18,4,16,0.1,15.5,0.3,13.1,382.4,498.3,296.6,203.9,40.74,Critical (>25%),35.8,5,0.57,19,23.0,21.8005,80.1901
2025-04-05 14:00:00,UKWA_EXTENSION,Shift_2_Evening,546.3,8.0,21.0,24,3,12,1.4,9.2,0.22,4.4,419.7,585.0,516.8,29.5,5.4,Normal (<10%),30.6,3,0.37,12,20.9,21.7932,80.2015
2025-04-05 22:00:00,BAL_DEEP_LEVEL_3,Shift_3_Night,591.6,7.5,18.0,20,3,14,1.1,2.3,0.26,6.8,522.5,495.9,508.2,83.4,14.1,Alert (10-25%),34.8,4,0.32,14,19.9,21.8064,80.1876
2025-04-06 06:00:00,UKWA_EXTENSION,Shift_1_Morning,444.1,8.0,17.0,18,4,14,1.1,7.0,0.25,0.0,500.2,556.0,444.1,0.0,0.0,Normal (<10%),34.7,5,0.65,15,20.7,21.7932,80.2015
2025-04-06 14:00:00,BAL_NORTH_PIT,Shift_2_Evening,577.2,7.5,21.0,22,4,10,3.1,16.1,0.37,11.0,466.2,446.0,509.0,68.2,11.82,Alert (10-25%),30.9,5,0.25,11,22.7,21.8121,80.1843
2025-04-06 22:00:00,UKWA_EXTENSION,Shift_3_Night,586.9,8.0,25.0,26,4,11,0.3,4.7,0.28,11.4,601.7,507.5,565.4,21.5,3.66,Normal (<10%),35.1,5,0.92,11,18.9,21.7932,80.2015
2025-04-07 06:00:00,BAL_NORTH_PIT,Shift_1_Morning,583.3,8.0,18.0,20,3,16,0.1,6.1,0.24,6.5,560.5,439.1,540.5,42.8,7.34,Normal (<10%),36.9,3,0.53,18,23.1,21.8121,80.1843
2025-04-07 14:00:00,UKWA_EXTENSION,Shift_2_Evening,527.1,8.0,19.0,20,4,14,1.7,4.6,0.28,7.6,504.8,459.8,496.7,30.4,5.77,Normal (<10%),33.3,5,0.62,16,20.2,21.7932,80.2015
2025-04-07 22:00:00,BAL_DEEP_LEVEL_3,Shift_3_Night,526.0,7.5,23.0,24,4,14,0.6,3.5,0.21,2.7,486.8,460.0,436.4,89.6,17.03,Alert (10-25%),36.0,5,0.67,14,19.1,21.8064,80.1876
2025-04-08 06:00:00,BAL_NORTH_PIT,Shift_1_Morning,480.6,8.0,24.0,26,3,13,0.0,2.6,0.16,1.6,463.5,471.7,456.2,24.4,5.08,Normal (<10%),34.5,4,0.93,16,19.1,21.8121,80.1843
2025-04-08 14:00:00,BAL_SOUTH_PIT,Shift_2_Evening,550.5,8.0,23.0,24,4,12,0.4,4.7,0.2,0.0,603.7,499.9,513.7,36.8,6.68,Normal (<10%),34.4,4,0.06,12,18.3,21.8005,80.1901
2025-04-08 22:00:00,BAL_SOUTH_PIT,Shift_3_Night,506.3,8.0,19.0,20,3,12,0.6,3.1,0.21,1.3,367.8,343.1,299.3,207.0,40.88,Critical (>25%),37.7,3,0.46,13,20.8,21.8005,80.1901
2025-04-09 06:00:00,UKWA_EXTENSION,Shift_1_Morning,535.5,8.0,16.0,18,3,12,1.4,7.8,0.1,8.6,443.5,519.2,521.4,14.1,2.63,Normal (<10%),35.0,3,0.61,12,21.3,21.7932,80.2015
2025-04-09 14:00:00,BAL_SOUTH_PIT,Shift_2_Evening,485.7,7.5,17.0,18,3,12,0.3,2.3,0.28,0.0,540.1,548.0,438.9,46.8,9.64,Normal (<10%),35.8,3,0.0,13,19.7,21.8005,80.1901
2025-04-09 22:00:00,BAL_NORTH_PIT,Shift_3_Night,546.3,7.5,21.0,24,3,11,0.8,3.5,0.21,0.0,511.0,520.2,461.6,84.7,15.5,Alert (10-25%),32.7,3,0.61,11,19.8,21.8121,80.1843
2025-04-10 06:00:00,BAL_SOUTH_PIT,Shift_1_Morning,564.9,8.0,20.0,20,4,16,1.0,3.5,0.27,4.4,437.2,482.4,544.5,20.4,3.61,Normal (<10%),37.9,4,0.0,16,20.1,21.8005,80.1901
2025-04-10 14:00:00,BAL_DEEP_LEVEL_3,Shift_2_Evening,429.3,8.0,19.0,20,2,12,0.9,13.1,0.27,12.9,403.0,346.7,171.1,258.2,60.14,Critical (>25%),35.2,2,0.36,12,21.4,21.8064,80.1876
2025-04-10 22:00:00,BAL_DEEP_LEVEL_3,Shift_3_Night,566.6,8.0,19.0,20,3,16,5.5,16.0,0.2,20.7,516.8,448.5,535.5,31.1,5.49,Normal (<10%),34.2,3,0.05,19,23.6,21.8064,80.1876
2025-04-11 06:00:00,UKWA_EXTENSION,Shift_1_Morning,508.1,7.5,20.0,22,4,14,0.1,4.2,0.22,1.4,465.9,453.1,486.3,21.8,4.29,Normal (<10%),36.2,5,1.13,14,21.1,21.7932,80.2015
2025-04-11 14:00:00,BAL_NORTH_PIT,Shift_2_Evening,568.9,8.0,17.0,18,4,16,4.5,15.7,0.27,9.2,538.7,456.8,545.1,23.8,4.18,Normal (<10%),32.0,5,0.35,17,20.7,21.8121,80.1843
2025-04-11 22:00:00,BAL_DEEP_LEVEL_3,Shift_3_Night,486.3,8.0,22.0,24,4,12,1.3,6.7,0.2,8.6,544.7,462.7,450.3,36.0,7.4,Normal (<10%),37.0,4,0.0,12,20.1,21.8064,80.1876
2025-04-12 06:00:00,BAL_DEEP_LEVEL_3,Shift_1_Morning,475.8,7.5,22.0,24,3,12,2.4,11.6,0.24,10.6,514.6,357.7,411.2,64.6,13.58,Alert (10-25%),34.1,5,1.04,12,20.8,21.8064,80.1876
2025-04-12 14:00:00,BAL_NORTH_PIT,Shift_2_Evening,583.0,7.5,17.0,18,3,13,0.8,3.4,0.22,1.0,491.5,480.0,310.9,272.1,46.67,Critical (>25%),35.1,3,0.28,13,19.5,21.8121,80.1843
2025-04-12 22:00:00,BAL_SOUTH_PIT,Shift_3_Night,450.2,7.5,23.0,24,3,15,0.9,10.4,0.13,6.8,549.5,508.7,384.0,66.2,14.7,Alert (10-25%),34.7,4,0.25,18,19.5,21.8005,80.1901
2025-04-13 06:00:00,BAL_SOUTH_PIT,Shift_1_Morning,568.8,8.0,23.0,24,4,16,3.2,8.3,0.26,2.4,442.7,426.3,536.3,32.5,5.71,Normal (<10%),33.9,4,0.56,17,19.7,21.8005,80.1901
2025-04-13 14:00:00,UKWA_EXTENSION,Shift_2_Evening,496.8,7.5,23.0,24,3,12,3.4,18.1,0.32,6.3,519.1,380.1,463.5,33.3,6.7,Normal (<10%),34.7,3,0.0,15,23.4,21.7932,80.2015
2025-04-13 22:00:00,BAL_SOUTH_PIT,Shift_3_Night,502.8,7.5,23.0,24,3,14,0.4,2.6,0.24,1.1,410.6,450.3,445.4,57.4,11.42,Alert (10-25%),35.7,3,0.09,16,21.6,21.8005,80.1901
2025-04-14 06:00:00,BAL_NORTH_PIT,Shift_1_Morning,461.7,8.0,24.0,24,3,12,0.3,2.3,0.2,9.1,427.6,448.5,461.7,0.0,0.0,Normal (<10%),36.6,3,0.23,13,19.5,21.8121,80.1843
2025-04-14 14:00:00,BAL_DEEP_LEVEL_3,Shift_2_Evening,514.6,7.5,18.0,20,4,16,1.0,6.8,0.33,0.9,447.0,487.1,446.5,68.1,13.23,Alert (10-25%),34.5,4,0.64,19,21.8,21.8064,80.1876
2025-04-14 22:00:00,BAL_SOUTH_PIT,Shift_3_Night,465.0,8.0,21.0,22,3,13,3.5,8.6,0.27,0.0,415.7,535.0,417.0,48.0,10.32,Alert (10-25%),35.5,3,0.79,13,21.3,21.8005,80.1901
2025-04-15 06:00:00,UKWA_EXTENSION,Shift_1_Morning,407.9,8.0,25.0,26,2,12,0.6,6.0,0.21,0.0,494.5,416.9,374.9,33.0,8.09,Normal (<10%),34.6,2,0.73,13,18.3,21.7932,80.2015
2025-04-15 14:00:00,BAL_SOUTH_PIT,Shift_2_Evening,454.4,7.5,19.0,20,4,16,1.6,5.9,0.17,6.6,411.4,389.3,217.8,236.6,52.07,Critical (>25%),38.9,5,0.65,17,19.3,21.8005,80.1901
2025-04-15 22:00:00,BAL_NORTH_PIT,Shift_3_Night,401.3,8.0,17.0,20,4,16,1.8,8.8,0.18,8.0,453.5,579.6,367.4,33.9,8.45,Normal (<10%),32.9,5,0.0,17,22.0,21.8121,80.1843
2025-04-16 06:00:00,UKWA_EXTENSION,Shift_1_Morning,595.7,7.5,18.0,20,4,16,2.3,9.5,0.27,12.7,560.3,492.1,560.6,35.1,5.89,Normal (<10%),36.5,4,0.52,18,21.3,21.7932,80.2015
2025-04-16 14:00:00,BAL_SOUTH_PIT,Shift_2_Evening,593.1,7.5,19.0,20,3,10,1.2,9.5,0.28,11.6,447.3,475.0,480.7,112.4,18.95,Alert (10-25%),36.6,3,0.84,10,19.1,21.8005,80.1901
2025-04-16 22:00:00,UKWA_EXTENSION,Shift_3_Night,479.0,7.5,23.0,24,3,13,0.8,7.9,0.25,6.8,413.4,464.8,234.0,245.0,51.15,Critical (>25%),33.6,4,1.07,14,20.5,21.7932,80.2015
2025-04-17 06:00:00,BAL_NORTH_PIT,Shift_1_Morning,545.7,8.0,23.0,26,3,12,5.1,12.6,0.26,11.7,526.5,469.7,543.4,2.3,0.42,Normal (<10%),37.8,4,0.84,13,21.7,21.8121,80.1843
2025-04-17 14:00:00,BAL_DEEP_LEVEL_3,Shift_2_Evening,469.2,7.5,24.0,26,3,15,1.4,6.9,0.22,0.9,476.9,500.1,429.4,39.8,8.48,Normal (<10%),36.6,4,0.34,15,17.2,21.8064,80.1876
2025-04-17 22:00:00,BAL_NORTH_PIT,Shift_3_Night,534.2,8.0,23.0,24,3,16,2.0,8.7,0.27,9.2,348.6,456.4,501.1,33.1,6.2,Normal (<10%),36.1,3,0.24,19,21.5,21.8121,80.1843
2025-04-18 06:00:00,BAL_NORTH_PIT,Shift_1_Morning,561.1,8.0,23.0,24,3,16,0.6,5.8,0.19,3.3,485.1,472.9,561.1,0.0,0.0,Normal (<10%),35.4,4,1.28,16,19.1,21.8121,80.1843
2025-04-18 14:00:00,BAL_NORTH_PIT,Shift_2_Evening,589.4,8.0,25.0,26,3,12,1.7,19.9,0.3,17.5,574.0,547.0,573.1,16.3,2.77,Normal (<10%),33.3,5,0.57,12,19.4,21.8121,80.1843
2025-04-18 22:00:00,BAL_NORTH_PIT,Shift_3_Night,480.0,7.5,19.0,20,4,16,0.4,1.6,0.21,3.2,537.1,468.1,427.6,52.4,10.92,Alert (10-25%),35.3,4,0.06,16,19.4,21.8121,80.1843
2025-04-19 06:00:00,BAL_DEEP_LEVEL_3,Shift_1_Morning,556.7,8.0,23.0,24,3,13,0.4,3.8,0.25,0.2,600.9,599.4,549.6,7.1,1.28,Normal (<10%),35.8,4,0.98,14,20.0,21.8064,80.1876
2025-04-19 14:00:00,BAL_DEEP_LEVEL_3,Shift_2_Evening,453.2,8.0,19.0,20,4,10,1.9,7.5,0.2,0.0,441.1,368.5,406.0,47.2,10.41,Alert (10-25%),37.3,4,0.27,10,19.6,21.8064,80.1876
2025-04-19 22:00:00,UKWA_EXTENSION,Shift_3_Night,598.1,7.5,19.0,20,3,14,1.1,6.3,0.18,1.7,614.8,530.2,521.8,76.3,12.76,Alert (10-25%),35.7,3,0.05,14,19.1,21.7932,80.2015
2025-04-20 06:00:00,BAL_SOUTH_PIT,Shift_1_Morning,405.2,7.5,24.0,24,3,16,1.7,6.6,0.24,5.3,449.1,428.4,367.4,37.8,9.33,Normal (<10%),33.7,4,1.16,18,19.6,21.8005,80.1901
2025-04-20 14:00:00,BAL_DEEP_LEVEL_3,Shift_2_Evening,520.7,8.0,23.0,24,4,10,0.5,6.5,0.24,0.3,430.5,480.0,482.8,37.9,7.28,Normal (<10%),36.3,5,0.84,10,18.4,21.8064,80.1876
2025-04-20 22:00:00,BAL_DEEP_LEVEL_3,Shift_3_Night,531.9,8.0,25.0,26,4,15,1.4,3.5,0.22,1.6,571.5,498.3,504.1,27.8,5.23,Normal (<10%),36.8,5,0.59,15,18.8,21.8064,80.1876
2025-04-21 06:00:00,BAL_SOUTH_PIT,Shift_1_Morning,537.6,7.5,22.0,24,4,11,0.9,6.8,0.1,10.0,585.6,429.2,504.0,33.6,6.25,Normal (<10%),36.8,4,0.06,11,19.9,21.8005,80.1901
2025-04-21 14:00:00,BAL_DEEP_LEVEL_3,Shift_2_Evening,424.1,8.0,17.0,18,3,16,1.4,5.9,0.25,9.8,491.4,357.7,389.0,35.1,8.28,Normal (<10%),36.1,3,1.01,16,20.1,21.8064,80.1876
2025-04-21 22:00:00,BAL_NORTH_PIT,Shift_3_Night,587.7,8.0,20.0,20,4,10,0.5,3.4,0.35,4.7,439.7,583.1,508.5,79.2,13.48,Alert (10-25%),34.2,6,0.99,10,20.2,21.8121,80.1843
2025-04-22 06:00:00,BAL_NORTH_PIT,Shift_1_Morning,436.2,8.0,20.0,20,4,12,1.9,8.2,0.29,12.3,372.6,479.3,423.3,12.9,2.96,Normal (<10%),33.2,6,1.42,14,20.0,21.8121,80.1843
2025-04-22 14:00:00,BAL_SOUTH_PIT,Shift_2_Evening,524.6,8.0,21.0,22,3,11,2.5,8.6,0.15,0.0,458.7,531.1,506.0,18.6,3.55,Normal (<10%),34.1,5,1.27,11,19.0,21.8005,80.1901
2025-04-22 22:00:00,UKWA_EXTENSION,Shift_3_Night,444.5,7.5,19.0,20,4,16,0.5,3.6,0.2,8.9,451.0,369.1,387.8,56.7,12.76,Alert (10-25%),33.1,5,0.54,16,20.2,21.7932,80.2015
2025-04-23 06:00:00,UKWA_EXTENSION,Shift_1_Morning,461.4,8.0,16.0,18,3,15,0.5,4.3,0.21,0.0,419.5,479.7,269.5,191.9,41.59,Critical (>25%),35.8,5,0.85,15,20.0,21.7932,80.2015
2025-04-23 14:00:00,BAL_SOUTH_PIT,Shift_2_Evening,509.3,7.5,19.0,20,4,16,1.6,6.9,0.22,4.7,470.2,378.9,208.6,300.7,59.04,Critical (>25%),35.0,4,0.83,16,19.3,21.8005,80.1901
2025-04-23 22:00:00,BAL_SOUTH_PIT,Shift_3_Night,483.4,8.0,19.0,20,4,9,1.8,7.9,0.18,1.2,365.2,482.2,416.4,67.0,13.86,Alert (10-25%),34.6,4,0.84,9,16.9,21.8005,80.1901
2025-04-24 06:00:00,BAL_NORTH_PIT,Shift_1_Morning,432.0,7.5,21.0,22,4,16,1.8,8.6,0.2,9.4,448.7,397.0,192.2,239.8,55.51,Critical (>25%),30.7,4,0.0,19,20.2,21.8121,80.1843
2025-04-24 14:00:00,UKWA_EXTENSION,Shift_2_Evening,434.2,8.0,19.0,20,3,13,1.7,13.0,0.31,0.8,432.4,374.5,390.0,44.2,10.18,Alert (10-25%),32.2,3,0.56,16,21.4,21.7932,80.2015
2025-04-24 22:00:00,BAL_DEEP_LEVEL_3,Shift_3_Night,483.6,7.5,17.0,18,4,12,0.7,6.5,0.27,0.0,459.6,408.9,422.2,61.4,12.7,Alert (10-25%),36.5,4,0.36,12,19.1,21.8064,80.1876
2025-04-25 06:00:00,BAL_NORTH_PIT,Shift_1_Morning,551.5,8.0,23.0,24,4,14,0.8,4.1,0.21,0.0,504.7,568.9,551.5,0.0,0.0,Normal (<10%),34.4,6,0.69,14,19.1,21.8121,80.1843
2025-04-25 14:00:00,BAL_SOUTH_PIT,Shift_2_Evening,579.6,7.5,21.0,24,2,11,0.4,3.6,0.27,0.0,415.3,449.9,482.4,97.2,16.77,Alert (10-25%),35.6,2,0.48,14,21.9,21.8005,80.1901
2025-04-25 22:00:00,UKWA_EXTENSION,Shift_3_Night,416.8,8.0,20.0,20,4,13,0.3,2.5,0.18,0.0,371.7,250.0,192.6,224.2,53.79,Critical (>25%),33.6,5,0.3,13,19.2,21.7932,80.2015
2025-04-26 06:00:00,BAL_DEEP_LEVEL_3,Shift_1_Morning,478.6,8.0,23.0,24,2,11,1.8,7.5,0.22,1.6,563.1,398.1,424.3,54.3,11.35,Alert (10-25%),37.2,2,0.26,11,20.8,21.8064,80.1876
2025-04-26 14:00:00,BAL_DEEP_LEVEL_3,Shift_2_Evening,420.0,7.5,25.0,26,2,12,0.1,1.2,0.19,4.2,464.1,527.4,356.9,63.1,15.02,Alert (10-25%),35.5,3,0.46,12,17.7,21.8064,80.1876
2025-04-26 22:00:00,BAL_NORTH_PIT,Shift_3_Night,403.3,7.5,24.0,26,4,16,4.2,12.8,0.19,8.1,489.8,486.8,350.9,52.4,12.99,Alert (10-25%),35.3,5,0.55,16,19.6,21.8121,80.1843
2025-04-27 06:00:00,UKWA_EXTENSION,Shift_1_Morning,532.3,7.5,16.0,18,4,14,2.6,21.1,0.29,21.8,526.2,597.3,486.9,45.4,8.53,Normal (<10%),37.1,4,0.39,15,19.5,21.7932,80.2015
2025-04-27 14:00:00,UKWA_EXTENSION,Shift_2_Evening,520.5,7.5,19.0,20,3,11,2.9,8.5,0.32,6.8,372.3,478.5,443.9,76.6,14.72,Alert (10-25%),36.7,3,0.1,12,20.4,21.7932,80.2015
2025-04-27 22:00:00,BAL_SOUTH_PIT,Shift_3_Night,432.6,7.5,22.0,24,4,16,3.6,16.7,0.36,15.5,453.5,377.8,376.1,56.5,13.06,Alert (10-25%),33.0,4,0.87,16,20.1,21.8005,80.1901
2025-04-28 06:00:00,UKWA_EXTENSION,Shift_1_Morning,446.8,8.0,24.0,24,3,15,0.8,4.7,0.23,6.0,455.6,380.4,433.7,13.1,2.93,Normal (<10%),34.4,5,1.15,15,20.9,21.7932,80.2015
2025-04-28 14:00:00,UKWA_EXTENSION,Shift_2_Evening,404.7,7.5,17.0,18,3,16,2.8,11.5,0.25,3.2,507.8,403.9,366.9,37.8,9.34,Normal (<10%),34.1,4,1.24,16,20.6,21.7932,80.2015
2025-04-28 22:00:00,BAL_NORTH_PIT,Shift_3_Night,567.0,7.5,25.0,26,3,12,0.3,10.8,0.34,4.6,530.8,554.2,487.7,79.3,13.99,Alert (10-25%),34.9,5,0.95,13,22.1,21.8121,80.1843
2025-04-29 06:00:00,UKWA_EXTENSION,Shift_1_Morning,594.9,8.0,18.0,20,4,13,0.0,3.8,0.21,7.5,513.5,518.7,540.6,54.3,9.13,Normal (<10%),35.3,6,0.84,13,19.1,21.7932,80.2015
2025-04-29 14:00:00,BAL_DEEP_LEVEL_3,Shift_2_Evening,427.1,7.5,23.0,26,4,11,2.3,12.9,0.24,0.0,477.7,354.6,379.1,48.0,11.24,Alert (10-25%),33.9,4,0.93,11,19.2,21.8064,80.1876
2025-04-29 22:00:00,BAL_NORTH_PIT,Shift_3_Night,446.3,7.5,16.0,18,4,12,0.1,2.6,0.26,4.2,406.1,481.0,384.2,62.1,13.91,Alert (10-25%),37.4,5,0.53,14,19.5,21.8121,80.1843
2025-04-30 06:00:00,BAL_NORTH_PIT,Shift_1_Morning,573.7,7.5,19.0,20,3,15,6.7,15.4,0.19,9.4,432.4,437.7,327.8,245.9,42.86,Critical (>25%),34.5,3,0.35,16,20.7,21.8121,80.1843
2025-04-30 14:00:00,BAL_SOUTH_PIT,Shift_2_Evening,585.3,8.0,18.0,18,3,14,1.7,12.9,0.26,4.9,355.8,394.1,313.8,271.5,46.39,Critical (>25%),37.9,5,1.22,15,22.5,21.8005,80.1901
2025-04-30 22:00:00,UKWA_EXTENSION,Shift_3_Night,483.9,7.5,17.0,18,4,12,2.1,14.1,0.27,8.1,533.4,485.6,406.5,77.4,16.0,Alert (10-25%),34.4,5,0.33,12,20.9,21.7932,80.2015
2025-05-01 06:00:00,BAL_SOUTH_PIT,Shift_1_Morning,410.1,8.0,23.0,24,3,13,0.4,1.3,0.23,9.0,418.1,402.2,392.0,18.1,4.41,Normal (<10%),40.4,4,0.91,13,19.1,21.8005,80.1901
2025-05-01 14:00:00,BAL_DEEP_LEVEL_3,Shift_2_Evening,407.9,8.0,24.0,26,3,11,1.7,13.0,0.24,0.0,479.7,451.6,374.2,33.7,8.26,Normal (<10%),37.3,5,1.18,13,20.8,21.8064,80.1876
2025-05-01 22:00:00,BAL_NORTH_PIT,Shift_3_Night,514.8,7.5,17.0,18,4,14,0.1,1.7,0.2,0.0,540.5,429.8,456.3,58.5,11.36,Alert (10-25%),39.3,6,1.38,17,20.5,21.8121,80.1843
2025-05-02 06:00:00,BAL_NORTH_PIT,Shift_1_Morning,478.6,8.0,17.0,18,3,14,2.7,9.9,0.25,0.0,400.1,365.4,444.4,34.2,7.15,Normal (<10%),35.8,5,1.27,15,22.5,21.8121,80.1843
2025-05-02 14:00:00,BAL_NORTH_PIT,Shift_2_Evening,405.7,7.5,19.0,20,2,15,0.3,2.3,0.2,0.0,465.0,428.2,313.5,92.2,22.73,Alert (10-25%),36.5,2,0.79,15,20.6,21.8121,80.1843
2025-05-02 22:00:00,BAL_DEEP_LEVEL_3,Shift_3_Night,516.7,7.5,19.0,20,3,13,1.8,9.5,0.24,3.2,501.3,547.2,449.3,67.4,13.04,Alert (10-25%),37.7,3,0.37,14,20.7,21.8064,80.1876
2025-05-03 06:00:00,BAL_DEEP_LEVEL_3,Shift_1_Morning,402.3,7.5,23.0,26,3,16,0.4,4.3,0.26,3.7,440.6,344.6,213.2,189.1,47.0,Critical (>25%),38.8,5,0.74,16,19.9,21.8064,80.1876
2025-05-03 14:00:00,BAL_SOUTH_PIT,Shift_2_Evening,557.5,7.5,26.0,26,4,12,0.1,5.4,0.26,1.2,495.0,342.4,258.8,298.7,53.58,Critical (>25%),37.3,4,1.03,12,20.2,21.8005,80.1901
2025-05-03 22:00:00,BAL_SOUTH_PIT,Shift_3_Night,461.3,7.5,23.0,26,3,12,1.0,4.7,0.25,5.4,527.2,488.2,391.0,70.3,15.24,Alert (10-25%),35.4,3,0.0,12,20.3,21.8005,80.1901
2025-05-04 06:00:00,BAL_SOUTH_PIT,Shift_1_Morning,408.1,8.0,23.0,24,3,14,0.3,2.1,0.13,0.0,511.3,527.3,389.0,19.1,4.68,Normal (<10%),36.2,3,0.0,15,18.9,21.8005,80.1901
2025-05-04 14:00:00,UKWA_EXTENSION,Shift_2_Evening,517.7,8.0,23.0,24,4,14,2.0,11.9,0.28,18.4,524.8,389.9,487.6,30.1,5.81,Normal (<10%),34.4,5,0.87,14,19.5,21.7932,80.2015
2025-05-04 22:00:00,BAL_NORTH_PIT,Shift_3_Night,479.5,8.0,17.0,18,3,16,0.4,3.5,0.18,5.4,459.0,486.8,459.4,20.1,4.19,Normal (<10%),35.2,4,1.19,17,20.7,21.8121,80.1843
2025-05-05 06:00:00,BAL_NORTH_PIT,Shift_1_Morning,594.8,8.0,19.0,20,3,14,0.6,6.3,0.33,6.8,556.1,516.7,594.8,0.0,0.0,Normal (<10%),36.9,5,1.06,15,20.8,21.8121,80.1843
2025-05-05 14:00:00,BAL_SOUTH_PIT,Shift_2_Evening,508.8,7.5,23.0,24,3,16,1.3,6.0,0.23,7.1,487.8,541.5,442.1,66.7,13.11,Alert (10-25%),39.0,4,1.0,16,20.7,21.8005,80.1901
2025-05-05 22:00:00,BAL_NORTH_PIT,Shift_3_Night,455.0,7.5,20.0,22,3,12,0.5,4.9,0.21,0.0,516.3,515.3,379.1,75.9,16.68,Alert (10-25%),37.5,4,0.1,12,21.2,21.8121,80.1843
2025-05-06 06:00:00,BAL_SOUTH_PIT,Shift_1_Morning,541.9,8.0,25.0,26,3,12,0.7,13.7,0.34,7.9,549.5,587.6,526.7,15.2,2.8,Normal (<10%),32.7,4,0.55,13,21.8,21.8005,80.1901
2025-05-06 14:00:00,UKWA_EXTENSION,Shift_2_Evening,454.3,7.5,19.0,20,4,14,2.5,7.7,0.3,4.1,459.9,499.5,409.2,45.1,9.93,Normal (<10%),36.5,4,0.0,14,20.6,21.7932,80.2015
2025-05-06 22:00:00,UKWA_EXTENSION,Shift_3_Night,580.8,8.0,17.0,18,3,12,0.3,1.4,0.2,0.0,550.3,488.3,553.5,27.3,4.7,Normal (<10%),37.6,4,0.93,12,22.5,21.7932,80.2015
2025-05-07 06:00:00,BAL_DEEP_LEVEL_3,Shift_1_Morning,474.9,8.0,19.0,20,4,16,0.1,2.0,0.15,0.0,455.6,575.8,474.0,0.9,0.19,Normal (<10%),41.3,6,0.54,18,20.0,21.8064,80.1876
2025-05-07 14:00:00,UKWA_EXTENSION,Shift_2_Evening,510.0,8.0,19.0,20,3,13,0.6,6.7,0.15,8.6,539.2,484.8,480.2,29.8,5.84,Normal (<10%),35.6,3,0.02,13,18.2,21.7932,80.2015
2025-05-07 22:00:00,BAL_SOUTH_PIT,Shift_3_Night,410.1,8.0,16.0,18,3,12,0.8,3.3,0.16,1.9,370.2,477.6,197.3,212.8,51.89,Critical (>25%),37.4,3,0.55,12,18.9,21.8005,80.1901
2025-05-08 06:00:00,UKWA_EXTENSION,Shift_1_Morning,485.2,7.5,23.0,24,4,12,1.2,5.2,0.24,5.0,553.1,534.7,436.4,48.8,10.06,Alert (10-25%),39.9,5,1.02,14,22.1,21.7932,80.2015
2025-05-08 14:00:00,BAL_DEEP_LEVEL_3,Shift_2_Evening,566.5,7.5,21.0,22,4,12,0.7,2.4,0.2,0.0,561.4,454.5,503.9,62.6,11.05,Alert (10-25%),38.5,5,0.65,13,18.4,21.8064,80.1876
2025-05-08 22:00:00,BAL_NORTH_PIT,Shift_3_Night,561.1,8.0,23.0,24,4,12,2.3,9.9,0.2,0.0,357.5,395.0,329.7,231.4,41.24,Critical (>25%),38.0,4,0.57,12,19.0,21.8121,80.1843
2025-05-09 06:00:00,BAL_SOUTH_PIT,Shift_1_Morning,444.9,8.0,25.0,26,3,14,0.1,0.8,0.18,0.0,472.4,544.8,435.0,9.9,2.23,Normal (<10%),38.2,3,0.56,16,21.0,21.8005,80.1901
2025-05-09 14:00:00,BAL_NORTH_PIT,Shift_2_Evening,445.2,8.0,21.0,22,3,16,0.8,4.9,0.31,11.5,410.7,412.3,429.8,15.4,3.46,Normal (<10%),37.4,4,0.64,16,19.9,21.8121,80.1843
2025-05-09 22:00:00,BAL_DEEP_LEVEL_3,Shift_3_Night,563.5,8.0,21.0,22,4,14,0.7,2.9,0.27,12.0,544.9,563.6,542.3,21.2,3.76,Normal (<10%),38.5,5,0.37,15,20.1,21.8064,80.1876
2025-05-10 06:00:00,BAL_DEEP_LEVEL_3,Shift_1_Morning,586.1,8.0,22.0,24,3,14,1.6,12.3,0.35,13.1,488.0,488.3,581.4,4.7,0.8,Normal (<10%),34.9,4,0.87,15,22.3,21.8064,80.1876
2025-05-10 14:00:00,BAL_DEEP_LEVEL_3,Shift_2_Evening,419.1,7.5,23.0,24,4,12,5.1,16.1,0.25,8.8,503.3,517.4,361.9,57.2,13.65,Alert (10-25%),37.7,6,1.18,14,20.5,21.8064,80.1876
2025-05-10 22:00:00,BAL_NORTH_PIT,Shift_3_Night,490.0,8.0,24.0,26,3,14,1.1,4.0,0.26,4.8,339.9,346.1,248.7,241.3,49.24,Critical (>25%),35.3,4,0.97,16,19.1,21.8121,80.1843
2025-05-11 06:00:00,BAL_NORTH_PIT,Shift_1_Morning,467.5,8.0,25.0,26,4,16,6.5,23.6,0.35,22.0,416.9,422.6,467.5,0.0,0.0,Normal (<10%),35.7,5,0.82,17,20.5,21.8121,80.1843
2025-05-11 14:00:00,BAL_NORTH_PIT,Shift_2_Evening,574.1,7.5,18.0,20,4,14,0.5,5.6,0.3,13.0,468.8,432.5,509.3,64.8,11.29,Alert (10-25%),37.2,4,0.05,14,20.7,21.8121,80.1843
2025-05-11 22:00:00,BAL_NORTH_PIT,Shift_3_Night,416.7,7.5,17.0,18,3,14,0.0,3.5,0.22,0.0,423.1,496.0,365.3,51.4,12.34,Alert (10-25%),36.7,3,0.61,17,21.0,21.8121,80.1843
2025-05-12 06:00:00,BAL_DEEP_LEVEL_3,Shift_1_Morning,442.2,7.5,23.0,24,3,15,0.3,11.6,0.22,8.8,488.9,518.2,400.4,41.8,9.45,Normal (<10%),36.9,4,0.7,15,19.3,21.8064,80.1876
2025-05-12 14:00:00,BAL_DEEP_LEVEL_3,Shift_2_Evening,550.5,7.5,16.0,18,4,16,0.8,3.5,0.17,0.7,549.7,414.6,506.5,44.0,7.99,Normal (<10%),37.0,4,0.26,16,18.1,21.8064,80.1876
2025-05-12 22:00:00,BAL_SOUTH_PIT,Shift_3_Night,410.3,7.5,24.0,24,4,12,0.6,9.6,0.25,9.3,493.0,468.5,367.4,42.9,10.46,Alert (10-25%),35.3,5,0.61,13,20.2,21.8005,80.1901
2025-05-13 06:00:00,BAL_SOUTH_PIT,Shift_1_Morning,498.5,7.5,21.0,22,3,16,0.2,9.0,0.25,6.3,491.2,454.2,452.6,45.9,9.21,Normal (<10%),36.4,3,0.19,16,21.2,21.8005,80.1901
2025-05-13 14:00:00,BAL_NORTH_PIT,Shift_2_Evening,488.4,7.5,25.0,26,4,16,0.9,13.2,0.28,3.8,403.8,450.2,448.1,40.3,8.25,Normal (<10%),34.8,4,0.67,17,20.0,21.8121,80.1843
2025-05-13 22:00:00,UKWA_EXTENSION,Shift_3_Night,466.9,7.5,21.0,22,4,11,0.6,4.5,0.15,5.0,544.6,529.0,380.3,86.6,18.55,Alert (10-25%),38.4,4,0.0,11,18.5,21.7932,80.2015
2025-05-14 06:00:00,UKWA_EXTENSION,Shift_1_Morning,478.9,7.5,22.0,24,3,12,0.2,1.7,0.27,0.0,457.9,427.6,438.5,40.4,8.44,Normal (<10%),35.7,3,0.1,13,18.9,21.7932,80.2015
2025-05-14 14:00:00,BAL_DEEP_LEVEL_3,Shift_2_Evening,506.0,8.0,23.0,26,3,11,0.5,5.4,0.16,3.4,453.8,355.6,235.2,270.8,53.52,Critical (>25%),38.9,4,0.6,11,18.9,21.8064,80.1876
2025-05-14 22:00:00,BAL_DEEP_LEVEL_3,Shift_3_Night,432.3,7.5,19.0,20,3,16,3.3,13.1,0.33,8.8,360.6,470.2,382.0,50.3,11.64,Alert (10-25%),34.4,4,1.18,17,21.5,21.8064,80.1876
2025-05-15 06:00:00,BAL_DEEP_LEVEL_3,Shift_1_Morning,514.4,8.0,25.0,26,3,14,0.5,7.9,0.22,13.7,468.6,401.5,258.4,256.0,49.77,Critical (>25%),36.4,4,1.02,15,22.3,21.8064,80.1876
2025-05-15 14:00:00,BAL_SOUTH_PIT,Shift_2_Evening,561.1,8.0,24.0,26,3,14,1.9,6.4,0.32,5.9,578.3,506.6,538.0,23.1,4.12,Normal (<10%),35.8,3,0.0,16,21.3,21.8005,80.1901
2025-05-15 22:00:00,BAL_SOUTH_PIT,Shift_3_Night,552.0,8.0,22.0,24,3,13,1.4,9.0,0.16,5.6,521.7,634.4,513.7,38.3,6.94,Normal (<10%),39.5,4,1.11,13,19.4,21.8005,80.1901
2025-05-16 06:00:00,BAL_DEEP_LEVEL_3,Shift_1_Morning,430.8,8.0,18.0,18,4,15,0.8,11.5,0.32,11.3,466.1,382.7,274.4,156.4,36.3,Critical (>25%),36.9,4,0.8,18,22.7,21.8064,80.1876
2025-05-16 14:00:00,BAL_DEEP_LEVEL_3,Shift_2_Evening,429.8,8.0,25.0,26,4,12,0.4,4.9,0.17,0.0,410.7,423.5,414.0,15.8,3.68,Normal (<10%),37.5,4,0.05,12,20.0,21.8064,80.1876
2025-05-16 22:00:00,BAL_DEEP_LEVEL_3,Shift_3_Night,453.6,8.0,23.0,24,3,14,0.7,2.5,0.16,2.2,366.2,491.4,416.3,37.3,8.22,Normal (<10%),38.8,3,0.0,14,18.5,21.8064,80.1876
2025-05-17 06:00:00,UKWA_EXTENSION,Shift_1_Morning,472.2,8.0,25.0,26,4,13,1.3,7.7,0.32,8.3,453.8,319.4,243.0,229.2,48.54,Critical (>25%),33.5,4,0.38,14,23.1,21.7932,80.2015
2025-05-17 14:00:00,BAL_SOUTH_PIT,Shift_2_Evening,481.7,8.0,24.0,24,2,14,0.6,3.8,0.26,5.5,548.6,390.7,428.0,53.7,11.15,Alert (10-25%),37.3,2,0.74,14,19.8,21.8005,80.1901
2025-05-17 22:00:00,UKWA_EXTENSION,Shift_3_Night,535.9,7.5,21.0,22,3,12,0.4,5.1,0.15,0.8,519.4,486.7,464.6,71.3,13.3,Alert (10-25%),40.9,3,0.88,14,20.2,21.7932,80.2015
2025-05-18 06:00:00,UKWA_EXTENSION,Shift_1_Morning,411.3,8.0,23.0,24,4,16,0.2,2.7,0.22,3.6,354.2,381.6,170.4,240.9,58.57,Critical (>25%),37.9,4,0.14,16,20.0,21.7932,80.2015
2025-05-18 14:00:00,BAL_DEEP_LEVEL_3,Shift_2_Evening,406.9,8.0,22.0,22,4,12,3.2,7.0,0.31,8.1,436.2,448.0,403.6,3.3,0.81,Normal (<10%),36.9,5,1.23,15,21.8,21.8064,80.1876
2025-05-18 22:00:00,BAL_DEEP_LEVEL_3,Shift_3_Night,478.4,8.0,21.0,22,3,16,0.9,6.2,0.26,0.0,437.6,415.3,418.7,59.7,12.48,Alert (10-25%),38.0,4,0.03,16,21.5,21.8064,80.1876
2025-05-19 06:00:00,BAL_NORTH_PIT,Shift_1_Morning,539.4,8.0,16.0,18,3,12,1.5,3.8,0.22,0.0,440.7,478.0,324.9,214.5,39.77,Critical (>25%),38.9,3,0.29,15,20.2,21.8121,80.1843
2025-05-19 14:00:00,BAL_NORTH_PIT,Shift_2_Evening,438.7,7.5,22.0,22,3,11,1.0,5.2,0.28,1.9,391.8,508.6,373.1,65.6,14.95,Alert (10-25%),34.1,3,0.27,11,20.8,21.8121,80.1843
2025-05-19 22:00:00,UKWA_EXTENSION,Shift_3_Night,528.3,8.0,23.0,24,3,12,3.1,13.9,0.29,20.9,494.6,480.1,486.7,41.6,7.87,Normal (<10%),33.8,3,0.75,13,21.1,21.7932,80.2015
2025-05-20 06:00:00,BAL_SOUTH_PIT,Shift_1_Morning,452.0,7.5,18.0,18,3,14,1.2,11.9,0.18,4.2,373.8,377.4,177.9,274.1,60.64,Critical (>25%),37.5,4,1.09,17,22.0,21.8005,80.1901
2025-05-20 14:00:00,BAL_DEEP_LEVEL_3,Shift_2_Evening,577.2,7.5,17.0,18,3,16,1.0,3.9,0.22,4.2,410.5,561.7,499.3,77.9,13.5,Alert (10-25%),36.5,5,1.29,16,19.3,21.8064,80.1876
2025-05-20 22:00:00,BAL_DEEP_LEVEL_3,Shift_3_Night,579.1,8.0,17.0,18,4,16,3.9,19.0,0.32,10.9,580.6,533.6,537.7,41.4,7.15,Normal (<10%),37.7,4,0.0,16,20.7,21.8064,80.1876
2025-05-21 06:00:00,UKWA_EXTENSION,Shift_1_Morning,459.5,8.0,20.0,22,2,13,1.9,7.5,0.25,0.3,422.0,520.4,394.7,64.8,14.1,Alert (10-25%),36.6,2,0.66,16,21.9,21.7932,80.2015
2025-05-21 14:00:00,BAL_NORTH_PIT,Shift_2_Evening,446.0,7.5,22.0,24,3,11,0.2,3.1,0.2,5.6,461.9,473.7,274.3,171.7,38.5,Critical (>25%),34.8,3,0.55,11,19.7,21.8121,80.1843
2025-05-21 22:00:00,BAL_SOUTH_PIT,Shift_3_Night,482.3,8.0,24.0,26,2,16,0.3,3.1,0.24,0.0,432.5,379.8,393.8,88.5,18.35,Alert (10-25%),35.6,2,0.0,16,18.8,21.8005,80.1901
2025-05-22 06:00:00,BAL_NORTH_PIT,Shift_1_Morning,448.1,8.0,24.0,26,3,16,2.3,12.2,0.27,15.4,486.5,387.5,448.1,0.0,0.0,Normal (<10%),32.5,3,0.0,17,22.1,21.8121,80.1843
2025-05-22 14:00:00,BAL_NORTH_PIT,Shift_2_Evening,534.5,7.5,16.0,18,4,13,2.7,7.5,0.14,0.0,594.5,482.1,478.4,56.1,10.5,Alert (10-25%),37.4,4,0.71,13,20.0,21.8121,80.1843
2025-05-22 22:00:00,BAL_NORTH_PIT,Shift_3_Night,565.2,7.5,18.0,20,3,12,1.2,3.8,0.15,0.0,444.4,404.4,489.9,75.3,13.32,Alert (10-25%),37.7,4,0.65,15,20.3,21.8121,80.1843
2025-05-23 06:00:00,BAL_NORTH_PIT,Shift_1_Morning,534.6,8.0,25.0,26,3,14,1.2,7.2,0.25,7.7,527.9,419.2,529.3,5.3,0.99,Normal (<10%),36.5,4,0.31,17,20.7,21.8121,80.1843
2025-05-23 14:00:00,BAL_DEEP_LEVEL_3,Shift_2_Evening,564.9,8.0,23.0,24,4,13,1.5,3.0,0.25,5.8,455.8,419.6,543.6,21.3,3.77,Normal (<10%),39.1,6,0.94,13,20.0,21.8064,80.1876
2025-05-23 22:00:00,BAL_DEEP_LEVEL_3,Shift_3_Night,479.4,8.0,18.0,18,3,12,0.9,4.2,0.18,4.0,480.4,561.8,432.3,47.1,9.82,Normal (<10%),39.6,3,0.51,12,20.0,21.8064,80.1876
2025-05-24 06:00:00,BAL_NORTH_PIT,Shift_1_Morning,431.3,7.5,18.0,20,3,14,1.7,11.5,0.29,5.0,448.5,439.0,390.1,41.2,9.55,Normal (<10%),36.3,3,0.38,16,19.6,21.8121,80.1843
2025-05-24 14:00:00,BAL_SOUTH_PIT,Shift_2_Evening,547.6,8.0,23.0,24,4,14,0.2,0.7,0.23,0.0,420.8,581.4,533.4,14.2,2.59,Normal (<10%),34.6,4,0.0,15,20.2,21.8005,80.1901
2025-05-24 22:00:00,UKWA_EXTENSION,Shift_3_Night,472.1,7.5,19.0,20,3,14,4.9,21.4,0.3,13.8,440.7,317.3,242.8,229.3,48.57,Critical (>25%),36.6,3,0.98,16,22.5,21.7932,80.2015
2025-05-25 06:00:00,BAL_SOUTH_PIT,Shift_1_Morning,534.3,7.5,24.0,26,4,16,2.1,8.6,0.26,1.5,487.5,464.4,490.3,44.0,8.24,Normal (<10%),37.8,4,0.7,19,18.9,21.8005,80.1901
2025-05-25 14:00:00,BAL_SOUTH_PIT,Shift_2_Evening,454.1,8.0,18.0,20,3,15,1.5,4.7,0.24,15.2,465.6,467.6,428.4,25.7,5.66,Normal (<10%),37.8,3,0.3,15,19.9,21.8005,80.1901
2025-05-25 22:00:00,BAL_SOUTH_PIT,Shift_3_Night,416.2,7.5,19.0,22,4,16,0.6,3.4,0.26,2.9,419.3,441.8,360.7,55.5,13.33,Alert (10-25%),38.8,4,0.31,16,20.5,21.8005,80.1901
2025-05-26 06:00:00,BAL_NORTH_PIT,Shift_1_Morning,598.5,8.0,21.0,22,2,12,0.3,4.1,0.27,0.0,535.0,601.7,540.4,58.1,9.71,Normal (<10%),35.5,2,0.51,13,20.8,21.8121,80.1843
2025-05-26 14:00:00,BAL_DEEP_LEVEL_3,Shift_2_Evening,431.2,8.0,16.0,18,2,12,0.8,5.8,0.18,2.2,525.4,447.1,367.3,63.9,14.82,Alert (10-25%),40.7,3,0.36,13,20.6,21.8064,80.1876
2025-05-26 22:00:00,BAL_SOUTH_PIT,Shift_3_Night,597.7,7.5,20.0,22,3,11,1.6,9.9,0.21,10.4,446.2,596.6,523.6,74.1,12.4,Alert (10-25%),35.7,5,1.1,12,19.9,21.8005,80.1901
2025-05-27 06:00:00,BAL_NORTH_PIT,Shift_1_Morning,595.5,8.0,19.0,20,3,12,1.5,11.3,0.33,13.3,410.2,513.6,397.6,197.9,33.23,Critical (>25%),37.4,5,0.6,12,19.6,21.8121,80.1843
2025-05-27 14:00:00,BAL_SOUTH_PIT,Shift_2_Evening,558.8,7.5,21.0,22,3,12,0.7,5.0,0.27,1.8,507.0,416.5,478.2,80.6,14.42,Alert (10-25%),34.6,3,0.38,12,18.1,21.8005,80.1901
2025-05-27 22:00:00,BAL_SOUTH_PIT,Shift_3_Night,531.9,7.5,16.0,18,4,12,1.4,11.6,0.29,7.1,517.4,557.0,468.2,63.7,11.98,Alert (10-25%),35.1,4,0.05,13,21.9,21.8005,80.1901
2025-05-28 06:00:00,BAL_NORTH_PIT,Shift_1_Morning,515.6,8.0,24.0,26,3,12,2.5,9.3,0.29,9.0,384.9,328.8,299.8,215.8,41.85,Critical (>25%),39.0,5,0.66,12,21.0,21.8121,80.1843
2025-05-28 14:00:00,BAL_DEEP_LEVEL_3,Shift_2_Evening,573.2,8.0,16.0,18,4,14,0.0,6.9,0.29,0.0,533.4,545.5,554.1,19.1,3.33,Normal (<10%),36.5,6,1.49,15,21.7,21.8064,80.1876
2025-05-28 22:00:00,BAL_DEEP_LEVEL_3,Shift_3_Night,457.9,8.0,17.0,18,3,16,0.9,4.8,0.23,4.9,554.2,480.4,406.8,51.1,11.16,Alert (10-25%),38.7,4,0.72,16,18.9,21.8064,80.1876
2025-05-29 06:00:00,UKWA_EXTENSION,Shift_1_Morning,493.5,8.0,20.0,20,3,14,2.1,11.2,0.24,8.9,579.9,420.9,463.9,29.6,6.0,Normal (<10%),37.2,3,0.46,17,22.1,21.7932,80.2015
2025-05-29 14:00:00,BAL_NORTH_PIT,Shift_2_Evening,523.9,7.5,19.0,20,2,16,1.2,7.1,0.26,7.4,506.8,430.2,432.7,91.2,17.41,Alert (10-25%),36.9,3,0.1,17,18.9,21.8121,80.1843
2025-05-29 22:00:00,UKWA_EXTENSION,Shift_3_Night,482.2,7.5,23.0,24,4,12,1.6,7.3,0.24,4.7,546.8,417.5,399.9,82.3,17.07,Alert (10-25%),39.2,5,0.52,15,20.2,21.7932,80.2015
2025-05-30 06:00:00,UKWA_EXTENSION,Shift_1_Morning,485.5,7.5,22.0,22,3,16,1.1,6.6,0.31,0.0,468.9,571.1,428.0,57.5,11.84,Alert (10-25%),36.5,5,1.14,18,21.2,21.7932,80.2015
2025-05-30 14:00:00,UKWA_EXTENSION,Shift_2_Evening,466.1,8.0,23.0,26,4,16,7.2,30.9,0.43,21.7,449.3,587.6,442.0,24.1,5.17,Normal (<10%),31.5,5,0.85,17,23.5,21.7932,80.2015
2025-05-30 22:00:00,BAL_DEEP_LEVEL_3,Shift_3_Night,512.8,7.5,23.0,24,3,12,0.1,9.0,0.29,1.6,501.1,540.6,471.2,41.6,8.11,Normal (<10%),35.5,3,0.0,12,22.0,21.8064,80.1876
2025-05-31 06:00:00,BAL_NORTH_PIT,Shift_1_Morning,570.1,7.5,19.0,20,3,16,1.0,4.7,0.16,11.8,385.0,387.4,514.0,56.1,9.84,Normal (<10%),38.7,4,0.76,17,19.4,21.8121,80.1843
2025-05-31 14:00:00,UKWA_EXTENSION,Shift_2_Evening,440.3,8.0,25.0,26,4,14,0.1,5.0,0.17,12.1,491.8,523.0,438.9,1.4,0.32,Normal (<10%),38.4,5,0.81,15,18.9,21.7932,80.2015
2025-05-31 22:00:00,BAL_NORTH_PIT,Shift_3_Night,586.9,8.0,18.0,20,4,14,0.3,3.1,0.15,0.0,553.7,519.1,537.1,49.8,8.49,Normal (<10%),35.7,4,0.79,17,19.4,21.8121,80.1843
2025-06-01 06:00:00,BAL_NORTH_PIT,Shift_1_Morning,537.8,8.0,21.0,22,3,14,19.3,46.8,0.44,26.9,444.8,464.0,515.2,22.6,4.2,Normal (<10%),32.5,3,0.43,14,22.8,21.8121,80.1843
2025-06-01 14:00:00,BAL_DEEP_LEVEL_3,Shift_2_Evening,564.7,7.5,17.0,18,3,11,25.1,81.6,0.65,42.9,458.0,390.2,489.7,75.0,13.28,Alert (10-25%),28.7,3,0.24,11,29.0,21.8064,80.1876
2025-06-01 22:00:00,UKWA_EXTENSION,Shift_3_Night,511.2,8.0,25.0,26,4,12,17.1,37.9,0.37,28.9,401.7,521.2,309.0,202.2,39.55,Critical (>25%),34.2,6,0.85,12,23.3,21.7932,80.2015
2025-06-02 06:00:00,UKWA_EXTENSION,Shift_1_Morning,555.9,7.5,23.0,26,4,14,14.0,50.9,0.42,31.1,429.9,596.5,517.9,38.0,6.84,Normal (<10%),31.3,4,0.33,14,24.7,21.7932,80.2015
2025-06-02 14:00:00,BAL_NORTH_PIT,Shift_2_Evening,403.2,7.5,23.0,24,4,16,12.5,28.4,0.35,20.3,470.9,380.5,362.4,40.8,10.12,Alert (10-25%),34.7,5,0.99,17,22.0,21.8121,80.1843
2025-06-02 22:00:00,BAL_SOUTH_PIT,Shift_3_Night,563.7,7.5,24.0,26,3,11,29.6,60.2,0.46,37.4,354.1,406.9,237.7,326.0,57.83,Critical (>25%),31.3,5,0.52,11,24.4,21.8005,80.1901
2025-06-03 06:00:00,BAL_DEEP_LEVEL_3,Shift_1_Morning,408.0,7.5,24.0,26,3,13,25.9,66.2,0.54,36.1,459.9,340.7,169.0,239.0,58.58,Critical (>25%),32.6,3,0.65,13,25.9,21.8064,80.1876
2025-06-03 14:00:00,BAL_DEEP_LEVEL_3,Shift_2_Evening,578.0,7.5,18.0,20,4,15,2.0,9.5,0.24,7.4,520.3,492.2,534.8,43.2,7.47,Normal (<10%),39.0,4,0.83,15,19.5,21.8064,80.1876
2025-06-03 22:00:00,BAL_DEEP_LEVEL_3,Shift_3_Night,598.4,8.0,21.0,22,4,14,28.3,73.4,0.53,55.4,344.0,384.9,300.7,297.7,49.75,Critical (>25%),30.7,5,1.15,16,26.1,21.8064,80.1876
2025-06-04 06:00:00,BAL_DEEP_LEVEL_3,Shift_1_Morning,458.8,7.5,21.0,24,4,13,8.0,29.2,0.35,19.3,556.6,532.6,404.2,54.6,11.9,Alert (10-25%),35.0,5,1.05,13,21.2,21.8064,80.1876
2025-06-04 14:00:00,UKWA_EXTENSION,Shift_2_Evening,442.1,8.0,20.0,20,3,16,4.4,10.0,0.29,1.5,524.3,391.0,439.1,3.0,0.68,Normal (<10%),37.7,3,0.0,16,19.9,21.7932,80.2015
2025-06-04 22:00:00,UKWA_EXTENSION,Shift_3_Night,553.1,7.5,24.0,24,4,11,30.6,82.8,0.54,54.5,395.3,537.6,443.4,109.7,19.83,Alert (10-25%),28.9,5,0.75,11,26.3,21.7932,80.2015
2025-06-05 06:00:00,BAL_SOUTH_PIT,Shift_1_Morning,450.6,7.5,22.0,24,3,16,8.5,21.0,0.31,16.6,412.8,459.6,403.3,47.3,10.5,Alert (10-25%),34.7,3,0.84,18,21.1,21.8005,80.1901
2025-06-05 14:00:00,BAL_DEEP_LEVEL_3,Shift_2_Evening,573.1,8.0,20.0,22,4,16,24.8,47.5,0.33,30.7,556.6,439.5,540.3,32.8,5.72,Normal (<10%),32.8,5,0.96,17,23.5,21.8064,80.1876
2025-06-05 22:00:00,BAL_DEEP_LEVEL_3,Shift_3_Night,420.6,7.5,20.0,22,3,16,4.6,22.3,0.3,9.4,445.3,518.2,368.9,51.7,12.29,Alert (10-25%),35.5,4,0.75,16,21.4,21.8064,80.1876
2025-06-06 06:00:00,BAL_NORTH_PIT,Shift_1_Morning,425.2,7.5,17.0,18,4,15,0.1,4.2,0.26,12.9,429.8,527.0,387.3,37.9,8.91,Normal (<10%),36.4,5,0.36,17,20.4,21.8121,80.1843
2025-06-06 14:00:00,UKWA_EXTENSION,Shift_2_Evening,595.8,8.0,18.0,20,4,12,10.3,24.1,0.37,8.5,553.3,422.7,535.4,60.4,10.14,Alert (10-25%),36.1,4,0.46,12,20.8,21.7932,80.2015
2025-06-06 22:00:00,BAL_DEEP_LEVEL_3,Shift_3_Night,534.8,8.0,21.0,22,3,14,1.6,7.5,0.21,16.4,400.1,442.1,501.8,33.0,6.17,Normal (<10%),39.2,3,0.06,14,19.8,21.8064,80.1876
2025-06-07 06:00:00,BAL_SOUTH_PIT,Shift_1_Morning,569.4,7.5,23.0,24,3,10,21.1,85.3,0.6,56.4,430.7,518.0,265.3,304.1,53.41,Critical (>25%),27.2,5,1.9,12,27.0,21.8005,80.1901
2025-06-07 14:00:00,BAL_SOUTH_PIT,Shift_2_Evening,464.9,7.5,22.0,24,4,12,4.8,11.8,0.25,12.4,374.5,429.5,416.1,48.8,10.5,Alert (10-25%),37.6,5,1.52,12,20.3,21.8005,80.1901
2025-06-07 22:00:00,UKWA_EXTENSION,Shift_3_Night,535.3,7.5,22.0,24,4,14,8.8,16.2,0.23,11.9,507.7,546.2,466.4,68.9,12.87,Alert (10-25%),37.0,5,0.85,15,21.9,21.7932,80.2015
2025-06-08 06:00:00,BAL_SOUTH_PIT,Shift_1_Morning,518.8,8.0,18.0,20,4,15,1.4,12.4,0.27,3.9,550.4,411.3,504.9,13.9,2.68,Normal (<10%),37.9,4,0.21,16,19.5,21.8005,80.1901
2025-06-08 14:00:00,BAL_SOUTH_PIT,Shift_2_Evening,520.6,7.5,25.0,26,4,12,5.1,16.8,0.23,17.8,404.8,412.4,241.3,279.3,53.65,Critical (>25%),37.3,5,0.0,12,22.6,21.8005,80.1901
2025-06-08 22:00:00,UKWA_EXTENSION,Shift_3_Night,536.5,8.0,16.0,18,3,11,22.8,96.5,0.71,67.4,424.0,378.2,474.2,62.3,11.61,Alert (10-25%),25.8,4,0.84,11,28.0,21.7932,80.2015
2025-06-09 06:00:00,BAL_DEEP_LEVEL_3,Shift_1_Morning,515.1,8.0,22.0,24,4,14,2.5,8.6,0.21,5.3,463.9,548.9,515.1,0.0,0.0,Normal (<10%),36.2,4,0.87,16,21.0,21.8064,80.1876
2025-06-09 14:00:00,BAL_DEEP_LEVEL_3,Shift_2_Evening,485.8,7.5,17.0,18,3,16,15.6,53.3,0.45,39.2,359.4,383.4,175.1,310.7,63.96,Critical (>25%),33.1,4,0.67,16,23.1,21.8064,80.1876
2025-06-09 22:00:00,BAL_SOUTH_PIT,Shift_3_Night,455.2,8.0,25.0,26,4,13,37.4,99.9,0.72,65.9,443.8,463.9,406.3,48.9,10.74,Alert (10-25%),29.2,4,0.96,13,29.5,21.8005,80.1901
2025-06-10 06:00:00,BAL_SOUTH_PIT,Shift_1_Morning,553.7,7.5,17.0,18,4,15,17.1,53.2,0.5,24.5,486.1,524.6,316.0,237.7,42.93,Critical (>25%),29.4,5,1.17,16,24.5,21.8005,80.1901
2025-06-10 14:00:00,BAL_DEEP_LEVEL_3,Shift_2_Evening,445.3,7.5,19.0,20,3,11,25.0,49.6,0.48,24.5,325.7,344.2,238.1,207.2,46.53,Critical (>25%),33.7,5,1.69,11,23.5,21.8064,80.1876
2025-06-10 22:00:00,UKWA_EXTENSION,Shift_3_Night,538.5,8.0,18.0,20,4,16,1.7,10.7,0.27,7.0,458.4,590.6,482.8,55.7,10.34,Alert (10-25%),39.3,5,0.64,16,19.7,21.7932,80.2015
2025-06-11 06:00:00,BAL_SOUTH_PIT,Shift_1_Morning,446.7,8.0,22.0,24,4,15,4.3,15.4,0.22,8.7,459.6,345.8,216.2,230.5,51.6,Critical (>25%),37.2,4,0.28,15,20.0,21.8005,80.1901
2025-06-11 14:00:00,BAL_NORTH_PIT,Shift_2_Evening,525.1,8.0,17.0,18,2,11,33.7,75.3,0.57,49.8,581.3,538.0,445.5,79.6,15.16,Alert (10-25%),31.4,3,1.18,14,27.6,21.8121,80.1843
2025-06-11 22:00:00,UKWA_EXTENSION,Shift_3_Night,549.4,8.0,21.0,22,4,12,18.8,57.7,0.48,36.8,453.6,507.9,493.3,56.1,10.21,Alert (10-25%),31.4,5,0.83,13,24.9,21.7932,80.2015
2025-06-12 06:00:00,BAL_SOUTH_PIT,Shift_1_Morning,443.7,8.0,26.0,26,4,12,15.3,31.6,0.34,15.5,400.8,545.2,430.0,13.7,3.09,Normal (<10%),35.3,5,0.62,13,22.3,21.8005,80.1901
2025-06-12 14:00:00,BAL_SOUTH_PIT,Shift_2_Evening,412.0,8.0,19.0,20,4,12,16.3,34.4,0.38,16.0,417.5,541.0,404.6,7.4,1.8,Normal (<10%),32.5,4,0.64,13,22.0,21.8005,80.1901
2025-06-12 22:00:00,BAL_NORTH_PIT,Shift_3_Night,426.2,7.5,20.0,20,4,12,8.0,30.8,0.31,16.3,490.8,482.4,380.3,45.9,10.77,Alert (10-25%),32.2,5,0.85,15,22.1,21.8121,80.1843
2025-06-13 06:00:00,BAL_NORTH_PIT,Shift_1_Morning,521.2,7.5,24.0,26,3,11,0.7,7.3,0.23,8.6,529.3,457.8,469.5,51.7,9.92,Normal (<10%),39.5,3,1.04,13,20.2,21.8121,80.1843
2025-06-13 14:00:00,BAL_DEEP_LEVEL_3,Shift_2_Evening,569.9,7.5,20.0,22,3,12,23.0,70.3,0.54,42.8,451.5,507.6,448.4,121.5,21.32,Alert (10-25%),29.7,4,1.25,12,25.9,21.8064,80.1876
2025-06-13 22:00:00,UKWA_EXTENSION,Shift_3_Night,409.0,8.0,20.0,22,4,16,17.0,37.7,0.37,30.3,433.8,404.9,163.2,245.8,60.1,Critical (>25%),34.1,5,1.19,17,23.5,21.7932,80.2015
2025-06-14 06:00:00,UKWA_EXTENSION,Shift_1_Morning,546.8,8.0,22.0,24,4,11,9.6,33.5,0.31,17.2,518.7,469.3,523.7,23.1,4.22,Normal (<10%),33.4,5,0.49,12,23.1,21.7932,80.2015
2025-06-14 14:00:00,BAL_DEEP_LEVEL_3,Shift_2_Evening,468.3,8.0,25.0,26,4,14,34.5,61.1,0.45,46.7,579.5,382.6,448.4,19.9,4.25,Normal (<10%),30.3,5,1.2,14,24.4,21.8064,80.1876
2025-06-14 22:00:00,UKWA_EXTENSION,Shift_3_Night,495.7,7.5,20.0,22,3,14,6.1,21.6,0.38,11.8,379.5,511.3,408.0,87.7,17.69,Alert (10-25%),35.7,5,0.8,17,23.2,21.7932,80.2015
2025-06-15 06:00:00,UKWA_EXTENSION,Shift_1_Morning,585.8,7.5,20.0,22,4,12,5.2,16.7,0.29,9.6,526.9,458.8,509.6,76.2,13.01,Alert (10-25%),35.8,5,0.82,12,20.6,21.7932,80.2015
2025-06-15 14:00:00,UKWA_EXTENSION,Shift_2_Evening,466.4,8.0,19.0,20,4,12,30.9,103.8,0.81,67.7,509.9,581.9,424.4,42.0,9.01,Normal (<10%),27.4,5,1.61,14,28.1,21.7932,80.2015
2025-06-15 22:00:00,UKWA_EXTENSION,Shift_3_Night,493.1,8.0,16.0,18,3,13,23.9,91.5,0.75,63.9,365.1,486.7,279.3,213.8,43.36,Critical (>25%),28.9,5,1.61,13,27.8,21.7932,80.2015
2025-06-16 06:00:00,UKWA_EXTENSION,Shift_1_Morning,402.7,8.0,25.0,26,3,14,10.9,42.9,0.48,29.9,509.2,481.6,394.9,7.8,1.94,Normal (<10%),34.2,3,1.31,15,23.5,21.7932,80.2015
2025-06-16 14:00:00,BAL_NORTH_PIT,Shift_2_Evening,416.3,8.0,23.0,26,4,16,2.1,8.5,0.18,6.4,371.3,406.7,406.9,9.4,2.26,Normal (<10%),38.6,4,0.83,18,19.4,21.8121,80.1843
2025-06-16 22:00:00,UKWA_EXTENSION,Shift_3_Night,451.7,7.5,19.0,20,3,11,3.6,20.2,0.37,13.1,485.4,420.6,383.6,68.1,15.08,Alert (10-25%),38.5,4,1.05,12,21.3,21.7932,80.2015
2025-06-17 06:00:00,BAL_NORTH_PIT,Shift_1_Morning,405.6,7.5,23.0,24,4,14,16.0,56.3,0.48,34.7,373.5,325.9,357.7,47.9,11.81,Alert (10-25%),31.0,4,0.93,14,24.4,21.8121,80.1843
2025-06-17 14:00:00,UKWA_EXTENSION,Shift_2_Evening,526.3,7.5,18.0,20,3,16,7.3,33.0,0.35,27.5,396.2,402.7,471.0,55.3,10.51,Alert (10-25%),35.2,4,1.34,16,20.9,21.7932,80.2015
2025-06-17 22:00:00,BAL_DEEP_LEVEL_3,Shift_3_Night,485.3,8.0,22.0,24,3,16,27.2,100.8,0.68,67.6,380.1,405.1,405.5,79.8,16.44,Alert (10-25%),29.6,3,0.65,17,27.8,21.8064,80.1876
2025-06-18 06:00:00,BAL_SOUTH_PIT,Shift_1_Morning,509.6,7.5,17.0,18,3,16,44.9,151.8,0.94,100.0,484.8,495.2,438.4,71.2,13.97,Alert (10-25%),24.1,3,1.92,19,35.0,21.8005,80.1901
2025-06-18 14:00:00,BAL_NORTH_PIT,Shift_2_Evening,434.9,8.0,18.0,20,4,14,24.6,44.1,0.44,30.4,389.1,487.2,412.0,22.9,5.27,Normal (<10%),31.7,5,0.6,15,22.1,21.8121,80.1843
2025-06-18 22:00:00,UKWA_EXTENSION,Shift_3_Night,459.2,8.0,25.0,26,4,15,7.1,13.0,0.38,6.6,520.2,401.3,413.7,45.5,9.91,Normal (<10%),36.2,5,0.53,15,20.9,21.7932,80.2015
2025-06-19 06:00:00,BAL_DEEP_LEVEL_3,Shift_1_Morning,532.8,8.0,22.0,22,3,16,23.3,87.7,0.56,70.4,472.3,393.0,460.0,72.8,13.66,Alert (10-25%),31.7,3,1.14,18,26.3,21.8064,80.1876
2025-06-19 14:00:00,BAL_SOUTH_PIT,Shift_2_Evening,593.1,7.5,17.0,18,3,14,6.5,18.5,0.39,18.5,526.7,476.5,509.4,83.7,14.11,Alert (10-25%),36.9,3,0.77,15,21.1,21.8005,80.1901
2025-06-19 22:00:00,BAL_NORTH_PIT,Shift_3_Night,410.1,7.5,19.0,20,4,11,2.7,15.1,0.35,7.4,522.4,421.6,350.5,59.6,14.53,Alert (10-25%),37.0,5,0.35,11,20.8,21.8121,80.1843
2025-06-20 06:00:00,BAL_SOUTH_PIT,Shift_1_Morning,578.1,8.0,25.0,26,2,16,0.5,6.9,0.23,14.9,580.9,552.6,532.1,46.0,7.96,Normal (<10%),37.7,2,0.25,16,18.8,21.8005,80.1901
2025-06-20 14:00:00,BAL_DEEP_LEVEL_3,Shift_2_Evening,515.4,7.5,24.0,26,3,12,7.3,19.8,0.27,17.8,491.8,351.8,228.9,286.5,55.59,Critical (>25%),36.2,3,0.43,12,21.4,21.8064,80.1876
2025-06-20 22:00:00,BAL_NORTH_PIT,Shift_3_Night,512.8,8.0,24.0,26,4,14,35.1,122.1,0.74,75.9,445.3,522.4,464.8,48.0,9.36,Normal (<10%),26.2,5,1.5,17,32.3,21.8121,80.1843
2025-06-21 06:00:00,BAL_SOUTH_PIT,Shift_1_Morning,500.1,8.0,21.0,22,4,13,4.1,18.4,0.25,16.7,582.6,493.5,496.2,3.9,0.78,Normal (<10%),36.6,5,0.96,16,22.6,21.8005,80.1901
2025-06-21 14:00:00,UKWA_EXTENSION,Shift_2_Evening,413.9,8.0,25.0,26,3,16,3.5,7.4,0.21,7.0,346.4,549.2,397.3,16.6,4.01,Normal (<10%),38.1,4,1.73,16,20.7,21.7932,80.2015
2025-06-21 22:00:00,BAL_NORTH_PIT,Shift_3_Night,418.0,7.5,21.0,22,4,15,52.5,192.4,0.95,100.0,488.2,546.1,352.7,65.3,15.62,Alert (10-25%),19.0,5,2.27,16,34.3,21.8121,80.1843
2025-06-22 06:00:00,BAL_SOUTH_PIT,Shift_1_Morning,520.2,7.5,19.0,20,3,14,0.4,9.1,0.24,11.1,448.5,559.0,482.6,37.6,7.23,Normal (<10%),36.8,4,0.48,14,19.7,21.8005,80.1901
2025-06-22 14:00:00,BAL_DEEP_LEVEL_3,Shift_2_Evening,468.2,8.0,22.0,24,3,16,23.1,54.7,0.51,38.2,470.0,536.9,447.6,20.6,4.4,Normal (<10%),33.4,5,0.9,17,25.2,21.8064,80.1876
2025-06-22 22:00:00,BAL_DEEP_LEVEL_3,Shift_3_Night,583.5,7.5,17.0,18,3,16,5.8,16.3,0.31,0.8,415.7,383.4,477.7,105.8,18.13,Alert (10-25%),41.2,3,0.3,16,21.7,21.8064,80.1876
2025-06-23 06:00:00,BAL_NORTH_PIT,Shift_1_Morning,481.3,7.5,17.0,18,4,12,0.6,3.2,0.23,0.0,473.5,333.0,449.2,32.1,6.67,Normal (<10%),35.7,4,0.12,14,22.1,21.8121,80.1843
2025-06-23 14:00:00,BAL_SOUTH_PIT,Shift_2_Evening,428.7,7.5,19.0,20,2,11,37.5,64.3,0.52,38.6,481.2,428.9,349.1,79.6,18.57,Alert (10-25%),32.2,2,0.91,11,26.0,21.8005,80.1901
2025-06-23 22:00:00,BAL_NORTH_PIT,Shift_3_Night,542.9,7.5,19.0,20,3,14,2.3,11.0,0.31,17.3,544.6,377.7,480.5,62.4,11.49,Alert (10-25%),36.1,5,1.14,17,22.6,21.8121,80.1843
2025-06-24 06:00:00,BAL_NORTH_PIT,Shift_1_Morning,458.7,8.0,23.0,26,4,15,12.0,24.5,0.36,19.6,519.4,473.9,442.3,16.4,3.58,Normal (<10%),36.7,5,0.6,15,24.3,21.8121,80.1843
2025-06-24 14:00:00,BAL_SOUTH_PIT,Shift_2_Evening,505.1,7.5,26.0,26,4,16,4.8,10.5,0.27,9.7,573.0,488.6,442.5,62.6,12.39,Alert (10-25%),37.6,4,1.0,16,20.3,21.8005,80.1901
2025-06-24 22:00:00,BAL_SOUTH_PIT,Shift_3_Night,539.6,8.0,18.0,20,4,11,1.0,13.1,0.25,9.3,546.5,561.1,491.5,48.1,8.91,Normal (<10%),38.6,6,0.78,14,21.2,21.8005,80.1901
2025-06-25 06:00:00,UKWA_EXTENSION,Shift_1_Morning,580.1,8.0,17.0,18,4,16,0.8,7.2,0.29,0.2,520.2,509.2,560.1,20.0,3.45,Normal (<10%),39.4,4,0.36,19,21.5,21.7932,80.2015
2025-06-25 14:00:00,BAL_SOUTH_PIT,Shift_2_Evening,558.4,7.5,18.0,20,3,10,1.8,10.5,0.29,0.0,391.5,470.6,254.7,303.7,54.39,Critical (>25%),37.7,4,0.89,10,19.5,21.8005,80.1901
2025-06-25 22:00:00,BAL_DEEP_LEVEL_3,Shift_3_Night,535.3,8.0,25.0,26,4,14,1.1,3.2,0.2,7.1,479.6,443.2,503.7,31.6,5.9,Normal (<10%),40.2,4,0.67,14,19.5,21.8064,80.1876
2025-06-26 06:00:00,BAL_NORTH_PIT,Shift_1_Morning,535.9,8.0,19.0,20,4,14,21.4,77.7,0.49,60.1,464.9,526.5,493.7,42.2,7.87,Normal (<10%),27.3,4,1.27,16,24.7,21.8121,80.1843
2025-06-26 14:00:00,BAL_NORTH_PIT,Shift_2_Evening,589.2,7.5,24.0,26,3,13,10.0,40.2,0.41,30.2,479.2,482.4,477.2,112.0,19.01,Alert (10-25%),36.7,3,0.7,16,23.5,21.8121,80.1843
2025-06-26 22:00:00,BAL_DEEP_LEVEL_3,Shift_3_Night,459.2,8.0,18.0,18,3,14,6.3,21.3,0.27,11.7,334.8,324.5,176.1,283.1,61.65,Critical (>25%),37.2,3,0.73,15,21.2,21.8064,80.1876
2025-06-27 06:00:00,BAL_SOUTH_PIT,Shift_1_Morning,400.2,8.0,22.0,24,3,14,8.1,32.1,0.4,19.4,414.7,532.9,384.5,15.7,3.92,Normal (<10%),36.6,4,0.6,14,23.3,21.8005,80.1901
2025-06-27 14:00:00,BAL_DEEP_LEVEL_3,Shift_2_Evening,454.4,7.5,17.0,18,4,15,39.7,144.5,0.93,99.8,482.5,535.0,381.3,73.1,16.09,Alert (10-25%),21.0,4,1.72,15,33.4,21.8064,80.1876
2025-06-27 22:00:00,BAL_DEEP_LEVEL_3,Shift_3_Night,443.6,7.5,20.0,22,3,15,36.2,122.5,0.73,81.1,403.4,525.3,358.3,85.3,19.23,Alert (10-25%),24.6,3,1.53,15,28.8,21.8064,80.1876
2025-06-28 06:00:00,UKWA_EXTENSION,Shift_1_Morning,532.4,7.5,25.0,26,4,16,18.9,65.6,0.54,42.9,524.3,529.1,493.3,39.1,7.34,Normal (<10%),31.7,5,1.54,17,27.7,21.7932,80.2015
2025-06-28 14:00:00,BAL_DEEP_LEVEL_3,Shift_2_Evening,526.7,7.5,20.0,20,4,12,32.4,58.1,0.58,36.0,600.6,555.6,454.1,72.6,13.78,Alert (10-25%),31.8,4,0.22,12,25.1,21.8064,80.1876
2025-06-28 22:00:00,BAL_NORTH_PIT,Shift_3_Night,518.7,7.5,19.0,20,4,16,5.8,17.6,0.28,8.4,469.4,433.7,456.5,62.2,11.99,Alert (10-25%),37.3,5,0.43,17,21.4,21.8121,80.1843
2025-06-29 06:00:00,BAL_DEEP_LEVEL_3,Shift_1_Morning,403.2,8.0,24.0,26,3,11,7.2,17.2,0.29,10.9,489.5,453.6,383.6,19.6,4.86,Normal (<10%),38.5,4,0.95,13,20.0,21.8064,80.1876
2025-06-29 14:00:00,BAL_NORTH_PIT,Shift_2_Evening,545.8,8.0,20.0,22,3,15,14.3,26.4,0.31,9.7,517.7,441.4,514.8,31.0,5.68,Normal (<10%),33.4,5,0.26,15,20.8,21.8121,80.1843
2025-06-29 22:00:00,BAL_NORTH_PIT,Shift_3_Night,464.7,7.5,26.0,26,3,14,14.7,28.9,0.35,22.4,496.4,491.3,383.7,81.0,17.43,Alert (10-25%),37.0,5,1.22,17,24.1,21.8121,80.1843
2025-06-30 06:00:00,BAL_NORTH_PIT,Shift_1_Morning,533.0,7.5,18.0,20,3,11,9.9,38.7,0.47,16.5,373.3,464.6,235.5,297.5,55.82,Critical (>25%),34.1,3,0.87,14,24.5,21.8121,80.1843
2025-06-30 14:00:00,BAL_SOUTH_PIT,Shift_2_Evening,511.3,8.0,22.0,24,4,12,7.7,21.9,0.36,19.9,373.1,340.3,217.0,294.3,57.56,Critical (>25%),35.8,5,0.54,12,21.6,21.8005,80.1901
2025-06-30 22:00:00,UKWA_EXTENSION,Shift_3_Night,468.5,7.5,20.0,22,3,16,64.2,255.8,0.95,100.0,488.6,544.5,379.7,88.8,18.95,Alert (10-25%),15.0,4,2.55,16,35.0,21.7932,80.2015
2025-07-01 06:00:00,BAL_NORTH_PIT,Shift_1_Morning,426.9,7.5,19.0,20,3,15,25.8,85.4,0.62,56.3,401.8,556.1,392.5,34.4,8.06,Normal (<10%),29.4,4,0.93,15,25.4,21.8121,80.1843
2025-07-01 14:00:00,BAL_NORTH_PIT,Shift_2_Evening,418.9,8.0,17.0,18,3,12,8.6,25.4,0.33,19.7,329.4,486.1,214.8,204.1,48.72,Critical (>25%),31.6,4,0.59,12,21.4,21.8121,80.1843
2025-07-01 22:00:00,BAL_SOUTH_PIT,Shift_3_Night,566.3,8.0,20.0,22,4,16,19.5,56.7,0.5,36.4,599.9,434.9,513.0,53.3,9.41,Normal (<10%),32.6,4,0.56,16,25.8,21.8005,80.1901
2025-07-02 06:00:00,BAL_NORTH_PIT,Shift_1_Morning,583.7,8.0,24.0,26,4,11,4.7,11.6,0.28,4.0,465.0,439.2,286.9,296.8,50.85,Critical (>25%),34.3,4,0.2,14,22.7,21.8121,80.1843
2025-07-02 14:00:00,BAL_DEEP_LEVEL_3,Shift_2_Evening,530.0,7.5,17.0,18,4,12,1.6,11.9,0.25,9.4,505.7,530.0,473.9,56.1,10.58,Alert (10-25%),36.8,5,0.48,12,20.1,21.8064,80.1876
2025-07-02 22:00:00,BAL_DEEP_LEVEL_3,Shift_3_Night,420.7,8.0,23.0,24,3,13,6.5,29.4,0.28,30.6,562.1,561.3,375.7,45.0,10.7,Alert (10-25%),35.0,5,1.0,13,23.0,21.8064,80.1876
2025-07-03 06:00:00,UKWA_EXTENSION,Shift_1_Morning,480.4,7.5,21.0,24,4,16,7.7,18.5,0.29,16.3,393.3,398.9,450.3,30.1,6.27,Normal (<10%),37.7,4,0.32,18,20.4,21.7932,80.2015
2025-07-03 14:00:00,BAL_NORTH_PIT,Shift_2_Evening,545.8,8.0,24.0,26,3,14,0.3,4.9,0.21,0.0,554.6,531.3,531.7,14.1,2.58,Normal (<10%),37.3,3,0.96,14,18.6,21.8121,80.1843
2025-07-03 22:00:00,BAL_SOUTH_PIT,Shift_3_Night,556.0,7.5,24.0,26,4,15,25.3,85.4,0.58,55.2,361.3,508.0,439.8,116.2,20.9,Alert (10-25%),27.8,4,0.83,15,28.5,21.8005,80.1901
2025-07-04 06:00:00,BAL_DEEP_LEVEL_3,Shift_1_Morning,423.6,7.5,17.0,18,3,12,6.7,16.0,0.32,8.3,534.5,576.1,399.4,24.2,5.71,Normal (<10%),35.2,3,0.5,12,21.5,21.8064,80.1876
2025-07-04 14:00:00,BAL_SOUTH_PIT,Shift_2_Evening,400.0,7.5,19.0,20,3,11,13.0,46.1,0.43,25.6,288.3,483.2,218.2,181.8,45.45,Critical (>25%),34.8,3,0.45,14,24.3,21.8005,80.1901
2025-07-04 22:00:00,BAL_SOUTH_PIT,Shift_3_Night,542.4,8.0,20.0,22,4,14,1.2,9.1,0.19,9.1,452.1,560.6,510.1,32.3,5.96,Normal (<10%),38.1,5,0.52,16,20.4,21.8005,80.1901
2025-07-05 06:00:00,BAL_DEEP_LEVEL_3,Shift_1_Morning,471.3,8.0,21.0,22,4,15,2.9,8.1,0.34,3.8,404.1,424.7,454.1,17.2,3.65,Normal (<10%),35.9,5,0.19,18,20.9,21.8064,80.1876
2025-07-05 14:00:00,BAL_SOUTH_PIT,Shift_2_Evening,450.9,8.0,18.0,18,3,15,33.1,117.0,0.81,79.6,343.1,331.4,201.5,249.4,55.31,Critical (>25%),24.6,4,1.04,18,31.4,21.8005,80.1901
2025-07-05 22:00:00,BAL_DEEP_LEVEL_3,Shift_3_Night,402.6,7.5,24.0,26,3,14,14.1,25.0,0.36,3.6,537.1,448.2,343.5,59.1,14.68,Alert (10-25%),32.7,3,0.08,14,21.9,21.8064,80.1876
2025-07-06 06:00:00,BAL_SOUTH_PIT,Shift_1_Morning,508.1,8.0,23.0,26,3,10,45.0,128.3,0.89,89.0,531.7,481.1,470.8,37.3,7.34,Normal (<10%),24.2,4,1.66,10,31.1,21.8005,80.1901
2025-07-06 14:00:00,BAL_DEEP_LEVEL_3,Shift_2_Evening,570.2,8.0,20.0,20,3,14,100.3,156.6,0.95,100.0,597.2,427.8,525.3,44.9,7.87,Normal (<10%),18.3,4,2.17,15,32.3,21.8064,80.1876
2025-07-06 22:00:00,BAL_NORTH_PIT,Shift_3_Night,591.5,7.5,23.0,24,3,14,7.0,29.4,0.37,14.6,427.6,364.7,273.5,318.0,53.76,Critical (>25%),35.8,5,0.54,14,22.2,21.8121,80.1843
2025-07-07 06:00:00,UKWA_EXTENSION,Shift_1_Morning,513.1,7.5,22.0,24,3,11,5.3,25.8,0.23,10.5,509.7,522.8,467.9,45.2,8.81,Normal (<10%),35.9,3,0.28,14,21.6,21.7932,80.2015
2025-07-07 14:00:00,BAL_DEEP_LEVEL_3,Shift_2_Evening,502.9,8.0,18.0,18,3,14,29.3,58.0,0.54,34.1,474.6,442.2,447.2,55.7,11.08,Alert (10-25%),34.9,3,0.31,15,24.1,21.8064,80.1876
2025-07-07 22:00:00,BAL_DEEP_LEVEL_3,Shift_3_Night,417.0,8.0,15.0,18,3,16,98.7,236.0,0.95,100.0,363.3,345.8,192.4,224.6,53.86,Critical (>25%),15.0,3,2.13,18,35.0,21.8064,80.1876
2025-07-08 06:00:00,UKWA_EXTENSION,Shift_1_Morning,509.8,8.0,22.0,24,3,14,14.9,30.5,0.38,24.8,556.6,469.6,483.4,26.4,5.18,Normal (<10%),34.3,4,1.11,14,24.3,21.7932,80.2015
2025-07-08 14:00:00,BAL_DEEP_LEVEL_3,Shift_2_Evening,476.0,7.5,18.0,20,4,12,23.8,84.7,0.62,54.2,366.6,410.4,395.7,80.3,16.87,Alert (10-25%),31.4,4,0.81,14,29.5,21.8064,80.1876
2025-07-08 22:00:00,BAL_DEEP_LEVEL_3,Shift_3_Night,521.4,8.0,20.0,20,4,12,22.8,42.4,0.5,33.2,476.1,541.4,449.6,71.8,13.77,Alert (10-25%),34.6,5,0.87,12,24.2,21.8064,80.1876
2025-07-09 06:00:00,BAL_SOUTH_PIT,Shift_1_Morning,477.7,7.5,17.0,18,4,15,6.6,26.0,0.39,18.8,374.4,404.8,189.1,288.6,60.41,Critical (>25%),33.7,4,0.89,15,21.6,21.8005,80.1901
2025-07-09 14:00:00,UKWA_EXTENSION,Shift_2_Evening,448.1,7.5,20.0,22,4,16,12.8,52.2,0.33,43.9,372.0,473.6,403.1,45.0,10.04,Alert (10-25%),33.4,5,1.11,17,23.4,21.7932,80.2015
2025-07-09 22:00:00,BAL_NORTH_PIT,Shift_3_Night,419.0,8.0,20.0,22,3,14,26.9,91.5,0.69,58.5,331.7,458.2,242.9,176.1,42.03,Critical (>25%),27.7,3,0.77,14,28.0,21.8121,80.1843
2025-07-10 06:00:00,BAL_DEEP_LEVEL_3,Shift_1_Morning,463.0,8.0,23.0,24,4,11,17.5,36.0,0.37,26.1,460.5,387.2,430.3,32.7,7.06,Normal (<10%),34.5,4,0.58,11,22.0,21.8064,80.1876
2025-07-10 14:00:00,UKWA_EXTENSION,Shift_2_Evening,419.3,7.5,26.0,26,4,16,0.3,6.7,0.26,10.7,561.7,449.8,375.6,43.7,10.42,Alert (10-25%),36.1,5,0.45,18,22.1,21.7932,80.2015
2025-07-10 22:00:00,BAL_SOUTH_PIT,Shift_3_Night,435.4,7.5,24.0,26,3,12,6.2,23.4,0.35,18.8,383.9,500.8,383.4,52.0,11.94,Alert (10-25%),35.1,4,0.85,13,19.9,21.8005,80.1901
2025-07-11 06:00:00,BAL_NORTH_PIT,Shift_1_Morning,597.5,8.0,21.0,22,4,15,2.3,8.3,0.2,4.7,481.0,443.5,578.4,19.1,3.2,Normal (<10%),34.9,5,0.85,15,19.4,21.8121,80.1843
2025-07-11 14:00:00,UKWA_EXTENSION,Shift_2_Evening,488.8,8.0,18.0,20,3,12,4.0,13.3,0.26,6.4,498.3,424.8,456.7,32.1,6.57,Normal (<10%),36.8,3,0.0,12,21.2,21.7932,80.2015
2025-07-11 22:00:00,BAL_NORTH_PIT,Shift_3_Night,506.4,8.0,23.0,24,4,15,35.4,103.2,0.67,59.1,366.7,508.2,435.0,71.4,14.1,Alert (10-25%),27.6,4,1.15,16,27.8,21.8121,80.1843
2025-07-12 06:00:00,BAL_NORTH_PIT,Shift_1_Morning,574.7,7.5,17.0,18,4,13,0.6,2.9,0.29,0.7,583.5,421.6,527.4,47.3,8.23,Normal (<10%),36.9,4,0.36,16,20.9,21.8121,80.1843
2025-07-12 14:00:00,BAL_NORTH_PIT,Shift_2_Evening,599.1,7.5,24.0,26,3,11,3.7,14.9,0.29,5.3,497.6,406.5,530.7,68.4,11.42,Alert (10-25%),33.8,4,0.86,13,22.0,21.8121,80.1843
2025-07-12 22:00:00,BAL_DEEP_LEVEL_3,Shift_3_Night,516.5,8.0,20.0,22,4,11,5.6,14.6,0.29,7.0,554.1,399.3,481.7,34.8,6.74,Normal (<10%),37.8,4,0.65,11,22.1,21.8064,80.1876
2025-07-13 06:00:00,BAL_DEEP_LEVEL_3,Shift_1_Morning,562.5,7.5,25.0,26,3,15,14.4,41.4,0.42,27.9,471.9,413.0,489.5,73.0,12.98,Alert (10-25%),33.9,3,0.72,15,21.7,21.8064,80.1876
2025-07-13 14:00:00,BAL_SOUTH_PIT,Shift_2_Evening,465.4,7.5,19.0,20,3,12,11.5,43.7,0.37,21.3,502.7,459.7,431.1,34.3,7.37,Normal (<10%),32.4,5,1.11,12,21.5,21.8005,80.1901
2025-07-13 22:00:00,BAL_SOUTH_PIT,Shift_3_Night,461.1,8.0,18.0,20,4,12,3.7,12.5,0.29,3.4,378.6,492.0,421.1,40.0,8.67,Normal (<10%),36.0,4,0.68,12,19.5,21.8005,80.1901
2025-07-14 06:00:00,UKWA_EXTENSION,Shift_1_Morning,480.5,7.5,24.0,26,4,16,2.7,14.3,0.36,11.5,544.2,456.4,438.4,42.1,8.76,Normal (<10%),33.6,4,0.14,16,19.5,21.7932,80.2015
2025-07-14 14:00:00,BAL_SOUTH_PIT,Shift_2_Evening,534.5,8.0,17.0,20,3,14,4.1,23.7,0.24,9.5,461.4,399.2,514.9,19.6,3.67,Normal (<10%),34.3,3,0.03,14,19.4,21.8005,80.1901
2025-07-14 22:00:00,BAL_NORTH_PIT,Shift_3_Night,536.4,8.0,16.0,18,3,14,10.5,40.3,0.41,26.6,453.6,419.9,509.9,26.5,4.94,Normal (<10%),32.7,5,0.21,17,23.1,21.8121,80.1843
2025-07-15 06:00:00,BAL_NORTH_PIT,Shift_1_Morning,463.0,7.5,17.0,18,3,13,4.7,10.0,0.29,0.0,378.8,387.8,216.2,246.8,53.3,Critical (>25%),38.5,3,0.38,16,22.8,21.8121,80.1843
2025-07-15 14:00:00,BAL_DEEP_LEVEL_3,Shift_2_Evening,426.6,7.5,20.0,22,3,15,44.2,90.8,0.62,63.2,521.4,489.8,362.0,64.6,15.14,Alert (10-25%),27.3,3,0.75,15,26.9,21.8064,80.1876
2025-07-15 22:00:00,BAL_NORTH_PIT,Shift_3_Night,526.5,8.0,23.0,24,3,14,9.4,31.5,0.39,24.3,514.5,460.3,457.5,69.0,13.11,Alert (10-25%),35.3,3,0.62,14,22.3,21.8121,80.1843
2025-07-16 06:00:00,UKWA_EXTENSION,Shift_1_Morning,425.7,7.5,20.0,20,4,12,0.9,4.3,0.22,9.0,413.6,549.1,390.1,35.6,8.36,Normal (<10%),36.7,6,0.41,12,18.6,21.7932,80.2015
2025-07-16 14:00:00,BAL_NORTH_PIT,Shift_2_Evening,515.7,8.0,23.0,24,4,12,19.6,81.5,0.57,60.6,548.4,403.6,485.3,30.4,5.89,Normal (<10%),29.6,5,1.02,12,26.9,21.8121,80.1843
2025-07-16 22:00:00,BAL_NORTH_PIT,Shift_3_Night,538.7,7.5,26.0,26,4,13,6.0,29.9,0.22,21.3,376.5,358.3,452.1,86.6,16.08,Alert (10-25%),35.3,4,0.62,13,23.0,21.8121,80.1843
2025-07-17 06:00:00,UKWA_EXTENSION,Shift_1_Morning,540.1,7.5,20.0,22,3,12,15.9,40.9,0.4,18.5,525.0,486.0,460.9,79.2,14.66,Alert (10-25%),34.8,3,0.27,15,23.2,21.7932,80.2015
2025-07-17 14:00:00,BAL_SOUTH_PIT,Shift_2_Evening,550.7,7.5,19.0,20,3,12,4.9,20.1,0.3,13.4,522.4,559.8,513.9,36.8,6.68,Normal (<10%),35.0,3,0.52,12,22.7,21.8005,80.1901
2025-07-17 22:00:00,BAL_SOUTH_PIT,Shift_3_Night,574.6,8.0,17.0,18,4,14,12.7,43.2,0.48,31.1,585.6,571.1,497.7,76.9,13.38,Alert (10-25%),30.5,5,0.73,15,24.2,21.8005,80.1901
2025-07-18 06:00:00,UKWA_EXTENSION,Shift_1_Morning,500.0,7.5,26.0,26,3,16,22.2,50.7,0.47,34.4,367.0,446.9,272.5,227.5,45.5,Critical (>25%),30.2,3,0.65,16,23.9,21.7932,80.2015
2025-07-18 14:00:00,BAL_DEEP_LEVEL_3,Shift_2_Evening,546.0,8.0,17.0,18,4,12,39.5,99.6,0.67,74.7,558.4,599.3,496.5,49.5,9.07,Normal (<10%),26.4,4,1.25,13,28.8,21.8064,80.1876
2025-07-18 22:00:00,BAL_NORTH_PIT,Shift_3_Night,523.8,8.0,25.0,26,4,16,4.5,19.5,0.22,19.5,531.3,506.9,509.9,13.9,2.65,Normal (<10%),34.4,4,0.69,19,22.1,21.8121,80.1843
2025-07-19 06:00:00,UKWA_EXTENSION,Shift_1_Morning,437.3,8.0,17.0,18,4,12,6.1,30.6,0.4,20.5,507.5,425.2,437.3,0.0,0.0,Normal (<10%),35.0,5,0.82,14,24.9,21.7932,80.2015
2025-07-19 14:00:00,BAL_NORTH_PIT,Shift_2_Evening,405.1,7.5,16.0,18,3,14,9.4,28.7,0.35,22.9,385.2,341.8,355.4,49.7,12.27,Alert (10-25%),34.1,4,0.53,16,23.1,21.8121,80.1843
2025-07-19 22:00:00,BAL_DEEP_LEVEL_3,Shift_3_Night,456.9,8.0,21.0,22,4,11,39.3,148.4,0.92,91.6,436.1,453.5,380.9,76.0,16.63,Alert (10-25%),25.4,5,1.64,11,33.0,21.8064,80.1876
2025-07-20 06:00:00,BAL_NORTH_PIT,Shift_1_Morning,488.6,8.0,20.0,22,3,12,34.7,83.5,0.59,56.6,469.6,390.7,463.0,25.6,5.24,Normal (<10%),26.4,3,1.12,12,26.1,21.8121,80.1843
2025-07-20 14:00:00,UKWA_EXTENSION,Shift_2_Evening,523.4,7.5,19.0,20,4,16,1.4,17.7,0.35,5.5,432.4,478.6,471.9,51.5,9.84,Normal (<10%),36.0,4,0.09,19,23.2,21.7932,80.2015
2025-07-20 22:00:00,BAL_NORTH_PIT,Shift_3_Night,570.0,8.0,16.0,18,3,11,2.1,4.7,0.29,2.2,478.2,448.4,506.1,63.9,11.21,Alert (10-25%),35.4,3,0.35,14,20.3,21.8121,80.1843
2025-07-21 06:00:00,BAL_SOUTH_PIT,Shift_1_Morning,439.2,8.0,24.0,24,3,16,10.3,46.6,0.4,27.7,506.5,544.4,437.9,1.3,0.3,Normal (<10%),32.3,3,0.51,19,24.5,21.8005,80.1901
2025-07-21 14:00:00,BAL_DEEP_LEVEL_3,Shift_2_Evening,425.1,7.5,25.0,26,4,13,1.7,12.1,0.15,4.8,515.6,397.2,385.8,39.3,9.24,Normal (<10%),37.5,5,0.67,14,22.9,21.8064,80.1876
2025-07-21 22:00:00,BAL_DEEP_LEVEL_3,Shift_3_Night,592.7,8.0,20.0,20,3,12,6.4,18.1,0.28,8.0,578.4,561.1,553.2,39.5,6.66,Normal (<10%),32.6,4,0.4,12,18.3,21.8064,80.1876
2025-07-22 06:00:00,BAL_DEEP_LEVEL_3,Shift_1_Morning,421.6,7.5,22.0,22,4,16,2.4,9.4,0.26,4.3,401.8,544.4,383.1,38.5,9.13,Normal (<10%),37.2,4,0.0,16,20.4,21.8064,80.1876
2025-07-22 14:00:00,UKWA_EXTENSION,Shift_2_Evening,495.7,8.0,25.0,26,4,14,15.2,56.1,0.48,34.5,414.8,554.2,467.8,27.9,5.63,Normal (<10%),34.7,6,1.46,14,24.5,21.7932,80.2015
2025-07-22 22:00:00,BAL_DEEP_LEVEL_3,Shift_3_Night,517.1,8.0,23.0,26,4,12,44.8,178.2,0.95,100.0,491.3,364.1,444.9,72.2,13.96,Alert (10-25%),18.6,4,2.01,12,34.2,21.8064,80.1876
2025-07-23 06:00:00,BAL_SOUTH_PIT,Shift_1_Morning,508.3,7.5,21.0,22,2,14,85.9,195.9,0.95,100.0,496.2,466.7,386.7,121.6,23.92,Alert (10-25%),18.2,4,1.94,14,35.0,21.8005,80.1901
2025-07-23 14:00:00,UKWA_EXTENSION,Shift_2_Evening,417.2,8.0,18.0,20,3,12,7.1,22.4,0.22,14.7,541.6,439.1,401.9,15.3,3.67,Normal (<10%),37.6,4,0.83,15,22.0,21.7932,80.2015
2025-07-23 22:00:00,BAL_SOUTH_PIT,Shift_3_Night,411.4,8.0,24.0,24,3,12,13.7,55.6,0.44,38.5,440.2,321.9,165.4,246.0,59.8,Critical (>25%),31.9,3,1.02,13,24.1,21.8005,80.1901
2025-07-24 06:00:00,BAL_NORTH_PIT,Shift_1_Morning,421.1,8.0,23.0,24,3,12,29.1,109.9,0.7,74.7,386.3,467.3,388.0,33.1,7.86,Normal (<10%),25.3,4,1.63,12,29.0,21.8121,80.1843
2025-07-24 14:00:00,BAL_NORTH_PIT,Shift_2_Evening,517.1,7.5,21.0,22,3,12,1.9,5.2,0.17,0.0,458.3,376.4,454.5,62.6,12.11,Alert (10-25%),34.3,4,0.57,13,19.2,21.8121,80.1843
2025-07-24 22:00:00,BAL_NORTH_PIT,Shift_3_Night,508.9,7.5,24.0,26,4,14,17.5,68.2,0.43,44.1,397.6,368.0,422.2,86.7,17.04,Alert (10-25%),32.1,4,0.52,15,27.1,21.8121,80.1843
2025-07-25 06:00:00,BAL_NORTH_PIT,Shift_1_Morning,446.7,7.5,20.0,22,3,12,7.9,22.2,0.31,16.0,506.4,529.3,398.9,47.8,10.7,Alert (10-25%),35.4,3,0.44,13,21.3,21.8121,80.1843
2025-07-25 14:00:00,BAL_SOUTH_PIT,Shift_2_Evening,527.6,7.5,23.0,26,4,12,3.5,18.0,0.36,7.6,504.9,415.1,481.6,46.0,8.72,Normal (<10%),34.1,6,1.07,15,23.0,21.8005,80.1901
2025-07-25 22:00:00,UKWA_EXTENSION,Shift_3_Night,564.0,7.5,16.0,18,4,11,7.7,17.5,0.28,6.7,448.8,432.0,465.4,98.6,17.48,Alert (10-25%),36.3,4,0.43,14,21.3,21.7932,80.2015
2025-07-26 06:00:00,UKWA_EXTENSION,Shift_1_Morning,408.3,8.0,24.0,26,4,16,1.2,6.3,0.18,0.0,431.7,448.7,407.3,1.0,0.24,Normal (<10%),36.7,4,0.35,17,20.8,21.7932,80.2015
2025-07-26 14:00:00,BAL_DEEP_LEVEL_3,Shift_2_Evening,499.6,7.5,16.0,18,4,11,17.8,55.2,0.55,37.8,533.5,465.0,421.5,78.1,15.63,Alert (10-25%),30.7,5,0.67,12,25.7,21.8064,80.1876
2025-07-26 22:00:00,BAL_SOUTH_PIT,Shift_3_Night,537.9,7.5,25.0,26,3,12,4.4,18.4,0.33,10.8,535.9,524.2,430.0,107.9,20.06,Alert (10-25%),36.7,5,1.13,12,21.5,21.8005,80.1901
2025-07-27 06:00:00,BAL_NORTH_PIT,Shift_1_Morning,450.5,7.5,17.0,18,3,16,5.6,21.5,0.27,13.6,477.0,459.4,424.0,26.5,5.88,Normal (<10%),33.8,4,0.85,18,20.7,21.8121,80.1843
2025-07-27 14:00:00,BAL_SOUTH_PIT,Shift_2_Evening,461.6,8.0,19.0,20,3,16,1.9,9.4,0.26,0.0,470.6,455.5,270.3,191.3,41.44,Critical (>25%),38.5,3,0.46,19,20.6,21.8005,80.1901
2025-07-27 22:00:00,BAL_DEEP_LEVEL_3,Shift_3_Night,522.7,8.0,24.0,24,3,11,30.0,73.0,0.62,49.0,460.9,442.0,448.8,73.9,14.14,Alert (10-25%),27.5,4,1.18,12,28.2,21.8064,80.1876
2025-07-28 06:00:00,BAL_DEEP_LEVEL_3,Shift_1_Morning,579.6,7.5,17.0,18,3,12,10.2,27.0,0.29,18.6,411.4,581.6,542.1,37.5,6.47,Normal (<10%),34.3,3,0.96,12,20.6,21.8064,80.1876
2025-07-28 14:00:00,BAL_SOUTH_PIT,Shift_2_Evening,562.0,8.0,25.0,26,4,12,12.7,48.2,0.45,33.5,533.7,578.9,535.7,26.3,4.68,Normal (<10%),35.5,5,0.75,13,24.6,21.8005,80.1901
2025-07-28 22:00:00,BAL_SOUTH_PIT,Shift_3_Night,516.6,8.0,18.0,18,4,14,12.6,35.2,0.36,30.7,479.1,455.8,457.7,58.9,11.4,Alert (10-25%),35.9,5,1.21,16,22.1,21.8005,80.1901
2025-07-29 06:00:00,BAL_SOUTH_PIT,Shift_1_Morning,546.0,8.0,23.0,26,3,14,7.9,23.7,0.26,12.0,523.9,467.4,492.8,53.2,9.74,Normal (<10%),35.9,3,0.21,14,22.0,21.8005,80.1901
2025-07-29 14:00:00,UKWA_EXTENSION,Shift_2_Evening,473.0,8.0,23.0,24,4,14,3.2,11.7,0.27,10.2,536.7,388.5,467.1,5.9,1.25,Normal (<10%),35.2,5,1.03,15,20.0,21.7932,80.2015
2025-07-29 22:00:00,BAL_NORTH_PIT,Shift_3_Night,528.2,7.5,20.0,20,3,12,20.5,80.6,0.62,55.4,436.0,412.3,432.0,96.2,18.21,Alert (10-25%),28.2,4,1.58,13,26.0,21.8121,80.1843
2025-07-30 06:00:00,BAL_SOUTH_PIT,Shift_1_Morning,493.2,7.5,17.0,18,3,12,2.0,11.8,0.26,10.1,422.3,472.3,215.1,278.1,56.39,Critical (>25%),36.8,4,0.61,13,20.0,21.8005,80.1901
2025-07-30 14:00:00,BAL_SOUTH_PIT,Shift_2_Evening,438.0,8.0,24.0,26,4,14,1.6,7.6,0.2,3.5,525.2,413.9,410.3,27.7,6.32,Normal (<10%),37.4,4,0.9,15,19.5,21.8005,80.1901
2025-07-30 22:00:00,BAL_SOUTH_PIT,Shift_3_Night,540.3,8.0,23.0,24,4,16,18.6,71.6,0.66,51.6,479.8,344.4,464.5,75.8,14.03,Alert (10-25%),29.4,5,1.27,19,27.9,21.8005,80.1901
2025-07-31 06:00:00,BAL_DEEP_LEVEL_3,Shift_1_Morning,511.3,8.0,21.0,22,3,15,3.5,17.5,0.26,8.0,517.7,410.4,477.9,33.4,6.53,Normal (<10%),36.2,3,0.14,15,20.7,21.8064,80.1876
2025-07-31 14:00:00,BAL_DEEP_LEVEL_3,Shift_2_Evening,471.7,8.0,22.0,22,3,12,5.5,21.5,0.34,12.0,498.4,449.8,467.3,4.4,0.93,Normal (<10%),35.1,3,0.3,13,20.6,21.8064,80.1876
2025-07-31 22:00:00,UKWA_EXTENSION,Shift_3_Night,582.3,7.5,18.0,18,4,12,9.7,45.7,0.47,29.5,493.4,399.7,506.5,75.8,13.02,Alert (10-25%),30.6,4,0.95,14,24.3,21.7932,80.2015
2025-08-01 06:00:00,BAL_NORTH_PIT,Shift_1_Morning,404.2,8.0,23.0,24,2,12,8.9,26.8,0.21,16.7,530.8,473.3,377.6,26.6,6.58,Normal (<10%),32.8,3,1.03,14,20.5,21.8121,80.1843
2025-08-01 14:00:00,UKWA_EXTENSION,Shift_2_Evening,463.2,7.5,16.0,18,4,14,18.5,51.1,0.5,35.9,474.5,512.8,400.4,62.8,13.56,Alert (10-25%),31.3,6,0.94,15,25.1,21.7932,80.2015
2025-08-01 22:00:00,BAL_NORTH_PIT,Shift_3_Night,411.4,8.0,23.0,26,3,14,14.6,46.4,0.43,32.2,375.5,442.9,375.9,35.5,8.63,Normal (<10%),28.7,5,1.18,17,25.4,21.8121,80.1843
2025-08-02 06:00:00,BAL_DEEP_LEVEL_3,Shift_1_Morning,553.3,7.5,26.0,26,4,14,15.5,51.8,0.45,35.9,522.3,449.2,500.7,52.6,9.51,Normal (<10%),29.9,4,0.73,14,23.8,21.8064,80.1876
2025-08-02 14:00:00,BAL_DEEP_LEVEL_3,Shift_2_Evening,540.4,8.0,21.0,22,4,12,18.8,42.1,0.4,34.7,486.8,492.9,503.5,36.9,6.83,Normal (<10%),30.0,5,0.73,13,23.6,21.8064,80.1876
2025-08-02 22:00:00,BAL_DEEP_LEVEL_3,Shift_3_Night,466.3,7.5,24.0,26,4,16,5.2,10.9,0.28,6.2,387.9,489.9,219.3,247.0,52.97,Critical (>25%),34.6,4,1.11,18,22.9,21.8064,80.1876
2025-08-03 06:00:00,UKWA_EXTENSION,Shift_1_Morning,535.1,7.5,24.0,26,3,14,5.8,16.0,0.17,15.9,535.4,436.4,497.9,37.2,6.95,Normal (<10%),34.1,3,0.47,15,20.2,21.7932,80.2015
2025-08-03 14:00:00,BAL_SOUTH_PIT,Shift_2_Evening,479.2,7.5,17.0,18,4,15,8.6,33.7,0.37,17.1,531.0,568.0,440.3,38.9,8.12,Normal (<10%),34.3,5,0.8,15,21.3,21.8005,80.1901
2025-08-03 22:00:00,BAL_SOUTH_PIT,Shift_3_Night,551.3,8.0,20.0,22,4,16,5.5,15.4,0.3,9.6,493.3,423.2,487.2,64.1,11.63,Alert (10-25%),34.7,5,1.06,17,21.7,21.8005,80.1901
2025-08-04 06:00:00,BAL_DEEP_LEVEL_3,Shift_1_Morning,490.8,7.5,17.0,20,3,15,62.9,188.3,0.95,100.0,357.9,392.3,404.5,86.3,17.58,Alert (10-25%),15.0,5,2.3,16,34.3,21.8064,80.1876
2025-08-04 14:00:00,BAL_SOUTH_PIT,Shift_2_Evening,482.5,8.0,24.0,26,3,16,25.2,57.7,0.42,31.9,430.7,433.9,445.1,37.4,7.75,Normal (<10%),30.9,3,1.02,19,25.0,21.8005,80.1901
2025-08-04 22:00:00,BAL_SOUTH_PIT,Shift_3_Night,586.9,7.5,21.0,22,3,16,2.7,17.1,0.31,11.6,535.6,433.0,522.3,64.6,11.01,Alert (10-25%),32.6,5,0.5,17,20.7,21.8005,80.1901
2025-08-05 06:00:00,UKWA_EXTENSION,Shift_1_Morning,450.2,7.5,18.0,20,4,13,0.1,1.8,0.18,1.8,531.3,525.3,397.7,52.5,11.66,Alert (10-25%),34.9,6,0.86,13,18.5,21.7932,80.2015
2025-08-05 14:00:00,BAL_NORTH_PIT,Shift_2_Evening,424.1,8.0,19.0,20,4,16,0.7,2.3,0.24,4.5,399.1,466.4,409.7,14.4,3.4,Normal (<10%),35.8,5,1.01,16,19.3,21.8121,80.1843
2025-08-05 22:00:00,BAL_DEEP_LEVEL_3,Shift_3_Night,516.9,7.5,22.0,22,3,12,4.2,19.7,0.34,15.5,416.4,429.3,431.9,85.0,16.44,Alert (10-25%),32.6,3,0.87,15,23.3,21.8064,80.1876
2025-08-06 06:00:00,BAL_DEEP_LEVEL_3,Shift_1_Morning,593.9,8.0,17.0,18,4,14,1.8,6.2,0.19,0.0,588.3,604.7,593.9,0.0,0.0,Normal (<10%),36.7,4,0.17,14,20.6,21.8064,80.1876
2025-08-06 14:00:00,UKWA_EXTENSION,Shift_2_Evening,475.6,8.0,20.0,22,3,16,11.4,19.4,0.39,18.9,426.2,549.3,432.1,43.5,9.15,Normal (<10%),31.9,4,0.43,16,22.4,21.7932,80.2015
2025-08-06 22:00:00,UKWA_EXTENSION,Shift_3_Night,412.4,8.0,19.0,20,3,15,29.3,88.9,0.71,57.0,443.1,407.4,357.8,54.6,13.24,Alert (10-25%),24.7,4,1.45,15,27.9,21.7932,80.2015
2025-08-07 06:00:00,BAL_SOUTH_PIT,Shift_1_Morning,467.9,8.0,19.0,20,4,13,20.0,72.8,0.6,45.5,515.9,487.3,434.5,33.4,7.14,Normal (<10%),26.6,6,1.26,13,25.7,21.8005,80.1901
2025-08-07 14:00:00,BAL_DEEP_LEVEL_3,Shift_2_Evening,501.2,7.5,19.0,20,3,16,3.6,14.5,0.25,12.1,476.2,431.3,446.2,55.0,10.97,Alert (10-25%),33.5,4,0.62,16,18.0,21.8064,80.1876
2025-08-07 22:00:00,BAL_NORTH_PIT,Shift_3_Night,432.4,7.5,20.0,22,3,12,7.6,21.3,0.28,18.5,403.5,437.2,382.0,50.4,11.66,Alert (10-25%),35.3,3,0.67,14,22.1,21.8121,80.1843
2025-08-08 06:00:00,UKWA_EXTENSION,Shift_1_Morning,531.6,8.0,25.0,26,4,15,10.6,19.1,0.32,10.4,524.2,440.3,340.1,191.5,36.02,Critical (>25%),34.5,6,0.84,16,19.2,21.7932,80.2015
2025-08-08 14:00:00,BAL_NORTH_PIT,Shift_2_Evening,599.5,7.5,20.0,20,4,14,24.9,92.0,0.64,61.1,457.5,589.1,510.7,88.8,14.81,Alert (10-25%),28.4,4,0.41,15,25.8,21.8121,80.1843
2025-08-08 22:00:00,BAL_NORTH_PIT,Shift_3_Night,490.3,7.5,22.0,22,3,14,27.4,98.2,0.66,70.0,436.9,488.4,406.9,83.4,17.01,Alert (10-25%),28.6,4,0.96,14,27.7,21.8121,80.1843
2025-08-09 06:00:00,BAL_DEEP_LEVEL_3,Shift_1_Morning,470.9,8.0,18.0,18,4,13,36.1,65.6,0.62,39.1,415.5,433.4,239.9,231.0,49.06,Critical (>25%),26.5,5,1.08,14,26.3,21.8064,80.1876
2025-08-09 14:00:00,BAL_DEEP_LEVEL_3,Shift_2_Evening,480.1,7.5,23.0,26,3,12,10.7,30.2,0.38,6.1,436.7,528.1,445.5,34.6,7.21,Normal (<10%),32.4,3,0.0,15,22.8,21.8064,80.1876
2025-08-09 22:00:00,UKWA_EXTENSION,Shift_3_Night,423.0,8.0,22.0,24,3,16,17.8,71.5,0.6,50.4,394.2,435.7,377.4,45.6,10.78,Alert (10-25%),25.9,3,0.74,19,28.6,21.7932,80.2015
2025-08-10 06:00:00,BAL_DEEP_LEVEL_3,Shift_1_Morning,576.7,7.5,16.0,18,4,14,1.8,8.0,0.33,9.9,516.6,520.7,521.1,55.6,9.64,Normal (<10%),33.2,4,0.0,14,20.9,21.8064,80.1876
2025-08-10 14:00:00,BAL_DEEP_LEVEL_3,Shift_2_Evening,483.0,7.5,24.0,26,4,12,12.5,36.3,0.39,16.2,568.7,366.4,419.6,63.4,13.13,Alert (10-25%),30.8,5,1.33,13,22.7,21.8064,80.1876
2025-08-10 22:00:00,BAL_DEEP_LEVEL_3,Shift_3_Night,477.5,8.0,17.0,18,4,12,4.3,13.2,0.23,8.7,499.8,478.7,423.5,54.0,11.31,Alert (10-25%),33.0,5,1.35,12,21.6,21.8064,80.1876
2025-08-11 06:00:00,BAL_NORTH_PIT,Shift_1_Morning,531.9,7.5,23.0,24,4,14,8.5,28.1,0.29,16.2,429.6,513.5,483.5,48.4,9.1,Normal (<10%),31.4,5,0.45,17,24.2,21.8121,80.1843
2025-08-11 14:00:00,UKWA_EXTENSION,Shift_2_Evening,488.4,7.5,19.0,20,3,14,15.1,67.0,0.6,45.3,418.4,394.5,435.0,53.4,10.93,Alert (10-25%),27.8,3,0.87,17,27.3,21.7932,80.2015
2025-08-11 22:00:00,BAL_SOUTH_PIT,Shift_3_Night,529.6,8.0,16.0,18,4,12,4.5,21.9,0.29,4.3,584.0,477.9,486.1,43.5,8.21,Normal (<10%),31.7,5,0.43,12,20.3,21.8005,80.1901
2025-08-12 06:00:00,BAL_NORTH_PIT,Shift_1_Morning,412.3,7.5,17.0,18,4,14,0.8,5.8,0.1,0.0,478.9,499.3,398.3,14.0,3.4,Normal (<10%),37.2,4,0.31,15,18.8,21.8121,80.1843
2025-08-12 14:00:00,BAL_DEEP_LEVEL_3,Shift_2_Evening,562.7,8.0,25.0,26,4,14,0.2,3.8,0.1,4.8,440.0,501.0,532.7,30.0,5.33,Normal (<10%),34.7,4,0.94,14,17.4,21.8064,80.1876
2025-08-12 22:00:00,BAL_NORTH_PIT,Shift_3_Night,588.1,7.5,19.0,22,3,12,0.3,3.8,0.15,1.9,424.3,504.1,526.4,61.7,10.49,Alert (10-25%),40.0,3,0.26,13,19.5,21.8121,80.1843
2025-08-13 06:00:00,BAL_DEEP_LEVEL_3,Shift_1_Morning,529.8,8.0,25.0,26,3,16,0.1,1.6,0.19,8.6,464.1,428.6,514.8,15.0,2.83,Normal (<10%),35.1,4,0.61,16,18.2,21.8064,80.1876
2025-08-13 14:00:00,BAL_DEEP_LEVEL_3,Shift_2_Evening,590.9,8.0,20.0,22,3,14,1.8,12.8,0.25,11.5,529.4,504.8,506.8,84.1,14.23,Alert (10-25%),34.6,4,0.42,15,20.3,21.8064,80.1876
2025-08-13 22:00:00,BAL_NORTH_PIT,Shift_3_Night,430.3,8.0,22.0,24,4,12,4.1,13.7,0.29,4.3,421.3,468.1,399.3,31.0,7.2,Normal (<10%),32.2,6,1.34,15,22.0,21.8121,80.1843
2025-08-14 06:00:00,UKWA_EXTENSION,Shift_1_Morning,495.5,8.0,24.0,26,3,14,3.8,12.3,0.2,11.8,460.4,519.6,451.9,43.6,8.8,Normal (<10%),37.4,5,0.02,17,19.2,21.7932,80.2015
2025-08-14 14:00:00,BAL_DEEP_LEVEL_3,Shift_2_Evening,520.4,8.0,17.0,18,3,14,64.9,101.1,0.72,75.9,425.7,454.2,451.3,69.1,13.28,Alert (10-25%),26.3,3,0.95,14,27.1,21.8064,80.1876
2025-08-14 22:00:00,UKWA_EXTENSION,Shift_3_Night,516.3,7.5,23.0,24,4,16,5.5,17.8,0.33,11.5,463.7,551.5,450.4,65.9,12.76,Alert (10-25%),34.0,5,0.69,16,20.5,21.7932,80.2015
2025-08-15 06:00:00,BAL_SOUTH_PIT,Shift_1_Morning,480.3,7.5,25.0,26,3,14,2.0,13.5,0.26,11.0,398.5,520.5,442.6,37.7,7.85,Normal (<10%),32.3,3,0.2,16,21.1,21.8005,80.1901
2025-08-15 14:00:00,BAL_DEEP_LEVEL_3,Shift_2_Evening,467.6,8.0,19.0,20,4,14,11.8,36.2,0.36,28.3,434.5,530.3,451.6,16.0,3.42,Normal (<10%),32.3,6,1.39,14,21.8,21.8064,80.1876
2025-08-15 22:00:00,UKWA_EXTENSION,Shift_3_Night,425.4,7.5,23.0,24,4,14,29.3,60.7,0.46,39.6,527.5,502.8,361.0,64.4,15.14,Alert (10-25%),27.7,4,1.1,14,24.1,21.7932,80.2015
2025-08-16 06:00:00,UKWA_EXTENSION,Shift_1_Morning,478.3,8.0,18.0,20,4,12,17.0,31.8,0.42,10.6,427.3,441.2,467.5,10.8,2.26,Normal (<10%),34.1,5,0.37,15,22.9,21.7932,80.2015
2025-08-16 14:00:00,BAL_SOUTH_PIT,Shift_2_Evening,432.5,7.5,25.0,26,3,14,5.3,17.7,0.22,14.6,554.9,422.0,395.0,37.5,8.67,Normal (<10%),35.5,5,1.63,15,19.3,21.8005,80.1901
2025-08-16 22:00:00,UKWA_EXTENSION,Shift_3_Night,546.9,7.5,25.0,26,4,14,12.4,51.9,0.54,38.6,523.9,522.5,466.6,80.3,14.68,Alert (10-25%),29.8,5,0.54,14,23.8,21.7932,80.2015
2025-08-17 06:00:00,UKWA_EXTENSION,Shift_1_Morning,441.8,8.0,24.0,26,3,11,18.8,78.5,0.59,59.6,447.8,468.0,395.6,46.2,10.46,Alert (10-25%),23.5,5,1.88,14,27.2,21.7932,80.2015
2025-08-17 14:00:00,BAL_SOUTH_PIT,Shift_2_Evening,411.7,8.0,21.0,22,4,14,19.5,82.4,0.56,49.4,481.3,356.7,381.0,30.7,7.46,Normal (<10%),25.6,4,0.97,15,26.4,21.8005,80.1901
2025-08-17 22:00:00,BAL_DEEP_LEVEL_3,Shift_3_Night,510.5,7.5,22.0,24,3,14,16.5,56.6,0.53,32.5,406.3,406.9,419.3,91.2,17.86,Alert (10-25%),30.3,3,0.56,14,24.7,21.8064,80.1876
2025-08-18 06:00:00,UKWA_EXTENSION,Shift_1_Morning,519.0,7.5,23.0,24,2,14,30.7,91.9,0.68,57.8,542.8,518.7,415.9,103.1,19.87,Alert (10-25%),27.4,3,1.18,15,28.4,21.7932,80.2015
2025-08-18 14:00:00,UKWA_EXTENSION,Shift_2_Evening,574.4,8.0,19.0,20,4,16,30.6,93.5,0.69,61.5,435.8,518.8,545.7,28.7,5.0,Normal (<10%),27.0,5,1.31,17,28.8,21.7932,80.2015
2025-08-18 22:00:00,UKWA_EXTENSION,Shift_3_Night,515.4,7.5,19.0,20,4,12,13.0,39.5,0.43,29.0,365.6,419.3,437.3,78.1,15.15,Alert (10-25%),28.9,4,0.63,13,22.7,21.7932,80.2015
2025-08-19 06:00:00,BAL_NORTH_PIT,Shift_1_Morning,469.1,7.5,19.0,20,3,11,8.4,29.0,0.35,13.7,359.1,407.8,200.6,268.5,57.24,Critical (>25%),33.0,4,0.5,14,21.5,21.8121,80.1843
2025-08-19 14:00:00,BAL_SOUTH_PIT,Shift_2_Evening,560.6,8.0,23.0,24,4,12,15.4,45.4,0.45,35.0,457.7,456.3,512.7,47.9,8.54,Normal (<10%),32.2,4,0.54,14,25.5,21.8005,80.1901
2025-08-19 22:00:00,BAL_NORTH_PIT,Shift_3_Night,508.1,7.5,19.0,20,3,16,25.6,86.4,0.7,62.1,383.3,415.2,417.0,91.1,17.93,Alert (10-25%),23.4,5,1.32,16,27.8,21.8121,80.1843
2025-08-20 06:00:00,BAL_SOUTH_PIT,Shift_1_Morning,415.9,8.0,16.0,18,3,12,0.1,3.1,0.23,6.7,481.8,461.6,408.8,7.1,1.71,Normal (<10%),35.4,3,0.04,15,19.8,21.8005,80.1901
2025-08-20 14:00:00,BAL_DEEP_LEVEL_3,Shift_2_Evening,513.2,8.0,25.0,26,3,12,72.4,161.3,0.95,100.0,587.2,480.7,471.3,41.9,8.16,Normal (<10%),18.8,3,1.34,15,34.9,21.8064,80.1876
2025-08-20 22:00:00,BAL_DEEP_LEVEL_3,Shift_3_Night,581.6,8.0,18.0,20,4,11,3.0,17.2,0.18,0.3,551.0,473.1,518.1,63.5,10.92,Alert (10-25%),34.1,5,0.36,11,21.2,21.8064,80.1876
2025-08-21 06:00:00,UKWA_EXTENSION,Shift_1_Morning,479.3,7.5,17.0,18,2,14,9.5,45.0,0.44,38.0,528.5,428.5,380.0,99.3,20.72,Alert (10-25%),28.0,3,0.78,14,25.1,21.7932,80.2015
2025-08-21 14:00:00,BAL_SOUTH_PIT,Shift_2_Evening,459.3,7.5,19.0,20,3,13,30.8,88.7,0.77,56.2,397.4,464.6,353.4,105.9,23.06,Alert (10-25%),24.8,4,1.41,14,28.6,21.8005,80.1901
2025-08-21 22:00:00,BAL_DEEP_LEVEL_3,Shift_3_Night,428.7,8.0,25.0,26,4,14,3.8,9.1,0.16,9.7,450.2,473.3,388.8,39.9,9.31,Normal (<10%),34.8,5,0.74,17,21.8,21.8064,80.1876
2025-08-22 06:00:00,BAL_SOUTH_PIT,Shift_1_Morning,430.3,8.0,17.0,18,2,11,9.7,44.7,0.52,30.4,510.5,469.0,362.1,68.2,15.85,Alert (10-25%),30.1,4,1.8,13,23.4,21.8005,80.1901
2025-08-22 14:00:00,BAL_DEEP_LEVEL_3,Shift_2_Evening,486.6,7.5,23.0,26,4,14,2.1,19.7,0.33,18.8,377.9,463.6,416.8,69.8,14.34,Alert (10-25%),32.6,4,0.0,15,21.5,21.8064,80.1876
2025-08-22 22:00:00,BAL_NORTH_PIT,Shift_3_Night,519.1,7.5,21.0,22,4,11,7.5,23.3,0.23,15.3,511.4,433.8,434.6,84.5,16.28,Alert (10-25%),33.1,6,1.17,11,20.4,21.8121,80.1843
2025-08-23 06:00:00,BAL_DEEP_LEVEL_3,Shift_1_Morning,416.1,7.5,23.0,26,3,14,2.9,14.7,0.28,10.1,393.5,356.1,205.5,210.6,50.61,Critical (>25%),34.1,4,0.7,14,20.9,21.8064,80.1876
2025-08-23 14:00:00,BAL_NORTH_PIT,Shift_2_Evening,587.9,8.0,23.0,24,3,12,6.8,17.6,0.31,12.6,452.5,538.4,560.3,27.6,4.69,Normal (<10%),34.4,5,1.24,15,23.7,21.8121,80.1843
2025-08-23 22:00:00,BAL_DEEP_LEVEL_3,Shift_3_Night,551.0,8.0,24.0,26,4,16,7.0,23.1,0.36,17.5,527.0,483.5,495.3,55.7,10.11,Alert (10-25%),32.5,5,0.94,17,22.2,21.8064,80.1876
2025-08-24 06:00:00,UKWA_EXTENSION,Shift_1_Morning,517.3,7.5,19.0,22,4,11,74.8,280.9,0.95,100.0,441.5,441.7,435.1,82.2,15.89,Alert (10-25%),15.0,4,2.54,12,35.0,21.7932,80.2015
2025-08-24 14:00:00,BAL_NORTH_PIT,Shift_2_Evening,565.7,7.5,20.0,20,4,15,78.9,155.7,0.95,100.0,548.9,446.5,489.0,76.7,13.56,Alert (10-25%),19.0,5,1.89,18,33.0,21.8121,80.1843
2025-08-24 22:00:00,BAL_DEEP_LEVEL_3,Shift_3_Night,416.0,7.5,21.0,24,4,12,1.8,12.9,0.33,8.2,439.6,468.9,159.7,256.3,61.61,Critical (>25%),31.1,6,0.78,12,22.4,21.8064,80.1876
2025-08-25 06:00:00,UKWA_EXTENSION,Shift_1_Morning,495.4,8.0,21.0,22,4,12,19.4,32.6,0.41,24.6,441.1,390.7,495.4,0.0,0.0,Normal (<10%),32.6,4,0.69,12,22.9,21.7932,80.2015
2025-08-25 14:00:00,BAL_NORTH_PIT,Shift_2_Evening,526.0,8.0,24.0,26,3,12,0.8,5.1,0.29,11.0,589.0,517.4,516.0,10.0,1.9,Normal (<10%),34.9,5,0.44,14,21.3,21.8121,80.1843
2025-08-25 22:00:00,UKWA_EXTENSION,Shift_3_Night,565.7,7.5,21.0,22,4,14,0.5,3.1,0.19,2.0,554.1,549.0,493.7,72.0,12.73,Alert (10-25%),35.7,4,0.63,14,19.0,21.7932,80.2015
2025-08-26 06:00:00,BAL_SOUTH_PIT,Shift_1_Morning,556.7,7.5,18.0,20,3,16,1.7,3.8,0.25,0.0,458.0,487.4,493.1,63.6,11.42,Alert (10-25%),36.6,5,0.99,19,21.2,21.8005,80.1901
2025-08-26 14:00:00,BAL_SOUTH_PIT,Shift_2_Evening,455.4,8.0,23.0,24,3,9,50.5,79.4,0.71,47.8,406.2,472.5,400.9,54.5,11.97,Alert (10-25%),23.5,4,1.05,12,27.2,21.8005,80.1901
2025-08-26 22:00:00,BAL_NORTH_PIT,Shift_3_Night,588.2,8.0,18.0,18,4,11,42.4,88.6,0.59,56.8,507.7,437.9,529.8,58.4,9.93,Normal (<10%),23.4,4,0.9,11,27.2,21.8121,80.1843
2025-08-27 06:00:00,BAL_DEEP_LEVEL_3,Shift_1_Morning,424.9,7.5,21.0,22,4,13,3.2,8.5,0.26,7.3,523.1,421.9,389.2,35.7,8.4,Normal (<10%),35.2,5,0.65,14,19.3,21.8064,80.1876
2025-08-27 14:00:00,BAL_NORTH_PIT,Shift_2_Evening,575.0,7.5,21.0,22,3,12,2.6,8.6,0.19,7.9,461.6,627.9,527.3,47.7,8.3,Normal (<10%),35.2,3,0.79,14,20.1,21.8121,80.1843
2025-08-27 22:00:00,UKWA_EXTENSION,Shift_3_Night,594.2,7.5,24.0,26,4,12,4.1,13.6,0.33,14.7,444.1,570.6,495.3,98.9,16.64,Alert (10-25%),34.2,5,1.67,13,20.6,21.7932,80.2015
2025-08-28 06:00:00,BAL_DEEP_LEVEL_3,Shift_1_Morning,435.4,8.0,23.0,24,3,13,10.9,35.5,0.28,16.0,383.5,387.0,419.0,16.4,3.77,Normal (<10%),31.8,5,1.5,13,18.6,21.8064,80.1876
2025-08-28 14:00:00,BAL_SOUTH_PIT,Shift_2_Evening,544.4,7.5,17.0,18,3,14,12.6,33.8,0.34,23.6,423.5,422.3,466.7,77.7,14.27,Alert (10-25%),33.3,3,0.35,14,21.7,21.8005,80.1901
2025-08-28 22:00:00,BAL_DEEP_LEVEL_3,Shift_3_Night,408.1,8.0,20.0,22,4,14,3.8,13.9,0.38,12.3,382.0,433.4,365.3,42.8,10.49,Alert (10-25%),35.0,4,0.59,14,20.2,21.8064,80.1876
2025-08-29 06:00:00,BAL_SOUTH_PIT,Shift_1_Morning,481.1,8.0,16.0,18,3,16,21.2,85.8,0.6,60.1,338.4,340.3,298.4,182.7,37.98,Critical (>25%),27.3,3,1.15,16,26.5,21.8005,80.1901
2025-08-29 14:00:00,BAL_DEEP_LEVEL_3,Shift_2_Evening,503.3,7.5,16.0,18,3,16,5.6,31.7,0.36,9.0,556.2,443.0,443.7,59.6,11.84,Alert (10-25%),31.9,3,0.22,16,22.1,21.8064,80.1876
2025-08-29 22:00:00,BAL_DEEP_LEVEL_3,Shift_3_Night,516.1,7.5,19.0,20,4,16,38.3,59.2,0.56,37.6,508.5,469.8,425.4,90.7,17.57,Alert (10-25%),25.7,4,0.35,16,26.7,21.8064,80.1876
2025-08-30 06:00:00,BAL_DEEP_LEVEL_3,Shift_1_Morning,587.2,8.0,25.0,26,4,11,16.0,58.2,0.48,42.9,618.9,532.9,549.7,37.5,6.39,Normal (<10%),30.6,4,0.7,13,25.5,21.8064,80.1876
2025-08-30 14:00:00,UKWA_EXTENSION,Shift_2_Evening,534.5,7.5,16.0,18,4,16,8.6,27.3,0.23,14.1,521.9,502.8,481.5,53.0,9.92,Normal (<10%),35.3,4,0.7,17,21.8,21.7932,80.2015
2025-08-30 22:00:00,UKWA_EXTENSION,Shift_3_Night,496.3,8.0,25.0,26,3,12,23.4,40.1,0.35,20.8,485.6,557.2,440.1,56.2,11.32,Alert (10-25%),32.7,3,0.08,12,23.0,21.7932,80.2015
2025-08-31 06:00:00,BAL_NORTH_PIT,Shift_1_Morning,561.9,7.5,20.0,20,4,16,25.5,59.3,0.56,42.4,565.1,533.0,523.2,38.7,6.89,Normal (<10%),27.6,4,0.51,16,25.8,21.8121,80.1843
2025-08-31 14:00:00,BAL_NORTH_PIT,Shift_2_Evening,590.1,7.5,17.0,18,4,12,5.1,13.0,0.34,10.2,426.5,603.7,545.8,44.3,7.51,Normal (<10%),34.9,4,0.57,12,21.3,21.8121,80.1843
2025-08-31 22:00:00,BAL_SOUTH_PIT,Shift_3_Night,404.4,7.5,24.0,26,4,12,6.2,24.1,0.22,17.2,386.6,379.7,353.7,50.7,12.54,Alert (10-25%),35.0,6,1.05,12,21.0,21.8005,80.1901
2025-09-01 06:00:00,UKWA_EXTENSION,Shift_1_Morning,596.5,7.5,23.0,24,4,14,41.2,131.1,0.81,84.2,551.9,570.9,516.2,80.3,13.46,Alert (10-25%),21.0,6,2.36,16,32.2,21.7932,80.2015
2025-09-01 14:00:00,BAL_SOUTH_PIT,Shift_2_Evening,417.2,8.0,25.0,26,4,15,2.7,14.1,0.24,2.8,511.9,508.8,383.4,33.8,8.1,Normal (<10%),30.1,4,0.0,15,17.9,21.8005,80.1901
2025-09-01 22:00:00,BAL_NORTH_PIT,Shift_3_Night,562.9,8.0,22.0,24,3,14,0.6,4.4,0.2,7.7,428.0,416.6,459.1,103.8,18.44,Alert (10-25%),32.1,5,1.71,14,21.6,21.8121,80.1843
2025-09-02 06:00:00,BAL_SOUTH_PIT,Shift_1_Morning,456.1,8.0,19.0,20,4,11,9.1,23.1,0.27,32.1,479.9,542.3,436.6,19.5,4.28,Normal (<10%),31.7,4,0.0,12,23.0,21.8005,80.1901
2025-09-02 14:00:00,BAL_NORTH_PIT,Shift_2_Evening,426.4,7.5,17.0,20,3,12,24.2,58.0,0.5,30.6,388.7,522.8,386.6,39.8,9.33,Normal (<10%),26.4,5,0.71,12,24.7,21.8121,80.1843
2025-09-02 22:00:00,UKWA_EXTENSION,Shift_3_Night,488.0,8.0,23.0,24,4,16,22.2,55.8,0.45,42.3,516.2,495.4,438.5,49.5,10.14,Alert (10-25%),25.2,4,0.68,16,22.6,21.7932,80.2015
2025-09-03 06:00:00,BAL_DEEP_LEVEL_3,Shift_1_Morning,528.8,8.0,21.0,22,3,12,37.8,152.9,0.94,100.0,454.3,443.0,304.0,224.8,42.51,Critical (>25%),16.7,3,1.17,12,34.0,21.8064,80.1876
2025-09-03 14:00:00,UKWA_EXTENSION,Shift_2_Evening,476.2,8.0,18.0,18,3,16,11.4,39.8,0.34,28.1,543.1,508.6,467.6,8.6,1.81,Normal (<10%),29.6,4,0.85,16,21.7,21.7932,80.2015
2025-09-03 22:00:00,BAL_SOUTH_PIT,Shift_3_Night,410.9,7.5,18.0,18,3,16,1.6,7.6,0.28,4.8,404.9,558.4,362.8,48.1,11.71,Alert (10-25%),31.8,3,0.38,18,21.5,21.8005,80.1901
2025-09-04 06:00:00,BAL_SOUTH_PIT,Shift_1_Morning,519.9,8.0,22.0,24,4,16,13.3,46.9,0.37,42.2,560.4,417.3,518.4,1.5,0.29,Normal (<10%),28.4,5,0.87,19,23.0,21.8005,80.1901
2025-09-04 14:00:00,UKWA_EXTENSION,Shift_2_Evening,580.5,7.5,18.0,18,3,14,22.6,59.5,0.52,35.7,486.6,488.8,494.2,86.3,14.87,Alert (10-25%),25.7,3,0.48,15,27.3,21.7932,80.2015
2025-09-04 22:00:00,UKWA_EXTENSION,Shift_3_Night,476.6,7.5,18.0,20,4,15,1.5,8.6,0.29,2.7,530.6,441.4,412.7,63.9,13.41,Alert (10-25%),33.8,4,0.53,17,19.6,21.7932,80.2015
2025-09-05 06:00:00,BAL_NORTH_PIT,Shift_1_Morning,443.3,8.0,21.0,22,4,16,2.8,11.2,0.36,7.8,462.9,440.2,443.3,0.0,0.0,Normal (<10%),29.6,4,0.3,18,21.7,21.8121,80.1843
2025-09-05 14:00:00,BAL_SOUTH_PIT,Shift_2_Evening,488.5,7.5,23.0,24,4,16,0.2,0.7,0.23,3.3,385.4,317.4,201.2,287.3,58.81,Critical (>25%),31.7,5,1.03,19,18.5,21.8005,80.1901
2025-09-05 22:00:00,BAL_SOUTH_PIT,Shift_3_Night,409.7,8.0,19.0,20,4,16,13.5,52.7,0.47,41.8,552.2,402.6,374.8,34.9,8.52,Normal (<10%),27.0,4,0.62,16,23.9,21.8005,80.1901
2025-09-06 06:00:00,UKWA_EXTENSION,Shift_1_Morning,564.1,8.0,19.0,20,3,13,32.7,88.2,0.56,61.3,417.8,440.2,513.1,51.0,9.04,Normal (<10%),24.9,4,0.98,16,27.4,21.7932,80.2015
2025-09-06 14:00:00,BAL_DEEP_LEVEL_3,Shift_2_Evening,565.3,8.0,23.0,24,4,14,16.7,40.7,0.48,28.3,602.1,467.5,524.4,40.9,7.24,Normal (<10%),25.6,5,0.37,15,24.9,21.8064,80.1876
2025-09-06 22:00:00,BAL_SOUTH_PIT,Shift_3_Night,517.6,8.0,22.0,24,3,15,60.3,208.0,0.95,100.0,533.2,512.6,429.2,88.4,17.08,Alert (10-25%),15.0,4,2.22,16,35.0,21.8005,80.1901
2025-09-07 06:00:00,BAL_DEEP_LEVEL_3,Shift_1_Morning,470.6,8.0,24.0,26,3,11,1.0,10.2,0.27,9.4,539.9,502.1,461.2,9.4,2.0,Normal (<10%),28.5,5,0.62,13,22.2,21.8064,80.1876
2025-09-07 14:00:00,UKWA_EXTENSION,Shift_2_Evening,560.0,7.5,18.0,20,3,12,35.0,95.0,0.69,59.8,426.6,536.6,460.3,99.7,17.8,Alert (10-25%),22.3,4,0.92,13,27.2,21.7932,80.2015
2025-09-07 22:00:00,UKWA_EXTENSION,Shift_3_Night,510.9,8.0,17.0,18,4,14,25.2,82.6,0.62,56.1,402.3,404.0,463.0,47.9,9.38,Normal (<10%),22.0,5,1.38,14,26.4,21.7932,80.2015
2025-09-08 06:00:00,BAL_NORTH_PIT,Shift_1_Morning,565.2,7.5,22.0,22,4,16,5.7,14.9,0.27,8.8,420.6,417.1,249.2,316.0,55.91,Critical (>25%),30.6,4,0.0,16,20.3,21.8121,80.1843
2025-09-08 14:00:00,BAL_SOUTH_PIT,Shift_2_Evening,526.3,8.0,24.0,26,3,16,54.5,155.3,0.95,98.6,504.8,409.6,478.2,48.1,9.14,Normal (<10%),16.9,3,1.96,16,33.5,21.8005,80.1901
2025-09-08 22:00:00,BAL_DEEP_LEVEL_3,Shift_3_Night,556.9,8.0,18.0,20,3,16,5.1,10.2,0.29,14.6,512.6,429.5,494.9,62.0,11.13,Alert (10-25%),30.5,4,0.75,16,20.7,21.8064,80.1876
2025-09-09 06:00:00,BAL_NORTH_PIT,Shift_1_Morning,519.7,8.0,24.0,24,4,16,33.0,58.3,0.42,34.0,496.2,410.7,497.5,22.2,4.27,Normal (<10%),27.2,4,0.71,16,24.7,21.8121,80.1843
2025-09-09 14:00:00,BAL_SOUTH_PIT,Shift_2_Evening,482.8,7.5,21.0,22,3,12,31.9,96.8,0.61,62.6,421.8,572.9,421.4,61.4,12.72,Alert (10-25%),22.1,4,1.03,14,28.5,21.8005,80.1901
2025-09-09 22:00:00,BAL_NORTH_PIT,Shift_3_Night,591.6,7.5,21.0,22,3,16,21.3,50.9,0.41,26.0,498.2,450.3,508.5,83.1,14.05,Alert (10-25%),28.5,3,0.89,16,24.2,21.8121,80.1843
2025-09-10 06:00:00,UKWA_EXTENSION,Shift_1_Morning,508.2,7.5,20.0,20,4,16,12.4,45.9,0.49,29.8,428.6,438.0,449.2,59.0,11.61,Alert (10-25%),28.1,4,0.62,17,23.2,21.7932,80.2015
2025-09-10 14:00:00,BAL_SOUTH_PIT,Shift_2_Evening,521.0,7.5,17.0,18,3,15,1.9,9.4,0.27,8.4,422.8,547.5,474.5,46.5,8.93,Normal (<10%),30.6,3,0.19,15,20.6,21.8005,80.1901
2025-09-10 22:00:00,BAL_NORTH_PIT,Shift_3_Night,444.1,8.0,21.0,22,3,12,11.4,28.7,0.31,14.6,513.2,441.5,410.9,33.2,7.48,Normal (<10%),29.6,3,0.53,13,23.6,21.8121,80.1843
2025-09-11 06:00:00,BAL_NORTH_PIT,Shift_1_Morning,525.1,8.0,19.0,20,3,12,6.6,31.0,0.31,11.6,442.2,440.8,504.0,21.1,4.02,Normal (<10%),31.2,4,0.29,15,21.2,21.8121,80.1843
2025-09-11 14:00:00,BAL_DEEP_LEVEL_3,Shift_2_Evening,514.3,7.5,20.0,22,3,16,23.6,70.3,0.55,45.0,397.4,476.0,450.6,63.7,12.39,Alert (10-25%),25.7,4,0.63,16,26.0,21.8064,80.1876
2025-09-11 22:00:00,BAL_NORTH_PIT,Shift_3_Night,437.0,7.5,17.0,18,4,11,21.3,39.0,0.42,25.2,494.1,427.7,375.5,61.5,14.07,Alert (10-25%),26.3,4,0.22,12,23.9,21.8121,80.1843
2025-09-12 06:00:00,BAL_SOUTH_PIT,Shift_1_Morning,411.9,7.5,26.0,26,2,16,36.2,118.9,0.86,78.1,351.8,423.8,327.1,84.8,20.59,Alert (10-25%),20.3,2,1.33,19,33.0,21.8005,80.1901
2025-09-12 14:00:00,BAL_SOUTH_PIT,Shift_2_Evening,520.9,8.0,18.0,20,3,11,0.2,12.1,0.36,16.0,369.6,514.6,495.1,25.8,4.95,Normal (<10%),29.2,4,0.7,12,22.0,21.8005,80.1901
2025-09-12 22:00:00,BAL_DEEP_LEVEL_3,Shift_3_Night,552.7,7.5,19.0,20,3,16,24.8,72.6,0.56,50.1,533.8,499.4,422.7,130.0,23.52,Alert (10-25%),27.0,3,1.16,16,25.8,21.8064,80.1876
2025-09-13 06:00:00,BAL_SOUTH_PIT,Shift_1_Morning,504.7,7.5,24.0,26,3,14,41.8,162.5,0.95,100.0,577.7,460.3,413.2,91.5,18.13,Alert (10-25%),16.8,5,1.92,14,33.9,21.8005,80.1901
2025-09-13 14:00:00,UKWA_EXTENSION,Shift_2_Evening,445.4,8.0,21.0,24,4,12,23.4,67.0,0.54,46.3,491.2,545.2,406.1,39.3,8.82,Normal (<10%),25.8,5,1.27,15,25.7,21.7932,80.2015
2025-09-13 22:00:00,BAL_SOUTH_PIT,Shift_3_Night,533.3,7.5,19.0,20,3,14,2.1,12.5,0.28,10.0,340.1,455.4,266.7,266.6,49.99,Critical (>25%),31.6,3,0.37,15,20.4,21.8005,80.1901
2025-09-14 06:00:00,BAL_SOUTH_PIT,Shift_1_Morning,416.0,8.0,22.0,24,3,12,1.3,6.6,0.28,2.2,361.8,408.6,416.0,0.0,0.0,Normal (<10%),31.5,3,0.12,12,18.7,21.8005,80.1901
2025-09-14 14:00:00,BAL_NORTH_PIT,Shift_2_Evening,488.4,8.0,18.0,20,3,13,0.3,0.8,0.26,0.0,555.8,510.2,440.3,48.1,9.85,Normal (<10%),33.4,3,0.52,14,21.5,21.8121,80.1843
2025-09-14 22:00:00,BAL_NORTH_PIT,Shift_3_Night,432.7,8.0,21.0,22,4,12,14.9,45.3,0.51,42.6,368.8,376.3,189.8,242.9,56.14,Critical (>25%),26.8,4,0.59,15,25.4,21.8121,80.1843
2025-09-15 06:00:00,BAL_SOUTH_PIT,Shift_1_Morning,436.9,8.0,17.0,18,4,11,14.9,30.1,0.29,19.3,445.6,439.4,185.5,251.4,57.54,Critical (>25%),30.2,4,0.3,14,21.8,21.8005,80.1901
2025-09-15 14:00:00,BAL_DEEP_LEVEL_3,Shift_2_Evening,440.5,8.0,19.0,22,3,15,65.0,207.4,0.95,100.0,542.7,355.8,395.2,45.3,10.28,Alert (10-25%),15.0,5,2.58,15,35.0,21.8064,80.1876
2025-09-15 22:00:00,BAL_NORTH_PIT,Shift_3_Night,477.3,7.5,20.0,20,4,11,7.6,28.2,0.4,19.0,506.5,429.0,400.4,76.9,16.11,Alert (10-25%),28.5,4,0.43,11,23.3,21.8121,80.1843
2025-09-16 06:00:00,BAL_DEEP_LEVEL_3,Shift_1_Morning,410.2,7.5,24.0,24,4,12,6.0,18.8,0.24,8.7,451.4,492.4,374.1,36.1,8.8,Normal (<10%),30.1,5,0.65,15,22.8,21.8064,80.1876
2025-09-16 14:00:00,BAL_SOUTH_PIT,Shift_2_Evening,479.6,8.0,24.0,24,3,14,14.7,29.2,0.25,20.4,408.0,572.2,461.2,18.4,3.84,Normal (<10%),28.4,4,0.65,16,21.1,21.8005,80.1901
2025-09-16 22:00:00,BAL_SOUTH_PIT,Shift_3_Night,502.3,8.0,24.0,26,4,14,26.2,73.3,0.49,42.5,492.6,490.6,446.3,56.0,11.15,Alert (10-25%),23.6,4,0.45,15,22.6,21.8005,80.1901
2025-09-17 06:00:00,UKWA_EXTENSION,Shift_1_Morning,496.7,7.5,25.0,26,3,13,41.4,72.9,0.56,52.2,549.0,569.1,444.1,52.6,10.59,Alert (10-25%),22.1,4,1.17,13,26.1,21.7932,80.2015
2025-09-17 14:00:00,BAL_NORTH_PIT,Shift_2_Evening,476.6,7.5,25.0,26,3,14,24.4,78.9,0.7,51.3,538.9,357.9,418.3,58.3,12.23,Alert (10-25%),24.6,3,0.65,16,26.8,21.8121,80.1843
2025-09-17 22:00:00,BAL_SOUTH_PIT,Shift_3_Night,567.8,8.0,18.0,18,3,16,8.3,36.6,0.31,30.0,491.1,518.6,515.6,52.2,9.19,Normal (<10%),31.9,5,0.83,17,23.1,21.8005,80.1901
2025-09-18 06:00:00,UKWA_EXTENSION,Shift_1_Morning,429.1,7.5,26.0,26,4,14,15.1,62.5,0.45,44.3,348.4,417.5,382.3,46.8,10.91,Alert (10-25%),28.4,5,0.98,15,25.8,21.7932,80.2015
2025-09-18 14:00:00,BAL_NORTH_PIT,Shift_2_Evening,501.1,7.5,23.0,24,3,14,29.1,61.3,0.48,42.8,578.5,539.9,455.1,46.0,9.18,Normal (<10%),23.8,4,1.27,17,26.9,21.8121,80.1843
2025-09-18 22:00:00,BAL_SOUTH_PIT,Shift_3_Night,412.4,8.0,21.0,22,3,16,10.1,29.3,0.3,15.6,416.9,259.6,159.2,253.2,61.4,Critical (>25%),30.9,5,1.13,16,23.3,21.8005,80.1901
2025-09-19 06:00:00,BAL_SOUTH_PIT,Shift_1_Morning,414.2,7.5,19.0,20,3,13,3.7,12.5,0.2,8.7,406.6,503.7,362.3,51.9,12.53,Alert (10-25%),33.9,3,0.24,14,21.6,21.8005,80.1901
2025-09-19 14:00:00,BAL_NORTH_PIT,Shift_2_Evening,514.8,7.5,24.0,26,3,14,2.8,12.9,0.16,12.4,566.4,398.7,452.0,62.8,12.2,Alert (10-25%),31.3,3,0.23,14,21.5,21.8121,80.1843
2025-09-19 22:00:00,BAL_NORTH_PIT,Shift_3_Night,513.2,7.5,17.0,18,4,14,0.0,1.1,0.18,1.3,498.0,408.5,462.8,50.4,9.82,Normal (<10%),33.0,4,0.59,15,20.9,21.8121,80.1843
2025-09-20 06:00:00,BAL_NORTH_PIT,Shift_1_Morning,575.6,7.5,20.0,22,3,12,19.0,40.8,0.5,20.4,411.9,423.9,477.1,98.5,17.11,Alert (10-25%),24.7,5,0.45,13,25.3,21.8121,80.1843
2025-09-20 14:00:00,BAL_SOUTH_PIT,Shift_2_Evening,511.6,8.0,21.0,24,4,13,1.8,7.3,0.26,9.8,582.7,553.8,505.9,5.7,1.11,Normal (<10%),32.3,4,0.64,16,21.2,21.8005,80.1901
2025-09-20 22:00:00,BAL_SOUTH_PIT,Shift_3_Night,592.0,7.5,17.0,18,4,14,4.2,17.2,0.34,15.2,450.2,439.2,528.3,63.7,10.76,Alert (10-25%),29.0,5,0.14,14,19.8,21.8005,80.1901
2025-09-21 06:00:00,UKWA_EXTENSION,Shift_1_Morning,409.7,8.0,19.0,20,3,16,5.3,19.1,0.27,5.2,523.7,513.5,395.7,14.0,3.42,Normal (<10%),31.2,3,0.0,19,24.4,21.7932,80.2015
2025-09-21 14:00:00,BAL_DEEP_LEVEL_3,Shift_2_Evening,419.6,7.5,24.0,26,4,13,12.3,52.0,0.42,35.3,379.1,428.2,360.1,59.5,14.18,Alert (10-25%),25.0,6,1.11,14,24.1,21.8064,80.1876
2025-09-21 22:00:00,BAL_NORTH_PIT,Shift_3_Night,408.8,8.0,19.0,20,3,12,7.6,20.7,0.33,17.9,513.8,420.2,365.8,43.0,10.52,Alert (10-25%),31.2,5,1.66,12,22.5,21.8121,80.1843
2025-09-22 06:00:00,BAL_SOUTH_PIT,Shift_1_Morning,437.1,8.0,19.0,20,4,14,16.8,70.4,0.56,43.9,560.4,523.9,422.9,14.2,3.25,Normal (<10%),26.5,4,1.33,14,25.0,21.8005,80.1901
2025-09-22 14:00:00,BAL_SOUTH_PIT,Shift_2_Evening,508.3,7.5,23.0,24,4,14,0.9,5.1,0.22,0.0,427.9,470.1,191.1,317.2,62.4,Critical (>25%),31.1,4,0.61,14,20.6,21.8005,80.1901
2025-09-22 22:00:00,BAL_NORTH_PIT,Shift_3_Night,529.1,8.0,21.0,22,3,15,2.0,15.7,0.36,5.1,549.2,504.9,496.0,33.1,6.26,Normal (<10%),28.9,4,0.81,15,18.7,21.8121,80.1843
2025-09-23 06:00:00,BAL_DEEP_LEVEL_3,Shift_1_Morning,409.1,8.0,25.0,26,3,12,10.4,43.8,0.38,28.7,534.1,450.2,387.3,21.8,5.33,Normal (<10%),25.0,3,0.04,13,22.9,21.8064,80.1876
2025-09-23 14:00:00,BAL_NORTH_PIT,Shift_2_Evening,589.2,8.0,23.0,24,4,11,6.2,22.6,0.27,19.7,413.7,503.7,541.6,47.6,8.08,Normal (<10%),30.2,4,0.47,14,22.1,21.8121,80.1843
2025-09-23 22:00:00,BAL_DEEP_LEVEL_3,Shift_3_Night,568.4,8.0,20.0,22,3,14,5.3,19.8,0.34,7.8,333.3,380.4,319.0,249.4,43.88,Critical (>25%),29.5,3,0.24,17,22.9,21.8064,80.1876
2025-09-24 06:00:00,BAL_SOUTH_PIT,Shift_1_Morning,459.3,8.0,21.0,22,4,12,1.0,4.4,0.26,0.0,412.3,389.2,440.0,19.3,4.2,Normal (<10%),29.8,5,0.45,13,21.3,21.8005,80.1901
2025-09-24 14:00:00,BAL_DEEP_LEVEL_3,Shift_2_Evening,415.4,7.5,17.0,18,4,14,33.9,59.0,0.44,37.8,393.8,445.4,373.5,41.9,10.09,Alert (10-25%),27.3,4,0.77,15,23.5,21.8064,80.1876
2025-09-24 22:00:00,UKWA_EXTENSION,Shift_3_Night,434.0,8.0,22.0,24,4,15,17.7,31.8,0.36,24.6,549.7,423.7,400.9,33.1,7.63,Normal (<10%),28.6,4,0.36,16,23.1,21.7932,80.2015
2025-09-25 06:00:00,BAL_SOUTH_PIT,Shift_1_Morning,425.4,8.0,23.0,24,3,12,1.9,4.9,0.13,12.0,338.2,313.8,186.4,239.0,56.18,Critical (>25%),31.2,5,1.26,12,20.3,21.8005,80.1901
2025-09-25 14:00:00,UKWA_EXTENSION,Shift_2_Evening,424.7,7.5,20.0,22,3,14,1.0,10.6,0.27,7.5,461.4,401.4,382.1,42.6,10.03,Alert (10-25%),30.7,3,0.0,14,22.6,21.7932,80.2015
2025-09-25 22:00:00,BAL_NORTH_PIT,Shift_3_Night,503.7,7.5,26.0,26,3,15,55.3,119.3,0.77,76.2,390.5,447.5,384.0,119.7,23.76,Alert (10-25%),21.4,3,1.25,16,30.9,21.8121,80.1843
2025-09-26 06:00:00,BAL_NORTH_PIT,Shift_1_Morning,449.2,8.0,16.0,18,3,16,17.1,65.1,0.51,39.4,426.0,554.8,402.4,46.8,10.42,Alert (10-25%),26.6,3,0.51,18,25.3,21.8121,80.1843
2025-09-26 14:00:00,BAL_NORTH_PIT,Shift_2_Evening,471.6,7.5,24.0,26,3,14,8.1,39.8,0.34,33.4,367.0,483.8,403.5,68.1,14.44,Alert (10-25%),28.6,3,0.44,14,21.2,21.8121,80.1843
2025-09-26 22:00:00,BAL_DEEP_LEVEL_3,Shift_3_Night,597.9,7.5,19.0,20,4,16,18.1,64.3,0.58,36.6,383.5,421.8,275.6,322.3,53.91,Critical (>25%),26.3,4,0.86,16,27.2,21.8064,80.1876
2025-09-27 06:00:00,BAL_SOUTH_PIT,Shift_1_Morning,536.9,7.5,21.0,22,3,15,21.2,69.9,0.56,47.6,562.0,544.9,478.2,58.7,10.93,Alert (10-25%),23.3,3,0.48,15,26.3,21.8005,80.1901
2025-09-27 14:00:00,BAL_NORTH_PIT,Shift_2_Evening,589.8,7.5,19.0,20,4,14,22.7,58.8,0.54,45.8,538.1,391.6,556.1,33.7,5.71,Normal (<10%),26.1,4,0.77,14,24.7,21.8121,80.1843
2025-09-27 22:00:00,BAL_NORTH_PIT,Shift_3_Night,428.5,7.5,23.0,26,3,11,9.7,22.5,0.31,14.2,496.5,521.0,379.6,48.9,11.41,Alert (10-25%),30.6,4,0.66,11,19.6,21.8121,80.1843
2025-09-28 06:00:00,BAL_SOUTH_PIT,Shift_1_Morning,476.4,7.5,16.0,18,3,12,8.4,21.5,0.37,8.9,407.8,572.1,438.2,38.2,8.02,Normal (<10%),29.4,3,0.21,12,20.6,21.8005,80.1901
2025-09-28 14:00:00,BAL_NORTH_PIT,Shift_2_Evening,510.9,8.0,21.0,22,2,16,0.2,3.7,0.13,5.1,496.6,388.0,464.2,46.7,9.14,Normal (<10%),33.6,3,0.56,16,19.6,21.8121,80.1843
2025-09-28 22:00:00,UKWA_EXTENSION,Shift_3_Night,415.4,8.0,21.0,22,3,14,39.2,119.6,0.8,80.3,427.0,480.1,346.5,68.9,16.59,Alert (10-25%),18.5,4,1.49,14,30.3,21.7932,80.2015
2025-09-29 06:00:00,BAL_SOUTH_PIT,Shift_1_Morning,400.8,7.5,16.0,18,4,12,13.9,31.4,0.42,23.3,410.9,465.3,199.6,201.2,50.2,Critical (>25%),29.7,5,0.56,14,21.3,21.8005,80.1901
2025-09-29 14:00:00,BAL_SOUTH_PIT,Shift_2_Evening,534.1,7.5,24.0,24,4,12,3.4,20.5,0.2,16.6,506.8,449.9,476.8,57.3,10.73,Alert (10-25%),32.0,5,0.71,12,21.1,21.8005,80.1901
2025-09-29 22:00:00,BAL_SOUTH_PIT,Shift_3_Night,528.4,8.0,24.0,26,3,15,37.8,64.4,0.53,45.5,437.9,542.3,466.3,62.1,11.75,Alert (10-25%),21.3,3,0.69,15,23.5,21.8005,80.1901
2025-09-30 06:00:00,UKWA_EXTENSION,Shift_1_Morning,482.2,7.5,20.0,22,1,15,37.0,120.7,0.83,81.9,451.1,372.7,329.1,153.1,31.75,Critical (>25%),21.1,3,1.66,18,32.8,21.7932,80.2015
2025-09-30 14:00:00,BAL_SOUTH_PIT,Shift_2_Evening,497.9,8.0,20.0,22,3,11,67.9,180.0,0.95,100.0,508.0,507.6,441.9,56.0,11.25,Alert (10-25%),15.0,3,2.22,11,34.7,21.8005,80.1901
2025-09-30 22:00:00,UKWA_EXTENSION,Shift_3_Night,483.1,7.5,19.0,20,3,13,31.1,106.3,0.78,77.6,567.0,493.2,386.6,96.5,19.98,Alert (10-25%),19.9,3,1.25,16,29.8,21.7932,80.2015
2025-10-01 06:00:00,BAL_SOUTH_PIT,Shift_1_Morning,404.8,8.0,19.0,20,3,14,0.6,8.4,0.29,1.7,506.2,425.8,385.1,19.7,4.87,Normal (<10%),30.1,5,0.89,15,21.6,21.8005,80.1901
2025-10-01 14:00:00,BAL_DEEP_LEVEL_3,Shift_2_Evening,467.1,8.0,17.0,18,3,16,4.7,17.9,0.26,10.6,327.1,301.9,229.5,237.6,50.87,Critical (>25%),27.5,3,0.44,18,21.8,21.8064,80.1876
2025-10-01 22:00:00,BAL_NORTH_PIT,Shift_3_Night,435.4,7.5,17.0,18,3,12,2.6,12.2,0.24,12.1,432.7,373.6,391.0,44.4,10.2,Alert (10-25%),26.4,3,0.09,12,21.5,21.8121,80.1843
2025-10-02 06:00:00,BAL_DEEP_LEVEL_3,Shift_1_Morning,419.7,7.5,22.0,24,3,12,1.6,7.1,0.18,4.4,493.5,351.7,344.4,75.3,17.94,Alert (10-25%),27.7,3,0.27,12,19.6,21.8064,80.1876
2025-10-02 14:00:00,BAL_NORTH_PIT,Shift_2_Evening,591.3,7.5,20.0,22,4,15,0.3,7.9,0.26,0.0,559.4,502.4,532.8,58.5,9.89,Normal (<10%),30.3,4,0.3,15,20.2,21.8121,80.1843
2025-10-02 22:00:00,UKWA_EXTENSION,Shift_3_Night,519.9,7.5,25.0,26,4,16,2.0,8.9,0.25,7.6,401.6,428.1,436.1,83.8,16.12,Alert (10-25%),25.9,4,0.03,16,19.7,21.7932,80.2015
2025-10-03 06:00:00,BAL_DEEP_LEVEL_3,Shift_1_Morning,545.7,8.0,23.0,24,3,12,1.9,4.9,0.22,0.8,526.8,530.0,515.1,30.6,5.61,Normal (<10%),31.0,4,0.82,12,19.9,21.8064,80.1876
2025-10-03 14:00:00,BAL_SOUTH_PIT,Shift_2_Evening,463.1,7.5,22.0,26,3,13,0.8,6.9,0.24,15.2,426.7,429.2,403.5,59.6,12.87,Alert (10-25%),28.9,4,0.55,16,22.8,21.8005,80.1901
2025-10-03 22:00:00,BAL_NORTH_PIT,Shift_3_Night,478.6,8.0,24.0,26,4,14,3.9,10.0,0.21,11.6,401.0,550.5,435.5,43.1,9.01,Normal (<10%),27.2,4,0.29,14,19.4,21.8121,80.1843
2025-10-04 06:00:00,BAL_NORTH_PIT,Shift_1_Morning,447.4,7.5,21.0,22,4,14,0.3,0.8,0.13,6.3,504.8,491.9,400.8,46.6,10.42,Alert (10-25%),29.3,6,0.83,15,19.9,21.8121,80.1843
2025-10-04 14:00:00,BAL_DEEP_LEVEL_3,Shift_2_Evening,419.4,8.0,17.0,18,4,13,0.5,3.7,0.24,2.7,382.7,486.0,379.5,39.9,9.51,Normal (<10%),27.7,4,1.29,14,19.2,21.8064,80.1876
2025-10-04 22:00:00,UKWA_EXTENSION,Shift_3_Night,435.8,7.5,17.0,18,3,12,0.1,7.5,0.23,6.6,427.9,355.8,371.9,63.9,14.66,Alert (10-25%),30.3,4,0.5,12,17.8,21.7932,80.2015
2025-10-05 06:00:00,BAL_DEEP_LEVEL_3,Shift_1_Morning,559.5,7.5,17.0,18,4,14,2.4,16.1,0.23,9.0,437.5,448.7,528.5,31.0,5.54,Normal (<10%),29.4,5,0.08,14,20.6,21.8064,80.1876
2025-10-05 14:00:00,UKWA_EXTENSION,Shift_2_Evening,535.5,8.0,25.0,26,3,14,1.5,5.7,0.19,0.0,519.6,460.9,533.4,2.1,0.39,Normal (<10%),26.8,4,0.22,15,20.3,21.7932,80.2015
2025-10-05 22:00:00,UKWA_EXTENSION,Shift_3_Night,509.4,7.5,23.0,24,4,12,0.6,8.6,0.29,1.2,393.2,420.2,454.7,54.7,10.74,Alert (10-25%),28.0,4,0.63,12,20.1,21.7932,80.2015
2025-10-06 06:00:00,BAL_NORTH_PIT,Shift_1_Morning,495.0,7.5,17.0,18,3,16,0.3,10.1,0.29,17.4,508.3,476.5,450.3,44.7,9.03,Normal (<10%),27.2,3,0.8,19,20.1,21.8121,80.1843
2025-10-06 14:00:00,BAL_DEEP_LEVEL_3,Shift_2_Evening,584.5,7.5,20.0,22,3,14,0.1,1.6,0.24,3.1,525.7,536.8,541.7,42.8,7.32,Normal (<10%),31.4,3,0.2,14,19.8,21.8064,80.1876
2025-10-06 22:00:00,BAL_DEEP_LEVEL_3,Shift_3_Night,414.5,7.5,18.0,20,3,15,0.3,9.5,0.25,0.0,448.2,433.6,343.3,71.2,17.18,Alert (10-25%),26.7,5,1.38,15,20.3,21.8064,80.1876
2025-10-07 06:00:00,UKWA_EXTENSION,Shift_1_Morning,456.1,7.5,19.0,20,3,12,0.9,2.8,0.18,6.7,408.9,384.3,405.5,50.6,11.09,Alert (10-25%),32.1,3,0.62,12,18.4,21.7932,80.2015
2025-10-07 14:00:00,BAL_DEEP_LEVEL_3,Shift_2_Evening,470.0,8.0,21.0,24,2,12,0.4,4.1,0.29,15.8,436.9,462.3,399.5,70.5,15.0,Alert (10-25%),28.9,2,0.34,12,18.6,21.8064,80.1876
2025-10-07 22:00:00,BAL_SOUTH_PIT,Shift_3_Night,556.5,7.5,20.0,20,4,12,0.4,5.1,0.21,0.0,514.2,506.6,475.5,81.0,14.56,Alert (10-25%),27.6,5,0.62,12,19.3,21.8005,80.1901
2025-10-08 06:00:00,BAL_SOUTH_PIT,Shift_1_Morning,598.5,8.0,18.0,20,3,12,3.1,11.8,0.27,10.9,370.1,361.2,338.0,260.5,43.53,Critical (>25%),27.4,4,0.75,13,21.4,21.8005,80.1901
2025-10-08 14:00:00,BAL_DEEP_LEVEL_3,Shift_2_Evening,448.1,7.5,19.0,20,4,12,1.1,12.1,0.22,2.5,488.4,444.7,391.8,56.3,12.56,Alert (10-25%),27.5,4,0.66,12,20.5,21.8064,80.1876
2025-10-08 22:00:00,BAL_DEEP_LEVEL_3,Shift_3_Night,574.9,7.5,20.0,20,4,16,2.0,6.8,0.22,10.3,562.5,436.9,496.1,78.8,13.71,Alert (10-25%),27.2,4,0.52,17,19.2,21.8064,80.1876
2025-10-09 06:00:00,UKWA_EXTENSION,Shift_1_Morning,566.1,8.0,19.0,20,4,15,0.1,6.3,0.1,0.0,388.4,505.9,566.1,0.0,0.0,Normal (<10%),30.0,4,0.2,15,19.1,21.7932,80.2015
2025-10-09 14:00:00,BAL_SOUTH_PIT,Shift_2_Evening,444.9,8.0,17.0,18,4,12,0.7,3.8,0.19,2.9,377.6,388.1,436.4,8.5,1.91,Normal (<10%),27.7,4,0.35,12,20.3,21.8005,80.1901
2025-10-09 22:00:00,BAL_SOUTH_PIT,Shift_3_Night,479.9,8.0,25.0,26,3,14,1.0,13.6,0.19,11.3,508.9,416.2,446.2,33.7,7.02,Normal (<10%),25.5,4,1.29,14,18.8,21.8005,80.1901
2025-10-10 06:00:00,BAL_NORTH_PIT,Shift_1_Morning,481.9,8.0,20.0,22,3,12,0.3,5.8,0.24,0.0,440.4,504.1,476.1,5.8,1.2,Normal (<10%),28.5,3,0.48,12,19.9,21.8121,80.1843
2025-10-10 14:00:00,UKWA_EXTENSION,Shift_2_Evening,595.6,8.0,20.0,22,3,11,0.2,5.0,0.2,5.6,589.6,519.9,557.4,38.2,6.41,Normal (<10%),26.7,4,0.96,14,22.0,21.7932,80.2015
2025-10-10 22:00:00,BAL_NORTH_PIT,Shift_3_Night,436.2,7.5,22.0,22,3,13,3.1,16.2,0.27,8.5,488.1,398.0,367.5,68.7,15.75,Alert (10-25%),27.0,3,0.56,13,19.3,21.8121,80.1843
2025-10-11 06:00:00,BAL_SOUTH_PIT,Shift_1_Morning,559.8,8.0,18.0,20,3,13,4.2,16.8,0.39,19.8,573.2,516.2,530.1,29.7,5.31,Normal (<10%),26.0,5,1.08,13,22.5,21.8005,80.1901
2025-10-11 14:00:00,UKWA_EXTENSION,Shift_2_Evening,466.8,8.0,21.0,24,4,12,0.1,5.9,0.18,0.0,485.6,480.0,197.9,268.9,57.6,Critical (>25%),28.1,5,0.73,13,21.5,21.7932,80.2015
2025-10-11 22:00:00,BAL_DEEP_LEVEL_3,Shift_3_Night,546.2,7.5,25.0,26,3,12,0.6,4.4,0.23,7.5,427.2,541.9,473.0,73.2,13.4,Alert (10-25%),32.3,3,0.67,12,19.4,21.8064,80.1876
2025-10-12 06:00:00,UKWA_EXTENSION,Shift_1_Morning,484.0,7.5,20.0,22,3,13,4.8,14.9,0.29,9.4,429.7,392.2,424.6,59.4,12.27,Alert (10-25%),28.2,3,0.62,14,20.7,21.7932,80.2015
2025-10-12 14:00:00,BAL_DEEP_LEVEL_3,Shift_2_Evening,515.7,8.0,22.0,22,4,14,0.1,1.4,0.16,7.4,364.6,390.4,271.1,244.6,47.43,Critical (>25%),30.3,4,0.48,15,20.5,21.8064,80.1876
2025-10-12 22:00:00,BAL_DEEP_LEVEL_3,Shift_3_Night,566.5,8.0,15.0,18,4,12,1.5,8.0,0.3,11.9,503.7,470.4,536.0,30.5,5.38,Normal (<10%),25.9,4,0.19,14,20.9,21.8064,80.1876
2025-10-13 06:00:00,UKWA_EXTENSION,Shift_1_Morning,560.8,8.0,21.0,22,3,11,5.4,30.2,0.43,18.9,502.5,568.3,463.2,97.6,17.4,Alert (10-25%),25.0,4,0.9,11,20.0,21.7932,80.2015
2025-10-13 14:00:00,BAL_DEEP_LEVEL_3,Shift_2_Evening,573.3,7.5,23.0,26,3,14,5.7,19.9,0.36,13.0,541.8,542.3,514.7,58.6,10.22,Alert (10-25%),27.6,3,0.38,14,21.3,21.8064,80.1876
2025-10-13 22:00:00,BAL_NORTH_PIT,Shift_3_Night,411.9,8.0,21.0,24,4,10,1.0,9.4,0.2,10.8,473.9,375.8,357.4,54.5,13.23,Alert (10-25%),27.5,5,0.61,12,21.0,21.8121,80.1843
2025-10-14 06:00:00,BAL_SOUTH_PIT,Shift_1_Morning,538.4,7.5,16.0,18,3,16,0.3,4.3,0.19,5.5,497.6,534.8,524.4,14.0,2.6,Normal (<10%),30.9,3,1.2,16,20.1,21.8005,80.1901
2025-10-14 14:00:00,BAL_DEEP_LEVEL_3,Shift_2_Evening,428.0,7.5,23.0,26,4,12,0.3,10.0,0.15,6.1,397.9,441.7,384.4,43.6,10.19,Alert (10-25%),27.5,4,0.0,12,18.6,21.8064,80.1876
2025-10-14 22:00:00,BAL_NORTH_PIT,Shift_3_Night,483.2,7.5,20.0,22,2,14,3.3,15.4,0.27,6.1,399.9,503.5,388.5,94.7,19.6,Alert (10-25%),27.7,3,0.99,15,20.7,21.8121,80.1843
2025-10-15 06:00:00,BAL_DEEP_LEVEL_3,Shift_1_Morning,509.7,7.5,17.0,18,3,16,3.6,18.4,0.29,14.1,492.4,455.5,451.4,58.3,11.44,Alert (10-25%),26.9,4,0.44,17,22.2,21.8064,80.1876
2025-10-15 14:00:00,BAL_SOUTH_PIT,Shift_2_Evening,480.5,8.0,23.0,24,4,12,1.4,9.3,0.29,0.6,372.9,384.1,447.4,33.1,6.89,Normal (<10%),28.8,5,0.74,15,21.4,21.8005,80.1901
2025-10-15 22:00:00,BAL_NORTH_PIT,Shift_3_Night,503.9,7.5,23.0,26,3,13,2.2,10.3,0.34,10.1,454.2,558.1,436.9,67.0,13.3,Alert (10-25%),27.2,3,1.17,16,20.3,21.8121,80.1843
2025-10-16 06:00:00,BAL_SOUTH_PIT,Shift_1_Morning,599.3,7.5,23.0,24,3,16,2.0,9.6,0.19,12.0,492.3,510.9,560.1,39.2,6.54,Normal (<10%),28.7,4,0.41,17,21.4,21.8005,80.1901
2025-10-16 14:00:00,BAL_SOUTH_PIT,Shift_2_Evening,427.0,8.0,23.0,24,4,13,1.6,8.4,0.25,1.5,371.7,453.7,412.5,14.5,3.4,Normal (<10%),28.5,6,0.78,13,19.8,21.8005,80.1901
2025-10-16 22:00:00,BAL_NORTH_PIT,Shift_3_Night,535.1,7.5,19.0,20,3,12,2.6,13.5,0.26,6.9,378.9,413.1,461.1,74.0,13.83,Alert (10-25%),27.3,3,0.39,14,22.3,21.8121,80.1843
2025-10-17 06:00:00,BAL_NORTH_PIT,Shift_1_Morning,479.2,8.0,25.0,26,4,16,1.7,7.7,0.23,2.0,479.5,485.2,464.8,14.4,3.01,Normal (<10%),29.7,6,0.75,16,18.4,21.8121,80.1843
2025-10-17 14:00:00,BAL_NORTH_PIT,Shift_2_Evening,426.6,7.5,21.0,22,3,12,1.1,11.0,0.33,12.6,456.4,501.8,386.1,40.5,9.49,Normal (<10%),28.5,4,0.97,14,21.3,21.8121,80.1843
2025-10-17 22:00:00,UKWA_EXTENSION,Shift_3_Night,431.7,8.0,17.0,18,4,15,0.4,9.6,0.25,6.7,300.9,303.2,189.6,242.1,56.08,Critical (>25%),28.6,4,0.24,16,21.0,21.7932,80.2015
2025-10-18 06:00:00,BAL_NORTH_PIT,Shift_1_Morning,589.9,7.5,25.0,26,4,12,2.0,10.2,0.28,5.0,464.0,480.0,360.7,229.2,38.85,Critical (>25%),27.9,6,1.2,12,20.2,21.8121,80.1843
2025-10-18 14:00:00,BAL_NORTH_PIT,Shift_2_Evening,575.9,7.5,25.0,26,3,15,1.0,6.4,0.26,7.5,526.7,525.7,521.7,54.2,9.41,Normal (<10%),30.1,5,0.6,18,20.0,21.8121,80.1843
2025-10-18 22:00:00,BAL_NORTH_PIT,Shift_3_Night,581.4,8.0,17.0,18,4,14,0.5,12.1,0.27,5.7,530.8,581.1,544.5,36.9,6.35,Normal (<10%),28.1,4,0.0,15,18.4,21.8121,80.1843
2025-10-19 06:00:00,BAL_NORTH_PIT,Shift_1_Morning,598.3,7.5,23.0,26,3,12,2.4,9.9,0.21,5.6,467.9,563.4,563.8,34.5,5.77,Normal (<10%),28.5,5,0.93,12,21.4,21.8121,80.1843
2025-10-19 14:00:00,BAL_DEEP_LEVEL_3,Shift_2_Evening,441.7,7.5,24.0,26,3,12,1.8,12.9,0.36,3.0,423.6,474.3,374.4,67.3,15.24,Alert (10-25%),28.0,3,0.0,12,21.2,21.8064,80.1876
2025-10-19 22:00:00,UKWA_EXTENSION,Shift_3_Night,471.1,8.0,16.0,18,2,14,4.2,20.6,0.3,17.9,416.4,483.0,386.8,84.3,17.89,Alert (10-25%),30.1,2,0.86,15,22.6,21.7932,80.2015
2025-10-20 06:00:00,BAL_SOUTH_PIT,Shift_1_Morning,533.8,7.5,24.0,26,4,12,0.3,1.7,0.24,0.0,411.9,431.9,486.3,47.5,8.9,Normal (<10%),27.4,4,0.0,12,20.5,21.8005,80.1901
2025-10-20 14:00:00,BAL_NORTH_PIT,Shift_2_Evening,496.8,7.5,17.0,18,3,16,1.6,10.7,0.27,14.3,364.7,371.9,446.2,50.6,10.19,Alert (10-25%),29.7,3,0.09,16,20.9,21.8121,80.1843
2025-10-20 22:00:00,BAL_DEEP_LEVEL_3,Shift_3_Night,483.7,8.0,17.0,18,4,14,0.4,8.7,0.14,7.0,566.7,536.8,447.2,36.5,7.55,Normal (<10%),26.6,6,1.12,14,19.0,21.8064,80.1876
2025-10-21 06:00:00,BAL_DEEP_LEVEL_3,Shift_1_Morning,471.6,8.0,20.0,22,4,16,3.5,10.3,0.2,6.1,418.7,411.8,448.2,23.4,4.96,Normal (<10%),29.3,5,0.52,17,20.7,21.8064,80.1876
2025-10-21 14:00:00,BAL_DEEP_LEVEL_3,Shift_2_Evening,518.8,8.0,24.0,26,4,14,0.2,1.9,0.22,1.2,435.8,351.4,223.9,294.9,56.84,Critical (>25%),31.9,5,0.24,17,22.1,21.8064,80.1876
2025-10-21 22:00:00,BAL_SOUTH_PIT,Shift_3_Night,515.1,8.0,20.0,22,3,16,1.6,9.1,0.2,14.6,410.3,461.1,496.3,18.8,3.65,Normal (<10%),29.8,3,1.01,16,19.8,21.8005,80.1901
2025-10-22 06:00:00,BAL_NORTH_PIT,Shift_1_Morning,432.3,8.0,20.0,22,3,12,2.3,5.4,0.25,0.0,472.5,277.6,192.7,239.6,55.42,Critical (>25%),29.3,4,0.4,12,21.7,21.8121,80.1843
2025-10-22 14:00:00,UKWA_EXTENSION,Shift_2_Evening,494.3,7.5,20.0,22,4,16,0.7,2.7,0.17,0.0,389.0,449.0,447.2,47.1,9.53,Normal (<10%),28.9,4,0.34,17,18.1,21.7932,80.2015
2025-10-22 22:00:00,UKWA_EXTENSION,Shift_3_Night,510.7,8.0,20.0,20,3,12,4.6,25.1,0.33,21.5,397.0,432.8,470.9,39.8,7.79,Normal (<10%),27.1,3,0.38,12,19.9,21.7932,80.2015
2025-10-23 06:00:00,BAL_DEEP_LEVEL_3,Shift_1_Morning,514.1,7.5,22.0,24,4,14,2.9,15.8,0.19,5.9,439.8,456.1,303.5,210.6,40.96,Critical (>25%),28.2,4,0.61,14,21.1,21.8064,80.1876
2025-10-23 14:00:00,BAL_SOUTH_PIT,Shift_2_Evening,442.0,8.0,24.0,26,4,15,0.5,4.7,0.27,0.0,443.5,438.9,412.4,29.6,6.7,Normal (<10%),27.8,4,0.54,16,19.5,21.8005,80.1901
2025-10-23 22:00:00,BAL_SOUTH_PIT,Shift_3_Night,548.5,7.5,19.0,22,3,16,0.0,4.9,0.25,1.1,464.8,532.1,458.3,90.2,16.44,Alert (10-25%),28.7,5,0.75,17,22.2,21.8005,80.1901
2025-10-24 06:00:00,BAL_SOUTH_PIT,Shift_1_Morning,405.0,7.5,18.0,20,4,12,0.5,3.4,0.24,7.9,477.7,455.1,252.6,152.4,37.63,Critical (>25%),29.6,5,0.6,12,21.0,21.8005,80.1901
2025-10-24 14:00:00,UKWA_EXTENSION,Shift_2_Evening,471.0,8.0,18.0,20,3,14,0.5,5.2,0.22,7.5,558.5,455.4,447.1,23.9,5.07,Normal (<10%),28.1,3,0.33,14,21.2,21.7932,80.2015
2025-10-24 22:00:00,BAL_DEEP_LEVEL_3,Shift_3_Night,556.0,7.5,25.0,26,4,11,3.3,9.8,0.21,5.8,509.0,555.5,464.1,91.9,16.53,Alert (10-25%),27.7,4,0.62,11,20.7,21.8064,80.1876
2025-10-25 06:00:00,BAL_NORTH_PIT,Shift_1_Morning,512.8,7.5,25.0,26,3,14,5.1,17.8,0.37,13.9,530.6,510.5,471.6,41.2,8.03,Normal (<10%),25.3,4,0.35,15,20.8,21.8121,80.1843
2025-10-25 14:00:00,UKWA_EXTENSION,Shift_2_Evening,452.2,8.0,23.0,24,3,12,0.1,6.7,0.32,6.3,505.1,479.2,436.1,16.1,3.56,Normal (<10%),29.1,3,1.01,13,19.1,21.7932,80.2015
2025-10-25 22:00:00,BAL_DEEP_LEVEL_3,Shift_3_Night,539.0,8.0,21.0,24,3,12,1.0,4.8,0.22,0.0,412.6,476.2,300.1,238.9,44.32,Critical (>25%),30.1,3,0.17,14,21.9,21.8064,80.1876
2025-10-26 06:00:00,BAL_DEEP_LEVEL_3,Shift_1_Morning,513.5,8.0,20.0,20,4,12,1.2,5.1,0.2,0.0,461.7,509.7,486.0,27.5,5.36,Normal (<10%),29.7,5,0.7,12,18.0,21.8064,80.1876
2025-10-26 14:00:00,BAL_NORTH_PIT,Shift_2_Evening,559.2,8.0,17.0,18,3,16,0.1,4.8,0.14,0.0,472.5,438.4,513.1,46.1,8.24,Normal (<10%),31.2,3,0.05,18,21.5,21.8121,80.1843
2025-10-26 22:00:00,BAL_NORTH_PIT,Shift_3_Night,547.0,7.5,20.0,22,4,15,0.7,3.4,0.23,9.7,519.2,376.7,467.9,79.1,14.46,Alert (10-25%),29.5,5,0.31,15,20.3,21.8121,80.1843
2025-10-27 06:00:00,BAL_NORTH_PIT,Shift_1_Morning,522.0,7.5,25.0,26,3,12,0.6,4.4,0.19,0.0,490.9,360.0,501.4,20.6,3.95,Normal (<10%),30.1,5,0.74,15,20.5,21.8121,80.1843
2025-10-27 14:00:00,BAL_SOUTH_PIT,Shift_2_Evening,497.6,7.5,26.0,26,3,14,1.2,14.2,0.25,9.5,531.1,510.8,440.1,57.5,11.56,Alert (10-25%),28.8,3,0.11,17,22.0,21.8005,80.1901
2025-10-27 22:00:00,BAL_NORTH_PIT,Shift_3_Night,426.6,7.5,23.0,24,4,16,1.6,6.3,0.28,6.9,492.9,487.4,378.5,48.1,11.28,Alert (10-25%),28.7,4,0.28,17,20.9,21.8121,80.1843
2025-10-28 06:00:00,BAL_DEEP_LEVEL_3,Shift_1_Morning,452.3,7.5,20.0,22,4,12,1.8,15.4,0.23,5.4,438.1,454.8,412.8,39.5,8.73,Normal (<10%),27.6,4,0.11,14,20.9,21.8064,80.1876
2025-10-28 14:00:00,BAL_NORTH_PIT,Shift_2_Evening,483.8,7.5,25.0,26,4,13,0.2,20.2,0.4,9.2,392.8,317.4,241.2,242.6,50.14,Critical (>25%),30.3,4,0.61,14,23.4,21.8121,80.1843
2025-10-28 22:00:00,BAL_DEEP_LEVEL_3,Shift_3_Night,519.9,8.0,24.0,24,3,14,2.5,9.5,0.2,1.7,456.7,363.6,486.5,33.4,6.42,Normal (<10%),28.4,4,0.47,16,22.0,21.8064,80.1876
2025-10-29 06:00:00,UKWA_EXTENSION,Shift_1_Morning,502.7,7.5,16.0,18,3,14,1.7,3.7,0.12,0.0,424.4,547.7,471.5,31.2,6.21,Normal (<10%),29.0,3,0.13,14,19.1,21.7932,80.2015
2025-10-29 14:00:00,BAL_SOUTH_PIT,Shift_2_Evening,457.6,7.5,21.0,22,3,12,3.3,14.1,0.24,9.1,390.3,427.3,415.8,41.8,9.13,Normal (<10%),29.1,3,0.28,12,19.7,21.8005,80.1901
2025-10-29 22:00:00,UKWA_EXTENSION,Shift_3_Night,401.3,7.5,21.0,22,3,16,0.9,6.8,0.25,16.2,347.3,489.3,343.3,58.0,14.45,Alert (10-25%),29.3,4,1.0,19,22.4,21.7932,80.2015
2025-10-30 06:00:00,UKWA_EXTENSION,Shift_1_Morning,499.2,8.0,23.0,24,3,14,3.4,12.2,0.27,5.5,391.4,489.5,477.8,21.4,4.29,Normal (<10%),26.3,3,0.46,16,19.1,21.7932,80.2015
2025-10-30 14:00:00,BAL_DEEP_LEVEL_3,Shift_2_Evening,457.1,8.0,22.0,24,3,12,3.0,16.2,0.29,8.3,455.1,463.6,433.4,23.7,5.18,Normal (<10%),29.6,3,0.37,13,21.6,21.8064,80.1876
2025-10-30 22:00:00,UKWA_EXTENSION,Shift_3_Night,546.9,8.0,18.0,20,3,11,0.9,5.3,0.21,1.7,417.7,358.5,300.9,246.0,44.98,Critical (>25%),29.2,5,0.57,11,20.3,21.7932,80.2015
2025-10-31 06:00:00,BAL_DEEP_LEVEL_3,Shift_1_Morning,404.8,8.0,25.0,26,3,12,0.7,6.8,0.21,6.1,481.8,521.0,397.6,7.2,1.78,Normal (<10%),27.5,3,0.06,12,18.8,21.8064,80.1876
2025-10-31 14:00:00,BAL_NORTH_PIT,Shift_2_Evening,517.0,7.5,17.0,18,3,12,4.1,17.7,0.23,16.2,481.7,579.5,474.3,42.7,8.26,Normal (<10%),30.0,3,0.02,12,21.4,21.8121,80.1843
2025-10-31 22:00:00,BAL_NORTH_PIT,Shift_3_Night,588.3,7.5,23.0,24,4,11,1.9,11.5,0.26,3.5,365.7,372.6,308.9,279.4,47.49,Critical (>25%),29.5,4,0.79,12,20.6,21.8121,80.1843
2025-11-01 06:00:00,BAL_DEEP_LEVEL_3,Shift_1_Morning,434.9,7.5,19.0,20,3,16,4.0,19.2,0.35,15.1,431.1,438.7,400.2,34.7,7.98,Normal (<10%),23.3,4,0.86,17,21.1,21.8064,80.1876
2025-11-01 14:00:00,BAL_NORTH_PIT,Shift_2_Evening,494.3,8.0,24.0,26,3,16,2.4,13.7,0.27,8.7,390.0,410.1,336.8,157.5,31.86,Critical (>25%),28.8,3,0.14,18,22.2,21.8121,80.1843
2025-11-01 22:00:00,BAL_SOUTH_PIT,Shift_3_Night,418.3,7.5,22.0,22,4,12,1.4,4.9,0.19,4.8,403.9,496.1,359.5,58.8,14.06,Alert (10-25%),28.3,6,0.83,12,18.3,21.8005,80.1901
2025-11-02 06:00:00,UKWA_EXTENSION,Shift_1_Morning,525.1,7.5,20.0,22,4,15,0.2,7.4,0.24,7.2,524.0,404.6,501.1,24.0,4.57,Normal (<10%),26.8,4,0.15,17,21.6,21.7932,80.2015
2025-11-02 14:00:00,BAL_SOUTH_PIT,Shift_2_Evening,510.1,7.5,19.0,20,3,12,0.5,3.9,0.29,0.0,387.6,390.4,248.1,262.0,51.36,Critical (>25%),29.1,5,0.73,12,18.0,21.8005,80.1901
2025-11-02 22:00:00,UKWA_EXTENSION,Shift_3_Night,481.5,8.0,17.0,18,4,14,5.2,20.5,0.29,11.0,394.9,460.5,448.0,33.5,6.96,Normal (<10%),25.7,5,0.84,16,22.1,21.7932,80.2015
2025-11-03 06:00:00,BAL_NORTH_PIT,Shift_1_Morning,504.3,8.0,24.0,26,2,16,0.6,5.4,0.17,5.9,446.0,425.9,459.3,45.0,8.92,Normal (<10%),27.3,2,0.31,17,19.8,21.8121,80.1843
2025-11-03 14:00:00,BAL_SOUTH_PIT,Shift_2_Evening,579.3,8.0,19.0,20,2,16,0.1,2.3,0.22,0.8,487.5,568.0,490.7,88.6,15.29,Alert (10-25%),26.3,2,1.02,17,19.3,21.8005,80.1901
2025-11-03 22:00:00,BAL_NORTH_PIT,Shift_3_Night,439.3,7.5,21.0,22,3,12,1.8,10.1,0.28,10.7,422.6,498.6,358.8,80.5,18.32,Alert (10-25%),27.2,3,0.78,12,20.7,21.8121,80.1843
2025-11-04 06:00:00,UKWA_EXTENSION,Shift_1_Morning,404.5,7.5,23.0,24,3,12,2.0,8.6,0.29,4.6,408.5,402.8,178.7,225.8,55.82,Critical (>25%),27.1,3,0.79,12,20.2,21.7932,80.2015
2025-11-04 14:00:00,BAL_DEEP_LEVEL_3,Shift_2_Evening,572.3,7.5,20.0,22,3,15,0.5,6.4,0.27,9.3,486.2,421.5,283.9,288.4,50.39,Critical (>25%),26.7,3,0.6,15,21.1,21.8064,80.1876
2025-11-04 22:00:00,BAL_DEEP_LEVEL_3,Shift_3_Night,515.4,7.5,18.0,18,4,14,0.5,5.6,0.24,0.0,539.6,539.6,432.5,82.9,16.08,Alert (10-25%),25.7,5,0.57,17,21.5,21.8064,80.1876
2025-11-05 06:00:00,BAL_SOUTH_PIT,Shift_1_Morning,578.1,8.0,20.0,22,4,16,0.9,4.4,0.18,4.6,441.2,509.8,578.1,0.0,0.0,Normal (<10%),27.6,4,0.58,16,19.8,21.8005,80.1901
2025-11-05 14:00:00,BAL_NORTH_PIT,Shift_2_Evening,519.4,7.5,17.0,18,4,16,0.0,1.4,0.16,0.0,476.3,507.0,472.0,47.4,9.13,Normal (<10%),27.6,5,0.6,17,19.7,21.8121,80.1843
2025-11-05 22:00:00,BAL_NORTH_PIT,Shift_3_Night,562.0,8.0,21.0,22,4,16,2.3,6.7,0.22,10.1,506.5,468.3,530.5,31.5,5.6,Normal (<10%),24.9,4,0.89,19,20.4,21.8121,80.1843
2025-11-06 06:00:00,BAL_SOUTH_PIT,Shift_1_Morning,485.9,7.5,20.0,22,4,14,0.6,3.8,0.25,1.8,359.3,450.2,447.6,38.3,7.88,Normal (<10%),24.8,4,0.52,15,19.8,21.8005,80.1901
2025-11-06 14:00:00,BAL_DEEP_LEVEL_3,Shift_2_Evening,550.0,8.0,17.0,18,3,14,2.9,13.5,0.23,7.3,500.6,596.7,520.5,29.5,5.36,Normal (<10%),27.2,3,0.48,15,20.8,21.8064,80.1876
2025-11-06 22:00:00,UKWA_EXTENSION,Shift_3_Night,582.6,7.5,16.0,18,3,12,2.4,12.4,0.24,4.1,333.4,340.6,291.5,291.1,49.97,Critical (>25%),22.5,3,0.44,13,20.4,21.7932,80.2015
2025-11-07 06:00:00,BAL_SOUTH_PIT,Shift_1_Morning,514.4,7.5,17.0,18,4,16,1.6,7.7,0.19,8.5,317.0,430.9,190.5,323.9,62.97,Critical (>25%),27.4,6,1.52,17,21.1,21.8005,80.1901
2025-11-07 14:00:00,UKWA_EXTENSION,Shift_2_Evening,436.2,8.0,22.0,22,3,12,0.6,5.8,0.31,6.7,486.1,410.6,422.8,13.4,3.07,Normal (<10%),25.8,3,0.0,13,20.7,21.7932,80.2015
2025-11-07 22:00:00,BAL_DEEP_LEVEL_3,Shift_3_Night,453.8,8.0,17.0,18,3,14,1.1,2.6,0.2,0.3,512.9,538.3,405.8,48.0,10.58,Alert (10-25%),29.4,3,0.95,17,20.9,21.8064,80.1876
2025-11-08 06:00:00,BAL_NORTH_PIT,Shift_1_Morning,439.7,7.5,24.0,26,3,16,0.9,5.2,0.26,6.8,491.7,429.8,197.0,242.7,55.2,Critical (>25%),26.1,5,0.94,17,18.9,21.8121,80.1843
2025-11-08 14:00:00,BAL_DEEP_LEVEL_3,Shift_2_Evening,449.4,7.5,23.0,24,3,16,0.6,4.1,0.3,3.8,485.6,550.4,406.7,42.7,9.5,Normal (<10%),27.7,4,0.28,18,21.8,21.8064,80.1876
2025-11-08 22:00:00,BAL_SOUTH_PIT,Shift_3_Night,461.3,7.5,20.0,20,3,16,2.8,12.8,0.22,9.0,555.7,503.3,407.3,54.0,11.71,Alert (10-25%),25.9,3,0.17,17,19.9,21.8005,80.1901
2025-11-09 06:00:00,BAL_NORTH_PIT,Shift_1_Morning,511.0,8.0,21.0,22,2,14,1.0,7.6,0.28,9.0,481.7,459.0,170.7,340.3,66.59,Critical (>25%),26.7,4,0.5,16,19.9,21.8121,80.1843
2025-11-09 14:00:00,BAL_SOUTH_PIT,Shift_2_Evening,517.6,7.5,18.0,18,4,12,2.7,19.4,0.29,22.0,486.9,575.3,458.0,59.6,11.51,Alert (10-25%),26.6,4,0.6,15,23.8,21.8005,80.1901
2025-11-09 22:00:00,BAL_SOUTH_PIT,Shift_3_Night,485.3,8.0,17.0,18,4,15,0.2,4.1,0.29,4.1,387.0,460.1,430.9,54.4,11.21,Alert (10-25%),26.0,4,0.09,15,20.7,21.8005,80.1901
2025-11-10 06:00:00,BAL_DEEP_LEVEL_3,Shift_1_Morning,523.1,7.5,24.0,26,3,13,0.2,7.8,0.2,6.6,444.2,574.1,490.4,32.7,6.25,Normal (<10%),28.5,3,0.45,16,21.8,21.8064,80.1876
2025-11-10 14:00:00,BAL_SOUTH_PIT,Shift_2_Evening,416.3,7.5,21.0,22,3,12,5.7,20.4,0.31,18.2,261.5,510.3,163.3,253.0,60.77,Critical (>25%),23.8,4,1.04,13,21.9,21.8005,80.1901
2025-11-10 22:00:00,BAL_DEEP_LEVEL_3,Shift_3_Night,417.6,7.5,19.0,20,3,16,1.3,6.1,0.26,0.0,410.5,367.8,365.1,52.5,12.57,Alert (10-25%),27.2,3,0.2,17,20.2,21.8064,80.1876
2025-11-11 06:00:00,BAL_NORTH_PIT,Shift_1_Morning,434.4,7.5,21.0,22,4,11,1.1,9.6,0.21,5.5,515.8,485.9,407.1,27.3,6.28,Normal (<10%),28.2,5,0.62,13,20.4,21.8121,80.1843
2025-11-11 14:00:00,BAL_DEEP_LEVEL_3,Shift_2_Evening,503.6,8.0,23.0,24,3,11,1.1,14.4,0.26,7.7,448.7,525.6,458.3,45.3,9.0,Normal (<10%),27.1,3,0.01,11,21.2,21.8064,80.1876
2025-11-11 22:00:00,BAL_NORTH_PIT,Shift_3_Night,442.8,8.0,21.0,22,3,16,0.4,2.4,0.2,3.1,436.5,436.6,221.4,221.4,50.0,Critical (>25%),30.3,4,0.58,17,20.9,21.8121,80.1843
2025-11-12 06:00:00,BAL_DEEP_LEVEL_3,Shift_1_Morning,456.7,7.5,19.0,20,3,13,1.9,11.3,0.31,8.6,356.4,467.5,215.8,240.9,52.75,Critical (>25%),24.9,3,1.17,14,20.9,21.8064,80.1876
2025-11-12 14:00:00,UKWA_EXTENSION,Shift_2_Evening,480.1,7.5,22.0,24,3,15,0.1,3.6,0.33,11.2,554.6,385.6,423.9,56.2,11.71,Alert (10-25%),24.5,3,0.63,18,23.5,21.7932,80.2015
2025-11-12 22:00:00,UKWA_EXTENSION,Shift_3_Night,562.4,7.5,23.0,24,4,16,1.3,4.4,0.3,10.4,516.4,536.0,481.3,81.1,14.42,Alert (10-25%),25.2,5,0.62,17,20.3,21.7932,80.2015
2025-11-13 06:00:00,BAL_SOUTH_PIT,Shift_1_Morning,402.8,8.0,19.0,20,4,14,1.3,7.0,0.31,0.0,474.1,506.4,382.9,19.9,4.94,Normal (<10%),27.4,4,0.22,15,19.3,21.8005,80.1901
2025-11-13 14:00:00,BAL_DEEP_LEVEL_3,Shift_2_Evening,529.9,7.5,25.0,26,3,16,3.7,11.7,0.1,9.6,440.5,456.1,204.0,325.9,61.5,Critical (>25%),28.0,4,0.69,17,18.0,21.8064,80.1876
2025-11-13 22:00:00,BAL_DEEP_LEVEL_3,Shift_3_Night,533.8,8.0,17.0,18,3,13,1.1,18.8,0.3,16.1,501.4,505.8,488.2,45.6,8.54,Normal (<10%),25.7,4,0.74,14,19.6,21.8064,80.1876
2025-11-14 06:00:00,BAL_NORTH_PIT,Shift_1_Morning,559.7,8.0,25.0,26,3,10,0.2,2.3,0.21,2.0,567.1,419.4,545.0,14.7,2.63,Normal (<10%),25.7,4,0.57,13,20.2,21.8121,80.1843
2025-11-14 14:00:00,BAL_SOUTH_PIT,Shift_2_Evening,586.6,8.0,22.0,24,3,14,1.3,8.1,0.28,2.8,547.2,409.0,559.4,27.2,4.64,Normal (<10%),27.6,3,0.56,16,20.7,21.8005,80.1901
2025-11-14 22:00:00,BAL_DEEP_LEVEL_3,Shift_3_Night,404.0,8.0,19.0,20,3,12,0.1,3.7,0.15,9.4,443.6,360.2,387.1,16.9,4.18,Normal (<10%),25.8,4,0.41,12,19.8,21.8064,80.1876
2025-11-15 06:00:00,BAL_SOUTH_PIT,Shift_1_Morning,430.8,7.5,25.0,26,4,14,0.3,2.8,0.25,3.5,399.1,396.2,393.5,37.3,8.66,Normal (<10%),28.8,5,0.41,15,20.0,21.8005,80.1901
2025-11-15 14:00:00,UKWA_EXTENSION,Shift_2_Evening,577.2,7.5,25.0,26,4,12,0.0,1.5,0.1,0.0,416.6,532.7,517.5,59.7,10.34,Alert (10-25%),32.4,4,0.51,12,19.5,21.7932,80.2015
2025-11-15 22:00:00,BAL_DEEP_LEVEL_3,Shift_3_Night,491.7,8.0,16.0,18,4,14,1.1,5.7,0.28,8.7,394.6,469.3,303.2,188.5,38.34,Critical (>25%),27.2,5,0.35,14,20.1,21.8064,80.1876
2025-11-16 06:00:00,BAL_DEEP_LEVEL_3,Shift_1_Morning,512.9,7.5,24.0,26,4,12,0.1,3.3,0.13,4.5,497.5,558.7,474.2,38.7,7.55,Normal (<10%),28.6,6,1.22,15,20.2,21.8064,80.1876
2025-11-16 14:00:00,BAL_SOUTH_PIT,Shift_2_Evening,532.6,7.5,20.0,22,3,15,1.0,3.7,0.28,0.0,474.0,457.8,472.0,60.6,11.38,Alert (10-25%),26.1,4,0.7,18,20.5,21.8005,80.1901
2025-11-16 22:00:00,BAL_DEEP_LEVEL_3,Shift_3_Night,535.8,7.5,19.0,20,3,14,4.1,22.2,0.37,11.0,363.6,436.8,431.2,104.6,19.52,Alert (10-25%),22.1,4,0.17,17,24.2,21.8064,80.1876
2025-11-17 06:00:00,BAL_SOUTH_PIT,Shift_1_Morning,586.3,8.0,24.0,26,4,14,1.9,9.8,0.23,2.6,483.2,518.6,586.3,0.0,0.0,Normal (<10%),25.7,5,0.73,14,18.4,21.8005,80.1901
2025-11-17 14:00:00,BAL_DEEP_LEVEL_3,Shift_2_Evening,599.4,7.5,18.0,18,2,12,0.1,1.5,0.23,6.9,527.3,469.9,488.7,110.7,18.47,Alert (10-25%),25.7,3,0.19,12,19.8,21.8064,80.1876
2025-11-17 22:00:00,BAL_NORTH_PIT,Shift_3_Night,544.0,7.5,23.0,24,3,14,0.4,3.5,0.22,5.3,448.9,590.4,471.8,72.2,13.27,Alert (10-25%),25.0,3,0.61,16,20.1,21.8121,80.1843
2025-11-18 06:00:00,BAL_SOUTH_PIT,Shift_1_Morning,457.4,7.5,21.0,22,3,14,1.7,7.9,0.17,10.0,370.8,609.5,433.7,23.7,5.18,Normal (<10%),29.7,4,0.63,14,20.3,21.8005,80.1901
2025-11-18 14:00:00,BAL_DEEP_LEVEL_3,Shift_2_Evening,576.0,7.5,21.0,22,4,13,3.4,12.7,0.29,9.5,451.8,351.8,288.1,287.9,49.98,Critical (>25%),26.5,4,0.96,13,20.5,21.8064,80.1876
2025-11-18 22:00:00,UKWA_EXTENSION,Shift_3_Night,409.8,7.5,17.0,18,3,14,0.1,3.5,0.28,0.0,389.0,354.9,352.5,57.3,13.98,Alert (10-25%),27.4,3,0.72,14,19.9,21.7932,80.2015
2025-11-19 06:00:00,BAL_DEEP_LEVEL_3,Shift_1_Morning,446.2,7.5,22.0,24,4,12,2.5,13.7,0.25,5.2,537.0,569.4,395.4,50.8,11.39,Alert (10-25%),25.7,6,0.68,13,20.5,21.8064,80.1876
2025-11-19 14:00:00,UKWA_EXTENSION,Shift_2_Evening,579.5,7.5,24.0,26,4,12,1.2,7.0,0.27,10.0,397.8,409.1,211.6,367.9,63.49,Critical (>25%),26.4,4,0.0,13,21.8,21.7932,80.2015
2025-11-19 22:00:00,UKWA_EXTENSION,Shift_3_Night,451.2,7.5,21.0,22,3,14,1.2,10.1,0.21,9.0,515.5,453.4,369.8,81.4,18.04,Alert (10-25%),28.2,5,0.77,14,19.9,21.7932,80.2015
2025-11-20 06:00:00,BAL_NORTH_PIT,Shift_1_Morning,444.1,7.5,18.0,20,3,16,4.7,18.9,0.34,11.3,393.6,507.2,418.6,25.5,5.74,Normal (<10%),25.2,3,0.03,17,23.5,21.8121,80.1843
2025-11-20 14:00:00,BAL_SOUTH_PIT,Shift_2_Evening,427.6,7.5,21.0,22,4,16,2.1,13.1,0.27,8.8,435.7,425.2,387.7,39.9,9.33,Normal (<10%),26.9,4,0.95,19,21.9,21.8005,80.1901
2025-11-20 22:00:00,BAL_DEEP_LEVEL_3,Shift_3_Night,571.8,8.0,21.0,22,4,16,2.8,8.6,0.24,10.7,575.9,560.6,525.0,46.8,8.18,Normal (<10%),26.4,4,0.4,16,20.0,21.8064,80.1876
2025-11-21 06:00:00,BAL_NORTH_PIT,Shift_1_Morning,500.0,7.5,21.0,22,3,12,0.7,8.9,0.27,8.7,468.7,447.6,456.7,43.3,8.66,Normal (<10%),26.0,4,0.98,12,20.0,21.8121,80.1843
2025-11-21 14:00:00,BAL_DEEP_LEVEL_3,Shift_2_Evening,535.0,8.0,20.0,22,4,14,1.2,6.1,0.31,3.6,572.9,429.1,532.4,2.6,0.49,Normal (<10%),24.3,4,0.31,14,20.8,21.8064,80.1876
2025-11-21 22:00:00,UKWA_EXTENSION,Shift_3_Night,447.8,7.5,23.0,24,4,14,1.4,7.2,0.26,4.6,508.2,498.7,401.6,46.2,10.32,Alert (10-25%),23.7,5,0.65,14,19.4,21.7932,80.2015
2025-11-22 06:00:00,BAL_SOUTH_PIT,Shift_1_Morning,551.6,8.0,17.0,18,4,14,0.6,4.5,0.17,0.0,454.8,420.5,551.6,0.0,0.0,Normal (<10%),27.0,4,0.39,15,19.8,21.8005,80.1901
2025-11-22 14:00:00,BAL_DEEP_LEVEL_3,Shift_2_Evening,552.0,8.0,20.0,22,4,14,1.3,7.8,0.2,5.3,359.9,340.3,262.7,289.3,52.41,Critical (>25%),27.1,4,0.73,14,19.7,21.8064,80.1876
2025-11-22 22:00:00,BAL_DEEP_LEVEL_3,Shift_3_Night,462.5,7.5,25.0,26,4,12,0.4,3.4,0.21,0.8,371.4,571.4,400.4,62.1,13.43,Alert (10-25%),25.3,4,0.49,13,20.2,21.8064,80.1876
2025-11-23 06:00:00,UKWA_EXTENSION,Shift_1_Morning,482.1,8.0,17.0,18,3,16,0.2,3.2,0.24,1.9,396.2,590.2,479.5,2.6,0.54,Normal (<10%),27.1,3,0.08,16,20.0,21.7932,80.2015
2025-11-23 14:00:00,BAL_DEEP_LEVEL_3,Shift_2_Evening,441.9,8.0,21.0,22,4,11,0.7,11.9,0.2,5.2,425.7,418.6,426.6,15.3,3.46,Normal (<10%),26.7,6,1.49,12,20.7,21.8064,80.1876
2025-11-23 22:00:00,BAL_DEEP_LEVEL_3,Shift_3_Night,595.3,8.0,22.0,22,3,14,2.0,10.2,0.27,0.1,403.2,529.4,553.5,41.8,7.02,Normal (<10%),23.1,3,0.31,14,20.3,21.8064,80.1876
2025-11-24 06:00:00,UKWA_EXTENSION,Shift_1_Morning,529.1,7.5,18.0,20,4,14,3.7,18.2,0.34,16.9,563.0,519.4,466.3,62.8,11.87,Alert (10-25%),23.9,5,0.56,14,22.7,21.7932,80.2015
2025-11-24 14:00:00,BAL_NORTH_PIT,Shift_2_Evening,586.9,8.0,22.0,24,3,14,0.9,6.3,0.21,7.1,517.9,521.7,575.1,11.8,2.01,Normal (<10%),27.7,3,0.0,17,21.3,21.8121,80.1843
2025-11-24 22:00:00,UKWA_EXTENSION,Shift_3_Night,460.7,8.0,17.0,18,4,15,1.5,8.4,0.34,4.3,499.4,527.4,412.4,48.3,10.48,Alert (10-25%),26.7,5,0.89,15,23.1,21.7932,80.2015
2025-11-25 06:00:00,BAL_NORTH_PIT,Shift_1_Morning,556.4,7.5,20.0,22,4,14,0.2,4.0,0.18,1.1,507.6,393.0,536.8,19.6,3.52,Normal (<10%),25.7,6,1.03,15,19.8,21.8121,80.1843
2025-11-25 14:00:00,BAL_SOUTH_PIT,Shift_2_Evening,553.2,8.0,18.0,18,3,14,3.5,18.0,0.3,5.1,495.9,549.6,522.0,31.2,5.64,Normal (<10%),25.8,3,0.43,14,21.8,21.8005,80.1901
2025-11-25 22:00:00,BAL_NORTH_PIT,Shift_3_Night,538.3,8.0,21.0,24,3,12,1.3,8.9,0.14,11.3,438.9,413.3,508.3,30.0,5.57,Normal (<10%),28.8,3,0.28,15,19.8,21.8121,80.1843
2025-11-26 06:00:00,BAL_NORTH_PIT,Shift_1_Morning,593.1,8.0,18.0,18,4,14,2.3,9.4,0.23,12.5,517.7,602.7,567.2,25.9,4.37,Normal (<10%),27.8,5,0.53,17,22.5,21.8121,80.1843
2025-11-26 14:00:00,BAL_SOUTH_PIT,Shift_2_Evening,478.7,7.5,18.0,20,3,15,2.4,7.2,0.23,4.4,468.3,409.7,428.4,50.3,10.51,Alert (10-25%),26.7,3,0.29,18,20.3,21.8005,80.1901
2025-11-26 22:00:00,BAL_NORTH_PIT,Shift_3_Night,426.1,8.0,17.0,18,2,12,0.4,3.9,0.2,4.2,506.2,369.8,354.6,71.5,16.78,Alert (10-25%),26.6,4,1.14,12,19.9,21.8121,80.1843
2025-11-27 06:00:00,UKWA_EXTENSION,Shift_1_Morning,534.3,7.5,17.0,18,3,14,1.1,11.2,0.22,2.5,485.4,568.8,489.1,45.2,8.46,Normal (<10%),25.6,5,1.19,14,19.7,21.7932,80.2015
2025-11-27 14:00:00,BAL_NORTH_PIT,Shift_2_Evening,545.9,8.0,19.0,20,3,16,4.8,14.6,0.25,10.2,419.6,360.9,341.7,204.2,37.41,Critical (>25%),26.8,4,0.63,17,21.2,21.8121,80.1843
2025-11-27 22:00:00,BAL_SOUTH_PIT,Shift_3_Night,515.0,8.0,23.0,24,3,12,0.1,1.2,0.24,0.0,400.0,425.9,485.6,29.4,5.71,Normal (<10%),27.6,4,0.98,14,20.1,21.8005,80.1901
2025-11-28 06:00:00,UKWA_EXTENSION,Shift_1_Morning,441.4,8.0,25.0,26,4,14,1.7,7.9,0.14,1.8,457.7,532.1,441.4,0.0,0.0,Normal (<10%),28.3,5,0.68,15,18.9,21.7932,80.2015
2025-11-28 14:00:00,BAL_SOUTH_PIT,Shift_2_Evening,500.9,8.0,23.0,24,4,13,4.9,14.0,0.18,7.9,404.9,412.4,480.0,20.9,4.17,Normal (<10%),26.8,5,0.55,15,20.4,21.8005,80.1901
2025-11-28 22:00:00,BAL_SOUTH_PIT,Shift_3_Night,462.4,7.5,20.0,22,3,12,0.5,2.7,0.19,0.0,406.2,424.4,394.6,67.8,14.66,Alert (10-25%),28.7,3,0.46,15,22.0,21.8005,80.1901
2025-11-29 06:00:00,BAL_DEEP_LEVEL_3,Shift_1_Morning,485.5,8.0,21.0,22,4,16,3.0,11.5,0.25,7.0,348.9,371.7,263.6,221.9,45.71,Critical (>25%),26.5,6,0.59,18,21.5,21.8064,80.1876
2025-11-29 14:00:00,BAL_DEEP_LEVEL_3,Shift_2_Evening,529.0,7.5,18.0,20,4,12,4.1,16.2,0.24,16.1,490.7,564.1,453.3,75.7,14.31,Alert (10-25%),27.2,4,0.47,12,19.1,21.8064,80.1876
2025-11-29 22:00:00,BAL_SOUTH_PIT,Shift_3_Night,549.0,8.0,18.0,18,3,11,2.1,10.8,0.26,0.0,492.2,521.5,507.1,41.9,7.63,Normal (<10%),27.7,3,0.0,11,21.3,21.8005,80.1901
2025-11-30 06:00:00,BAL_SOUTH_PIT,Shift_1_Morning,446.4,7.5,19.0,20,4,16,0.4,4.1,0.25,0.1,417.4,496.6,403.8,42.6,9.54,Normal (<10%),25.8,5,0.39,17,19.3,21.8005,80.1901
2025-11-30 14:00:00,BAL_SOUTH_PIT,Shift_2_Evening,481.1,8.0,17.0,18,4,16,0.6,2.9,0.26,5.1,525.3,435.5,461.0,20.1,4.18,Normal (<10%),24.3,5,0.09,17,20.9,21.8005,80.1901
2025-11-30 22:00:00,BAL_DEEP_LEVEL_3,Shift_3_Night,453.8,8.0,21.0,22,3,14,0.1,2.2,0.28,2.4,470.3,518.8,414.5,39.3,8.66,Normal (<10%),29.3,5,0.95,16,21.2,21.8064,80.1876
2025-12-01 06:00:00,BAL_DEEP_LEVEL_3,Shift_1_Morning,439.7,7.5,20.0,22,3,11,2.7,8.7,0.18,1.9,363.0,535.5,405.5,34.2,7.78,Normal (<10%),26.6,3,0.88,11,20.2,21.8064,80.1876
2025-12-01 14:00:00,BAL_NORTH_PIT,Shift_2_Evening,556.7,7.5,18.0,18,4,14,2.8,14.7,0.23,20.3,349.2,321.9,230.1,326.6,58.67,Critical (>25%),22.9,4,0.36,14,22.1,21.8121,80.1843
2025-12-01 22:00:00,BAL_NORTH_PIT,Shift_3_Night,581.9,7.5,24.0,26,4,16,1.5,3.3,0.17,15.7,452.4,410.0,297.8,284.1,48.82,Critical (>25%),25.6,5,0.89,16,18.4,21.8121,80.1843
2025-12-02 06:00:00,BAL_SOUTH_PIT,Shift_1_Morning,474.0,7.5,23.0,26,3,12,0.7,5.8,0.28,3.8,518.2,485.1,420.2,53.8,11.35,Alert (10-25%),27.0,3,1.11,13,21.0,21.8005,80.1901
2025-12-02 14:00:00,UKWA_EXTENSION,Shift_2_Evening,550.3,8.0,20.0,22,4,12,0.1,2.0,0.18,0.0,566.2,535.9,548.6,1.7,0.31,Normal (<10%),26.3,5,0.82,12,20.5,21.7932,80.2015
2025-12-02 22:00:00,UKWA_EXTENSION,Shift_3_Night,579.4,7.5,22.0,24,4,12,2.1,8.4,0.26,4.3,528.8,484.2,505.0,74.4,12.84,Alert (10-25%),25.0,4,0.17,12,19.4,21.7932,80.2015
2025-12-03 06:00:00,BAL_DEEP_LEVEL_3,Shift_1_Morning,569.2,7.5,18.0,20,4,16,1.9,4.1,0.15,0.0,496.4,514.8,527.7,41.5,7.29,Normal (<10%),28.9,5,0.51,16,18.4,21.8064,80.1876
2025-12-03 14:00:00,BAL_DEEP_LEVEL_3,Shift_2_Evening,436.6,7.5,19.0,20,3,14,3.7,11.0,0.22,9.3,544.2,410.3,372.3,64.3,14.73,Alert (10-25%),24.2,3,0.4,17,20.9,21.8064,80.1876
2025-12-03 22:00:00,BAL_DEEP_LEVEL_3,Shift_3_Night,591.3,8.0,23.0,24,4,12,2.0,9.1,0.2,8.9,472.7,446.8,524.1,67.2,11.36,Alert (10-25%),24.9,4,0.21,13,20.5,21.8064,80.1876
2025-12-04 06:00:00,BAL_SOUTH_PIT,Shift_1_Morning,475.3,8.0,17.0,20,4,12,2.6,8.1,0.27,10.3,454.0,557.9,458.1,17.2,3.62,Normal (<10%),26.0,6,0.83,14,19.5,21.8005,80.1901
2025-12-04 14:00:00,UKWA_EXTENSION,Shift_2_Evening,467.8,8.0,17.0,18,4,16,2.1,6.7,0.17,6.5,415.8,406.4,202.0,265.8,56.82,Critical (>25%),27.0,5,1.0,17,20.4,21.7932,80.2015
2025-12-04 22:00:00,BAL_NORTH_PIT,Shift_3_Night,412.5,8.0,17.0,18,3,16,1.5,14.8,0.36,11.0,381.6,525.2,372.2,40.3,9.77,Normal (<10%),25.4,4,1.01,16,19.6,21.8121,80.1843
2025-12-05 06:00:00,BAL_SOUTH_PIT,Shift_1_Morning,497.2,7.5,24.0,26,1,16,0.8,3.9,0.23,0.0,532.1,362.1,381.7,115.5,23.23,Alert (10-25%),27.7,2,0.21,16,20.9,21.8005,80.1901
2025-12-05 14:00:00,BAL_NORTH_PIT,Shift_2_Evening,421.8,8.0,16.0,18,4,12,3.5,14.0,0.23,3.2,516.6,406.7,385.6,36.2,8.58,Normal (<10%),25.8,4,0.15,14,21.5,21.8121,80.1843
2025-12-05 22:00:00,BAL_NORTH_PIT,Shift_3_Night,449.7,7.5,24.0,24,3,13,1.6,9.5,0.26,0.0,385.5,395.9,373.1,76.6,17.03,Alert (10-25%),26.4,5,0.86,14,22.4,21.8121,80.1843
2025-12-06 06:00:00,BAL_SOUTH_PIT,Shift_1_Morning,463.4,8.0,19.0,20,3,14,0.8,6.2,0.19,4.5,429.6,456.3,463.4,0.0,0.0,Normal (<10%),26.0,3,0.58,15,20.6,21.8005,80.1901
2025-12-06 14:00:00,BAL_NORTH_PIT,Shift_2_Evening,561.8,7.5,17.0,18,3,12,0.1,2.2,0.16,5.8,434.2,613.1,512.4,49.4,8.79,Normal (<10%),27.0,5,1.34,14,19.6,21.8121,80.1843
2025-12-06 22:00:00,UKWA_EXTENSION,Shift_3_Night,575.1,7.5,18.0,20,4,14,0.5,5.6,0.26,9.5,400.3,480.5,489.4,85.7,14.9,Alert (10-25%),26.2,4,1.21,15,19.5,21.7932,80.2015
2025-12-07 06:00:00,BAL_NORTH_PIT,Shift_1_Morning,460.5,7.5,17.0,18,4,11,1.2,9.1,0.31,10.3,519.7,512.5,404.4,56.1,12.18,Alert (10-25%),25.7,4,0.26,12,21.0,21.8121,80.1843
2025-12-07 14:00:00,UKWA_EXTENSION,Shift_2_Evening,571.7,7.5,25.0,26,2,14,0.5,5.2,0.25,1.6,501.8,522.9,466.6,105.1,18.38,Alert (10-25%),27.2,2,0.28,14,19.8,21.7932,80.2015
2025-12-07 22:00:00,UKWA_EXTENSION,Shift_3_Night,571.4,7.5,25.0,26,3,12,0.4,5.3,0.17,12.8,520.1,578.0,494.5,76.9,13.46,Alert (10-25%),27.4,5,1.18,12,20.5,21.7932,80.2015
2025-12-08 06:00:00,UKWA_EXTENSION,Shift_1_Morning,552.9,8.0,16.0,18,3,14,1.1,4.9,0.18,0.0,576.3,476.8,545.6,7.3,1.32,Normal (<10%),26.6,4,0.5,14,18.4,21.7932,80.2015
2025-12-08 14:00:00,BAL_DEEP_LEVEL_3,Shift_2_Evening,429.3,7.5,19.0,20,3,14,0.3,4.3,0.3,0.0,356.7,486.8,373.8,55.5,12.93,Alert (10-25%),24.6,3,0.36,14,22.1,21.8064,80.1876
2025-12-08 22:00:00,BAL_NORTH_PIT,Shift_3_Night,538.1,7.5,21.0,22,4,14,2.4,9.3,0.29,10.0,474.7,508.5,469.4,68.7,12.77,Alert (10-25%),25.6,5,0.58,15,22.0,21.8121,80.1843
2025-12-09 06:00:00,BAL_SOUTH_PIT,Shift_1_Morning,589.0,7.5,20.0,20,3,16,1.0,7.0,0.18,11.7,506.1,436.7,523.2,65.8,11.17,Alert (10-25%),26.3,4,0.0,19,20.5,21.8005,80.1901
2025-12-09 14:00:00,BAL_SOUTH_PIT,Shift_2_Evening,536.5,7.5,23.0,26,4,13,1.3,8.4,0.21,14.6,470.3,417.9,469.0,67.5,12.58,Alert (10-25%),26.4,5,0.74,14,22.0,21.8005,80.1901
2025-12-09 22:00:00,BAL_NORTH_PIT,Shift_3_Night,466.3,8.0,23.0,26,3,12,0.2,4.3,0.23,7.9,558.4,399.4,415.9,50.4,10.81,Alert (10-25%),29.6,4,0.65,13,19.3,21.8121,80.1843
2025-12-10 06:00:00,BAL_DEEP_LEVEL_3,Shift_1_Morning,500.1,8.0,24.0,26,3,12,0.6,5.0,0.22,7.0,506.0,412.6,482.9,17.2,3.44,Normal (<10%),25.5,3,0.78,15,21.0,21.8064,80.1876
2025-12-10 14:00:00,BAL_DEEP_LEVEL_3,Shift_2_Evening,529.1,7.5,19.0,20,3,16,0.8,8.2,0.35,9.5,327.5,369.1,223.5,305.6,57.76,Critical (>25%),25.9,3,0.4,17,19.7,21.8064,80.1876
2025-12-10 22:00:00,UKWA_EXTENSION,Shift_3_Night,502.1,7.5,21.0,22,4,14,2.5,10.1,0.21,5.3,543.5,430.6,437.2,64.9,12.93,Alert (10-25%),27.5,5,0.32,14,21.7,21.7932,80.2015
2025-12-11 06:00:00,BAL_NORTH_PIT,Shift_1_Morning,424.0,7.5,25.0,26,3,12,2.2,9.7,0.28,2.5,322.9,478.7,236.3,187.7,44.27,Critical (>25%),25.7,3,0.32,12,18.6,21.8121,80.1843
2025-12-11 14:00:00,BAL_NORTH_PIT,Shift_2_Evening,462.4,7.5,22.0,22,4,16,0.4,6.7,0.25,5.8,538.2,459.3,414.0,48.4,10.47,Alert (10-25%),29.5,5,0.07,17,18.9,21.8121,80.1843
2025-12-11 22:00:00,BAL_SOUTH_PIT,Shift_3_Night,560.5,8.0,17.0,18,3,14,1.4,5.8,0.15,0.0,562.7,466.4,520.6,39.9,7.12,Normal (<10%),26.1,3,0.04,14,18.6,21.8005,80.1901
2025-12-12 06:00:00,BAL_NORTH_PIT,Shift_1_Morning,572.3,8.0,19.0,20,3,12,0.4,2.3,0.1,0.0,517.0,584.5,567.0,5.3,0.93,Normal (<10%),27.7,3,0.59,12,20.1,21.8121,80.1843
2025-12-12 14:00:00,BAL_DEEP_LEVEL_3,Shift_2_Evening,427.5,7.5,24.0,26,4,14,6.7,17.5,0.27,9.0,402.4,457.4,380.7,46.8,10.95,Alert (10-25%),23.8,5,0.63,15,22.0,21.8064,80.1876
2025-12-12 22:00:00,BAL_NORTH_PIT,Shift_3_Night,590.5,7.5,17.0,18,3,14,4.6,12.5,0.28,11.2,544.4,535.9,508.8,81.7,13.84,Alert (10-25%),24.8,4,0.98,15,21.0,21.8121,80.1843
2025-12-13 06:00:00,BAL_SOUTH_PIT,Shift_1_Morning,465.8,7.5,23.0,24,4,12,1.2,3.4,0.3,3.4,411.9,437.5,460.1,5.7,1.22,Normal (<10%),26.3,5,0.11,12,21.0,21.8005,80.1901
2025-12-13 14:00:00,UKWA_EXTENSION,Shift_2_Evening,532.5,7.5,20.0,22,3,14,1.8,11.3,0.22,15.0,485.7,525.2,468.7,63.8,11.98,Alert (10-25%),27.0,4,0.63,14,19.9,21.7932,80.2015
2025-12-13 22:00:00,BAL_SOUTH_PIT,Shift_3_Night,550.4,7.5,25.0,26,4,12,2.4,8.1,0.26,9.5,303.2,363.5,196.5,353.9,64.3,Critical (>25%),26.3,4,0.26,14,21.3,21.8005,80.1901
2025-12-14 06:00:00,BAL_SOUTH_PIT,Shift_1_Morning,562.4,8.0,20.0,22,4,11,1.9,12.1,0.25,4.9,551.9,430.1,540.8,21.6,3.84,Normal (<10%),27.4,6,1.29,11,21.9,21.8005,80.1901
2025-12-14 14:00:00,UKWA_EXTENSION,Shift_2_Evening,589.1,8.0,16.0,18,4,12,1.8,9.0,0.33,9.4,579.5,521.9,565.9,23.2,3.94,Normal (<10%),25.2,4,0.6,13,20.7,21.7932,80.2015
2025-12-14 22:00:00,BAL_SOUTH_PIT,Shift_3_Night,462.6,7.5,25.0,26,4,16,4.8,14.6,0.27,1.1,404.7,384.2,405.3,57.3,12.39,Alert (10-25%),24.7,4,0.59,16,19.7,21.8005,80.1901
2025-12-15 06:00:00,BAL_SOUTH_PIT,Shift_1_Morning,571.7,8.0,19.0,20,3,16,1.4,7.1,0.21,8.4,569.6,502.4,551.3,20.4,3.57,Normal (<10%),30.2,5,1.46,16,20.2,21.8005,80.1901
2025-12-15 14:00:00,BAL_NORTH_PIT,Shift_2_Evening,426.3,8.0,17.0,18,4,14,1.5,8.2,0.25,1.7,437.3,467.8,397.6,28.7,6.73,Normal (<10%),26.4,4,0.29,15,21.1,21.8121,80.1843
2025-12-15 22:00:00,BAL_NORTH_PIT,Shift_3_Night,541.0,8.0,23.0,24,4,12,2.8,15.9,0.29,7.6,321.2,303.5,282.1,258.9,47.86,Critical (>25%),23.9,5,1.1,12,20.8,21.8121,80.1843
2025-12-16 06:00:00,UKWA_EXTENSION,Shift_1_Morning,548.4,7.5,24.0,26,4,12,1.7,7.1,0.31,11.4,459.1,494.2,240.9,307.5,56.07,Critical (>25%),24.5,4,0.09,12,21.3,21.7932,80.2015
2025-12-16 14:00:00,BAL_NORTH_PIT,Shift_2_Evening,535.5,8.0,25.0,26,3,12,2.0,6.9,0.23,6.5,434.1,566.2,528.5,7.0,1.31,Normal (<10%),24.7,4,0.38,14,20.4,21.8121,80.1843
2025-12-16 22:00:00,BAL_NORTH_PIT,Shift_3_Night,450.5,8.0,17.0,18,4,16,0.4,2.3,0.23,0.6,436.3,388.1,227.9,222.6,49.41,Critical (>25%),27.8,4,0.63,18,20.4,21.8121,80.1843
2025-12-17 06:00:00,BAL_SOUTH_PIT,Shift_1_Morning,574.6,7.5,21.0,22,3,11,0.7,6.6,0.15,9.5,539.7,521.8,512.9,61.7,10.74,Alert (10-25%),26.0,3,0.0,11,19.7,21.8005,80.1901
2025-12-17 14:00:00,BAL_DEEP_LEVEL_3,Shift_2_Evening,433.8,8.0,23.0,24,3,14,0.2,4.8,0.17,10.6,444.9,371.7,414.9,18.9,4.36,Normal (<10%),26.8,3,0.57,14,19.6,21.8064,80.1876
2025-12-17 22:00:00,BAL_NORTH_PIT,Shift_3_Night,410.7,7.5,23.0,24,3,13,1.1,6.6,0.21,0.0,402.6,556.8,332.4,78.3,19.07,Alert (10-25%),26.1,3,0.43,13,21.3,21.8121,80.1843
2025-12-18 06:00:00,BAL_DEEP_LEVEL_3,Shift_1_Morning,543.5,8.0,26.0,26,4,11,0.9,8.6,0.25,2.2,549.3,456.5,534.4,9.1,1.67,Normal (<10%),26.9,5,1.02,12,20.8,21.8064,80.1876
2025-12-18 14:00:00,BAL_NORTH_PIT,Shift_2_Evening,495.1,7.5,19.0,20,3,14,8.8,41.4,0.37,31.7,507.6,514.5,433.0,62.1,12.54,Alert (10-25%),21.2,4,0.86,15,22.8,21.8121,80.1843
2025-12-18 22:00:00,BAL_NORTH_PIT,Shift_3_Night,569.8,7.5,24.0,26,2,14,1.4,4.8,0.24,4.7,556.3,447.3,464.2,105.6,18.53,Alert (10-25%),24.6,2,0.42,15,20.7,21.8121,80.1843
2025-12-19 06:00:00,UKWA_EXTENSION,Shift_1_Morning,476.7,8.0,19.0,20,3,14,2.3,14.2,0.24,0.2,480.9,301.9,215.2,261.5,54.86,Critical (>25%),25.8,5,1.15,14,21.3,21.7932,80.2015
2025-12-19 14:00:00,UKWA_EXTENSION,Shift_2_Evening,433.7,8.0,19.0,20,4,12,0.6,2.5,0.3,10.6,435.5,446.0,417.2,16.5,3.8,Normal (<10%),26.9,4,0.2,12,20.7,21.7932,80.2015
2025-12-19 22:00:00,UKWA_EXTENSION,Shift_3_Night,567.3,7.5,24.0,26,3,12,2.7,12.3,0.25,5.8,478.6,420.3,496.0,71.3,12.57,Alert (10-25%),26.0,5,0.79,12,21.0,21.7932,80.2015
2025-12-20 06:00:00,BAL_DEEP_LEVEL_3,Shift_1_Morning,509.8,7.5,17.0,18,4,12,1.4,6.9,0.26,0.0,472.6,522.7,463.4,46.4,9.1,Normal (<10%),24.7,6,1.14,12,18.5,21.8064,80.1876
2025-12-20 14:00:00,BAL_SOUTH_PIT,Shift_2_Evening,437.8,8.0,18.0,20,3,10,1.8,10.6,0.24,7.1,375.0,424.6,416.8,21.0,4.8,Normal (<10%),26.7,3,0.39,11,18.0,21.8005,80.1901
2025-12-20 22:00:00,BAL_NORTH_PIT,Shift_3_Night,544.1,8.0,17.0,18,4,13,0.5,3.9,0.21,7.1,478.8,324.1,308.6,235.5,43.28,Critical (>25%),25.3,5,0.58,13,20.8,21.8121,80.1843
2025-12-21 06:00:00,BAL_NORTH_PIT,Shift_1_Morning,502.2,8.0,17.0,18,3,12,1.2,10.3,0.28,12.5,586.3,521.3,501.3,0.9,0.18,Normal (<10%),24.7,3,0.38,12,20.7,21.8121,80.1843
2025-12-21 14:00:00,BAL_NORTH_PIT,Shift_2_Evening,520.9,8.0,17.0,18,3,16,1.5,5.4,0.23,3.9,536.0,456.4,504.1,16.8,3.23,Normal (<10%),24.8,3,0.88,17,20.1,21.8121,80.1843
2025-12-21 22:00:00,BAL_DEEP_LEVEL_3,Shift_3_Night,492.2,7.5,22.0,24,3,15,1.3,4.6,0.2,15.7,503.8,547.5,415.0,77.2,15.68,Alert (10-25%),28.4,3,0.27,15,20.2,21.8064,80.1876
2025-12-22 06:00:00,UKWA_EXTENSION,Shift_1_Morning,565.7,7.5,25.0,26,4,16,3.7,11.1,0.27,21.5,561.4,535.9,506.4,59.3,10.48,Alert (10-25%),26.4,5,0.56,19,23.4,21.7932,80.2015
2025-12-22 14:00:00,BAL_SOUTH_PIT,Shift_2_Evening,565.9,7.5,21.0,22,3,12,3.4,12.2,0.25,10.4,556.0,504.1,533.5,32.4,5.73,Normal (<10%),26.4,3,0.0,12,21.6,21.8005,80.1901
2025-12-22 22:00:00,BAL_DEEP_LEVEL_3,Shift_3_Night,541.9,8.0,17.0,18,3,16,5.3,21.3,0.34,13.9,453.6,378.1,314.0,227.9,42.06,Critical (>25%),26.1,3,0.4,16,22.3,21.8064,80.1876
2025-12-23 06:00:00,UKWA_EXTENSION,Shift_1_Morning,421.1,8.0,22.0,24,4,12,1.7,8.1,0.3,3.7,355.2,519.5,394.7,26.4,6.27,Normal (<10%),29.8,4,0.6,13,19.8,21.7932,80.2015
2025-12-23 14:00:00,BAL_DEEP_LEVEL_3,Shift_2_Evening,567.8,7.5,19.0,20,4,13,5.4,18.9,0.34,11.8,531.6,511.5,499.3,68.5,12.06,Alert (10-25%),21.9,4,0.65,14,20.8,21.8064,80.1876
2025-12-23 22:00:00,BAL_SOUTH_PIT,Shift_3_Night,534.2,7.5,24.0,26,3,12,2.7,6.9,0.18,12.1,391.4,486.7,452.7,81.5,15.26,Alert (10-25%),25.3,5,1.03,15,18.3,21.8005,80.1901
2025-12-24 06:00:00,UKWA_EXTENSION,Shift_1_Morning,539.4,7.5,22.0,22,4,12,0.5,5.4,0.1,5.3,506.9,334.3,215.8,323.6,59.99,Critical (>25%),26.0,5,0.99,13,20.0,21.7932,80.2015
2025-12-24 14:00:00,BAL_DEEP_LEVEL_3,Shift_2_Evening,472.6,7.5,17.0,18,4,14,0.8,10.8,0.37,11.6,543.5,377.5,426.4,46.2,9.78,Normal (<10%),23.6,4,0.62,14,22.0,21.8064,80.1876
2025-12-24 22:00:00,BAL_SOUTH_PIT,Shift_3_Night,575.9,7.5,21.0,24,4,14,0.4,4.0,0.25,6.1,404.6,480.5,477.1,98.8,17.16,Alert (10-25%),24.6,4,0.73,15,21.3,21.8005,80.1901
2025-12-25 06:00:00,BAL_NORTH_PIT,Shift_1_Morning,545.1,7.5,26.0,26,4,12,0.0,0.8,0.22,3.6,423.8,529.9,507.3,37.8,6.93,Normal (<10%),26.2,4,0.7,14,20.8,21.8121,80.1843
2025-12-25 14:00:00,BAL_SOUTH_PIT,Shift_2_Evening,422.5,8.0,21.0,22,3,12,0.3,2.5,0.18,7.1,381.5,426.1,401.3,21.2,5.02,Normal (<10%),24.9,3,0.87,13,19.5,21.8005,80.1901
2025-12-25 22:00:00,BAL_NORTH_PIT,Shift_3_Night,481.6,7.5,25.0,26,4,16,0.0,9.7,0.15,10.6,498.8,469.2,407.8,73.8,15.32,Alert (10-25%),26.8,6,0.95,18,19.7,21.8121,80.1843
2025-12-26 06:00:00,BAL_DEEP_LEVEL_3,Shift_1_Morning,577.3,7.5,21.0,22,3,16,1.9,11.5,0.16,10.1,422.0,426.9,506.5,70.8,12.26,Alert (10-25%),26.2,3,0.0,19,20.0,21.8064,80.1876
2025-12-26 14:00:00,UKWA_EXTENSION,Shift_2_Evening,409.4,7.5,21.0,22,3,14,0.8,3.1,0.2,11.3,389.2,502.8,366.8,42.6,10.41,Alert (10-25%),27.3,3,0.6,16,20.0,21.7932,80.2015
2025-12-26 22:00:00,UKWA_EXTENSION,Shift_3_Night,592.3,7.5,24.0,26,4,12,0.6,7.9,0.25,0.0,386.1,469.8,297.8,294.5,49.72,Critical (>25%),26.6,6,1.23,13,19.4,21.7932,80.2015
2025-12-27 06:00:00,BAL_DEEP_LEVEL_3,Shift_1_Morning,535.8,7.5,26.0,26,3,16,2.2,15.3,0.36,11.6,585.7,410.4,466.6,69.2,12.92,Alert (10-25%),25.5,4,1.17,17,23.2,21.8064,80.1876
2025-12-27 14:00:00,UKWA_EXTENSION,Shift_2_Evening,526.3,7.5,20.0,22,3,13,2.7,7.5,0.25,2.4,435.5,424.5,480.4,45.9,8.72,Normal (<10%),25.3,3,0.78,15,19.4,21.7932,80.2015
2025-12-27 22:00:00,UKWA_EXTENSION,Shift_3_Night,454.1,7.5,18.0,20,4,11,5.6,22.4,0.35,19.5,475.2,380.1,235.8,218.3,48.07,Critical (>25%),27.3,4,1.0,14,22.4,21.7932,80.2015
2025-12-28 06:00:00,BAL_NORTH_PIT,Shift_1_Morning,449.8,8.0,17.0,18,3,16,1.5,10.6,0.23,0.0,525.6,557.8,424.9,24.9,5.54,Normal (<10%),26.1,4,0.89,16,18.1,21.8121,80.1843
2025-12-28 14:00:00,BAL_DEEP_LEVEL_3,Shift_2_Evening,588.4,7.5,17.0,18,3,12,0.9,12.7,0.24,9.6,392.8,465.5,531.7,56.7,9.64,Normal (<10%),22.8,3,0.47,12,20.5,21.8064,80.1876
2025-12-28 22:00:00,BAL_SOUTH_PIT,Shift_3_Night,459.7,8.0,22.0,24,4,14,0.5,3.5,0.14,4.7,473.2,428.7,392.8,66.9,14.55,Alert (10-25%),25.4,4,0.0,16,19.8,21.8005,80.1901
2025-12-29 06:00:00,BAL_NORTH_PIT,Shift_1_Morning,555.1,8.0,24.0,26,4,14,0.4,6.9,0.17,10.7,451.8,454.4,534.7,20.4,3.68,Normal (<10%),23.8,5,0.79,14,19.1,21.8121,80.1843
2025-12-29 14:00:00,BAL_DEEP_LEVEL_3,Shift_2_Evening,478.6,8.0,20.0,22,4,14,0.4,2.8,0.15,0.0,525.9,472.8,475.4,3.2,0.67,Normal (<10%),26.9,5,0.53,17,19.3,21.8064,80.1876
2025-12-29 22:00:00,BAL_NORTH_PIT,Shift_3_Night,427.9,7.5,21.0,22,2,15,0.8,3.8,0.2,16.5,473.8,482.8,341.2,86.7,20.26,Alert (10-25%),26.3,4,1.06,15,19.4,21.8121,80.1843
2025-12-30 06:00:00,BAL_SOUTH_PIT,Shift_1_Morning,402.1,7.5,21.0,22,4,15,7.2,22.6,0.23,12.1,437.6,375.2,352.4,49.7,12.36,Alert (10-25%),24.1,4,0.44,18,21.4,21.8005,80.1901
2025-12-30 14:00:00,BAL_SOUTH_PIT,Shift_2_Evening,508.9,7.5,16.0,18,3,12,0.0,1.6,0.17,0.0,432.8,484.4,476.0,32.9,6.46,Normal (<10%),29.9,3,0.54,13,19.4,21.8005,80.1901
2025-12-30 22:00:00,BAL_DEEP_LEVEL_3,Shift_3_Night,595.2,7.5,24.0,24,3,14,0.3,4.1,0.22,5.8,477.7,534.2,510.7,84.5,14.2,Alert (10-25%),27.2,3,0.37,14,21.5,21.8064,80.1876
2025-12-31 06:00:00,BAL_SOUTH_PIT,Shift_1_Morning,473.8,7.5,21.0,24,4,14,0.3,8.0,0.12,4.7,530.6,521.6,438.4,35.4,7.47,Normal (<10%),27.7,5,0.98,14,19.4,21.8005,80.1901
2025-12-31 14:00:00,BAL_NORTH_PIT,Shift_2_Evening,471.4,7.5,21.0,22,3,14,1.9,4.6,0.3,12.3,382.9,525.6,422.0,49.4,10.48,Alert (10-25%),24.4,4,0.0,16,21.4,21.8121,80.1843
2025-12-31 22:00:00,BAL_SOUTH_PIT,Shift_3_Night,468.8,7.5,20.0,22,3,12,0.7,7.3,0.33,0.0,556.0,553.9,415.3,53.5,11.41,Alert (10-25%),23.9,3,0.46,12,20.0,21.8005,80.1901
2026-01-01 06:00:00,BAL_NORTH_PIT,Shift_1_Morning,504.1,7.5,21.0,22,3,16,0.9,5.7,0.28,4.0,490.8,460.8,475.2,28.9,5.73,Normal (<10%),26.7,4,1.06,16,19.2,21.8121,80.1843
2026-01-01 14:00:00,BAL_NORTH_PIT,Shift_2_Evening,488.1,7.5,21.0,22,3,12,0.2,4.9,0.24,7.4,426.1,366.8,459.7,28.4,5.82,Normal (<10%),27.2,3,0.96,14,20.5,21.8121,80.1843
2026-01-01 22:00:00,BAL_SOUTH_PIT,Shift_3_Night,576.0,7.5,22.0,24,3,14,0.8,6.0,0.25,0.7,523.3,394.2,513.9,62.1,10.78,Alert (10-25%),24.0,3,0.62,15,22.8,21.8005,80.1901
2026-01-02 06:00:00,BAL_DEEP_LEVEL_3,Shift_1_Morning,501.1,8.0,25.0,26,4,14,0.2,8.4,0.27,0.0,520.0,484.1,498.1,3.0,0.6,Normal (<10%),26.2,5,1.21,14,19.8,21.8064,80.1876
2026-01-02 14:00:00,UKWA_EXTENSION,Shift_2_Evening,501.6,7.5,23.0,24,4,16,1.1,7.0,0.24,11.9,313.8,482.8,275.2,226.4,45.14,Critical (>25%),26.8,4,0.45,16,20.2,21.7932,80.2015
2026-01-02 22:00:00,BAL_SOUTH_PIT,Shift_3_Night,427.7,7.5,21.0,22,3,16,0.2,3.1,0.22,0.0,455.7,591.3,374.7,53.0,12.39,Alert (10-25%),26.9,3,0.4,17,19.1,21.8005,80.1901
2026-01-03 06:00:00,BAL_NORTH_PIT,Shift_1_Morning,596.5,7.5,19.0,20,3,12,2.3,8.9,0.16,11.2,463.3,550.0,515.8,80.7,13.53,Alert (10-25%),25.9,3,0.56,13,17.1,21.8121,80.1843
2026-01-03 14:00:00,BAL_NORTH_PIT,Shift_2_Evening,450.0,8.0,26.0,26,3,12,1.3,4.5,0.23,0.0,402.6,467.1,429.8,20.2,4.49,Normal (<10%),26.3,5,1.0,12,18.9,21.8121,80.1843
2026-01-03 22:00:00,BAL_SOUTH_PIT,Shift_3_Night,414.7,7.5,20.0,20,3,16,1.9,5.1,0.25,1.8,373.3,423.0,369.5,45.2,10.9,Alert (10-25%),26.6,3,0.17,16,22.2,21.8005,80.1901
2026-01-04 06:00:00,BAL_DEEP_LEVEL_3,Shift_1_Morning,532.6,7.5,16.0,18,3,13,0.8,8.4,0.26,9.4,506.0,489.6,472.7,59.9,11.25,Alert (10-25%),26.7,3,0.25,13,20.7,21.8064,80.1876
2026-01-04 14:00:00,BAL_DEEP_LEVEL_3,Shift_2_Evening,519.1,8.0,22.0,22,3,14,0.7,4.9,0.28,5.0,587.0,511.9,493.7,25.4,4.89,Normal (<10%),27.6,4,0.37,14,21.6,21.8064,80.1876
2026-01-04 22:00:00,BAL_NORTH_PIT,Shift_3_Night,483.0,7.5,20.0,20,3,14,0.2,1.3,0.28,0.0,434.3,537.0,400.3,82.7,17.12,Alert (10-25%),28.6,3,0.56,17,20.6,21.8121,80.1843
2026-01-05 06:00:00,BAL_NORTH_PIT,Shift_1_Morning,484.4,8.0,21.0,22,4,16,1.1,6.4,0.21,6.9,458.0,416.5,460.9,23.5,4.85,Normal (<10%),26.6,4,0.4,16,17.3,21.8121,80.1843
2026-01-05 14:00:00,BAL_DEEP_LEVEL_3,Shift_2_Evening,557.0,8.0,20.0,22,4,13,1.1,5.2,0.17,0.0,536.7,592.0,525.9,31.1,5.58,Normal (<10%),26.7,5,0.59,16,19.4,21.8064,80.1876
2026-01-05 22:00:00,UKWA_EXTENSION,Shift_3_Night,439.1,8.0,17.0,18,4,14,0.9,11.1,0.32,1.4,382.3,417.1,408.3,30.8,7.01,Normal (<10%),26.7,5,0.53,14,21.0,21.7932,80.2015
2026-01-06 06:00:00,BAL_SOUTH_PIT,Shift_1_Morning,564.1,8.0,26.0,26,3,14,2.0,11.0,0.29,16.1,582.2,573.3,525.2,38.9,6.9,Normal (<10%),27.1,4,0.85,17,21.8,21.8005,80.1901
2026-01-06 14:00:00,BAL_NORTH_PIT,Shift_2_Evening,529.7,7.5,20.0,22,4,15,2.7,16.4,0.25,10.1,426.3,490.1,483.5,46.2,8.72,Normal (<10%),25.3,4,0.63,15,20.5,21.8121,80.1843
2026-01-06 22:00:00,BAL_NORTH_PIT,Shift_3_Night,483.8,8.0,25.0,26,2,12,2.1,11.4,0.25,11.2,467.7,450.3,398.3,85.5,17.67,Alert (10-25%),27.6,4,0.66,14,20.5,21.8121,80.1843
2026-01-07 06:00:00,BAL_DEEP_LEVEL_3,Shift_1_Morning,491.6,8.0,22.0,24,3,14,0.2,7.5,0.22,8.4,490.8,579.6,483.3,8.3,1.69,Normal (<10%),28.4,3,0.01,16,21.5,21.8064,80.1876
2026-01-07 14:00:00,BAL_SOUTH_PIT,Shift_2_Evening,451.3,7.5,18.0,18,4,15,1.5,7.1,0.25,3.0,422.3,407.3,397.3,54.0,11.97,Alert (10-25%),28.7,4,0.69,15,19.4,21.8005,80.1901
2026-01-07 22:00:00,BAL_DEEP_LEVEL_3,Shift_3_Night,550.4,7.5,24.0,24,3,15,0.1,6.4,0.3,4.9,385.4,469.1,477.6,72.8,13.23,Alert (10-25%),29.2,3,0.0,17,21.3,21.8064,80.1876
2026-01-08 06:00:00,BAL_SOUTH_PIT,Shift_1_Morning,502.6,7.5,17.0,18,3,14,1.8,8.3,0.2,0.0,364.0,565.3,485.7,16.9,3.36,Normal (<10%),25.6,3,0.56,14,19.9,21.8005,80.1901
2026-01-08 14:00:00,BAL_SOUTH_PIT,Shift_2_Evening,464.2,8.0,19.0,20,4,16,0.7,8.5,0.26,6.3,473.6,464.5,434.1,30.1,6.48,Normal (<10%),26.6,4,0.89,18,20.5,21.8005,80.1901
2026-01-08 22:00:00,BAL_SOUTH_PIT,Shift_3_Night,519.2,7.5,19.0,20,3,15,0.2,1.3,0.22,0.0,388.1,412.3,285.5,233.7,45.01,Critical (>25%),27.4,3,0.89,18,19.7,21.8005,80.1901
2026-01-09 06:00:00,BAL_NORTH_PIT,Shift_1_Morning,599.1,8.0,21.0,22,3,12,3.0,13.2,0.17,19.3,512.8,568.7,586.7,12.4,2.07,Normal (<10%),26.6,3,0.62,14,20.2,21.8121,80.1843
2026-01-09 14:00:00,UKWA_EXTENSION,Shift_2_Evening,487.1,8.0,24.0,26,4,12,1.4,6.7,0.36,1.0,589.6,401.0,465.4,21.7,4.45,Normal (<10%),25.1,4,0.61,14,23.2,21.7932,80.2015
2026-01-09 22:00:00,BAL_DEEP_LEVEL_3,Shift_3_Night,584.1,7.5,24.0,26,3,10,0.7,6.7,0.24,7.0,478.7,486.5,265.2,318.9,54.6,Critical (>25%),24.6,5,1.68,10,21.0,21.8064,80.1876
2026-01-10 06:00:00,UKWA_EXTENSION,Shift_1_Morning,469.0,7.5,25.0,26,3,16,0.0,2.3,0.27,0.2,382.3,423.7,269.7,199.3,42.49,Critical (>25%),27.1,5,0.3,16,20.8,21.7932,80.2015
2026-01-10 14:00:00,BAL_DEEP_LEVEL_3,Shift_2_Evening,410.9,7.5,24.0,26,3,14,1.2,5.1,0.14,7.5,430.2,515.0,366.3,44.6,10.85,Alert (10-25%),26.4,3,0.26,15,18.8,21.8064,80.1876
2026-01-10 22:00:00,BAL_SOUTH_PIT,Shift_3_Night,440.8,7.5,17.0,18,4,14,3.9,7.3,0.33,0.0,497.1,516.4,378.8,62.0,14.07,Alert (10-25%),26.4,6,1.25,14,19.0,21.8005,80.1901
2026-01-11 06:00:00,BAL_NORTH_PIT,Shift_1_Morning,483.7,7.5,22.0,22,4,12,1.4,5.4,0.21,2.9,572.7,405.0,463.5,20.2,4.18,Normal (<10%),25.9,5,0.6,13,21.1,21.8121,80.1843
2026-01-11 14:00:00,UKWA_EXTENSION,Shift_2_Evening,443.9,7.5,25.0,26,2,14,5.3,16.7,0.17,14.1,528.3,475.6,367.2,76.7,17.28,Alert (10-25%),24.8,3,1.07,17,22.1,21.7932,80.2015
2026-01-11 22:00:00,BAL_NORTH_PIT,Shift_3_Night,400.0,8.0,21.0,22,3,16,0.2,4.9,0.15,4.4,508.9,466.0,370.4,29.6,7.4,Normal (<10%),27.9,3,0.39,16,19.3,21.8121,80.1843
2026-01-12 06:00:00,BAL_DEEP_LEVEL_3,Shift_1_Morning,583.0,8.0,20.0,22,3,12,1.3,7.1,0.17,7.2,400.9,355.9,258.7,324.3,55.63,Critical (>25%),27.4,3,0.44,15,20.3,21.8064,80.1876
2026-01-12 14:00:00,BAL_NORTH_PIT,Shift_2_Evening,568.8,7.5,25.0,26,3,12,2.4,10.4,0.21,2.8,586.0,421.1,542.4,26.4,4.64,Normal (<10%),27.6,3,0.32,13,18.8,21.8121,80.1843
2026-01-12 22:00:00,BAL_NORTH_PIT,Shift_3_Night,548.5,8.0,21.0,22,2,15,1.1,6.0,0.17,2.3,463.3,524.3,467.2,81.3,14.82,Alert (10-25%),30.6,2,0.24,15,20.2,21.8121,80.1843
2026-01-13 06:00:00,UKWA_EXTENSION,Shift_1_Morning,433.6,8.0,18.0,18,3,15,0.1,4.6,0.26,3.0,494.7,446.2,423.8,9.8,2.26,Normal (<10%),27.3,3,0.24,17,21.8,21.7932,80.2015
2026-01-13 14:00:00,BAL_SOUTH_PIT,Shift_2_Evening,424.1,8.0,22.0,22,3,12,1.3,6.6,0.24,8.3,398.4,526.5,391.0,33.1,7.8,Normal (<10%),27.6,4,0.78,12,19.2,21.8005,80.1901
2026-01-13 22:00:00,BAL_NORTH_PIT,Shift_3_Night,413.5,8.0,25.0,26,3,11,1.4,9.3,0.27,13.2,484.6,320.2,228.3,185.2,44.79,Critical (>25%),24.8,3,0.17,12,19.8,21.8121,80.1843
2026-01-14 06:00:00,BAL_SOUTH_PIT,Shift_1_Morning,544.8,8.0,20.0,22,3,14,2.0,5.6,0.25,0.0,522.8,459.5,528.0,16.8,3.08,Normal (<10%),24.9,4,0.99,15,21.5,21.8005,80.1901
2026-01-14 14:00:00,BAL_DEEP_LEVEL_3,Shift_2_Evening,585.8,8.0,20.0,22,4,12,2.1,8.4,0.23,4.0,358.6,375.8,236.5,349.3,59.63,Critical (>25%),29.1,5,0.9,14,20.0,21.8064,80.1876
2026-01-14 22:00:00,BAL_NORTH_PIT,Shift_3_Night,486.1,7.5,23.0,26,4,16,2.2,7.1,0.16,1.4,466.9,549.8,437.2,48.9,10.06,Alert (10-25%),25.9,4,0.73,16,21.2,21.8121,80.1843
2026-01-15 06:00:00,UKWA_EXTENSION,Shift_1_Morning,423.8,7.5,17.0,18,4,12,1.6,8.5,0.17,1.8,464.0,532.2,389.3,34.5,8.14,Normal (<10%),25.5,6,0.66,12,19.4,21.7932,80.2015
2026-01-15 14:00:00,BAL_DEEP_LEVEL_3,Shift_2_Evening,502.5,7.5,24.0,26,3,11,0.4,2.8,0.14,3.2,442.4,461.7,453.1,49.4,9.83,Normal (<10%),27.7,3,0.0,11,18.6,21.8064,80.1876
2026-01-15 22:00:00,BAL_DEEP_LEVEL_3,Shift_3_Night,469.8,8.0,20.0,20,3,14,0.8,4.6,0.17,3.2,458.7,453.9,424.8,45.0,9.58,Normal (<10%),27.3,4,0.7,16,20.1,21.8064,80.1876
2026-01-16 06:00:00,UKWA_EXTENSION,Shift_1_Morning,475.0,7.5,20.0,20,3,14,2.2,12.6,0.35,2.8,437.2,520.5,425.6,49.4,10.4,Alert (10-25%),24.3,5,1.87,17,21.7,21.7932,80.2015
2026-01-16 14:00:00,BAL_NORTH_PIT,Shift_2_Evening,524.3,7.5,22.0,22,3,13,4.6,14.0,0.2,3.5,496.6,389.7,455.7,68.6,13.08,Alert (10-25%),26.0,4,1.08,13,21.2,21.8121,80.1843
2026-01-16 22:00:00,BAL_NORTH_PIT,Shift_3_Night,543.7,7.5,22.0,24,3,12,0.1,3.2,0.29,4.4,556.6,407.0,469.7,74.0,13.61,Alert (10-25%),28.7,3,0.23,12,20.8,21.8121,80.1843
2026-01-17 06:00:00,BAL_DEEP_LEVEL_3,Shift_1_Morning,422.1,8.0,18.0,20,2,14,1.2,3.4,0.16,0.0,460.6,526.7,345.1,77.0,18.24,Alert (10-25%),26.4,2,0.53,17,21.5,21.8064,80.1876
2026-01-17 14:00:00,BAL_NORTH_PIT,Shift_2_Evening,407.1,7.5,18.0,20,3,16,0.6,7.1,0.17,1.3,412.7,337.7,185.7,221.4,54.38,Critical (>25%),25.1,3,0.62,16,19.6,21.8121,80.1843
2026-01-17 22:00:00,BAL_SOUTH_PIT,Shift_3_Night,598.9,8.0,20.0,20,3,14,0.4,4.9,0.25,7.9,513.7,566.7,535.8,63.1,10.54,Alert (10-25%),28.3,3,0.0,14,19.3,21.8005,80.1901
2026-01-18 06:00:00,UKWA_EXTENSION,Shift_1_Morning,446.5,7.5,23.0,24,4,14,1.1,5.9,0.29,4.8,510.9,505.7,437.0,9.5,2.13,Normal (<10%),27.3,4,0.81,16,20.9,21.7932,80.2015
2026-01-18 14:00:00,BAL_SOUTH_PIT,Shift_2_Evening,410.8,7.5,24.0,24,4,16,1.4,8.7,0.16,13.5,529.6,491.3,376.9,33.9,8.25,Normal (<10%),26.2,5,0.65,17,19.5,21.8005,80.1901
2026-01-18 22:00:00,BAL_NORTH_PIT,Shift_3_Night,438.0,7.5,17.0,18,3,14,0.0,0.3,0.2,0.0,506.3,470.6,379.2,58.8,13.42,Alert (10-25%),25.2,3,0.37,15,21.1,21.8121,80.1843
2026-01-19 06:00:00,BAL_DEEP_LEVEL_3,Shift_1_Morning,407.8,8.0,24.0,24,4,12,2.3,11.3,0.32,18.7,364.0,451.3,395.8,12.0,2.94,Normal (<10%),24.9,4,0.41,13,22.0,21.8064,80.1876
2026-01-19 14:00:00,UKWA_EXTENSION,Shift_2_Evening,478.4,8.0,17.0,18,4,14,2.6,14.4,0.32,8.7,397.4,462.0,426.7,51.7,10.81,Alert (10-25%),25.6,5,1.04,15,21.1,21.7932,80.2015
2026-01-19 22:00:00,BAL_NORTH_PIT,Shift_3_Night,560.5,8.0,25.0,26,3,16,5.1,9.0,0.17,12.0,404.2,465.8,500.3,60.2,10.74,Alert (10-25%),28.8,3,0.17,16,18.6,21.8121,80.1843
2026-01-20 06:00:00,BAL_NORTH_PIT,Shift_1_Morning,468.2,8.0,17.0,18,3,14,0.3,2.1,0.2,0.0,441.8,515.0,449.4,18.8,4.02,Normal (<10%),25.9,3,0.0,16,21.7,21.8121,80.1843
2026-01-20 14:00:00,BAL_DEEP_LEVEL_3,Shift_2_Evening,488.8,8.0,17.0,18,4,14,1.4,11.9,0.18,4.7,506.0,409.1,470.4,18.4,3.76,Normal (<10%),26.6,6,1.1,14,19.9,21.8064,80.1876
2026-01-20 22:00:00,BAL_DEEP_LEVEL_3,Shift_3_Night,535.1,7.5,18.0,20,4,14,0.8,7.5,0.26,13.5,498.1,421.0,438.8,96.3,18.0,Alert (10-25%),27.7,5,0.09,15,20.3,21.8064,80.1876
2026-01-21 06:00:00,BAL_SOUTH_PIT,Shift_1_Morning,501.8,7.5,21.0,22,4,11,0.6,10.1,0.26,3.3,506.5,394.3,433.7,68.1,13.57,Alert (10-25%),22.9,6,0.91,11,21.7,21.8005,80.1901
2026-01-21 14:00:00,UKWA_EXTENSION,Shift_2_Evening,572.3,8.0,19.0,20,4,16,1.3,8.3,0.27,4.4,599.2,579.8,555.1,17.2,3.01,Normal (<10%),28.1,4,0.76,16,19.6,21.7932,80.2015
2026-01-21 22:00:00,UKWA_EXTENSION,Shift_3_Night,573.2,8.0,19.0,20,4,14,2.3,7.9,0.19,2.0,454.0,395.4,548.8,24.4,4.26,Normal (<10%),25.3,5,0.87,15,19.7,21.7932,80.2015
2026-01-22 06:00:00,BAL_DEEP_LEVEL_3,Shift_1_Morning,402.0,7.5,25.0,26,3,12,0.0,10.5,0.22,12.6,497.4,385.5,376.1,25.9,6.44,Normal (<10%),27.1,3,0.71,12,19.7,21.8064,80.1876
2026-01-22 14:00:00,BAL_SOUTH_PIT,Shift_2_Evening,555.6,8.0,17.0,18,4,16,5.2,16.6,0.33,5.0,383.6,388.3,336.8,218.8,39.38,Critical (>25%),25.9,4,0.59,19,20.9,21.8005,80.1901
2026-01-22 22:00:00,UKWA_EXTENSION,Shift_3_Night,492.1,7.5,17.0,18,4,15,2.5,7.4,0.29,11.5,443.1,525.4,409.9,82.2,16.7,Alert (10-25%),28.1,4,1.12,18,21.7,21.7932,80.2015
2026-01-23 06:00:00,BAL_DEEP_LEVEL_3,Shift_1_Morning,597.8,8.0,18.0,20,4,12,2.1,13.2,0.35,10.0,485.8,570.2,563.6,34.2,5.72,Normal (<10%),26.5,5,0.52,12,20.1,21.8064,80.1876
2026-01-23 14:00:00,BAL_NORTH_PIT,Shift_2_Evening,496.6,7.5,22.0,24,3,12,2.1,14.0,0.34,10.3,455.8,411.8,462.5,34.1,6.87,Normal (<10%),22.1,3,0.52,12,20.3,21.8121,80.1843
2026-01-23 22:00:00,UKWA_EXTENSION,Shift_3_Night,597.4,8.0,20.0,22,2,15,0.7,6.6,0.15,4.1,413.5,435.9,202.0,395.4,66.19,Critical (>25%),26.2,2,0.27,16,19.0,21.7932,80.2015
2026-01-24 06:00:00,BAL_SOUTH_PIT,Shift_1_Morning,550.9,8.0,20.0,20,4,14,2.1,6.1,0.29,10.3,437.4,498.8,295.9,255.0,46.29,Critical (>25%),26.8,4,0.69,14,19.5,21.8005,80.1901
2026-01-24 14:00:00,BAL_SOUTH_PIT,Shift_2_Evening,449.7,7.5,21.0,22,4,12,0.7,7.1,0.23,3.6,415.4,352.7,383.3,66.4,14.77,Alert (10-25%),26.6,4,0.38,15,20.2,21.8005,80.1901
2026-01-24 22:00:00,BAL_SOUTH_PIT,Shift_3_Night,507.7,7.5,20.0,20,3,12,3.4,13.1,0.3,5.2,413.9,480.6,429.3,78.4,15.44,Alert (10-25%),26.7,3,0.92,12,20.8,21.8005,80.1901
2026-01-25 06:00:00,BAL_NORTH_PIT,Shift_1_Morning,598.4,8.0,19.0,20,3,12,0.3,4.3,0.2,5.5,361.2,416.9,253.3,345.1,57.67,Critical (>25%),28.4,3,0.24,13,19.7,21.8121,80.1843
2026-01-25 14:00:00,UKWA_EXTENSION,Shift_2_Evening,571.5,8.0,25.0,26,2,12,0.5,3.1,0.17,1.6,510.2,486.2,502.6,68.9,12.06,Alert (10-25%),28.4,2,0.82,12,19.3,21.7932,80.2015
2026-01-25 22:00:00,UKWA_EXTENSION,Shift_3_Night,419.5,7.5,19.0,20,4,12,1.2,5.9,0.22,13.7,356.2,380.5,369.9,49.6,11.82,Alert (10-25%),26.7,6,1.18,14,22.8,21.7932,80.2015
2026-01-26 06:00:00,BAL_NORTH_PIT,Shift_1_Morning,541.3,8.0,22.0,24,4,12,0.6,4.5,0.23,7.6,440.9,390.9,511.3,30.0,5.54,Normal (<10%),24.3,5,0.69,12,19.5,21.8121,80.1843
2026-01-26 14:00:00,UKWA_EXTENSION,Shift_2_Evening,469.1,7.5,23.0,24,3,14,0.8,5.7,0.24,5.5,368.1,389.0,199.4,269.7,57.49,Critical (>25%),26.2,5,1.16,15,20.8,21.7932,80.2015
2026-01-26 22:00:00,BAL_NORTH_PIT,Shift_3_Night,401.4,7.5,17.0,18,4,13,1.0,14.1,0.32,16.6,416.0,423.9,344.3,57.1,14.23,Alert (10-25%),26.4,6,1.08,15,22.3,21.8121,80.1843
2026-01-27 06:00:00,BAL_NORTH_PIT,Shift_1_Morning,480.7,8.0,19.0,20,2,14,2.9,10.2,0.2,0.0,491.9,470.6,418.3,62.4,12.98,Alert (10-25%),25.2,3,0.81,15,20.1,21.8121,80.1843
2026-01-27 14:00:00,BAL_NORTH_PIT,Shift_2_Evening,447.0,7.5,18.0,18,4,14,1.1,6.8,0.18,7.3,379.2,403.6,401.6,45.4,10.16,Alert (10-25%),28.1,5,0.64,14,19.8,21.8121,80.1843
2026-01-27 22:00:00,BAL_SOUTH_PIT,Shift_3_Night,563.8,7.5,16.0,18,4,16,0.7,5.7,0.15,4.3,485.8,528.4,501.2,62.6,11.1,Alert (10-25%),28.8,4,0.19,16,19.3,21.8005,80.1901
2026-01-28 06:00:00,UKWA_EXTENSION,Shift_1_Morning,467.5,8.0,21.0,22,3,16,0.4,5.9,0.22,2.9,471.7,434.5,467.5,0.0,0.0,Normal (<10%),27.2,5,0.9,17,20.3,21.7932,80.2015
2026-01-28 14:00:00,BAL_NORTH_PIT,Shift_2_Evening,565.5,7.5,26.0,26,3,15,0.8,4.9,0.18,1.9,420.3,552.7,499.4,66.1,11.69,Alert (10-25%),22.7,3,0.0,15,18.8,21.8121,80.1843
2026-01-28 22:00:00,UKWA_EXTENSION,Shift_3_Night,400.1,7.5,22.0,22,2,11,1.1,7.6,0.22,10.6,335.5,372.6,307.0,93.1,23.27,Alert (10-25%),25.0,3,0.95,11,19.3,21.7932,80.2015
2026-01-29 06:00:00,BAL_SOUTH_PIT,Shift_1_Morning,461.6,7.5,23.0,24,4,12,2.1,9.8,0.25,0.0,550.1,505.7,427.2,34.4,7.45,Normal (<10%),29.3,4,0.03,13,20.5,21.8005,80.1901
2026-01-29 14:00:00,BAL_NORTH_PIT,Shift_2_Evening,448.2,7.5,20.0,22,3,12,0.2,3.9,0.13,5.0,395.2,407.7,425.5,22.7,5.06,Normal (<10%),26.9,3,0.33,12,17.0,21.8121,80.1843
2026-01-29 22:00:00,BAL_DEEP_LEVEL_3,Shift_3_Night,446.7,8.0,25.0,26,3,16,0.4,5.2,0.2,0.0,452.7,554.1,411.2,35.5,7.95,Normal (<10%),24.2,5,1.19,18,21.8,21.8064,80.1876
2026-01-30 06:00:00,BAL_SOUTH_PIT,Shift_1_Morning,413.6,7.5,22.0,24,3,14,0.7,8.7,0.26,4.6,416.5,400.4,230.7,182.9,44.22,Critical (>25%),28.4,3,0.65,15,22.6,21.8005,80.1901
2026-01-30 14:00:00,BAL_DEEP_LEVEL_3,Shift_2_Evening,437.4,8.0,21.0,22,3,12,0.7,6.9,0.24,4.3,529.6,534.8,413.3,24.1,5.51,Normal (<10%),26.8,3,0.0,12,20.0,21.8064,80.1876
2026-01-30 22:00:00,UKWA_EXTENSION,Shift_3_Night,511.1,7.5,25.0,26,4,16,0.7,5.8,0.21,11.9,447.3,447.4,445.7,65.4,12.8,Alert (10-25%),28.7,5,0.67,18,21.1,21.7932,80.2015
2026-01-31 06:00:00,UKWA_EXTENSION,Shift_1_Morning,458.3,8.0,20.0,20,3,12,2.4,8.1,0.24,2.7,499.5,495.7,439.2,19.1,4.17,Normal (<10%),27.1,3,0.54,15,22.2,21.7932,80.2015
2026-01-31 14:00:00,BAL_SOUTH_PIT,Shift_2_Evening,483.5,7.5,19.0,20,4,14,0.6,13.2,0.25,9.1,388.6,371.9,442.2,41.3,8.54,Normal (<10%),26.9,4,0.42,14,19.0,21.8005,80.1901
2026-01-31 22:00:00,UKWA_EXTENSION,Shift_3_Night,475.4,8.0,17.0,18,3,14,1.0,5.4,0.18,0.0,407.9,331.9,195.2,280.2,58.94,Critical (>25%),27.8,4,1.1,14,20.3,21.7932,80.2015
2026-02-01 06:00:00,BAL_DEEP_LEVEL_3,Shift_1_Morning,575.2,7.5,21.0,22,3,15,1.5,6.4,0.17,6.8,507.9,612.6,535.0,40.2,6.99,Normal (<10%),30.5,4,0.45,15,19.0,21.8064,80.1876
2026-02-01 14:00:00,BAL_NORTH_PIT,Shift_2_Evening,581.1,7.5,22.0,24,3,12,0.4,3.3,0.35,0.0,365.3,419.8,274.8,306.3,52.71,Critical (>25%),32.1,3,0.0,12,22.6,21.8121,80.1843
2026-02-01 22:00:00,BAL_NORTH_PIT,Shift_3_Night,498.6,7.5,16.0,18,4,11,1.9,7.8,0.27,0.0,479.7,517.5,424.6,74.0,14.84,Alert (10-25%),30.2,4,0.64,12,20.3,21.8121,80.1843
2026-02-02 06:00:00,BAL_NORTH_PIT,Shift_1_Morning,466.0,7.5,21.0,22,4,14,1.2,7.1,0.29,0.0,387.6,397.8,430.9,35.1,7.53,Normal (<10%),26.3,6,0.84,17,22.3,21.8121,80.1843
2026-02-02 14:00:00,BAL_SOUTH_PIT,Shift_2_Evening,421.4,8.0,23.0,24,4,16,0.9,4.8,0.25,1.8,382.8,390.3,390.1,31.3,7.43,Normal (<10%),29.8,4,0.0,17,20.0,21.8005,80.1901
2026-02-02 22:00:00,UKWA_EXTENSION,Shift_3_Night,590.7,8.0,18.0,20,3,15,2.5,11.7,0.33,6.6,571.4,555.5,521.9,68.8,11.65,Alert (10-25%),29.8,3,0.35,18,24.1,21.7932,80.2015
2026-02-03 06:00:00,BAL_DEEP_LEVEL_3,Shift_1_Morning,412.0,7.5,17.0,18,3,12,0.4,4.1,0.25,8.4,412.7,498.6,366.2,45.8,11.12,Alert (10-25%),31.0,3,0.77,12,19.2,21.8064,80.1876
2026-02-03 14:00:00,UKWA_EXTENSION,Shift_2_Evening,459.5,8.0,24.0,24,3,11,3.2,7.9,0.13,12.9,438.2,536.1,435.2,24.3,5.29,Normal (<10%),28.9,4,0.32,12,20.8,21.7932,80.2015
2026-02-03 22:00:00,UKWA_EXTENSION,Shift_3_Night,459.6,7.5,21.0,22,3,16,1.2,2.6,0.17,9.2,550.7,408.5,391.1,68.5,14.9,Alert (10-25%),31.5,3,1.1,16,19.8,21.7932,80.2015
2026-02-04 06:00:00,UKWA_EXTENSION,Shift_1_Morning,464.1,7.5,15.0,18,3,14,1.4,8.7,0.26,11.6,390.2,386.4,432.7,31.4,6.77,Normal (<10%),30.1,3,0.15,14,20.5,21.7932,80.2015
2026-02-04 14:00:00,BAL_NORTH_PIT,Shift_2_Evening,432.9,8.0,22.0,24,3,12,3.1,12.7,0.27,18.8,436.9,437.6,430.9,2.0,0.46,Normal (<10%),32.2,3,0.43,13,21.0,21.8121,80.1843
2026-02-04 22:00:00,BAL_DEEP_LEVEL_3,Shift_3_Night,556.6,8.0,20.0,22,4,16,2.6,9.5,0.25,8.6,467.2,465.7,469.5,87.1,15.65,Alert (10-25%),27.6,4,0.03,16,19.4,21.8064,80.1876
2026-02-05 06:00:00,BAL_DEEP_LEVEL_3,Shift_1_Morning,424.5,8.0,22.0,24,4,15,1.4,3.4,0.16,4.6,527.2,517.6,412.8,11.7,2.76,Normal (<10%),29.0,5,0.71,18,17.8,21.8064,80.1876
2026-02-05 14:00:00,UKWA_EXTENSION,Shift_2_Evening,527.0,7.5,16.0,18,4,15,2.1,15.2,0.25,19.3,464.6,467.0,499.6,27.4,5.2,Normal (<10%),27.8,4,0.36,15,21.5,21.7932,80.2015
2026-02-05 22:00:00,BAL_NORTH_PIT,Shift_3_Night,424.8,7.5,20.0,22,3,16,0.9,4.4,0.23,0.0,528.2,507.8,352.3,72.5,17.07,Alert (10-25%),28.5,3,0.0,16,19.2,21.8121,80.1843
2026-02-06 06:00:00,BAL_NORTH_PIT,Shift_1_Morning,414.1,8.0,25.0,26,3,14,1.2,6.6,0.23,9.1,443.2,343.4,169.1,245.0,59.16,Critical (>25%),27.8,3,1.25,16,21.7,21.8121,80.1843
2026-02-06 14:00:00,BAL_DEEP_LEVEL_3,Shift_2_Evening,581.9,7.5,16.0,18,3,14,0.1,4.8,0.26,3.0,554.1,532.7,536.6,45.3,7.78,Normal (<10%),24.9,4,0.55,14,20.2,21.8064,80.1876
2026-02-06 22:00:00,BAL_NORTH_PIT,Shift_3_Night,438.0,8.0,22.0,24,4,12,0.1,2.4,0.16,8.3,453.3,478.1,406.6,31.4,7.17,Normal (<10%),29.2,5,0.55,12,20.3,21.8121,80.1843
2026-02-07 06:00:00,BAL_NORTH_PIT,Shift_1_Morning,564.3,8.0,24.0,26,3,14,2.7,7.5,0.26,10.9,463.2,434.9,564.3,0.0,0.0,Normal (<10%),29.4,4,0.99,14,20.8,21.8121,80.1843
2026-02-07 14:00:00,BAL_NORTH_PIT,Shift_2_Evening,508.9,8.0,21.0,22,3,16,0.1,2.2,0.18,0.6,485.8,570.9,488.5,20.4,4.01,Normal (<10%),29.0,3,0.94,17,17.1,21.8121,80.1843
2026-02-07 22:00:00,BAL_SOUTH_PIT,Shift_3_Night,415.6,8.0,19.0,20,4,12,0.3,4.9,0.21,0.0,480.1,543.3,371.8,43.8,10.54,Alert (10-25%),32.3,4,0.74,14,21.0,21.8005,80.1901
2026-02-08 06:00:00,UKWA_EXTENSION,Shift_1_Morning,591.1,8.0,23.0,24,2,12,2.4,5.7,0.23,10.5,451.6,509.6,295.9,295.2,49.94,Critical (>25%),29.2,2,0.04,12,19.4,21.7932,80.2015
2026-02-08 14:00:00,BAL_DEEP_LEVEL_3,Shift_2_Evening,449.4,8.0,24.0,24,4,16,0.0,1.6,0.12,0.0,437.3,458.9,431.5,17.9,3.98,Normal (<10%),32.1,4,0.46,16,20.0,21.8064,80.1876
2026-02-08 22:00:00,BAL_DEEP_LEVEL_3,Shift_3_Night,571.9,7.5,17.0,18,3,14,0.5,2.8,0.22,2.5,317.3,337.8,250.7,321.2,56.16,Critical (>25%),29.8,4,0.14,15,20.5,21.8064,80.1876
2026-02-09 06:00:00,BAL_SOUTH_PIT,Shift_1_Morning,433.8,7.5,20.0,20,3,14,1.3,7.6,0.3,0.0,440.1,418.6,216.6,217.2,50.07,Critical (>25%),29.8,4,0.97,15,21.3,21.8005,80.1901
2026-02-09 14:00:00,UKWA_EXTENSION,Shift_2_Evening,570.8,8.0,17.0,18,3,12,1.4,8.0,0.18,3.5,517.3,578.9,558.0,12.8,2.24,Normal (<10%),29.7,3,0.0,12,19.3,21.7932,80.2015
2026-02-09 22:00:00,BAL_DEEP_LEVEL_3,Shift_3_Night,402.6,8.0,24.0,26,4,12,2.3,8.8,0.34,10.9,527.2,388.1,381.4,21.2,5.27,Normal (<10%),30.3,5,0.46,13,20.1,21.8064,80.1876
2026-02-10 06:00:00,BAL_NORTH_PIT,Shift_1_Morning,502.4,8.0,18.0,20,3,16,1.1,5.8,0.2,5.8,556.5,440.7,502.4,0.0,0.0,Normal (<10%),29.4,4,0.7,17,19.5,21.8121,80.1843
2026-02-10 14:00:00,BAL_DEEP_LEVEL_3,Shift_2_Evening,553.9,7.5,19.0,20,4,14,1.1,6.6,0.26,0.6,553.3,505.9,497.7,56.2,10.15,Alert (10-25%),29.7,4,0.53,14,18.2,21.8064,80.1876
2026-02-10 22:00:00,BAL_NORTH_PIT,Shift_3_Night,587.0,8.0,17.0,18,4,14,1.9,5.6,0.16,0.0,575.3,433.4,563.7,23.3,3.97,Normal (<10%),30.1,5,0.62,15,19.1,21.8121,80.1843
2026-02-11 06:00:00,BAL_SOUTH_PIT,Shift_1_Morning,581.8,8.0,19.0,20,3,16,1.0,5.8,0.34,7.3,436.0,548.7,530.1,51.7,8.89,Normal (<10%),28.1,3,0.86,17,19.3,21.8005,80.1901
2026-02-11 14:00:00,BAL_NORTH_PIT,Shift_2_Evening,563.9,8.0,23.0,24,3,14,1.4,4.3,0.17,0.8,493.3,360.5,279.3,284.6,50.47,Critical (>25%),30.2,3,0.62,17,19.0,21.8121,80.1843
2026-02-11 22:00:00,BAL_DEEP_LEVEL_3,Shift_3_Night,577.6,7.5,20.0,22,4,14,3.4,14.6,0.28,10.6,436.3,551.4,513.4,64.2,11.11,Alert (10-25%),31.5,4,0.59,15,21.1,21.8064,80.1876
2026-02-12 06:00:00,BAL_DEEP_LEVEL_3,Shift_1_Morning,439.8,8.0,17.0,18,3,16,0.8,3.9,0.19,1.9,521.0,524.7,385.5,54.3,12.35,Alert (10-25%),29.1,4,0.33,19,21.1,21.8064,80.1876
2026-02-12 14:00:00,BAL_DEEP_LEVEL_3,Shift_2_Evening,456.8,7.5,23.0,26,3,14,0.7,8.4,0.24,3.5,514.0,470.6,425.4,31.4,6.87,Normal (<10%),29.5,4,1.21,14,19.9,21.8064,80.1876
2026-02-12 22:00:00,BAL_SOUTH_PIT,Shift_3_Night,457.8,7.5,16.0,18,3,12,0.0,3.1,0.22,5.2,455.0,413.7,402.7,55.1,12.04,Alert (10-25%),31.3,3,0.16,13,19.4,21.8005,80.1901
2026-02-13 06:00:00,BAL_SOUTH_PIT,Shift_1_Morning,475.4,8.0,17.0,18,3,13,1.4,3.2,0.2,0.0,428.4,547.1,459.2,16.2,3.41,Normal (<10%),31.3,4,1.22,16,19.6,21.8005,80.1901
2026-02-13 14:00:00,UKWA_EXTENSION,Shift_2_Evening,478.7,7.5,25.0,26,4,12,0.0,3.6,0.18,3.1,376.6,563.5,439.0,39.7,8.29,Normal (<10%),29.6,4,1.01,12,19.0,21.7932,80.2015
2026-02-13 22:00:00,BAL_DEEP_LEVEL_3,Shift_3_Night,508.9,7.5,24.0,26,3,12,1.1,14.5,0.27,11.7,395.9,354.1,254.8,254.1,49.93,Critical (>25%),24.6,3,0.55,13,20.1,21.8064,80.1876
2026-02-14 06:00:00,BAL_NORTH_PIT,Shift_1_Morning,432.0,7.5,24.0,26,4,16,2.4,11.2,0.25,14.2,456.0,536.2,404.6,27.4,6.34,Normal (<10%),29.4,4,0.71,19,21.3,21.8121,80.1843
2026-02-14 14:00:00,BAL_SOUTH_PIT,Shift_2_Evening,538.2,8.0,21.0,22,4,16,1.2,9.1,0.26,6.3,506.4,557.9,502.6,35.6,6.61,Normal (<10%),25.4,6,0.08,17,19.0,21.8005,80.1901
2026-02-14 22:00:00,BAL_DEEP_LEVEL_3,Shift_3_Night,433.5,7.5,25.0,26,4,12,0.5,8.4,0.27,0.0,367.4,477.4,248.2,185.3,42.75,Critical (>25%),30.9,6,0.94,15,22.0,21.8064,80.1876
2026-02-15 06:00:00,BAL_DEEP_LEVEL_3,Shift_1_Morning,462.1,8.0,24.0,26,3,14,2.3,5.1,0.27,6.8,363.8,463.5,439.9,22.2,4.8,Normal (<10%),29.2,3,0.73,14,19.4,21.8064,80.1876
2026-02-15 14:00:00,BAL_SOUTH_PIT,Shift_2_Evening,500.7,8.0,18.0,20,3,14,0.5,4.7,0.25,0.0,515.0,383.9,500.7,0.0,0.0,Normal (<10%),30.6,4,0.98,17,21.4,21.8005,80.1901
2026-02-15 22:00:00,UKWA_EXTENSION,Shift_3_Night,559.3,8.0,17.0,18,3,11,2.0,8.7,0.25,2.4,443.3,481.3,297.4,261.9,46.83,Critical (>25%),27.5,4,0.33,12,21.3,21.7932,80.2015
2026-02-16 06:00:00,BAL_SOUTH_PIT,Shift_1_Morning,547.9,7.5,26.0,26,3,12,1.4,7.7,0.23,2.6,451.5,471.5,506.1,41.8,7.63,Normal (<10%),26.7,4,0.61,13,20.6,21.8005,80.1901
2026-02-16 14:00:00,BAL_SOUTH_PIT,Shift_2_Evening,529.1,8.0,24.0,26,3,12,0.3,2.4,0.14,0.7,539.7,430.7,511.9,17.2,3.25,Normal (<10%),30.4,3,0.0,12,19.8,21.8005,80.1901
2026-02-16 22:00:00,BAL_NORTH_PIT,Shift_3_Night,431.2,7.5,21.0,22,4,15,3.5,14.7,0.28,16.3,479.2,516.5,365.9,65.3,15.14,Alert (10-25%),28.1,6,1.12,15,18.5,21.8121,80.1843
2026-02-17 06:00:00,BAL_NORTH_PIT,Shift_1_Morning,509.4,7.5,26.0,26,3,14,0.3,6.5,0.29,7.6,365.1,584.2,475.3,34.1,6.69,Normal (<10%),28.0,3,0.0,14,19.6,21.8121,80.1843
2026-02-17 14:00:00,UKWA_EXTENSION,Shift_2_Evening,417.5,7.5,20.0,22,3,16,6.8,31.3,0.32,15.4,434.7,414.0,374.6,42.9,10.28,Alert (10-25%),26.7,3,0.83,18,23.7,21.7932,80.2015
2026-02-17 22:00:00,BAL_DEEP_LEVEL_3,Shift_3_Night,475.5,7.5,26.0,26,3,15,0.0,3.5,0.18,9.9,448.5,505.0,394.9,80.6,16.95,Alert (10-25%),33.8,3,0.75,16,20.2,21.8064,80.1876
2026-02-18 06:00:00,BAL_SOUTH_PIT,Shift_1_Morning,482.7,8.0,21.0,24,4,12,0.5,8.0,0.31,10.6,414.4,541.1,466.7,16.0,3.31,Normal (<10%),29.8,6,0.86,12,22.2,21.8005,80.1901
2026-02-18 14:00:00,UKWA_EXTENSION,Shift_2_Evening,408.0,8.0,22.0,24,3,12,0.3,6.4,0.31,6.3,436.4,446.9,379.6,28.4,6.96,Normal (<10%),30.2,4,0.86,13,22.3,21.7932,80.2015
2026-02-18 22:00:00,BAL_NORTH_PIT,Shift_3_Night,454.8,7.5,19.0,20,4,16,0.0,1.9,0.17,0.0,488.0,396.0,397.1,57.7,12.69,Alert (10-25%),31.1,5,0.63,16,19.4,21.8121,80.1843
2026-02-19 06:00:00,BAL_SOUTH_PIT,Shift_1_Morning,591.1,8.0,18.0,20,4,14,2.0,5.8,0.36,0.0,372.1,390.7,273.9,317.2,53.66,Critical (>25%),30.6,6,1.07,16,21.1,21.8005,80.1901
2026-02-19 14:00:00,BAL_DEEP_LEVEL_3,Shift_2_Evening,590.7,8.0,21.0,22,3,12,1.8,5.9,0.25,4.0,531.6,534.8,571.3,19.4,3.28,Normal (<10%),28.7,5,0.66,12,18.9,21.8064,80.1876
2026-02-19 22:00:00,BAL_NORTH_PIT,Shift_3_Night,470.5,8.0,23.0,24,2,14,2.4,11.9,0.31,16.2,365.3,508.5,387.6,82.9,17.62,Alert (10-25%),25.1,4,1.19,15,20.5,21.8121,80.1843
2026-02-20 06:00:00,BAL_NORTH_PIT,Shift_1_Morning,408.6,7.5,21.0,22,4,12,0.4,5.4,0.21,10.2,473.5,507.4,379.5,29.1,7.12,Normal (<10%),29.0,6,0.51,13,19.6,21.8121,80.1843
2026-02-20 14:00:00,BAL_NORTH_PIT,Shift_2_Evening,435.8,8.0,22.0,24,3,12,0.9,9.1,0.26,1.2,439.7,335.8,240.2,195.6,44.88,Critical (>25%),29.9,5,0.45,13,19.9,21.8121,80.1843
2026-02-20 22:00:00,UKWA_EXTENSION,Shift_3_Night,478.4,7.5,25.0,26,4,14,1.6,7.0,0.26,0.0,519.1,362.4,415.8,62.6,13.09,Alert (10-25%),27.4,6,0.96,14,19.1,21.7932,80.2015
2026-02-21 06:00:00,BAL_DEEP_LEVEL_3,Shift_1_Morning,589.6,8.0,19.0,20,4,16,0.9,7.0,0.19,3.8,406.7,400.9,234.2,355.4,60.28,Critical (>25%),29.0,5,0.64,16,20.0,21.8064,80.1876
2026-02-21 14:00:00,BAL_SOUTH_PIT,Shift_2_Evening,428.2,7.5,25.0,26,3,16,1.8,8.6,0.33,6.4,302.3,309.5,210.2,218.0,50.91,Critical (>25%),27.3,3,0.48,17,22.6,21.8005,80.1901
2026-02-21 22:00:00,UKWA_EXTENSION,Shift_3_Night,552.7,7.5,20.0,22,4,15,1.5,5.2,0.22,0.0,349.7,337.7,215.2,337.5,61.06,Critical (>25%),31.5,4,0.21,16,21.0,21.7932,80.2015
2026-02-22 06:00:00,UKWA_EXTENSION,Shift_1_Morning,421.7,7.5,22.0,24,3,16,0.2,2.5,0.19,0.0,486.4,334.9,381.4,40.3,9.56,Normal (<10%),30.8,4,1.27,17,19.4,21.7932,80.2015
2026-02-22 14:00:00,UKWA_EXTENSION,Shift_2_Evening,596.3,8.0,21.0,22,4,16,2.3,5.5,0.17,14.2,557.9,565.1,594.0,2.3,0.39,Normal (<10%),30.5,4,0.45,17,20.8,21.7932,80.2015
2026-02-22 22:00:00,BAL_NORTH_PIT,Shift_3_Night,476.3,7.5,21.0,22,4,14,1.9,9.1,0.27,4.2,375.4,428.5,384.1,92.2,19.36,Alert (10-25%),29.6,5,0.77,15,20.9,21.8121,80.1843
2026-02-23 06:00:00,BAL_DEEP_LEVEL_3,Shift_1_Morning,555.0,8.0,23.0,24,4,12,1.6,13.2,0.28,7.3,442.3,606.8,533.2,21.8,3.93,Normal (<10%),28.2,6,1.06,15,21.6,21.8064,80.1876
2026-02-23 14:00:00,UKWA_EXTENSION,Shift_2_Evening,468.5,7.5,19.0,20,3,12,0.3,6.0,0.18,18.1,492.3,459.1,415.7,52.8,11.27,Alert (10-25%),29.7,4,1.0,12,19.3,21.7932,80.2015
2026-02-23 22:00:00,BAL_SOUTH_PIT,Shift_3_Night,525.5,8.0,23.0,24,4,12,0.5,4.4,0.23,1.2,538.6,411.1,492.5,33.0,6.28,Normal (<10%),27.5,5,0.87,12,19.4,21.8005,80.1901
2026-02-24 06:00:00,BAL_DEEP_LEVEL_3,Shift_1_Morning,438.4,7.5,18.0,20,4,16,0.7,5.5,0.25,0.0,453.8,581.0,402.5,35.9,8.19,Normal (<10%),25.8,4,0.53,19,21.7,21.8064,80.1876
2026-02-24 14:00:00,BAL_SOUTH_PIT,Shift_2_Evening,429.2,8.0,24.0,26,3,14,0.5,5.5,0.21,0.1,382.2,434.9,396.8,32.4,7.55,Normal (<10%),29.5,3,0.62,17,20.9,21.8005,80.1901
2026-02-24 22:00:00,BAL_DEEP_LEVEL_3,Shift_3_Night,587.6,7.5,20.0,22,2,12,0.4,8.4,0.26,7.1,521.9,475.5,269.8,317.8,54.08,Critical (>25%),29.3,4,0.45,12,19.3,21.8064,80.1876
2026-02-25 06:00:00,BAL_SOUTH_PIT,Shift_1_Morning,583.5,7.5,23.0,26,4,13,2.5,12.5,0.26,6.0,402.7,443.8,533.5,50.0,8.57,Normal (<10%),30.3,5,0.16,14,19.9,21.8005,80.1901
2026-02-25 14:00:00,BAL_NORTH_PIT,Shift_2_Evening,577.5,7.5,19.0,20,3,14,1.5,7.2,0.23,4.1,467.1,410.7,517.4,60.1,10.41,Alert (10-25%),31.4,3,0.38,15,20.5,21.8121,80.1843
2026-02-25 22:00:00,UKWA_EXTENSION,Shift_3_Night,525.1,8.0,24.0,26,3,16,1.3,9.3,0.2,6.0,454.0,388.9,201.5,323.6,61.63,Critical (>25%),31.4,5,0.94,19,21.4,21.7932,80.2015
2026-02-26 06:00:00,BAL_SOUTH_PIT,Shift_1_Morning,561.7,7.5,17.0,18,4,12,0.4,3.2,0.23,17.9,462.6,445.4,506.9,54.8,9.76,Normal (<10%),27.9,4,0.57,13,19.7,21.8005,80.1901
2026-02-26 14:00:00,BAL_DEEP_LEVEL_3,Shift_2_Evening,413.8,7.5,18.0,20,3,12,3.8,22.5,0.21,18.6,488.1,471.6,363.6,50.2,12.13,Alert (10-25%),27.4,5,1.03,14,20.3,21.8064,80.1876
2026-02-26 22:00:00,UKWA_EXTENSION,Shift_3_Night,467.0,7.5,19.0,20,3,12,0.3,6.2,0.3,0.0,462.7,391.9,378.4,88.6,18.97,Alert (10-25%),29.4,4,0.87,12,21.4,21.7932,80.2015
2026-02-27 06:00:00,UKWA_EXTENSION,Shift_1_Morning,462.7,7.5,22.0,24,4,15,2.4,9.1,0.3,5.2,464.3,490.3,439.4,23.3,5.04,Normal (<10%),32.3,5,0.33,15,21.4,21.7932,80.2015
2026-02-27 14:00:00,BAL_DEEP_LEVEL_3,Shift_2_Evening,527.1,8.0,19.0,20,3,12,5.1,23.5,0.27,19.7,504.7,502.1,492.6,34.5,6.55,Normal (<10%),29.7,3,0.43,13,19.4,21.8064,80.1876
2026-02-27 22:00:00,BAL_SOUTH_PIT,Shift_3_Night,471.2,7.5,25.0,26,3,16,1.9,12.8,0.19,13.9,444.4,462.9,408.6,62.6,13.29,Alert (10-25%),30.5,3,0.0,16,21.2,21.8005,80.1901
2026-02-28 06:00:00,BAL_NORTH_PIT,Shift_1_Morning,429.7,7.5,21.0,22,4,12,7.4,17.6,0.35,3.7,512.6,373.3,386.5,43.2,10.05,Alert (10-25%),26.9,5,0.82,12,20.9,21.8121,80.1843
2026-02-28 14:00:00,BAL_NORTH_PIT,Shift_2_Evening,519.3,8.0,21.0,22,3,15,1.6,6.5,0.22,0.0,405.8,579.0,442.4,76.9,14.81,Alert (10-25%),27.8,5,0.44,15,19.9,21.8121,80.1843
2026-02-28 22:00:00,BAL_SOUTH_PIT,Shift_3_Night,562.9,8.0,22.0,24,3,16,0.4,3.3,0.22,4.5,398.3,443.4,534.0,28.9,5.13,Normal (<10%),30.6,3,0.5,19,21.9,21.8005,80.1901
2026-03-01 06:00:00,UKWA_EXTENSION,Shift_1_Morning,476.4,8.0,17.0,18,4,11,0.3,4.0,0.22,0.0,459.2,444.9,476.4,0.0,0.0,Normal (<10%),30.7,4,0.0,11,21.2,21.7932,80.2015
2026-03-01 14:00:00,UKWA_EXTENSION,Shift_2_Evening,426.5,7.5,25.0,26,3,14,0.6,6.0,0.16,0.1,446.4,414.7,405.5,21.0,4.92,Normal (<10%),32.2,4,0.58,14,20.3,21.7932,80.2015
2026-03-01 22:00:00,UKWA_EXTENSION,Shift_3_Night,439.3,8.0,17.0,18,3,14,0.0,3.4,0.26,3.2,431.1,533.4,408.2,31.1,7.08,Normal (<10%),32.0,3,0.67,17,21.2,21.7932,80.2015
2026-03-02 06:00:00,UKWA_EXTENSION,Shift_1_Morning,447.5,8.0,17.0,18,4,14,1.7,7.3,0.26,8.8,524.0,522.5,447.5,0.0,0.0,Normal (<10%),34.2,6,1.07,17,19.8,21.7932,80.2015
2026-03-02 14:00:00,BAL_SOUTH_PIT,Shift_2_Evening,460.0,8.0,20.0,20,4,14,0.5,4.5,0.22,1.8,447.3,575.0,456.5,3.5,0.76,Normal (<10%),31.8,4,0.0,15,18.0,21.8005,80.1901
2026-03-02 22:00:00,UKWA_EXTENSION,Shift_3_Night,528.6,7.5,21.0,22,3,16,2.5,11.7,0.15,0.0,420.9,377.4,447.4,81.2,15.36,Alert (10-25%),28.5,3,0.2,17,20.9,21.7932,80.2015
2026-03-03 06:00:00,BAL_DEEP_LEVEL_3,Shift_1_Morning,520.2,7.5,18.0,20,4,13,0.7,1.6,0.23,0.0,409.3,511.7,456.8,63.4,12.19,Alert (10-25%),33.2,4,0.0,15,21.6,21.8064,80.1876
2026-03-03 14:00:00,UKWA_EXTENSION,Shift_2_Evening,539.2,7.5,25.0,26,3,16,1.0,6.9,0.25,0.0,394.1,507.3,474.2,65.0,12.05,Alert (10-25%),30.9,4,0.19,16,19.1,21.7932,80.2015
2026-03-03 22:00:00,BAL_NORTH_PIT,Shift_3_Night,472.5,8.0,18.0,18,3,15,5.1,27.5,0.33,21.1,481.1,475.6,413.1,59.4,12.57,Alert (10-25%),29.9,5,1.1,15,21.4,21.8121,80.1843
2026-03-04 06:00:00,UKWA_EXTENSION,Shift_1_Morning,564.8,7.5,22.0,24,3,13,0.4,4.5,0.27,13.3,414.9,572.3,508.5,56.3,9.97,Normal (<10%),31.9,3,0.57,14,19.7,21.7932,80.2015
2026-03-04 14:00:00,BAL_SOUTH_PIT,Shift_2_Evening,440.8,8.0,22.0,24,4,12,1.9,9.8,0.31,8.0,404.9,370.9,415.9,24.9,5.65,Normal (<10%),30.9,4,0.53,13,20.3,21.8005,80.1901
2026-03-04 22:00:00,BAL_NORTH_PIT,Shift_3_Night,493.8,8.0,17.0,18,3,13,2.1,6.9,0.25,6.8,429.5,425.1,453.6,40.2,8.14,Normal (<10%),33.1,5,1.18,13,21.0,21.8121,80.1843
2026-03-05 06:00:00,BAL_SOUTH_PIT,Shift_1_Morning,560.2,8.0,17.0,18,4,15,0.4,4.9,0.15,7.3,583.4,529.3,549.1,11.1,1.98,Normal (<10%),30.4,4,0.4,15,19.4,21.8005,80.1901
2026-03-05 14:00:00,BAL_SOUTH_PIT,Shift_2_Evening,436.0,7.5,17.0,18,3,14,1.0,8.1,0.18,12.1,454.3,370.6,408.1,27.9,6.4,Normal (<10%),31.5,5,0.92,17,20.5,21.8005,80.1901
2026-03-05 22:00:00,BAL_NORTH_PIT,Shift_3_Night,422.0,8.0,23.0,24,4,16,0.6,7.8,0.2,2.3,495.1,345.6,394.5,27.5,6.52,Normal (<10%),33.2,6,0.68,17,22.7,21.8121,80.1843
2026-03-06 06:00:00,BAL_SOUTH_PIT,Shift_1_Morning,576.7,8.0,22.0,24,3,12,2.2,11.8,0.25,7.6,535.0,617.3,555.6,21.1,3.66,Normal (<10%),30.6,3,0.27,14,19.6,21.8005,80.1901
2026-03-06 14:00:00,BAL_SOUTH_PIT,Shift_2_Evening,468.6,7.5,20.0,20,3,12,1.5,9.5,0.29,11.1,489.1,381.3,406.2,62.4,13.32,Alert (10-25%),29.1,3,0.0,13,21.3,21.8005,80.1901
2026-03-06 22:00:00,UKWA_EXTENSION,Shift_3_Night,536.8,8.0,23.0,24,4,12,1.0,4.0,0.24,0.0,517.5,447.9,480.8,56.0,10.43,Alert (10-25%),33.2,5,0.45,13,19.0,21.7932,80.2015
2026-03-07 06:00:00,BAL_DEEP_LEVEL_3,Shift_1_Morning,405.1,8.0,20.0,20,4,16,2.3,10.7,0.25,0.0,451.1,466.7,262.4,142.7,35.23,Critical (>25%),33.3,4,0.43,17,20.4,21.8064,80.1876
2026-03-07 14:00:00,BAL_SOUTH_PIT,Shift_2_Evening,538.0,8.0,24.0,26,3,12,0.4,8.0,0.27,3.0,531.0,444.5,277.1,260.9,48.49,Critical (>25%),31.7,4,0.66,13,20.6,21.8005,80.1901
2026-03-07 22:00:00,BAL_SOUTH_PIT,Shift_3_Night,463.2,7.5,18.0,18,4,11,2.1,4.4,0.18,9.2,386.6,486.6,376.4,86.8,18.74,Alert (10-25%),29.6,4,1.32,12,20.6,21.8005,80.1901
2026-03-08 06:00:00,BAL_SOUTH_PIT,Shift_1_Morning,411.1,8.0,24.0,26,3,14,3.0,10.4,0.28,7.6,337.7,405.7,404.5,6.6,1.61,Normal (<10%),32.5,4,0.3,17,21.2,21.8005,80.1901
2026-03-08 14:00:00,UKWA_EXTENSION,Shift_2_Evening,522.0,7.5,23.0,24,4,14,3.2,13.2,0.28,6.5,444.8,368.4,195.8,326.2,62.49,Critical (>25%),28.8,4,0.36,16,20.9,21.7932,80.2015
2026-03-08 22:00:00,BAL_DEEP_LEVEL_3,Shift_3_Night,448.2,7.5,21.0,22,4,16,2.3,12.9,0.29,13.7,457.6,386.5,377.4,70.8,15.8,Alert (10-25%),31.7,5,0.27,17,20.6,21.8064,80.1876
2026-03-09 06:00:00,BAL_NORTH_PIT,Shift_1_Morning,477.4,8.0,21.0,22,4,14,0.8,11.2,0.3,10.2,433.1,477.8,477.4,0.0,0.0,Normal (<10%),30.0,6,0.88,14,19.4,21.8121,80.1843
2026-03-09 14:00:00,UKWA_EXTENSION,Shift_2_Evening,416.1,8.0,22.0,24,3,16,6.0,15.5,0.28,6.4,430.9,519.9,400.6,15.5,3.73,Normal (<10%),29.3,3,0.3,17,21.6,21.7932,80.2015
2026-03-09 22:00:00,UKWA_EXTENSION,Shift_3_Night,429.4,8.0,20.0,22,3,12,0.7,6.6,0.13,3.5,507.0,445.2,404.7,24.7,5.75,Normal (<10%),32.0,4,0.95,15,20.7,21.7932,80.2015
2026-03-10 06:00:00,BAL_DEEP_LEVEL_3,Shift_1_Morning,459.6,8.0,24.0,26,3,13,1.5,5.4,0.19,0.0,413.6,565.4,459.6,0.0,0.0,Normal (<10%),32.2,4,0.57,13,19.9,21.8064,80.1876
2026-03-10 14:00:00,BAL_DEEP_LEVEL_3,Shift_2_Evening,418.0,7.5,17.0,20,4,14,0.3,2.8,0.25,2.6,337.5,503.7,362.2,55.8,13.35,Alert (10-25%),31.3,6,0.94,15,20.0,21.8064,80.1876
2026-03-10 22:00:00,UKWA_EXTENSION,Shift_3_Night,582.2,7.5,21.0,22,4,14,5.9,18.3,0.26,15.4,340.5,488.6,296.6,285.6,49.06,Critical (>25%),31.9,4,0.27,14,20.5,21.7932,80.2015
2026-03-11 06:00:00,BAL_NORTH_PIT,Shift_1_Morning,401.2,8.0,24.0,26,3,16,1.8,6.5,0.2,0.0,400.5,352.8,383.5,17.7,4.41,Normal (<10%),31.6,3,0.0,16,20.8,21.8121,80.1843
2026-03-11 14:00:00,UKWA_EXTENSION,Shift_2_Evening,496.8,7.5,19.0,20,4,12,2.1,4.6,0.23,0.0,469.6,496.7,289.5,207.3,41.73,Critical (>25%),33.7,4,0.2,13,21.1,21.7932,80.2015
2026-03-11 22:00:00,BAL_DEEP_LEVEL_3,Shift_3_Night,424.6,8.0,20.0,22,3,15,0.1,4.7,0.28,11.5,400.7,460.1,383.7,40.9,9.63,Normal (<10%),32.4,4,0.59,15,21.4,21.8064,80.1876
2026-03-12 06:00:00,BAL_NORTH_PIT,Shift_1_Morning,461.5,8.0,24.0,26,4,16,2.2,7.9,0.26,3.6,448.6,481.1,449.1,12.4,2.69,Normal (<10%),30.8,6,1.02,17,20.8,21.8121,80.1843
2026-03-12 14:00:00,BAL_DEEP_LEVEL_3,Shift_2_Evening,585.2,8.0,21.0,22,4,14,2.2,5.5,0.31,12.0,587.8,430.9,585.2,0.0,0.0,Normal (<10%),30.4,4,0.57,15,21.9,21.8064,80.1876
2026-03-12 22:00:00,BAL_NORTH_PIT,Shift_3_Night,432.3,8.0,24.0,26,4,16,1.7,6.3,0.25,0.0,526.6,353.9,406.1,26.2,6.06,Normal (<10%),29.5,4,0.33,18,20.3,21.8121,80.1843
2026-03-13 06:00:00,BAL_SOUTH_PIT,Shift_1_Morning,593.2,7.5,25.0,26,4,12,0.5,2.4,0.23,0.0,464.2,519.4,531.6,61.6,10.38,Alert (10-25%),32.9,5,0.62,15,20.5,21.8005,80.1901
2026-03-13 14:00:00,BAL_DEEP_LEVEL_3,Shift_2_Evening,441.2,7.5,23.0,24,3,15,1.0,6.7,0.22,5.6,338.9,462.9,220.1,221.1,50.11,Critical (>25%),31.6,4,0.18,16,21.3,21.8064,80.1876
2026-03-13 22:00:00,BAL_DEEP_LEVEL_3,Shift_3_Night,548.3,8.0,17.0,18,3,14,0.2,5.4,0.15,2.0,489.7,344.7,242.1,306.2,55.85,Critical (>25%),29.1,3,0.56,14,20.1,21.8064,80.1876
2026-03-14 06:00:00,UKWA_EXTENSION,Shift_1_Morning,509.3,8.0,23.0,24,4,14,1.0,5.2,0.23,9.8,519.0,408.2,504.7,4.6,0.9,Normal (<10%),31.4,4,0.19,15,19.8,21.7932,80.2015
2026-03-14 14:00:00,BAL_DEEP_LEVEL_3,Shift_2_Evening,576.9,7.5,23.0,24,3,11,0.4,8.5,0.24,5.1,538.5,481.4,514.8,62.1,10.76,Alert (10-25%),30.5,5,1.22,14,20.1,21.8064,80.1876
2026-03-14 22:00:00,BAL_DEEP_LEVEL_3,Shift_3_Night,510.8,7.5,21.0,22,3,15,0.6,4.9,0.26,6.8,468.6,573.4,433.8,77.0,15.07,Alert (10-25%),34.4,5,1.39,16,20.1,21.8064,80.1876
2026-03-15 06:00:00,BAL_SOUTH_PIT,Shift_1_Morning,506.9,7.5,24.0,24,3,16,0.3,4.4,0.24,0.0,397.6,349.4,456.4,50.5,9.96,Normal (<10%),29.7,4,0.64,17,19.4,21.8005,80.1901
2026-03-15 14:00:00,BAL_DEEP_LEVEL_3,Shift_2_Evening,439.1,8.0,23.0,24,3,16,0.4,4.5,0.24,4.3,550.1,333.1,412.9,26.2,5.97,Normal (<10%),30.0,4,0.39,18,22.2,21.8064,80.1876
2026-03-15 22:00:00,BAL_SOUTH_PIT,Shift_3_Night,433.2,7.5,21.0,22,4,15,0.1,3.1,0.27,0.5,383.7,484.9,375.2,58.0,13.39,Alert (10-25%),33.8,4,0.39,16,21.0,21.8005,80.1901
2026-03-16 06:00:00,BAL_SOUTH_PIT,Shift_1_Morning,583.3,8.0,24.0,26,4,16,3.8,9.8,0.24,1.5,537.1,526.6,580.7,2.6,0.45,Normal (<10%),33.8,4,0.5,16,19.3,21.8005,80.1901
2026-03-16 14:00:00,BAL_SOUTH_PIT,Shift_2_Evening,465.6,8.0,17.0,18,3,16,1.1,5.5,0.27,6.0,504.6,498.1,417.2,48.4,10.4,Alert (10-25%),30.8,3,0.31,17,19.3,21.8005,80.1901
2026-03-16 22:00:00,BAL_SOUTH_PIT,Shift_3_Night,474.4,7.5,21.0,22,3,12,0.8,10.7,0.32,13.9,512.1,406.1,405.0,69.4,14.63,Alert (10-25%),30.3,3,0.23,14,20.6,21.8005,80.1901
2026-03-17 06:00:00,BAL_NORTH_PIT,Shift_1_Morning,552.0,8.0,21.0,22,3,12,1.1,5.9,0.2,1.0,453.7,442.1,535.1,16.9,3.06,Normal (<10%),33.3,3,0.57,13,19.4,21.8121,80.1843
2026-03-17 14:00:00,UKWA_EXTENSION,Shift_2_Evening,467.8,7.5,25.0,26,3,16,1.5,13.1,0.25,10.8,541.6,550.3,438.0,29.8,6.37,Normal (<10%),28.0,3,0.55,16,20.1,21.7932,80.2015
2026-03-17 22:00:00,BAL_NORTH_PIT,Shift_3_Night,590.4,8.0,17.0,18,4,16,3.8,11.0,0.22,6.3,392.3,428.1,337.7,252.7,42.8,Critical (>25%),29.0,4,0.3,17,21.5,21.8121,80.1843
2026-03-18 06:00:00,BAL_DEEP_LEVEL_3,Shift_1_Morning,547.6,8.0,23.0,24,3,16,0.3,4.1,0.15,3.3,421.7,509.3,531.3,16.3,2.98,Normal (<10%),32.4,5,0.5,17,18.6,21.8064,80.1876
2026-03-18 14:00:00,BAL_NORTH_PIT,Shift_2_Evening,519.5,8.0,20.0,20,4,14,0.5,5.1,0.32,7.6,464.3,441.1,519.5,0.0,0.0,Normal (<10%),34.0,4,0.54,17,23.7,21.8121,80.1843
2026-03-18 22:00:00,BAL_NORTH_PIT,Shift_3_Night,576.2,8.0,24.0,24,3,14,5.6,14.8,0.43,17.1,411.1,373.4,299.7,276.5,47.99,Critical (>25%),29.6,4,0.47,17,21.7,21.8121,80.1843
2026-03-19 06:00:00,BAL_DEEP_LEVEL_3,Shift_1_Morning,409.9,8.0,26.0,26,3,16,0.7,7.2,0.25,11.0,392.5,505.0,395.9,14.0,3.42,Normal (<10%),32.1,3,0.46,18,19.3,21.8064,80.1876
2026-03-19 14:00:00,BAL_DEEP_LEVEL_3,Shift_2_Evening,451.4,8.0,16.0,18,4,14,0.0,3.2,0.2,0.0,386.1,498.0,404.2,47.2,10.46,Alert (10-25%),34.2,4,0.45,16,21.9,21.8064,80.1876
2026-03-19 22:00:00,BAL_DEEP_LEVEL_3,Shift_3_Night,493.0,7.5,21.0,22,4,16,0.2,6.4,0.32,0.0,454.9,528.1,419.5,73.5,14.91,Alert (10-25%),34.7,6,0.43,17,22.0,21.8064,80.1876
2026-03-20 06:00:00,BAL_NORTH_PIT,Shift_1_Morning,445.4,7.5,17.0,18,4,16,0.0,5.0,0.26,0.0,426.6,402.3,435.5,9.9,2.22,Normal (<10%),31.2,5,0.72,16,19.7,21.8121,80.1843
2026-03-20 14:00:00,BAL_NORTH_PIT,Shift_2_Evening,548.8,8.0,25.0,26,3,16,6.9,24.1,0.28,19.2,512.3,425.5,548.8,0.0,0.0,Normal (<10%),30.4,5,1.19,17,21.9,21.8121,80.1843
2026-03-20 22:00:00,BAL_DEEP_LEVEL_3,Shift_3_Night,583.8,7.5,16.0,18,3,16,0.5,6.9,0.19,2.0,571.0,603.8,512.3,71.5,12.25,Alert (10-25%),35.0,3,0.59,17,20.4,21.8064,80.1876
2026-03-21 06:00:00,UKWA_EXTENSION,Shift_1_Morning,484.8,8.0,25.0,26,3,15,3.9,13.1,0.31,14.0,382.9,357.2,210.9,273.9,56.5,Critical (>25%),28.8,3,0.44,16,21.2,21.7932,80.2015
2026-03-21 14:00:00,UKWA_EXTENSION,Shift_2_Evening,468.4,7.5,17.0,18,3,16,8.2,30.5,0.37,15.2,440.4,354.3,243.6,224.8,47.99,Critical (>25%),30.9,3,0.0,16,20.8,21.7932,80.2015
2026-03-21 22:00:00,BAL_SOUTH_PIT,Shift_3_Night,592.3,7.5,17.0,18,4,14,1.4,6.3,0.29,6.4,547.5,590.1,495.4,96.9,16.36,Alert (10-25%),30.2,5,1.08,14,17.6,21.8005,80.1901
2026-03-22 06:00:00,BAL_DEEP_LEVEL_3,Shift_1_Morning,489.0,8.0,17.0,18,3,12,0.1,6.3,0.27,0.0,409.4,573.7,489.0,0.0,0.0,Normal (<10%),32.0,3,0.52,12,19.2,21.8064,80.1876
2026-03-22 14:00:00,BAL_SOUTH_PIT,Shift_2_Evening,497.8,7.5,18.0,20,3,16,0.1,3.4,0.16,4.8,298.9,485.0,237.5,260.3,52.29,Critical (>25%),32.4,3,0.04,16,21.0,21.8005,80.1901
2026-03-22 22:00:00,UKWA_EXTENSION,Shift_3_Night,470.3,8.0,21.0,22,3,14,1.0,7.6,0.2,7.0,399.5,463.0,427.6,42.7,9.08,Normal (<10%),30.8,3,0.16,16,22.3,21.7932,80.2015
2026-03-23 06:00:00,BAL_SOUTH_PIT,Shift_1_Morning,581.9,7.5,18.0,20,3,14,0.8,4.7,0.18,0.0,533.4,467.8,524.0,57.9,9.95,Normal (<10%),31.1,4,0.77,16,19.9,21.8005,80.1901
2026-03-23 14:00:00,BAL_DEEP_LEVEL_3,Shift_2_Evening,513.8,8.0,18.0,18,3,15,1.4,6.9,0.25,5.6,412.7,528.4,494.6,19.2,3.74,Normal (<10%),32.4,4,0.9,17,19.8,21.8064,80.1876
2026-03-23 22:00:00,BAL_DEEP_LEVEL_3,Shift_3_Night,552.4,7.5,20.0,22,3,13,0.9,4.9,0.22,13.6,572.6,528.7,473.2,79.2,14.34,Alert (10-25%),33.8,4,0.55,14,20.3,21.8064,80.1876
2026-03-24 06:00:00,BAL_DEEP_LEVEL_3,Shift_1_Morning,562.4,8.0,22.0,24,4,15,4.1,20.4,0.28,17.0,497.5,457.5,536.3,26.1,4.64,Normal (<10%),30.5,6,1.25,15,21.3,21.8064,80.1876
2026-03-24 14:00:00,BAL_NORTH_PIT,Shift_2_Evening,468.4,7.5,17.0,18,3,14,1.1,5.4,0.21,18.4,362.9,339.4,259.4,209.0,44.62,Critical (>25%),32.4,5,0.46,17,21.4,21.8121,80.1843
2026-03-24 22:00:00,BAL_SOUTH_PIT,Shift_3_Night,486.7,8.0,17.0,18,3,14,1.8,5.5,0.26,4.4,402.5,527.9,452.0,34.7,7.13,Normal (<10%),32.9,5,0.69,17,18.6,21.8005,80.1901
2026-03-25 06:00:00,UKWA_EXTENSION,Shift_1_Morning,569.7,7.5,19.0,22,4,16,3.4,13.8,0.26,12.1,585.3,511.8,513.6,56.1,9.85,Normal (<10%),29.9,4,0.0,18,24.3,21.7932,80.2015
2026-03-25 14:00:00,UKWA_EXTENSION,Shift_2_Evening,472.7,8.0,23.0,24,4,12,0.2,1.9,0.18,0.0,404.9,399.4,464.8,7.9,1.67,Normal (<10%),33.9,6,0.73,13,20.7,21.7932,80.2015
2026-03-25 22:00:00,UKWA_EXTENSION,Shift_3_Night,558.8,7.5,16.0,18,4,16,0.4,5.6,0.16,5.0,504.5,371.9,491.2,67.6,12.1,Alert (10-25%),33.8,4,0.85,16,19.1,21.7932,80.2015
2026-03-26 06:00:00,BAL_NORTH_PIT,Shift_1_Morning,588.2,8.0,18.0,18,4,11,0.2,10.1,0.21,1.9,551.5,404.9,544.2,44.0,7.48,Normal (<10%),35.8,4,1.02,14,20.3,21.8121,80.1843
2026-03-26 14:00:00,BAL_NORTH_PIT,Shift_2_Evening,524.6,7.5,24.0,26,3,14,0.2,19.3,0.35,17.4,486.6,414.7,462.7,61.9,11.8,Alert (10-25%),29.8,3,0.47,14,22.2,21.8121,80.1843
2026-03-26 22:00:00,BAL_DEEP_LEVEL_3,Shift_3_Night,548.3,8.0,18.0,20,3,10,1.1,6.5,0.2,0.3,530.0,511.1,437.6,110.7,20.19,Alert (10-25%),31.6,3,0.21,12,20.9,21.8064,80.1876
2026-03-27 06:00:00,UKWA_EXTENSION,Shift_1_Morning,561.0,8.0,20.0,22,4,16,0.6,9.2,0.34,14.5,410.4,424.5,260.7,300.3,53.53,Critical (>25%),32.4,6,0.93,19,21.9,21.7932,80.2015
2026-03-27 14:00:00,BAL_NORTH_PIT,Shift_2_Evening,569.0,8.0,20.0,20,3,16,0.8,6.8,0.27,0.0,439.0,361.0,271.2,297.8,52.34,Critical (>25%),33.1,4,0.84,19,21.7,21.8121,80.1843
2026-03-27 22:00:00,BAL_DEEP_LEVEL_3,Shift_3_Night,479.0,8.0,18.0,18,3,14,6.1,15.0,0.23,8.5,428.5,388.3,445.4,33.6,7.01,Normal (<10%),30.6,5,0.53,15,20.6,21.8064,80.1876
2026-03-28 06:00:00,UKWA_EXTENSION,Shift_1_Morning,410.3,7.5,18.0,20,4,12,0.3,3.5,0.19,1.1,414.0,456.6,378.5,31.8,7.75,Normal (<10%),32.0,6,0.83,14,20.6,21.7932,80.2015
2026-03-28 14:00:00,BAL_SOUTH_PIT,Shift_2_Evening,480.4,7.5,22.0,24,4,16,1.2,5.2,0.12,0.0,483.2,384.8,452.5,27.9,5.81,Normal (<10%),33.7,4,0.83,18,20.6,21.8005,80.1901
2026-03-28 22:00:00,BAL_DEEP_LEVEL_3,Shift_3_Night,534.8,7.5,18.0,18,3,14,0.2,7.4,0.22,6.1,563.8,492.2,442.1,92.7,17.33,Alert (10-25%),30.8,4,0.39,17,21.3,21.8064,80.1876
2026-03-29 06:00:00,BAL_NORTH_PIT,Shift_1_Morning,490.1,8.0,19.0,22,3,11,0.6,11.5,0.35,5.0,444.7,422.3,212.8,277.3,56.58,Critical (>25%),30.4,4,0.48,11,21.1,21.8121,80.1843
2026-03-29 14:00:00,BAL_NORTH_PIT,Shift_2_Evening,549.8,8.0,24.0,26,4,14,1.1,5.7,0.31,10.8,579.9,480.4,519.2,30.6,5.57,Normal (<10%),31.8,4,0.4,15,22.0,21.8121,80.1843
2026-03-29 22:00:00,BAL_DEEP_LEVEL_3,Shift_3_Night,471.4,8.0,17.0,18,2,16,4.4,10.4,0.33,2.9,384.6,443.1,377.7,93.7,19.88,Alert (10-25%),32.7,3,0.78,18,19.8,21.8064,80.1876
2026-03-30 06:00:00,BAL_DEEP_LEVEL_3,Shift_1_Morning,526.9,8.0,20.0,22,4,14,0.7,6.4,0.26,6.4,513.0,430.7,512.5,14.4,2.73,Normal (<10%),31.0,5,0.51,14,19.1,21.8064,80.1876
2026-03-30 14:00:00,BAL_NORTH_PIT,Shift_2_Evening,437.3,8.0,22.0,24,4,14,0.1,1.9,0.2,0.8,439.5,450.7,411.9,25.4,5.81,Normal (<10%),29.9,6,1.02,14,19.3,21.8121,80.1843
2026-03-30 22:00:00,BAL_SOUTH_PIT,Shift_3_Night,549.9,7.5,23.0,26,3,16,0.7,4.1,0.23,1.7,555.6,564.1,466.4,83.5,15.18,Alert (10-25%),29.4,4,0.88,16,18.9,21.8005,80.1901
2026-03-31 06:00:00,UKWA_EXTENSION,Shift_1_Morning,509.1,7.5,16.0,18,2,15,0.2,2.5,0.24,2.1,558.2,522.1,437.7,71.4,14.02,Alert (10-25%),30.5,3,1.29,15,19.2,21.7932,80.2015
2026-03-31 14:00:00,BAL_SOUTH_PIT,Shift_2_Evening,440.8,7.5,19.0,20,4,13,0.4,3.2,0.22,5.7,394.2,485.5,403.9,36.9,8.37,Normal (<10%),30.5,6,0.96,15,21.6,21.8005,80.1901
2026-03-31 22:00:00,BAL_DEEP_LEVEL_3,Shift_3_Night,458.4,8.0,19.0,20,3,12,1.4,9.3,0.21,0.0,437.4,444.3,402.4,56.0,12.22,Alert (10-25%),31.8,3,0.39,15,20.9,21.8064,80.1876
2026-04-01 06:00:00,BAL_SOUTH_PIT,Shift_1_Morning,549.7,8.0,16.0,18,3,12,0.1,5.3,0.22,3.8,515.8,475.5,506.2,43.5,7.91,Normal (<10%),33.5,4,1.16,12,17.8,21.8005,80.1901
2026-04-01 14:00:00,BAL_NORTH_PIT,Shift_2_Evening,496.5,8.0,21.0,22,3,15,0.9,7.6,0.17,0.9,532.1,518.1,461.9,34.6,6.97,Normal (<10%),34.3,3,0.24,15,19.1,21.8121,80.1843
2026-04-01 22:00:00,BAL_DEEP_LEVEL_3,Shift_3_Night,443.2,8.0,23.0,24,4,13,1.4,3.8,0.25,0.0,374.3,511.2,404.5,38.7,8.73,Normal (<10%),34.0,4,0.0,16,21.0,21.8064,80.1876
2026-04-02 06:00:00,UKWA_EXTENSION,Shift_1_Morning,593.5,8.0,19.0,22,4,16,0.8,4.4,0.18,4.2,457.5,438.8,321.8,271.7,45.78,Critical (>25%),34.9,5,0.78,17,19.8,21.7932,80.2015
2026-04-02 14:00:00,BAL_NORTH_PIT,Shift_2_Evening,543.0,8.0,20.0,22,3,12,0.0,3.1,0.24,7.6,514.9,564.1,517.6,25.4,4.68,Normal (<10%),37.3,3,0.72,12,20.2,21.8121,80.1843
2026-04-02 22:00:00,BAL_NORTH_PIT,Shift_3_Night,591.4,8.0,18.0,20,4,16,6.4,17.6,0.23,19.5,555.0,541.6,537.1,54.3,9.18,Normal (<10%),35.2,6,1.11,17,21.3,21.8121,80.1843
2026-04-03 06:00:00,UKWA_EXTENSION,Shift_1_Morning,485.4,7.5,18.0,18,3,14,0.7,5.5,0.22,0.8,393.2,516.4,279.1,206.3,42.5,Critical (>25%),35.3,3,0.37,17,20.7,21.7932,80.2015
2026-04-03 14:00:00,UKWA_EXTENSION,Shift_2_Evening,495.0,7.5,25.0,26,4,16,2.3,11.0,0.27,0.0,359.6,488.9,436.0,59.0,11.92,Alert (10-25%),33.8,4,0.0,16,19.1,21.7932,80.2015
2026-04-03 22:00:00,BAL_SOUTH_PIT,Shift_3_Night,579.6,8.0,19.0,20,3,9,0.6,5.1,0.22,3.8,490.7,386.7,515.1,64.5,11.13,Alert (10-25%),34.6,3,0.38,10,19.6,21.8005,80.1901
2026-04-04 06:00:00,BAL_DEEP_LEVEL_3,Shift_1_Morning,505.0,8.0,18.0,20,4,14,1.0,8.5,0.27,0.0,496.7,541.5,474.0,31.0,6.14,Normal (<10%),35.2,4,0.77,15,19.9,21.8064,80.1876
2026-04-04 14:00:00,UKWA_EXTENSION,Shift_2_Evening,541.5,8.0,16.0,18,4,12,0.7,5.9,0.25,6.1,422.2,408.7,534.4,7.1,1.31,Normal (<10%),35.9,6,0.63,14,20.4,21.7932,80.2015
2026-04-04 22:00:00,UKWA_EXTENSION,Shift_3_Night,450.4,7.5,24.0,26,3,14,0.6,7.1,0.21,0.2,445.3,480.4,382.0,68.4,15.19,Alert (10-25%),33.8,3,0.33,15,20.8,21.7932,80.2015
2026-04-05 06:00:00,BAL_DEEP_LEVEL_3,Shift_1_Morning,489.3,7.5,26.0,26,4,12,0.0,1.3,0.18,2.6,404.2,465.2,436.6,52.7,10.77,Alert (10-25%),35.9,5,0.58,15,20.8,21.8064,80.1876
2026-04-05 14:00:00,UKWA_EXTENSION,Shift_2_Evening,424.7,8.0,21.0,22,4,11,0.7,2.1,0.18,0.0,481.0,349.5,171.2,253.5,59.69,Critical (>25%),32.7,6,0.79,13,20.8,21.7932,80.2015
2026-04-05 22:00:00,UKWA_EXTENSION,Shift_3_Night,441.2,7.5,19.0,20,3,14,3.3,10.1,0.21,0.9,415.8,384.0,386.1,55.1,12.49,Alert (10-25%),35.2,3,0.47,14,19.5,21.7932,80.2015
2026-04-06 06:00:00,BAL_SOUTH_PIT,Shift_1_Morning,400.2,7.5,21.0,22,3,16,1.8,12.1,0.37,2.4,554.9,516.4,378.5,21.7,5.42,Normal (<10%),35.0,4,0.83,17,22.9,21.8005,80.1901
2026-04-06 14:00:00,BAL_NORTH_PIT,Shift_2_Evening,407.9,7.5,25.0,26,3,13,0.2,4.2,0.19,4.8,538.8,514.4,356.5,51.4,12.6,Alert (10-25%),35.1,3,0.53,14,20.5,21.8121,80.1843
2026-04-06 22:00:00,BAL_NORTH_PIT,Shift_3_Night,595.5,8.0,18.0,18,4,12,1.3,6.2,0.29,0.0,558.1,482.5,552.4,43.1,7.24,Normal (<10%),37.5,4,0.11,12,20.2,21.8121,80.1843
2026-04-07 06:00:00,BAL_NORTH_PIT,Shift_1_Morning,448.5,7.5,19.0,22,4,14,3.3,10.0,0.26,9.4,580.2,451.6,414.5,34.0,7.58,Normal (<10%),33.3,5,0.21,14,20.8,21.8121,80.1843
2026-04-07 14:00:00,BAL_NORTH_PIT,Shift_2_Evening,532.7,7.5,17.0,18,4,14,1.8,11.5,0.24,16.6,521.0,428.1,450.8,81.9,15.37,Alert (10-25%),35.0,6,1.08,14,19.5,21.8121,80.1843
2026-04-07 22:00:00,UKWA_EXTENSION,Shift_3_Night,567.8,8.0,21.0,22,4,15,0.2,4.2,0.23,11.2,421.8,419.8,210.6,357.2,62.91,Critical (>25%),35.2,5,0.55,17,18.3,21.7932,80.2015
2026-04-08 06:00:00,BAL_DEEP_LEVEL_3,Shift_1_Morning,510.1,8.0,17.0,18,3,12,3.0,10.6,0.27,0.0,520.0,539.7,485.5,24.6,4.82,Normal (<10%),34.4,3,0.95,14,20.4,21.8064,80.1876
2026-04-08 14:00:00,BAL_DEEP_LEVEL_3,Shift_2_Evening,430.6,7.5,17.0,18,3,12,0.5,2.6,0.13,0.0,325.0,407.6,235.0,195.6,45.42,Critical (>25%),35.8,3,0.97,14,20.5,21.8064,80.1876
2026-04-08 22:00:00,BAL_SOUTH_PIT,Shift_3_Night,545.6,8.0,19.0,20,3,16,0.9,8.4,0.24,8.0,374.3,499.6,492.3,53.3,9.77,Normal (<10%),35.0,5,1.6,16,20.0,21.8005,80.1901
2026-04-09 06:00:00,BAL_SOUTH_PIT,Shift_1_Morning,520.1,7.5,17.0,18,3,14,1.1,5.6,0.23,0.0,530.6,468.0,479.2,40.9,7.86,Normal (<10%),36.4,5,0.72,14,19.6,21.8005,80.1901
2026-04-09 14:00:00,UKWA_EXTENSION,Shift_2_Evening,546.3,7.5,24.0,26,3,10,2.9,11.0,0.24,10.4,472.6,467.4,482.8,63.5,11.62,Alert (10-25%),36.7,5,1.17,10,19.3,21.7932,80.2015
2026-04-09 22:00:00,BAL_DEEP_LEVEL_3,Shift_3_Night,553.9,8.0,17.0,18,2,12,4.0,15.9,0.17,2.0,536.5,432.2,469.1,84.8,15.31,Alert (10-25%),34.7,2,0.66,12,18.0,21.8064,80.1876
2026-04-10 06:00:00,BAL_DEEP_LEVEL_3,Shift_1_Morning,595.1,8.0,17.0,18,3,16,4.0,17.2,0.27,11.1,517.6,494.0,558.4,36.7,6.17,Normal (<10%),35.2,4,0.93,16,22.1,21.8064,80.1876
2026-04-10 14:00:00,BAL_NORTH_PIT,Shift_2_Evening,514.7,7.5,23.0,24,2,11,0.0,2.1,0.29,6.1,503.2,523.3,422.0,92.7,18.01,Alert (10-25%),34.0,2,0.29,12,20.1,21.8121,80.1843
2026-04-10 22:00:00,UKWA_EXTENSION,Shift_3_Night,468.3,8.0,19.0,20,3,12,3.8,19.4,0.32,5.2,413.8,393.0,405.2,63.1,13.47,Alert (10-25%),34.7,3,0.78,15,21.9,21.7932,80.2015
2026-04-11 06:00:00,UKWA_EXTENSION,Shift_1_Morning,529.7,8.0,18.0,20,3,12,0.1,3.8,0.17,1.9,479.6,492.9,240.2,289.5,54.65,Critical (>25%),34.5,3,0.4,12,18.6,21.7932,80.2015
2026-04-11 14:00:00,BAL_NORTH_PIT,Shift_2_Evening,413.7,7.5,19.0,20,2,15,0.5,3.7,0.26,1.8,513.6,501.5,342.5,71.2,17.21,Alert (10-25%),36.8,2,0.44,18,22.2,21.8121,80.1843
2026-04-11 22:00:00,UKWA_EXTENSION,Shift_3_Night,579.5,7.5,19.0,20,4,14,1.1,6.9,0.18,7.6,421.7,402.7,514.2,65.3,11.27,Alert (10-25%),38.7,5,0.24,16,21.2,21.7932,80.2015
2026-04-12 06:00:00,UKWA_EXTENSION,Shift_1_Morning,423.9,7.5,18.0,20,3,14,1.0,13.9,0.28,5.9,432.1,462.2,392.6,31.3,7.38,Normal (<10%),34.0,3,0.59,14,19.5,21.7932,80.2015
2026-04-12 14:00:00,BAL_SOUTH_PIT,Shift_2_Evening,465.6,7.5,21.0,24,4,12,1.4,7.0,0.25,0.0,515.0,508.6,440.3,25.3,5.43,Normal (<10%),31.7,5,0.62,12,21.1,21.8005,80.1901
2026-04-12 22:00:00,BAL_DEEP_LEVEL_3,Shift_3_Night,563.1,7.5,17.0,18,3,15,1.0,10.9,0.24,0.0,430.9,445.1,452.5,110.6,19.64,Alert (10-25%),33.9,3,0.54,16,20.3,21.8064,80.1876
2026-04-13 06:00:00,UKWA_EXTENSION,Shift_1_Morning,519.5,7.5,20.0,22,1,12,4.1,14.4,0.32,16.2,433.2,556.9,386.5,133.0,25.6,Critical (>25%),35.8,3,1.07,15,21.4,21.7932,80.2015
2026-04-13 14:00:00,BAL_SOUTH_PIT,Shift_2_Evening,478.7,8.0,17.0,18,4,14,0.4,3.2,0.25,6.3,462.3,473.2,198.8,279.9,58.47,Critical (>25%),36.1,4,0.45,16,20.2,21.8005,80.1901
2026-04-13 22:00:00,BAL_DEEP_LEVEL_3,Shift_3_Night,494.7,8.0,18.0,20,4,16,0.5,5.8,0.19,3.7,498.7,387.1,468.1,26.6,5.38,Normal (<10%),35.8,4,0.39,19,19.9,21.8064,80.1876
2026-04-14 06:00:00,BAL_NORTH_PIT,Shift_1_Morning,570.9,7.5,24.0,26,3,14,3.8,11.8,0.24,7.6,558.8,465.0,524.3,46.6,8.16,Normal (<10%),36.1,3,0.64,14,18.8,21.8121,80.1843
2026-04-14 14:00:00,BAL_SOUTH_PIT,Shift_2_Evening,468.0,8.0,23.0,24,4,14,0.1,3.4,0.17,4.4,423.9,501.0,466.7,1.3,0.28,Normal (<10%),36.4,6,0.94,17,21.2,21.8005,80.1901
2026-04-14 22:00:00,BAL_SOUTH_PIT,Shift_3_Night,573.9,8.0,21.0,22,3,13,1.4,5.9,0.2,8.8,489.7,493.2,305.4,268.5,46.79,Critical (>25%),37.2,3,0.0,16,20.5,21.8005,80.1901
2026-04-15 06:00:00,BAL_DEEP_LEVEL_3,Shift_1_Morning,417.6,7.5,18.0,20,4,16,1.7,11.3,0.29,0.0,370.4,523.2,389.1,28.5,6.82,Normal (<10%),35.7,5,0.87,17,21.4,21.8064,80.1876
2026-04-15 14:00:00,BAL_NORTH_PIT,Shift_2_Evening,555.4,8.0,21.0,22,3,16,1.1,6.9,0.23,0.0,540.4,613.3,527.8,27.6,4.97,Normal (<10%),37.4,5,0.76,16,20.1,21.8121,80.1843
2026-04-15 22:00:00,BAL_SOUTH_PIT,Shift_3_Night,569.5,8.0,23.0,24,4,12,1.8,7.8,0.29,0.0,552.8,549.6,507.0,62.5,10.97,Alert (10-25%),35.2,4,0.0,12,20.8,21.8005,80.1901
2026-04-16 06:00:00,UKWA_EXTENSION,Shift_1_Morning,436.4,7.5,19.0,20,1,15,0.3,3.8,0.14,0.8,357.5,492.1,331.2,105.2,24.11,Alert (10-25%),37.2,2,0.39,15,17.0,21.7932,80.2015
2026-04-16 14:00:00,UKWA_EXTENSION,Shift_2_Evening,486.1,8.0,23.0,24,4,12,2.9,7.4,0.25,5.8,474.7,405.7,445.0,41.1,8.46,Normal (<10%),34.4,4,0.48,14,19.9,21.7932,80.2015
2026-04-16 22:00:00,UKWA_EXTENSION,Shift_3_Night,433.1,8.0,22.0,24,4,16,0.2,2.5,0.25,6.7,530.2,475.3,408.2,24.9,5.75,Normal (<10%),34.4,4,0.37,16,20.2,21.7932,80.2015
2026-04-17 06:00:00,BAL_NORTH_PIT,Shift_1_Morning,541.3,7.5,17.0,18,3,16,0.8,6.7,0.24,0.0,563.5,488.1,518.5,22.8,4.21,Normal (<10%),37.6,3,0.0,17,19.0,21.8121,80.1843
2026-04-17 14:00:00,BAL_SOUTH_PIT,Shift_2_Evening,507.1,8.0,19.0,20,4,14,0.1,1.8,0.14,0.0,476.8,340.5,321.6,185.5,36.58,Critical (>25%),36.3,5,0.58,14,19.3,21.8005,80.1901
2026-04-17 22:00:00,UKWA_EXTENSION,Shift_3_Night,527.1,8.0,18.0,20,3,10,1.2,17.0,0.23,12.0,417.5,409.2,429.0,98.1,18.61,Alert (10-25%),35.5,5,1.35,13,20.2,21.7932,80.2015
2026-04-18 06:00:00,BAL_NORTH_PIT,Shift_1_Morning,439.3,8.0,24.0,26,3,12,1.7,5.0,0.27,4.6,539.6,453.1,439.3,0.0,0.0,Normal (<10%),35.2,3,0.26,14,20.7,21.8121,80.1843
2026-04-18 14:00:00,UKWA_EXTENSION,Shift_2_Evening,442.3,7.5,17.0,18,4,15,4.3,18.4,0.27,11.3,435.0,334.9,240.1,202.2,45.72,Critical (>25%),33.0,4,0.35,15,22.3,21.7932,80.2015
2026-04-18 22:00:00,BAL_DEEP_LEVEL_3,Shift_3_Night,408.3,7.5,19.0,20,3,12,2.0,9.9,0.21,1.0,476.7,425.4,162.3,246.0,60.25,Critical (>25%),35.0,4,1.01,13,21.0,21.8064,80.1876
2026-04-19 06:00:00,BAL_SOUTH_PIT,Shift_1_Morning,464.4,8.0,19.0,20,2,16,1.2,5.1,0.21,0.0,319.3,361.6,191.2,273.2,58.83,Critical (>25%),37.5,2,0.64,16,17.7,21.8005,80.1901
2026-04-19 14:00:00,BAL_SOUTH_PIT,Shift_2_Evening,511.9,8.0,20.0,22,3,14,4.0,13.4,0.25,8.2,533.6,405.5,477.9,34.0,6.64,Normal (<10%),35.3,4,1.01,14,21.2,21.8005,80.1901
2026-04-19 22:00:00,BAL_NORTH_PIT,Shift_3_Night,571.6,7.5,24.0,26,4,11,1.0,8.4,0.3,0.0,373.3,418.0,256.1,315.5,55.2,Critical (>25%),32.0,5,0.0,14,23.3,21.8121,80.1843
2026-04-20 06:00:00,BAL_NORTH_PIT,Shift_1_Morning,533.4,7.5,22.0,24,4,12,1.2,5.8,0.14,0.0,492.9,517.5,493.8,39.6,7.42,Normal (<10%),35.4,4,0.92,14,22.8,21.8121,80.1843
2026-04-20 14:00:00,BAL_SOUTH_PIT,Shift_2_Evening,487.1,8.0,25.0,26,3,12,1.4,4.1,0.25,0.0,431.6,547.6,471.9,15.2,3.12,Normal (<10%),37.8,5,1.19,14,21.0,21.8005,80.1901
2026-04-20 22:00:00,UKWA_EXTENSION,Shift_3_Night,590.6,7.5,16.0,18,4,12,0.8,5.1,0.3,5.9,579.1,520.8,495.8,94.8,16.05,Alert (10-25%),34.5,4,1.14,13,19.1,21.7932,80.2015
2026-04-21 06:00:00,UKWA_EXTENSION,Shift_1_Morning,543.8,8.0,24.0,26,4,12,2.7,11.6,0.31,3.2,470.3,480.0,542.6,1.2,0.22,Normal (<10%),31.5,5,0.47,12,21.0,21.7932,80.2015
2026-04-21 14:00:00,BAL_DEEP_LEVEL_3,Shift_2_Evening,586.0,8.0,26.0,26,3,14,0.3,2.7,0.33,0.0,462.0,416.9,576.7,9.3,1.59,Normal (<10%),37.6,3,0.0,14,21.7,21.8064,80.1876
2026-04-21 22:00:00,UKWA_EXTENSION,Shift_3_Night,505.5,7.5,25.0,26,3,15,1.2,5.1,0.2,0.8,451.9,541.2,422.1,83.4,16.5,Alert (10-25%),36.4,4,0.7,17,20.1,21.7932,80.2015
2026-04-22 06:00:00,BAL_NORTH_PIT,Shift_1_Morning,451.8,7.5,20.0,22,3,14,1.9,6.9,0.28,8.4,526.9,368.5,417.4,34.4,7.61,Normal (<10%),34.7,4,0.62,14,21.1,21.8121,80.1843
2026-04-22 14:00:00,BAL_NORTH_PIT,Shift_2_Evening,410.6,8.0,17.0,18,2,13,3.5,17.2,0.28,11.4,448.8,531.8,356.4,54.2,13.2,Alert (10-25%),33.4,2,0.6,13,19.9,21.8121,80.1843
2026-04-22 22:00:00,UKWA_EXTENSION,Shift_3_Night,545.2,8.0,23.0,24,3,14,3.2,19.2,0.27,18.3,545.7,546.9,504.4,40.8,7.48,Normal (<10%),35.5,3,0.72,14,21.1,21.7932,80.2015
2026-04-23 06:00:00,BAL_NORTH_PIT,Shift_1_Morning,424.3,7.5,16.0,18,3,14,1.1,6.1,0.12,8.8,513.4,432.0,380.7,43.6,10.28,Alert (10-25%),35.0,5,0.97,15,17.0,21.8121,80.1843
2026-04-23 14:00:00,BAL_SOUTH_PIT,Shift_2_Evening,460.6,8.0,23.0,24,3,16,1.5,4.8,0.2,0.0,427.0,479.5,454.4,6.2,1.35,Normal (<10%),37.1,4,0.63,18,19.3,21.8005,80.1901
2026-04-23 22:00:00,BAL_SOUTH_PIT,Shift_3_Night,506.5,7.5,19.0,22,4,14,0.8,8.9,0.3,6.6,568.7,518.8,437.9,68.6,13.54,Alert (10-25%),35.3,4,0.56,14,20.3,21.8005,80.1901
2026-04-24 06:00:00,UKWA_EXTENSION,Shift_1_Morning,512.9,7.5,17.0,18,3,12,0.9,9.9,0.16,12.1,385.9,433.3,318.6,194.3,37.88,Critical (>25%),35.6,3,0.32,15,20.4,21.7932,80.2015
2026-04-24 14:00:00,BAL_SOUTH_PIT,Shift_2_Evening,520.1,7.5,21.0,22,3,16,3.6,16.2,0.39,8.4,409.3,449.7,246.8,273.3,52.55,Critical (>25%),33.6,3,0.3,16,20.0,21.8005,80.1901
2026-04-24 22:00:00,BAL_SOUTH_PIT,Shift_3_Night,433.3,7.5,20.0,22,4,13,4.0,13.3,0.29,10.1,452.9,539.1,373.3,60.0,13.85,Alert (10-25%),33.9,6,1.31,15,20.8,21.8005,80.1901
2026-04-25 06:00:00,BAL_DEEP_LEVEL_3,Shift_1_Morning,475.9,7.5,19.0,20,3,12,3.4,11.5,0.2,3.2,418.6,497.0,443.7,32.2,6.77,Normal (<10%),36.4,5,1.38,12,20.2,21.8064,80.1876
2026-04-25 14:00:00,BAL_DEEP_LEVEL_3,Shift_2_Evening,523.4,8.0,25.0,26,3,16,0.2,3.4,0.23,1.1,581.0,568.3,493.0,30.4,5.81,Normal (<10%),34.0,3,0.73,17,19.9,21.8064,80.1876
2026-04-25 22:00:00,BAL_SOUTH_PIT,Shift_3_Night,594.0,7.5,22.0,24,3,12,2.8,13.5,0.3,7.7,524.9,474.0,494.1,99.9,16.82,Alert (10-25%),31.7,3,0.35,12,20.7,21.8005,80.1901
2026-04-26 06:00:00,UKWA_EXTENSION,Shift_1_Morning,545.5,7.5,18.0,20,3,13,4.4,19.0,0.27,15.8,454.8,458.7,264.0,281.5,51.6,Critical (>25%),34.8,3,0.0,15,22.3,21.7932,80.2015
2026-04-26 14:00:00,BAL_DEEP_LEVEL_3,Shift_2_Evening,584.5,7.5,20.0,22,4,14,0.7,7.4,0.21,3.0,426.3,502.7,304.9,279.6,47.84,Critical (>25%),36.1,4,0.36,15,19.8,21.8064,80.1876
2026-04-26 22:00:00,BAL_NORTH_PIT,Shift_3_Night,552.4,7.5,21.0,22,3,12,1.1,6.0,0.33,5.1,415.7,405.1,481.7,70.7,12.8,Alert (10-25%),35.3,4,0.47,12,21.7,21.8121,80.1843
2026-04-27 06:00:00,BAL_NORTH_PIT,Shift_1_Morning,518.3,7.5,18.0,20,4,14,2.3,5.4,0.21,5.5,578.5,434.4,497.1,21.2,4.09,Normal (<10%),35.9,5,0.66,14,18.6,21.8121,80.1843
2026-04-27 14:00:00,BAL_NORTH_PIT,Shift_2_Evening,438.4,7.5,24.0,24,4,12,1.2,5.5,0.22,0.0,461.8,527.3,388.4,50.0,11.41,Alert (10-25%),34.8,6,0.8,12,21.6,21.8121,80.1843
2026-04-27 22:00:00,UKWA_EXTENSION,Shift_3_Night,533.3,7.5,25.0,26,3,14,7.6,31.7,0.42,19.1,461.1,436.8,469.0,64.3,12.06,Alert (10-25%),33.1,3,0.49,15,23.9,21.7932,80.2015
2026-04-28 06:00:00,BAL_SOUTH_PIT,Shift_1_Morning,524.7,8.0,17.0,18,2,16,0.9,4.6,0.22,5.4,456.5,492.3,450.2,74.5,14.2,Alert (10-25%),35.2,2,0.09,16,19.2,21.8005,80.1901
2026-04-28 14:00:00,BAL_NORTH_PIT,Shift_2_Evening,520.5,8.0,24.0,26,3,14,1.9,10.9,0.29,16.5,446.3,378.3,275.4,245.1,47.09,Critical (>25%),33.7,3,0.02,15,20.5,21.8121,80.1843
2026-04-28 22:00:00,UKWA_EXTENSION,Shift_3_Night,498.0,8.0,24.0,26,3,16,2.4,12.2,0.24,1.8,478.1,420.0,432.5,65.5,13.15,Alert (10-25%),34.1,3,0.77,19,21.6,21.7932,80.2015
2026-04-29 06:00:00,BAL_DEEP_LEVEL_3,Shift_1_Morning,505.7,8.0,19.0,20,3,16,1.0,11.7,0.22,10.4,574.3,533.8,476.3,29.4,5.81,Normal (<10%),37.8,4,0.41,17,21.0,21.8064,80.1876
2026-04-29 14:00:00,BAL_SOUTH_PIT,Shift_2_Evening,466.9,7.5,18.0,20,4,12,2.9,15.0,0.29,16.1,379.3,428.4,421.1,45.8,9.81,Normal (<10%),31.5,4,0.4,12,21.7,21.8005,80.1901
2026-04-29 22:00:00,BAL_DEEP_LEVEL_3,Shift_3_Night,503.9,8.0,20.0,20,3,14,1.2,16.5,0.23,11.5,380.8,458.1,241.0,262.9,52.17,Critical (>25%),35.0,4,0.99,15,19.4,21.8064,80.1876
2026-04-30 06:00:00,UKWA_EXTENSION,Shift_1_Morning,439.5,7.5,23.0,24,4,11,0.8,3.0,0.24,0.0,457.4,387.7,389.6,49.9,11.35,Alert (10-25%),32.8,4,0.67,14,21.3,21.7932,80.2015
2026-04-30 14:00:00,BAL_NORTH_PIT,Shift_2_Evening,561.0,8.0,19.0,20,4,14,0.2,7.7,0.19,4.9,555.8,464.6,554.6,6.4,1.14,Normal (<10%),35.1,5,0.94,14,17.5,21.8121,80.1843
2026-04-30 22:00:00,BAL_NORTH_PIT,Shift_3_Night,437.2,8.0,19.0,20,3,15,0.7,2.8,0.23,0.0,465.1,424.2,401.6,35.6,8.14,Normal (<10%),34.7,3,0.49,15,19.4,21.8121,80.1843
2026-05-01 06:00:00,UKWA_EXTENSION,Shift_1_Morning,417.0,7.5,19.0,20,4,14,2.0,11.7,0.32,5.3,499.3,390.7,377.0,40.0,9.59,Normal (<10%),33.2,4,0.62,14,22.1,21.7932,80.2015
2026-05-01 14:00:00,BAL_NORTH_PIT,Shift_2_Evening,487.2,7.5,21.0,22,4,11,3.8,14.1,0.17,11.3,397.1,400.0,448.7,38.5,7.9,Normal (<10%),37.6,4,0.81,13,19.2,21.8121,80.1843
2026-05-01 22:00:00,BAL_SOUTH_PIT,Shift_3_Night,531.7,8.0,22.0,24,2,12,0.4,6.5,0.21,4.0,406.6,517.9,433.5,98.2,18.47,Alert (10-25%),36.8,3,0.83,14,18.9,21.8005,80.1901
2026-05-02 06:00:00,UKWA_EXTENSION,Shift_1_Morning,487.5,8.0,17.0,18,3,16,0.7,5.0,0.13,4.3,447.5,371.3,241.3,246.2,50.5,Critical (>25%),34.9,4,0.15,16,19.3,21.7932,80.2015
2026-05-02 14:00:00,BAL_DEEP_LEVEL_3,Shift_2_Evening,455.4,8.0,24.0,26,3,16,0.3,5.1,0.21,0.0,465.9,368.1,395.1,60.3,13.24,Alert (10-25%),38.8,4,0.54,19,22.2,21.8064,80.1876
2026-05-02 22:00:00,UKWA_EXTENSION,Shift_3_Night,511.6,8.0,17.0,18,4,12,1.8,5.1,0.24,0.3,432.5,473.4,479.9,31.7,6.2,Normal (<10%),39.5,6,1.21,13,20.5,21.7932,80.2015
2026-05-03 06:00:00,BAL_SOUTH_PIT,Shift_1_Morning,469.4,7.5,24.0,24,3,16,4.8,17.6,0.27,14.8,559.0,545.9,424.4,45.0,9.59,Normal (<10%),38.4,3,0.21,19,20.0,21.8005,80.1901
2026-05-03 14:00:00,BAL_SOUTH_PIT,Shift_2_Evening,586.6,8.0,21.0,22,3,16,1.5,6.0,0.12,0.0,615.5,528.3,581.5,5.1,0.87,Normal (<10%),38.5,3,0.89,19,18.6,21.8005,80.1901
2026-05-03 22:00:00,UKWA_EXTENSION,Shift_3_Night,584.5,8.0,24.0,26,3,12,1.4,13.1,0.31,2.1,586.6,448.3,520.7,63.8,10.92,Alert (10-25%),36.4,3,0.38,15,21.9,21.7932,80.2015
2026-05-04 06:00:00,UKWA_EXTENSION,Shift_1_Morning,500.5,8.0,20.0,20,3,12,1.2,6.3,0.16,2.7,445.9,454.1,487.2,13.3,2.66,Normal (<10%),39.7,3,0.43,12,18.2,21.7932,80.2015
2026-05-04 14:00:00,BAL_NORTH_PIT,Shift_2_Evening,465.6,8.0,22.0,24,3,10,0.1,2.8,0.26,0.0,522.3,362.7,432.5,33.1,7.11,Normal (<10%),39.9,3,0.74,11,20.3,21.8121,80.1843
2026-05-04 22:00:00,BAL_SOUTH_PIT,Shift_3_Night,547.4,8.0,25.0,26,3,11,2.0,12.9,0.23,12.4,413.6,578.8,447.8,99.6,18.2,Alert (10-25%),38.5,3,0.35,11,20.3,21.8005,80.1901
2026-05-05 06:00:00,UKWA_EXTENSION,Shift_1_Morning,407.3,7.5,25.0,26,4,12,1.4,8.2,0.2,0.0,306.6,329.9,213.3,194.0,47.63,Critical (>25%),35.9,5,0.75,15,20.4,21.7932,80.2015
2026-05-05 14:00:00,UKWA_EXTENSION,Shift_2_Evening,495.0,7.5,17.0,18,4,14,1.6,6.0,0.23,3.6,493.8,435.1,457.2,37.8,7.64,Normal (<10%),37.6,4,0.67,14,21.6,21.7932,80.2015
2026-05-05 22:00:00,BAL_SOUTH_PIT,Shift_3_Night,467.3,7.5,25.0,26,2,14,3.4,9.9,0.3,13.5,402.7,440.5,355.7,111.6,23.88,Alert (10-25%),37.3,2,0.0,15,21.4,21.8005,80.1901
2026-05-06 06:00:00,UKWA_EXTENSION,Shift_1_Morning,584.1,7.5,26.0,26,3,11,2.3,5.4,0.32,5.2,575.1,565.9,486.2,97.9,16.76,Alert (10-25%),34.1,3,0.31,12,21.9,21.7932,80.2015
2026-05-06 14:00:00,BAL_NORTH_PIT,Shift_2_Evening,402.4,7.5,17.0,18,4,14,2.3,7.8,0.22,0.0,349.7,369.9,345.1,57.3,14.24,Alert (10-25%),38.0,5,0.95,16,21.5,21.8121,80.1843
2026-05-06 22:00:00,BAL_SOUTH_PIT,Shift_3_Night,510.6,8.0,19.0,22,3,16,3.9,11.7,0.19,19.9,464.0,560.8,481.7,28.9,5.66,Normal (<10%),40.5,4,0.72,18,20.5,21.8005,80.1901
2026-05-07 06:00:00,BAL_NORTH_PIT,Shift_1_Morning,548.1,7.5,21.0,22,3,12,6.9,36.9,0.4,21.9,433.3,426.6,343.7,204.4,37.29,Critical (>25%),34.8,5,1.58,15,23.6,21.8121,80.1843
2026-05-07 14:00:00,BAL_NORTH_PIT,Shift_2_Evening,497.0,7.5,24.0,26,3,16,1.3,9.2,0.18,0.0,532.4,436.7,450.4,46.6,9.38,Normal (<10%),39.6,3,0.0,17,19.7,21.8121,80.1843
2026-05-07 22:00:00,BAL_NORTH_PIT,Shift_3_Night,417.1,8.0,22.0,24,2,12,0.2,6.4,0.27,8.3,403.3,449.3,349.1,68.0,16.3,Alert (10-25%),37.3,2,0.0,14,21.5,21.8121,80.1843
2026-05-08 06:00:00,BAL_NORTH_PIT,Shift_1_Morning,594.5,7.5,23.0,24,3,15,0.9,9.6,0.27,2.4,588.1,584.0,518.6,75.9,12.77,Alert (10-25%),36.7,3,0.63,16,19.9,21.8121,80.1843
2026-05-08 14:00:00,BAL_SOUTH_PIT,Shift_2_Evening,503.6,7.5,24.0,26,2,16,2.3,11.7,0.33,17.2,399.1,515.8,395.1,108.5,21.54,Alert (10-25%),36.9,3,0.96,16,22.4,21.8005,80.1901
2026-05-08 22:00:00,BAL_NORTH_PIT,Shift_3_Night,522.8,7.5,24.0,26,3,16,0.0,5.3,0.28,7.1,419.3,408.7,460.8,62.0,11.86,Alert (10-25%),35.9,3,0.34,19,20.5,21.8121,80.1843
2026-05-09 06:00:00,BAL_NORTH_PIT,Shift_1_Morning,447.3,7.5,24.0,26,3,14,0.1,3.2,0.22,12.8,394.8,501.7,391.3,56.0,12.52,Alert (10-25%),36.2,3,0.52,14,19.7,21.8121,80.1843
2026-05-09 14:00:00,UKWA_EXTENSION,Shift_2_Evening,496.7,8.0,21.0,22,4,14,0.1,1.6,0.21,0.0,318.9,380.0,230.2,266.5,53.65,Critical (>25%),39.7,4,0.62,15,19.5,21.7932,80.2015
2026-05-09 22:00:00,BAL_SOUTH_PIT,Shift_3_Night,485.8,8.0,24.0,26,4,16,2.0,7.1,0.19,11.1,410.8,429.6,450.2,35.6,7.33,Normal (<10%),39.5,4,0.16,16,19.1,21.8005,80.1901
2026-05-10 06:00:00,BAL_SOUTH_PIT,Shift_1_Morning,415.0,7.5,23.0,24,4,16,1.0,9.8,0.2,2.5,468.9,463.7,373.2,41.8,10.07,Alert (10-25%),35.7,4,0.19,17,22.4,21.8005,80.1901
2026-05-10 14:00:00,BAL_DEEP_LEVEL_3,Shift_2_Evening,421.2,8.0,20.0,20,3,16,0.7,7.2,0.23,6.5,377.9,457.8,404.0,17.2,4.08,Normal (<10%),38.7,4,0.76,16,19.4,21.8064,80.1876
2026-05-10 22:00:00,BAL_SOUTH_PIT,Shift_3_Night,567.5,7.5,17.0,18,3,15,0.2,0.5,0.15,1.2,398.6,321.0,213.4,354.1,62.4,Critical (>25%),38.1,4,0.97,15,18.6,21.8005,80.1901
2026-05-11 06:00:00,BAL_SOUTH_PIT,Shift_1_Morning,448.0,8.0,18.0,20,4,15,2.0,10.2,0.24,13.7,563.6,523.6,429.9,18.1,4.04,Normal (<10%),37.4,4,0.05,17,20.2,21.8005,80.1901
2026-05-11 14:00:00,BAL_DEEP_LEVEL_3,Shift_2_Evening,439.0,8.0,22.0,24,4,12,0.6,2.1,0.19,5.4,550.1,490.0,438.2,0.8,0.18,Normal (<10%),38.6,4,0.34,14,20.1,21.8064,80.1876
2026-05-11 22:00:00,BAL_SOUTH_PIT,Shift_3_Night,501.0,8.0,21.0,24,4,16,0.5,4.5,0.25,0.7,400.3,529.0,451.0,50.0,9.98,Normal (<10%),38.8,6,0.93,17,20.1,21.8005,80.1901
2026-05-12 06:00:00,BAL_SOUTH_PIT,Shift_1_Morning,553.7,8.0,25.0,26,3,11,1.6,10.2,0.25,12.2,491.8,650.0,532.6,21.1,3.81,Normal (<10%),37.0,4,0.83,11,19.0,21.8005,80.1901
2026-05-12 14:00:00,BAL_SOUTH_PIT,Shift_2_Evening,412.4,8.0,19.0,20,4,12,1.2,7.8,0.29,4.7,408.0,535.5,411.9,0.5,0.12,Normal (<10%),38.9,5,0.7,12,19.8,21.8005,80.1901
2026-05-12 22:00:00,BAL_SOUTH_PIT,Shift_3_Night,515.4,8.0,18.0,20,4,16,0.7,3.9,0.2,6.1,562.8,536.5,460.0,55.4,10.75,Alert (10-25%),38.1,6,0.84,16,20.0,21.8005,80.1901
2026-05-13 06:00:00,BAL_DEEP_LEVEL_3,Shift_1_Morning,423.8,8.0,22.0,22,3,16,1.5,9.7,0.19,7.9,510.3,371.6,423.8,0.0,0.0,Normal (<10%),38.2,3,0.77,17,21.1,21.8064,80.1876
2026-05-13 14:00:00,BAL_SOUTH_PIT,Shift_2_Evening,407.3,8.0,20.0,22,3,14,0.5,3.3,0.24,1.1,472.6,482.4,374.7,32.6,8.0,Normal (<10%),36.2,3,0.24,17,20.9,21.8005,80.1901
2026-05-13 22:00:00,BAL_SOUTH_PIT,Shift_3_Night,410.5,8.0,21.0,22,4,14,2.4,10.6,0.25,0.4,469.5,511.5,389.6,20.9,5.09,Normal (<10%),40.1,4,0.31,14,20.2,21.8005,80.1901
2026-05-14 06:00:00,BAL_DEEP_LEVEL_3,Shift_1_Morning,566.8,8.0,19.0,20,4,12,0.4,2.9,0.2,3.0,491.8,504.3,543.5,23.3,4.11,Normal (<10%),38.5,4,0.0,12,19.0,21.8064,80.1876
2026-05-14 14:00:00,UKWA_EXTENSION,Shift_2_Evening,423.6,8.0,24.0,26,3,14,0.3,6.7,0.21,1.1,485.6,431.2,397.7,25.9,6.11,Normal (<10%),38.5,3,0.19,15,19.6,21.7932,80.2015
2026-05-14 22:00:00,BAL_NORTH_PIT,Shift_3_Night,409.0,7.5,17.0,18,4,13,2.3,13.7,0.27,3.0,365.1,521.4,340.3,68.7,16.8,Alert (10-25%),34.1,4,0.55,16,20.7,21.8121,80.1843
2026-05-15 06:00:00,UKWA_EXTENSION,Shift_1_Morning,487.6,8.0,19.0,20,4,14,1.8,9.2,0.23,10.3,509.0,474.0,276.2,211.4,43.36,Critical (>25%),35.8,6,1.1,14,18.4,21.7932,80.2015
2026-05-15 14:00:00,BAL_DEEP_LEVEL_3,Shift_2_Evening,568.8,7.5,24.0,26,3,14,0.3,6.9,0.26,1.4,454.6,538.9,534.9,33.9,5.96,Normal (<10%),38.9,4,0.88,14,19.3,21.8064,80.1876
2026-05-15 22:00:00,BAL_NORTH_PIT,Shift_3_Night,452.5,8.0,17.0,18,4,13,0.2,2.0,0.25,0.0,422.2,452.2,408.9,43.6,9.64,Normal (<10%),38.0,5,0.87,14,20.9,21.8121,80.1843
2026-05-16 06:00:00,BAL_DEEP_LEVEL_3,Shift_1_Morning,484.3,7.5,25.0,26,4,13,2.7,11.6,0.24,7.7,444.0,445.4,452.8,31.5,6.5,Normal (<10%),34.0,4,1.03,16,20.9,21.8064,80.1876
2026-05-16 14:00:00,BAL_DEEP_LEVEL_3,Shift_2_Evening,408.0,7.5,25.0,26,3,16,2.2,9.5,0.35,5.6,568.1,513.2,373.6,34.4,8.43,Normal (<10%),37.9,3,0.18,18,21.1,21.8064,80.1876
2026-05-16 22:00:00,BAL_SOUTH_PIT,Shift_3_Night,489.8,7.5,21.0,22,4,14,0.6,4.0,0.19,2.4,453.6,397.2,440.6,49.2,10.04,Alert (10-25%),36.9,5,0.21,15,19.4,21.8005,80.1901
2026-05-17 06:00:00,BAL_NORTH_PIT,Shift_1_Morning,515.5,8.0,18.0,20,3,12,1.6,7.8,0.24,4.9,523.6,524.1,510.7,4.8,0.93,Normal (<10%),39.2,4,0.38,14,22.0,21.8121,80.1843
2026-05-17 14:00:00,BAL_SOUTH_PIT,Shift_2_Evening,514.2,8.0,17.0,18,3,13,0.2,4.3,0.14,0.0,539.9,441.0,512.0,2.2,0.43,Normal (<10%),37.9,4,0.49,13,18.2,21.8005,80.1901
2026-05-17 22:00:00,BAL_NORTH_PIT,Shift_3_Night,466.5,8.0,20.0,22,4,13,1.1,7.6,0.23,3.1,531.3,428.5,414.6,51.9,11.13,Alert (10-25%),37.5,5,0.41,15,20.9,21.8121,80.1843
2026-05-18 06:00:00,BAL_DEEP_LEVEL_3,Shift_1_Morning,463.1,8.0,16.0,18,3,14,0.0,2.6,0.2,6.9,435.8,502.7,457.6,5.5,1.19,Normal (<10%),39.6,3,0.43,14,19.3,21.8064,80.1876
2026-05-18 14:00:00,BAL_DEEP_LEVEL_3,Shift_2_Evening,421.3,7.5,17.0,18,4,13,0.7,11.3,0.25,11.8,412.6,549.6,375.5,45.8,10.87,Alert (10-25%),35.4,5,1.08,13,20.2,21.8064,80.1876
2026-05-18 22:00:00,UKWA_EXTENSION,Shift_3_Night,473.4,8.0,24.0,24,3,12,0.1,2.7,0.26,0.0,494.3,469.5,454.5,18.9,3.99,Normal (<10%),35.9,3,0.86,12,20.0,21.7932,80.2015
2026-05-19 06:00:00,BAL_NORTH_PIT,Shift_1_Morning,419.9,8.0,17.0,18,3,14,1.0,7.0,0.32,7.6,547.2,477.7,398.6,21.3,5.07,Normal (<10%),36.4,3,0.55,15,20.8,21.8121,80.1843
2026-05-19 14:00:00,BAL_SOUTH_PIT,Shift_2_Evening,553.3,8.0,23.0,26,4,12,0.8,3.3,0.27,2.7,504.3,537.6,524.4,28.9,5.22,Normal (<10%),38.6,6,1.64,12,20.6,21.8005,80.1901
2026-05-19 22:00:00,UKWA_EXTENSION,Shift_3_Night,593.3,8.0,18.0,18,3,12,0.9,7.2,0.23,3.2,460.6,434.3,550.9,42.4,7.15,Normal (<10%),35.2,3,0.29,12,19.8,21.7932,80.2015
2026-05-20 06:00:00,UKWA_EXTENSION,Shift_1_Morning,594.0,8.0,20.0,22,4,16,0.1,7.4,0.25,11.2,431.9,542.1,581.2,12.8,2.15,Normal (<10%),34.6,4,0.0,19,22.9,21.7932,80.2015
2026-05-20 14:00:00,UKWA_EXTENSION,Shift_2_Evening,573.0,8.0,23.0,24,4,11,0.7,3.1,0.29,0.0,416.0,539.0,559.9,13.1,2.29,Normal (<10%),38.4,4,0.72,12,20.4,21.7932,80.2015
2026-05-20 22:00:00,BAL_SOUTH_PIT,Shift_3_Night,520.2,8.0,24.0,24,4,12,2.1,11.8,0.21,9.4,472.0,442.0,496.2,24.0,4.61,Normal (<10%),36.1,4,0.0,14,19.1,21.8005,80.1901
2026-05-21 06:00:00,UKWA_EXTENSION,Shift_1_Morning,540.2,8.0,25.0,26,3,14,0.7,3.5,0.26,0.0,506.7,589.8,484.2,56.0,10.37,Alert (10-25%),36.8,3,0.17,15,20.8,21.7932,80.2015
2026-05-21 14:00:00,BAL_SOUTH_PIT,Shift_2_Evening,457.0,7.5,20.0,22,4,12,1.9,10.8,0.21,9.0,412.1,515.4,367.5,89.5,19.58,Alert (10-25%),34.3,4,0.56,13,20.7,21.8005,80.1901
2026-05-21 22:00:00,UKWA_EXTENSION,Shift_3_Night,526.2,7.5,23.0,24,4,16,0.7,5.4,0.28,0.3,469.5,500.2,460.7,65.5,12.45,Alert (10-25%),36.1,4,0.37,17,20.4,21.7932,80.2015
2026-05-22 06:00:00,BAL_SOUTH_PIT,Shift_1_Morning,491.1,8.0,23.0,24,3,12,0.8,6.9,0.23,2.7,460.6,507.2,483.1,8.0,1.63,Normal (<10%),37.3,5,0.94,13,19.9,21.8005,80.1901
2026-05-22 14:00:00,BAL_DEEP_LEVEL_3,Shift_2_Evening,496.4,8.0,21.0,24,3,14,1.2,6.0,0.19,2.5,522.5,439.2,481.3,15.1,3.04,Normal (<10%),39.0,3,0.05,17,18.6,21.8064,80.1876
2026-05-22 22:00:00,BAL_DEEP_LEVEL_3,Shift_3_Night,551.6,8.0,19.0,20,2,16,4.5,24.2,0.29,5.0,422.4,503.3,446.6,105.0,19.04,Alert (10-25%),34.4,4,1.03,18,20.0,21.8064,80.1876
2026-05-23 06:00:00,BAL_DEEP_LEVEL_3,Shift_1_Morning,456.4,8.0,20.0,22,4,16,0.2,1.5,0.18,0.0,451.6,509.2,264.9,191.5,41.96,Critical (>25%),40.5,4,0.7,16,20.8,21.8064,80.1876
2026-05-23 14:00:00,BAL_DEEP_LEVEL_3,Shift_2_Evening,463.6,7.5,23.0,24,3,16,0.1,0.6,0.25,4.6,441.5,475.3,399.1,64.5,13.91,Alert (10-25%),36.6,4,0.71,16,19.0,21.8064,80.1876
2026-05-23 22:00:00,BAL_DEEP_LEVEL_3,Shift_3_Night,584.9,7.5,21.0,22,2,15,1.4,10.8,0.32,7.7,485.8,535.3,445.1,139.8,23.9,Alert (10-25%),35.4,2,0.15,17,22.3,21.8064,80.1876
2026-05-24 06:00:00,UKWA_EXTENSION,Shift_1_Morning,411.2,8.0,24.0,26,3,12,4.5,10.7,0.23,14.4,322.1,421.5,232.3,178.9,43.51,Critical (>25%),39.3,3,0.03,12,18.4,21.7932,80.2015
2026-05-24 14:00:00,UKWA_EXTENSION,Shift_2_Evening,497.1,7.5,21.0,22,4,12,6.9,17.6,0.24,4.9,460.1,467.7,458.6,38.5,7.74,Normal (<10%),36.7,4,0.16,12,19.4,21.7932,80.2015
2026-05-24 22:00:00,UKWA_EXTENSION,Shift_3_Night,582.6,7.5,25.0,26,4,15,1.0,6.9,0.34,8.9,591.3,441.4,501.7,80.9,13.89,Alert (10-25%),35.8,5,0.82,15,21.1,21.7932,80.2015
2026-05-25 06:00:00,BAL_SOUTH_PIT,Shift_1_Morning,522.1,8.0,18.0,20,4,12,0.9,4.2,0.26,5.1,525.9,434.1,495.7,26.4,5.06,Normal (<10%),37.1,6,1.1,13,20.1,21.8005,80.1901
2026-05-25 14:00:00,BAL_SOUTH_PIT,Shift_2_Evening,509.3,8.0,24.0,26,3,16,1.6,20.4,0.26,19.4,554.0,408.7,428.1,81.2,15.94,Alert (10-25%),38.0,4,0.46,17,21.7,21.8005,80.1901
2026-05-25 22:00:00,BAL_SOUTH_PIT,Shift_3_Night,449.9,8.0,25.0,26,3,14,1.2,10.9,0.27,6.7,446.7,385.8,407.5,42.4,9.42,Normal (<10%),38.9,4,0.04,16,21.1,21.8005,80.1901
2026-05-26 06:00:00,BAL_SOUTH_PIT,Shift_1_Morning,468.7,7.5,17.0,18,3,16,1.5,7.9,0.22,5.8,459.1,491.0,449.5,19.2,4.1,Normal (<10%),36.0,4,0.83,18,20.4,21.8005,80.1901
2026-05-26 14:00:00,BAL_DEEP_LEVEL_3,Shift_2_Evening,570.4,7.5,26.0,26,3,14,3.1,8.9,0.18,1.5,526.3,530.0,515.5,54.9,9.62,Normal (<10%),37.3,3,0.13,16,19.7,21.8064,80.1876
2026-05-26 22:00:00,BAL_DEEP_LEVEL_3,Shift_3_Night,511.8,8.0,18.0,20,2,15,2.1,14.6,0.26,8.4,546.2,365.4,429.0,82.8,16.18,Alert (10-25%),36.6,2,0.61,16,19.6,21.8064,80.1876
2026-05-27 06:00:00,BAL_DEEP_LEVEL_3,Shift_1_Morning,502.9,8.0,25.0,26,4,13,1.0,4.7,0.15,0.7,380.2,471.9,500.3,2.6,0.52,Normal (<10%),36.4,5,0.47,16,21.8,21.8064,80.1876
2026-05-27 14:00:00,BAL_NORTH_PIT,Shift_2_Evening,419.9,7.5,23.0,26,3,14,0.9,8.2,0.22,0.0,455.5,494.9,379.3,40.6,9.67,Normal (<10%),37.1,5,0.7,17,22.6,21.8121,80.1843
2026-05-27 22:00:00,UKWA_EXTENSION,Shift_3_Night,403.2,7.5,17.0,20,3,14,1.5,8.8,0.22,6.5,483.2,520.2,355.7,47.5,11.78,Alert (10-25%),37.2,3,0.45,16,19.6,21.7932,80.2015
2026-05-28 06:00:00,BAL_SOUTH_PIT,Shift_1_Morning,592.7,8.0,25.0,26,2,15,0.9,10.4,0.23,11.6,457.5,435.8,486.0,106.7,18.0,Alert (10-25%),38.7,4,1.71,15,18.9,21.8005,80.1901
2026-05-28 14:00:00,BAL_SOUTH_PIT,Shift_2_Evening,475.4,7.5,23.0,26,3,12,0.9,2.8,0.26,7.8,406.9,318.5,231.0,244.4,51.41,Critical (>25%),39.2,5,1.22,12,19.4,21.8005,80.1901
2026-05-28 22:00:00,BAL_DEEP_LEVEL_3,Shift_3_Night,520.6,8.0,22.0,22,3,12,0.0,4.0,0.24,0.0,454.1,488.6,491.2,29.4,5.65,Normal (<10%),36.9,3,0.44,12,20.0,21.8064,80.1876
2026-05-29 06:00:00,BAL_SOUTH_PIT,Shift_1_Morning,415.9,8.0,18.0,18,3,14,0.3,1.7,0.18,1.0,442.6,385.2,415.9,0.0,0.0,Normal (<10%),37.7,4,0.81,17,20.2,21.8005,80.1901
2026-05-29 14:00:00,BAL_SOUTH_PIT,Shift_2_Evening,536.6,7.5,24.0,26,4,14,1.0,6.9,0.25,3.9,557.7,443.3,491.6,45.0,8.39,Normal (<10%),38.1,5,0.17,16,21.2,21.8005,80.1901
2026-05-29 22:00:00,UKWA_EXTENSION,Shift_3_Night,586.5,7.5,22.0,24,3,12,2.6,8.1,0.31,12.8,521.3,536.1,510.3,76.2,12.99,Alert (10-25%),35.8,3,0.06,15,21.5,21.7932,80.2015
2026-05-30 06:00:00,BAL_DEEP_LEVEL_3,Shift_1_Morning,515.1,7.5,17.0,20,3,12,0.5,5.0,0.18,12.3,446.7,476.7,482.2,32.9,6.39,Normal (<10%),38.6,4,0.0,14,20.1,21.8064,80.1876
2026-05-30 14:00:00,UKWA_EXTENSION,Shift_2_Evening,425.2,8.0,21.0,24,4,12,1.1,9.0,0.18,0.0,466.0,500.7,403.3,21.9,5.15,Normal (<10%),37.3,6,1.52,13,22.4,21.7932,80.2015
2026-05-30 22:00:00,BAL_NORTH_PIT,Shift_3_Night,516.3,8.0,22.0,24,2,13,0.6,6.2,0.18,6.6,532.7,449.0,401.1,115.2,22.31,Alert (10-25%),36.2,3,1.16,13,18.9,21.8121,80.1843
2026-05-31 06:00:00,BAL_NORTH_PIT,Shift_1_Morning,553.3,8.0,22.0,24,3,11,0.2,2.2,0.23,4.1,503.6,477.6,505.1,48.2,8.71,Normal (<10%),36.2,5,1.12,11,21.2,21.8121,80.1843
2026-05-31 14:00:00,BAL_NORTH_PIT,Shift_2_Evening,481.3,8.0,23.0,24,3,14,4.8,16.2,0.36,9.8,498.3,421.1,443.5,37.8,7.85,Normal (<10%),37.9,4,0.74,16,23.4,21.8121,80.1843
2026-05-31 22:00:00,BAL_DEEP_LEVEL_3,Shift_3_Night,576.0,8.0,20.0,20,3,11,2.9,5.2,0.27,0.0,487.4,558.2,511.2,64.8,11.25,Alert (10-25%),36.9,4,0.23,11,20.4,21.8064,80.1876
2026-06-01 06:00:00,BAL_SOUTH_PIT,Shift_1_Morning,529.7,8.0,17.0,18,3,16,2.7,12.6,0.33,11.9,486.9,423.1,307.6,222.1,41.93,Critical (>25%),39.5,5,0.93,16,18.8,21.8005,80.1901
2026-06-01 14:00:00,BAL_DEEP_LEVEL_3,Shift_2_Evening,579.8,7.5,23.0,24,3,16,3.4,10.8,0.14,13.3,566.6,488.9,503.0,76.8,13.25,Alert (10-25%),37.5,3,0.94,18,20.3,21.8064,80.1876
2026-06-01 22:00:00,BAL_DEEP_LEVEL_3,Shift_3_Night,524.7,8.0,21.0,22,3,12,17.7,59.1,0.45,36.7,432.6,530.2,276.6,248.1,47.28,Critical (>25%),33.0,3,0.77,13,24.1,21.8064,80.1876
2026-06-02 06:00:00,BAL_SOUTH_PIT,Shift_1_Morning,426.3,8.0,24.0,26,4,11,37.3,100.4,0.65,72.9,406.1,439.1,387.1,39.2,9.2,Normal (<10%),31.7,4,0.9,14,29.1,21.8005,80.1901
2026-06-02 14:00:00,UKWA_EXTENSION,Shift_2_Evening,461.9,8.0,23.0,24,3,16,7.5,19.4,0.32,13.0,546.0,408.4,440.0,21.9,4.74,Normal (<10%),34.9,3,0.0,17,20.4,21.7932,80.2015
2026-06-02 22:00:00,BAL_NORTH_PIT,Shift_3_Night,440.4,8.0,22.0,24,3,16,3.0,10.1,0.24,13.8,366.1,389.1,241.9,198.5,45.07,Critical (>25%),34.9,4,1.11,18,21.6,21.8121,80.1843
2026-06-03 06:00:00,UKWA_EXTENSION,Shift_1_Morning,581.8,7.5,26.0,26,3,14,5.0,19.6,0.15,20.2,452.8,427.5,271.1,310.7,53.4,Critical (>25%),39.5,4,0.68,14,21.1,21.7932,80.2015
2026-06-03 14:00:00,BAL_NORTH_PIT,Shift_2_Evening,552.1,8.0,24.0,26,4,12,9.1,36.8,0.42,24.4,551.9,532.0,524.9,27.2,4.93,Normal (<10%),33.3,4,0.01,12,23.9,21.8121,80.1843
2026-06-03 22:00:00,BAL_DEEP_LEVEL_3,Shift_3_Night,535.3,7.5,19.0,20,3,12,5.2,24.9,0.38,18.7,377.7,284.9,270.4,264.9,49.49,Critical (>25%),35.7,3,0.16,12,21.4,21.8064,80.1876
2026-06-04 06:00:00,BAL_NORTH_PIT,Shift_1_Morning,460.2,7.5,24.0,26,2,14,4.0,10.8,0.35,3.7,462.4,390.0,395.1,65.1,14.15,Alert (10-25%),36.2,3,0.32,14,19.7,21.8121,80.1843
2026-06-04 14:00:00,BAL_DEEP_LEVEL_3,Shift_2_Evening,436.8,8.0,17.0,18,3,12,20.0,49.7,0.46,25.0,527.5,569.7,421.0,15.8,3.62,Normal (<10%),33.7,3,0.61,15,25.3,21.8064,80.1876
2026-06-04 22:00:00,UKWA_EXTENSION,Shift_3_Night,551.3,8.0,21.0,22,2,13,0.1,5.5,0.26,4.9,520.4,532.3,461.8,89.5,16.23,Alert (10-25%),36.6,3,0.76,14,22.0,21.7932,80.2015
2026-06-05 06:00:00,BAL_DEEP_LEVEL_3,Shift_1_Morning,494.8,7.5,22.0,24,3,16,11.6,27.3,0.28,10.9,459.2,402.4,243.8,251.0,50.73,Critical (>25%),35.9,3,0.31,16,21.4,21.8064,80.1876
2026-06-05 14:00:00,UKWA_EXTENSION,Shift_2_Evening,445.2,7.5,19.0,20,3,15,23.7,64.6,0.44,53.5,487.7,305.0,235.1,210.1,47.19,Critical (>25%),32.9,3,1.01,15,25.0,21.7932,80.2015
2026-06-05 22:00:00,BAL_SOUTH_PIT,Shift_3_Night,523.3,8.0,22.0,24,3,16,4.6,25.7,0.39,22.8,550.8,484.8,473.6,49.7,9.5,Normal (<10%),34.1,3,0.47,16,21.6,21.8005,80.1901
2026-06-06 06:00:00,BAL_SOUTH_PIT,Shift_1_Morning,408.1,7.5,18.0,18,3,14,13.9,48.1,0.47,31.3,510.7,451.4,367.8,40.3,9.88,Normal (<10%),32.3,3,0.95,14,23.2,21.8005,80.1901
2026-06-06 14:00:00,BAL_SOUTH_PIT,Shift_2_Evening,465.2,8.0,22.0,24,3,13,16.6,60.6,0.57,53.7,392.1,472.9,212.4,252.8,54.34,Critical (>25%),31.2,5,1.23,16,26.9,21.8005,80.1901
2026-06-06 22:00:00,BAL_DEEP_LEVEL_3,Shift_3_Night,493.7,8.0,21.0,22,3,16,16.0,54.0,0.46,32.8,487.8,429.5,464.3,29.4,5.96,Normal (<10%),30.8,3,1.6,16,23.9,21.8064,80.1876
2026-06-07 06:00:00,BAL_SOUTH_PIT,Shift_1_Morning,429.6,7.5,17.0,18,4,14,8.9,38.9,0.51,24.0,478.8,444.2,377.8,51.8,12.06,Alert (10-25%),33.2,4,0.39,14,23.8,21.8005,80.1901
2026-06-07 14:00:00,BAL_NORTH_PIT,Shift_2_Evening,596.9,8.0,22.0,24,4,14,6.4,18.6,0.31,10.4,437.2,575.3,582.8,14.1,2.36,Normal (<10%),36.8,4,0.13,14,21.5,21.8121,80.1843
2026-06-07 22:00:00,UKWA_EXTENSION,Shift_3_Night,441.8,8.0,25.0,26,4,16,27.1,102.9,0.68,68.3,383.0,458.6,385.5,56.3,12.74,Alert (10-25%),27.1,4,0.79,19,29.8,21.7932,80.2015
2026-06-08 06:00:00,UKWA_EXTENSION,Shift_1_Morning,426.1,8.0,25.0,26,4,16,21.3,83.6,0.6,54.2,399.6,494.4,392.6,33.5,7.86,Normal (<10%),29.3,5,1.17,16,27.2,21.7932,80.2015
2026-06-08 14:00:00,BAL_NORTH_PIT,Shift_2_Evening,440.7,7.5,22.0,22,3,14,5.8,14.3,0.19,11.8,484.5,411.8,384.3,56.4,12.8,Alert (10-25%),37.7,5,0.48,14,19.1,21.8121,80.1843
2026-06-08 22:00:00,BAL_DEEP_LEVEL_3,Shift_3_Night,553.8,7.5,17.0,18,4,12,1.6,7.4,0.19,0.0,502.1,474.6,482.1,71.7,12.95,Alert (10-25%),37.3,5,0.79,14,19.5,21.8064,80.1876
2026-06-09 06:00:00,BAL_DEEP_LEVEL_3,Shift_1_Morning,485.1,7.5,20.0,20,4,14,1.1,6.0,0.21,4.6,397.5,433.2,227.2,257.9,53.16,Critical (>25%),39.3,5,0.13,15,20.0,21.8064,80.1876
2026-06-09 14:00:00,UKWA_EXTENSION,Shift_2_Evening,513.1,8.0,24.0,26,4,12,1.5,7.8,0.32,2.5,450.1,550.1,490.3,22.8,4.44,Normal (<10%),39.6,4,0.45,12,20.4,21.7932,80.2015
2026-06-09 22:00:00,BAL_SOUTH_PIT,Shift_3_Night,404.2,7.5,24.0,26,3,12,13.1,29.4,0.34,19.9,406.7,426.9,348.7,55.5,13.73,Alert (10-25%),34.9,3,0.07,13,21.7,21.8005,80.1901
2026-06-10 06:00:00,BAL_DEEP_LEVEL_3,Shift_1_Morning,406.9,7.5,23.0,24,3,15,0.8,5.3,0.28,0.0,392.1,407.4,339.5,67.4,16.56,Alert (10-25%),38.6,4,0.59,16,20.6,21.8064,80.1876
2026-06-10 14:00:00,BAL_DEEP_LEVEL_3,Shift_2_Evening,489.2,7.5,17.0,18,4,13,6.2,22.4,0.31,10.6,522.3,435.0,426.3,62.9,12.86,Alert (10-25%),36.0,5,0.9,13,22.1,21.8064,80.1876
2026-06-10 22:00:00,BAL_NORTH_PIT,Shift_3_Night,563.3,8.0,25.0,26,4,14,21.0,69.2,0.49,56.8,478.7,424.5,532.1,31.2,5.54,Normal (<10%),32.1,5,1.8,15,26.7,21.8121,80.1843
2026-06-11 06:00:00,BAL_NORTH_PIT,Shift_1_Morning,577.0,8.0,22.0,24,2,11,5.2,14.9,0.3,5.3,484.2,540.9,500.4,76.6,13.28,Alert (10-25%),39.4,2,0.08,11,22.1,21.8121,80.1843
2026-06-11 14:00:00,BAL_SOUTH_PIT,Shift_2_Evening,417.3,7.5,18.0,20,3,14,21.6,52.6,0.42,37.7,432.9,560.4,367.3,50.0,11.98,Alert (10-25%),34.0,4,0.93,17,23.6,21.8005,80.1901
2026-06-11 22:00:00,BAL_DEEP_LEVEL_3,Shift_3_Night,507.7,7.5,19.0,20,4,16,20.5,68.4,0.52,42.9,464.3,513.5,427.5,80.2,15.8,Alert (10-25%),28.7,6,1.19,17,24.5,21.8064,80.1876
2026-06-12 06:00:00,BAL_DEEP_LEVEL_3,Shift_1_Morning,582.6,7.5,23.0,26,4,13,4.2,17.0,0.39,6.2,554.9,396.0,534.1,48.5,8.32,Normal (<10%),37.0,4,0.14,15,21.9,21.8064,80.1876
2026-06-12 14:00:00,BAL_NORTH_PIT,Shift_2_Evening,477.6,8.0,24.0,26,3,16,19.6,73.6,0.6,49.4,441.0,482.2,459.3,18.3,3.83,Normal (<10%),32.4,3,0.63,16,26.1,21.8121,80.1843
2026-06-12 22:00:00,BAL_DEEP_LEVEL_3,Shift_3_Night,565.9,7.5,25.0,26,4,13,20.7,47.9,0.4,27.6,532.0,442.1,465.3,100.6,17.78,Alert (10-25%),33.4,5,1.18,14,23.4,21.8064,80.1876
2026-06-13 06:00:00,UKWA_EXTENSION,Shift_1_Morning,426.7,8.0,18.0,18,4,16,7.6,27.8,0.38,21.1,457.5,481.5,192.9,233.8,54.79,Critical (>25%),37.0,4,0.32,17,21.8,21.7932,80.2015
2026-06-13 14:00:00,BAL_NORTH_PIT,Shift_2_Evening,587.1,8.0,25.0,26,4,11,3.5,12.0,0.21,7.4,484.6,597.0,558.3,28.8,4.91,Normal (<10%),36.7,5,1.37,13,20.5,21.8121,80.1843
2026-06-13 22:00:00,BAL_SOUTH_PIT,Shift_3_Night,550.3,8.0,23.0,24,3,14,11.0,29.2,0.26,26.1,429.5,571.3,518.5,31.8,5.78,Normal (<10%),33.9,4,0.9,15,22.2,21.8005,80.1901
2026-06-14 06:00:00,BAL_NORTH_PIT,Shift_1_Morning,588.3,7.5,19.0,20,4,10,38.2,145.5,0.95,90.5,558.7,527.7,485.6,102.7,17.46,Alert (10-25%),22.9,4,1.15,12,31.9,21.8121,80.1843
2026-06-14 14:00:00,BAL_DEEP_LEVEL_3,Shift_2_Evening,535.3,7.5,17.0,18,4,12,15.3,48.8,0.46,33.9,424.7,501.6,468.7,66.6,12.44,Alert (10-25%),30.7,4,0.53,12,26.0,21.8064,80.1876
2026-06-14 22:00:00,BAL_SOUTH_PIT,Shift_3_Night,472.7,8.0,19.0,20,3,14,2.8,6.9,0.22,6.5,533.2,414.9,443.2,29.5,6.24,Normal (<10%),37.8,4,0.46,15,20.2,21.8005,80.1901
2026-06-15 06:00:00,BAL_NORTH_PIT,Shift_1_Morning,587.6,8.0,17.0,18,4,14,17.2,36.9,0.3,19.6,511.5,517.0,579.5,8.1,1.38,Normal (<10%),37.2,4,0.78,16,23.9,21.8121,80.1843
2026-06-15 14:00:00,UKWA_EXTENSION,Shift_2_Evening,455.1,8.0,18.0,20,3,12,8.4,30.0,0.33,16.7,476.6,565.6,438.5,16.6,3.65,Normal (<10%),32.8,5,0.59,13,21.6,21.7932,80.2015
2026-06-15 22:00:00,UKWA_EXTENSION,Shift_3_Night,466.4,8.0,24.0,26,4,16,13.4,50.1,0.46,26.3,386.7,373.0,432.1,34.3,7.35,Normal (<10%),31.3,4,0.25,16,24.3,21.7932,80.2015
2026-06-16 06:00:00,BAL_NORTH_PIT,Shift_1_Morning,540.2,7.5,25.0,26,4,14,19.9,84.0,0.56,48.2,434.1,423.6,496.7,43.5,8.05,Normal (<10%),28.4,4,0.76,15,26.9,21.8121,80.1843
2026-06-16 14:00:00,UKWA_EXTENSION,Shift_2_Evening,553.1,7.5,23.0,24,3,16,10.9,42.2,0.41,27.5,528.6,570.7,494.9,58.2,10.52,Alert (10-25%),34.1,5,1.39,18,24.6,21.7932,80.2015
2026-06-16 22:00:00,UKWA_EXTENSION,Shift_3_Night,585.9,8.0,25.0,26,3,16,25.2,99.5,0.78,70.4,462.9,498.4,473.8,112.1,19.13,Alert (10-25%),26.8,4,1.74,17,28.9,21.7932,80.2015
2026-06-17 06:00:00,UKWA_EXTENSION,Shift_1_Morning,441.0,8.0,18.0,20,3,16,19.2,72.0,0.57,47.3,461.0,559.4,422.6,18.4,4.17,Normal (<10%),32.9,4,1.55,16,27.3,21.7932,80.2015
2026-06-17 14:00:00,BAL_SOUTH_PIT,Shift_2_Evening,559.6,8.0,23.0,24,3,13,14.3,57.5,0.52,37.9,425.8,551.5,465.0,94.6,16.9,Alert (10-25%),33.7,5,1.47,13,23.1,21.8005,80.1901
2026-06-17 22:00:00,UKWA_EXTENSION,Shift_3_Night,547.7,7.5,18.0,20,3,13,2.5,7.8,0.22,0.0,455.9,470.1,450.8,96.9,17.69,Alert (10-25%),38.8,4,0.68,16,21.9,21.7932,80.2015
2026-06-18 06:00:00,UKWA_EXTENSION,Shift_1_Morning,412.8,8.0,20.0,22,4,12,27.1,104.6,0.67,59.2,371.6,487.8,381.5,31.3,7.58,Normal (<10%),27.8,6,1.95,12,28.4,21.7932,80.2015
2026-06-18 14:00:00,UKWA_EXTENSION,Shift_2_Evening,477.4,7.5,23.0,24,4,14,41.2,104.4,0.69,71.3,420.4,561.6,408.6,68.8,14.41,Alert (10-25%),28.1,5,1.06,15,27.8,21.7932,80.2015
2026-06-18 22:00:00,BAL_SOUTH_PIT,Shift_3_Night,456.6,8.0,23.0,24,4,14,2.2,12.7,0.32,5.2,463.8,401.8,412.9,43.7,9.57,Normal (<10%),35.8,4,0.0,14,22.6,21.8005,80.1901
2026-06-19 06:00:00,BAL_NORTH_PIT,Shift_1_Morning,460.9,7.5,17.0,18,4,14,10.0,17.5,0.28,2.7,396.9,376.8,421.4,39.5,8.57,Normal (<10%),38.2,4,0.53,15,23.0,21.8121,80.1843
2026-06-19 14:00:00,BAL_DEEP_LEVEL_3,Shift_2_Evening,596.6,7.5,19.0,20,4,12,4.5,16.4,0.27,8.2,378.8,505.9,236.2,360.4,60.41,Critical (>25%),35.4,5,0.4,12,18.5,21.8064,80.1876
2026-06-19 22:00:00,UKWA_EXTENSION,Shift_3_Night,528.6,8.0,18.0,20,4,16,21.1,73.0,0.54,49.9,565.0,395.6,488.5,40.1,7.59,Normal (<10%),32.2,5,1.12,16,25.8,21.7932,80.2015
2026-06-20 06:00:00,BAL_NORTH_PIT,Shift_1_Morning,543.5,7.5,19.0,20,3,14,19.2,77.8,0.53,53.9,401.0,385.1,200.3,343.2,63.15,Critical (>25%),32.4,5,1.52,15,27.0,21.8121,80.1843
2026-06-20 14:00:00,UKWA_EXTENSION,Shift_2_Evening,595.3,7.5,25.0,26,3,16,2.3,9.5,0.32,7.3,398.7,402.0,350.5,244.8,41.12,Critical (>25%),37.6,4,0.77,17,21.3,21.7932,80.2015
2026-06-20 22:00:00,BAL_SOUTH_PIT,Shift_3_Night,475.4,7.5,17.0,18,3,14,31.4,81.7,0.6,51.0,388.8,387.2,400.6,74.8,15.73,Alert (10-25%),29.6,4,1.5,15,28.4,21.8005,80.1901
2026-06-21 06:00:00,BAL_NORTH_PIT,Shift_1_Morning,560.4,7.5,18.0,18,4,14,3.0,11.7,0.23,10.8,456.6,416.0,504.4,56.0,9.99,Normal (<10%),38.3,5,0.95,14,21.4,21.8121,80.1843
2026-06-21 14:00:00,BAL_SOUTH_PIT,Shift_2_Evening,486.9,8.0,19.0,20,3,14,23.9,63.2,0.52,42.0,396.4,379.1,447.8,39.1,8.03,Normal (<10%),27.5,3,0.82,14,25.2,21.8005,80.1901
2026-06-21 22:00:00,UKWA_EXTENSION,Shift_3_Night,573.9,8.0,25.0,26,2,14,9.2,20.8,0.28,9.5,499.0,505.4,475.7,98.2,17.11,Alert (10-25%),37.1,2,0.27,15,23.6,21.7932,80.2015
2026-06-22 06:00:00,UKWA_EXTENSION,Shift_1_Morning,436.1,8.0,19.0,20,4,12,6.0,15.7,0.29,4.9,395.5,425.2,427.5,8.6,1.97,Normal (<10%),36.8,4,0.43,12,21.6,21.7932,80.2015
2026-06-22 14:00:00,BAL_SOUTH_PIT,Shift_2_Evening,589.5,8.0,23.0,26,4,12,2.6,9.3,0.21,7.2,597.5,540.4,560.4,29.1,4.94,Normal (<10%),37.9,6,0.82,13,19.9,21.8005,80.1901
2026-06-22 22:00:00,BAL_DEEP_LEVEL_3,Shift_3_Night,443.8,8.0,21.0,22,3,16,2.8,9.7,0.25,10.8,472.7,359.2,394.7,49.1,11.06,Alert (10-25%),38.8,4,0.64,16,19.5,21.8064,80.1876
2026-06-23 06:00:00,BAL_SOUTH_PIT,Shift_1_Morning,465.2,7.5,17.0,18,3,13,16.3,66.1,0.53,47.0,509.0,466.5,414.0,51.2,11.01,Alert (10-25%),31.4,3,1.57,15,27.2,21.8005,80.1901
2026-06-23 14:00:00,UKWA_EXTENSION,Shift_2_Evening,551.2,7.5,21.0,22,3,14,12.0,46.7,0.53,31.9,528.3,539.3,494.8,56.4,10.23,Alert (10-25%),31.4,3,0.68,15,23.6,21.7932,80.2015
2026-06-23 22:00:00,BAL_SOUTH_PIT,Shift_3_Night,478.8,7.5,22.0,24,3,14,2.0,5.1,0.32,6.6,402.0,520.3,419.7,59.1,12.34,Alert (10-25%),37.5,3,0.54,14,19.8,21.8005,80.1901
2026-06-24 06:00:00,BAL_DEEP_LEVEL_3,Shift_1_Morning,521.6,7.5,17.0,18,3,12,1.8,5.2,0.27,15.3,537.8,476.5,489.0,32.6,6.25,Normal (<10%),38.1,3,0.19,12,19.7,21.8064,80.1876
2026-06-24 14:00:00,BAL_SOUTH_PIT,Shift_2_Evening,488.9,8.0,20.0,22,4,14,1.1,4.3,0.22,4.3,469.5,401.4,470.3,18.6,3.8,Normal (<10%),38.5,4,0.71,16,20.7,21.8005,80.1901
2026-06-24 22:00:00,BAL_DEEP_LEVEL_3,Shift_3_Night,548.5,8.0,19.0,22,3,14,20.4,47.1,0.48,32.2,521.9,459.2,480.0,68.5,12.49,Alert (10-25%),33.6,3,0.85,14,23.5,21.8064,80.1876
2026-06-25 06:00:00,BAL_DEEP_LEVEL_3,Shift_1_Morning,445.7,7.5,24.0,24,4,14,18.7,34.5,0.41,25.7,504.6,528.3,414.6,31.1,6.98,Normal (<10%),36.3,5,1.05,14,21.2,21.8064,80.1876
2026-06-25 14:00:00,BAL_SOUTH_PIT,Shift_2_Evening,411.7,8.0,25.0,26,3,13,0.9,5.1,0.2,7.2,363.6,476.5,383.3,28.4,6.9,Normal (<10%),36.8,4,0.76,13,20.7,21.8005,80.1901
2026-06-25 22:00:00,BAL_SOUTH_PIT,Shift_3_Night,460.0,7.5,22.0,24,3,14,12.3,43.5,0.34,22.3,464.5,453.2,358.4,101.6,22.09,Alert (10-25%),34.7,3,0.91,14,22.2,21.8005,80.1901
2026-06-26 06:00:00,BAL_NORTH_PIT,Shift_1_Morning,494.9,7.5,24.0,26,3,14,1.3,11.3,0.16,8.4,498.6,429.6,452.5,42.4,8.57,Normal (<10%),40.1,3,0.78,15,22.1,21.8121,80.1843
2026-06-26 14:00:00,UKWA_EXTENSION,Shift_2_Evening,433.6,8.0,23.0,24,4,15,35.1,100.4,0.7,72.0,390.4,339.9,395.6,38.0,8.76,Normal (<10%),25.2,6,1.76,15,28.5,21.7932,80.2015
2026-06-26 22:00:00,BAL_DEEP_LEVEL_3,Shift_3_Night,471.0,8.0,17.0,18,4,13,35.6,88.1,0.62,67.5,531.1,540.4,413.2,57.8,12.27,Alert (10-25%),29.5,6,1.54,13,28.3,21.8064,80.1876
2026-06-27 06:00:00,BAL_NORTH_PIT,Shift_1_Morning,480.0,8.0,21.0,22,3,12,18.0,59.2,0.47,39.6,448.6,397.3,456.4,23.6,4.92,Normal (<10%),31.6,4,1.3,12,25.0,21.8121,80.1843
2026-06-27 14:00:00,BAL_SOUTH_PIT,Shift_2_Evening,411.5,8.0,21.0,22,4,12,39.1,144.2,0.88,93.9,448.8,454.2,358.1,53.4,12.98,Alert (10-25%),22.6,5,1.47,13,33.6,21.8005,80.1901
2026-06-27 22:00:00,UKWA_EXTENSION,Shift_3_Night,516.7,8.0,24.0,26,3,14,25.0,65.4,0.48,44.4,482.3,515.9,452.7,64.0,12.39,Alert (10-25%),30.5,3,0.56,14,25.4,21.7932,80.2015
2026-06-28 06:00:00,BAL_NORTH_PIT,Shift_1_Morning,576.9,8.0,22.0,24,3,16,26.5,47.7,0.47,28.6,510.7,498.2,559.8,17.1,2.96,Normal (<10%),33.1,5,1.22,17,24.3,21.8121,80.1843
2026-06-28 14:00:00,BAL_DEEP_LEVEL_3,Shift_2_Evening,430.3,8.0,18.0,20,3,13,12.6,35.8,0.23,31.7,404.3,578.2,393.9,36.4,8.46,Normal (<10%),38.5,4,0.31,13,22.6,21.8064,80.1876
2026-06-28 22:00:00,BAL_NORTH_PIT,Shift_3_Night,519.6,7.5,17.0,18,3,16,5.5,11.9,0.29,10.3,401.7,460.5,264.8,254.8,49.04,Critical (>25%),35.4,5,1.25,19,24.1,21.8121,80.1843
2026-06-29 06:00:00,BAL_DEEP_LEVEL_3,Shift_1_Morning,532.9,8.0,18.0,20,4,12,3.7,16.6,0.27,10.8,575.5,488.4,524.9,8.0,1.5,Normal (<10%),35.3,6,0.71,15,21.5,21.8064,80.1876
2026-06-29 14:00:00,BAL_SOUTH_PIT,Shift_2_Evening,483.9,7.5,21.0,22,1,14,5.9,17.3,0.36,17.1,437.4,541.5,349.8,134.1,27.71,Critical (>25%),34.5,1,0.26,15,22.4,21.8005,80.1901
2026-06-29 22:00:00,UKWA_EXTENSION,Shift_3_Night,540.2,7.5,24.0,24,4,12,14.9,40.5,0.42,21.2,463.8,386.4,461.2,79.0,14.62,Alert (10-25%),36.8,4,0.51,13,23.3,21.7932,80.2015
2026-06-30 06:00:00,UKWA_EXTENSION,Shift_1_Morning,482.1,8.0,24.0,26,4,12,2.8,8.2,0.15,0.0,460.0,508.8,474.4,7.7,1.6,Normal (<10%),37.8,5,0.71,12,19.9,21.7932,80.2015
2026-06-30 14:00:00,UKWA_EXTENSION,Shift_2_Evening,500.9,7.5,24.0,26,3,12,4.5,15.8,0.19,12.6,339.8,423.3,230.3,270.6,54.02,Critical (>25%),37.6,3,0.3,13,20.5,21.7932,80.2015
2026-06-30 22:00:00,BAL_SOUTH_PIT,Shift_3_Night,401.5,8.0,24.0,26,4,16,9.5,16.1,0.22,16.1,430.0,446.8,381.1,20.4,5.08,Normal (<10%),36.8,4,0.38,16,18.1,21.8005,80.1901
2026-07-01 06:00:00,BAL_DEEP_LEVEL_3,Shift_1_Morning,538.3,7.5,20.0,22,3,14,4.0,19.3,0.31,12.2,428.2,370.2,310.8,227.5,42.26,Critical (>25%),34.4,3,0.38,14,20.8,21.8064,80.1876
2026-07-01 14:00:00,BAL_SOUTH_PIT,Shift_2_Evening,532.3,7.5,15.0,18,4,15,13.3,30.3,0.27,16.8,395.1,434.6,482.3,50.0,9.39,Normal (<10%),34.8,6,0.95,17,23.2,21.8005,80.1901
2026-07-01 22:00:00,UKWA_EXTENSION,Shift_3_Night,407.7,7.5,18.0,20,4,14,38.5,59.8,0.5,35.1,479.1,515.6,345.0,62.7,15.38,Alert (10-25%),35.1,4,0.5,14,23.8,21.7932,80.2015
2026-07-02 06:00:00,BAL_SOUTH_PIT,Shift_1_Morning,473.7,8.0,20.0,22,3,16,20.7,76.5,0.62,44.8,471.7,558.1,470.8,2.9,0.61,Normal (<10%),31.4,3,1.2,16,27.2,21.8005,80.1901
2026-07-02 14:00:00,BAL_SOUTH_PIT,Shift_2_Evening,595.8,7.5,23.0,24,3,14,16.5,53.1,0.44,38.7,449.5,485.4,538.6,57.2,9.6,Normal (<10%),31.0,4,0.35,16,24.8,21.8005,80.1901
2026-07-02 22:00:00,BAL_SOUTH_PIT,Shift_3_Night,484.1,7.5,24.0,26,3,14,13.1,25.8,0.28,21.3,403.3,475.2,428.4,55.7,11.51,Alert (10-25%),36.4,4,0.69,17,22.2,21.8005,80.1901
2026-07-03 06:00:00,BAL_DEEP_LEVEL_3,Shift_1_Morning,500.4,7.5,23.0,24,4,16,10.0,39.6,0.29,31.0,544.5,420.2,446.6,53.8,10.75,Alert (10-25%),33.0,4,0.42,17,23.4,21.8064,80.1876
2026-07-03 14:00:00,BAL_NORTH_PIT,Shift_2_Evening,582.0,8.0,21.0,22,4,16,3.1,15.1,0.35,10.1,464.6,485.3,548.1,33.9,5.82,Normal (<10%),33.2,6,1.13,17,22.1,21.8121,80.1843
2026-07-03 22:00:00,BAL_NORTH_PIT,Shift_3_Night,543.5,7.5,22.0,24,4,14,33.8,93.7,0.76,56.7,512.8,459.1,458.0,85.5,15.73,Alert (10-25%),28.7,5,0.88,17,29.8,21.8121,80.1843
2026-07-04 06:00:00,BAL_SOUTH_PIT,Shift_1_Morning,516.4,8.0,20.0,20,3,12,4.3,13.9,0.33,5.7,421.9,370.1,332.5,183.9,35.61,Critical (>25%),37.8,3,0.25,12,21.8,21.8005,80.1901
2026-07-04 14:00:00,BAL_NORTH_PIT,Shift_2_Evening,559.6,7.5,24.0,26,3,12,1.4,9.2,0.23,9.1,534.1,548.3,508.7,50.9,9.1,Normal (<10%),38.6,3,0.37,13,20.5,21.8121,80.1843
2026-07-04 22:00:00,BAL_NORTH_PIT,Shift_3_Night,572.9,7.5,19.0,20,2,14,20.8,51.0,0.45,28.8,473.5,355.4,428.9,144.0,25.14,Critical (>25%),31.7,4,1.58,14,22.1,21.8121,80.1843
2026-07-05 06:00:00,BAL_SOUTH_PIT,Shift_1_Morning,491.4,7.5,24.0,26,3,12,2.9,8.7,0.28,5.3,472.0,510.7,442.9,48.5,9.87,Normal (<10%),36.6,3,0.5,13,20.2,21.8005,80.1901
2026-07-05 14:00:00,BAL_SOUTH_PIT,Shift_2_Evening,495.0,8.0,24.0,26,4,14,7.0,20.2,0.31,8.4,398.9,385.3,474.6,20.4,4.12,Normal (<10%),36.8,4,0.05,17,20.5,21.8005,80.1901
2026-07-05 22:00:00,UKWA_EXTENSION,Shift_3_Night,477.2,7.5,23.0,24,3,12,0.4,2.5,0.1,0.0,511.0,433.3,424.5,52.7,11.04,Alert (10-25%),39.0,4,0.55,13,19.8,21.7932,80.2015
2026-07-06 06:00:00,BAL_NORTH_PIT,Shift_1_Morning,593.3,7.5,23.0,24,3,12,2.2,12.1,0.31,2.3,535.6,530.7,509.7,83.6,14.09,Alert (10-25%),35.8,3,0.67,15,22.7,21.8121,80.1843
2026-07-06 14:00:00,BAL_DEEP_LEVEL_3,Shift_2_Evening,539.4,7.5,24.0,26,4,12,2.9,13.4,0.33,9.0,553.0,392.4,488.1,51.3,9.51,Normal (<10%),33.7,4,0.04,13,22.1,21.8064,80.1876
2026-07-06 22:00:00,BAL_SOUTH_PIT,Shift_3_Night,416.6,7.5,25.0,26,4,14,0.8,3.5,0.27,0.0,426.2,468.5,371.4,45.2,10.85,Alert (10-25%),37.5,4,0.38,17,21.5,21.8005,80.1901
2026-07-07 06:00:00,UKWA_EXTENSION,Shift_1_Morning,572.6,8.0,23.0,24,4,12,16.0,67.5,0.56,41.2,494.4,554.2,550.6,22.0,3.84,Normal (<10%),32.1,4,0.79,12,26.4,21.7932,80.2015
2026-07-07 14:00:00,BAL_DEEP_LEVEL_3,Shift_2_Evening,496.1,7.5,22.0,24,4,14,27.2,90.4,0.7,64.5,417.2,555.2,432.4,63.7,12.84,Alert (10-25%),26.0,4,0.87,14,26.0,21.8064,80.1876
2026-07-07 22:00:00,BAL_NORTH_PIT,Shift_3_Night,413.8,7.5,20.0,22,3,12,7.0,26.1,0.26,22.6,487.0,397.2,151.8,262.0,63.32,Critical (>25%),36.5,3,1.26,12,21.0,21.8121,80.1843
2026-07-08 06:00:00,UKWA_EXTENSION,Shift_1_Morning,509.9,7.5,22.0,24,4,13,31.1,124.6,0.82,86.4,556.1,401.5,451.2,58.7,11.51,Alert (10-25%),24.8,5,1.45,15,29.8,21.7932,80.2015
2026-07-08 14:00:00,BAL_SOUTH_PIT,Shift_2_Evening,483.4,7.5,19.0,20,3,12,3.6,9.1,0.21,13.1,573.3,577.0,450.8,32.6,6.74,Normal (<10%),38.3,4,0.83,13,19.8,21.8005,80.1901
2026-07-08 22:00:00,BAL_DEEP_LEVEL_3,Shift_3_Night,575.5,8.0,21.0,22,4,12,5.9,21.7,0.38,7.9,432.3,450.4,531.1,44.4,7.72,Normal (<10%),36.5,6,0.78,12,23.2,21.8064,80.1876
2026-07-09 06:00:00,BAL_SOUTH_PIT,Shift_1_Morning,440.8,7.5,19.0,20,3,15,2.5,13.8,0.28,8.7,448.0,464.1,164.0,276.8,62.79,Critical (>25%),35.4,3,0.56,15,21.6,21.8005,80.1901
2026-07-09 14:00:00,BAL_NORTH_PIT,Shift_2_Evening,565.3,7.5,21.0,22,3,16,14.5,59.4,0.49,40.0,553.3,351.7,499.6,65.7,11.62,Alert (10-25%),29.1,3,0.99,16,25.2,21.8121,80.1843
2026-07-09 22:00:00,BAL_DEEP_LEVEL_3,Shift_3_Night,511.5,8.0,22.0,22,4,14,8.2,32.0,0.31,31.1,581.1,562.2,466.3,45.2,8.84,Normal (<10%),34.0,4,0.32,14,21.6,21.8064,80.1876
2026-07-10 06:00:00,BAL_NORTH_PIT,Shift_1_Morning,410.9,7.5,25.0,26,3,14,14.3,57.2,0.43,36.9,519.9,515.3,339.7,71.2,17.33,Alert (10-25%),33.4,4,0.99,15,23.4,21.8121,80.1843
2026-07-10 14:00:00,BAL_NORTH_PIT,Shift_2_Evening,594.4,7.5,21.0,22,4,14,21.5,89.7,0.59,63.8,464.4,510.6,516.5,77.9,13.11,Alert (10-25%),27.7,5,1.02,16,27.9,21.8121,80.1843
2026-07-10 22:00:00,UKWA_EXTENSION,Shift_3_Night,502.5,7.5,17.0,18,4,13,11.8,35.3,0.41,32.0,384.5,429.2,409.7,92.8,18.47,Alert (10-25%),32.9,6,0.78,16,24.9,21.7932,80.2015
2026-07-11 06:00:00,BAL_SOUTH_PIT,Shift_1_Morning,458.2,8.0,21.0,22,3,16,14.8,25.0,0.35,17.3,411.7,449.3,457.7,0.5,0.11,Normal (<10%),32.4,5,1.35,16,22.0,21.8005,80.1901
2026-07-11 14:00:00,BAL_DEEP_LEVEL_3,Shift_2_Evening,493.9,7.5,21.0,22,4,14,41.1,64.9,0.54,40.9,454.5,512.6,444.5,49.4,10.0,Alert (10-25%),33.4,5,0.91,15,23.9,21.8064,80.1876
2026-07-11 22:00:00,BAL_NORTH_PIT,Shift_3_Night,571.6,8.0,19.0,20,4,13,5.3,18.5,0.33,10.4,447.1,449.1,521.6,50.0,8.75,Normal (<10%),37.0,4,0.0,14,21.6,21.8121,80.1843
2026-07-12 06:00:00,BAL_NORTH_PIT,Shift_1_Morning,461.0,8.0,21.0,22,4,12,6.7,19.0,0.25,4.1,465.2,464.4,444.0,17.0,3.69,Normal (<10%),37.3,4,0.93,13,19.1,21.8121,80.1843
2026-07-12 14:00:00,BAL_DEEP_LEVEL_3,Shift_2_Evening,438.5,8.0,21.0,24,4,13,19.0,55.3,0.38,34.6,532.2,424.2,421.3,17.2,3.92,Normal (<10%),33.9,6,1.05,14,24.8,21.8064,80.1876
2026-07-12 22:00:00,BAL_NORTH_PIT,Shift_3_Night,425.8,8.0,19.0,20,3,16,14.2,36.9,0.42,17.5,439.5,541.5,390.1,35.7,8.38,Normal (<10%),34.6,5,1.07,16,22.0,21.8121,80.1843
2026-07-13 06:00:00,UKWA_EXTENSION,Shift_1_Morning,459.6,8.0,18.0,20,3,13,2.9,13.4,0.26,12.8,501.4,515.1,435.5,24.1,5.24,Normal (<10%),36.2,3,0.89,13,19.1,21.7932,80.2015
2026-07-13 14:00:00,UKWA_EXTENSION,Shift_2_Evening,556.0,8.0,20.0,20,3,12,7.1,21.2,0.35,6.3,433.7,417.1,553.2,2.8,0.5,Normal (<10%),35.2,3,0.37,12,22.2,21.7932,80.2015
2026-07-13 22:00:00,UKWA_EXTENSION,Shift_3_Night,494.3,8.0,19.0,20,4,12,9.5,38.0,0.41,27.3,344.5,491.3,288.9,205.4,41.55,Critical (>25%),33.1,5,0.8,12,23.3,21.7932,80.2015
2026-07-14 06:00:00,UKWA_EXTENSION,Shift_1_Morning,445.5,7.5,22.0,24,4,14,8.2,34.3,0.37,28.6,478.3,462.4,232.3,213.2,47.86,Critical (>25%),38.2,5,0.45,14,22.5,21.7932,80.2015
2026-07-14 14:00:00,BAL_NORTH_PIT,Shift_2_Evening,433.2,7.5,19.0,20,4,16,2.9,9.2,0.26,9.8,582.4,457.6,400.7,32.5,7.5,Normal (<10%),37.7,6,0.51,17,22.7,21.8121,80.1843
2026-07-14 22:00:00,BAL_DEEP_LEVEL_3,Shift_3_Night,466.5,8.0,19.0,20,4,10,38.7,104.2,0.79,67.1,490.5,481.4,378.1,88.4,18.95,Alert (10-25%),25.4,5,1.36,13,30.8,21.8064,80.1876
2026-07-15 06:00:00,BAL_DEEP_LEVEL_3,Shift_1_Morning,588.0,8.0,23.0,24,4,10,21.6,79.9,0.58,57.1,543.4,452.1,520.8,67.2,11.43,Alert (10-25%),30.0,5,1.31,11,26.0,21.8064,80.1876
2026-07-15 14:00:00,BAL_DEEP_LEVEL_3,Shift_2_Evening,468.6,8.0,19.0,22,4,16,9.8,37.2,0.42,24.8,397.0,405.4,439.1,29.5,6.3,Normal (<10%),32.2,5,0.94,16,23.3,21.8064,80.1876
2026-07-15 22:00:00,BAL_DEEP_LEVEL_3,Shift_3_Night,597.6,8.0,17.0,18,4,11,17.1,42.3,0.43,25.9,552.6,602.3,551.9,45.7,7.65,Normal (<10%),35.5,4,0.44,13,23.6,21.8064,80.1876
2026-07-16 06:00:00,BAL_SOUTH_PIT,Shift_1_Morning,497.0,8.0,21.0,22,3,14,34.1,63.2,0.43,40.3,512.7,462.3,495.9,1.1,0.22,Normal (<10%),30.6,3,0.77,15,26.0,21.8005,80.1901
2026-07-16 14:00:00,BAL_DEEP_LEVEL_3,Shift_2_Evening,435.8,8.0,22.0,24,4,14,2.2,8.6,0.18,7.9,449.8,501.0,433.7,2.1,0.48,Normal (<10%),38.2,5,0.15,14,19.9,21.8064,80.1876
2026-07-16 22:00:00,BAL_SOUTH_PIT,Shift_3_Night,578.2,7.5,20.0,22,3,12,4.3,15.5,0.28,2.6,550.3,392.5,456.3,121.9,21.08,Alert (10-25%),37.9,3,0.54,12,21.0,21.8005,80.1901
2026-07-17 06:00:00,BAL_SOUTH_PIT,Shift_1_Morning,492.1,7.5,20.0,20,3,16,11.7,28.4,0.32,16.4,557.6,400.8,448.7,43.4,8.82,Normal (<10%),35.6,3,0.52,19,21.4,21.8005,80.1901
2026-07-17 14:00:00,UKWA_EXTENSION,Shift_2_Evening,541.9,8.0,23.0,24,3,12,24.1,57.1,0.44,39.9,527.2,491.7,518.6,23.3,4.3,Normal (<10%),32.1,4,1.6,13,24.5,21.7932,80.2015
2026-07-17 22:00:00,BAL_SOUTH_PIT,Shift_3_Night,596.7,8.0,24.0,24,3,15,0.6,5.2,0.28,0.9,607.3,522.0,532.2,64.5,10.81,Alert (10-25%),37.1,3,0.4,15,19.9,21.8005,80.1901
2026-07-18 06:00:00,BAL_NORTH_PIT,Shift_1_Morning,410.0,8.0,18.0,18,3,10,62.0,247.4,0.95,100.0,452.6,518.1,370.3,39.7,9.68,Normal (<10%),15.0,3,2.02,10,35.0,21.8121,80.1843
2026-07-18 14:00:00,BAL_SOUTH_PIT,Shift_2_Evening,419.3,7.5,17.0,18,3,14,9.1,36.1,0.37,19.6,510.9,484.5,379.4,39.9,9.52,Normal (<10%),33.2,3,0.52,14,22.2,21.8005,80.1901
2026-07-18 22:00:00,UKWA_EXTENSION,Shift_3_Night,544.1,8.0,21.0,22,3,15,6.7,29.1,0.3,20.3,455.6,578.4,488.2,55.9,10.27,Alert (10-25%),34.4,3,0.38,15,22.0,21.7932,80.2015
2026-07-19 06:00:00,BAL_SOUTH_PIT,Shift_1_Morning,456.4,7.5,18.0,20,3,14,5.2,20.0,0.37,15.7,463.7,377.8,413.5,42.9,9.4,Normal (<10%),37.6,4,0.83,14,21.4,21.8005,80.1901
2026-07-19 14:00:00,BAL_NORTH_PIT,Shift_2_Evening,436.9,7.5,17.0,18,2,12,2.9,15.9,0.41,16.0,519.6,495.8,350.4,86.5,19.8,Alert (10-25%),35.3,3,0.71,13,20.4,21.8121,80.1843
2026-07-19 22:00:00,BAL_NORTH_PIT,Shift_3_Night,407.9,7.5,21.0,22,3,16,23.5,62.8,0.5,45.8,415.6,401.7,183.1,224.8,55.11,Critical (>25%),30.0,5,0.98,16,24.5,21.8121,80.1843
2026-07-20 06:00:00,BAL_NORTH_PIT,Shift_1_Morning,404.4,8.0,21.0,22,3,10,46.7,109.0,0.79,76.5,483.9,497.9,385.3,19.1,4.72,Normal (<10%),25.0,4,0.95,11,29.2,21.8121,80.1843
2026-07-20 14:00:00,UKWA_EXTENSION,Shift_2_Evening,554.9,8.0,24.0,26,4,12,8.0,29.7,0.41,10.2,501.5,451.3,537.7,17.2,3.1,Normal (<10%),36.0,5,0.86,13,22.8,21.7932,80.2015
2026-07-20 22:00:00,UKWA_EXTENSION,Shift_3_Night,426.9,7.5,25.0,26,3,11,45.7,175.3,0.95,100.0,454.7,518.0,354.2,72.7,17.03,Alert (10-25%),20.5,3,2.12,14,35.0,21.7932,80.2015
2026-07-21 06:00:00,BAL_DEEP_LEVEL_3,Shift_1_Morning,493.5,7.5,18.0,20,2,12,26.0,68.5,0.58,43.1,461.5,536.9,406.5,87.0,17.63,Alert (10-25%),31.1,2,0.83,14,26.0,21.8064,80.1876
2026-07-21 14:00:00,UKWA_EXTENSION,Shift_2_Evening,521.2,7.5,24.0,26,3,16,9.8,17.1,0.2,4.2,578.4,427.3,498.6,22.6,4.34,Normal (<10%),36.2,3,0.64,16,19.8,21.7932,80.2015
2026-07-21 22:00:00,BAL_NORTH_PIT,Shift_3_Night,485.7,7.5,18.0,20,4,14,16.8,65.1,0.58,46.2,490.2,447.3,279.2,206.5,42.52,Critical (>25%),31.4,4,1.08,14,25.5,21.8121,80.1843
2026-07-22 06:00:00,BAL_NORTH_PIT,Shift_1_Morning,405.4,8.0,18.0,20,4,12,8.6,26.5,0.35,18.6,461.4,524.8,372.3,33.1,8.16,Normal (<10%),34.0,6,1.13,13,23.1,21.8121,80.1843
2026-07-22 14:00:00,UKWA_EXTENSION,Shift_2_Evening,556.7,7.5,23.0,24,3,11,12.3,25.4,0.32,21.4,563.8,517.3,484.7,72.0,12.93,Alert (10-25%),34.9,3,0.2,11,21.7,21.7932,80.2015
2026-07-22 22:00:00,BAL_SOUTH_PIT,Shift_3_Night,402.1,8.0,20.0,22,4,16,0.9,6.5,0.23,1.7,440.9,379.7,370.2,31.9,7.93,Normal (<10%),38.8,4,0.46,19,22.4,21.8005,80.1901
2026-07-23 06:00:00,UKWA_EXTENSION,Shift_1_Morning,552.4,7.5,24.0,26,3,15,17.9,51.6,0.47,34.4,445.3,382.3,478.0,74.4,13.47,Alert (10-25%),33.6,3,1.03,15,25.0,21.7932,80.2015
2026-07-23 14:00:00,UKWA_EXTENSION,Shift_2_Evening,578.7,8.0,18.0,18,3,11,0.8,9.7,0.24,0.0,425.4,491.3,312.3,266.4,46.03,Critical (>25%),35.5,3,0.56,11,21.5,21.7932,80.2015
2026-07-23 22:00:00,BAL_NORTH_PIT,Shift_3_Night,486.6,7.5,18.0,20,3,13,25.5,100.3,0.68,76.7,447.3,492.7,412.1,74.5,15.31,Alert (10-25%),25.8,5,1.9,13,29.5,21.8121,80.1843
2026-07-24 06:00:00,BAL_DEEP_LEVEL_3,Shift_1_Morning,507.1,8.0,18.0,20,3,11,26.1,75.4,0.53,43.6,466.4,469.2,483.0,24.1,4.75,Normal (<10%),30.1,3,0.73,14,28.5,21.8064,80.1876
2026-07-24 14:00:00,BAL_NORTH_PIT,Shift_2_Evening,495.4,8.0,21.0,22,4,15,4.1,14.8,0.3,5.8,386.9,420.3,462.8,32.6,6.58,Normal (<10%),38.8,4,0.34,15,19.5,21.8121,80.1843
2026-07-24 22:00:00,BAL_DEEP_LEVEL_3,Shift_3_Night,477.8,8.0,20.0,22,3,12,5.9,19.5,0.29,7.8,326.6,493.2,221.5,256.3,53.64,Critical (>25%),33.0,3,0.36,15,22.8,21.8064,80.1876
2026-07-25 06:00:00,BAL_NORTH_PIT,Shift_1_Morning,577.5,7.5,25.0,26,3,15,9.8,22.6,0.27,16.1,573.5,505.2,540.4,37.1,6.42,Normal (<10%),36.2,3,0.41,15,22.2,21.8121,80.1843
2026-07-25 14:00:00,UKWA_EXTENSION,Shift_2_Evening,578.8,8.0,24.0,26,3,11,13.6,50.4,0.46,29.4,432.2,583.8,551.9,26.9,4.65,Normal (<10%),30.3,5,1.6,13,26.0,21.7932,80.2015
2026-07-25 22:00:00,BAL_NORTH_PIT,Shift_3_Night,467.2,7.5,18.0,20,3,14,5.1,21.4,0.31,19.7,478.7,457.2,421.6,45.6,9.76,Normal (<10%),34.7,3,0.0,15,20.8,21.8121,80.1843
2026-07-26 06:00:00,BAL_NORTH_PIT,Shift_1_Morning,523.0,8.0,22.0,24,4,12,13.5,29.1,0.37,21.0,429.9,502.4,517.6,5.4,1.03,Normal (<10%),34.1,4,0.48,13,23.0,21.8121,80.1843
2026-07-26 14:00:00,BAL_NORTH_PIT,Shift_2_Evening,585.4,8.0,17.0,18,3,15,5.3,10.4,0.25,0.0,576.3,531.9,533.7,51.7,8.83,Normal (<10%),36.2,3,0.38,15,20.2,21.8121,80.1843
2026-07-26 22:00:00,UKWA_EXTENSION,Shift_3_Night,592.4,7.5,17.0,18,3,16,0.9,8.3,0.27,9.4,428.2,588.3,497.6,94.8,16.0,Alert (10-25%),36.1,3,0.0,18,22.8,21.7932,80.2015
2026-07-27 06:00:00,UKWA_EXTENSION,Shift_1_Morning,501.8,8.0,19.0,20,4,16,0.0,4.8,0.21,7.8,430.0,440.9,493.0,8.8,1.75,Normal (<10%),37.6,4,0.6,17,18.6,21.7932,80.2015
2026-07-27 14:00:00,UKWA_EXTENSION,Shift_2_Evening,490.6,8.0,20.0,22,3,11,1.6,8.7,0.23,2.2,567.2,474.0,442.8,47.8,9.74,Normal (<10%),36.3,4,0.48,12,19.5,21.7932,80.2015
2026-07-27 22:00:00,UKWA_EXTENSION,Shift_3_Night,455.7,7.5,18.0,20,4,16,23.6,64.5,0.54,37.3,537.8,365.1,376.3,79.4,17.42,Alert (10-25%),28.6,4,0.67,17,23.7,21.7932,80.2015
2026-07-28 06:00:00,BAL_DEEP_LEVEL_3,Shift_1_Morning,591.8,8.0,18.0,20,4,12,48.8,94.8,0.69,65.2,496.4,414.5,304.2,287.6,48.6,Critical (>25%),28.6,4,1.58,13,28.4,21.8064,80.1876
2026-07-28 14:00:00,BAL_DEEP_LEVEL_3,Shift_2_Evening,428.6,8.0,17.0,18,3,14,8.4,28.4,0.4,22.2,465.8,516.3,403.6,25.0,5.83,Normal (<10%),35.7,3,0.77,15,24.8,21.8064,80.1876
2026-07-28 22:00:00,BAL_SOUTH_PIT,Shift_3_Night,516.0,8.0,19.0,20,4,13,10.8,41.6,0.46,22.7,382.1,537.7,456.9,59.1,11.45,Alert (10-25%),34.4,4,0.75,16,24.4,21.8005,80.1901
2026-07-29 06:00:00,UKWA_EXTENSION,Shift_1_Morning,456.5,8.0,18.0,20,4,15,2.4,8.5,0.24,10.3,323.4,382.8,243.2,213.3,46.73,Critical (>25%),34.8,4,0.51,15,20.1,21.7932,80.2015
2026-07-29 14:00:00,BAL_DEEP_LEVEL_3,Shift_2_Evening,455.8,7.5,20.0,22,4,15,12.0,41.4,0.34,24.7,438.3,336.2,257.7,198.1,43.46,Critical (>25%),34.3,6,1.13,15,23.1,21.8064,80.1876
2026-07-29 22:00:00,BAL_NORTH_PIT,Shift_3_Night,481.0,8.0,23.0,24,3,12,2.3,7.5,0.27,10.9,546.3,497.0,453.0,28.0,5.82,Normal (<10%),38.0,3,1.0,14,20.8,21.8121,80.1843
2026-07-30 06:00:00,UKWA_EXTENSION,Shift_1_Morning,599.8,8.0,17.0,18,3,13,14.2,50.6,0.48,25.8,437.1,477.2,551.0,48.8,8.14,Normal (<10%),30.7,4,1.2,15,25.1,21.7932,80.2015
2026-07-30 14:00:00,BAL_SOUTH_PIT,Shift_2_Evening,411.0,8.0,23.0,24,4,16,40.6,78.5,0.6,48.7,439.7,370.3,373.6,37.4,9.1,Normal (<10%),29.3,5,0.96,16,26.7,21.8005,80.1901
2026-07-30 22:00:00,BAL_SOUTH_PIT,Shift_3_Night,515.7,8.0,20.0,22,3,16,3.3,15.7,0.32,9.4,409.8,411.0,472.7,43.0,8.34,Normal (<10%),35.8,3,0.0,17,20.4,21.8005,80.1901
2026-07-31 06:00:00,BAL_SOUTH_PIT,Shift_1_Morning,416.5,8.0,24.0,26,4,16,21.7,68.3,0.52,40.6,352.6,369.5,407.3,9.2,2.21,Normal (<10%),33.4,5,1.27,16,25.1,21.8005,80.1901
2026-07-31 14:00:00,BAL_NORTH_PIT,Shift_2_Evening,430.9,8.0,18.0,20,2,12,0.4,2.2,0.13,1.3,454.9,532.0,396.9,34.0,7.89,Normal (<10%),41.1,2,0.38,12,19.7,21.8121,80.1843
2026-07-31 22:00:00,BAL_DEEP_LEVEL_3,Shift_3_Night,487.9,8.0,22.0,24,3,16,7.1,22.8,0.27,13.5,485.7,406.5,440.5,47.4,9.72,Normal (<10%),33.3,4,0.29,19,23.1,21.8064,80.1876
2026-08-01 06:00:00,BAL_NORTH_PIT,Shift_1_Morning,502.1,8.0,19.0,20,3,14,1.8,20.5,0.16,12.6,442.4,498.5,283.1,219.0,43.62,Critical (>25%),38.1,3,0.53,15,21.9,21.8121,80.1843
2026-08-01 14:00:00,UKWA_EXTENSION,Shift_2_Evening,451.8,7.5,19.0,20,4,14,6.5,24.8,0.35,14.5,442.0,504.2,397.1,54.7,12.11,Alert (10-25%),31.5,4,0.36,14,21.9,21.7932,80.2015
2026-08-01 22:00:00,BAL_SOUTH_PIT,Shift_3_Night,463.3,7.5,17.0,18,3,14,2.9,10.5,0.25,0.5,465.6,461.8,394.5,68.8,14.85,Alert (10-25%),36.1,3,0.56,16,21.3,21.8005,80.1901
2026-08-02 06:00:00,BAL_NORTH_PIT,Shift_1_Morning,417.4,7.5,22.0,24,3,15,7.0,31.4,0.4,20.8,392.9,466.7,390.2,27.2,6.52,Normal (<10%),33.5,5,1.23,15,23.0,21.8121,80.1843
2026-08-02 14:00:00,BAL_NORTH_PIT,Shift_2_Evening,460.6,7.5,25.0,26,3,16,8.1,26.7,0.37,17.2,339.5,430.1,235.0,225.6,48.98,Critical (>25%),31.2,4,0.57,17,21.6,21.8121,80.1843
2026-08-02 22:00:00,BAL_DEEP_LEVEL_3,Shift_3_Night,593.3,8.0,16.0,18,3,14,5.4,11.3,0.23,2.5,588.2,518.4,547.8,45.5,7.67,Normal (<10%),35.5,3,0.59,16,20.2,21.8064,80.1876
2026-08-03 06:00:00,BAL_DEEP_LEVEL_3,Shift_1_Morning,588.9,8.0,20.0,20,3,14,16.0,57.9,0.45,44.8,481.8,548.0,536.8,52.1,8.85,Normal (<10%),29.5,4,0.87,16,24.8,21.8064,80.1876
2026-08-03 14:00:00,BAL_SOUTH_PIT,Shift_2_Evening,467.0,7.5,23.0,24,3,14,37.7,64.4,0.48,44.5,530.4,546.0,415.4,51.6,11.05,Alert (10-25%),29.8,5,1.24,14,23.5,21.8005,80.1901
2026-08-03 22:00:00,BAL_NORTH_PIT,Shift_3_Night,514.2,7.5,22.0,24,3,13,7.7,21.6,0.4,18.0,545.1,485.6,460.0,54.2,10.54,Alert (10-25%),33.2,4,0.55,13,22.1,21.8121,80.1843
2026-08-04 06:00:00,BAL_NORTH_PIT,Shift_1_Morning,581.9,7.5,17.0,18,4,15,3.2,15.0,0.27,6.0,461.1,479.2,530.7,51.2,8.8,Normal (<10%),36.0,4,0.74,15,21.6,21.8121,80.1843
2026-08-04 14:00:00,BAL_DEEP_LEVEL_3,Shift_2_Evening,401.2,8.0,25.0,26,4,11,4.7,16.7,0.27,0.0,406.0,400.3,376.3,24.9,6.21,Normal (<10%),34.2,6,0.92,14,21.1,21.8064,80.1876
2026-08-04 22:00:00,BAL_NORTH_PIT,Shift_3_Night,562.1,8.0,17.0,18,2,16,28.9,117.7,0.8,87.2,499.4,533.7,428.1,134.0,23.84,Alert (10-25%),22.5,2,1.63,18,31.1,21.8121,80.1843
2026-08-05 06:00:00,BAL_NORTH_PIT,Shift_1_Morning,589.7,7.5,24.0,26,3,14,12.7,47.6,0.36,32.6,498.6,519.5,530.6,59.1,10.02,Alert (10-25%),32.7,3,1.17,15,22.8,21.8121,80.1843
2026-08-05 14:00:00,BAL_NORTH_PIT,Shift_2_Evening,418.3,7.5,17.0,18,3,16,9.1,30.3,0.33,22.0,380.9,493.7,386.1,32.2,7.7,Normal (<10%),33.5,3,0.26,16,20.8,21.8121,80.1843
2026-08-05 22:00:00,BAL_DEEP_LEVEL_3,Shift_3_Night,432.3,7.5,23.0,24,3,12,2.4,14.4,0.23,11.2,415.9,526.6,371.7,60.6,14.02,Alert (10-25%),35.6,5,0.12,14,23.1,21.8064,80.1876
2026-08-06 06:00:00,BAL_SOUTH_PIT,Shift_1_Morning,592.1,7.5,18.0,20,4,14,9.0,36.3,0.33,26.2,507.8,471.7,344.0,248.1,41.9,Critical (>25%),31.1,5,1.15,15,21.6,21.8005,80.1901
2026-08-06 14:00:00,UKWA_EXTENSION,Shift_2_Evening,507.5,7.5,25.0,26,3,11,4.9,14.6,0.26,4.4,424.2,456.6,442.1,65.4,12.89,Alert (10-25%),32.7,4,0.6,11,19.2,21.7932,80.2015
2026-08-06 22:00:00,BAL_SOUTH_PIT,Shift_3_Night,402.8,8.0,21.0,24,3,16,43.0,159.9,0.95,100.0,445.1,478.2,350.7,52.1,12.93,Alert (10-25%),17.7,4,1.61,17,33.9,21.8005,80.1901
2026-08-07 06:00:00,UKWA_EXTENSION,Shift_1_Morning,451.5,7.5,25.0,26,3,16,32.3,66.0,0.47,38.9,522.4,379.3,417.6,33.9,7.51,Normal (<10%),28.0,3,0.61,17,25.4,21.7932,80.2015
2026-08-07 14:00:00,BAL_NORTH_PIT,Shift_2_Evening,490.0,8.0,25.0,26,3,12,1.3,5.6,0.21,6.5,514.7,505.0,462.8,27.2,5.55,Normal (<10%),36.5,3,0.28,12,20.3,21.8121,80.1843
2026-08-07 22:00:00,BAL_SOUTH_PIT,Shift_3_Night,538.6,7.5,24.0,26,4,14,10.9,35.3,0.38,17.5,435.5,368.3,481.3,57.3,10.64,Alert (10-25%),33.4,6,1.52,17,25.6,21.8005,80.1901
2026-08-08 06:00:00,UKWA_EXTENSION,Shift_1_Morning,546.6,7.5,16.0,18,4,14,3.8,18.2,0.31,4.5,480.2,557.1,494.6,52.0,9.51,Normal (<10%),33.5,6,1.05,17,21.4,21.7932,80.2015
2026-08-08 14:00:00,BAL_DEEP_LEVEL_3,Shift_2_Evening,599.1,8.0,25.0,26,3,14,7.9,13.5,0.25,5.8,409.3,525.2,542.9,56.2,9.38,Normal (<10%),36.6,3,0.79,14,19.7,21.8064,80.1876
2026-08-08 22:00:00,BAL_DEEP_LEVEL_3,Shift_3_Night,457.5,7.5,18.0,20,3,12,31.4,73.3,0.58,47.5,383.2,402.0,172.4,285.1,62.32,Critical (>25%),29.7,3,0.99,15,28.7,21.8064,80.1876
2026-08-09 06:00:00,BAL_SOUTH_PIT,Shift_1_Morning,507.6,8.0,25.0,26,3,15,11.2,41.2,0.39,27.2,550.4,483.0,492.7,14.9,2.94,Normal (<10%),31.7,4,0.78,15,23.8,21.8005,80.1901
2026-08-09 14:00:00,BAL_SOUTH_PIT,Shift_2_Evening,506.7,8.0,17.0,18,3,14,6.1,17.8,0.35,9.4,436.5,587.5,480.2,26.5,5.23,Normal (<10%),32.2,3,0.28,16,22.8,21.8005,80.1901
2026-08-09 22:00:00,BAL_NORTH_PIT,Shift_3_Night,481.1,7.5,26.0,26,3,16,3.5,16.6,0.31,13.5,351.3,422.6,412.2,68.9,14.32,Alert (10-25%),36.2,4,0.87,18,21.1,21.8121,80.1843
2026-08-10 06:00:00,BAL_SOUTH_PIT,Shift_1_Morning,433.8,7.5,16.0,18,3,16,24.2,84.1,0.59,61.9,420.8,451.5,363.2,70.6,16.27,Alert (10-25%),26.6,5,1.78,17,28.1,21.8005,80.1901
2026-08-10 14:00:00,BAL_NORTH_PIT,Shift_2_Evening,595.5,8.0,23.0,24,3,12,14.7,34.4,0.35,23.2,537.9,508.9,562.0,33.5,5.63,Normal (<10%),32.3,3,0.82,14,23.8,21.8121,80.1843
2026-08-10 22:00:00,BAL_NORTH_PIT,Shift_3_Night,570.7,8.0,18.0,20,3,16,9.5,25.9,0.35,23.1,564.9,549.2,548.7,22.0,3.85,Normal (<10%),32.3,3,0.37,17,22.2,21.8121,80.1843
2026-08-11 06:00:00,BAL_DEEP_LEVEL_3,Shift_1_Morning,499.7,7.5,17.0,18,4,16,3.7,13.8,0.24,11.9,521.1,405.8,448.1,51.6,10.33,Alert (10-25%),33.1,6,1.05,18,20.5,21.8064,80.1876
2026-08-11 14:00:00,BAL_DEEP_LEVEL_3,Shift_2_Evening,520.6,8.0,21.0,22,3,15,6.1,22.8,0.22,10.4,434.0,449.9,478.7,41.9,8.05,Normal (<10%),31.7,3,0.6,15,20.8,21.8064,80.1876
2026-08-11 22:00:00,UKWA_EXTENSION,Shift_3_Night,445.5,7.5,22.0,22,3,14,48.2,96.7,0.7,60.2,344.7,431.3,365.5,80.0,17.96,Alert (10-25%),26.0,3,0.93,16,30.5,21.7932,80.2015
2026-08-12 06:00:00,BAL_DEEP_LEVEL_3,Shift_1_Morning,508.8,8.0,23.0,24,4,16,11.0,29.6,0.33,15.2,456.9,524.5,505.5,3.3,0.65,Normal (<10%),31.5,4,0.14,19,21.9,21.8064,80.1876
2026-08-12 14:00:00,BAL_DEEP_LEVEL_3,Shift_2_Evening,539.0,7.5,25.0,26,4,14,7.7,22.0,0.34,13.7,529.4,410.1,476.6,62.4,11.58,Alert (10-25%),37.8,6,0.77,17,21.8,21.8064,80.1876
2026-08-12 22:00:00,BAL_SOUTH_PIT,Shift_3_Night,503.0,8.0,19.0,20,4,13,11.1,23.7,0.32,14.4,502.8,457.6,456.5,46.5,9.24,Normal (<10%),31.6,6,0.96,13,20.7,21.8005,80.1901
2026-08-13 06:00:00,BAL_DEEP_LEVEL_3,Shift_1_Morning,598.1,8.0,22.0,24,4,12,22.6,69.0,0.58,49.0,413.0,332.4,317.8,280.3,46.87,Critical (>25%),26.1,4,1.01,13,25.6,21.8064,80.1876
2026-08-13 14:00:00,UKWA_EXTENSION,Shift_2_Evening,522.3,7.5,26.0,26,4,14,6.2,31.4,0.48,20.1,577.2,532.8,468.4,53.9,10.32,Alert (10-25%),32.4,5,1.17,15,23.1,21.7932,80.2015
2026-08-13 22:00:00,BAL_SOUTH_PIT,Shift_3_Night,474.2,8.0,23.0,24,4,13,3.0,13.5,0.33,10.2,412.6,509.9,422.9,51.3,10.82,Alert (10-25%),36.2,4,0.0,14,22.1,21.8005,80.1901
2026-08-14 06:00:00,UKWA_EXTENSION,Shift_1_Morning,554.4,8.0,24.0,26,3,12,13.2,53.9,0.45,30.1,490.9,551.0,491.5,62.9,11.35,Alert (10-25%),30.1,3,0.5,13,24.8,21.7932,80.2015
2026-08-14 14:00:00,BAL_DEEP_LEVEL_3,Shift_2_Evening,434.1,8.0,24.0,26,3,16,16.4,31.6,0.38,22.3,476.2,517.6,406.8,27.3,6.29,Normal (<10%),33.1,3,0.39,18,23.0,21.8064,80.1876
2026-08-14 22:00:00,UKWA_EXTENSION,Shift_3_Night,476.9,8.0,21.0,22,4,16,18.7,49.2,0.45,30.4,374.8,400.6,286.4,190.5,39.95,Critical (>25%),27.6,4,0.88,17,24.3,21.7932,80.2015
2026-08-15 06:00:00,BAL_SOUTH_PIT,Shift_1_Morning,469.4,8.0,21.0,24,3,14,32.1,97.9,0.7,62.5,484.5,547.4,428.5,40.9,8.71,Normal (<10%),24.0,5,1.49,15,29.1,21.8005,80.1901
2026-08-15 14:00:00,BAL_NORTH_PIT,Shift_2_Evening,486.4,8.0,23.0,26,4,12,7.0,23.4,0.24,12.4,450.4,381.2,467.7,18.7,3.84,Normal (<10%),32.1,5,0.6,15,20.4,21.8121,80.1843
2026-08-15 22:00:00,UKWA_EXTENSION,Shift_3_Night,556.4,8.0,19.0,20,3,12,1.2,12.2,0.31,15.7,563.7,465.1,517.2,39.2,7.05,Normal (<10%),31.3,3,0.0,12,21.7,21.7932,80.2015
2026-08-16 06:00:00,UKWA_EXTENSION,Shift_1_Morning,496.8,7.5,18.0,20,3,10,47.7,159.3,0.88,100.0,509.9,528.2,377.3,119.5,24.05,Alert (10-25%),19.2,4,2.01,11,32.4,21.7932,80.2015
2026-08-16 14:00:00,BAL_SOUTH_PIT,Shift_2_Evening,558.8,8.0,22.0,24,4,16,8.6,29.9,0.35,23.3,361.1,484.7,283.0,275.8,49.36,Critical (>25%),29.1,6,1.03,16,21.5,21.8005,80.1901
2026-08-16 22:00:00,BAL_SOUTH_PIT,Shift_3_Night,515.3,8.0,17.0,18,3,12,14.6,37.3,0.3,24.6,391.3,500.3,242.3,273.0,52.98,Critical (>25%),30.2,4,0.65,15,23.6,21.8005,80.1901
2026-08-17 06:00:00,UKWA_EXTENSION,Shift_1_Morning,468.4,7.5,21.0,22,3,11,16.5,58.8,0.46,32.4,381.5,455.5,271.0,197.4,42.14,Critical (>25%),28.7,3,0.65,12,24.6,21.7932,80.2015
2026-08-17 14:00:00,BAL_DEEP_LEVEL_3,Shift_2_Evening,562.0,8.0,21.0,22,3,14,11.9,41.6,0.42,26.2,535.6,539.8,526.8,35.2,6.26,Normal (<10%),29.9,3,0.92,15,23.9,21.8064,80.1876
2026-08-17 22:00:00,UKWA_EXTENSION,Shift_3_Night,447.7,8.0,19.0,20,4,12,3.4,15.2,0.32,0.0,457.7,518.5,408.1,39.6,8.85,Normal (<10%),34.5,4,0.1,14,21.8,21.7932,80.2015
2026-08-18 06:00:00,BAL_SOUTH_PIT,Shift_1_Morning,444.9,7.5,20.0,22,4,12,21.1,70.7,0.6,55.7,421.2,501.3,401.8,43.1,9.69,Normal (<10%),28.2,4,0.57,12,25.6,21.8005,80.1901
2026-08-18 14:00:00,BAL_NORTH_PIT,Shift_2_Evening,500.9,8.0,22.0,24,4,14,24.4,82.7,0.6,53.3,394.7,428.1,476.3,24.6,4.91,Normal (<10%),28.1,4,1.3,15,28.5,21.8121,80.1843
2026-08-18 22:00:00,BAL_NORTH_PIT,Shift_3_Night,452.2,8.0,17.0,18,4,15,12.1,36.3,0.43,29.8,475.2,494.1,419.5,32.7,7.23,Normal (<10%),32.6,4,0.56,17,24.3,21.8121,80.1843
2026-08-19 06:00:00,BAL_DEEP_LEVEL_3,Shift_1_Morning,401.8,7.5,23.0,24,4,11,10.1,42.4,0.41,35.0,518.6,393.3,347.3,54.5,13.56,Alert (10-25%),32.9,4,0.79,13,24.1,21.8064,80.1876
2026-08-19 14:00:00,UKWA_EXTENSION,Shift_2_Evening,529.7,7.5,19.0,20,3,11,1.8,17.2,0.25,8.6,343.9,333.2,239.5,290.2,54.79,Critical (>25%),34.1,4,0.82,11,21.2,21.7932,80.2015
2026-08-19 22:00:00,BAL_NORTH_PIT,Shift_3_Night,502.2,8.0,21.0,22,3,16,1.3,6.4,0.25,4.4,396.7,480.8,318.4,183.8,36.6,Critical (>25%),35.4,5,0.99,18,20.0,21.8121,80.1843
2026-08-20 06:00:00,UKWA_EXTENSION,Shift_1_Morning,489.1,8.0,21.0,24,3,14,6.2,29.1,0.3,20.3,439.7,514.6,427.7,61.4,12.55,Alert (10-25%),33.6,4,0.67,14,23.7,21.7932,80.2015
2026-08-20 14:00:00,BAL_SOUTH_PIT,Shift_2_Evening,593.4,7.5,17.0,18,4,12,5.6,13.3,0.26,18.4,345.5,453.6,323.6,269.8,45.47,Critical (>25%),34.6,4,0.65,12,19.3,21.8005,80.1901
2026-08-20 22:00:00,BAL_NORTH_PIT,Shift_3_Night,514.2,8.0,24.0,26,4,13,46.1,155.4,0.95,100.0,535.6,532.6,436.6,77.6,15.09,Alert (10-25%),18.3,6,2.48,15,33.9,21.8121,80.1843
2026-08-21 06:00:00,BAL_DEEP_LEVEL_3,Shift_1_Morning,572.7,7.5,20.0,22,3,12,23.0,76.9,0.51,51.0,531.5,579.7,490.9,81.8,14.28,Alert (10-25%),27.3,4,1.5,13,25.8,21.8064,80.1876
2026-08-21 14:00:00,BAL_SOUTH_PIT,Shift_2_Evening,427.9,7.5,21.0,22,3,11,16.2,60.6,0.52,33.4,471.7,459.5,368.5,59.4,13.88,Alert (10-25%),27.8,4,0.68,12,24.8,21.8005,80.1901
2026-08-21 22:00:00,BAL_DEEP_LEVEL_3,Shift_3_Night,513.8,7.5,24.0,26,3,14,10.9,21.7,0.32,10.0,362.8,415.0,434.7,79.1,15.4,Alert (10-25%),34.0,4,1.11,15,21.2,21.8064,80.1876
2026-08-22 06:00:00,BAL_SOUTH_PIT,Shift_1_Morning,573.6,8.0,21.0,22,3,11,2.7,13.7,0.33,6.6,537.5,510.5,563.1,10.5,1.83,Normal (<10%),33.8,4,0.59,14,21.2,21.8005,80.1901
2026-08-22 14:00:00,BAL_NORTH_PIT,Shift_2_Evening,516.6,7.5,23.0,24,3,12,57.6,132.4,0.77,94.8,496.1,399.5,440.0,76.6,14.83,Alert (10-25%),20.8,4,1.42,12,31.8,21.8121,80.1843
2026-08-22 22:00:00,BAL_DEEP_LEVEL_3,Shift_3_Night,543.6,7.5,20.0,20,3,16,7.1,26.5,0.3,27.1,498.4,507.9,461.1,82.5,15.18,Alert (10-25%),32.1,4,0.7,16,20.2,21.8064,80.1876
2026-08-23 06:00:00,BAL_DEEP_LEVEL_3,Shift_1_Morning,474.4,7.5,20.0,22,4,15,1.7,6.9,0.29,7.1,433.6,394.6,420.7,53.7,11.32,Alert (10-25%),32.9,5,0.95,16,21.5,21.8064,80.1876
2026-08-23 14:00:00,BAL_SOUTH_PIT,Shift_2_Evening,418.5,8.0,19.0,20,2,11,10.2,37.5,0.41,26.8,392.1,475.1,355.5,63.0,15.05,Alert (10-25%),33.0,3,1.01,13,24.2,21.8005,80.1901
2026-08-23 22:00:00,BAL_DEEP_LEVEL_3,Shift_3_Night,491.6,8.0,18.0,20,3,14,31.1,72.6,0.6,51.8,455.7,417.0,438.8,52.8,10.74,Alert (10-25%),27.7,5,1.36,15,26.0,21.8064,80.1876
2026-08-24 06:00:00,BAL_SOUTH_PIT,Shift_1_Morning,478.9,8.0,23.0,24,3,12,32.7,51.8,0.53,31.1,425.0,442.7,426.4,52.5,10.96,Alert (10-25%),28.4,3,0.92,14,25.6,21.8005,80.1901
2026-08-24 14:00:00,BAL_SOUTH_PIT,Shift_2_Evening,573.4,7.5,24.0,26,4,12,0.2,2.4,0.17,8.5,545.1,454.3,509.8,63.6,11.09,Alert (10-25%),37.0,5,0.74,14,19.8,21.8005,80.1901
2026-08-24 22:00:00,BAL_SOUTH_PIT,Shift_3_Night,448.8,8.0,21.0,22,3,16,32.6,63.7,0.48,35.3,428.0,427.6,411.6,37.2,8.29,Normal (<10%),28.2,3,0.59,19,24.8,21.8005,80.1901
2026-08-25 06:00:00,BAL_SOUTH_PIT,Shift_1_Morning,593.3,8.0,17.0,18,4,12,4.8,16.4,0.32,8.7,506.2,500.1,572.3,21.0,3.54,Normal (<10%),31.7,5,0.49,13,20.2,21.8005,80.1901
2026-08-25 14:00:00,BAL_NORTH_PIT,Shift_2_Evening,591.6,7.5,21.0,22,3,13,0.6,4.2,0.25,6.1,455.1,545.6,537.5,54.1,9.14,Normal (<10%),36.7,5,1.12,14,20.8,21.8121,80.1843
2026-08-25 22:00:00,BAL_SOUTH_PIT,Shift_3_Night,449.5,7.5,23.0,24,4,15,28.2,111.4,0.75,71.9,537.3,431.9,380.9,68.6,15.26,Alert (10-25%),22.8,5,1.44,15,29.8,21.8005,80.1901
2026-08-26 06:00:00,UKWA_EXTENSION,Shift_1_Morning,469.6,8.0,22.0,24,3,16,29.9,65.7,0.52,56.1,445.0,526.8,455.7,13.9,2.96,Normal (<10%),28.0,3,0.37,16,25.3,21.7932,80.2015
2026-08-26 14:00:00,BAL_DEEP_LEVEL_3,Shift_2_Evening,579.1,8.0,23.0,26,3,14,13.6,49.4,0.4,36.3,439.4,503.9,502.0,77.1,13.31,Alert (10-25%),30.7,4,1.2,15,23.4,21.8064,80.1876
2026-08-26 22:00:00,UKWA_EXTENSION,Shift_3_Night,593.3,7.5,18.0,20,4,12,12.8,33.5,0.45,27.3,416.2,457.4,509.8,83.5,14.07,Alert (10-25%),33.3,4,0.37,14,23.3,21.7932,80.2015
2026-08-27 06:00:00,BAL_NORTH_PIT,Shift_1_Morning,488.7,8.0,17.0,18,4,14,25.2,97.6,0.79,61.3,482.0,425.6,457.6,31.1,6.36,Normal (<10%),24.5,4,1.53,16,29.1,21.8121,80.1843
2026-08-27 14:00:00,UKWA_EXTENSION,Shift_2_Evening,464.2,7.5,21.0,22,3,14,23.1,83.4,0.67,60.4,336.7,357.0,195.1,269.1,57.97,Critical (>25%),24.5,3,0.51,14,25.3,21.7932,80.2015
2026-08-27 22:00:00,BAL_DEEP_LEVEL_3,Shift_3_Night,505.2,7.5,17.0,18,3,12,33.1,57.9,0.52,42.7,415.0,411.6,198.8,306.4,60.65,Critical (>25%),30.1,4,0.96,13,25.1,21.8064,80.1876
2026-08-28 06:00:00,UKWA_EXTENSION,Shift_1_Morning,537.6,8.0,18.0,20,3,15,12.1,36.0,0.41,31.8,478.7,538.4,518.0,19.6,3.65,Normal (<10%),30.9,3,0.32,17,23.9,21.7932,80.2015
2026-08-28 14:00:00,BAL_NORTH_PIT,Shift_2_Evening,454.7,8.0,19.0,20,3,16,51.5,123.3,0.83,71.2,446.3,364.2,383.9,70.8,15.57,Alert (10-25%),25.0,3,0.97,16,30.4,21.8121,80.1843
2026-08-28 22:00:00,BAL_SOUTH_PIT,Shift_3_Night,547.3,8.0,16.0,18,3,14,83.4,290.7,0.95,100.0,502.5,533.7,481.8,65.5,11.97,Alert (10-25%),15.0,5,3.12,14,35.0,21.8005,80.1901
2026-08-29 06:00:00,UKWA_EXTENSION,Shift_1_Morning,410.3,8.0,23.0,24,4,14,1.9,5.7,0.2,5.5,347.8,402.4,384.4,25.9,6.31,Normal (<10%),32.0,5,1.23,17,19.7,21.7932,80.2015
2026-08-29 14:00:00,BAL_NORTH_PIT,Shift_2_Evening,409.9,7.5,19.0,20,3,10,28.4,97.4,0.73,66.8,469.2,383.6,317.7,92.2,22.49,Alert (10-25%),25.4,3,1.09,11,28.0,21.8121,80.1843
2026-08-29 22:00:00,BAL_NORTH_PIT,Shift_3_Night,477.3,8.0,22.0,22,4,12,10.4,33.4,0.32,22.0,561.3,492.8,416.1,61.2,12.82,Alert (10-25%),35.3,6,0.87,12,22.1,21.8121,80.1843
2026-08-30 06:00:00,BAL_DEEP_LEVEL_3,Shift_1_Morning,470.7,8.0,17.0,18,3,16,7.4,34.4,0.38,15.3,484.4,478.4,454.7,16.0,3.4,Normal (<10%),34.3,3,0.0,16,22.6,21.8064,80.1876
2026-08-30 14:00:00,BAL_DEEP_LEVEL_3,Shift_2_Evening,463.1,8.0,18.0,20,3,12,14.2,57.1,0.54,39.0,522.5,509.4,444.3,18.8,4.06,Normal (<10%),31.9,5,0.79,12,22.8,21.8064,80.1876
2026-08-30 22:00:00,UKWA_EXTENSION,Shift_3_Night,498.2,7.5,23.0,24,3,13,0.9,13.0,0.32,10.2,553.4,466.6,423.2,75.0,15.05,Alert (10-25%),32.5,3,0.24,13,21.3,21.7932,80.2015
2026-08-31 06:00:00,BAL_SOUTH_PIT,Shift_1_Morning,464.1,8.0,17.0,18,3,14,10.6,45.5,0.47,30.3,451.6,455.7,440.4,23.7,5.11,Normal (<10%),31.9,4,0.72,15,24.2,21.8005,80.1901
2026-08-31 14:00:00,BAL_NORTH_PIT,Shift_2_Evening,438.5,8.0,22.0,24,3,14,30.7,113.9,0.78,75.7,541.7,486.5,416.2,22.3,5.09,Normal (<10%),22.1,5,1.72,16,28.2,21.8121,80.1843
2026-08-31 22:00:00,UKWA_EXTENSION,Shift_3_Night,461.9,7.5,21.0,22,4,16,3.6,17.7,0.33,16.5,379.1,423.3,245.1,216.8,46.94,Critical (>25%),33.9,5,0.02,18,21.7,21.7932,80.2015
2026-09-01 06:00:00,BAL_NORTH_PIT,Shift_1_Morning,595.0,7.5,25.0,26,4,16,8.3,17.8,0.28,11.1,479.9,438.2,534.4,60.6,10.18,Alert (10-25%),29.0,5,0.67,19,21.1,21.8121,80.1843
2026-09-01 14:00:00,BAL_NORTH_PIT,Shift_2_Evening,482.2,7.5,17.0,18,3,13,42.1,97.5,0.77,58.7,481.9,492.2,418.8,63.4,13.15,Alert (10-25%),20.6,4,1.66,15,28.8,21.8121,80.1843
2026-09-01 22:00:00,BAL_SOUTH_PIT,Shift_3_Night,488.9,7.5,20.0,22,3,12,8.4,25.2,0.25,23.8,499.2,482.6,417.1,71.8,14.69,Alert (10-25%),29.5,3,0.93,12,19.7,21.8005,80.1901
2026-09-02 06:00:00,BAL_SOUTH_PIT,Shift_1_Morning,515.3,7.5,23.0,24,4,16,6.7,20.6,0.31,20.5,410.4,491.2,443.7,71.6,13.89,Alert (10-25%),31.8,4,0.0,16,21.5,21.8005,80.1901
2026-09-02 14:00:00,UKWA_EXTENSION,Shift_2_Evening,596.7,8.0,24.0,24,3,14,8.7,18.0,0.27,11.8,482.9,506.9,565.1,31.6,5.3,Normal (<10%),32.1,3,0.16,14,22.5,21.7932,80.2015
2026-09-02 22:00:00,BAL_SOUTH_PIT,Shift_3_Night,448.3,7.5,22.0,24,3,12,11.0,32.9,0.4,26.3,385.8,438.9,387.0,61.3,13.67,Alert (10-25%),29.4,3,0.25,14,23.4,21.8005,80.1901
2026-09-03 06:00:00,BAL_SOUTH_PIT,Shift_1_Morning,536.3,7.5,17.0,18,3,15,15.0,48.7,0.43,24.8,439.1,477.8,471.9,64.4,12.01,Alert (10-25%),25.5,4,0.98,15,21.3,21.8005,80.1901
2026-09-03 14:00:00,UKWA_EXTENSION,Shift_2_Evening,543.2,7.5,21.0,22,3,13,24.2,67.6,0.66,44.3,502.0,353.5,256.8,286.4,52.72,Critical (>25%),24.2,3,0.43,15,27.1,21.7932,80.2015
2026-09-03 22:00:00,BAL_SOUTH_PIT,Shift_3_Night,521.5,7.5,22.0,24,3,15,9.0,30.2,0.4,11.6,483.9,501.3,431.3,90.2,17.3,Alert (10-25%),28.1,4,1.29,16,22.4,21.8005,80.1901
2026-09-04 06:00:00,BAL_DEEP_LEVEL_3,Shift_1_Morning,417.7,7.5,22.0,24,3,16,25.5,52.0,0.41,40.3,411.2,436.3,373.1,44.6,10.68,Alert (10-25%),28.7,3,0.68,19,23.7,21.8064,80.1876
2026-09-04 14:00:00,BAL_NORTH_PIT,Shift_2_Evening,535.4,7.5,25.0,26,3,12,11.4,46.6,0.3,23.6,432.1,499.8,474.5,60.9,11.37,Alert (10-25%),30.2,3,0.59,13,23.3,21.8121,80.1843
2026-09-04 22:00:00,BAL_NORTH_PIT,Shift_3_Night,412.8,7.5,21.0,22,3,12,6.2,26.6,0.28,15.7,385.3,479.2,360.0,52.8,12.79,Alert (10-25%),31.8,5,1.53,15,23.4,21.8121,80.1843
2026-09-05 06:00:00,BAL_NORTH_PIT,Shift_1_Morning,519.2,7.5,20.0,22,3,15,16.1,51.6,0.49,35.5,488.1,504.1,457.2,62.0,11.94,Alert (10-25%),25.8,5,1.26,15,23.4,21.8121,80.1843
2026-09-05 14:00:00,BAL_NORTH_PIT,Shift_2_Evening,547.9,8.0,25.0,26,3,12,19.0,73.9,0.56,53.4,396.9,502.1,521.7,26.2,4.78,Normal (<10%),20.6,5,1.57,14,25.0,21.8121,80.1843
2026-09-05 22:00:00,UKWA_EXTENSION,Shift_3_Night,442.2,8.0,23.0,24,3,13,12.2,24.4,0.29,18.9,532.2,401.3,398.4,43.8,9.91,Normal (<10%),27.7,3,0.21,14,19.6,21.7932,80.2015
2026-09-06 06:00:00,BAL_NORTH_PIT,Shift_1_Morning,568.3,8.0,19.0,20,2,14,0.9,7.9,0.2,11.0,413.2,483.1,493.1,75.2,13.23,Alert (10-25%),34.3,3,0.29,14,19.0,21.8121,80.1843
2026-09-06 14:00:00,BAL_NORTH_PIT,Shift_2_Evening,406.1,7.5,23.0,24,4,14,2.8,8.8,0.29,9.9,374.4,313.6,174.5,231.6,57.03,Critical (>25%),31.0,5,0.52,14,20.1,21.8121,80.1843
2026-09-06 22:00:00,BAL_NORTH_PIT,Shift_3_Night,568.8,7.5,19.0,20,4,10,5.0,17.0,0.27,17.9,469.5,530.5,468.4,100.4,17.65,Alert (10-25%),29.9,4,1.06,10,20.1,21.8121,80.1843
2026-09-07 06:00:00,BAL_NORTH_PIT,Shift_1_Morning,492.1,7.5,23.0,24,4,16,5.0,14.2,0.25,0.7,407.6,487.4,464.6,27.5,5.59,Normal (<10%),33.8,5,0.89,16,19.7,21.8121,80.1843
2026-09-07 14:00:00,BAL_DEEP_LEVEL_3,Shift_2_Evening,443.5,8.0,21.0,22,4,11,16.8,61.9,0.56,38.8,447.0,537.0,406.1,37.4,8.43,Normal (<10%),27.6,5,1.13,14,26.8,21.8064,80.1876
2026-09-07 22:00:00,BAL_NORTH_PIT,Shift_3_Night,426.8,7.5,21.0,22,4,12,0.3,2.0,0.29,3.6,426.8,366.2,231.1,195.7,45.85,Critical (>25%),32.1,4,0.11,12,20.3,21.8121,80.1843
2026-09-08 06:00:00,BAL_DEEP_LEVEL_3,Shift_1_Morning,590.7,7.5,19.0,20,3,12,21.1,70.1,0.49,54.6,553.0,455.1,507.4,83.3,14.1,Alert (10-25%),25.0,3,1.09,13,25.7,21.8064,80.1876
2026-09-08 14:00:00,UKWA_EXTENSION,Shift_2_Evening,414.5,7.5,17.0,18,3,15,4.6,13.3,0.33,6.3,447.8,380.7,367.9,46.6,11.24,Alert (10-25%),30.8,3,0.0,16,22.0,21.7932,80.2015
2026-09-08 22:00:00,BAL_SOUTH_PIT,Shift_3_Night,439.8,8.0,17.0,18,4,13,5.6,24.2,0.32,26.0,493.5,422.9,412.9,26.9,6.12,Normal (<10%),30.5,5,0.26,14,21.1,21.8005,80.1901
2026-09-09 06:00:00,BAL_NORTH_PIT,Shift_1_Morning,469.6,8.0,21.0,24,3,12,11.3,38.9,0.44,27.7,462.6,496.6,462.4,7.2,1.53,Normal (<10%),30.6,5,0.99,13,22.3,21.8121,80.1843
2026-09-09 14:00:00,BAL_SOUTH_PIT,Shift_2_Evening,524.0,7.5,25.0,26,4,16,3.6,17.8,0.32,8.3,414.0,481.7,473.2,50.8,9.69,Normal (<10%),31.3,6,1.59,19,21.7,21.8005,80.1901
2026-09-09 22:00:00,BAL_SOUTH_PIT,Shift_3_Night,509.0,8.0,23.0,24,4,13,32.4,80.0,0.6,47.6,511.8,457.0,454.4,54.6,10.73,Alert (10-25%),25.1,5,1.77,16,27.0,21.8005,80.1901
2026-09-10 06:00:00,UKWA_EXTENSION,Shift_1_Morning,425.1,7.5,18.0,20,4,12,1.3,7.4,0.24,8.6,391.4,492.2,384.8,40.3,9.48,Normal (<10%),33.7,4,0.26,15,19.0,21.7932,80.2015
2026-09-10 14:00:00,BAL_SOUTH_PIT,Shift_2_Evening,457.9,7.5,18.0,20,2,14,8.8,23.7,0.35,12.6,379.4,496.6,378.4,79.5,17.36,Alert (10-25%),28.2,3,0.53,15,21.4,21.8005,80.1901
2026-09-10 22:00:00,BAL_DEEP_LEVEL_3,Shift_3_Night,447.8,8.0,21.0,22,3,14,28.4,94.8,0.62,61.8,413.9,566.1,396.8,51.0,11.39,Alert (10-25%),23.8,3,0.53,16,29.3,21.8064,80.1876
2026-09-11 06:00:00,BAL_SOUTH_PIT,Shift_1_Morning,442.7,8.0,22.0,24,3,14,14.4,50.1,0.39,34.2,538.6,420.1,417.2,25.5,5.76,Normal (<10%),27.2,5,1.28,14,24.1,21.8005,80.1901
2026-09-11 14:00:00,BAL_SOUTH_PIT,Shift_2_Evening,482.2,8.0,24.0,26,3,13,5.2,18.0,0.39,13.0,522.5,563.4,452.6,29.6,6.14,Normal (<10%),26.4,3,0.45,16,23.1,21.8005,80.1901
2026-09-11 22:00:00,BAL_SOUTH_PIT,Shift_3_Night,540.8,8.0,21.0,24,4,15,8.2,18.9,0.35,22.2,423.7,430.1,211.3,329.5,60.93,Critical (>25%),27.2,4,0.64,15,21.4,21.8005,80.1901
2026-09-12 06:00:00,BAL_NORTH_PIT,Shift_1_Morning,443.5,7.5,23.0,24,2,15,18.4,51.6,0.51,36.4,372.5,376.4,343.6,99.9,22.53,Alert (10-25%),25.3,2,0.94,15,25.6,21.8121,80.1843
2026-09-12 14:00:00,BAL_NORTH_PIT,Shift_2_Evening,473.3,7.5,22.0,24,4,16,54.3,115.4,0.77,73.9,418.6,437.9,415.4,57.9,12.23,Alert (10-25%),20.9,4,1.14,18,29.3,21.8121,80.1843
2026-09-12 22:00:00,BAL_DEEP_LEVEL_3,Shift_3_Night,478.2,8.0,18.0,18,3,14,33.5,75.0,0.49,46.3,444.1,557.7,439.2,39.0,8.16,Normal (<10%),25.2,3,1.03,16,25.3,21.8064,80.1876
2026-09-13 06:00:00,BAL_DEEP_LEVEL_3,Shift_1_Morning,595.3,8.0,26.0,26,4,16,6.3,14.0,0.24,17.7,420.8,362.1,266.0,329.3,55.32,Critical (>25%),31.7,5,0.49,16,21.4,21.8064,80.1876
2026-09-13 14:00:00,BAL_NORTH_PIT,Shift_2_Evening,590.9,7.5,22.0,24,3,10,94.8,222.3,0.95,100.0,459.8,465.5,436.5,154.4,26.13,Critical (>25%),15.0,3,2.26,13,35.0,21.8121,80.1843
2026-09-13 22:00:00,BAL_DEEP_LEVEL_3,Shift_3_Night,560.0,7.5,17.0,18,4,11,0.1,1.8,0.27,4.1,572.8,497.9,467.7,92.3,16.48,Alert (10-25%),30.3,6,0.85,11,19.1,21.8064,80.1876
2026-09-14 06:00:00,BAL_NORTH_PIT,Shift_1_Morning,448.3,7.5,23.0,24,4,15,0.4,3.4,0.24,3.2,373.0,506.1,412.5,35.8,7.99,Normal (<10%),32.2,4,0.54,15,20.2,21.8121,80.1843
2026-09-14 14:00:00,UKWA_EXTENSION,Shift_2_Evening,413.6,7.5,24.0,26,4,12,26.0,84.2,0.64,58.2,420.5,511.4,343.3,70.3,17.0,Alert (10-25%),23.9,6,1.65,15,27.7,21.7932,80.2015
2026-09-14 22:00:00,BAL_SOUTH_PIT,Shift_3_Night,463.4,8.0,21.0,22,3,16,3.3,13.6,0.26,16.1,492.3,428.1,191.0,272.4,58.78,Critical (>25%),30.2,3,0.42,16,19.5,21.8005,80.1901
2026-09-15 06:00:00,BAL_SOUTH_PIT,Shift_1_Morning,453.4,8.0,16.0,18,4,16,0.9,3.2,0.25,3.5,426.8,485.8,438.7,14.7,3.24,Normal (<10%),32.3,4,0.64,16,18.8,21.8005,80.1901
2026-09-15 14:00:00,BAL_DEEP_LEVEL_3,Shift_2_Evening,501.2,8.0,18.0,20,3,14,4.1,15.9,0.23,14.7,469.4,541.0,463.6,37.6,7.5,Normal (<10%),28.9,3,0.0,16,21.5,21.8064,80.1876
2026-09-15 22:00:00,BAL_NORTH_PIT,Shift_3_Night,555.5,7.5,20.0,20,3,15,8.3,32.6,0.37,23.3,420.8,407.5,468.9,86.6,15.59,Alert (10-25%),31.3,4,0.49,16,22.8,21.8121,80.1843
2026-09-16 06:00:00,BAL_NORTH_PIT,Shift_1_Morning,571.7,7.5,17.0,18,3,16,19.7,61.8,0.5,38.9,526.4,477.8,549.5,22.2,3.88,Normal (<10%),25.0,4,0.97,17,26.6,21.8121,80.1843
2026-09-16 14:00:00,BAL_DEEP_LEVEL_3,Shift_2_Evening,569.0,8.0,19.0,20,4,12,14.7,36.2,0.45,26.6,389.2,415.2,508.0,61.0,10.72,Alert (10-25%),31.5,4,0.1,15,23.8,21.8064,80.1876
2026-09-16 22:00:00,BAL_NORTH_PIT,Shift_3_Night,471.9,8.0,19.0,20,3,12,4.1,11.6,0.12,4.5,417.3,465.2,423.5,48.4,10.26,Alert (10-25%),32.3,3,0.28,12,19.1,21.8121,80.1843
2026-09-17 06:00:00,UKWA_EXTENSION,Shift_1_Morning,537.4,8.0,18.0,20,3,15,10.5,33.3,0.36,16.4,420.1,476.9,285.9,251.5,46.8,Critical (>25%),30.7,4,0.7,18,24.8,21.7932,80.2015
2026-09-17 14:00:00,BAL_SOUTH_PIT,Shift_2_Evening,462.6,7.5,24.0,26,4,15,39.1,145.1,0.94,99.6,412.3,526.4,397.2,65.4,14.14,Alert (10-25%),16.7,6,2.44,15,33.3,21.8005,80.1901
2026-09-17 22:00:00,BAL_DEEP_LEVEL_3,Shift_3_Night,412.2,8.0,19.0,20,4,14,25.3,43.8,0.33,31.5,472.4,550.1,383.5,28.7,6.96,Normal (<10%),28.5,4,0.64,15,23.2,21.8064,80.1876
2026-09-18 06:00:00,BAL_DEEP_LEVEL_3,Shift_1_Morning,540.3,7.5,20.0,22,4,15,5.9,23.1,0.35,17.2,539.4,452.9,478.7,61.6,11.4,Alert (10-25%),29.2,4,0.73,15,19.9,21.8064,80.1876
2026-09-18 14:00:00,BAL_NORTH_PIT,Shift_2_Evening,402.0,8.0,25.0,26,3,15,60.5,200.9,0.95,100.0,374.0,532.1,360.9,41.1,10.22,Alert (10-25%),15.0,4,2.31,15,34.9,21.8121,80.1843
2026-09-18 22:00:00,BAL_DEEP_LEVEL_3,Shift_3_Night,481.8,8.0,17.0,18,3,11,18.5,78.7,0.55,52.1,376.4,515.3,424.7,57.1,11.85,Alert (10-25%),24.9,3,0.73,11,25.0,21.8064,80.1876
2026-09-19 06:00:00,UKWA_EXTENSION,Shift_1_Morning,465.9,8.0,23.0,24,3,12,1.0,6.5,0.28,0.0,498.7,396.5,421.4,44.5,9.55,Normal (<10%),30.6,3,0.44,13,20.5,21.7932,80.2015
2026-09-19 14:00:00,BAL_NORTH_PIT,Shift_2_Evening,538.7,7.5,17.0,18,4,16,0.5,2.5,0.18,0.0,428.0,540.7,496.9,41.8,7.76,Normal (<10%),32.5,4,0.62,19,19.9,21.8121,80.1843
2026-09-19 22:00:00,BAL_NORTH_PIT,Shift_3_Night,553.2,7.5,26.0,26,4,15,2.8,12.7,0.3,12.9,461.1,405.7,196.0,357.2,64.57,Critical (>25%),30.3,4,0.76,15,22.2,21.8121,80.1843
2026-09-20 06:00:00,BAL_NORTH_PIT,Shift_1_Morning,460.8,7.5,18.0,20,3,11,19.5,70.7,0.56,51.5,440.5,343.4,177.6,283.2,61.46,Critical (>25%),28.4,4,1.08,12,24.4,21.8121,80.1843
2026-09-20 14:00:00,BAL_NORTH_PIT,Shift_2_Evening,562.3,7.5,22.0,24,3,16,3.0,10.5,0.23,5.7,501.0,411.9,511.6,50.7,9.02,Normal (<10%),31.6,3,0.0,19,20.0,21.8121,80.1843
2026-09-20 22:00:00,UKWA_EXTENSION,Shift_3_Night,458.8,7.5,23.0,24,3,10,10.7,46.1,0.38,38.1,358.2,445.6,202.8,256.0,55.8,Critical (>25%),30.3,3,0.1,12,24.1,21.7932,80.2015
2026-09-21 06:00:00,BAL_NORTH_PIT,Shift_1_Morning,489.3,7.5,23.0,24,4,12,1.5,8.8,0.21,8.4,364.3,422.6,445.3,44.0,8.99,Normal (<10%),31.7,4,0.3,15,21.5,21.8121,80.1843
2026-09-21 14:00:00,BAL_DEEP_LEVEL_3,Shift_2_Evening,545.4,8.0,25.0,26,3,12,38.1,68.9,0.59,47.6,442.7,382.6,225.2,320.2,58.71,Critical (>25%),25.3,4,0.41,12,23.1,21.8064,80.1876
2026-09-21 22:00:00,UKWA_EXTENSION,Shift_3_Night,538.6,7.5,16.0,18,3,10,6.3,15.2,0.33,20.2,391.9,587.3,442.2,96.4,17.9,Alert (10-25%),28.8,3,0.94,10,19.2,21.7932,80.2015
2026-09-22 06:00:00,BAL_SOUTH_PIT,Shift_1_Morning,597.5,8.0,22.0,22,4,15,35.8,128.4,0.88,79.3,477.0,511.8,565.4,32.1,5.37,Normal (<10%),17.8,4,1.49,15,30.7,21.8005,80.1901
2026-09-22 14:00:00,BAL_SOUTH_PIT,Shift_2_Evening,445.0,7.5,22.0,24,3,16,43.5,95.0,0.67,63.1,527.2,514.5,371.3,73.7,16.56,Alert (10-25%),22.7,3,0.84,17,29.5,21.8005,80.1901
2026-09-22 22:00:00,BAL_DEEP_LEVEL_3,Shift_3_Night,532.5,8.0,17.0,18,3,12,0.1,4.3,0.26,0.0,383.3,402.7,276.4,256.1,48.09,Critical (>25%),34.5,5,0.67,12,21.7,21.8064,80.1876
2026-09-23 06:00:00,BAL_DEEP_LEVEL_3,Shift_1_Morning,521.9,8.0,17.0,18,3,16,9.4,29.3,0.36,17.7,558.6,548.2,510.3,11.6,2.22,Normal (<10%),29.8,4,1.09,16,21.5,21.8064,80.1876
2026-09-23 14:00:00,UKWA_EXTENSION,Shift_2_Evening,583.0,7.5,20.0,22,3,16,0.4,3.9,0.19,2.3,553.8,467.1,496.9,86.1,14.77,Alert (10-25%),34.6,3,0.07,18,20.0,21.7932,80.2015
2026-09-23 22:00:00,BAL_SOUTH_PIT,Shift_3_Night,431.3,8.0,20.0,22,4,11,35.9,65.4,0.48,43.4,467.2,391.3,383.4,47.9,11.11,Alert (10-25%),26.8,4,0.47,11,24.0,21.8005,80.1901
2026-09-24 06:00:00,BAL_SOUTH_PIT,Shift_1_Morning,550.4,7.5,25.0,26,4,13,11.0,40.2,0.39,21.4,502.6,463.3,495.4,55.0,9.99,Normal (<10%),30.9,4,0.34,16,24.6,21.8005,80.1901
2026-09-24 14:00:00,BAL_SOUTH_PIT,Shift_2_Evening,513.7,7.5,21.0,22,4,14,1.2,4.9,0.19,3.6,444.6,416.5,458.3,55.4,10.78,Alert (10-25%),32.4,4,0.43,14,21.0,21.8005,80.1901
2026-09-24 22:00:00,BAL_SOUTH_PIT,Shift_3_Night,454.9,7.5,20.0,22,4,14,1.8,4.7,0.23,0.0,496.7,307.5,249.2,205.7,45.22,Critical (>25%),35.8,6,1.19,14,20.9,21.8005,80.1901
2026-09-25 06:00:00,BAL_SOUTH_PIT,Shift_1_Morning,494.9,7.5,23.0,24,3,16,7.3,21.7,0.39,20.4,348.8,436.9,456.6,38.3,7.74,Normal (<10%),29.2,5,1.37,17,22.0,21.8005,80.1901
2026-09-25 14:00:00,BAL_NORTH_PIT,Shift_2_Evening,466.8,8.0,17.0,18,3,16,42.3,73.8,0.58,53.0,460.6,506.8,411.2,55.6,11.91,Alert (10-25%),23.5,3,1.16,19,26.3,21.8121,80.1843
2026-09-25 22:00:00,BAL_DEEP_LEVEL_3,Shift_3_Night,515.9,7.5,21.0,22,4,10,17.7,69.1,0.62,47.8,558.7,438.5,412.3,103.6,20.08,Alert (10-25%),22.9,4,0.81,12,26.7,21.8064,80.1876
2026-09-26 06:00:00,BAL_NORTH_PIT,Shift_1_Morning,577.8,8.0,18.0,20,4,10,30.3,112.2,0.76,72.4,523.0,470.6,509.3,68.5,11.86,Alert (10-25%),24.0,4,1.48,10,30.7,21.8121,80.1843
2026-09-26 14:00:00,BAL_SOUTH_PIT,Shift_2_Evening,513.9,8.0,24.0,26,4,14,6.8,25.2,0.32,17.6,472.6,564.3,497.1,16.8,3.27,Normal (<10%),31.3,5,0.54,16,21.8,21.8005,80.1901
2026-09-26 22:00:00,UKWA_EXTENSION,Shift_3_Night,526.3,8.0,21.0,22,3,11,0.7,2.2,0.14,5.0,462.5,511.3,487.4,38.9,7.39,Normal (<10%),32.5,4,0.15,11,17.2,21.7932,80.2015
2026-09-27 06:00:00,UKWA_EXTENSION,Shift_1_Morning,503.7,7.5,20.0,22,3,15,54.9,156.2,0.95,100.0,565.4,539.1,439.2,64.5,12.81,Alert (10-25%),17.7,3,1.34,18,33.9,21.7932,80.2015
2026-09-27 14:00:00,BAL_SOUTH_PIT,Shift_2_Evening,410.2,8.0,21.0,22,3,13,0.3,3.0,0.18,0.0,531.2,480.0,404.2,6.0,1.46,Normal (<10%),33.7,3,0.16,15,19.8,21.8005,80.1901
2026-09-27 22:00:00,BAL_SOUTH_PIT,Shift_3_Night,446.6,7.5,20.0,22,3,11,44.2,100.5,0.66,70.6,518.2,486.1,381.4,65.2,14.6,Alert (10-25%),24.9,3,0.88,11,26.2,21.8005,80.1901
2026-09-28 06:00:00,UKWA_EXTENSION,Shift_1_Morning,498.4,8.0,24.0,26,4,15,6.9,21.8,0.26,17.2,557.8,436.1,488.9,9.5,1.91,Normal (<10%),28.4,4,0.13,15,21.1,21.7932,80.2015
2026-09-28 14:00:00,BAL_NORTH_PIT,Shift_2_Evening,462.0,7.5,24.0,24,4,14,0.2,2.0,0.23,2.9,490.7,520.7,439.9,22.1,4.78,Normal (<10%),32.1,4,0.26,16,20.8,21.8121,80.1843
2026-09-28 22:00:00,BAL_NORTH_PIT,Shift_3_Night,436.4,7.5,22.0,24,4,14,17.5,33.4,0.34,18.5,353.6,394.3,219.1,217.3,49.79,Critical (>25%),28.6,4,0.7,17,25.1,21.8121,80.1843
2026-09-29 06:00:00,BAL_SOUTH_PIT,Shift_1_Morning,500.8,7.5,25.0,26,4,16,59.1,134.6,0.95,94.5,454.9,420.9,441.7,59.1,11.8,Alert (10-25%),15.0,5,2.17,17,30.8,21.8005,80.1901
2026-09-29 14:00:00,BAL_NORTH_PIT,Shift_2_Evening,464.6,7.5,21.0,22,3,12,50.6,196.7,0.95,100.0,384.1,408.2,396.2,68.4,14.72,Alert (10-25%),15.0,3,1.36,12,35.0,21.8121,80.1843
2026-09-29 22:00:00,UKWA_EXTENSION,Shift_3_Night,451.6,8.0,17.0,18,3,12,2.6,8.3,0.21,6.9,470.9,489.0,416.6,35.0,7.75,Normal (<10%),31.7,3,0.01,12,20.7,21.7932,80.2015
2026-09-30 06:00:00,BAL_NORTH_PIT,Shift_1_Morning,492.8,8.0,20.0,22,4,16,3.0,13.6,0.15,7.1,532.7,393.9,491.8,1.0,0.2,Normal (<10%),33.1,6,0.76,18,21.0,21.8121,80.1843
2026-09-30 14:00:00,BAL_SOUTH_PIT,Shift_2_Evening,426.7,7.5,17.0,18,3,15,12.5,53.9,0.48,34.1,419.6,374.8,375.2,51.5,12.07,Alert (10-25%),30.3,5,1.51,16,23.5,21.8005,80.1901
2026-09-30 22:00:00,UKWA_EXTENSION,Shift_3_Night,585.5,8.0,20.0,20,4,16,15.2,45.5,0.41,28.4,424.5,416.1,527.8,57.7,9.85,Normal (<10%),27.4,5,0.85,16,22.1,21.7932,80.2015
2026-10-01 06:00:00,BAL_NORTH_PIT,Shift_1_Morning,573.5,7.5,22.0,24,4,12,2.6,6.6,0.28,2.2,404.1,398.3,530.3,43.2,7.53,Normal (<10%),28.2,5,0.48,12,20.2,21.8121,80.1843
2026-10-01 14:00:00,BAL_DEEP_LEVEL_3,Shift_2_Evening,541.5,7.5,22.0,24,4,11,2.1,15.7,0.28,8.7,387.6,548.4,483.5,58.0,10.71,Alert (10-25%),28.2,5,0.92,11,20.7,21.8064,80.1876
2026-10-01 22:00:00,UKWA_EXTENSION,Shift_3_Night,421.2,8.0,17.0,18,3,16,0.3,6.0,0.29,5.6,534.9,446.3,379.0,42.2,10.02,Alert (10-25%),30.3,3,0.69,17,19.9,21.7932,80.2015
2026-10-02 06:00:00,UKWA_EXTENSION,Shift_1_Morning,555.2,7.5,19.0,20,3,12,3.1,11.9,0.28,12.4,306.9,522.1,229.5,325.7,58.66,Critical (>25%),27.5,3,0.39,13,22.1,21.7932,80.2015
2026-10-02 14:00:00,BAL_DEEP_LEVEL_3,Shift_2_Evening,561.6,7.5,23.0,24,4,16,1.1,4.5,0.16,10.3,538.0,381.7,503.7,57.9,10.31,Alert (10-25%),28.7,4,0.16,17,19.2,21.8064,80.1876
2026-10-02 22:00:00,BAL_DEEP_LEVEL_3,Shift_3_Night,553.6,7.5,18.0,20,3,14,3.3,8.9,0.21,1.4,501.5,565.4,485.5,68.1,12.3,Alert (10-25%),30.6,4,0.78,17,19.1,21.8064,80.1876
2026-10-03 06:00:00,UKWA_EXTENSION,Shift_1_Morning,422.8,7.5,22.0,24,4,12,0.6,7.4,0.21,1.2,533.6,424.9,383.8,39.0,9.22,Normal (<10%),29.7,5,0.63,13,19.9,21.7932,80.2015
2026-10-03 14:00:00,BAL_DEEP_LEVEL_3,Shift_2_Evening,528.8,7.5,17.0,18,3,15,0.1,1.6,0.2,5.3,509.2,459.3,482.3,46.5,8.79,Normal (<10%),26.6,4,0.63,16,20.2,21.8064,80.1876
2026-10-03 22:00:00,BAL_SOUTH_PIT,Shift_3_Night,566.9,8.0,24.0,24,4,12,1.0,7.0,0.22,0.1,476.1,460.2,530.7,36.2,6.39,Normal (<10%),27.3,5,0.55,12,20.1,21.8005,80.1901
2026-10-04 06:00:00,BAL_SOUTH_PIT,Shift_1_Morning,515.5,8.0,23.0,24,4,12,0.5,3.0,0.25,0.0,409.6,436.6,515.5,0.0,0.0,Normal (<10%),31.5,4,0.68,13,20.4,21.8005,80.1901
2026-10-04 14:00:00,BAL_SOUTH_PIT,Shift_2_Evening,529.3,8.0,16.0,18,3,16,1.9,4.6,0.25,0.0,574.4,485.5,514.5,14.8,2.8,Normal (<10%),29.7,4,0.77,19,22.5,21.8005,80.1901
2026-10-04 22:00:00,UKWA_EXTENSION,Shift_3_Night,491.7,7.5,25.0,26,3,15,4.7,11.4,0.24,6.7,426.1,497.8,293.1,198.6,40.39,Critical (>25%),27.5,5,1.31,15,19.0,21.7932,80.2015
2026-10-05 06:00:00,BAL_DEEP_LEVEL_3,Shift_1_Morning,505.7,7.5,22.0,26,4,14,1.8,8.5,0.28,13.8,420.0,454.2,453.1,52.6,10.4,Alert (10-25%),28.4,5,1.1,14,19.8,21.8064,80.1876
2026-10-05 14:00:00,BAL_DEEP_LEVEL_3,Shift_2_Evening,406.9,7.5,22.0,24,3,12,3.3,14.1,0.21,8.8,474.6,360.1,342.4,64.5,15.85,Alert (10-25%),28.6,4,0.84,12,21.7,21.8064,80.1876
2026-10-05 22:00:00,BAL_NORTH_PIT,Shift_3_Night,527.8,7.5,25.0,26,4,16,0.9,12.5,0.3,9.7,430.9,464.5,448.8,79.0,14.97,Alert (10-25%),29.3,4,0.25,16,18.6,21.8121,80.1843
2026-10-06 06:00:00,BAL_NORTH_PIT,Shift_1_Morning,416.3,7.5,21.0,22,3,15,2.2,12.0,0.3,2.0,511.6,541.1,380.5,35.8,8.6,Normal (<10%),26.2,4,1.01,15,20.5,21.8121,80.1843
2026-10-06 14:00:00,BAL_DEEP_LEVEL_3,Shift_2_Evening,487.0,7.5,24.0,26,3,16,2.8,8.6,0.26,11.1,486.3,379.1,430.9,56.1,11.52,Alert (10-25%),27.5,3,0.54,17,21.7,21.8064,80.1876
2026-10-06 22:00:00,BAL_DEEP_LEVEL_3,Shift_3_Night,458.5,8.0,18.0,20,4,16,1.9,7.2,0.26,9.2,515.1,497.6,427.9,30.6,6.67,Normal (<10%),29.3,4,1.18,18,22.0,21.8064,80.1876
2026-10-07 06:00:00,BAL_DEEP_LEVEL_3,Shift_1_Morning,509.1,7.5,21.0,22,3,16,1.1,3.7,0.25,0.1,441.1,497.9,455.6,53.5,10.51,Alert (10-25%),29.1,3,0.49,19,21.6,21.8064,80.1876
2026-10-07 14:00:00,UKWA_EXTENSION,Shift_2_Evening,426.7,8.0,25.0,26,3,12,1.5,4.8,0.28,0.0,468.8,395.1,413.8,12.9,3.02,Normal (<10%),29.8,3,0.61,12,20.7,21.7932,80.2015
2026-10-07 22:00:00,BAL_DEEP_LEVEL_3,Shift_3_Night,538.3,7.5,21.0,22,3,16,1.8,6.5,0.27,9.1,509.9,533.9,421.6,116.7,21.68,Alert (10-25%),27.0,5,1.09,17,19.4,21.8064,80.1876
2026-10-08 06:00:00,BAL_NORTH_PIT,Shift_1_Morning,559.0,8.0,21.0,22,4,14,0.4,2.8,0.27,0.7,456.4,432.1,532.4,26.6,4.76,Normal (<10%),29.7,5,0.67,14,21.2,21.8121,80.1843
2026-10-08 14:00:00,UKWA_EXTENSION,Shift_2_Evening,432.7,7.5,24.0,26,4,14,2.5,12.7,0.18,5.1,441.4,504.5,376.3,56.4,13.03,Alert (10-25%),30.5,4,0.32,14,18.6,21.7932,80.2015
2026-10-08 22:00:00,BAL_DEEP_LEVEL_3,Shift_3_Night,420.9,8.0,19.0,20,4,14,4.5,20.1,0.31,11.6,563.8,429.6,361.6,59.3,14.09,Alert (10-25%),28.3,5,0.79,15,20.3,21.8064,80.1876
2026-10-09 06:00:00,BAL_NORTH_PIT,Shift_1_Morning,429.1,8.0,18.0,20,4,14,0.9,9.8,0.25,7.7,517.0,499.7,429.1,0.0,0.0,Normal (<10%),28.9,4,0.56,15,20.9,21.8121,80.1843
2026-10-09 14:00:00,UKWA_EXTENSION,Shift_2_Evening,575.4,7.5,20.0,22,3,14,1.8,5.5,0.24,7.3,468.1,466.4,228.0,347.4,60.38,Critical (>25%),29.0,3,0.75,15,19.7,21.7932,80.2015
2026-10-09 22:00:00,BAL_DEEP_LEVEL_3,Shift_3_Night,505.6,7.5,24.0,26,4,16,2.0,7.7,0.28,6.7,400.5,421.3,222.3,283.3,56.03,Critical (>25%),27.5,5,0.79,16,20.3,21.8064,80.1876
2026-10-10 06:00:00,BAL_DEEP_LEVEL_3,Shift_1_Morning,493.5,8.0,19.0,20,3,16,1.6,6.8,0.24,5.9,472.7,388.1,484.9,8.6,1.74,Normal (<10%),28.9,3,0.26,16,20.3,21.8064,80.1876
2026-10-10 14:00:00,BAL_DEEP_LEVEL_3,Shift_2_Evening,421.3,7.5,25.0,26,3,11,1.2,12.2,0.27,6.9,409.1,385.4,341.2,80.1,19.01,Alert (10-25%),30.3,4,0.6,11,22.1,21.8064,80.1876
2026-10-10 22:00:00,UKWA_EXTENSION,Shift_3_Night,529.9,7.5,24.0,26,4,14,3.2,11.1,0.28,8.1,502.0,453.1,446.6,83.3,15.72,Alert (10-25%),28.3,5,0.3,14,20.8,21.7932,80.2015
2026-10-11 06:00:00,BAL_NORTH_PIT,Shift_1_Morning,573.6,7.5,22.0,24,3,12,0.9,8.1,0.17,3.4,441.8,457.6,549.4,24.2,4.22,Normal (<10%),28.0,4,1.2,12,18.9,21.8121,80.1843
2026-10-11 14:00:00,BAL_NORTH_PIT,Shift_2_Evening,565.6,8.0,24.0,24,3,11,0.1,5.7,0.31,2.5,583.4,486.8,542.0,23.6,4.17,Normal (<10%),27.9,3,0.24,12,21.3,21.8121,80.1843
2026-10-11 22:00:00,BAL_SOUTH_PIT,Shift_3_Night,525.2,7.5,24.0,24,3,9,2.8,10.0,0.24,13.8,525.9,505.2,421.6,103.6,19.73,Alert (10-25%),29.1,4,0.99,9,19.2,21.8005,80.1901
2026-10-12 06:00:00,BAL_DEEP_LEVEL_3,Shift_1_Morning,415.1,8.0,24.0,26,2,14,1.7,14.1,0.34,9.6,394.1,429.9,372.7,42.4,10.21,Alert (10-25%),27.3,2,0.48,16,22.6,21.8064,80.1876
2026-10-12 14:00:00,BAL_SOUTH_PIT,Shift_2_Evening,422.5,8.0,17.0,18,4,12,2.8,12.5,0.22,6.5,355.7,507.7,235.6,186.9,44.24,Critical (>25%),29.4,5,0.79,12,20.1,21.8005,80.1901
2026-10-12 22:00:00,BAL_SOUTH_PIT,Shift_3_Night,409.9,7.5,22.0,26,3,12,0.2,4.2,0.18,0.0,538.4,512.2,350.0,59.9,14.61,Alert (10-25%),30.4,4,0.66,12,19.7,21.8005,80.1901
2026-10-13 06:00:00,BAL_NORTH_PIT,Shift_1_Morning,451.5,8.0,18.0,20,3,12,0.0,2.2,0.2,0.0,526.5,390.3,449.1,2.4,0.53,Normal (<10%),31.0,3,0.16,15,18.8,21.8121,80.1843
2026-10-13 14:00:00,UKWA_EXTENSION,Shift_2_Evening,427.1,7.5,18.0,20,3,16,4.1,18.6,0.29,22.8,462.4,417.5,389.1,38.0,8.9,Normal (<10%),29.9,3,0.11,17,19.0,21.7932,80.2015
2026-10-13 22:00:00,UKWA_EXTENSION,Shift_3_Night,452.0,7.5,18.0,20,3,12,0.2,7.9,0.21,16.2,449.9,506.7,389.3,62.7,13.87,Alert (10-25%),30.6,3,0.92,13,18.6,21.7932,80.2015
2026-10-14 06:00:00,BAL_NORTH_PIT,Shift_1_Morning,477.0,8.0,17.0,18,3,14,2.5,7.8,0.2,8.3,460.7,445.2,477.0,0.0,0.0,Normal (<10%),27.8,3,0.43,14,21.4,21.8121,80.1843
2026-10-14 14:00:00,UKWA_EXTENSION,Shift_2_Evening,588.6,8.0,21.0,22,4,16,2.6,9.6,0.27,1.2,563.5,462.7,571.1,17.5,2.97,Normal (<10%),27.3,4,0.74,16,19.0,21.7932,80.2015
2026-10-14 22:00:00,BAL_SOUTH_PIT,Shift_3_Night,522.1,8.0,24.0,26,3,14,1.9,10.7,0.33,20.8,498.5,534.4,491.9,30.2,5.78,Normal (<10%),28.1,3,0.82,17,22.6,21.8005,80.1901
2026-10-15 06:00:00,BAL_DEEP_LEVEL_3,Shift_1_Morning,567.0,8.0,23.0,24,3,16,0.2,3.5,0.3,0.0,324.0,308.8,268.9,298.1,52.57,Critical (>25%),28.2,5,0.88,18,20.2,21.8064,80.1876
2026-10-15 14:00:00,BAL_NORTH_PIT,Shift_2_Evening,542.1,8.0,19.0,20,2,14,1.7,6.0,0.22,6.0,545.2,500.9,476.1,66.0,12.17,Alert (10-25%),27.5,4,1.13,17,20.6,21.8121,80.1843
2026-10-15 22:00:00,BAL_DEEP_LEVEL_3,Shift_3_Night,422.5,7.5,19.0,20,2,11,3.3,18.8,0.24,4.0,355.7,457.1,319.0,103.5,24.5,Alert (10-25%),27.4,2,0.41,13,21.3,21.8064,80.1876
2026-10-16 06:00:00,UKWA_EXTENSION,Shift_1_Morning,547.2,8.0,20.0,22,4,16,0.8,3.7,0.21,0.0,514.1,540.0,547.2,0.0,0.0,Normal (<10%),28.7,4,0.05,16,21.1,21.7932,80.2015
2026-10-16 14:00:00,BAL_DEEP_LEVEL_3,Shift_2_Evening,455.0,7.5,19.0,22,4,16,0.8,4.2,0.31,4.0,456.6,387.8,213.9,241.1,52.99,Critical (>25%),27.8,5,0.64,18,21.5,21.8064,80.1876
2026-10-16 22:00:00,UKWA_EXTENSION,Shift_3_Night,527.8,7.5,21.0,22,4,16,0.9,3.2,0.27,3.9,408.8,528.4,458.9,68.9,13.05,Alert (10-25%),28.7,5,0.88,17,20.6,21.7932,80.2015
2026-10-17 06:00:00,UKWA_EXTENSION,Shift_1_Morning,468.2,8.0,23.0,26,3,16,0.1,10.4,0.27,7.5,457.8,409.0,453.8,14.4,3.08,Normal (<10%),30.3,4,0.55,17,21.9,21.7932,80.2015
2026-10-17 14:00:00,BAL_SOUTH_PIT,Shift_2_Evening,599.5,8.0,20.0,20,4,13,3.3,14.3,0.25,17.0,421.0,491.7,375.7,223.8,37.33,Critical (>25%),28.7,6,0.9,13,19.7,21.8005,80.1901
2026-10-17 22:00:00,UKWA_EXTENSION,Shift_3_Night,452.7,8.0,16.0,18,4,15,3.1,11.3,0.3,7.3,522.6,557.2,399.3,53.4,11.8,Alert (10-25%),32.0,5,0.65,17,22.3,21.7932,80.2015
2026-10-18 06:00:00,BAL_SOUTH_PIT,Shift_1_Morning,455.8,8.0,18.0,18,4,11,9.3,30.2,0.46,24.2,377.6,476.3,434.1,21.7,4.76,Normal (<10%),26.1,5,1.42,13,24.3,21.8005,80.1901
2026-10-18 14:00:00,BAL_SOUTH_PIT,Shift_2_Evening,586.1,8.0,22.0,22,2,11,1.3,12.2,0.25,4.2,444.0,453.7,515.1,71.0,12.11,Alert (10-25%),28.1,3,0.15,14,22.3,21.8005,80.1901
2026-10-18 22:00:00,BAL_SOUTH_PIT,Shift_3_Night,404.9,7.5,17.0,18,2,14,2.1,4.8,0.13,9.7,495.3,391.7,320.5,84.4,20.84,Alert (10-25%),29.8,3,0.85,15,19.3,21.8005,80.1901
2026-10-19 06:00:00,BAL_NORTH_PIT,Shift_1_Morning,539.3,7.5,25.0,26,4,14,0.3,3.4,0.17,9.2,456.8,372.0,516.6,22.7,4.21,Normal (<10%),30.1,4,0.32,14,18.8,21.8121,80.1843
2026-10-19 14:00:00,BAL_NORTH_PIT,Shift_2_Evening,545.1,7.5,17.0,18,4,15,1.7,5.7,0.23,2.5,526.5,584.8,514.1,31.0,5.69,Normal (<10%),29.8,5,0.51,16,19.3,21.8121,80.1843
2026-10-19 22:00:00,UKWA_EXTENSION,Shift_3_Night,567.3,8.0,21.0,22,3,16,1.6,6.8,0.23,6.4,452.0,382.2,517.7,49.6,8.74,Normal (<10%),32.2,5,0.92,17,19.4,21.7932,80.2015
2026-10-20 06:00:00,BAL_SOUTH_PIT,Shift_1_Morning,594.9,8.0,17.0,18,3,11,3.5,9.9,0.32,3.1,449.1,555.8,581.3,13.6,2.29,Normal (<10%),27.0,3,0.6,11,19.6,21.8005,80.1901
2026-10-20 14:00:00,BAL_NORTH_PIT,Shift_2_Evening,595.1,7.5,18.0,20,3,12,2.7,10.4,0.22,5.8,427.8,412.5,267.0,328.1,55.13,Critical (>25%),30.1,3,0.62,14,21.1,21.8121,80.1843
2026-10-20 22:00:00,BAL_SOUTH_PIT,Shift_3_Night,413.1,8.0,23.0,26,3,14,4.2,18.5,0.28,16.0,388.7,547.5,370.9,42.2,10.22,Alert (10-25%),28.2,4,0.76,14,20.6,21.8005,80.1901
2026-10-21 06:00:00,BAL_DEEP_LEVEL_3,Shift_1_Morning,564.4,8.0,24.0,26,4,12,3.0,8.6,0.21,8.2,572.9,566.9,533.5,30.9,5.47,Normal (<10%),26.7,5,1.03,12,20.2,21.8064,80.1876
2026-10-21 14:00:00,BAL_DEEP_LEVEL_3,Shift_2_Evening,529.3,8.0,25.0,26,4,16,3.0,15.4,0.32,1.6,508.4,572.3,512.8,16.5,3.12,Normal (<10%),29.0,6,1.38,17,21.7,21.8064,80.1876
2026-10-21 22:00:00,BAL_DEEP_LEVEL_3,Shift_3_Night,529.5,7.5,20.0,20,4,11,0.1,3.7,0.18,0.0,383.1,372.1,297.4,232.1,43.83,Critical (>25%),31.5,5,0.94,14,19.4,21.8064,80.1876
2026-10-22 06:00:00,UKWA_EXTENSION,Shift_1_Morning,425.7,8.0,19.0,20,4,14,2.8,15.4,0.27,7.3,341.8,371.2,257.0,168.7,39.63,Critical (>25%),26.9,5,0.54,15,19.9,21.7932,80.2015
2026-10-22 14:00:00,BAL_SOUTH_PIT,Shift_2_Evening,530.0,7.5,18.0,20,4,16,1.4,6.7,0.16,5.6,329.9,383.9,248.5,281.5,53.11,Critical (>25%),29.5,4,0.55,19,20.3,21.8005,80.1901
2026-10-22 22:00:00,BAL_DEEP_LEVEL_3,Shift_3_Night,596.5,8.0,23.0,24,3,14,0.7,3.6,0.19,0.0,540.5,551.2,524.1,72.4,12.14,Alert (10-25%),27.0,3,0.55,16,19.4,21.8064,80.1876
2026-10-23 06:00:00,BAL_NORTH_PIT,Shift_1_Morning,582.4,8.0,25.0,26,3,16,0.1,9.2,0.33,0.0,594.4,562.8,571.0,11.4,1.96,Normal (<10%),26.4,3,0.16,16,19.7,21.8121,80.1843
2026-10-23 14:00:00,BAL_DEEP_LEVEL_3,Shift_2_Evening,487.8,7.5,21.0,22,4,14,1.7,13.9,0.36,0.0,423.3,450.8,447.1,40.7,8.34,Normal (<10%),29.3,4,0.0,16,23.5,21.8064,80.1876
2026-10-23 22:00:00,BAL_DEEP_LEVEL_3,Shift_3_Night,408.0,8.0,17.0,18,4,16,0.6,7.1,0.27,15.2,398.3,501.4,394.0,14.0,3.43,Normal (<10%),28.1,5,0.09,16,18.5,21.8064,80.1876
2026-10-24 06:00:00,BAL_DEEP_LEVEL_3,Shift_1_Morning,472.5,8.0,23.0,24,3,14,0.9,7.8,0.26,6.2,467.9,469.4,460.2,12.3,2.6,Normal (<10%),27.2,5,1.02,15,22.5,21.8064,80.1876
2026-10-24 14:00:00,UKWA_EXTENSION,Shift_2_Evening,565.3,8.0,16.0,18,4,14,1.7,10.6,0.22,0.0,426.4,429.7,550.3,15.0,2.65,Normal (<10%),29.2,4,0.49,14,20.2,21.7932,80.2015
2026-10-24 22:00:00,BAL_NORTH_PIT,Shift_3_Night,540.3,7.5,17.0,18,3,11,3.6,13.6,0.28,14.2,464.4,403.1,451.2,89.1,16.49,Alert (10-25%),27.4,3,0.05,12,21.9,21.8121,80.1843
2026-10-25 06:00:00,BAL_SOUTH_PIT,Shift_1_Morning,491.9,8.0,20.0,20,4,14,2.6,20.5,0.31,21.1,444.4,489.8,470.2,21.7,4.41,Normal (<10%),26.8,5,1.02,15,22.4,21.8005,80.1901
2026-10-25 14:00:00,BAL_NORTH_PIT,Shift_2_Evening,411.0,8.0,22.0,24,4,15,0.9,2.6,0.21,2.8,455.5,527.6,367.0,44.0,10.71,Alert (10-25%),30.6,6,1.05,18,21.2,21.8121,80.1843
2026-10-25 22:00:00,BAL_SOUTH_PIT,Shift_3_Night,485.4,8.0,20.0,22,2,12,0.7,4.9,0.26,6.4,495.8,479.0,402.6,82.8,17.06,Alert (10-25%),27.3,4,1.4,15,22.7,21.8005,80.1901
2026-10-26 06:00:00,UKWA_EXTENSION,Shift_1_Morning,493.8,8.0,16.0,18,3,13,0.4,3.1,0.17,8.6,416.2,310.8,200.2,293.6,59.46,Critical (>25%),28.4,3,0.51,15,18.9,21.7932,80.2015
2026-10-26 14:00:00,UKWA_EXTENSION,Shift_2_Evening,585.7,8.0,18.0,18,3,16,0.7,5.9,0.36,7.0,467.6,425.6,283.6,302.1,51.58,Critical (>25%),28.6,4,0.38,17,20.8,21.7932,80.2015
2026-10-26 22:00:00,UKWA_EXTENSION,Shift_3_Night,528.2,7.5,22.0,24,4,11,0.2,1.5,0.29,4.2,542.1,482.6,464.4,63.8,12.08,Alert (10-25%),30.6,5,0.84,14,20.2,21.7932,80.2015
2026-10-27 06:00:00,UKWA_EXTENSION,Shift_1_Morning,462.3,7.5,21.0,22,4,14,5.3,19.0,0.25,5.0,465.7,412.2,263.0,199.3,43.11,Critical (>25%),29.8,5,0.9,14,18.9,21.7932,80.2015
2026-10-27 14:00:00,BAL_SOUTH_PIT,Shift_2_Evening,505.1,8.0,21.0,22,3,14,1.3,3.3,0.22,0.0,473.0,440.9,501.6,3.5,0.69,Normal (<10%),28.4,4,0.54,17,20.1,21.8005,80.1901
2026-10-27 22:00:00,BAL_DEEP_LEVEL_3,Shift_3_Night,413.2,8.0,21.0,22,3,16,0.2,5.3,0.2,7.8,392.5,481.7,380.5,32.7,7.91,Normal (<10%),30.8,5,0.57,16,21.4,21.8064,80.1876
2026-10-28 06:00:00,BAL_SOUTH_PIT,Shift_1_Morning,594.5,7.5,17.0,18,4,12,0.7,5.8,0.26,2.7,560.4,550.1,528.2,66.3,11.15,Alert (10-25%),27.8,4,0.43,12,19.7,21.8005,80.1901
2026-10-28 14:00:00,BAL_NORTH_PIT,Shift_2_Evening,472.0,8.0,19.0,20,3,11,1.2,3.2,0.21,0.0,380.6,357.2,271.4,200.6,42.5,Critical (>25%),32.2,3,0.1,14,22.6,21.8121,80.1843
2026-10-28 22:00:00,UKWA_EXTENSION,Shift_3_Night,495.6,8.0,23.0,24,3,12,1.1,2.4,0.12,6.5,473.9,477.1,466.8,28.8,5.81,Normal (<10%),28.4,3,0.74,14,21.7,21.7932,80.2015
2026-10-29 06:00:00,UKWA_EXTENSION,Shift_1_Morning,471.1,8.0,22.0,22,3,12,0.1,0.7,0.16,0.0,390.5,489.3,471.1,0.0,0.0,Normal (<10%),32.0,5,0.88,14,22.8,21.7932,80.2015
2026-10-29 14:00:00,BAL_NORTH_PIT,Shift_2_Evening,536.5,8.0,19.0,20,2,14,4.5,17.4,0.35,11.4,548.3,529.7,476.4,60.1,11.2,Alert (10-25%),26.5,4,1.52,15,23.4,21.8121,80.1843
2026-10-29 22:00:00,BAL_SOUTH_PIT,Shift_3_Night,532.4,8.0,20.0,22,3,16,0.5,4.2,0.21,3.1,425.9,513.6,467.9,64.5,12.11,Alert (10-25%),32.4,3,0.0,17,22.3,21.8005,80.1901
2026-10-30 06:00:00,BAL_DEEP_LEVEL_3,Shift_1_Morning,543.1,8.0,18.0,18,4,12,0.0,3.0,0.2,5.4,500.7,499.6,533.8,9.3,1.71,Normal (<10%),30.4,4,0.44,12,19.7,21.8064,80.1876
2026-10-30 14:00:00,BAL_DEEP_LEVEL_3,Shift_2_Evening,453.6,8.0,20.0,22,4,14,0.1,2.1,0.24,3.1,347.5,382.4,261.1,192.5,42.44,Critical (>25%),27.9,4,0.83,17,21.0,21.8064,80.1876
2026-10-30 22:00:00,BAL_NORTH_PIT,Shift_3_Night,463.1,8.0,17.0,18,3,12,1.3,5.2,0.27,5.2,420.1,433.1,434.9,28.2,6.09,Normal (<10%),28.2,3,0.13,13,20.6,21.8121,80.1843
2026-10-31 06:00:00,BAL_DEEP_LEVEL_3,Shift_1_Morning,425.1,7.5,23.0,24,3,13,0.2,3.4,0.21,0.2,446.6,401.1,396.1,29.0,6.82,Normal (<10%),30.6,4,0.65,14,19.9,21.8064,80.1876
2026-10-31 14:00:00,BAL_SOUTH_PIT,Shift_2_Evening,531.1,7.5,17.0,18,3,12,0.1,3.3,0.11,0.3,493.1,533.4,300.0,231.1,43.51,Critical (>25%),31.7,4,0.58,12,19.0,21.8005,80.1901
2026-10-31 22:00:00,BAL_SOUTH_PIT,Shift_3_Night,408.0,8.0,20.0,22,4,14,0.7,5.7,0.19,5.5,420.2,397.2,378.9,29.1,7.13,Normal (<10%),29.3,4,0.19,17,21.4,21.8005,80.1901
2026-11-01 06:00:00,BAL_NORTH_PIT,Shift_1_Morning,519.5,8.0,24.0,26,4,12,1.5,11.2,0.15,5.0,532.8,640.0,509.7,9.8,1.89,Normal (<10%),27.1,4,0.47,13,19.5,21.8121,80.1843
2026-11-01 14:00:00,BAL_SOUTH_PIT,Shift_2_Evening,573.9,8.0,18.0,20,4,15,0.2,2.3,0.14,0.0,530.4,479.4,554.3,19.6,3.42,Normal (<10%),28.9,5,0.31,15,17.6,21.8005,80.1901
2026-11-01 22:00:00,UKWA_EXTENSION,Shift_3_Night,578.2,8.0,17.0,18,4,16,0.6,7.5,0.24,11.4,416.6,492.1,527.0,51.2,8.86,Normal (<10%),27.0,5,0.67,16,20.3,21.7932,80.2015
2026-11-02 06:00:00,BAL_NORTH_PIT,Shift_1_Morning,489.8,7.5,17.0,18,4,16,0.8,4.5,0.22,0.0,522.9,503.6,444.9,44.9,9.17,Normal (<10%),25.2,4,0.55,17,19.3,21.8121,80.1843
2026-11-02 14:00:00,BAL_SOUTH_PIT,Shift_2_Evening,491.9,7.5,24.0,26,2,16,0.3,5.5,0.29,1.4,345.8,497.5,391.6,100.3,20.39,Alert (10-25%),25.4,2,0.34,18,20.3,21.8005,80.1901
2026-11-02 22:00:00,BAL_NORTH_PIT,Shift_3_Night,415.4,7.5,20.0,22,4,14,1.1,5.3,0.22,9.7,452.6,481.2,352.8,62.6,15.07,Alert (10-25%),27.4,4,0.1,14,19.5,21.8121,80.1843
2026-11-03 06:00:00,BAL_DEEP_LEVEL_3,Shift_1_Morning,534.2,7.5,18.0,20,3,16,0.1,12.9,0.22,5.2,556.1,575.3,481.5,52.7,9.87,Normal (<10%),28.3,3,0.71,17,20.1,21.8064,80.1876
2026-11-03 14:00:00,BAL_SOUTH_PIT,Shift_2_Evening,564.3,8.0,19.0,20,2,12,0.1,4.3,0.28,4.5,588.6,552.9,486.3,78.0,13.82,Alert (10-25%),29.2,4,1.22,15,22.2,21.8005,80.1901
2026-11-03 22:00:00,UKWA_EXTENSION,Shift_3_Night,448.9,8.0,18.0,20,3,16,1.1,9.7,0.34,8.5,525.3,560.8,433.3,15.6,3.48,Normal (<10%),27.2,5,0.69,17,20.9,21.7932,80.2015
2026-11-04 06:00:00,BAL_SOUTH_PIT,Shift_1_Morning,484.3,8.0,19.0,20,4,16,0.4,1.7,0.25,0.7,414.1,503.5,464.5,19.8,4.09,Normal (<10%),27.6,5,0.31,19,22.0,21.8005,80.1901
2026-11-04 14:00:00,BAL_NORTH_PIT,Shift_2_Evening,567.8,7.5,21.0,24,3,14,0.2,6.3,0.23,2.3,384.7,319.7,221.2,346.6,61.04,Critical (>25%),28.0,3,0.11,14,20.0,21.8121,80.1843
2026-11-04 22:00:00,BAL_NORTH_PIT,Shift_3_Night,575.4,8.0,17.0,18,3,12,0.8,3.9,0.2,0.0,564.7,489.4,537.9,37.5,6.52,Normal (<10%),26.3,3,0.56,12,19.3,21.8121,80.1843
2026-11-05 06:00:00,BAL_SOUTH_PIT,Shift_1_Morning,448.6,8.0,23.0,24,4,14,3.7,14.5,0.21,12.8,477.4,555.4,434.2,14.4,3.21,Normal (<10%),26.2,4,0.48,15,20.7,21.8005,80.1901
2026-11-05 14:00:00,UKWA_EXTENSION,Shift_2_Evening,510.1,7.5,23.0,24,3,13,1.9,8.6,0.2,11.2,391.1,499.1,428.4,81.7,16.02,Alert (10-25%),25.7,4,0.94,13,18.4,21.7932,80.2015
2026-11-05 22:00:00,UKWA_EXTENSION,Shift_3_Night,438.5,7.5,20.0,22,4,16,2.5,9.0,0.22,11.0,450.7,400.9,248.9,189.6,43.24,Critical (>25%),24.9,5,0.6,16,20.2,21.7932,80.2015
2026-11-06 06:00:00,UKWA_EXTENSION,Shift_1_Morning,420.4,7.5,18.0,18,4,12,3.1,19.9,0.23,15.1,435.2,447.8,377.2,43.2,10.28,Alert (10-25%),26.3,4,0.12,13,21.8,21.7932,80.2015
2026-11-06 14:00:00,BAL_NORTH_PIT,Shift_2_Evening,582.2,7.5,21.0,22,3,12,5.4,19.8,0.28,3.3,582.6,588.4,529.1,53.1,9.12,Normal (<10%),25.8,5,1.28,12,21.9,21.8121,80.1843
2026-11-06 22:00:00,BAL_SOUTH_PIT,Shift_3_Night,564.1,7.5,22.0,24,3,14,2.2,5.7,0.21,7.6,490.7,472.2,501.6,62.5,11.08,Alert (10-25%),28.1,3,0.23,14,18.2,21.8005,80.1901
2026-11-07 06:00:00,BAL_DEEP_LEVEL_3,Shift_1_Morning,552.0,8.0,21.0,22,3,14,1.4,4.1,0.28,2.2,589.9,427.6,535.8,16.2,2.93,Normal (<10%),27.6,4,0.76,14,18.4,21.8064,80.1876
2026-11-07 14:00:00,BAL_NORTH_PIT,Shift_2_Evening,409.8,8.0,22.0,24,3,12,0.7,5.7,0.15,0.8,453.9,339.2,400.3,9.5,2.32,Normal (<10%),27.8,3,0.0,12,18.7,21.8121,80.1843
2026-11-07 22:00:00,UKWA_EXTENSION,Shift_3_Night,568.7,7.5,24.0,26,3,14,0.3,6.6,0.24,7.7,467.7,463.1,270.5,298.2,52.44,Critical (>25%),27.7,4,0.53,17,22.4,21.7932,80.2015
2026-11-08 06:00:00,BAL_SOUTH_PIT,Shift_1_Morning,487.6,8.0,23.0,24,4,12,1.7,6.1,0.16,5.2,439.5,400.4,476.5,11.1,2.28,Normal (<10%),27.3,5,1.0,13,19.9,21.8005,80.1901
2026-11-08 14:00:00,UKWA_EXTENSION,Shift_2_Evening,468.5,8.0,17.0,18,4,12,7.9,19.9,0.2,18.3,450.9,512.7,443.4,25.1,5.36,Normal (<10%),26.6,4,0.19,12,19.6,21.7932,80.2015
2026-11-08 22:00:00,BAL_DEEP_LEVEL_3,Shift_3_Night,509.3,8.0,20.0,22,3,12,0.9,5.5,0.2,5.4,404.9,570.0,468.0,41.3,8.11,Normal (<10%),26.1,3,0.64,12,18.1,21.8064,80.1876
2026-11-09 06:00:00,UKWA_EXTENSION,Shift_1_Morning,418.3,8.0,18.0,20,4,14,1.9,7.7,0.24,3.8,460.7,546.6,398.3,20.0,4.78,Normal (<10%),27.3,4,0.0,15,19.6,21.7932,80.2015
2026-11-09 14:00:00,UKWA_EXTENSION,Shift_2_Evening,551.3,7.5,18.0,20,3,14,1.0,4.4,0.29,1.2,426.9,439.5,484.7,66.6,12.08,Alert (10-25%),27.7,3,0.23,14,19.3,21.7932,80.2015
2026-11-09 22:00:00,BAL_DEEP_LEVEL_3,Shift_3_Night,516.5,8.0,17.0,18,3,11,0.8,8.0,0.23,8.4,399.0,539.3,452.8,63.7,12.33,Alert (10-25%),25.8,5,0.95,14,22.0,21.8064,80.1876
2026-11-10 06:00:00,BAL_SOUTH_PIT,Shift_1_Morning,437.3,8.0,21.0,22,3,14,0.8,3.5,0.19,0.0,370.7,439.1,433.8,3.5,0.8,Normal (<10%),27.5,4,1.22,14,20.4,21.8005,80.1901
2026-11-10 14:00:00,BAL_NORTH_PIT,Shift_2_Evening,437.6,8.0,20.0,20,4,16,1.1,5.1,0.19,0.9,416.7,479.6,432.8,4.8,1.1,Normal (<10%),26.3,6,0.65,16,18.4,21.8121,80.1843
2026-11-10 22:00:00,BAL_SOUTH_PIT,Shift_3_Night,436.8,7.5,20.0,22,3,16,0.7,6.6,0.21,0.0,364.8,526.0,391.9,44.9,10.28,Alert (10-25%),26.2,3,0.6,16,20.4,21.8005,80.1901
2026-11-11 06:00:00,BAL_DEEP_LEVEL_3,Shift_1_Morning,411.4,8.0,19.0,20,3,14,2.1,9.0,0.1,8.1,405.7,505.0,400.8,10.6,2.58,Normal (<10%),25.8,4,1.02,17,21.0,21.8064,80.1876
2026-11-11 14:00:00,UKWA_EXTENSION,Shift_2_Evening,517.6,7.5,17.0,18,4,16,3.1,10.1,0.21,10.0,450.8,490.3,464.3,53.3,10.3,Alert (10-25%),28.6,4,0.18,17,19.1,21.7932,80.2015
2026-11-11 22:00:00,BAL_SOUTH_PIT,Shift_3_Night,568.1,7.5,20.0,20,3,14,3.2,17.6,0.33,7.9,425.3,460.6,478.6,89.5,15.75,Alert (10-25%),27.0,3,0.29,14,21.0,21.8005,80.1901
2026-11-12 06:00:00,BAL_NORTH_PIT,Shift_1_Morning,403.5,7.5,18.0,20,4,16,0.4,2.7,0.1,0.0,440.9,358.4,375.0,28.5,7.06,Normal (<10%),28.8,5,0.74,16,19.1,21.8121,80.1843
2026-11-12 14:00:00,BAL_DEEP_LEVEL_3,Shift_2_Evening,409.8,7.5,19.0,20,3,14,3.4,19.1,0.27,17.5,417.7,465.7,367.1,42.7,10.42,Alert (10-25%),28.6,3,0.0,14,20.9,21.8064,80.1876
2026-11-12 22:00:00,BAL_SOUTH_PIT,Shift_3_Night,514.6,8.0,17.0,18,3,14,0.6,5.2,0.21,0.0,424.6,463.2,237.2,277.4,53.91,Critical (>25%),26.8,4,0.56,16,18.7,21.8005,80.1901
2026-11-13 06:00:00,BAL_NORTH_PIT,Shift_1_Morning,563.9,7.5,22.0,24,4,11,0.6,6.3,0.27,7.4,478.6,511.9,514.4,49.5,8.78,Normal (<10%),31.2,4,0.78,11,20.1,21.8121,80.1843
2026-11-13 14:00:00,BAL_DEEP_LEVEL_3,Shift_2_Evening,465.3,7.5,21.0,22,2,13,1.9,11.3,0.26,7.5,429.1,463.7,368.1,97.2,20.89,Alert (10-25%),26.0,2,0.56,13,20.9,21.8064,80.1876
2026-11-13 22:00:00,BAL_NORTH_PIT,Shift_3_Night,469.9,7.5,24.0,26,4,14,0.5,5.3,0.25,0.9,363.9,404.3,397.8,72.1,15.34,Alert (10-25%),27.3,6,0.95,15,21.8,21.8121,80.1843
2026-11-14 06:00:00,BAL_DEEP_LEVEL_3,Shift_1_Morning,519.3,7.5,25.0,26,3,12,0.1,15.2,0.24,13.0,466.5,527.3,481.3,38.0,7.32,Normal (<10%),25.6,5,1.03,13,20.1,21.8064,80.1876
2026-11-14 14:00:00,UKWA_EXTENSION,Shift_2_Evening,454.8,7.5,19.0,20,4,14,0.7,3.2,0.13,2.3,417.3,559.1,424.0,30.8,6.77,Normal (<10%),28.3,5,0.87,17,19.6,21.7932,80.2015
2026-11-14 22:00:00,BAL_SOUTH_PIT,Shift_3_Night,405.3,8.0,20.0,22,4,11,1.9,10.1,0.22,14.2,483.1,522.7,360.4,44.9,11.08,Alert (10-25%),27.9,4,0.63,13,20.5,21.8005,80.1901
2026-11-15 06:00:00,BAL_NORTH_PIT,Shift_1_Morning,547.0,7.5,19.0,20,4,16,0.6,3.5,0.21,0.0,560.7,495.6,492.4,54.6,9.98,Normal (<10%),27.1,4,0.23,17,20.2,21.8121,80.1843
2026-11-15 14:00:00,BAL_DEEP_LEVEL_3,Shift_2_Evening,525.1,8.0,20.0,22,3,16,1.5,10.0,0.31,0.0,518.3,547.3,497.1,28.0,5.33,Normal (<10%),28.8,3,0.86,16,20.6,21.8064,80.1876
2026-11-15 22:00:00,BAL_NORTH_PIT,Shift_3_Night,516.2,8.0,23.0,26,3,13,1.6,7.7,0.17,5.1,316.5,365.2,219.0,297.2,57.57,Critical (>25%),27.5,3,0.79,14,20.5,21.8121,80.1843
2026-11-16 06:00:00,BAL_NORTH_PIT,Shift_1_Morning,548.3,7.5,19.0,20,4,12,2.0,9.7,0.35,8.8,438.8,530.3,514.3,34.0,6.2,Normal (<10%),26.3,5,0.9,13,20.0,21.8121,80.1843
2026-11-16 14:00:00,BAL_SOUTH_PIT,Shift_2_Evening,535.0,8.0,18.0,20,4,12,3.4,11.5,0.27,6.7,530.9,374.1,527.3,7.7,1.44,Normal (<10%),24.9,4,0.15,12,20.7,21.8005,80.1901
2026-11-16 22:00:00,UKWA_EXTENSION,Shift_3_Night,441.2,8.0,22.0,22,4,16,0.8,7.0,0.2,13.7,530.6,433.7,392.2,49.0,11.11,Alert (10-25%),27.7,4,0.09,16,18.9,21.7932,80.2015
2026-11-17 06:00:00,BAL_NORTH_PIT,Shift_1_Morning,470.5,8.0,22.0,24,3,14,0.3,2.2,0.17,7.5,411.2,508.8,416.3,54.2,11.52,Alert (10-25%),27.4,3,0.3,17,20.2,21.8121,80.1843
2026-11-17 14:00:00,BAL_DEEP_LEVEL_3,Shift_2_Evening,425.2,7.5,20.0,20,3,16,0.6,3.8,0.21,0.0,385.2,387.3,396.9,28.3,6.66,Normal (<10%),26.3,3,0.42,17,21.6,21.8064,80.1876
2026-11-17 22:00:00,BAL_DEEP_LEVEL_3,Shift_3_Night,426.0,7.5,25.0,26,3,12,0.8,4.2,0.22,3.1,341.1,455.0,221.7,204.3,47.96,Critical (>25%),26.0,4,0.17,13,18.6,21.8064,80.1876
2026-11-18 06:00:00,UKWA_EXTENSION,Shift_1_Morning,535.2,7.5,19.0,20,4,11,1.9,14.1,0.27,0.4,420.0,449.0,476.2,59.0,11.02,Alert (10-25%),30.1,5,0.85,13,21.0,21.7932,80.2015
2026-11-18 14:00:00,BAL_DEEP_LEVEL_3,Shift_2_Evening,571.7,7.5,17.0,18,4,11,0.0,5.6,0.26,9.0,570.5,568.4,484.1,87.6,15.32,Alert (10-25%),26.4,5,1.09,11,18.6,21.8064,80.1876
2026-11-18 22:00:00,UKWA_EXTENSION,Shift_3_Night,592.5,7.5,16.0,18,4,15,0.6,3.3,0.18,0.0,463.0,593.5,524.4,68.1,11.49,Alert (10-25%),25.3,6,1.17,15,19.4,21.7932,80.2015
2026-11-19 06:00:00,BAL_DEEP_LEVEL_3,Shift_1_Morning,525.7,7.5,21.0,24,3,12,2.3,9.0,0.25,7.0,489.7,526.5,489.6,36.1,6.87,Normal (<10%),25.5,3,0.2,15,22.3,21.8064,80.1876
2026-11-19 14:00:00,BAL_SOUTH_PIT,Shift_2_Evening,436.8,7.5,20.0,22,3,14,1.7,7.9,0.22,4.0,405.1,500.5,393.3,43.5,9.96,Normal (<10%),26.8,3,0.16,16,20.8,21.8005,80.1901
2026-11-19 22:00:00,BAL_NORTH_PIT,Shift_3_Night,421.1,8.0,17.0,18,3,12,2.0,7.9,0.32,0.0,509.5,474.2,378.9,42.2,10.02,Alert (10-25%),27.1,4,0.79,12,20.3,21.8121,80.1843
2026-11-20 06:00:00,BAL_SOUTH_PIT,Shift_1_Morning,562.6,8.0,19.0,20,4,12,2.5,11.3,0.17,11.7,444.7,529.2,562.6,0.0,0.0,Normal (<10%),27.7,4,0.35,15,22.2,21.8005,80.1901
2026-11-20 14:00:00,BAL_NORTH_PIT,Shift_2_Evening,515.8,7.5,19.0,20,4,12,2.3,10.1,0.36,1.4,470.1,435.2,244.3,271.5,52.64,Critical (>25%),26.9,6,1.13,12,21.1,21.8121,80.1843
2026-11-20 22:00:00,BAL_NORTH_PIT,Shift_3_Night,523.7,8.0,20.0,22,3,13,1.7,8.2,0.2,2.9,532.7,413.4,512.0,11.7,2.23,Normal (<10%),26.0,3,0.58,14,20.9,21.8121,80.1843
2026-11-21 06:00:00,BAL_NORTH_PIT,Shift_1_Morning,556.3,7.5,17.0,18,4,16,0.9,17.9,0.24,16.2,424.0,520.6,505.2,51.1,9.19,Normal (<10%),26.4,4,0.73,16,21.2,21.8121,80.1843
2026-11-21 14:00:00,BAL_SOUTH_PIT,Shift_2_Evening,540.7,7.5,24.0,26,2,11,6.2,24.2,0.31,11.3,407.7,402.4,437.2,103.5,19.14,Alert (10-25%),23.7,2,0.1,12,18.8,21.8005,80.1901
2026-11-21 22:00:00,BAL_NORTH_PIT,Shift_3_Night,566.9,7.5,22.0,22,3,12,1.3,16.5,0.29,18.5,492.3,423.0,504.0,62.9,11.1,Alert (10-25%),24.8,3,0.47,12,20.7,21.8121,80.1843
2026-11-22 06:00:00,BAL_SOUTH_PIT,Shift_1_Morning,411.2,8.0,26.0,26,3,16,0.3,2.7,0.2,0.0,371.0,487.5,392.1,19.1,4.64,Normal (<10%),26.0,5,0.89,16,18.3,21.8005,80.1901
2026-11-22 14:00:00,UKWA_EXTENSION,Shift_2_Evening,549.5,7.5,20.0,20,4,15,0.5,2.9,0.24,0.0,403.5,407.4,205.7,343.8,62.57,Critical (>25%),25.3,4,0.37,17,19.6,21.7932,80.2015
2026-11-22 22:00:00,BAL_DEEP_LEVEL_3,Shift_3_Night,570.2,7.5,24.0,26,2,13,1.8,10.1,0.23,7.0,389.0,422.0,259.1,311.1,54.56,Critical (>25%),28.2,2,0.66,13,21.5,21.8064,80.1876
2026-11-23 06:00:00,BAL_DEEP_LEVEL_3,Shift_1_Morning,457.2,7.5,19.0,22,4,16,3.9,11.8,0.23,16.0,404.7,603.5,421.5,35.7,7.81,Normal (<10%),27.5,4,0.69,17,20.1,21.8064,80.1876
2026-11-23 14:00:00,BAL_NORTH_PIT,Shift_2_Evening,528.1,7.5,16.0,18,4,16,0.3,6.2,0.18,4.1,435.8,422.6,460.8,67.3,12.74,Alert (10-25%),28.7,4,0.82,19,22.5,21.8121,80.1843
2026-11-23 22:00:00,BAL_SOUTH_PIT,Shift_3_Night,462.8,8.0,21.0,22,3,14,0.1,6.7,0.3,9.4,473.8,454.6,422.2,40.6,8.77,Normal (<10%),26.5,4,0.83,17,20.0,21.8005,80.1901
2026-11-24 06:00:00,BAL_DEEP_LEVEL_3,Shift_1_Morning,591.6,7.5,23.0,24,3,16,3.2,12.0,0.28,1.3,497.9,523.3,475.1,116.5,19.69,Alert (10-25%),27.3,4,0.67,17,19.7,21.8064,80.1876
2026-11-24 14:00:00,BAL_SOUTH_PIT,Shift_2_Evening,406.7,8.0,22.0,24,4,15,3.7,20.6,0.25,11.9,506.1,337.8,382.1,24.6,6.05,Normal (<10%),23.0,5,0.63,15,21.5,21.8005,80.1901
2026-11-24 22:00:00,BAL_SOUTH_PIT,Shift_3_Night,516.0,8.0,25.0,26,4,12,0.5,5.6,0.21,2.2,431.9,489.1,475.2,40.8,7.91,Normal (<10%),28.4,4,0.0,12,19.3,21.8005,80.1901
2026-11-25 06:00:00,BAL_NORTH_PIT,Shift_1_Morning,433.3,7.5,19.0,20,3,16,0.7,6.5,0.17,0.0,366.6,393.6,375.9,57.4,13.25,Alert (10-25%),27.5,3,0.8,17,20.1,21.8121,80.1843
2026-11-25 14:00:00,BAL_DEEP_LEVEL_3,Shift_2_Evening,542.4,7.5,18.0,18,4,11,1.6,14.3,0.41,1.6,497.4,351.9,270.5,271.9,50.13,Critical (>25%),26.1,4,0.3,11,21.2,21.8064,80.1876
2026-11-25 22:00:00,BAL_NORTH_PIT,Shift_3_Night,435.2,8.0,24.0,26,4,16,0.6,3.2,0.23,0.9,488.0,463.9,394.7,40.5,9.31,Normal (<10%),27.7,4,0.55,18,20.2,21.8121,80.1843
2026-11-26 06:00:00,BAL_NORTH_PIT,Shift_1_Morning,447.1,8.0,21.0,22,3,16,3.1,12.3,0.16,16.1,489.8,483.7,410.7,36.4,8.14,Normal (<10%),25.4,4,0.9,19,20.6,21.8121,80.1843
2026-11-26 14:00:00,BAL_DEEP_LEVEL_3,Shift_2_Evening,498.9,8.0,23.0,24,3,15,0.2,1.7,0.14,2.2,414.1,516.5,473.6,25.3,5.07,Normal (<10%),25.6,5,0.63,16,19.5,21.8064,80.1876
2026-11-26 22:00:00,BAL_DEEP_LEVEL_3,Shift_3_Night,583.0,8.0,17.0,18,4,12,0.1,1.6,0.15,0.0,383.3,468.1,545.1,37.9,6.5,Normal (<10%),26.7,6,0.72,13,20.0,21.8064,80.1876
2026-11-27 06:00:00,UKWA_EXTENSION,Shift_1_Morning,442.3,7.5,23.0,24,4,12,0.4,7.1,0.25,0.0,527.4,522.3,409.5,32.8,7.42,Normal (<10%),27.6,4,0.86,13,21.9,21.7932,80.2015
2026-11-27 14:00:00,UKWA_EXTENSION,Shift_2_Evening,428.8,8.0,18.0,18,4,12,0.5,9.1,0.16,4.2,406.0,403.5,428.8,0.0,0.0,Normal (<10%),28.2,4,0.49,12,19.3,21.7932,80.2015
2026-11-27 22:00:00,BAL_SOUTH_PIT,Shift_3_Night,551.8,8.0,18.0,18,3,16,0.2,1.4,0.14,0.0,511.5,551.4,505.0,46.8,8.48,Normal (<10%),25.8,4,0.53,17,18.9,21.8005,80.1901
2026-11-28 06:00:00,BAL_DEEP_LEVEL_3,Shift_1_Morning,500.1,8.0,21.0,24,3,12,0.1,4.6,0.21,5.0,558.7,407.3,495.8,4.3,0.86,Normal (<10%),25.7,3,0.36,15,20.2,21.8064,80.1876
2026-11-28 14:00:00,UKWA_EXTENSION,Shift_2_Evening,582.4,8.0,23.0,24,3,16,2.1,10.3,0.25,5.6,460.3,570.0,565.9,16.5,2.83,Normal (<10%),25.4,4,1.03,17,22.0,21.7932,80.2015
2026-11-28 22:00:00,BAL_SOUTH_PIT,Shift_3_Night,429.3,7.5,21.0,22,3,14,0.3,6.6,0.21,7.6,441.9,465.0,383.0,46.3,10.78,Alert (10-25%),26.5,3,0.68,16,21.1,21.8005,80.1901
2026-11-29 06:00:00,BAL_SOUTH_PIT,Shift_1_Morning,529.2,7.5,21.0,22,3,12,3.7,13.4,0.25,12.8,505.9,431.8,488.0,41.2,7.79,Normal (<10%),24.2,5,0.56,15,19.6,21.8005,80.1901
2026-11-29 14:00:00,BAL_SOUTH_PIT,Shift_2_Evening,446.6,7.5,17.0,18,3,16,0.7,6.5,0.16,4.0,545.5,415.9,421.4,25.2,5.64,Normal (<10%),25.2,4,1.19,16,17.4,21.8005,80.1901
2026-11-29 22:00:00,UKWA_EXTENSION,Shift_3_Night,431.4,8.0,20.0,22,3,16,1.7,7.5,0.26,4.7,398.9,454.2,402.2,29.2,6.77,Normal (<10%),25.4,4,0.99,16,19.2,21.7932,80.2015
2026-11-30 06:00:00,BAL_DEEP_LEVEL_3,Shift_1_Morning,536.7,8.0,21.0,22,3,14,0.4,4.9,0.12,3.4,516.5,465.5,536.7,0.0,0.0,Normal (<10%),27.8,3,0.35,17,20.4,21.8064,80.1876
2026-11-30 14:00:00,BAL_NORTH_PIT,Shift_2_Evening,518.7,7.5,21.0,22,4,14,0.4,5.5,0.22,0.0,403.0,545.2,462.0,56.7,10.93,Alert (10-25%),25.3,6,0.64,15,20.0,21.8121,80.1843
2026-11-30 22:00:00,BAL_SOUTH_PIT,Shift_3_Night,551.0,7.5,16.0,18,4,14,1.3,6.0,0.32,7.6,573.8,520.7,471.2,79.8,14.48,Alert (10-25%),26.2,5,1.02,16,21.6,21.8005,80.1901
2026-12-01 06:00:00,UKWA_EXTENSION,Shift_1_Morning,461.9,8.0,19.0,20,4,12,1.2,13.9,0.25,17.8,502.0,446.1,453.7,8.2,1.78,Normal (<10%),27.0,5,0.84,13,20.6,21.7932,80.2015
2026-12-01 14:00:00,UKWA_EXTENSION,Shift_2_Evening,489.6,7.5,19.0,20,3,14,2.2,6.9,0.16,4.9,585.4,543.9,442.4,47.2,9.64,Normal (<10%),24.5,3,0.0,14,20.8,21.7932,80.2015
2026-12-01 22:00:00,BAL_NORTH_PIT,Shift_3_Night,481.1,8.0,24.0,26,2,16,2.1,14.4,0.27,5.7,512.2,363.0,417.9,63.2,13.14,Alert (10-25%),24.9,2,0.33,16,21.3,21.8121,80.1843
2026-12-02 06:00:00,BAL_NORTH_PIT,Shift_1_Morning,596.8,8.0,18.0,20,3,12,1.7,7.0,0.22,4.6,551.4,502.7,596.8,0.0,0.0,Normal (<10%),27.7,5,1.94,12,19.8,21.8121,80.1843
2026-12-02 14:00:00,UKWA_EXTENSION,Shift_2_Evening,458.4,8.0,23.0,24,4,15,0.9,6.4,0.24,2.1,532.4,402.3,431.9,26.5,5.78,Normal (<10%),25.4,4,0.4,15,21.0,21.7932,80.2015
2026-12-02 22:00:00,BAL_DEEP_LEVEL_3,Shift_3_Night,459.0,8.0,23.0,24,4,16,3.3,12.1,0.27,8.2,518.3,410.4,420.2,38.8,8.45,Normal (<10%),24.6,4,0.18,18,19.5,21.8064,80.1876
2026-12-03 06:00:00,BAL_NORTH_PIT,Shift_1_Morning,470.9,8.0,21.0,22,3,12,1.5,8.7,0.29,4.2,360.6,446.7,251.8,219.1,46.53,Critical (>25%),27.3,3,0.1,15,21.4,21.8121,80.1843
2026-12-03 14:00:00,UKWA_EXTENSION,Shift_2_Evening,512.9,8.0,25.0,26,4,15,6.9,29.6,0.32,9.0,498.8,444.9,488.2,24.7,4.82,Normal (<10%),23.3,4,1.01,18,23.0,21.7932,80.2015
2026-12-03 22:00:00,BAL_NORTH_PIT,Shift_3_Night,450.5,7.5,21.0,22,4,14,2.6,11.2,0.21,7.9,445.3,332.8,162.2,288.3,64.0,Critical (>25%),27.5,4,0.65,14,20.5,21.8121,80.1843
2026-12-04 06:00:00,BAL_DEEP_LEVEL_3,Shift_1_Morning,583.1,7.5,21.0,22,3,12,0.1,2.1,0.17,12.5,471.4,369.9,272.6,310.5,53.25,Critical (>25%),27.5,3,0.82,13,17.8,21.8064,80.1876
2026-12-04 14:00:00,BAL_SOUTH_PIT,Shift_2_Evening,453.1,7.5,18.0,20,4,12,0.6,3.7,0.19,0.0,574.1,520.1,376.3,76.8,16.95,Alert (10-25%),26.0,4,0.47,12,19.1,21.8005,80.1901
2026-12-04 22:00:00,BAL_NORTH_PIT,Shift_3_Night,579.2,8.0,21.0,22,4,12,1.3,12.5,0.28,13.8,477.1,513.5,341.2,238.0,41.09,Critical (>25%),26.0,4,0.78,12,20.8,21.8121,80.1843
2026-12-05 06:00:00,BAL_DEEP_LEVEL_3,Shift_1_Morning,420.7,7.5,23.0,26,3,11,1.9,10.0,0.18,8.7,387.4,418.9,372.9,47.8,11.36,Alert (10-25%),26.6,3,0.15,12,20.6,21.8064,80.1876
2026-12-05 14:00:00,UKWA_EXTENSION,Shift_2_Evening,531.3,8.0,18.0,20,4,12,1.2,7.7,0.19,0.5,429.3,484.7,511.9,19.4,3.65,Normal (<10%),27.8,4,0.45,15,22.0,21.7932,80.2015
2026-12-05 22:00:00,BAL_NORTH_PIT,Shift_3_Night,581.4,8.0,25.0,26,3,14,2.3,8.1,0.24,0.0,492.0,382.5,330.2,251.2,43.21,Critical (>25%),25.1,3,0.49,14,20.7,21.8121,80.1843
2026-12-06 06:00:00,BAL_NORTH_PIT,Shift_1_Morning,433.7,8.0,20.0,22,3,12,0.5,4.4,0.28,4.2,459.9,432.7,433.7,0.0,0.0,Normal (<10%),26.0,3,0.81,13,20.3,21.8121,80.1843
2026-12-06 14:00:00,UKWA_EXTENSION,Shift_2_Evening,593.7,8.0,21.0,22,4,15,0.3,3.0,0.17,3.8,429.3,515.1,579.5,14.2,2.39,Normal (<10%),26.6,4,0.5,15,19.9,21.7932,80.2015
2026-12-06 22:00:00,BAL_SOUTH_PIT,Shift_3_Night,490.6,7.5,19.0,20,3,14,0.1,11.3,0.27,0.0,489.0,475.4,425.6,65.0,13.25,Alert (10-25%),26.5,3,0.21,16,20.9,21.8005,80.1901
2026-12-07 06:00:00,UKWA_EXTENSION,Shift_1_Morning,589.1,7.5,17.0,18,3,16,1.3,5.2,0.22,8.1,470.3,444.0,529.8,59.3,10.07,Alert (10-25%),24.7,3,0.42,16,19.8,21.7932,80.2015
2026-12-07 14:00:00,BAL_NORTH_PIT,Shift_2_Evening,535.4,7.5,18.0,20,4,14,1.8,16.1,0.31,8.3,542.8,580.3,486.8,48.6,9.08,Normal (<10%),26.4,4,0.0,15,22.0,21.8121,80.1843
2026-12-07 22:00:00,UKWA_EXTENSION,Shift_3_Night,460.3,8.0,17.0,18,3,14,0.6,3.6,0.22,4.9,450.4,400.4,433.4,26.9,5.84,Normal (<10%),27.1,4,0.0,14,19.5,21.7932,80.2015
2026-12-08 06:00:00,BAL_DEEP_LEVEL_3,Shift_1_Morning,437.7,7.5,17.0,18,4,12,1.4,9.4,0.25,9.8,482.8,505.4,413.0,24.7,5.64,Normal (<10%),23.8,4,0.65,12,20.4,21.8064,80.1876
2026-12-08 14:00:00,UKWA_EXTENSION,Shift_2_Evening,460.7,7.5,19.0,20,4,14,0.1,10.2,0.38,11.3,313.7,416.8,191.0,269.7,58.54,Critical (>25%),26.7,5,0.59,15,22.3,21.7932,80.2015
2026-12-08 22:00:00,BAL_NORTH_PIT,Shift_3_Night,418.6,7.5,20.0,22,4,16,0.2,3.3,0.36,0.0,286.3,420.9,210.8,207.8,49.64,Critical (>25%),28.9,5,0.62,17,21.5,21.8121,80.1843
2026-12-09 06:00:00,UKWA_EXTENSION,Shift_1_Morning,428.8,8.0,24.0,26,3,12,1.8,15.1,0.26,20.1,453.6,509.1,409.5,19.3,4.5,Normal (<10%),26.7,4,0.95,14,22.5,21.7932,80.2015
2026-12-09 14:00:00,BAL_SOUTH_PIT,Shift_2_Evening,420.9,7.5,20.0,22,2,13,0.7,7.9,0.19,0.7,494.6,325.0,348.5,72.4,17.2,Alert (10-25%),28.4,3,1.12,16,23.1,21.8005,80.1901
2026-12-09 22:00:00,UKWA_EXTENSION,Shift_3_Night,484.6,8.0,16.0,18,3,12,1.7,7.4,0.25,9.4,347.1,470.5,224.9,259.7,53.59,Critical (>25%),26.0,4,0.86,12,20.6,21.7932,80.2015
2026-12-10 06:00:00,BAL_SOUTH_PIT,Shift_1_Morning,559.1,7.5,22.0,24,3,12,2.7,9.2,0.28,3.6,410.4,569.8,516.0,43.1,7.71,Normal (<10%),23.1,4,1.28,15,21.0,21.8005,80.1901
2026-12-10 14:00:00,BAL_DEEP_LEVEL_3,Shift_2_Evening,428.3,8.0,25.0,26,4,15,2.9,14.2,0.34,9.7,575.2,536.4,406.7,21.6,5.04,Normal (<10%),22.1,6,1.15,15,21.4,21.8064,80.1876
2026-12-10 22:00:00,BAL_SOUTH_PIT,Shift_3_Night,426.1,7.5,20.0,22,2,14,0.3,5.0,0.11,2.7,352.0,427.6,335.6,90.5,21.24,Alert (10-25%),27.3,2,0.49,14,19.4,21.8005,80.1901
2026-12-11 06:00:00,UKWA_EXTENSION,Shift_1_Morning,528.7,7.5,23.0,24,3,16,1.0,4.8,0.2,5.5,527.3,555.8,501.9,26.8,5.07,Normal (<10%),25.5,4,0.77,17,20.5,21.7932,80.2015
2026-12-11 14:00:00,BAL_NORTH_PIT,Shift_2_Evening,439.4,7.5,22.0,24,4,14,2.0,11.2,0.23,12.7,421.0,504.7,394.1,45.3,10.31,Alert (10-25%),24.4,4,0.01,16,22.3,21.8121,80.1843
2026-12-11 22:00:00,BAL_SOUTH_PIT,Shift_3_Night,419.5,8.0,24.0,26,4,13,2.2,9.8,0.21,3.5,454.2,415.9,381.4,38.1,9.08,Normal (<10%),25.9,4,0.69,13,18.2,21.8005,80.1901
2026-12-12 06:00:00,BAL_DEEP_LEVEL_3,Shift_1_Morning,433.4,7.5,17.0,18,4,12,2.3,8.5,0.17,1.3,541.6,463.8,389.9,43.5,10.04,Alert (10-25%),27.2,5,0.0,13,21.4,21.8064,80.1876
2026-12-12 14:00:00,BAL_SOUTH_PIT,Shift_2_Evening,584.7,7.5,23.0,24,3,12,0.4,2.9,0.2,0.0,498.1,473.9,506.7,78.0,13.34,Alert (10-25%),24.4,5,0.82,13,21.6,21.8005,80.1901
2026-12-12 22:00:00,BAL_SOUTH_PIT,Shift_3_Night,564.3,8.0,22.0,24,3,16,0.3,6.7,0.27,5.4,443.0,555.6,532.8,31.5,5.58,Normal (<10%),25.2,3,0.41,16,20.6,21.8005,80.1901
2026-12-13 06:00:00,BAL_SOUTH_PIT,Shift_1_Morning,470.8,8.0,24.0,26,3,16,1.3,3.8,0.16,1.7,447.4,441.6,463.6,7.2,1.53,Normal (<10%),29.0,3,0.16,16,19.8,21.8005,80.1901
2026-12-13 14:00:00,BAL_DEEP_LEVEL_3,Shift_2_Evening,531.2,8.0,20.0,20,3,14,2.0,10.0,0.25,7.2,529.5,600.3,509.6,21.6,4.07,Normal (<10%),24.1,5,0.86,14,19.9,21.8064,80.1876
2026-12-13 22:00:00,UKWA_EXTENSION,Shift_3_Night,507.5,8.0,26.0,26,3,12,0.6,5.8,0.25,3.4,395.9,413.4,474.3,33.2,6.54,Normal (<10%),27.3,4,1.25,12,19.9,21.7932,80.2015
2026-12-14 06:00:00,BAL_SOUTH_PIT,Shift_1_Morning,535.4,7.5,17.0,18,3,14,0.2,4.2,0.3,6.6,456.3,602.8,476.3,59.1,11.04,Alert (10-25%),25.1,3,0.73,17,21.9,21.8005,80.1901
2026-12-14 14:00:00,BAL_SOUTH_PIT,Shift_2_Evening,536.5,7.5,20.0,22,3,16,1.9,11.6,0.29,5.2,417.7,375.8,473.5,63.0,11.74,Alert (10-25%),26.2,4,0.49,16,21.1,21.8005,80.1901
2026-12-14 22:00:00,BAL_NORTH_PIT,Shift_3_Night,525.7,8.0,21.0,22,4,14,0.5,3.8,0.21,4.3,542.5,458.3,498.3,27.4,5.21,Normal (<10%),28.1,4,0.26,15,20.6,21.8121,80.1843
2026-12-15 06:00:00,BAL_DEEP_LEVEL_3,Shift_1_Morning,453.2,7.5,23.0,24,4,12,0.3,2.6,0.23,1.6,524.9,375.0,423.6,29.6,6.53,Normal (<10%),27.5,4,0.02,12,20.2,21.8064,80.1876
2026-12-15 14:00:00,BAL_SOUTH_PIT,Shift_2_Evening,407.8,8.0,24.0,24,2,15,0.2,2.3,0.25,0.0,325.7,341.5,195.7,212.1,52.01,Critical (>25%),27.7,2,0.61,15,20.5,21.8005,80.1901
2026-12-15 22:00:00,BAL_DEEP_LEVEL_3,Shift_3_Night,491.1,7.5,21.0,24,3,12,0.6,9.5,0.25,2.9,500.0,452.8,418.9,72.2,14.7,Alert (10-25%),24.0,4,0.63,15,22.1,21.8064,80.1876
2026-12-16 06:00:00,BAL_SOUTH_PIT,Shift_1_Morning,578.2,8.0,21.0,22,4,16,1.3,9.3,0.29,10.8,382.6,381.0,283.0,295.2,51.05,Critical (>25%),27.2,4,0.0,19,20.5,21.8005,80.1901
2026-12-16 14:00:00,UKWA_EXTENSION,Shift_2_Evening,513.9,7.5,20.0,22,3,16,0.7,6.6,0.22,8.5,426.7,513.6,472.6,41.3,8.04,Normal (<10%),24.9,3,0.43,19,21.7,21.7932,80.2015
2026-12-16 22:00:00,UKWA_EXTENSION,Shift_3_Night,566.5,8.0,17.0,18,3,12,0.0,4.5,0.28,6.7,467.7,581.9,555.6,10.9,1.92,Normal (<10%),26.3,3,0.53,12,21.8,21.7932,80.2015
2026-12-17 06:00:00,BAL_SOUTH_PIT,Shift_1_Morning,598.3,8.0,19.0,20,3,12,0.2,3.8,0.19,1.7,481.8,472.8,369.8,228.5,38.19,Critical (>25%),26.9,3,0.69,15,20.5,21.8005,80.1901
2026-12-17 14:00:00,UKWA_EXTENSION,Shift_2_Evening,432.7,7.5,19.0,20,3,14,0.5,3.0,0.18,0.0,466.2,436.4,412.8,19.9,4.6,Normal (<10%),27.4,4,0.68,14,20.8,21.7932,80.2015
2026-12-17 22:00:00,BAL_SOUTH_PIT,Shift_3_Night,538.4,7.5,23.0,24,3,16,1.6,7.6,0.21,0.0,422.1,307.7,192.9,345.5,64.17,Critical (>25%),26.6,3,0.29,16,18.8,21.8005,80.1901
2026-12-18 06:00:00,UKWA_EXTENSION,Shift_1_Morning,534.9,7.5,17.0,18,3,12,0.2,5.0,0.18,2.0,490.1,487.8,473.7,61.2,11.44,Alert (10-25%),25.3,5,1.6,12,19.4,21.7932,80.2015
2026-12-18 14:00:00,BAL_NORTH_PIT,Shift_2_Evening,596.0,8.0,19.0,20,3,12,1.2,5.7,0.27,0.0,469.1,500.7,519.7,76.3,12.8,Alert (10-25%),23.9,3,0.4,14,20.1,21.8121,80.1843
2026-12-18 22:00:00,BAL_NORTH_PIT,Shift_3_Night,597.1,7.5,23.0,24,4,14,0.2,2.6,0.13,7.5,428.0,540.5,551.5,45.6,7.64,Normal (<10%),28.3,4,0.62,15,20.7,21.8121,80.1843
2026-12-19 06:00:00,BAL_NORTH_PIT,Shift_1_Morning,537.3,8.0,18.0,20,3,16,0.4,4.0,0.2,0.0,437.9,563.9,508.4,28.9,5.38,Normal (<10%),26.8,3,0.24,17,21.5,21.8121,80.1843
2026-12-19 14:00:00,BAL_DEEP_LEVEL_3,Shift_2_Evening,448.7,7.5,18.0,20,4,12,0.3,8.9,0.26,4.6,495.4,392.2,391.6,57.1,12.73,Alert (10-25%),27.5,4,0.61,15,21.2,21.8064,80.1876
2026-12-19 22:00:00,BAL_DEEP_LEVEL_3,Shift_3_Night,559.7,7.5,21.0,22,3,13,0.1,3.9,0.22,11.3,496.0,544.3,471.8,87.9,15.7,Alert (10-25%),26.3,4,0.26,13,20.7,21.8064,80.1876
2026-12-20 06:00:00,BAL_NORTH_PIT,Shift_1_Morning,421.4,8.0,17.0,18,4,14,1.7,17.2,0.28,16.6,467.6,443.9,410.5,10.9,2.59,Normal (<10%),22.8,4,0.26,14,22.4,21.8121,80.1843
2026-12-20 14:00:00,BAL_DEEP_LEVEL_3,Shift_2_Evening,556.1,8.0,21.0,22,4,16,0.9,7.3,0.23,6.6,571.6,376.9,540.5,15.6,2.81,Normal (<10%),27.5,5,0.34,19,21.0,21.8064,80.1876
2026-12-20 22:00:00,UKWA_EXTENSION,Shift_3_Night,582.0,7.5,22.0,24,4,14,2.7,25.0,0.33,17.8,285.6,454.5,209.3,372.7,64.04,Critical (>25%),23.5,5,0.56,15,22.0,21.7932,80.2015
2026-12-21 06:00:00,BAL_SOUTH_PIT,Shift_1_Morning,476.6,8.0,19.0,20,3,14,0.2,5.0,0.17,0.0,396.9,570.2,435.8,40.8,8.56,Normal (<10%),27.1,3,0.78,16,20.9,21.8005,80.1901
2026-12-21 14:00:00,BAL_SOUTH_PIT,Shift_2_Evening,526.1,8.0,21.0,22,3,14,0.2,4.4,0.2,6.7,516.1,376.2,477.5,48.6,9.24,Normal (<10%),25.5,3,0.22,15,19.0,21.8005,80.1901
2026-12-21 22:00:00,BAL_SOUTH_PIT,Shift_3_Night,486.0,7.5,20.0,22,4,12,0.5,4.6,0.21,4.1,420.2,409.6,406.1,79.9,16.44,Alert (10-25%),28.8,5,0.92,12,19.6,21.8005,80.1901
2026-12-22 06:00:00,BAL_NORTH_PIT,Shift_1_Morning,487.6,8.0,21.0,22,3,12,2.2,6.4,0.25,3.6,494.8,517.1,487.6,0.0,0.0,Normal (<10%),24.7,3,0.86,13,22.4,21.8121,80.1843
2026-12-22 14:00:00,BAL_DEEP_LEVEL_3,Shift_2_Evening,462.1,7.5,19.0,20,4,11,0.5,4.5,0.27,6.2,532.5,427.9,415.2,46.9,10.15,Alert (10-25%),25.5,4,0.39,14,20.6,21.8064,80.1876
2026-12-22 22:00:00,UKWA_EXTENSION,Shift_3_Night,552.4,7.5,19.0,20,4,14,0.8,15.3,0.27,13.5,550.4,538.5,482.1,70.3,12.73,Alert (10-25%),25.3,4,0.7,14,21.4,21.7932,80.2015
2026-12-23 06:00:00,UKWA_EXTENSION,Shift_1_Morning,587.2,8.0,23.0,24,3,14,0.5,3.4,0.25,0.0,462.0,557.4,549.5,37.7,6.42,Normal (<10%),24.6,3,0.56,14,20.2,21.7932,80.2015
2026-12-23 14:00:00,BAL_NORTH_PIT,Shift_2_Evening,588.2,7.5,19.0,22,4,13,0.1,4.1,0.22,7.3,438.6,515.3,524.6,63.6,10.81,Alert (10-25%),26.8,4,0.43,13,19.4,21.8121,80.1843
2026-12-23 22:00:00,UKWA_EXTENSION,Shift_3_Night,435.0,8.0,19.0,20,3,13,4.2,12.0,0.26,7.6,397.0,425.1,387.9,47.1,10.83,Alert (10-25%),27.9,4,0.93,14,20.9,21.7932,80.2015
2026-12-24 06:00:00,UKWA_EXTENSION,Shift_1_Morning,574.9,7.5,22.0,24,3,16,1.2,6.7,0.27,4.9,519.1,386.0,339.2,235.7,41.0,Critical (>25%),25.1,4,1.25,17,22.2,21.7932,80.2015
2026-12-24 14:00:00,UKWA_EXTENSION,Shift_2_Evening,547.5,8.0,22.0,24,3,12,2.3,6.7,0.16,0.0,503.7,496.1,521.9,25.6,4.68,Normal (<10%),27.1,5,0.81,12,19.9,21.7932,80.2015
2026-12-24 22:00:00,UKWA_EXTENSION,Shift_3_Night,450.6,8.0,22.0,22,4,11,1.6,6.5,0.25,0.0,424.9,476.0,401.1,49.5,10.99,Alert (10-25%),21.9,4,0.11,14,21.8,21.7932,80.2015
2026-12-25 06:00:00,BAL_DEEP_LEVEL_3,Shift_1_Morning,413.5,8.0,23.0,24,3,16,1.1,8.3,0.21,0.0,430.2,492.3,253.5,160.0,38.69,Critical (>25%),26.0,3,0.09,16,21.4,21.8064,80.1876
2026-12-25 14:00:00,UKWA_EXTENSION,Shift_2_Evening,453.6,8.0,25.0,26,3,15,0.1,8.8,0.3,17.8,521.7,495.9,383.7,69.9,15.41,Alert (10-25%),25.0,5,1.3,15,20.0,21.7932,80.2015
2026-12-25 22:00:00,BAL_SOUTH_PIT,Shift_3_Night,582.4,8.0,17.0,18,4,12,1.5,6.7,0.2,15.8,561.4,525.4,549.2,33.2,5.7,Normal (<10%),25.0,4,0.74,15,19.8,21.8005,80.1901
2026-12-26 06:00:00,BAL_NORTH_PIT,Shift_1_Morning,526.6,7.5,22.0,24,4,16,0.3,11.6,0.24,0.0,526.3,470.0,485.4,41.2,7.82,Normal (<10%),27.3,4,0.24,16,21.9,21.8121,80.1843
2026-12-26 14:00:00,BAL_DEEP_LEVEL_3,Shift_2_Evening,544.2,7.5,17.0,18,3,14,0.8,6.8,0.16,0.0,458.1,501.4,491.8,52.4,9.63,Normal (<10%),26.0,4,0.06,15,19.9,21.8064,80.1876
2026-12-26 22:00:00,UKWA_EXTENSION,Shift_3_Night,451.4,8.0,23.0,24,3,14,1.5,10.1,0.27,4.2,441.9,451.9,403.8,47.6,10.54,Alert (10-25%),25.3,3,0.2,15,21.5,21.7932,80.2015
2026-12-27 06:00:00,BAL_DEEP_LEVEL_3,Shift_1_Morning,543.9,7.5,19.0,22,3,16,2.3,10.0,0.23,12.2,522.5,465.7,302.4,241.5,44.4,Critical (>25%),25.3,5,1.16,16,19.2,21.8064,80.1876
2026-12-27 14:00:00,UKWA_EXTENSION,Shift_2_Evening,405.6,8.0,17.0,18,3,12,1.7,18.2,0.26,15.3,482.8,464.8,378.8,26.8,6.61,Normal (<10%),22.1,3,0.38,13,21.4,21.7932,80.2015
2026-12-27 22:00:00,BAL_SOUTH_PIT,Shift_3_Night,475.1,8.0,17.0,18,3,14,1.7,4.7,0.22,14.0,542.7,491.0,437.5,37.6,7.91,Normal (<10%),24.6,3,0.45,16,19.3,21.8005,80.1901
2026-12-28 06:00:00,BAL_NORTH_PIT,Shift_1_Morning,525.4,7.5,18.0,18,4,14,0.2,4.4,0.14,1.4,496.9,537.6,509.8,15.6,2.97,Normal (<10%),28.2,6,0.84,14,19.2,21.8121,80.1843
2026-12-28 14:00:00,UKWA_EXTENSION,Shift_2_Evening,429.2,7.5,16.0,18,4,14,0.6,6.4,0.2,0.8,372.3,540.5,397.9,31.3,7.29,Normal (<10%),23.1,4,0.7,17,20.1,21.7932,80.2015
2026-12-28 22:00:00,UKWA_EXTENSION,Shift_3_Night,564.6,8.0,23.0,24,4,12,0.1,10.6,0.24,7.3,422.7,517.7,552.7,11.9,2.11,Normal (<10%),24.6,6,1.1,12,19.2,21.7932,80.2015
2026-12-29 06:00:00,UKWA_EXTENSION,Shift_1_Morning,447.0,8.0,17.0,18,3,14,1.9,7.3,0.31,4.0,416.0,394.8,440.9,6.1,1.36,Normal (<10%),25.0,3,0.58,17,21.2,21.7932,80.2015
2026-12-29 14:00:00,UKWA_EXTENSION,Shift_2_Evening,530.5,8.0,20.0,22,4,14,4.6,13.9,0.28,9.1,434.2,333.1,312.1,218.4,41.17,Critical (>25%),27.8,4,0.45,17,19.4,21.7932,80.2015
2026-12-29 22:00:00,BAL_NORTH_PIT,Shift_3_Night,481.0,8.0,21.0,22,4,12,0.5,2.0,0.23,1.9,489.1,530.0,456.0,25.0,5.2,Normal (<10%),27.6,5,0.86,15,19.5,21.8121,80.1843
2026-12-30 06:00:00,BAL_NORTH_PIT,Shift_1_Morning,519.2,8.0,25.0,26,4,14,0.1,4.0,0.22,13.3,454.6,463.6,503.8,15.4,2.97,Normal (<10%),25.5,5,0.84,15,20.7,21.8121,80.1843
2026-12-30 14:00:00,BAL_SOUTH_PIT,Shift_2_Evening,421.5,8.0,21.0,22,2,13,1.0,6.8,0.4,5.1,407.8,417.6,376.7,44.8,10.63,Alert (10-25%),27.0,4,0.72,16,22.4,21.8005,80.1901
2026-12-30 22:00:00,BAL_NORTH_PIT,Shift_3_Night,403.4,7.5,22.0,24,3,14,2.9,13.2,0.31,3.5,393.0,411.7,197.9,205.5,50.94,Critical (>25%),24.0,5,1.11,17,20.8,21.8121,80.1843
2026-12-31 06:00:00,UKWA_EXTENSION,Shift_1_Morning,581.9,8.0,21.0,22,3,14,1.2,4.5,0.12,1.5,603.7,550.2,570.9,11.0,1.89,Normal (<10%),28.4,4,0.94,15,19.9,21.7932,80.2015
2026-12-31 14:00:00,BAL_SOUTH_PIT,Shift_2_Evening,453.9,8.0,18.0,20,3,12,0.1,11.1,0.27,11.0,449.7,447.1,422.4,31.5,6.94,Normal (<10%),23.5,4,1.05,15,20.6,21.8005,80.1901
2026-12-31 22:00:00,BAL_SOUTH_PIT,Shift_3_Night,563.9,7.5,17.0,18,3,12,5.5,16.1,0.34,13.7,529.0,562.0,508.8,55.1,9.77,Normal (<10%),26.3,3,0.52,12,21.7,21.8005,80.1901
2027-01-01 06:00:00,BAL_SOUTH_PIT,Shift_1_Morning,599.9,8.0,21.0,22,3,16,2.6,11.6,0.19,10.5,540.9,595.4,588.9,11.0,1.83,Normal (<10%),26.1,4,0.41,18,20.5,21.8005,80.1901
2027-01-01 14:00:00,UKWA_EXTENSION,Shift_2_Evening,442.3,8.0,22.0,24,3,11,0.2,2.5,0.22,0.0,400.2,514.0,405.0,37.3,8.43,Normal (<10%),25.7,4,0.46,14,20.3,21.7932,80.2015
2027-01-01 22:00:00,BAL_DEEP_LEVEL_3,Shift_3_Night,453.0,7.5,20.0,22,4,15,3.8,21.9,0.28,6.8,390.7,569.0,393.8,59.2,13.07,Alert (10-25%),25.0,4,0.28,16,21.3,21.8064,80.1876
2027-01-02 06:00:00,UKWA_EXTENSION,Shift_1_Morning,532.6,8.0,24.0,24,4,12,0.9,5.2,0.18,2.8,482.7,428.6,532.6,0.0,0.0,Normal (<10%),27.7,5,0.76,12,22.0,21.7932,80.2015
2027-01-02 14:00:00,BAL_NORTH_PIT,Shift_2_Evening,593.1,7.5,18.0,20,3,15,0.7,2.9,0.28,4.2,584.4,560.2,555.2,37.9,6.39,Normal (<10%),26.1,3,0.36,15,19.1,21.8121,80.1843
2027-01-02 22:00:00,BAL_NORTH_PIT,Shift_3_Night,583.2,8.0,17.0,18,4,14,0.9,5.3,0.19,0.0,470.8,568.4,546.5,36.7,6.29,Normal (<10%),28.1,4,0.06,14,19.7,21.8121,80.1843
2027-01-03 06:00:00,UKWA_EXTENSION,Shift_1_Morning,500.6,7.5,19.0,20,3,12,2.7,18.3,0.26,19.7,527.5,420.8,472.9,27.7,5.53,Normal (<10%),24.9,3,0.06,13,21.8,21.7932,80.2015
2027-01-03 14:00:00,UKWA_EXTENSION,Shift_2_Evening,559.0,7.5,19.0,20,4,14,1.6,5.4,0.18,6.3,499.3,509.2,490.4,68.6,12.27,Alert (10-25%),28.2,5,0.07,15,18.8,21.7932,80.2015
2027-01-03 22:00:00,BAL_SOUTH_PIT,Shift_3_Night,427.1,7.5,25.0,26,4,15,0.1,1.7,0.15,0.0,304.8,287.8,141.1,286.0,66.96,Critical (>25%),28.4,4,0.0,17,18.2,21.8005,80.1901
2027-01-04 06:00:00,UKWA_EXTENSION,Shift_1_Morning,595.5,8.0,17.0,18,3,14,4.7,8.6,0.22,19.6,548.7,475.0,572.6,22.9,3.85,Normal (<10%),26.7,3,0.36,14,19.2,21.7932,80.2015
2027-01-04 14:00:00,BAL_SOUTH_PIT,Shift_2_Evening,592.9,8.0,19.0,20,4,15,0.2,3.8,0.19,0.2,490.4,533.0,582.6,10.3,1.74,Normal (<10%),26.7,4,1.1,15,20.1,21.8005,80.1901
2027-01-04 22:00:00,BAL_NORTH_PIT,Shift_3_Night,432.7,7.5,19.0,20,3,16,2.1,8.5,0.18,3.8,329.4,327.7,200.1,232.6,53.76,Critical (>25%),27.3,3,0.94,17,19.6,21.8121,80.1843
2027-01-05 06:00:00,BAL_SOUTH_PIT,Shift_1_Morning,459.9,7.5,17.0,18,3,12,1.5,5.6,0.23,1.7,451.5,330.5,290.9,169.0,36.75,Critical (>25%),27.8,3,0.11,12,19.5,21.8005,80.1901
2027-01-05 14:00:00,UKWA_EXTENSION,Shift_2_Evening,420.0,8.0,20.0,20,4,12,0.3,3.9,0.1,2.8,560.1,325.9,400.1,19.9,4.74,Normal (<10%),31.0,5,0.74,15,20.9,21.7932,80.2015
2027-01-05 22:00:00,BAL_NORTH_PIT,Shift_3_Night,454.3,8.0,21.0,22,3,13,0.3,2.0,0.22,0.0,476.4,480.3,396.1,58.2,12.81,Alert (10-25%),28.7,5,0.56,13,18.6,21.8121,80.1843
2027-01-06 06:00:00,BAL_DEEP_LEVEL_3,Shift_1_Morning,563.2,8.0,21.0,22,4,12,3.1,15.1,0.32,13.8,416.7,455.0,526.6,36.6,6.5,Normal (<10%),27.1,4,0.01,13,21.1,21.8064,80.1876
2027-01-06 14:00:00,BAL_SOUTH_PIT,Shift_2_Evening,475.7,8.0,22.0,22,3,14,0.8,5.4,0.2,8.0,574.0,398.1,475.7,0.0,0.0,Normal (<10%),31.8,5,0.64,17,19.2,21.8005,80.1901
2027-01-06 22:00:00,BAL_NORTH_PIT,Shift_3_Night,417.7,8.0,18.0,18,4,16,1.6,5.6,0.25,7.1,428.9,547.8,380.5,37.2,8.91,Normal (<10%),27.6,6,0.93,17,20.6,21.8121,80.1843
2027-01-07 06:00:00,BAL_SOUTH_PIT,Shift_1_Morning,468.4,7.5,21.0,22,4,14,1.1,13.0,0.25,6.4,476.4,518.1,422.0,46.4,9.91,Normal (<10%),27.0,4,0.35,16,21.3,21.8005,80.1901
2027-01-07 14:00:00,BAL_NORTH_PIT,Shift_2_Evening,596.3,8.0,19.0,20,4,14,1.9,11.1,0.37,5.2,447.7,431.9,556.4,39.9,6.69,Normal (<10%),26.8,5,0.78,14,21.7,21.8121,80.1843
2027-01-07 22:00:00,BAL_NORTH_PIT,Shift_3_Night,525.9,7.5,20.0,22,3,16,1.0,3.8,0.27,5.6,481.2,387.2,460.3,65.6,12.47,Alert (10-25%),25.4,4,0.9,18,19.5,21.8121,80.1843
2027-01-08 06:00:00,BAL_SOUTH_PIT,Shift_1_Morning,483.2,8.0,25.0,26,3,12,0.5,6.4,0.19,5.3,453.5,491.6,476.8,6.4,1.32,Normal (<10%),26.5,3,0.3,13,19.7,21.8005,80.1901
2027-01-08 14:00:00,BAL_DEEP_LEVEL_3,Shift_2_Evening,433.3,7.5,16.0,18,3,16,0.7,5.7,0.29,0.0,448.7,442.5,397.8,35.5,8.19,Normal (<10%),25.8,4,0.71,17,19.2,21.8064,80.1876
2027-01-08 22:00:00,BAL_NORTH_PIT,Shift_3_Night,597.2,7.5,22.0,24,3,12,2.9,13.7,0.39,0.0,578.7,452.7,534.1,63.1,10.57,Alert (10-25%),26.3,3,0.07,12,20.9,21.8121,80.1843
2027-01-09 06:00:00,BAL_NORTH_PIT,Shift_1_Morning,564.2,8.0,21.0,22,3,14,0.9,4.5,0.21,1.0,473.3,540.1,564.2,0.0,0.0,Normal (<10%),26.9,3,0.0,17,22.2,21.8121,80.1843
2027-01-09 14:00:00,BAL_NORTH_PIT,Shift_2_Evening,456.3,7.5,24.0,26,3,16,0.4,4.8,0.25,5.8,387.9,384.5,161.7,294.6,64.56,Critical (>25%),27.1,4,0.25,16,19.5,21.8121,80.1843
2027-01-09 22:00:00,BAL_DEEP_LEVEL_3,Shift_3_Night,414.0,7.5,20.0,22,3,14,4.1,10.8,0.3,9.7,460.9,423.8,345.6,68.4,16.52,Alert (10-25%),27.8,3,0.59,14,19.1,21.8064,80.1876
2027-01-10 06:00:00,BAL_DEEP_LEVEL_3,Shift_1_Morning,411.3,7.5,23.0,24,4,16,2.4,11.2,0.2,0.0,509.1,521.2,383.9,27.4,6.66,Normal (<10%),28.0,4,0.3,17,19.6,21.8064,80.1876
2027-01-10 14:00:00,UKWA_EXTENSION,Shift_2_Evening,424.1,7.5,23.0,24,3,12,0.1,5.1,0.13,7.6,420.5,506.5,383.0,41.1,9.69,Normal (<10%),27.4,4,0.14,14,18.3,21.7932,80.2015
2027-01-10 22:00:00,BAL_SOUTH_PIT,Shift_3_Night,516.2,8.0,24.0,26,4,16,10.3,32.8,0.37,31.1,391.8,416.5,465.7,50.5,9.78,Normal (<10%),23.0,5,0.79,17,21.3,21.8005,80.1901
2027-01-11 06:00:00,BAL_DEEP_LEVEL_3,Shift_1_Morning,585.8,7.5,22.0,24,4,16,1.8,11.0,0.21,5.6,502.0,499.7,540.2,45.6,7.78,Normal (<10%),28.4,4,0.03,16,20.6,21.8064,80.1876
2027-01-11 14:00:00,BAL_SOUTH_PIT,Shift_2_Evening,499.3,8.0,21.0,22,4,12,0.3,4.1,0.21,1.7,506.9,358.4,233.5,265.8,53.23,Critical (>25%),28.4,4,0.9,12,18.1,21.8005,80.1901
2027-01-11 22:00:00,UKWA_EXTENSION,Shift_3_Night,568.6,7.5,25.0,26,3,14,0.4,3.7,0.27,0.0,418.7,542.1,453.6,115.0,20.23,Alert (10-25%),24.5,3,0.23,17,21.4,21.7932,80.2015
2027-01-12 06:00:00,BAL_SOUTH_PIT,Shift_1_Morning,489.2,8.0,24.0,26,4,15,1.8,10.2,0.28,5.0,395.3,478.0,475.5,13.7,2.8,Normal (<10%),25.8,4,0.6,15,20.3,21.8005,80.1901
2027-01-12 14:00:00,BAL_DEEP_LEVEL_3,Shift_2_Evening,541.7,8.0,18.0,20,3,12,2.3,8.4,0.27,11.7,379.4,517.6,491.3,50.4,9.3,Normal (<10%),26.8,4,1.03,14,20.4,21.8064,80.1876
2027-01-12 22:00:00,BAL_SOUTH_PIT,Shift_3_Night,546.4,8.0,17.0,18,1,12,0.4,10.0,0.24,2.7,466.8,456.7,417.9,128.5,23.52,Alert (10-25%),27.7,2,0.41,12,20.3,21.8005,80.1901
2027-01-13 06:00:00,BAL_DEEP_LEVEL_3,Shift_1_Morning,434.8,7.5,22.0,24,4,13,0.4,7.7,0.21,6.3,434.8,433.3,222.8,212.0,48.76,Critical (>25%),28.3,4,0.42,14,19.2,21.8064,80.1876
2027-01-13 14:00:00,BAL_SOUTH_PIT,Shift_2_Evening,472.2,8.0,19.0,20,4,14,0.6,2.7,0.18,0.4,426.8,397.5,461.6,10.6,2.24,Normal (<10%),27.9,4,0.57,15,20.5,21.8005,80.1901
2027-01-13 22:00:00,BAL_DEEP_LEVEL_3,Shift_3_Night,527.5,8.0,21.0,22,4,12,1.4,7.3,0.32,5.8,536.3,411.9,495.9,31.6,5.99,Normal (<10%),27.2,5,0.73,13,20.1,21.8064,80.1876
2027-01-14 06:00:00,BAL_DEEP_LEVEL_3,Shift_1_Morning,414.1,7.5,18.0,18,3,16,0.3,3.0,0.33,0.6,430.3,450.3,251.9,162.2,39.17,Critical (>25%),26.7,4,0.81,16,19.8,21.8064,80.1876
2027-01-14 14:00:00,BAL_SOUTH_PIT,Shift_2_Evening,472.3,8.0,21.0,22,3,14,0.2,2.7,0.27,5.9,404.4,455.7,453.1,19.2,4.07,Normal (<10%),26.0,3,0.0,15,19.7,21.8005,80.1901
2027-01-14 22:00:00,UKWA_EXTENSION,Shift_3_Night,507.0,7.5,19.0,20,3,14,1.7,14.1,0.26,14.6,478.1,508.4,398.8,108.2,21.34,Alert (10-25%),25.7,4,0.87,15,21.5,21.7932,80.2015
2027-01-15 06:00:00,BAL_NORTH_PIT,Shift_1_Morning,599.2,7.5,18.0,20,3,12,2.3,6.8,0.18,6.4,570.8,428.2,518.7,80.5,13.43,Alert (10-25%),27.2,3,0.25,13,20.4,21.8121,80.1843
2027-01-15 14:00:00,UKWA_EXTENSION,Shift_2_Evening,494.9,8.0,19.0,20,3,16,1.0,10.4,0.39,5.9,480.8,468.6,455.5,39.4,7.96,Normal (<10%),25.6,3,0.5,19,19.5,21.7932,80.2015
2027-01-15 22:00:00,BAL_SOUTH_PIT,Shift_3_Night,563.2,7.5,17.0,18,3,12,0.7,12.3,0.28,12.1,443.3,417.2,461.9,101.3,17.99,Alert (10-25%),23.3,4,0.98,13,21.1,21.8005,80.1901
2027-01-16 06:00:00,UKWA_EXTENSION,Shift_1_Morning,486.4,7.5,18.0,18,3,15,0.8,8.6,0.26,2.0,536.3,508.7,434.4,52.0,10.69,Alert (10-25%),26.0,4,0.9,17,19.1,21.7932,80.2015
2027-01-16 14:00:00,BAL_DEEP_LEVEL_3,Shift_2_Evening,559.3,7.5,19.0,20,3,13,0.7,7.9,0.21,7.4,421.0,458.5,479.6,79.7,14.25,Alert (10-25%),27.0,4,0.8,16,20.6,21.8064,80.1876
2027-01-16 22:00:00,BAL_NORTH_PIT,Shift_3_Night,519.1,8.0,23.0,24,4,16,4.8,19.7,0.33,10.6,440.7,531.9,444.6,74.5,14.35,Alert (10-25%),24.8,5,0.89,16,21.1,21.8121,80.1843
2027-01-17 06:00:00,BAL_SOUTH_PIT,Shift_1_Morning,577.3,7.5,25.0,26,3,16,2.2,6.4,0.22,5.3,452.8,417.4,538.5,38.8,6.72,Normal (<10%),26.6,3,0.61,17,19.8,21.8005,80.1901
2027-01-17 14:00:00,BAL_SOUTH_PIT,Shift_2_Evening,482.2,7.5,23.0,24,3,14,0.3,5.6,0.18,0.0,528.0,319.3,416.2,66.0,13.69,Alert (10-25%),28.0,5,1.45,15,20.3,21.8005,80.1901
2027-01-17 22:00:00,BAL_SOUTH_PIT,Shift_3_Night,520.9,7.5,20.0,20,3,12,0.7,4.8,0.21,9.1,500.5,541.6,409.5,111.4,21.39,Alert (10-25%),25.5,3,0.39,13,20.7,21.8005,80.1901
2027-01-18 06:00:00,BAL_NORTH_PIT,Shift_1_Morning,526.0,8.0,24.0,24,3,14,1.2,4.5,0.24,0.0,540.2,495.5,519.0,7.0,1.33,Normal (<10%),24.6,3,0.45,14,18.9,21.8121,80.1843
2027-01-18 14:00:00,BAL_DEEP_LEVEL_3,Shift_2_Evening,483.5,7.5,18.0,20,4,14,1.4,8.1,0.32,4.8,540.7,435.2,410.3,73.2,15.14,Alert (10-25%),25.7,5,0.98,16,20.4,21.8064,80.1876
2027-01-18 22:00:00,BAL_SOUTH_PIT,Shift_3_Night,428.9,8.0,19.0,20,3,15,0.9,7.6,0.16,0.0,403.5,550.2,389.8,39.1,9.12,Normal (<10%),28.4,3,0.25,15,19.4,21.8005,80.1901
2027-01-19 06:00:00,UKWA_EXTENSION,Shift_1_Morning,418.7,7.5,19.0,20,4,15,2.5,15.2,0.21,15.9,469.3,443.0,391.7,27.0,6.45,Normal (<10%),28.9,4,0.0,15,18.6,21.7932,80.2015
2027-01-19 14:00:00,BAL_SOUTH_PIT,Shift_2_Evening,403.3,8.0,20.0,22,2,14,2.2,13.5,0.25,16.8,359.8,337.7,326.5,76.8,19.04,Alert (10-25%),27.4,3,0.85,15,20.2,21.8005,80.1901
2027-01-19 22:00:00,BAL_SOUTH_PIT,Shift_3_Night,574.7,8.0,23.0,24,3,16,1.1,11.2,0.21,1.5,487.3,505.4,504.9,69.8,12.15,Alert (10-25%),24.4,4,0.64,16,21.3,21.8005,80.1901
2027-01-20 06:00:00,BAL_SOUTH_PIT,Shift_1_Morning,447.3,8.0,19.0,20,3,12,2.9,8.0,0.24,7.0,426.3,511.6,447.3,0.0,0.0,Normal (<10%),26.4,4,0.34,12,18.4,21.8005,80.1901
2027-01-20 14:00:00,BAL_SOUTH_PIT,Shift_2_Evening,442.3,7.5,21.0,22,4,14,2.1,6.3,0.21,2.7,406.3,428.8,386.4,55.9,12.64,Alert (10-25%),27.4,4,0.55,15,19.7,21.8005,80.1901
2027-01-20 22:00:00,BAL_DEEP_LEVEL_3,Shift_3_Night,547.2,7.5,18.0,20,4,12,2.3,14.3,0.28,12.1,402.5,486.7,464.5,82.7,15.11,Alert (10-25%),26.2,5,1.13,12,19.9,21.8064,80.1876
2027-01-21 06:00:00,UKWA_EXTENSION,Shift_1_Morning,464.0,7.5,23.0,24,4,16,4.7,11.6,0.27,15.6,410.6,539.9,431.7,32.3,6.96,Normal (<10%),27.1,4,0.0,18,23.1,21.7932,80.2015
2027-01-21 14:00:00,BAL_DEEP_LEVEL_3,Shift_2_Evening,501.2,8.0,18.0,20,4,16,0.5,2.5,0.14,3.6,416.3,388.2,295.3,205.9,41.08,Critical (>25%),26.4,5,1.01,19,19.7,21.8064,80.1876
2027-01-21 22:00:00,UKWA_EXTENSION,Shift_3_Night,432.5,7.5,21.0,22,4,11,0.5,3.2,0.21,0.0,439.5,444.5,360.1,72.4,16.74,Alert (10-25%),27.4,5,0.0,11,19.0,21.7932,80.2015
2027-01-22 06:00:00,BAL_SOUTH_PIT,Shift_1_Morning,591.9,7.5,22.0,24,3,14,3.3,18.2,0.25,8.7,502.3,496.9,550.9,41.0,6.93,Normal (<10%),26.5,4,0.58,16,20.4,21.8005,80.1901
2027-01-22 14:00:00,BAL_NORTH_PIT,Shift_2_Evening,570.3,8.0,24.0,26,3,14,2.2,8.0,0.3,3.6,487.9,522.3,528.2,42.1,7.38,Normal (<10%),27.6,5,1.55,14,20.3,21.8121,80.1843
2027-01-22 22:00:00,BAL_DEEP_LEVEL_3,Shift_3_Night,572.8,7.5,21.0,22,3,12,3.9,9.6,0.21,2.8,463.1,538.2,470.5,102.3,17.86,Alert (10-25%),25.6,3,0.3,15,21.3,21.8064,80.1876
2027-01-23 06:00:00,BAL_NORTH_PIT,Shift_1_Morning,481.4,7.5,17.0,20,4,12,0.1,1.7,0.18,4.9,402.7,367.2,453.2,28.2,5.86,Normal (<10%),27.1,4,0.43,12,18.3,21.8121,80.1843
2027-01-23 14:00:00,BAL_DEEP_LEVEL_3,Shift_2_Evening,552.5,8.0,23.0,24,4,14,1.5,7.1,0.19,9.0,321.0,381.5,253.0,299.5,54.21,Critical (>25%),23.0,5,0.93,17,21.8,21.8064,80.1876
2027-01-23 22:00:00,BAL_SOUTH_PIT,Shift_3_Night,428.8,8.0,23.0,26,3,13,0.2,4.2,0.22,9.1,360.0,401.7,222.6,206.2,48.09,Critical (>25%),26.2,5,0.49,15,20.6,21.8005,80.1901
2027-01-24 06:00:00,BAL_DEEP_LEVEL_3,Shift_1_Morning,401.7,7.5,19.0,20,4,15,1.1,3.5,0.21,0.2,428.1,519.4,366.6,35.1,8.74,Normal (<10%),26.5,4,0.42,15,20.3,21.8064,80.1876
2027-01-24 14:00:00,BAL_SOUTH_PIT,Shift_2_Evening,404.0,8.0,16.0,18,4,16,0.3,1.2,0.28,6.6,463.8,323.5,189.2,214.8,53.17,Critical (>25%),25.5,4,0.42,18,20.2,21.8005,80.1901
2027-01-24 22:00:00,BAL_DEEP_LEVEL_3,Shift_3_Night,517.3,7.5,19.0,20,4,14,0.2,19.1,0.29,21.1,483.9,510.2,462.3,55.0,10.63,Alert (10-25%),25.8,4,0.96,15,21.5,21.8064,80.1876
2027-01-25 06:00:00,BAL_SOUTH_PIT,Shift_1_Morning,491.1,7.5,25.0,26,4,12,0.0,0.4,0.27,0.0,565.9,424.2,451.2,39.9,8.12,Normal (<10%),27.1,4,0.03,13,19.8,21.8005,80.1901
2027-01-25 14:00:00,BAL_SOUTH_PIT,Shift_2_Evening,503.6,7.5,20.0,22,3,14,1.5,3.1,0.29,0.0,401.8,549.5,421.4,82.2,16.32,Alert (10-25%),23.4,4,0.59,14,21.4,21.8005,80.1901
2027-01-25 22:00:00,UKWA_EXTENSION,Shift_3_Night,401.5,7.5,25.0,26,3,16,0.7,7.1,0.22,4.2,370.7,475.0,338.1,63.4,15.79,Alert (10-25%),27.2,3,0.12,16,19.9,21.7932,80.2015
2027-01-26 06:00:00,BAL_SOUTH_PIT,Shift_1_Morning,484.5,7.5,17.0,20,3,12,0.2,2.0,0.2,5.4,465.9,582.4,462.4,22.1,4.56,Normal (<10%),26.1,3,0.09,13,19.7,21.8005,80.1901
2027-01-26 14:00:00,UKWA_EXTENSION,Shift_2_Evening,543.6,8.0,21.0,22,4,12,0.6,7.4,0.21,11.6,402.6,447.6,270.0,273.6,50.33,Critical (>25%),27.7,6,1.34,12,19.2,21.7932,80.2015
2027-01-26 22:00:00,BAL_SOUTH_PIT,Shift_3_Night,488.5,8.0,23.0,24,4,15,0.3,5.5,0.17,0.0,498.8,469.2,438.5,50.0,10.24,Alert (10-25%),25.4,4,0.41,15,18.8,21.8005,80.1901
2027-01-27 06:00:00,BAL_NORTH_PIT,Shift_1_Morning,546.4,7.5,21.0,22,4,16,4.3,11.2,0.37,4.1,495.2,503.7,283.5,262.9,48.11,Critical (>25%),25.7,4,0.23,16,21.1,21.8121,80.1843
2027-01-27 14:00:00,BAL_SOUTH_PIT,Shift_2_Evening,446.6,8.0,18.0,20,4,12,0.6,6.2,0.2,9.9,433.4,477.8,435.2,11.4,2.55,Normal (<10%),26.7,6,0.84,12,20.4,21.8005,80.1901
2027-01-27 22:00:00,BAL_NORTH_PIT,Shift_3_Night,562.6,8.0,18.0,20,3,11,0.6,3.8,0.17,0.0,412.9,494.6,515.3,47.3,8.41,Normal (<10%),27.9,3,0.23,11,18.6,21.8121,80.1843
2027-01-28 06:00:00,BAL_NORTH_PIT,Shift_1_Morning,517.7,7.5,21.0,22,3,12,2.7,14.0,0.22,13.3,462.5,488.5,472.8,44.9,8.67,Normal (<10%),26.6,4,0.56,12,20.3,21.8121,80.1843
2027-01-28 14:00:00,BAL_SOUTH_PIT,Shift_2_Evening,442.2,8.0,20.0,22,3,15,1.6,11.1,0.22,10.3,445.4,406.5,406.8,35.4,8.01,Normal (<10%),26.2,4,0.32,18,21.4,21.8005,80.1901
2027-01-28 22:00:00,BAL_NORTH_PIT,Shift_3_Night,447.3,8.0,20.0,22,4,16,1.9,8.7,0.23,9.7,448.5,454.5,407.3,40.0,8.94,Normal (<10%),24.4,5,0.62,18,21.1,21.8121,80.1843
2027-01-29 06:00:00,UKWA_EXTENSION,Shift_1_Morning,525.6,7.5,19.0,20,4,11,1.5,6.7,0.3,8.4,567.8,406.9,501.5,24.1,4.59,Normal (<10%),24.3,4,0.29,14,19.7,21.7932,80.2015
2027-01-29 14:00:00,BAL_DEEP_LEVEL_3,Shift_2_Evening,566.0,7.5,17.0,18,3,14,4.4,18.4,0.38,10.1,540.7,507.4,460.6,105.4,18.62,Alert (10-25%),24.2,5,0.77,14,20.5,21.8064,80.1876
2027-01-29 22:00:00,BAL_SOUTH_PIT,Shift_3_Night,483.1,7.5,21.0,22,3,12,0.3,4.4,0.12,1.6,422.8,458.3,433.9,49.2,10.18,Alert (10-25%),27.7,4,0.75,15,18.8,21.8005,80.1901
2027-01-30 06:00:00,BAL_NORTH_PIT,Shift_1_Morning,451.7,7.5,20.0,22,3,12,6.8,24.8,0.4,14.8,498.4,511.4,392.1,59.6,13.19,Alert (10-25%),23.5,3,0.51,13,22.3,21.8121,80.1843
2027-01-30 14:00:00,BAL_SOUTH_PIT,Shift_2_Evening,573.4,7.5,22.0,24,3,11,2.7,9.3,0.33,7.3,583.5,498.8,528.0,45.4,7.92,Normal (<10%),27.0,5,0.83,13,20.4,21.8005,80.1901
2027-01-30 22:00:00,UKWA_EXTENSION,Shift_3_Night,533.9,7.5,25.0,26,4,16,1.3,5.5,0.2,0.0,442.3,438.6,304.9,229.0,42.89,Critical (>25%),26.7,5,0.66,19,20.2,21.7932,80.2015
2027-01-31 06:00:00,BAL_SOUTH_PIT,Shift_1_Morning,489.6,7.5,22.0,24,3,12,1.6,6.0,0.18,6.4,570.8,518.6,465.4,24.2,4.94,Normal (<10%),25.8,4,1.35,12,18.2,21.8005,80.1901
2027-01-31 14:00:00,BAL_SOUTH_PIT,Shift_2_Evening,497.6,8.0,17.0,18,4,12,1.6,5.4,0.25,12.2,430.9,395.0,464.8,32.8,6.59,Normal (<10%),26.5,4,1.04,14,20.2,21.8005,80.1901
2027-01-31 22:00:00,BAL_NORTH_PIT,Shift_3_Night,440.9,7.5,21.0,22,3,11,0.1,4.2,0.19,3.8,408.1,512.8,375.7,65.2,14.79,Alert (10-25%),27.7,4,0.38,12,18.7,21.8121,80.1843
2027-02-01 06:00:00,UKWA_EXTENSION,Shift_1_Morning,525.4,8.0,20.0,20,3,15,0.4,5.2,0.3,2.9,482.2,540.2,469.5,55.9,10.64,Alert (10-25%),29.3,3,0.13,15,20.9,21.7932,80.2015
2027-02-01 14:00:00,BAL_DEEP_LEVEL_3,Shift_2_Evening,471.7,8.0,17.0,18,3,14,4.9,22.9,0.34,15.6,475.2,402.5,441.1,30.6,6.49,Normal (<10%),29.9,3,0.11,15,22.3,21.8064,80.1876
2027-02-01 22:00:00,BAL_DEEP_LEVEL_3,Shift_3_Night,599.1,7.5,18.0,20,4,14,1.1,9.0,0.21,8.7,553.7,542.5,502.2,96.9,16.17,Alert (10-25%),28.0,4,0.72,14,20.0,21.8064,80.1876
2027-02-02 06:00:00,BAL_NORTH_PIT,Shift_1_Morning,496.0,8.0,21.0,22,4,16,0.7,7.4,0.25,10.7,556.2,546.8,489.6,6.4,1.29,Normal (<10%),28.8,4,0.28,16,19.6,21.8121,80.1843
2027-02-02 14:00:00,BAL_SOUTH_PIT,Shift_2_Evening,497.2,8.0,25.0,26,1,16,2.2,6.9,0.24,4.3,469.3,506.8,405.7,91.5,18.4,Alert (10-25%),29.6,1,0.47,19,19.0,21.8005,80.1901
2027-02-02 22:00:00,BAL_NORTH_PIT,Shift_3_Night,513.2,8.0,19.0,20,4,12,1.1,10.7,0.16,6.3,537.1,459.7,488.2,25.0,4.87,Normal (<10%),29.1,5,1.3,14,19.9,21.8121,80.1843
2027-02-03 06:00:00,BAL_NORTH_PIT,Shift_1_Morning,583.4,7.5,23.0,24,3,12,0.0,0.9,0.16,0.0,545.1,440.3,531.6,51.8,8.88,Normal (<10%),29.2,4,0.7,13,18.7,21.8121,80.1843
2027-02-03 14:00:00,BAL_NORTH_PIT,Shift_2_Evening,560.2,8.0,22.0,24,4,13,2.0,5.9,0.2,4.2,454.2,471.2,529.5,30.7,5.48,Normal (<10%),27.0,4,0.61,14,20.2,21.8121,80.1843
2027-02-03 22:00:00,BAL_SOUTH_PIT,Shift_3_Night,490.2,8.0,19.0,20,3,13,2.0,7.9,0.26,0.0,471.9,388.2,289.3,200.9,40.98,Critical (>25%),28.0,3,0.56,13,20.7,21.8005,80.1901
2027-02-04 06:00:00,UKWA_EXTENSION,Shift_1_Morning,543.7,7.5,22.0,24,3,12,0.3,5.4,0.26,0.9,481.1,555.9,501.8,41.9,7.71,Normal (<10%),27.4,4,0.52,12,20.2,21.7932,80.2015
2027-02-04 14:00:00,BAL_NORTH_PIT,Shift_2_Evening,517.2,8.0,17.0,18,3,16,4.7,13.9,0.33,13.7,428.2,419.4,489.2,28.0,5.41,Normal (<10%),25.3,4,1.02,19,23.3,21.8121,80.1843
2027-02-04 22:00:00,BAL_SOUTH_PIT,Shift_3_Night,498.5,8.0,17.0,18,4,16,0.4,3.5,0.18,7.4,516.6,502.4,465.1,33.4,6.7,Normal (<10%),28.4,5,0.45,19,19.9,21.8005,80.1901
2027-02-05 06:00:00,UKWA_EXTENSION,Shift_1_Morning,438.5,8.0,22.0,22,3,16,0.9,7.8,0.16,7.5,364.0,579.7,419.2,19.3,4.4,Normal (<10%),27.8,3,0.8,16,18.8,21.7932,80.2015
2027-02-05 14:00:00,BAL_NORTH_PIT,Shift_2_Evening,492.8,8.0,18.0,20,3,14,0.2,2.2,0.17,7.5,554.9,444.4,482.7,10.1,2.05,Normal (<10%),30.7,3,0.22,16,21.0,21.8121,80.1843
2027-02-05 22:00:00,BAL_DEEP_LEVEL_3,Shift_3_Night,449.2,8.0,17.0,18,4,14,1.4,3.9,0.18,0.0,432.9,413.4,426.5,22.7,5.05,Normal (<10%),30.5,4,0.26,15,19.9,21.8064,80.1876
2027-02-06 06:00:00,UKWA_EXTENSION,Shift_1_Morning,583.0,7.5,21.0,22,3,15,0.7,8.8,0.2,14.0,448.2,521.8,534.2,48.8,8.37,Normal (<10%),27.7,3,0.07,16,19.9,21.7932,80.2015
2027-02-06 14:00:00,BAL_NORTH_PIT,Shift_2_Evening,467.1,8.0,16.0,18,2,11,0.7,3.8,0.22,0.0,493.0,514.5,402.7,64.4,13.79,Alert (10-25%),29.0,4,0.72,11,21.4,21.8121,80.1843
2027-02-06 22:00:00,UKWA_EXTENSION,Shift_3_Night,590.5,7.5,23.0,24,3,11,2.6,10.7,0.29,8.6,532.1,551.9,525.7,64.8,10.97,Alert (10-25%),25.6,3,0.27,12,21.4,21.7932,80.2015
2027-02-07 06:00:00,UKWA_EXTENSION,Shift_1_Morning,506.6,8.0,20.0,20,3,16,0.0,1.8,0.19,0.0,478.0,566.0,500.6,6.0,1.18,Normal (<10%),29.0,4,0.0,16,19.1,21.7932,80.2015
2027-02-07 14:00:00,UKWA_EXTENSION,Shift_2_Evening,526.3,7.5,20.0,22,4,14,2.4,8.4,0.27,7.2,510.7,431.3,471.9,54.4,10.34,Alert (10-25%),29.3,6,0.93,16,20.2,21.7932,80.2015
2027-02-07 22:00:00,UKWA_EXTENSION,Shift_3_Night,508.6,7.5,23.0,24,3,12,1.3,9.7,0.3,6.6,417.3,468.4,438.2,70.4,13.84,Alert (10-25%),29.7,5,0.85,12,21.7,21.7932,80.2015
2027-02-08 06:00:00,UKWA_EXTENSION,Shift_1_Morning,425.9,7.5,18.0,18,3,16,6.4,21.5,0.31,20.0,492.7,467.4,357.3,68.6,16.11,Alert (10-25%),26.4,3,0.65,16,21.4,21.7932,80.2015
2027-02-08 14:00:00,UKWA_EXTENSION,Shift_2_Evening,475.2,8.0,23.0,26,3,14,1.3,8.0,0.18,17.7,509.2,526.8,467.4,7.8,1.64,Normal (<10%),30.9,3,0.53,15,20.0,21.7932,80.2015
2027-02-08 22:00:00,BAL_NORTH_PIT,Shift_3_Night,419.8,8.0,24.0,26,3,16,0.1,1.1,0.19,5.1,413.8,393.2,396.5,23.3,5.55,Normal (<10%),27.5,3,0.19,19,21.1,21.8121,80.1843
2027-02-09 06:00:00,BAL_DEEP_LEVEL_3,Shift_1_Morning,524.6,8.0,25.0,26,4,14,0.1,3.4,0.27,1.7,451.7,500.4,240.2,284.4,54.21,Critical (>25%),27.2,4,0.26,14,20.7,21.8064,80.1876
2027-02-09 14:00:00,BAL_SOUTH_PIT,Shift_2_Evening,489.4,8.0,19.0,22,3,14,3.2,11.8,0.29,15.5,470.8,297.1,297.9,191.5,39.13,Critical (>25%),29.4,4,0.63,16,21.8,21.8005,80.1901
2027-02-09 22:00:00,UKWA_EXTENSION,Shift_3_Night,555.6,8.0,18.0,20,4,12,2.8,23.1,0.26,6.9,602.3,593.7,521.4,34.2,6.16,Normal (<10%),30.1,5,1.17,13,22.2,21.7932,80.2015
2027-02-10 06:00:00,BAL_SOUTH_PIT,Shift_1_Morning,444.1,7.5,22.0,24,4,14,0.6,3.0,0.27,0.0,539.9,476.6,396.7,47.4,10.67,Alert (10-25%),29.9,4,0.15,15,20.7,21.8005,80.1901
2027-02-10 14:00:00,BAL_NORTH_PIT,Shift_2_Evening,432.9,7.5,20.0,22,4,16,1.4,12.9,0.25,7.4,451.1,439.8,381.6,51.3,11.85,Alert (10-25%),28.4,5,0.48,18,21.6,21.8121,80.1843
2027-02-10 22:00:00,UKWA_EXTENSION,Shift_3_Night,481.3,7.5,24.0,26,4,13,1.0,5.6,0.17,2.3,419.2,477.0,406.6,74.7,15.52,Alert (10-25%),26.2,5,0.36,13,18.6,21.7932,80.2015
2027-02-11 06:00:00,BAL_DEEP_LEVEL_3,Shift_1_Morning,585.3,8.0,19.0,20,3,12,5.1,13.1,0.26,5.0,482.7,557.1,555.3,30.0,5.13,Normal (<10%),25.4,3,0.0,15,23.4,21.8064,80.1876
2027-02-11 14:00:00,BAL_SOUTH_PIT,Shift_2_Evening,542.1,8.0,18.0,20,3,14,4.5,23.0,0.24,18.8,556.4,480.0,527.4,14.7,2.71,Normal (<10%),27.9,4,0.82,14,19.6,21.8005,80.1901
2027-02-11 22:00:00,UKWA_EXTENSION,Shift_3_Night,483.8,7.5,20.0,22,3,16,6.2,31.6,0.39,21.1,475.7,409.5,416.3,67.5,13.95,Alert (10-25%),25.6,5,1.16,16,22.5,21.7932,80.2015
2027-02-12 06:00:00,BAL_NORTH_PIT,Shift_1_Morning,503.5,8.0,19.0,20,4,16,3.0,19.6,0.36,12.4,436.8,419.0,494.8,8.7,1.73,Normal (<10%),25.6,5,1.08,19,21.2,21.8121,80.1843
2027-02-12 14:00:00,BAL_DEEP_LEVEL_3,Shift_2_Evening,416.8,8.0,25.0,26,3,16,3.6,15.8,0.23,17.6,489.8,465.8,388.6,28.2,6.77,Normal (<10%),28.5,4,1.01,18,21.0,21.8064,80.1876
2027-02-12 22:00:00,BAL_SOUTH_PIT,Shift_3_Night,596.9,7.5,21.0,22,4,14,0.4,3.2,0.21,0.0,559.7,498.4,538.4,58.5,9.8,Normal (<10%),29.7,4,1.12,16,19.7,21.8005,80.1901
2027-02-13 06:00:00,BAL_SOUTH_PIT,Shift_1_Morning,533.3,7.5,24.0,24,3,14,2.7,12.2,0.3,13.3,509.1,498.0,498.3,35.0,6.56,Normal (<10%),29.6,4,0.68,14,20.7,21.8005,80.1901
2027-02-13 14:00:00,UKWA_EXTENSION,Shift_2_Evening,457.1,8.0,21.0,22,3,12,1.9,9.4,0.18,4.9,443.0,521.7,457.1,0.0,0.0,Normal (<10%),29.4,4,0.62,14,20.8,21.7932,80.2015
2027-02-13 22:00:00,BAL_DEEP_LEVEL_3,Shift_3_Night,517.2,8.0,17.0,18,4,14,4.9,15.0,0.21,8.7,415.2,448.3,467.4,49.8,9.63,Normal (<10%),30.4,4,0.01,15,19.6,21.8064,80.1876
2027-02-14 06:00:00,BAL_DEEP_LEVEL_3,Shift_1_Morning,421.9,7.5,17.0,18,3,12,1.3,4.5,0.21,0.0,392.0,503.2,384.9,37.0,8.77,Normal (<10%),29.4,4,0.91,15,20.7,21.8064,80.1876
2027-02-14 14:00:00,BAL_DEEP_LEVEL_3,Shift_2_Evening,593.2,8.0,25.0,26,4,16,0.1,3.5,0.2,0.0,460.0,337.2,306.7,286.5,48.3,Critical (>25%),29.3,5,0.74,16,20.8,21.8064,80.1876
2027-02-14 22:00:00,BAL_DEEP_LEVEL_3,Shift_3_Night,435.0,7.5,23.0,24,4,12,1.4,9.5,0.25,3.0,420.2,506.9,364.7,70.3,16.16,Alert (10-25%),30.3,4,0.6,15,20.0,21.8064,80.1876
2027-02-15 06:00:00,BAL_NORTH_PIT,Shift_1_Morning,529.6,7.5,17.0,18,4,14,1.7,8.5,0.24,0.0,527.8,403.5,505.1,24.5,4.63,Normal (<10%),27.4,4,0.06,15,19.5,21.8121,80.1843
2027-02-15 14:00:00,BAL_DEEP_LEVEL_3,Shift_2_Evening,449.1,7.5,24.0,26,3,15,0.4,12.0,0.19,9.3,507.0,400.2,405.5,43.6,9.71,Normal (<10%),33.1,4,0.81,15,20.7,21.8064,80.1876
2027-02-15 22:00:00,BAL_SOUTH_PIT,Shift_3_Night,543.5,8.0,23.0,24,4,12,0.8,7.6,0.16,3.5,423.0,486.4,521.5,22.0,4.05,Normal (<10%),30.0,6,1.06,12,19.5,21.8005,80.1901
2027-02-16 06:00:00,BAL_SOUTH_PIT,Shift_1_Morning,555.4,7.5,17.0,18,4,16,1.4,4.7,0.16,8.6,554.8,563.1,503.6,51.8,9.33,Normal (<10%),30.2,4,0.44,19,20.6,21.8005,80.1901
2027-02-16 14:00:00,BAL_NORTH_PIT,Shift_2_Evening,534.7,7.5,22.0,24,4,16,0.7,3.7,0.24,0.0,388.1,575.4,502.9,31.8,5.95,Normal (<10%),30.1,4,0.2,17,21.1,21.8121,80.1843
2027-02-16 22:00:00,BAL_SOUTH_PIT,Shift_3_Night,522.9,8.0,19.0,20,3,12,0.7,2.5,0.26,0.4,337.9,365.4,219.6,303.3,58.0,Critical (>25%),32.1,5,1.36,12,18.9,21.8005,80.1901
2027-02-17 06:00:00,BAL_SOUTH_PIT,Shift_1_Morning,578.5,7.5,20.0,22,3,14,0.2,5.8,0.22,10.0,546.2,450.5,542.4,36.1,6.24,Normal (<10%),30.4,3,1.02,14,19.1,21.8005,80.1901
2027-02-17 14:00:00,BAL_DEEP_LEVEL_3,Shift_2_Evening,415.7,8.0,21.0,22,4,15,4.2,17.4,0.32,16.1,406.3,432.9,404.0,11.7,2.81,Normal (<10%),25.3,4,0.07,17,21.1,21.8064,80.1876
2027-02-17 22:00:00,BAL_SOUTH_PIT,Shift_3_Night,466.2,8.0,25.0,26,3,12,2.1,10.0,0.22,7.3,386.9,417.6,261.7,204.5,43.87,Critical (>25%),31.0,3,0.62,12,19.6,21.8005,80.1901
2027-02-18 06:00:00,BAL_NORTH_PIT,Shift_1_Morning,449.7,8.0,23.0,24,3,16,0.0,1.0,0.19,0.0,405.8,466.1,449.7,0.0,0.0,Normal (<10%),29.3,3,0.0,16,20.5,21.8121,80.1843
2027-02-18 14:00:00,BAL_DEEP_LEVEL_3,Shift_2_Evening,597.6,7.5,22.0,24,4,14,2.2,4.9,0.27,6.2,581.5,584.9,514.3,83.3,13.94,Alert (10-25%),29.1,5,0.9,15,18.6,21.8064,80.1876
2027-02-18 22:00:00,UKWA_EXTENSION,Shift_3_Night,477.9,7.5,20.0,20,4,12,2.0,8.2,0.26,4.0,502.9,491.9,415.3,62.6,13.1,Alert (10-25%),26.9,4,0.0,15,20.1,21.7932,80.2015
2027-02-19 06:00:00,BAL_DEEP_LEVEL_3,Shift_1_Morning,546.5,8.0,21.0,24,3,12,0.0,1.2,0.21,0.0,505.5,503.0,546.5,0.0,0.0,Normal (<10%),30.4,5,0.84,12,18.0,21.8064,80.1876
2027-02-19 14:00:00,BAL_NORTH_PIT,Shift_2_Evening,536.9,8.0,23.0,24,4,14,0.7,8.5,0.24,12.3,520.3,441.8,494.7,42.2,7.86,Normal (<10%),27.9,6,0.61,15,21.8,21.8121,80.1843
2027-02-19 22:00:00,BAL_DEEP_LEVEL_3,Shift_3_Night,442.4,8.0,22.0,24,3,12,1.4,3.8,0.16,9.9,364.2,326.6,405.1,37.3,8.43,Normal (<10%),29.9,5,0.94,13,19.0,21.8064,80.1876
2027-02-20 06:00:00,BAL_DEEP_LEVEL_3,Shift_1_Morning,447.8,7.5,19.0,20,3,16,0.9,2.5,0.22,0.0,408.5,551.8,389.5,58.3,13.02,Alert (10-25%),29.1,4,0.95,17,19.5,21.8064,80.1876
2027-02-20 14:00:00,BAL_NORTH_PIT,Shift_2_Evening,456.3,8.0,19.0,20,4,14,2.3,14.8,0.29,18.4,433.3,539.7,456.3,0.0,0.0,Normal (<10%),31.0,5,0.14,15,19.4,21.8121,80.1843
2027-02-20 22:00:00,BAL_DEEP_LEVEL_3,Shift_3_Night,482.2,8.0,19.0,20,4,14,0.8,9.9,0.36,6.2,420.0,406.1,451.7,30.5,6.33,Normal (<10%),31.0,5,0.59,14,20.5,21.8064,80.1876
2027-02-21 06:00:00,BAL_NORTH_PIT,Shift_1_Morning,446.9,8.0,24.0,24,4,14,0.3,8.7,0.24,9.7,505.1,469.9,438.3,8.6,1.92,Normal (<10%),28.9,6,0.85,15,21.2,21.8121,80.1843
2027-02-21 14:00:00,BAL_NORTH_PIT,Shift_2_Evening,403.9,7.5,24.0,24,4,16,5.6,23.4,0.3,24.8,536.4,368.8,356.2,47.7,11.81,Alert (10-25%),27.4,4,0.9,16,21.5,21.8121,80.1843
2027-02-21 22:00:00,UKWA_EXTENSION,Shift_3_Night,575.9,8.0,21.0,22,3,12,0.4,4.5,0.24,2.2,540.6,593.1,512.6,63.3,10.99,Alert (10-25%),28.6,4,0.83,14,20.4,21.7932,80.2015
2027-02-22 06:00:00,BAL_SOUTH_PIT,Shift_1_Morning,593.1,7.5,24.0,24,3,12,1.9,10.7,0.33,8.4,356.5,457.2,275.4,317.7,53.57,Critical (>25%),29.8,3,0.05,14,19.9,21.8005,80.1901
2027-02-22 14:00:00,BAL_SOUTH_PIT,Shift_2_Evening,468.3,7.5,25.0,26,3,14,0.2,3.2,0.23,5.8,425.2,435.1,423.7,44.6,9.52,Normal (<10%),28.9,3,0.26,16,20.0,21.8005,80.1901
2027-02-22 22:00:00,BAL_DEEP_LEVEL_3,Shift_3_Night,467.7,8.0,19.0,20,3,16,0.6,6.6,0.22,12.3,532.9,448.0,435.2,32.5,6.95,Normal (<10%),28.5,3,0.87,16,19.9,21.8064,80.1876
2027-02-23 06:00:00,BAL_DEEP_LEVEL_3,Shift_1_Morning,401.4,8.0,22.0,24,4,16,0.9,8.7,0.2,5.9,459.8,435.9,392.7,8.7,2.17,Normal (<10%),30.6,5,0.91,19,19.9,21.8064,80.1876
2027-02-23 14:00:00,UKWA_EXTENSION,Shift_2_Evening,536.1,8.0,19.0,20,4,16,0.3,4.0,0.18,6.7,482.3,535.6,503.8,32.3,6.02,Normal (<10%),28.8,5,0.42,17,20.4,21.7932,80.2015
2027-02-23 22:00:00,UKWA_EXTENSION,Shift_3_Night,565.1,7.5,19.0,20,4,14,0.9,2.9,0.25,0.0,381.9,388.5,226.3,338.8,59.95,Critical (>25%),29.2,4,0.32,14,20.6,21.7932,80.2015
2027-02-24 06:00:00,UKWA_EXTENSION,Shift_1_Morning,429.3,7.5,25.0,26,2,12,0.3,5.4,0.21,0.0,345.7,459.6,365.5,63.8,14.86,Alert (10-25%),26.9,3,0.63,13,19.5,21.7932,80.2015
2027-02-24 14:00:00,BAL_NORTH_PIT,Shift_2_Evening,431.9,7.5,19.0,20,4,15,1.2,8.2,0.34,2.1,428.3,563.3,385.1,46.8,10.84,Alert (10-25%),29.4,4,0.24,16,21.7,21.8121,80.1843
2027-02-24 22:00:00,UKWA_EXTENSION,Shift_3_Night,558.0,8.0,19.0,20,3,12,1.6,8.4,0.25,2.2,545.7,594.8,505.8,52.2,9.35,Normal (<10%),31.7,3,0.0,12,19.9,21.7932,80.2015
2027-02-25 06:00:00,UKWA_EXTENSION,Shift_1_Morning,523.3,7.5,20.0,20,4,16,0.1,5.4,0.25,8.5,455.8,538.0,474.9,48.4,9.25,Normal (<10%),30.1,4,0.2,18,21.8,21.7932,80.2015
2027-02-25 14:00:00,BAL_DEEP_LEVEL_3,Shift_2_Evening,409.0,8.0,21.0,22,4,15,3.1,18.2,0.26,11.8,541.9,556.8,384.4,24.6,6.01,Normal (<10%),30.2,5,1.12,16,23.1,21.8064,80.1876
2027-02-25 22:00:00,UKWA_EXTENSION,Shift_3_Night,524.5,8.0,21.0,22,3,14,0.3,4.2,0.18,0.0,553.0,532.3,491.4,33.1,6.31,Normal (<10%),28.3,3,0.29,14,18.2,21.7932,80.2015
2027-02-26 06:00:00,BAL_NORTH_PIT,Shift_1_Morning,461.8,8.0,23.0,24,4,14,0.4,10.6,0.29,2.6,488.9,462.9,455.9,5.9,1.28,Normal (<10%),28.8,4,0.37,15,21.5,21.8121,80.1843
2027-02-26 14:00:00,BAL_NORTH_PIT,Shift_2_Evening,473.7,7.5,20.0,22,3,14,1.6,14.6,0.33,7.6,467.2,308.4,213.9,259.8,54.84,Critical (>25%),26.4,5,1.04,14,22.2,21.8121,80.1843
2027-02-26 22:00:00,BAL_DEEP_LEVEL_3,Shift_3_Night,553.9,7.5,23.0,24,3,11,0.9,7.4,0.19,9.5,290.9,394.3,181.3,372.6,67.27,Critical (>25%),28.9,3,1.07,11,18.6,21.8064,80.1876
2027-02-27 06:00:00,UKWA_EXTENSION,Shift_1_Morning,562.2,7.5,20.0,22,4,14,1.0,10.0,0.21,2.2,604.4,556.8,522.5,39.7,7.06,Normal (<10%),30.1,6,1.0,14,19.3,21.7932,80.2015
2027-02-27 14:00:00,UKWA_EXTENSION,Shift_2_Evening,480.1,8.0,24.0,26,4,14,0.2,8.6,0.21,5.1,492.7,513.8,480.1,0.0,0.0,Normal (<10%),29.2,6,1.33,17,20.4,21.7932,80.2015
2027-02-27 22:00:00,BAL_NORTH_PIT,Shift_3_Night,589.4,7.5,18.0,20,3,16,2.5,8.1,0.27,3.5,326.6,418.0,227.5,361.9,61.4,Critical (>25%),26.6,3,0.22,17,20.4,21.8121,80.1843
2027-02-28 06:00:00,UKWA_EXTENSION,Shift_1_Morning,481.3,7.5,26.0,26,3,14,1.4,10.3,0.27,8.6,407.6,425.3,428.2,53.1,11.03,Alert (10-25%),26.6,4,0.62,14,19.9,21.7932,80.2015
2027-02-28 14:00:00,UKWA_EXTENSION,Shift_2_Evening,554.4,8.0,23.0,24,4,11,0.2,4.7,0.22,12.3,365.7,446.9,315.9,238.5,43.02,Critical (>25%),27.2,5,0.7,11,19.4,21.7932,80.2015
2027-02-28 22:00:00,UKWA_EXTENSION,Shift_3_Night,496.8,8.0,22.0,24,3,14,0.7,7.1,0.2,1.5,546.3,515.9,462.3,34.5,6.94,Normal (<10%),30.0,3,0.17,17,21.7,21.7932,80.2015
2027-03-01 06:00:00,BAL_SOUTH_PIT,Shift_1_Morning,579.5,7.5,17.0,18,4,12,2.5,10.5,0.33,8.6,523.8,442.4,521.0,58.5,10.09,Alert (10-25%),34.3,4,0.34,13,19.1,21.8005,80.1901
2027-03-01 14:00:00,BAL_DEEP_LEVEL_3,Shift_2_Evening,581.6,8.0,21.0,22,3,14,1.3,9.8,0.3,6.5,566.1,464.7,569.5,12.1,2.08,Normal (<10%),33.5,3,0.67,16,20.2,21.8064,80.1876
2027-03-01 22:00:00,BAL_SOUTH_PIT,Shift_3_Night,417.5,7.5,21.0,22,4,12,0.2,4.2,0.12,0.5,471.6,391.7,348.3,69.2,16.57,Alert (10-25%),30.1,4,0.16,13,20.0,21.8005,80.1901
2027-03-02 06:00:00,BAL_DEEP_LEVEL_3,Shift_1_Morning,587.3,8.0,24.0,26,4,16,0.7,9.7,0.29,6.7,569.2,567.2,578.5,8.8,1.5,Normal (<10%),33.6,4,0.4,19,22.1,21.8064,80.1876
2027-03-02 14:00:00,BAL_NORTH_PIT,Shift_2_Evening,565.1,8.0,20.0,22,4,14,0.4,16.3,0.27,20.0,511.7,502.6,242.1,323.0,57.16,Critical (>25%),32.5,4,0.61,15,19.9,21.8121,80.1843
2027-03-02 22:00:00,UKWA_EXTENSION,Shift_3_Night,558.3,7.5,25.0,26,3,13,1.1,19.1,0.27,12.4,437.2,409.1,488.1,70.2,12.57,Alert (10-25%),28.5,4,0.45,13,21.3,21.7932,80.2015
2027-03-03 06:00:00,BAL_DEEP_LEVEL_3,Shift_1_Morning,440.2,8.0,20.0,22,3,14,2.8,13.2,0.3,8.5,354.7,460.6,265.4,174.8,39.71,Critical (>25%),30.7,3,0.73,14,21.9,21.8064,80.1876
2027-03-03 14:00:00,BAL_SOUTH_PIT,Shift_2_Evening,561.0,8.0,18.0,20,3,14,0.9,10.9,0.27,5.4,377.5,375.2,351.7,209.3,37.31,Critical (>25%),33.2,3,0.42,14,20.2,21.8005,80.1901
2027-03-03 22:00:00,UKWA_EXTENSION,Shift_3_Night,570.0,8.0,23.0,24,3,14,0.9,18.2,0.3,14.2,430.8,465.4,536.2,33.8,5.93,Normal (<10%),31.6,3,0.35,16,20.7,21.7932,80.2015
2027-03-04 06:00:00,BAL_NORTH_PIT,Shift_1_Morning,457.8,7.5,21.0,22,3,12,3.5,11.0,0.21,2.3,504.1,398.8,380.5,77.3,16.89,Alert (10-25%),29.9,4,0.1,15,22.0,21.8121,80.1843
2027-03-04 14:00:00,BAL_DEEP_LEVEL_3,Shift_2_Evening,590.5,8.0,18.0,20,3,14,1.3,10.4,0.3,7.5,434.6,564.1,556.1,34.4,5.83,Normal (<10%),32.3,3,0.29,15,22.5,21.8064,80.1876
2027-03-04 22:00:00,BAL_DEEP_LEVEL_3,Shift_3_Night,410.0,8.0,16.0,18,4,16,1.3,8.7,0.18,8.0,525.6,376.7,369.8,40.2,9.8,Normal (<10%),29.0,4,0.51,17,19.1,21.8064,80.1876
2027-03-05 06:00:00,BAL_DEEP_LEVEL_3,Shift_1_Morning,430.0,7.5,17.0,18,4,12,0.5,15.8,0.32,6.3,465.0,441.8,385.0,45.0,10.47,Alert (10-25%),30.5,4,0.92,12,20.9,21.8064,80.1876
2027-03-05 14:00:00,UKWA_EXTENSION,Shift_2_Evening,507.5,7.5,24.0,26,4,12,1.4,12.4,0.27,16.3,485.2,422.4,449.5,58.0,11.43,Alert (10-25%),33.1,4,0.57,13,21.9,21.7932,80.2015
2027-03-05 22:00:00,BAL_SOUTH_PIT,Shift_3_Night,515.2,8.0,18.0,20,3,14,1.3,8.2,0.24,13.3,541.7,395.7,483.3,31.9,6.19,Normal (<10%),31.9,3,0.74,14,20.0,21.8005,80.1901
2027-03-06 06:00:00,BAL_SOUTH_PIT,Shift_1_Morning,529.0,8.0,17.0,18,3,12,0.8,5.3,0.2,14.8,386.2,533.0,490.0,39.0,7.37,Normal (<10%),31.6,4,0.34,13,18.2,21.8005,80.1901
2027-03-06 14:00:00,BAL_DEEP_LEVEL_3,Shift_2_Evening,403.4,8.0,24.0,26,3,10,7.0,22.7,0.32,18.0,398.8,386.5,334.8,68.6,17.01,Alert (10-25%),31.6,5,0.98,10,21.7,21.8064,80.1876
2027-03-06 22:00:00,BAL_NORTH_PIT,Shift_3_Night,592.1,7.5,23.0,26,3,16,3.2,10.8,0.19,9.3,538.6,431.6,467.0,125.1,21.13,Alert (10-25%),33.5,3,0.77,19,20.0,21.8121,80.1843
2027-03-07 06:00:00,BAL_NORTH_PIT,Shift_1_Morning,408.9,8.0,16.0,18,2,12,2.1,13.3,0.33,8.5,406.0,502.9,331.6,77.3,18.9,Alert (10-25%),32.9,2,0.13,15,20.7,21.8121,80.1843
2027-03-07 14:00:00,BAL_SOUTH_PIT,Shift_2_Evening,428.6,7.5,18.0,18,2,14,1.2,7.5,0.22,5.3,428.4,359.2,348.1,80.5,18.78,Alert (10-25%),33.4,2,0.69,14,18.0,21.8005,80.1901
2027-03-07 22:00:00,BAL_NORTH_PIT,Shift_3_Night,402.8,7.5,20.0,22,4,15,0.9,5.1,0.19,8.0,386.4,398.4,351.1,51.7,12.84,Alert (10-25%),34.1,4,0.62,15,20.6,21.8121,80.1843
2027-03-08 06:00:00,BAL_SOUTH_PIT,Shift_1_Morning,513.4,8.0,22.0,24,4,15,0.3,2.6,0.2,1.8,408.8,435.4,511.4,2.0,0.39,Normal (<10%),33.7,4,0.48,18,19.7,21.8005,80.1901
2027-03-08 14:00:00,BAL_DEEP_LEVEL_3,Shift_2_Evening,586.5,8.0,17.0,18,3,16,0.5,3.7,0.2,1.7,437.8,463.3,576.4,10.1,1.72,Normal (<10%),32.9,4,0.6,16,19.8,21.8064,80.1876
2027-03-08 22:00:00,BAL_SOUTH_PIT,Shift_3_Night,533.2,7.5,20.0,22,4,16,2.2,19.8,0.36,16.0,404.1,445.0,434.5,98.7,18.51,Alert (10-25%),30.4,4,0.1,17,22.3,21.8005,80.1901
2027-03-09 06:00:00,BAL_SOUTH_PIT,Shift_1_Morning,564.5,8.0,26.0,26,4,16,0.9,4.4,0.14,0.0,504.6,650.0,562.5,2.0,0.35,Normal (<10%),32.5,4,0.93,16,19.3,21.8005,80.1901
2027-03-09 14:00:00,BAL_DEEP_LEVEL_3,Shift_2_Evening,402.7,8.0,25.0,26,4,14,3.2,11.7,0.25,15.7,526.6,353.7,383.4,19.3,4.79,Normal (<10%),29.7,4,0.59,15,20.9,21.8064,80.1876
2027-03-09 22:00:00,BAL_NORTH_PIT,Shift_3_Night,508.4,7.5,19.0,20,4,14,0.2,6.1,0.31,4.1,390.5,428.6,290.2,218.2,42.92,Critical (>25%),30.2,5,0.8,14,20.6,21.8121,80.1843
2027-03-10 06:00:00,BAL_SOUTH_PIT,Shift_1_Morning,491.9,8.0,18.0,20,3,13,1.1,6.6,0.24,8.2,363.4,379.0,334.9,157.0,31.92,Critical (>25%),31.6,4,0.58,13,20.0,21.8005,80.1901
2027-03-10 14:00:00,BAL_SOUTH_PIT,Shift_2_Evening,499.8,7.5,20.0,22,3,15,1.6,10.4,0.26,2.9,469.6,529.5,398.8,101.0,20.21,Alert (10-25%),32.0,3,0.41,15,19.4,21.8005,80.1901
2027-03-10 22:00:00,BAL_DEEP_LEVEL_3,Shift_3_Night,414.4,8.0,17.0,18,3,16,1.1,10.1,0.25,6.5,383.4,427.4,369.5,44.9,10.83,Alert (10-25%),33.9,3,0.45,16,19.3,21.8064,80.1876
2027-03-11 06:00:00,BAL_NORTH_PIT,Shift_1_Morning,536.9,7.5,25.0,26,3,16,3.3,7.7,0.21,3.2,397.7,408.9,467.2,69.7,12.98,Alert (10-25%),32.1,4,0.82,18,20.4,21.8121,80.1843
2027-03-11 14:00:00,BAL_SOUTH_PIT,Shift_2_Evening,500.6,7.5,24.0,26,4,11,6.8,27.7,0.37,16.7,494.3,532.1,437.2,63.4,12.66,Alert (10-25%),31.1,5,0.98,12,22.2,21.8005,80.1901
2027-03-11 22:00:00,BAL_DEEP_LEVEL_3,Shift_3_Night,553.0,8.0,19.0,20,3,14,0.2,3.3,0.21,0.0,501.2,497.1,516.5,36.5,6.6,Normal (<10%),34.1,4,0.47,15,20.3,21.8064,80.1876
2027-03-12 06:00:00,BAL_SOUTH_PIT,Shift_1_Morning,497.1,7.5,21.0,22,3,12,0.2,7.8,0.25,10.5,446.6,498.9,464.1,33.0,6.64,Normal (<10%),31.5,4,0.26,13,21.5,21.8005,80.1901
2027-03-12 14:00:00,UKWA_EXTENSION,Shift_2_Evening,429.9,7.5,18.0,18,4,16,0.2,7.7,0.27,7.6,365.3,396.8,390.0,39.9,9.28,Normal (<10%),32.7,5,0.73,18,21.2,21.7932,80.2015
2027-03-12 22:00:00,BAL_DEEP_LEVEL_3,Shift_3_Night,529.7,8.0,16.0,18,4,12,1.7,7.2,0.26,0.0,504.8,500.0,485.4,44.3,8.36,Normal (<10%),31.5,4,0.0,14,20.0,21.8064,80.1876
2027-03-13 06:00:00,BAL_NORTH_PIT,Shift_1_Morning,434.5,8.0,20.0,20,3,12,0.7,3.6,0.22,1.3,538.6,539.5,415.8,18.7,4.3,Normal (<10%),34.4,4,0.6,12,17.4,21.8121,80.1843
2027-03-13 14:00:00,BAL_NORTH_PIT,Shift_2_Evening,574.5,8.0,18.0,18,3,14,2.0,13.6,0.31,8.0,303.2,316.9,264.1,310.4,54.03,Critical (>25%),32.0,3,0.25,15,20.3,21.8121,80.1843
2027-03-13 22:00:00,BAL_NORTH_PIT,Shift_3_Night,522.6,7.5,22.0,22,4,14,0.8,9.1,0.3,8.1,549.4,509.9,468.5,54.1,10.35,Alert (10-25%),29.7,4,0.55,15,19.4,21.8121,80.1843
2027-03-14 06:00:00,BAL_NORTH_PIT,Shift_1_Morning,431.4,7.5,24.0,26,4,13,1.5,3.9,0.26,1.9,467.9,424.1,377.9,53.5,12.4,Alert (10-25%),32.4,4,0.99,15,19.9,21.8121,80.1843
2027-03-14 14:00:00,BAL_SOUTH_PIT,Shift_2_Evening,592.5,7.5,19.0,20,3,14,2.2,11.4,0.31,13.0,364.3,399.8,222.2,370.3,62.5,Critical (>25%),33.7,3,0.0,16,21.6,21.8005,80.1901
2027-03-14 22:00:00,BAL_SOUTH_PIT,Shift_3_Night,503.7,8.0,17.0,18,3,12,1.2,8.0,0.31,10.2,511.8,455.6,453.8,49.9,9.91,Normal (<10%),31.2,3,1.08,13,20.8,21.8005,80.1901
2027-03-15 06:00:00,BAL_NORTH_PIT,Shift_1_Morning,414.6,7.5,24.0,26,3,11,1.2,4.3,0.16,13.9,389.1,511.0,376.1,38.5,9.29,Normal (<10%),33.4,3,0.33,12,21.5,21.8121,80.1843
2027-03-15 14:00:00,BAL_NORTH_PIT,Shift_2_Evening,525.4,7.5,22.0,24,3,13,0.1,2.6,0.35,0.0,525.6,421.7,467.6,57.8,11.0,Alert (10-25%),32.5,3,0.5,13,20.7,21.8121,80.1843
2027-03-15 22:00:00,BAL_NORTH_PIT,Shift_3_Night,450.6,8.0,18.0,20,4,12,0.8,4.4,0.23,9.8,515.6,507.8,428.0,22.6,5.02,Normal (<10%),30.7,5,0.28,14,22.4,21.8121,80.1843
2027-03-16 06:00:00,BAL_SOUTH_PIT,Shift_1_Morning,560.7,7.5,19.0,20,3,12,1.2,2.1,0.2,5.4,558.3,576.7,517.6,43.1,7.69,Normal (<10%),33.4,5,1.3,13,20.4,21.8005,80.1901
2027-03-16 14:00:00,BAL_NORTH_PIT,Shift_2_Evening,563.6,8.0,22.0,24,4,15,0.9,10.1,0.26,5.9,513.4,520.1,526.1,37.5,6.65,Normal (<10%),29.5,4,0.41,15,21.3,21.8121,80.1843
2027-03-16 22:00:00,BAL_NORTH_PIT,Shift_3_Night,595.8,8.0,22.0,22,4,11,3.5,17.9,0.22,10.7,446.1,470.2,529.1,66.7,11.2,Alert (10-25%),30.3,6,0.98,11,20.0,21.8121,80.1843
2027-03-17 06:00:00,UKWA_EXTENSION,Shift_1_Morning,500.4,8.0,19.0,20,4,13,3.6,16.5,0.29,10.6,511.3,428.8,222.7,277.7,55.5,Critical (>25%),32.6,4,0.0,14,20.1,21.7932,80.2015
2027-03-17 14:00:00,UKWA_EXTENSION,Shift_2_Evening,491.0,7.5,25.0,26,3,14,2.6,6.3,0.19,5.4,533.9,461.1,448.3,42.7,8.7,Normal (<10%),32.9,4,0.72,14,19.1,21.7932,80.2015
2027-03-17 22:00:00,BAL_NORTH_PIT,Shift_3_Night,550.7,7.5,24.0,26,3,12,0.7,4.2,0.22,0.1,463.1,567.9,466.2,84.5,15.34,Alert (10-25%),31.9,4,0.95,13,20.0,21.8121,80.1843
2027-03-18 06:00:00,BAL_DEEP_LEVEL_3,Shift_1_Morning,426.5,7.5,19.0,20,4,14,1.9,8.5,0.25,0.0,445.6,470.0,383.3,43.2,10.13,Alert (10-25%),32.5,6,0.93,14,19.4,21.8064,80.1876
2027-03-18 14:00:00,BAL_NORTH_PIT,Shift_2_Evening,509.4,8.0,21.0,22,3,14,0.8,2.7,0.18,0.0,397.6,508.4,497.8,11.6,2.28,Normal (<10%),32.6,3,0.75,14,18.2,21.8121,80.1843
2027-03-18 22:00:00,UKWA_EXTENSION,Shift_3_Night,509.2,8.0,22.0,24,4,11,0.4,5.5,0.14,2.3,526.9,506.4,469.4,39.8,7.82,Normal (<10%),32.7,6,1.34,11,19.6,21.7932,80.2015
2027-03-19 06:00:00,BAL_DEEP_LEVEL_3,Shift_1_Morning,417.9,8.0,19.0,20,3,12,0.6,3.8,0.23,5.4,341.7,384.5,230.6,187.3,44.82,Critical (>25%),33.3,3,0.21,14,19.4,21.8064,80.1876
2027-03-19 14:00:00,BAL_DEEP_LEVEL_3,Shift_2_Evening,483.6,7.5,20.0,20,3,12,0.1,3.7,0.22,0.0,550.9,428.2,439.8,43.8,9.06,Normal (<10%),31.3,5,1.48,14,18.8,21.8064,80.1876
2027-03-19 22:00:00,BAL_NORTH_PIT,Shift_3_Night,570.7,7.5,20.0,22,4,14,0.6,4.1,0.23,5.9,602.1,486.3,483.3,87.4,15.31,Alert (10-25%),32.4,5,0.71,14,18.5,21.8121,80.1843
2027-03-20 06:00:00,UKWA_EXTENSION,Shift_1_Morning,571.2,7.5,20.0,22,3,15,0.9,8.7,0.22,0.0,453.3,490.1,502.0,69.2,12.11,Alert (10-25%),31.5,3,0.41,17,20.4,21.7932,80.2015
2027-03-20 14:00:00,UKWA_EXTENSION,Shift_2_Evening,419.8,7.5,23.0,26,4,16,4.7,14.8,0.24,11.9,442.4,447.0,364.9,54.9,13.08,Alert (10-25%),29.0,4,0.43,16,19.3,21.7932,80.2015
2027-03-20 22:00:00,BAL_DEEP_LEVEL_3,Shift_3_Night,418.1,7.5,19.0,22,3,11,0.6,4.2,0.21,5.6,521.9,425.8,339.8,78.3,18.73,Alert (10-25%),31.0,3,0.42,14,20.5,21.8064,80.1876
2027-03-21 06:00:00,BAL_NORTH_PIT,Shift_1_Morning,452.5,8.0,25.0,26,3,14,3.5,12.3,0.27,7.5,473.9,457.6,422.4,30.1,6.65,Normal (<10%),33.7,4,0.0,16,21.8,21.8121,80.1843
2027-03-21 14:00:00,BAL_SOUTH_PIT,Shift_2_Evening,575.0,7.5,19.0,20,4,13,0.4,6.0,0.26,4.2,469.5,568.7,499.5,75.5,13.13,Alert (10-25%),32.5,5,0.64,13,20.5,21.8005,80.1901
2027-03-21 22:00:00,BAL_SOUTH_PIT,Shift_3_Night,425.8,8.0,22.0,22,3,11,0.3,1.3,0.17,4.4,526.8,524.8,402.5,23.3,5.47,Normal (<10%),30.9,5,0.59,12,18.8,21.8005,80.1901
2027-03-22 06:00:00,UKWA_EXTENSION,Shift_1_Morning,544.0,8.0,21.0,22,3,15,1.1,4.8,0.26,0.3,502.6,454.8,348.8,195.2,35.88,Critical (>25%),29.7,4,1.19,16,18.9,21.7932,80.2015
2027-03-22 14:00:00,BAL_SOUTH_PIT,Shift_2_Evening,420.2,7.5,22.0,24,3,12,1.7,6.8,0.27,6.1,416.9,502.6,354.2,66.0,15.71,Alert (10-25%),31.7,5,1.48,15,20.7,21.8005,80.1901
2027-03-22 22:00:00,UKWA_EXTENSION,Shift_3_Night,524.6,8.0,24.0,26,3,14,0.1,8.5,0.27,3.9,362.1,526.5,473.7,50.9,9.7,Normal (<10%),34.0,5,1.26,14,20.8,21.7932,80.2015
2027-03-23 06:00:00,UKWA_EXTENSION,Shift_1_Morning,471.2,7.5,24.0,26,4,14,0.4,16.2,0.37,18.6,447.2,455.1,426.1,45.1,9.57,Normal (<10%),30.2,4,0.33,17,23.3,21.7932,80.2015
2027-03-23 14:00:00,UKWA_EXTENSION,Shift_2_Evening,557.8,7.5,21.0,22,4,16,0.9,2.9,0.13,4.6,415.8,458.3,327.0,230.8,41.38,Critical (>25%),34.9,5,0.4,19,20.5,21.7932,80.2015
2027-03-23 22:00:00,BAL_SOUTH_PIT,Shift_3_Night,446.7,8.0,20.0,20,4,12,0.6,6.0,0.33,0.0,460.0,393.8,410.8,35.9,8.04,Normal (<10%),32.1,4,0.2,12,21.5,21.8005,80.1901
2027-03-24 06:00:00,UKWA_EXTENSION,Shift_1_Morning,527.8,7.5,22.0,22,3,16,1.9,4.6,0.19,12.2,523.7,477.2,443.6,84.2,15.95,Alert (10-25%),33.2,4,1.28,17,21.5,21.7932,80.2015
2027-03-24 14:00:00,BAL_DEEP_LEVEL_3,Shift_2_Evening,447.1,7.5,25.0,26,2,16,1.1,3.8,0.23,7.5,317.6,293.3,163.3,283.8,63.48,Critical (>25%),30.3,3,0.49,17,19.5,21.8064,80.1876
2027-03-24 22:00:00,BAL_NORTH_PIT,Shift_3_Night,542.7,8.0,22.0,24,3,12,0.3,4.4,0.22,0.0,539.0,524.9,498.9,43.8,8.07,Normal (<10%),33.7,3,0.0,12,21.1,21.8121,80.1843
2027-03-25 06:00:00,BAL_NORTH_PIT,Shift_1_Morning,574.7,8.0,25.0,26,3,14,3.4,16.3,0.21,3.2,455.1,579.5,561.4,13.3,2.31,Normal (<10%),30.9,4,1.01,17,21.2,21.8121,80.1843
2027-03-25 14:00:00,UKWA_EXTENSION,Shift_2_Evening,425.4,8.0,18.0,20,4,15,0.5,4.5,0.25,0.0,544.9,504.0,419.2,6.2,1.46,Normal (<10%),33.4,4,0.85,15,20.8,21.7932,80.2015
2027-03-25 22:00:00,BAL_NORTH_PIT,Shift_3_Night,573.3,8.0,18.0,20,4,11,2.0,7.6,0.28,0.2,507.8,550.8,526.7,46.6,8.13,Normal (<10%),30.5,5,1.2,11,20.8,21.8121,80.1843
2027-03-26 06:00:00,BAL_SOUTH_PIT,Shift_1_Morning,518.7,8.0,23.0,24,4,16,2.3,12.2,0.28,8.9,490.1,591.9,518.7,0.0,0.0,Normal (<10%),31.6,4,0.71,17,18.8,21.8005,80.1901
2027-03-26 14:00:00,BAL_SOUTH_PIT,Shift_2_Evening,425.4,8.0,18.0,20,4,14,5.0,24.0,0.25,16.4,446.7,552.5,400.7,24.7,5.81,Normal (<10%),31.1,4,0.79,15,20.4,21.8005,80.1901
2027-03-26 22:00:00,BAL_NORTH_PIT,Shift_3_Night,485.5,7.5,18.0,20,4,14,1.0,8.3,0.18,9.2,447.7,466.0,436.6,48.9,10.07,Alert (10-25%),32.0,6,1.02,14,18.4,21.8121,80.1843
2027-03-27 06:00:00,BAL_SOUTH_PIT,Shift_1_Morning,432.2,7.5,16.0,18,3,11,1.4,6.3,0.2,2.6,423.3,357.4,379.7,52.5,12.15,Alert (10-25%),32.9,3,0.0,14,19.0,21.8005,80.1901
2027-03-27 14:00:00,BAL_NORTH_PIT,Shift_2_Evening,540.1,7.5,24.0,26,4,14,0.6,12.3,0.33,6.9,575.3,505.1,504.4,35.7,6.61,Normal (<10%),30.6,5,0.71,14,21.6,21.8121,80.1843
2027-03-27 22:00:00,BAL_NORTH_PIT,Shift_3_Night,551.8,8.0,20.0,20,3,12,1.7,5.7,0.23,4.4,387.9,464.6,458.2,93.6,16.96,Alert (10-25%),31.2,3,0.59,12,21.8,21.8121,80.1843
2027-03-28 06:00:00,BAL_NORTH_PIT,Shift_1_Morning,421.2,7.5,17.0,18,4,12,0.9,4.1,0.12,8.4,430.3,365.3,207.7,213.5,50.69,Critical (>25%),35.4,4,0.36,13,19.1,21.8121,80.1843
2027-03-28 14:00:00,UKWA_EXTENSION,Shift_2_Evening,501.2,8.0,25.0,26,4,12,0.9,10.2,0.35,0.0,602.8,520.4,437.4,63.8,12.73,Alert (10-25%),32.7,4,0.35,15,22.8,21.7932,80.2015
2027-03-28 22:00:00,BAL_NORTH_PIT,Shift_3_Night,562.9,7.5,17.0,18,4,14,2.9,15.3,0.35,8.9,404.0,557.3,466.6,96.3,17.11,Alert (10-25%),29.5,4,0.11,14,22.5,21.8121,80.1843
2027-03-29 06:00:00,UKWA_EXTENSION,Shift_1_Morning,587.2,8.0,17.0,18,4,12,0.1,3.3,0.16,8.8,557.4,473.7,577.2,10.0,1.7,Normal (<10%),33.6,4,0.1,13,19.8,21.7932,80.2015
2027-03-29 14:00:00,BAL_NORTH_PIT,Shift_2_Evening,502.7,7.5,19.0,22,3,12,3.2,14.2,0.25,9.8,434.1,514.3,420.2,82.5,16.41,Alert (10-25%),30.2,4,1.25,15,21.5,21.8121,80.1843
2027-03-29 22:00:00,BAL_NORTH_PIT,Shift_3_Night,590.1,8.0,23.0,24,3,16,2.9,9.2,0.23,4.7,460.6,496.9,557.3,32.8,5.56,Normal (<10%),30.1,5,1.56,19,20.9,21.8121,80.1843
2027-03-30 06:00:00,BAL_NORTH_PIT,Shift_1_Morning,507.1,8.0,17.0,18,3,13,1.1,5.4,0.25,0.0,460.3,428.4,505.4,1.7,0.34,Normal (<10%),33.6,4,0.7,13,20.4,21.8121,80.1843
2027-03-30 14:00:00,BAL_SOUTH_PIT,Shift_2_Evening,478.8,8.0,19.0,20,3,12,1.0,7.0,0.24,9.2,539.1,530.9,457.4,21.4,4.47,Normal (<10%),29.4,3,0.48,13,21.1,21.8005,80.1901
2027-03-30 22:00:00,UKWA_EXTENSION,Shift_3_Night,569.6,8.0,24.0,24,4,16,0.7,6.9,0.2,2.2,487.0,532.9,530.3,39.3,6.9,Normal (<10%),33.6,6,0.71,18,20.9,21.7932,80.2015
2027-03-31 06:00:00,UKWA_EXTENSION,Shift_1_Morning,498.6,7.5,17.0,18,4,11,7.7,26.9,0.4,15.5,449.1,533.6,459.4,39.2,7.86,Normal (<10%),29.1,5,0.95,12,22.8,21.7932,80.2015
2027-03-31 14:00:00,BAL_NORTH_PIT,Shift_2_Evening,494.4,7.5,18.0,20,3,16,0.2,9.4,0.33,13.1,442.8,542.1,428.7,65.7,13.29,Alert (10-25%),31.0,4,1.23,17,20.9,21.8121,80.1843
2027-03-31 22:00:00,BAL_NORTH_PIT,Shift_3_Night,498.1,8.0,19.0,20,3,16,1.3,6.5,0.23,0.0,475.9,591.5,443.5,54.6,10.96,Alert (10-25%),32.7,5,0.54,18,19.0,21.8121,80.1843
2027-04-01 06:00:00,BAL_SOUTH_PIT,Shift_1_Morning,569.4,8.0,18.0,18,4,16,1.7,8.6,0.21,13.9,448.2,558.6,541.9,27.5,4.83,Normal (<10%),35.9,4,0.54,17,21.1,21.8005,80.1901
2027-04-01 14:00:00,BAL_SOUTH_PIT,Shift_2_Evening,566.4,8.0,17.0,18,2,12,4.1,17.6,0.37,12.6,483.4,467.4,467.5,98.9,17.46,Alert (10-25%),32.1,2,0.56,12,20.0,21.8005,80.1901
2027-04-01 22:00:00,BAL_SOUTH_PIT,Shift_3_Night,480.7,7.5,17.0,18,4,12,2.3,11.1,0.15,7.5,540.7,453.6,418.5,62.2,12.94,Alert (10-25%),36.3,5,0.86,13,20.6,21.8005,80.1901
2027-04-02 06:00:00,UKWA_EXTENSION,Shift_1_Morning,466.7,8.0,24.0,26,4,14,1.5,10.6,0.21,8.5,458.1,434.2,231.9,234.8,50.31,Critical (>25%),35.1,5,1.19,15,21.1,21.7932,80.2015
2027-04-02 14:00:00,UKWA_EXTENSION,Shift_2_Evening,498.4,8.0,18.0,18,4,14,0.2,2.2,0.26,1.6,483.7,415.4,471.2,27.2,5.46,Normal (<10%),33.4,5,1.31,16,19.4,21.7932,80.2015
2027-04-02 22:00:00,UKWA_EXTENSION,Shift_3_Night,514.6,7.5,22.0,24,4,16,0.7,4.2,0.29,0.2,489.9,533.0,432.3,82.3,15.99,Alert (10-25%),34.7,5,0.63,19,20.6,21.7932,80.2015
2027-04-03 06:00:00,BAL_NORTH_PIT,Shift_1_Morning,447.7,8.0,20.0,22,3,15,0.2,9.9,0.23,8.3,504.6,494.9,428.7,19.0,4.24,Normal (<10%),36.9,5,1.2,15,22.1,21.8121,80.1843
2027-04-03 14:00:00,UKWA_EXTENSION,Shift_2_Evening,558.8,8.0,17.0,18,4,12,3.2,21.3,0.42,11.8,578.5,463.1,503.3,55.5,9.93,Normal (<10%),35.3,4,0.44,15,22.9,21.7932,80.2015
2027-04-03 22:00:00,BAL_DEEP_LEVEL_3,Shift_3_Night,497.3,7.5,17.0,18,3,14,2.1,12.5,0.14,10.5,469.6,381.9,394.6,102.7,20.65,Alert (10-25%),36.2,3,0.21,14,18.4,21.8064,80.1876
2027-04-04 06:00:00,BAL_DEEP_LEVEL_3,Shift_1_Morning,466.8,8.0,26.0,26,3,14,2.1,7.4,0.29,16.5,451.6,402.7,216.7,250.1,53.58,Critical (>25%),32.9,3,0.48,17,22.2,21.8064,80.1876
2027-04-04 14:00:00,BAL_SOUTH_PIT,Shift_2_Evening,421.4,8.0,21.0,24,4,12,1.6,10.1,0.25,10.0,435.3,391.7,407.2,14.2,3.37,Normal (<10%),35.4,5,0.9,12,19.3,21.8005,80.1901
2027-04-04 22:00:00,UKWA_EXTENSION,Shift_3_Night,447.8,7.5,19.0,20,3,13,1.1,6.1,0.21,3.1,397.3,346.7,389.0,58.8,13.13,Alert (10-25%),36.5,4,0.77,14,18.1,21.7932,80.2015
2027-04-05 06:00:00,BAL_DEEP_LEVEL_3,Shift_1_Morning,589.9,8.0,17.0,18,4,13,0.2,6.6,0.28,5.7,579.5,554.5,557.8,32.1,5.44,Normal (<10%),35.9,4,0.14,14,21.0,21.8064,80.1876
2027-04-05 14:00:00,BAL_SOUTH_PIT,Shift_2_Evening,461.0,7.5,19.0,20,4,16,0.6,5.3,0.21,1.9,387.6,497.6,420.2,40.8,8.85,Normal (<10%),36.5,5,0.56,17,19.1,21.8005,80.1901
2027-04-05 22:00:00,UKWA_EXTENSION,Shift_3_Night,433.8,8.0,21.0,22,4,14,0.2,4.4,0.17,2.0,448.8,428.2,408.0,25.8,5.95,Normal (<10%),36.2,5,0.56,17,20.8,21.7932,80.2015
2027-04-06 06:00:00,BAL_NORTH_PIT,Shift_1_Morning,492.1,8.0,17.0,18,4,16,1.9,6.6,0.24,3.8,522.6,503.4,477.4,14.7,2.99,Normal (<10%),34.9,5,0.45,17,19.4,21.8121,80.1843
2027-04-06 14:00:00,BAL_DEEP_LEVEL_3,Shift_2_Evening,461.4,8.0,20.0,22,3,13,0.3,3.5,0.21,4.7,474.7,381.0,429.8,31.6,6.85,Normal (<10%),34.5,4,0.79,13,20.2,21.8064,80.1876
2027-04-06 22:00:00,BAL_NORTH_PIT,Shift_3_Night,407.0,8.0,19.0,20,4,15,1.8,9.8,0.21,11.1,485.9,535.1,388.1,18.9,4.64,Normal (<10%),32.1,6,1.13,16,20.4,21.8121,80.1843
2027-04-07 06:00:00,UKWA_EXTENSION,Shift_1_Morning,464.6,8.0,17.0,18,4,12,1.8,9.0,0.22,16.5,400.9,408.7,453.2,11.4,2.45,Normal (<10%),35.5,5,0.99,12,17.3,21.7932,80.2015
2027-04-07 14:00:00,BAL_DEEP_LEVEL_3,Shift_2_Evening,508.8,7.5,17.0,18,4,16,0.9,4.3,0.2,6.1,409.9,498.3,459.8,49.0,9.63,Normal (<10%),35.7,4,0.14,17,20.2,21.8064,80.1876
2027-04-07 22:00:00,UKWA_EXTENSION,Shift_3_Night,510.3,8.0,22.0,24,4,16,0.2,11.0,0.17,1.8,424.4,502.8,477.9,32.4,6.35,Normal (<10%),35.9,4,0.23,16,19.4,21.7932,80.2015
2027-04-08 06:00:00,BAL_NORTH_PIT,Shift_1_Morning,471.3,8.0,23.0,24,4,16,0.6,5.2,0.14,0.0,470.9,496.4,457.6,13.7,2.91,Normal (<10%),33.7,5,1.17,16,20.6,21.8121,80.1843
2027-04-08 14:00:00,BAL_DEEP_LEVEL_3,Shift_2_Evening,489.5,7.5,17.0,18,3,16,0.6,2.1,0.26,1.1,467.8,482.8,432.8,56.7,11.58,Alert (10-25%),36.2,3,0.35,17,20.5,21.8064,80.1876
2027-04-08 22:00:00,BAL_NORTH_PIT,Shift_3_Night,593.1,7.5,21.0,22,2,14,1.8,9.9,0.18,11.6,435.0,530.1,487.1,106.0,17.87,Alert (10-25%),38.2,3,0.71,14,20.4,21.8121,80.1843
2027-04-09 06:00:00,UKWA_EXTENSION,Shift_1_Morning,475.5,8.0,25.0,26,4,12,0.2,6.4,0.23,3.2,531.8,516.0,449.7,25.8,5.43,Normal (<10%),35.2,5,0.65,12,19.1,21.7932,80.2015
2027-04-09 14:00:00,UKWA_EXTENSION,Shift_2_Evening,451.6,7.5,20.0,22,4,12,2.6,9.6,0.15,5.4,466.1,524.2,419.0,32.6,7.22,Normal (<10%),35.2,5,1.04,13,19.1,21.7932,80.2015
2027-04-09 22:00:00,BAL_NORTH_PIT,Shift_3_Night,448.7,8.0,22.0,24,4,12,2.1,7.9,0.31,9.8,409.1,521.0,401.3,47.4,10.56,Alert (10-25%),35.0,4,0.75,15,21.5,21.8121,80.1843
2027-04-10 06:00:00,BAL_DEEP_LEVEL_3,Shift_1_Morning,491.6,7.5,21.0,24,4,12,0.3,3.0,0.2,1.9,394.6,532.7,434.9,56.7,11.53,Alert (10-25%),38.6,5,1.03,12,19.0,21.8064,80.1876
2027-04-10 14:00:00,BAL_NORTH_PIT,Shift_2_Evening,551.9,7.5,24.0,26,3,14,1.9,7.3,0.29,10.0,497.7,427.5,484.2,67.7,12.27,Alert (10-25%),33.1,3,0.41,14,21.5,21.8121,80.1843
2027-04-10 22:00:00,UKWA_EXTENSION,Shift_3_Night,441.2,8.0,23.0,24,4,13,1.7,11.6,0.36,0.2,463.5,537.9,385.3,55.9,12.67,Alert (10-25%),34.2,5,0.44,13,20.7,21.7932,80.2015
2027-04-11 06:00:00,BAL_NORTH_PIT,Shift_1_Morning,541.9,7.5,23.0,24,4,16,2.1,9.9,0.19,9.0,402.7,483.4,493.4,48.5,8.95,Normal (<10%),33.9,5,1.28,17,18.9,21.8121,80.1843
2027-04-11 14:00:00,UKWA_EXTENSION,Shift_2_Evening,404.2,8.0,18.0,20,3,14,0.3,1.3,0.17,0.0,407.0,443.5,383.7,20.5,5.07,Normal (<10%),35.1,5,1.26,14,18.3,21.7932,80.2015
2027-04-11 22:00:00,BAL_NORTH_PIT,Shift_3_Night,483.8,7.5,25.0,26,3,16,0.3,2.7,0.26,3.1,472.5,407.4,420.1,63.7,13.17,Alert (10-25%),35.1,5,0.86,17,21.1,21.8121,80.1843
2027-04-12 06:00:00,BAL_DEEP_LEVEL_3,Shift_1_Morning,555.2,7.5,23.0,24,4,12,0.4,8.3,0.21,10.0,499.1,452.7,506.8,48.4,8.72,Normal (<10%),37.1,4,0.83,14,20.4,21.8064,80.1876
2027-04-12 14:00:00,BAL_DEEP_LEVEL_3,Shift_2_Evening,467.7,7.5,21.0,22,3,10,0.7,6.5,0.25,0.0,381.6,506.6,408.9,58.8,12.57,Alert (10-25%),37.7,3,0.24,10,19.7,21.8064,80.1876
2027-04-12 22:00:00,BAL_NORTH_PIT,Shift_3_Night,512.7,8.0,22.0,24,2,12,2.4,4.7,0.23,0.0,476.2,536.1,427.0,85.7,16.72,Alert (10-25%),35.9,3,1.12,15,21.9,21.8121,80.1843
2027-04-13 06:00:00,BAL_NORTH_PIT,Shift_1_Morning,441.0,8.0,16.0,18,3,12,2.0,12.1,0.14,12.3,461.6,395.4,435.1,5.9,1.34,Normal (<10%),34.6,3,0.84,13,19.1,21.8121,80.1843
2027-04-13 14:00:00,BAL_DEEP_LEVEL_3,Shift_2_Evening,548.4,7.5,25.0,26,4,12,3.9,19.6,0.35,15.3,492.5,412.1,491.2,57.2,10.43,Alert (10-25%),37.1,4,0.12,13,19.4,21.8064,80.1876
2027-04-13 22:00:00,UKWA_EXTENSION,Shift_3_Night,410.5,8.0,21.0,22,3,11,0.1,5.4,0.22,0.0,498.9,443.5,378.3,32.2,7.84,Normal (<10%),34.6,4,0.87,12,19.2,21.7932,80.2015
2027-04-14 06:00:00,BAL_DEEP_LEVEL_3,Shift_1_Morning,570.5,8.0,17.0,18,4,14,0.0,1.6,0.15,2.3,523.0,466.2,568.7,1.8,0.32,Normal (<10%),35.1,5,0.93,17,20.4,21.8064,80.1876
2027-04-14 14:00:00,UKWA_EXTENSION,Shift_2_Evening,439.6,8.0,16.0,18,2,11,1.8,10.7,0.33,4.4,463.5,424.3,367.2,72.4,16.47,Alert (10-25%),31.5,3,1.48,12,20.8,21.7932,80.2015
2027-04-14 22:00:00,BAL_NORTH_PIT,Shift_3_Night,574.9,7.5,19.0,20,3,16,0.5,4.2,0.19,1.9,499.0,502.0,477.0,97.9,17.03,Alert (10-25%),37.6,4,0.48,19,19.0,21.8121,80.1843
2027-04-15 06:00:00,BAL_NORTH_PIT,Shift_1_Morning,470.5,8.0,20.0,20,4,11,0.6,3.7,0.18,1.1,492.3,538.5,464.8,5.7,1.21,Normal (<10%),37.1,4,0.83,11,20.3,21.8121,80.1843
2027-04-15 14:00:00,UKWA_EXTENSION,Shift_2_Evening,544.5,7.5,20.0,22,4,12,1.2,5.7,0.14,0.0,431.9,359.3,247.1,297.4,54.62,Critical (>25%),39.3,5,0.71,12,19.3,21.7932,80.2015
2027-04-15 22:00:00,BAL_NORTH_PIT,Shift_3_Night,463.8,7.5,24.0,26,3,16,0.2,5.0,0.25,7.8,423.7,538.2,409.8,54.0,11.64,Alert (10-25%),33.0,4,0.33,17,20.6,21.8121,80.1843
2027-04-16 06:00:00,UKWA_EXTENSION,Shift_1_Morning,581.2,7.5,21.0,22,3,10,1.5,10.8,0.26,1.9,341.9,346.3,286.6,294.6,50.69,Critical (>25%),36.8,3,0.36,10,20.6,21.7932,80.2015
2027-04-16 14:00:00,BAL_SOUTH_PIT,Shift_2_Evening,425.3,7.5,17.0,18,3,14,0.6,5.1,0.14,3.9,464.1,397.6,376.8,48.5,11.4,Alert (10-25%),35.9,3,0.4,14,17.8,21.8005,80.1901
2027-04-16 22:00:00,BAL_DEEP_LEVEL_3,Shift_3_Night,435.7,7.5,20.0,20,4,14,1.5,7.4,0.25,8.2,533.8,404.8,383.3,52.4,12.03,Alert (10-25%),36.1,5,0.38,14,20.2,21.8064,80.1876
2027-04-17 06:00:00,BAL_SOUTH_PIT,Shift_1_Morning,498.6,8.0,16.0,18,4,16,2.7,12.0,0.3,3.8,432.0,521.2,281.8,216.8,43.48,Critical (>25%),31.8,5,0.79,16,21.4,21.8005,80.1901
2027-04-17 14:00:00,UKWA_EXTENSION,Shift_2_Evening,416.4,8.0,18.0,18,4,12,0.3,5.8,0.25,2.5,469.8,477.9,398.2,18.2,4.37,Normal (<10%),37.2,4,0.69,12,21.0,21.7932,80.2015
2027-04-17 22:00:00,BAL_DEEP_LEVEL_3,Shift_3_Night,439.2,7.5,19.0,20,3,16,4.0,17.2,0.35,8.9,349.6,414.0,364.6,74.6,16.99,Alert (10-25%),34.7,3,0.47,18,22.7,21.8064,80.1876
2027-04-18 06:00:00,UKWA_EXTENSION,Shift_1_Morning,588.8,8.0,19.0,20,4,12,1.1,8.0,0.21,14.0,445.0,537.0,581.4,7.4,1.26,Normal (<10%),35.0,4,0.24,13,20.7,21.7932,80.2015
2027-04-18 14:00:00,BAL_DEEP_LEVEL_3,Shift_2_Evening,595.3,8.0,25.0,26,4,12,3.8,9.1,0.33,10.6,507.0,432.2,541.9,53.4,8.97,Normal (<10%),35.3,4,0.36,12,18.8,21.8064,80.1876
2027-04-18 22:00:00,BAL_DEEP_LEVEL_3,Shift_3_Night,475.3,8.0,17.0,18,3,12,0.3,6.5,0.23,8.1,376.2,521.2,416.3,59.0,12.41,Alert (10-25%),34.0,3,0.4,12,19.8,21.8064,80.1876
2027-04-19 06:00:00,BAL_DEEP_LEVEL_3,Shift_1_Morning,584.7,8.0,18.0,20,4,16,1.4,9.5,0.29,17.4,374.9,423.3,361.9,222.8,38.11,Critical (>25%),33.6,5,0.77,19,20.6,21.8064,80.1876
2027-04-19 14:00:00,BAL_DEEP_LEVEL_3,Shift_2_Evening,509.0,8.0,21.0,22,4,12,0.8,4.0,0.28,4.4,450.3,464.9,467.2,41.8,8.21,Normal (<10%),34.3,6,1.33,15,22.4,21.8064,80.1876
2027-04-19 22:00:00,UKWA_EXTENSION,Shift_3_Night,453.9,8.0,18.0,18,4,12,2.2,9.2,0.38,4.5,403.6,457.7,426.8,27.1,5.97,Normal (<10%),31.2,4,0.48,12,22.0,21.7932,80.2015
2027-04-20 06:00:00,BAL_DEEP_LEVEL_3,Shift_1_Morning,540.5,8.0,25.0,26,4,16,1.4,11.2,0.2,0.3,400.2,570.5,505.1,35.4,6.55,Normal (<10%),36.2,4,0.0,17,19.3,21.8064,80.1876
2027-04-20 14:00:00,BAL_DEEP_LEVEL_3,Shift_2_Evening,531.8,7.5,24.0,26,4,14,1.0,8.2,0.2,2.0,466.6,467.1,463.1,68.7,12.92,Alert (10-25%),36.9,4,0.23,14,19.6,21.8064,80.1876
2027-04-20 22:00:00,BAL_SOUTH_PIT,Shift_3_Night,597.8,7.5,17.0,18,4,15,3.7,17.5,0.3,12.5,458.9,473.5,506.3,91.5,15.31,Alert (10-25%),32.7,6,1.05,15,21.1,21.8005,80.1901
2027-04-21 06:00:00,BAL_NORTH_PIT,Shift_1_Morning,453.0,7.5,23.0,24,3,16,0.7,3.9,0.2,7.3,475.4,531.1,399.3,53.7,11.85,Alert (10-25%),36.0,4,1.04,17,20.7,21.8121,80.1843
2027-04-21 14:00:00,BAL_NORTH_PIT,Shift_2_Evening,534.4,8.0,16.0,18,3,14,0.4,4.1,0.18,0.0,431.8,433.9,534.4,0.0,0.0,Normal (<10%),35.2,3,0.79,17,18.9,21.8121,80.1843
2027-04-21 22:00:00,BAL_SOUTH_PIT,Shift_3_Night,410.4,8.0,20.0,22,4,13,1.4,14.7,0.2,17.7,454.9,502.4,378.0,32.4,7.89,Normal (<10%),35.1,4,0.93,14,18.3,21.8005,80.1901
2027-04-22 06:00:00,BAL_SOUTH_PIT,Shift_1_Morning,422.7,7.5,23.0,26,3,14,1.5,17.9,0.3,4.2,530.6,491.3,382.4,40.3,9.53,Normal (<10%),32.8,4,0.74,17,22.1,21.8005,80.1901
2027-04-22 14:00:00,UKWA_EXTENSION,Shift_2_Evening,400.8,8.0,19.0,20,4,16,0.9,6.5,0.27,2.5,560.8,382.2,400.8,0.0,0.0,Normal (<10%),33.5,6,1.23,18,18.3,21.7932,80.2015
2027-04-22 22:00:00,UKWA_EXTENSION,Shift_3_Night,599.9,8.0,20.0,20,3,10,1.0,5.0,0.24,5.4,463.8,408.4,336.2,263.7,43.96,Critical (>25%),36.7,4,0.26,12,20.7,21.7932,80.2015
2027-04-23 06:00:00,UKWA_EXTENSION,Shift_1_Morning,560.5,7.5,17.0,18,3,12,4.8,24.2,0.24,16.8,487.7,506.6,497.5,63.0,11.24,Alert (10-25%),33.5,3,0.56,14,22.3,21.7932,80.2015
2027-04-23 14:00:00,BAL_SOUTH_PIT,Shift_2_Evening,557.3,7.5,19.0,20,4,12,2.0,16.8,0.2,13.6,583.6,393.7,484.8,72.5,13.01,Alert (10-25%),37.5,5,0.38,14,22.2,21.8005,80.1901
2027-04-23 22:00:00,BAL_SOUTH_PIT,Shift_3_Night,501.9,7.5,17.0,18,4,16,0.2,6.6,0.24,5.0,375.1,448.3,213.8,288.1,57.4,Critical (>25%),35.1,5,0.68,16,19.2,21.8005,80.1901
2027-04-24 06:00:00,BAL_DEEP_LEVEL_3,Shift_1_Morning,460.0,8.0,21.0,24,3,14,0.4,4.8,0.21,6.4,520.7,428.8,436.7,23.3,5.07,Normal (<10%),34.0,4,1.61,17,20.9,21.8064,80.1876
2027-04-24 14:00:00,UKWA_EXTENSION,Shift_2_Evening,430.3,8.0,19.0,20,3,16,5.6,19.3,0.28,11.6,536.7,468.7,402.2,28.1,6.53,Normal (<10%),35.6,3,0.49,19,22.7,21.7932,80.2015
2027-04-24 22:00:00,UKWA_EXTENSION,Shift_3_Night,456.9,8.0,21.0,22,3,11,1.9,6.7,0.22,3.0,554.7,484.8,425.2,31.7,6.94,Normal (<10%),36.1,4,0.44,12,18.9,21.7932,80.2015
2027-04-25 06:00:00,UKWA_EXTENSION,Shift_1_Morning,475.2,7.5,21.0,22,3,12,3.7,17.2,0.26,7.3,424.4,494.1,435.8,39.4,8.29,Normal (<10%),35.2,3,0.52,13,21.9,21.7932,80.2015
2027-04-25 14:00:00,BAL_NORTH_PIT,Shift_2_Evening,551.3,7.5,24.0,26,4,12,0.5,3.0,0.22,12.9,422.2,541.2,513.5,37.8,6.86,Normal (<10%),37.2,6,0.84,15,21.0,21.8121,80.1843
2027-04-25 22:00:00,BAL_DEEP_LEVEL_3,Shift_3_Night,507.9,8.0,19.0,20,3,13,2.0,14.7,0.33,9.4,514.3,490.2,453.0,54.9,10.81,Alert (10-25%),32.9,5,0.71,13,20.3,21.8064,80.1876
2027-04-26 06:00:00,UKWA_EXTENSION,Shift_1_Morning,415.5,7.5,17.0,18,4,14,1.9,6.0,0.18,6.2,442.1,532.6,194.8,220.7,53.12,Critical (>25%),35.2,5,1.33,14,19.6,21.7932,80.2015
2027-04-26 14:00:00,UKWA_EXTENSION,Shift_2_Evening,403.6,7.5,23.0,24,3,12,0.5,4.1,0.24,1.7,324.3,437.4,206.3,197.3,48.89,Critical (>25%),35.0,4,1.02,15,20.7,21.7932,80.2015
2027-04-26 22:00:00,UKWA_EXTENSION,Shift_3_Night,420.5,8.0,20.0,22,4,12,1.2,6.8,0.24,12.5,425.7,323.1,186.6,233.9,55.62,Critical (>25%),33.1,4,0.5,13,21.0,21.7932,80.2015
2027-04-27 06:00:00,BAL_NORTH_PIT,Shift_1_Morning,482.1,7.5,25.0,26,4,11,1.5,9.7,0.16,6.4,375.9,407.1,443.8,38.3,7.94,Normal (<10%),34.9,6,0.88,13,20.0,21.8121,80.1843
2027-04-27 14:00:00,BAL_NORTH_PIT,Shift_2_Evening,586.6,7.5,17.0,18,4,11,1.0,4.8,0.19,4.8,456.8,450.7,536.5,50.1,8.54,Normal (<10%),37.5,4,0.31,12,20.1,21.8121,80.1843
2027-04-27 22:00:00,BAL_SOUTH_PIT,Shift_3_Night,527.5,7.5,22.0,22,3,16,2.6,9.3,0.25,1.8,498.5,478.1,444.3,83.2,15.77,Alert (10-25%),35.1,3,0.86,17,19.8,21.8005,80.1901
2027-04-28 06:00:00,BAL_DEEP_LEVEL_3,Shift_1_Morning,560.4,8.0,19.0,20,3,12,2.7,8.5,0.35,14.5,464.9,507.8,544.1,16.3,2.91,Normal (<10%),32.2,4,0.79,12,19.7,21.8064,80.1876
2027-04-28 14:00:00,BAL_SOUTH_PIT,Shift_2_Evening,493.3,8.0,23.0,26,4,15,2.9,9.3,0.21,7.3,527.4,434.8,469.8,23.5,4.76,Normal (<10%),32.7,6,0.08,15,20.0,21.8005,80.1901
2027-04-28 22:00:00,BAL_DEEP_LEVEL_3,Shift_3_Night,472.3,7.5,26.0,26,4,12,2.4,8.8,0.21,14.9,443.1,519.3,394.1,78.2,16.56,Alert (10-25%),37.5,4,1.13,12,18.9,21.8064,80.1876
2027-04-29 06:00:00,BAL_NORTH_PIT,Shift_1_Morning,421.7,8.0,18.0,18,3,12,1.0,9.1,0.27,3.1,450.4,532.7,421.7,0.0,0.0,Normal (<10%),34.5,4,0.75,13,21.4,21.8121,80.1843
2027-04-29 14:00:00,UKWA_EXTENSION,Shift_2_Evening,575.2,8.0,23.0,26,3,14,0.7,6.4,0.23,2.1,561.0,415.1,560.1,15.1,2.63,Normal (<10%),34.1,4,0.8,14,20.4,21.7932,80.2015
2027-04-29 22:00:00,BAL_SOUTH_PIT,Shift_3_Night,556.6,8.0,21.0,22,3,16,2.7,13.3,0.2,6.2,341.8,495.8,281.3,275.3,49.46,Critical (>25%),34.3,3,0.73,18,20.0,21.8005,80.1901
2027-04-30 06:00:00,UKWA_EXTENSION,Shift_1_Morning,433.6,7.5,16.0,18,2,11,1.0,8.7,0.16,4.4,416.2,402.1,347.7,85.9,19.81,Alert (10-25%),33.1,3,0.84,11,19.7,21.7932,80.2015
2027-04-30 14:00:00,BAL_SOUTH_PIT,Shift_2_Evening,502.5,8.0,20.0,22,4,14,0.4,3.5,0.12,5.7,445.9,378.9,200.6,301.9,60.08,Critical (>25%),38.1,6,1.22,16,19.0,21.8005,80.1901
2027-04-30 22:00:00,BAL_NORTH_PIT,Shift_3_Night,497.5,7.5,20.0,22,2,11,1.1,4.2,0.26,0.0,413.6,455.9,389.8,107.7,21.65,Alert (10-25%),34.5,2,0.27,11,18.2,21.8121,80.1843
2027-05-01 06:00:00,BAL_NORTH_PIT,Shift_1_Morning,525.0,7.5,19.0,20,3,16,0.2,1.2,0.15,0.6,507.8,449.1,470.0,55.0,10.48,Alert (10-25%),40.3,4,0.33,16,18.4,21.8121,80.1843
2027-05-01 14:00:00,BAL_NORTH_PIT,Shift_2_Evening,589.2,8.0,24.0,26,3,14,1.8,8.8,0.36,2.0,532.5,484.6,349.5,239.7,40.68,Critical (>25%),36.4,4,0.78,14,20.6,21.8121,80.1843
2027-05-01 22:00:00,BAL_SOUTH_PIT,Shift_3_Night,516.0,7.5,19.0,20,3,14,0.6,6.3,0.21,0.0,497.8,466.6,428.7,87.3,16.92,Alert (10-25%),39.6,5,1.43,16,21.0,21.8005,80.1901
2027-05-02 06:00:00,BAL_DEEP_LEVEL_3,Shift_1_Morning,508.0,8.0,23.0,24,3,12,0.5,2.7,0.25,4.1,505.5,492.1,494.0,14.0,2.76,Normal (<10%),37.9,4,0.51,14,20.6,21.8064,80.1876
2027-05-02 14:00:00,BAL_SOUTH_PIT,Shift_2_Evening,410.1,8.0,22.0,24,3,16,4.7,14.1,0.21,10.9,521.5,482.9,384.2,25.9,6.32,Normal (<10%),38.1,5,0.78,17,21.4,21.8005,80.1901
2027-05-02 22:00:00,BAL_DEEP_LEVEL_3,Shift_3_Night,412.6,7.5,19.0,20,3,11,2.3,11.7,0.27,12.1,495.6,404.6,344.1,68.5,16.6,Alert (10-25%),37.7,4,1.07,12,19.7,21.8064,80.1876
2027-05-03 06:00:00,BAL_SOUTH_PIT,Shift_1_Morning,437.5,7.5,23.0,24,4,14,2.3,9.0,0.32,7.9,377.5,431.8,379.8,57.7,13.19,Alert (10-25%),37.5,6,0.86,15,20.5,21.8005,80.1901
2027-05-03 14:00:00,BAL_SOUTH_PIT,Shift_2_Evening,406.5,8.0,21.0,24,3,12,1.5,10.3,0.23,7.8,422.1,514.1,272.3,134.2,33.01,Critical (>25%),37.5,4,0.58,13,22.0,21.8005,80.1901
2027-05-03 22:00:00,BAL_NORTH_PIT,Shift_3_Night,548.7,8.0,20.0,20,4,12,2.7,6.4,0.18,1.5,521.1,423.3,521.4,27.3,4.98,Normal (<10%),37.3,6,0.89,14,18.3,21.8121,80.1843
2027-05-04 06:00:00,UKWA_EXTENSION,Shift_1_Morning,544.7,8.0,19.0,20,4,16,2.1,6.4,0.21,0.0,575.2,553.2,544.7,0.0,0.0,Normal (<10%),40.3,6,0.98,16,19.2,21.7932,80.2015
2027-05-04 14:00:00,UKWA_EXTENSION,Shift_2_Evening,427.2,8.0,19.0,20,3,16,1.4,11.9,0.25,10.9,502.8,489.8,196.2,231.0,54.07,Critical (>25%),35.4,5,0.53,17,19.5,21.7932,80.2015
2027-05-04 22:00:00,BAL_DEEP_LEVEL_3,Shift_3_Night,567.2,7.5,22.0,24,3,12,4.9,18.1,0.24,10.8,558.5,488.2,496.5,70.7,12.46,Alert (10-25%),36.3,4,0.54,14,21.1,21.8064,80.1876
2027-05-05 06:00:00,UKWA_EXTENSION,Shift_1_Morning,431.0,7.5,26.0,26,4,16,0.3,6.7,0.32,6.5,395.4,453.3,386.0,45.0,10.44,Alert (10-25%),36.8,5,0.77,17,20.3,21.7932,80.2015
2027-05-05 14:00:00,BAL_SOUTH_PIT,Shift_2_Evening,460.2,7.5,20.0,22,4,13,4.3,9.4,0.25,6.2,491.8,442.7,426.1,34.1,7.41,Normal (<10%),37.5,6,1.07,13,20.7,21.8005,80.1901
2027-05-05 22:00:00,BAL_SOUTH_PIT,Shift_3_Night,449.8,8.0,22.0,22,4,15,0.8,4.6,0.29,0.0,370.0,350.0,257.5,192.3,42.75,Critical (>25%),36.4,4,0.75,16,20.7,21.8005,80.1901
2027-05-06 06:00:00,BAL_NORTH_PIT,Shift_1_Morning,474.5,7.5,22.0,26,4,14,1.1,11.0,0.31,9.8,400.9,393.0,451.8,22.7,4.78,Normal (<10%),36.9,4,0.95,14,19.2,21.8121,80.1843
2027-05-06 14:00:00,BAL_NORTH_PIT,Shift_2_Evening,450.9,7.5,18.0,20,3,12,0.2,0.7,0.29,0.0,418.7,413.4,429.2,21.7,4.81,Normal (<10%),37.1,5,1.45,13,19.6,21.8121,80.1843
2027-05-06 22:00:00,UKWA_EXTENSION,Shift_3_Night,497.8,7.5,17.0,18,2,12,1.2,7.8,0.18,9.5,402.5,430.0,361.0,136.8,27.48,Critical (>25%),35.1,3,0.97,13,19.9,21.7932,80.2015
2027-05-07 06:00:00,BAL_DEEP_LEVEL_3,Shift_1_Morning,481.5,7.5,17.0,18,2,11,1.4,9.6,0.28,0.0,462.4,436.2,159.9,321.6,66.79,Critical (>25%),36.8,2,0.36,12,21.4,21.8064,80.1876
2027-05-07 14:00:00,UKWA_EXTENSION,Shift_2_Evening,597.3,8.0,18.0,20,4,12,9.1,21.5,0.28,23.8,359.4,499.2,355.7,241.6,40.45,Critical (>25%),34.1,5,0.53,15,24.6,21.7932,80.2015
2027-05-07 22:00:00,UKWA_EXTENSION,Shift_3_Night,411.2,7.5,20.0,22,4,12,5.5,22.1,0.3,11.8,496.9,420.2,357.9,53.3,12.96,Alert (10-25%),33.0,4,0.42,13,22.2,21.7932,80.2015
2027-05-08 06:00:00,UKWA_EXTENSION,Shift_1_Morning,428.4,7.5,17.0,18,1,14,5.1,19.5,0.24,15.4,402.0,441.7,306.9,121.5,28.36,Critical (>25%),36.4,1,0.58,17,20.8,21.7932,80.2015
2027-05-08 14:00:00,UKWA_EXTENSION,Shift_2_Evening,410.6,7.5,24.0,26,4,15,0.6,6.6,0.35,0.8,428.0,414.3,355.0,55.6,13.54,Alert (10-25%),37.3,4,0.65,15,20.4,21.7932,80.2015
2027-05-08 22:00:00,BAL_SOUTH_PIT,Shift_3_Night,525.2,7.5,17.0,18,3,12,7.1,26.3,0.29,14.7,498.7,550.2,423.1,102.1,19.44,Alert (10-25%),36.1,3,0.64,14,22.3,21.8005,80.1901
2027-05-09 06:00:00,BAL_DEEP_LEVEL_3,Shift_1_Morning,410.9,8.0,23.0,26,3,14,0.9,13.3,0.3,12.3,533.3,536.0,386.5,24.4,5.94,Normal (<10%),37.2,5,0.96,14,20.1,21.8064,80.1876
2027-05-09 14:00:00,BAL_SOUTH_PIT,Shift_2_Evening,567.3,8.0,16.0,18,4,16,2.9,15.4,0.21,9.3,520.6,466.8,565.4,1.9,0.33,Normal (<10%),33.8,5,0.94,18,21.5,21.8005,80.1901
2027-05-09 22:00:00,BAL_DEEP_LEVEL_3,Shift_3_Night,502.4,7.5,20.0,22,4,11,0.4,3.8,0.21,1.9,472.7,359.3,252.2,250.2,49.8,Critical (>25%),35.6,4,0.78,11,17.2,21.8064,80.1876
2027-05-10 06:00:00,BAL_NORTH_PIT,Shift_1_Morning,505.4,8.0,19.0,20,3,12,1.1,6.5,0.29,8.6,409.4,415.0,485.9,19.5,3.86,Normal (<10%),39.9,3,0.66,13,21.1,21.8121,80.1843
2027-05-10 14:00:00,UKWA_EXTENSION,Shift_2_Evening,512.3,8.0,17.0,18,3,15,5.1,16.7,0.3,12.1,474.1,443.4,477.2,35.1,6.85,Normal (<10%),34.5,3,0.39,15,20.3,21.7932,80.2015
2027-05-10 22:00:00,BAL_SOUTH_PIT,Shift_3_Night,434.2,8.0,18.0,18,4,13,4.4,14.1,0.22,11.6,536.9,539.4,403.8,30.4,7.0,Normal (<10%),37.7,6,0.75,14,20.5,21.8005,80.1901
2027-05-11 06:00:00,BAL_DEEP_LEVEL_3,Shift_1_Morning,439.5,8.0,19.0,20,3,15,1.7,10.9,0.22,4.1,382.7,440.6,245.4,194.1,44.16,Critical (>25%),36.0,3,0.14,15,21.4,21.8064,80.1876
2027-05-11 14:00:00,BAL_NORTH_PIT,Shift_2_Evening,463.8,7.5,24.0,26,3,12,2.4,4.6,0.23,6.4,505.0,429.7,456.9,6.9,1.49,Normal (<10%),37.6,3,0.2,12,18.4,21.8121,80.1843
2027-05-11 22:00:00,BAL_NORTH_PIT,Shift_3_Night,518.7,8.0,17.0,18,3,16,0.3,2.2,0.21,2.0,463.4,394.1,491.7,27.0,5.21,Normal (<10%),36.8,3,0.48,16,19.7,21.8121,80.1843
2027-05-12 06:00:00,UKWA_EXTENSION,Shift_1_Morning,442.0,8.0,23.0,24,3,13,1.9,11.4,0.19,9.8,383.3,384.7,391.0,51.0,11.54,Alert (10-25%),38.0,3,0.56,13,20.6,21.7932,80.2015
2027-05-12 14:00:00,BAL_DEEP_LEVEL_3,Shift_2_Evening,423.3,7.5,23.0,26,3,16,1.4,13.9,0.25,11.1,479.6,438.9,381.6,41.7,9.85,Normal (<10%),36.8,4,0.28,19,21.7,21.8064,80.1876
2027-05-12 22:00:00,BAL_SOUTH_PIT,Shift_3_Night,594.0,7.5,23.0,26,3,14,0.1,0.9,0.2,6.2,447.7,370.4,509.1,84.9,14.29,Alert (10-25%),37.3,4,0.55,17,18.8,21.8005,80.1901
2027-05-13 06:00:00,UKWA_EXTENSION,Shift_1_Morning,404.4,7.5,22.0,26,4,16,0.2,2.6,0.24,4.3,472.2,453.1,368.0,36.4,9.0,Normal (<10%),36.0,4,0.47,16,20.9,21.7932,80.2015
2027-05-13 14:00:00,BAL_SOUTH_PIT,Shift_2_Evening,560.5,7.5,22.0,24,4,16,0.2,1.6,0.26,0.0,546.7,405.0,514.4,46.1,8.22,Normal (<10%),37.9,4,0.13,19,20.6,21.8005,80.1901
2027-05-13 22:00:00,BAL_NORTH_PIT,Shift_3_Night,557.6,8.0,24.0,24,3,16,1.9,5.7,0.26,0.8,581.7,398.5,531.6,26.0,4.66,Normal (<10%),35.4,4,0.83,17,19.8,21.8121,80.1843
2027-05-14 06:00:00,BAL_SOUTH_PIT,Shift_1_Morning,459.4,7.5,20.0,22,3,12,0.2,4.2,0.24,3.9,443.8,354.1,406.5,52.9,11.52,Alert (10-25%),38.1,3,0.31,12,19.4,21.8005,80.1901
2027-05-14 14:00:00,BAL_SOUTH_PIT,Shift_2_Evening,427.1,8.0,20.0,22,4,15,0.9,4.4,0.24,4.9,469.2,545.8,393.2,33.9,7.94,Normal (<10%),41.3,6,0.78,18,20.5,21.8005,80.1901
2027-05-14 22:00:00,UKWA_EXTENSION,Shift_3_Night,429.1,8.0,21.0,22,3,15,0.7,2.7,0.24,0.0,326.3,305.8,217.7,211.4,49.27,Critical (>25%),39.6,4,0.72,15,18.4,21.7932,80.2015
2027-05-15 06:00:00,BAL_SOUTH_PIT,Shift_1_Morning,539.5,7.5,20.0,20,4,16,1.2,3.7,0.27,0.0,567.1,407.9,499.1,40.4,7.49,Normal (<10%),38.4,4,0.52,16,20.0,21.8005,80.1901
2027-05-15 14:00:00,UKWA_EXTENSION,Shift_2_Evening,528.6,7.5,23.0,24,3,12,1.8,4.8,0.31,8.7,531.4,558.7,477.6,51.0,9.65,Normal (<10%),36.8,4,0.45,12,19.6,21.7932,80.2015
2027-05-15 22:00:00,BAL_NORTH_PIT,Shift_3_Night,556.5,8.0,19.0,20,4,15,1.7,7.2,0.19,14.6,347.2,488.9,344.6,211.9,38.08,Critical (>25%),34.6,6,0.93,15,20.2,21.8121,80.1843
2027-05-16 06:00:00,UKWA_EXTENSION,Shift_1_Morning,587.5,8.0,20.0,20,4,12,1.1,6.1,0.21,0.0,579.7,521.3,586.7,0.8,0.14,Normal (<10%),35.5,4,0.54,13,20.5,21.7932,80.2015
2027-05-16 14:00:00,UKWA_EXTENSION,Shift_2_Evening,538.4,7.5,22.0,24,4,16,0.9,5.3,0.28,4.8,457.0,488.1,498.8,39.6,7.36,Normal (<10%),39.0,5,0.47,16,21.6,21.7932,80.2015
2027-05-16 22:00:00,BAL_DEEP_LEVEL_3,Shift_3_Night,431.2,7.5,22.0,24,3,14,0.8,5.4,0.18,3.8,432.3,500.5,356.8,74.4,17.25,Alert (10-25%),36.5,4,0.2,14,19.2,21.8064,80.1876
2027-05-17 06:00:00,BAL_SOUTH_PIT,Shift_1_Morning,448.7,7.5,21.0,22,3,16,3.0,13.0,0.2,13.7,342.6,393.6,261.5,187.2,41.72,Critical (>25%),35.9,4,0.24,16,19.2,21.8005,80.1901
2027-05-17 14:00:00,BAL_NORTH_PIT,Shift_2_Evening,568.4,8.0,17.0,18,3,12,0.6,13.0,0.23,11.1,502.3,410.1,356.7,211.7,37.24,Critical (>25%),36.5,4,0.57,13,19.1,21.8121,80.1843
2027-05-17 22:00:00,UKWA_EXTENSION,Shift_3_Night,441.9,8.0,18.0,20,4,12,0.5,13.1,0.27,12.9,516.8,430.2,408.3,33.6,7.6,Normal (<10%),34.9,5,0.3,15,23.8,21.7932,80.2015
2027-05-18 06:00:00,BAL_NORTH_PIT,Shift_1_Morning,414.5,7.5,21.0,24,4,12,2.0,7.7,0.21,0.0,512.3,484.3,385.9,28.6,6.9,Normal (<10%),35.5,5,0.6,12,20.4,21.8121,80.1843
2027-05-18 14:00:00,BAL_DEEP_LEVEL_3,Shift_2_Evening,540.7,8.0,23.0,24,3,12,0.7,4.5,0.24,3.0,588.5,472.3,524.0,16.7,3.09,Normal (<10%),37.3,5,1.5,13,19.4,21.8064,80.1876
2027-05-18 22:00:00,BAL_SOUTH_PIT,Shift_3_Night,480.5,7.5,20.0,22,3,15,2.8,9.0,0.23,1.5,502.5,522.1,412.5,68.0,14.15,Alert (10-25%),35.8,3,0.0,15,21.6,21.8005,80.1901
2027-05-19 06:00:00,UKWA_EXTENSION,Shift_1_Morning,584.0,8.0,21.0,22,4,12,0.6,6.5,0.22,0.0,515.5,447.4,574.3,9.7,1.66,Normal (<10%),36.2,5,0.62,15,22.3,21.7932,80.2015
2027-05-19 14:00:00,BAL_SOUTH_PIT,Shift_2_Evening,530.1,8.0,19.0,20,3,15,1.8,5.5,0.14,0.0,536.3,459.1,517.3,12.8,2.41,Normal (<10%),36.7,3,1.04,15,17.8,21.8005,80.1901
2027-05-19 22:00:00,BAL_DEEP_LEVEL_3,Shift_3_Night,418.1,7.5,18.0,18,3,14,0.1,4.6,0.25,4.2,468.1,318.9,173.4,244.7,58.53,Critical (>25%),38.1,5,1.12,16,19.8,21.8064,80.1876
2027-05-20 06:00:00,BAL_DEEP_LEVEL_3,Shift_1_Morning,589.6,7.5,17.0,18,3,12,0.7,5.5,0.26,5.3,425.6,458.0,522.1,67.5,11.45,Alert (10-25%),36.8,5,0.89,14,20.6,21.8064,80.1876
2027-05-20 14:00:00,BAL_NORTH_PIT,Shift_2_Evening,451.7,7.5,25.0,26,3,12,0.6,11.1,0.25,10.6,359.8,311.2,176.5,275.2,60.93,Critical (>25%),36.5,3,0.35,12,19.1,21.8121,80.1843
2027-05-20 22:00:00,UKWA_EXTENSION,Shift_3_Night,467.4,8.0,25.0,26,3,12,2.5,11.3,0.26,5.5,507.6,352.5,432.5,34.9,7.47,Normal (<10%),37.6,4,0.83,12,20.1,21.7932,80.2015
2027-05-21 06:00:00,BAL_NORTH_PIT,Shift_1_Morning,480.5,8.0,20.0,22,3,16,5.1,17.0,0.29,18.3,478.3,477.7,475.6,4.9,1.02,Normal (<10%),35.9,4,1.21,16,21.5,21.8121,80.1843
2027-05-21 14:00:00,BAL_DEEP_LEVEL_3,Shift_2_Evening,410.2,7.5,19.0,20,3,14,0.9,6.0,0.28,0.0,364.7,368.8,369.1,41.1,10.02,Alert (10-25%),36.6,3,0.24,15,19.1,21.8064,80.1876
2027-05-21 22:00:00,BAL_SOUTH_PIT,Shift_3_Night,499.3,8.0,24.0,26,4,16,2.6,8.7,0.25,0.0,421.8,549.3,470.6,28.7,5.75,Normal (<10%),37.7,5,0.47,17,20.7,21.8005,80.1901
2027-05-22 06:00:00,BAL_NORTH_PIT,Shift_1_Morning,424.7,7.5,19.0,20,4,14,1.8,12.9,0.2,9.7,407.1,409.9,393.6,31.1,7.32,Normal (<10%),38.0,5,0.29,15,21.5,21.8121,80.1843
2027-05-22 14:00:00,BAL_NORTH_PIT,Shift_2_Evening,480.2,8.0,17.0,18,2,12,5.1,16.2,0.38,7.4,522.8,572.3,431.7,48.5,10.1,Alert (10-25%),35.4,4,1.03,13,22.1,21.8121,80.1843
2027-05-22 22:00:00,BAL_SOUTH_PIT,Shift_3_Night,470.1,7.5,20.0,22,4,15,2.5,10.1,0.31,9.4,554.9,446.6,391.5,78.6,16.72,Alert (10-25%),36.6,4,0.0,17,21.2,21.8005,80.1901
2027-05-23 06:00:00,BAL_NORTH_PIT,Shift_1_Morning,554.6,8.0,19.0,20,4,15,0.1,2.3,0.21,0.0,396.3,562.2,514.7,39.9,7.19,Normal (<10%),36.6,5,0.56,16,19.1,21.8121,80.1843
2027-05-23 14:00:00,BAL_SOUTH_PIT,Shift_2_Evening,560.6,8.0,16.0,18,4,14,1.9,14.3,0.28,6.6,509.5,499.7,545.1,15.5,2.76,Normal (<10%),35.1,5,0.43,14,21.4,21.8005,80.1901
2027-05-23 22:00:00,UKWA_EXTENSION,Shift_3_Night,430.7,8.0,17.0,18,4,16,1.2,17.0,0.3,8.0,435.2,502.4,387.6,43.1,10.01,Alert (10-25%),37.2,4,0.72,16,19.6,21.7932,80.2015
2027-05-24 06:00:00,BAL_SOUTH_PIT,Shift_1_Morning,473.3,8.0,19.0,20,3,12,0.0,1.5,0.17,0.0,365.9,524.0,444.3,29.0,6.13,Normal (<10%),38.7,4,0.55,14,20.2,21.8005,80.1901
2027-05-24 14:00:00,UKWA_EXTENSION,Shift_2_Evening,474.7,7.5,18.0,20,3,16,0.4,7.4,0.29,4.9,344.2,501.2,417.6,57.1,12.03,Alert (10-25%),37.5,4,0.82,16,20.2,21.7932,80.2015
2027-05-24 22:00:00,BAL_SOUTH_PIT,Shift_3_Night,430.3,8.0,24.0,26,4,14,3.8,10.2,0.3,8.0,426.0,529.1,398.6,31.7,7.37,Normal (<10%),37.0,6,0.52,14,21.5,21.8005,80.1901
2027-05-25 06:00:00,BAL_DEEP_LEVEL_3,Shift_1_Morning,559.7,7.5,23.0,26,4,15,3.9,18.2,0.29,8.5,525.4,447.9,500.8,58.9,10.52,Alert (10-25%),36.1,4,0.44,15,20.2,21.8064,80.1876
2027-05-25 14:00:00,BAL_DEEP_LEVEL_3,Shift_2_Evening,541.4,7.5,23.0,24,4,11,2.4,8.8,0.28,0.0,376.1,536.4,491.2,50.2,9.27,Normal (<10%),37.9,6,0.64,12,20.1,21.8064,80.1876
2027-05-25 22:00:00,UKWA_EXTENSION,Shift_3_Night,438.1,7.5,17.0,18,4,13,6.0,15.8,0.33,13.0,464.1,375.5,353.9,84.2,19.22,Alert (10-25%),37.4,5,0.57,13,19.7,21.7932,80.2015
2027-05-26 06:00:00,UKWA_EXTENSION,Shift_1_Morning,473.3,7.5,24.0,24,3,15,2.5,26.4,0.34,19.5,564.0,405.3,414.4,58.9,12.44,Alert (10-25%),36.4,3,1.12,16,22.5,21.7932,80.2015
2027-05-26 14:00:00,BAL_DEEP_LEVEL_3,Shift_2_Evening,421.2,8.0,25.0,26,3,15,0.0,3.9,0.17,6.2,539.7,518.1,390.1,31.1,7.38,Normal (<10%),37.7,3,0.68,16,19.2,21.8064,80.1876
2027-05-26 22:00:00,UKWA_EXTENSION,Shift_3_Night,525.6,7.5,18.0,18,4,16,0.5,7.9,0.27,0.0,409.4,529.9,447.7,77.9,14.82,Alert (10-25%),39.0,5,0.66,19,20.4,21.7932,80.2015
2027-05-27 06:00:00,BAL_SOUTH_PIT,Shift_1_Morning,424.3,8.0,19.0,20,3,14,0.0,2.0,0.21,0.0,368.4,360.0,411.7,12.6,2.97,Normal (<10%),38.1,5,1.96,15,19.0,21.8005,80.1901
2027-05-27 14:00:00,BAL_SOUTH_PIT,Shift_2_Evening,597.2,8.0,18.0,18,3,12,0.1,9.7,0.19,10.6,477.1,538.9,568.0,29.2,4.89,Normal (<10%),38.2,3,0.13,15,21.5,21.8005,80.1901
2027-05-27 22:00:00,BAL_DEEP_LEVEL_3,Shift_3_Night,556.1,8.0,18.0,20,4,13,0.4,4.4,0.27,7.4,461.5,488.8,480.2,75.9,13.65,Alert (10-25%),37.6,6,1.35,14,19.2,21.8064,80.1876
2027-05-28 06:00:00,BAL_NORTH_PIT,Shift_1_Morning,478.0,8.0,21.0,22,4,16,1.1,3.8,0.23,0.5,475.7,414.7,478.0,0.0,0.0,Normal (<10%),37.9,5,0.24,18,19.4,21.8121,80.1843
2027-05-28 14:00:00,BAL_SOUTH_PIT,Shift_2_Evening,515.7,7.5,19.0,20,4,11,2.8,13.0,0.25,3.9,417.3,507.3,454.6,61.1,11.85,Alert (10-25%),35.6,4,0.33,11,21.2,21.8005,80.1901
2027-05-28 22:00:00,UKWA_EXTENSION,Shift_3_Night,582.3,8.0,18.0,18,3,13,3.0,10.8,0.36,3.7,457.4,546.5,525.1,57.2,9.82,Normal (<10%),37.2,4,0.3,16,21.8,21.7932,80.2015
2027-05-29 06:00:00,BAL_NORTH_PIT,Shift_1_Morning,510.8,7.5,24.0,26,3,16,1.4,7.1,0.21,0.0,477.0,397.5,433.1,77.7,15.21,Alert (10-25%),41.6,4,0.78,16,20.6,21.8121,80.1843
2027-05-29 14:00:00,BAL_NORTH_PIT,Shift_2_Evening,434.9,8.0,19.0,20,3,14,4.0,17.0,0.24,15.3,479.0,521.3,407.1,27.8,6.39,Normal (<10%),35.8,3,0.42,14,20.1,21.8121,80.1843
2027-05-29 22:00:00,BAL_SOUTH_PIT,Shift_3_Night,475.7,8.0,23.0,24,3,14,1.0,7.0,0.24,8.2,411.9,363.4,427.7,48.0,10.09,Alert (10-25%),37.3,3,0.31,14,19.9,21.8005,80.1901
2027-05-30 06:00:00,BAL_SOUTH_PIT,Shift_1_Morning,568.6,7.5,20.0,22,4,11,3.3,12.9,0.26,9.0,488.5,426.3,515.3,53.3,9.37,Normal (<10%),35.9,4,0.73,12,20.9,21.8005,80.1901
2027-05-30 14:00:00,BAL_NORTH_PIT,Shift_2_Evening,528.8,8.0,21.0,22,3,16,0.9,7.0,0.21,1.3,560.7,488.3,525.6,3.2,0.61,Normal (<10%),36.6,4,0.53,17,21.5,21.8121,80.1843
2027-05-30 22:00:00,BAL_NORTH_PIT,Shift_3_Night,530.1,8.0,19.0,20,3,13,0.5,4.0,0.29,0.0,521.0,539.8,495.5,34.6,6.53,Normal (<10%),39.5,3,0.5,13,21.3,21.8121,80.1843
2027-05-31 06:00:00,BAL_DEEP_LEVEL_3,Shift_1_Morning,573.4,8.0,24.0,24,3,16,3.7,14.2,0.21,6.4,471.4,571.5,571.2,2.2,0.38,Normal (<10%),35.8,5,1.25,19,22.5,21.8064,80.1876
2027-05-31 14:00:00,UKWA_EXTENSION,Shift_2_Evening,578.8,8.0,24.0,24,3,12,0.7,6.1,0.25,0.0,449.1,426.1,536.6,42.2,7.29,Normal (<10%),36.5,3,0.0,12,19.2,21.7932,80.2015
2027-05-31 22:00:00,BAL_DEEP_LEVEL_3,Shift_3_Night,584.0,8.0,17.0,18,2,14,1.0,4.9,0.23,4.4,488.4,403.3,317.2,266.8,45.68,Critical (>25%),35.0,2,0.18,15,19.1,21.8064,80.1876
2027-06-01 06:00:00,BAL_SOUTH_PIT,Shift_1_Morning,419.0,7.5,20.0,22,4,14,1.3,8.0,0.24,9.1,327.7,479.8,194.0,225.0,53.7,Critical (>25%),36.8,4,0.42,15,21.1,21.8005,80.1901
2027-06-01 14:00:00,BAL_DEEP_LEVEL_3,Shift_2_Evening,508.8,8.0,19.0,20,3,13,16.0,42.9,0.47,32.6,426.2,456.1,455.9,52.9,10.4,Alert (10-25%),31.2,4,1.08,14,25.2,21.8064,80.1876
2027-06-01 22:00:00,BAL_DEEP_LEVEL_3,Shift_3_Night,548.1,8.0,22.0,24,3,14,15.9,37.1,0.49,20.3,508.3,458.4,492.7,55.4,10.11,Alert (10-25%),35.0,5,1.57,16,25.1,21.8064,80.1876
2027-06-02 06:00:00,BAL_DEEP_LEVEL_3,Shift_1_Morning,551.4,7.5,20.0,20,4,14,1.5,4.6,0.22,0.1,460.0,565.6,501.0,50.4,9.14,Normal (<10%),42.0,4,0.34,17,20.8,21.8064,80.1876
2027-06-02 14:00:00,BAL_DEEP_LEVEL_3,Shift_2_Evening,521.3,8.0,17.0,18,4,12,5.8,23.1,0.36,12.6,431.2,497.5,512.0,9.3,1.78,Normal (<10%),35.4,5,0.63,14,23.1,21.8064,80.1876
2027-06-02 22:00:00,UKWA_EXTENSION,Shift_3_Night,433.4,7.5,18.0,20,2,14,74.0,126.0,0.83,89.1,522.9,418.3,309.3,124.1,28.63,Critical (>25%),22.4,3,1.33,17,32.5,21.7932,80.2015
2027-06-03 06:00:00,UKWA_EXTENSION,Shift_1_Morning,559.5,8.0,19.0,20,4,15,17.0,67.5,0.54,38.3,397.2,576.9,505.4,54.1,9.67,Normal (<10%),32.7,5,1.2,18,26.6,21.7932,80.2015
2027-06-03 14:00:00,BAL_NORTH_PIT,Shift_2_Evening,544.0,8.0,23.0,24,4,13,19.6,75.6,0.6,50.4,550.4,429.1,521.7,22.3,4.1,Normal (<10%),29.3,4,0.78,13,26.3,21.8121,80.1843
2027-06-03 22:00:00,BAL_SOUTH_PIT,Shift_3_Night,417.2,7.5,23.0,24,4,14,3.6,14.3,0.28,5.2,517.0,444.7,345.8,71.4,17.11,Alert (10-25%),39.1,6,0.92,15,21.0,21.8005,80.1901
2027-06-04 06:00:00,BAL_DEEP_LEVEL_3,Shift_1_Morning,492.8,8.0,23.0,24,4,16,1.2,10.3,0.21,5.9,460.1,467.5,462.0,30.8,6.25,Normal (<10%),37.5,6,0.97,16,19.1,21.8064,80.1876
2027-06-04 14:00:00,BAL_NORTH_PIT,Shift_2_Evening,434.8,8.0,24.0,26,3,12,4.9,12.4,0.33,11.7,464.0,402.7,384.2,50.6,11.64,Alert (10-25%),36.1,4,0.87,15,21.2,21.8121,80.1843
2027-06-04 22:00:00,BAL_NORTH_PIT,Shift_3_Night,467.5,7.5,17.0,18,3,13,4.3,20.9,0.33,12.3,495.7,515.2,396.9,70.6,15.1,Alert (10-25%),36.1,4,0.54,16,21.7,21.8121,80.1843
2027-06-05 06:00:00,BAL_NORTH_PIT,Shift_1_Morning,403.6,7.5,22.0,24,4,11,4.0,15.9,0.28,6.8,374.1,503.9,362.8,40.8,10.11,Alert (10-25%),38.2,4,0.17,14,20.2,21.8121,80.1843
2027-06-05 14:00:00,UKWA_EXTENSION,Shift_2_Evening,480.1,8.0,22.0,26,4,16,3.2,11.7,0.23,11.5,391.0,470.1,431.3,48.8,10.16,Alert (10-25%),37.3,6,1.13,18,21.0,21.7932,80.2015
2027-06-05 22:00:00,BAL_DEEP_LEVEL_3,Shift_3_Night,510.0,7.5,17.0,18,3,12,12.8,27.1,0.35,18.7,470.1,454.2,433.6,76.4,14.98,Alert (10-25%),35.0,5,0.15,14,22.5,21.8064,80.1876
2027-06-06 06:00:00,BAL_DEEP_LEVEL_3,Shift_1_Morning,523.9,8.0,16.0,18,4,16,6.0,16.1,0.27,13.1,580.9,449.5,523.9,0.0,0.0,Normal (<10%),36.8,5,0.52,18,22.1,21.8064,80.1876
2027-06-06 14:00:00,BAL_SOUTH_PIT,Shift_2_Evening,532.7,7.5,22.0,22,3,12,25.8,42.7,0.42,29.8,570.3,562.6,462.9,69.8,13.1,Alert (10-25%),32.2,4,0.54,12,24.3,21.8005,80.1901
2027-06-06 22:00:00,BAL_DEEP_LEVEL_3,Shift_3_Night,567.3,8.0,23.0,24,4,12,3.0,11.7,0.25,1.7,380.9,413.0,298.1,269.2,47.45,Critical (>25%),38.2,4,0.76,12,21.5,21.8064,80.1876
2027-06-07 06:00:00,BAL_DEEP_LEVEL_3,Shift_1_Morning,443.1,7.5,21.0,22,3,14,9.4,26.7,0.29,24.3,472.8,437.5,411.3,31.8,7.18,Normal (<10%),33.4,4,0.62,15,23.2,21.8064,80.1876
2027-06-07 14:00:00,BAL_NORTH_PIT,Shift_2_Evening,424.1,7.5,25.0,26,4,16,0.2,2.2,0.29,0.5,400.5,474.6,198.4,225.7,53.22,Critical (>25%),37.4,4,0.23,16,19.1,21.8121,80.1843
2027-06-07 22:00:00,BAL_SOUTH_PIT,Shift_3_Night,570.3,7.5,25.0,26,3,15,9.9,27.1,0.29,22.3,501.8,527.7,472.8,97.5,17.1,Alert (10-25%),37.2,5,1.04,17,20.7,21.8005,80.1901
2027-06-08 06:00:00,BAL_DEEP_LEVEL_3,Shift_1_Morning,431.3,7.5,26.0,26,3,14,0.9,13.7,0.23,7.4,510.2,455.7,374.2,57.1,13.24,Alert (10-25%),38.0,4,0.52,16,21.9,21.8064,80.1876
2027-06-08 14:00:00,UKWA_EXTENSION,Shift_2_Evening,595.0,7.5,18.0,20,3,12,57.1,121.3,0.84,83.7,558.0,412.3,515.5,79.5,13.36,Alert (10-25%),26.1,4,1.43,15,32.9,21.7932,80.2015
2027-06-08 22:00:00,BAL_DEEP_LEVEL_3,Shift_3_Night,568.5,7.5,16.0,18,3,12,23.5,56.3,0.5,42.6,438.8,449.9,281.6,286.9,50.47,Critical (>25%),32.4,3,0.73,14,26.7,21.8064,80.1876
2027-06-09 06:00:00,BAL_NORTH_PIT,Shift_1_Morning,500.2,7.5,19.0,20,4,12,10.1,33.5,0.4,26.7,397.7,378.0,294.7,205.5,41.08,Critical (>25%),36.7,5,0.69,12,22.9,21.8121,80.1843
2027-06-09 14:00:00,UKWA_EXTENSION,Shift_2_Evening,596.3,7.5,22.0,24,4,11,1.4,12.1,0.29,8.6,523.6,555.5,520.8,75.5,12.66,Alert (10-25%),38.7,4,0.27,11,18.5,21.7932,80.2015
2027-06-09 22:00:00,BAL_NORTH_PIT,Shift_3_Night,419.5,7.5,21.0,22,4,12,13.5,33.9,0.33,20.9,469.9,316.0,210.3,209.2,49.87,Critical (>25%),36.0,6,0.81,12,22.4,21.8121,80.1843
2027-06-10 06:00:00,BAL_DEEP_LEVEL_3,Shift_1_Morning,460.6,8.0,20.0,20,4,14,21.3,79.0,0.63,45.6,487.6,519.0,403.7,56.9,12.35,Alert (10-25%),31.3,5,0.85,15,27.5,21.8064,80.1876
2027-06-10 14:00:00,UKWA_EXTENSION,Shift_2_Evening,527.6,7.5,25.0,26,4,11,3.2,9.1,0.21,0.0,484.4,444.3,479.5,48.1,9.12,Normal (<10%),39.1,4,0.42,11,21.1,21.7932,80.2015
2027-06-10 22:00:00,BAL_SOUTH_PIT,Shift_3_Night,470.0,8.0,21.0,22,3,13,12.6,30.1,0.4,25.6,497.3,464.9,404.1,65.9,14.02,Alert (10-25%),34.5,5,1.18,16,24.8,21.8005,80.1901
2027-06-11 06:00:00,BAL_SOUTH_PIT,Shift_1_Morning,585.7,7.5,25.0,26,3,13,25.2,62.4,0.46,37.5,486.9,496.0,515.3,70.4,12.02,Alert (10-25%),30.2,4,0.63,13,25.4,21.8005,80.1901
2027-06-11 14:00:00,UKWA_EXTENSION,Shift_2_Evening,413.1,8.0,17.0,18,4,11,21.9,73.4,0.53,53.0,544.1,364.8,389.9,23.2,5.62,Normal (<10%),31.6,4,1.08,12,25.4,21.7932,80.2015
2027-06-11 22:00:00,UKWA_EXTENSION,Shift_3_Night,509.9,8.0,23.0,26,4,12,24.4,62.3,0.47,46.1,478.0,418.3,452.6,57.3,11.24,Alert (10-25%),33.0,4,0.98,14,24.3,21.7932,80.2015
2027-06-12 06:00:00,BAL_NORTH_PIT,Shift_1_Morning,518.2,7.5,24.0,26,3,13,31.7,102.2,0.73,70.4,441.9,498.0,443.8,74.4,14.36,Alert (10-25%),29.1,3,1.38,13,29.0,21.8121,80.1843
2027-06-12 14:00:00,UKWA_EXTENSION,Shift_2_Evening,530.5,7.5,17.0,18,3,16,41.6,91.0,0.65,62.6,420.4,493.8,468.2,62.3,11.74,Alert (10-25%),27.4,3,1.08,16,26.6,21.7932,80.2015
2027-06-12 22:00:00,BAL_NORTH_PIT,Shift_3_Night,451.1,8.0,24.0,24,4,14,7.8,30.7,0.36,14.6,513.9,381.5,412.2,38.9,8.62,Normal (<10%),34.0,5,0.98,14,23.5,21.8121,80.1843
2027-06-13 06:00:00,BAL_DEEP_LEVEL_3,Shift_1_Morning,472.9,8.0,23.0,24,4,14,12.6,34.6,0.37,16.3,559.4,476.1,452.5,20.4,4.31,Normal (<10%),35.7,5,1.48,14,20.6,21.8064,80.1876
2027-06-13 14:00:00,BAL_NORTH_PIT,Shift_2_Evening,568.7,7.5,19.0,20,4,15,23.5,66.9,0.53,41.3,387.2,430.8,231.3,337.4,59.33,Critical (>25%),31.4,5,1.0,16,26.2,21.8121,80.1843
2027-06-13 22:00:00,UKWA_EXTENSION,Shift_3_Night,439.0,7.5,18.0,18,3,11,17.9,57.6,0.46,46.7,460.5,448.7,366.5,72.5,16.51,Alert (10-25%),29.8,3,0.4,12,24.9,21.7932,80.2015
2027-06-14 06:00:00,UKWA_EXTENSION,Shift_1_Morning,565.4,7.5,23.0,24,2,14,81.1,264.3,0.95,100.0,509.9,402.3,413.7,151.7,26.83,Critical (>25%),15.0,4,2.59,15,35.0,21.7932,80.2015
2027-06-14 14:00:00,BAL_DEEP_LEVEL_3,Shift_2_Evening,512.5,8.0,17.0,18,3,16,0.2,7.6,0.17,5.3,515.0,475.2,479.9,32.6,6.36,Normal (<10%),35.6,5,1.53,16,18.6,21.8064,80.1876
2027-06-14 22:00:00,UKWA_EXTENSION,Shift_3_Night,552.4,7.5,21.0,22,3,14,6.6,24.6,0.28,22.9,517.8,528.4,489.8,62.6,11.33,Alert (10-25%),34.9,4,1.27,15,19.5,21.7932,80.2015
2027-06-15 06:00:00,UKWA_EXTENSION,Shift_1_Morning,542.7,7.5,22.0,24,4,16,4.9,23.6,0.3,11.1,435.2,509.9,489.4,53.3,9.82,Normal (<10%),38.3,4,0.15,16,20.7,21.7932,80.2015
2027-06-15 14:00:00,BAL_SOUTH_PIT,Shift_2_Evening,441.5,7.5,25.0,26,4,14,4.6,16.8,0.36,9.4,386.4,538.7,386.2,55.3,12.53,Alert (10-25%),39.2,4,0.18,14,20.7,21.8005,80.1901
2027-06-15 22:00:00,BAL_SOUTH_PIT,Shift_3_Night,513.8,7.5,19.0,20,4,14,3.8,18.3,0.24,20.1,525.0,417.8,447.6,66.2,12.88,Alert (10-25%),35.3,5,0.6,15,22.0,21.8005,80.1901
2027-06-16 06:00:00,BAL_DEEP_LEVEL_3,Shift_1_Morning,573.5,7.5,21.0,24,3,12,18.5,62.9,0.46,52.4,501.4,446.7,476.4,97.1,16.93,Alert (10-25%),31.7,4,1.43,15,25.0,21.8064,80.1876
2027-06-16 14:00:00,BAL_NORTH_PIT,Shift_2_Evening,486.4,8.0,23.0,24,3,14,1.3,8.5,0.15,9.5,376.1,350.0,248.7,237.7,48.87,Critical (>25%),38.5,3,0.01,15,20.3,21.8121,80.1843
2027-06-16 22:00:00,BAL_SOUTH_PIT,Shift_3_Night,593.3,8.0,21.0,22,4,12,20.3,54.2,0.5,28.2,417.7,437.7,533.1,60.2,10.15,Alert (10-25%),35.3,5,0.4,12,23.0,21.8005,80.1901
2027-06-17 06:00:00,BAL_NORTH_PIT,Shift_1_Morning,490.4,7.5,16.0,18,4,14,17.7,53.2,0.46,42.2,431.1,485.8,453.5,36.9,7.52,Normal (<10%),32.2,6,1.93,17,25.6,21.8121,80.1843
2027-06-17 14:00:00,UKWA_EXTENSION,Shift_2_Evening,428.6,7.5,25.0,26,3,15,4.3,11.4,0.19,6.3,406.6,488.2,377.3,51.3,11.97,Alert (10-25%),37.2,4,0.79,15,17.6,21.7932,80.2015
2027-06-17 22:00:00,BAL_SOUTH_PIT,Shift_3_Night,477.9,8.0,24.0,26,4,11,4.4,12.6,0.26,12.0,548.9,418.9,446.6,31.3,6.55,Normal (<10%),39.8,4,0.54,13,23.2,21.8005,80.1901
2027-06-18 06:00:00,BAL_DEEP_LEVEL_3,Shift_1_Morning,590.3,7.5,22.0,22,3,12,14.9,46.9,0.41,31.8,524.9,461.7,554.9,35.4,6.0,Normal (<10%),33.2,4,0.86,15,24.3,21.8064,80.1876
2027-06-18 14:00:00,BAL_DEEP_LEVEL_3,Shift_2_Evening,463.9,8.0,17.0,18,4,15,21.5,75.7,0.64,55.5,418.3,423.1,408.9,55.0,11.86,Alert (10-25%),31.2,4,1.01,18,24.8,21.8064,80.1876
2027-06-18 22:00:00,BAL_DEEP_LEVEL_3,Shift_3_Night,573.6,7.5,18.0,20,4,12,31.4,64.9,0.49,43.5,542.2,484.9,510.6,63.0,10.98,Alert (10-25%),29.7,5,0.62,12,24.1,21.8064,80.1876
2027-06-19 06:00:00,BAL_SOUTH_PIT,Shift_1_Morning,576.3,8.0,18.0,18,3,16,28.7,105.6,0.81,84.0,494.7,506.9,371.6,204.7,35.52,Critical (>25%),26.4,3,0.86,16,28.3,21.8005,80.1901
2027-06-19 14:00:00,BAL_NORTH_PIT,Shift_2_Evening,470.0,8.0,24.0,26,3,14,50.2,122.5,0.82,86.5,473.7,512.8,442.4,27.6,5.87,Normal (<10%),22.8,3,1.29,15,30.0,21.8121,80.1843
2027-06-19 22:00:00,UKWA_EXTENSION,Shift_3_Night,416.7,7.5,20.0,20,3,12,13.1,38.0,0.37,19.0,541.8,412.1,357.9,58.8,14.11,Alert (10-25%),33.2,4,0.17,14,22.9,21.7932,80.2015
2027-06-20 06:00:00,BAL_NORTH_PIT,Shift_1_Morning,544.9,8.0,25.0,26,3,15,35.9,127.9,0.83,76.9,486.0,435.0,474.6,70.3,12.9,Alert (10-25%),26.0,4,1.51,17,30.8,21.8121,80.1843
2027-06-20 14:00:00,BAL_NORTH_PIT,Shift_2_Evening,462.3,7.5,22.0,24,4,14,24.8,77.4,0.6,43.3,397.4,514.5,413.6,48.7,10.53,Alert (10-25%),30.1,6,1.37,15,25.8,21.8121,80.1843
2027-06-20 22:00:00,UKWA_EXTENSION,Shift_3_Night,556.6,8.0,25.0,26,2,13,33.8,78.4,0.58,55.2,482.1,439.3,436.5,120.1,21.58,Alert (10-25%),29.8,3,1.1,13,25.0,21.7932,80.2015
2027-06-21 06:00:00,UKWA_EXTENSION,Shift_1_Morning,488.5,7.5,21.0,22,4,12,0.2,8.4,0.2,10.4,558.6,421.9,470.6,17.9,3.66,Normal (<10%),37.0,6,0.83,13,20.9,21.7932,80.2015
2027-06-21 14:00:00,BAL_SOUTH_PIT,Shift_2_Evening,497.1,7.5,22.0,24,4,14,50.7,116.9,0.82,64.9,455.5,501.9,447.2,49.9,10.04,Alert (10-25%),25.4,5,1.21,15,31.5,21.8005,80.1901
2027-06-21 22:00:00,BAL_SOUTH_PIT,Shift_3_Night,555.6,7.5,17.0,18,4,16,9.6,30.3,0.4,26.3,570.9,418.8,468.5,87.1,15.68,Alert (10-25%),35.6,4,0.0,17,22.4,21.8005,80.1901
2027-06-22 06:00:00,BAL_SOUTH_PIT,Shift_1_Morning,476.5,8.0,24.0,24,3,12,24.0,56.5,0.53,39.4,391.3,382.0,467.7,8.8,1.85,Normal (<10%),33.8,5,1.35,13,25.0,21.8005,80.1901
2027-06-22 14:00:00,BAL_SOUTH_PIT,Shift_2_Evening,488.6,7.5,17.0,18,4,12,2.0,13.6,0.26,17.2,514.1,490.8,410.0,78.6,16.09,Alert (10-25%),33.4,4,0.31,12,19.2,21.8005,80.1901
2027-06-22 22:00:00,BAL_SOUTH_PIT,Shift_3_Night,475.2,7.5,16.0,18,3,12,7.6,24.7,0.38,11.6,355.7,546.0,390.2,85.0,17.89,Alert (10-25%),34.5,4,0.33,14,22.6,21.8005,80.1901
2027-06-23 06:00:00,UKWA_EXTENSION,Shift_1_Morning,473.5,7.5,21.0,22,3,16,4.8,19.0,0.31,14.1,425.4,404.7,426.1,47.4,10.01,Alert (10-25%),36.9,3,0.42,16,21.2,21.7932,80.2015
2027-06-23 14:00:00,BAL_NORTH_PIT,Shift_2_Evening,505.2,8.0,19.0,20,4,12,5.2,13.7,0.25,10.5,463.8,553.3,475.3,29.9,5.92,Normal (<10%),37.3,4,0.31,14,20.9,21.8121,80.1843
2027-06-23 22:00:00,BAL_SOUTH_PIT,Shift_3_Night,561.8,7.5,23.0,26,4,14,2.0,5.2,0.2,0.0,379.0,526.0,482.1,79.7,14.19,Alert (10-25%),39.0,5,0.56,16,20.7,21.8005,80.1901
2027-06-24 06:00:00,BAL_SOUTH_PIT,Shift_1_Morning,472.4,8.0,23.0,24,4,14,24.6,62.7,0.56,35.5,516.3,407.9,451.8,20.6,4.36,Normal (<10%),32.0,4,0.11,15,25.8,21.8005,80.1901
2027-06-24 14:00:00,BAL_NORTH_PIT,Shift_2_Evening,504.9,8.0,22.0,22,3,14,0.1,3.9,0.14,7.3,513.3,361.7,243.6,261.3,51.75,Critical (>25%),38.4,4,0.9,16,18.8,21.8121,80.1843
2027-06-24 22:00:00,BAL_SOUTH_PIT,Shift_3_Night,534.1,8.0,20.0,22,4,14,5.6,30.2,0.42,21.3,407.8,422.4,499.5,34.6,6.48,Normal (<10%),34.3,4,0.12,17,24.7,21.8005,80.1901
2027-06-25 06:00:00,BAL_NORTH_PIT,Shift_1_Morning,453.9,7.5,23.0,24,4,16,2.9,18.9,0.3,14.6,439.5,417.0,420.0,33.9,7.47,Normal (<10%),36.3,4,0.42,16,20.7,21.8121,80.1843
2027-06-25 14:00:00,BAL_NORTH_PIT,Shift_2_Evening,455.5,7.5,20.0,20,3,16,13.3,33.1,0.34,28.9,511.7,518.8,414.2,41.3,9.07,Normal (<10%),37.0,4,0.57,17,24.1,21.8121,80.1843
2027-06-25 22:00:00,UKWA_EXTENSION,Shift_3_Night,586.7,8.0,24.0,26,4,16,4.4,27.2,0.3,17.9,540.7,466.0,538.1,48.6,8.28,Normal (<10%),34.9,5,0.64,17,22.3,21.7932,80.2015
2027-06-26 06:00:00,BAL_DEEP_LEVEL_3,Shift_1_Morning,544.7,7.5,22.0,22,2,16,4.5,13.8,0.25,10.8,424.5,543.7,450.6,94.1,17.28,Alert (10-25%),37.3,4,1.35,19,23.5,21.8064,80.1876
2027-06-26 14:00:00,UKWA_EXTENSION,Shift_2_Evening,515.4,7.5,18.0,18,4,12,10.1,25.1,0.36,18.5,415.6,376.2,464.1,51.3,9.95,Normal (<10%),36.1,6,1.2,14,23.6,21.7932,80.2015
2027-06-26 22:00:00,BAL_DEEP_LEVEL_3,Shift_3_Night,529.5,8.0,18.0,20,4,12,15.9,58.3,0.51,40.8,401.4,555.6,482.4,47.1,8.9,Normal (<10%),34.6,5,1.36,13,25.2,21.8064,80.1876
2027-06-27 06:00:00,BAL_DEEP_LEVEL_3,Shift_1_Morning,405.9,8.0,23.0,26,2,14,1.9,10.1,0.23,0.0,432.6,507.3,348.1,57.8,14.24,Alert (10-25%),37.4,2,0.5,15,19.7,21.8064,80.1876
2027-06-27 14:00:00,BAL_DEEP_LEVEL_3,Shift_2_Evening,523.6,7.5,22.0,24,4,12,2.9,8.8,0.22,5.8,565.9,508.9,448.3,75.3,14.38,Alert (10-25%),39.4,5,0.82,12,19.1,21.8064,80.1876
2027-06-27 22:00:00,BAL_SOUTH_PIT,Shift_3_Night,501.9,8.0,20.0,22,3,16,4.3,14.5,0.29,15.5,382.9,444.0,475.3,26.6,5.3,Normal (<10%),38.9,3,0.0,16,21.1,21.8005,80.1901
2027-06-28 06:00:00,UKWA_EXTENSION,Shift_1_Morning,509.1,7.5,24.0,26,3,7,54.6,204.1,0.95,100.0,492.7,393.9,403.4,105.7,20.76,Alert (10-25%),17.9,3,1.85,8,35.0,21.7932,80.2015
2027-06-28 14:00:00,BAL_DEEP_LEVEL_3,Shift_2_Evening,471.9,8.0,21.0,22,4,16,7.6,31.0,0.49,18.3,390.2,563.3,450.3,21.6,4.58,Normal (<10%),34.3,4,0.42,19,23.4,21.8064,80.1876
2027-06-28 22:00:00,BAL_NORTH_PIT,Shift_3_Night,416.3,7.5,25.0,26,4,16,13.7,23.4,0.37,20.4,363.5,439.6,346.5,69.8,16.77,Alert (10-25%),35.4,4,0.8,19,23.7,21.8121,80.1843
2027-06-29 06:00:00,BAL_SOUTH_PIT,Shift_1_Morning,438.7,7.5,17.0,18,4,16,4.1,20.9,0.27,14.0,411.0,396.0,398.7,40.0,9.12,Normal (<10%),36.3,4,0.26,17,21.3,21.8005,80.1901
2027-06-29 14:00:00,UKWA_EXTENSION,Shift_2_Evening,590.1,8.0,24.0,26,3,14,10.1,35.7,0.42,20.7,569.8,597.4,560.9,29.2,4.95,Normal (<10%),35.9,4,0.91,14,23.5,21.7932,80.2015
2027-06-29 22:00:00,BAL_DEEP_LEVEL_3,Shift_3_Night,481.7,7.5,18.0,18,3,12,1.2,5.4,0.19,0.0,484.0,482.4,402.9,78.8,16.36,Alert (10-25%),38.8,3,0.47,14,19.3,21.8064,80.1876
2027-06-30 06:00:00,BAL_NORTH_PIT,Shift_1_Morning,493.3,7.5,24.0,24,3,15,0.5,11.9,0.25,7.7,531.0,471.6,451.3,42.0,8.51,Normal (<10%),37.9,4,1.05,16,21.6,21.8121,80.1843
2027-06-30 14:00:00,UKWA_EXTENSION,Shift_2_Evening,410.5,8.0,19.0,20,3,14,9.5,44.3,0.49,26.2,420.2,529.4,361.3,49.2,11.99,Alert (10-25%),31.8,4,0.86,15,24.5,21.7932,80.2015
2027-06-30 22:00:00,UKWA_EXTENSION,Shift_3_Night,407.5,7.5,25.0,26,4,14,7.6,23.2,0.3,20.0,314.5,454.0,164.0,243.5,59.75,Critical (>25%),34.9,4,0.67,15,22.8,21.7932,80.2015
2027-07-01 06:00:00,BAL_SOUTH_PIT,Shift_1_Morning,543.4,7.5,21.0,22,4,12,2.2,7.3,0.22,1.1,493.2,519.1,506.7,36.7,6.75,Normal (<10%),40.5,4,0.0,14,21.5,21.8005,80.1901
2027-07-01 14:00:00,UKWA_EXTENSION,Shift_2_Evening,507.6,7.5,23.0,24,2,12,17.5,48.2,0.42,33.5,573.1,455.9,426.2,81.4,16.04,Alert (10-25%),32.6,3,0.45,12,23.3,21.7932,80.2015
2027-07-01 22:00:00,BAL_SOUTH_PIT,Shift_3_Night,501.7,8.0,25.0,26,4,13,74.2,127.9,0.8,87.4,412.9,328.2,208.7,293.0,58.4,Critical (>25%),23.0,5,0.92,13,30.3,21.8005,80.1901
2027-07-02 06:00:00,BAL_DEEP_LEVEL_3,Shift_1_Morning,448.6,8.0,23.0,24,2,12,7.6,25.1,0.31,19.9,448.0,538.8,381.5,67.1,14.96,Alert (10-25%),37.5,2,0.68,12,23.1,21.8064,80.1876
2027-07-02 14:00:00,BAL_SOUTH_PIT,Shift_2_Evening,549.0,8.0,22.0,24,4,16,14.7,46.7,0.47,39.0,445.5,475.3,501.0,48.0,8.74,Normal (<10%),33.1,6,1.43,19,24.5,21.8005,80.1901
2027-07-02 22:00:00,BAL_NORTH_PIT,Shift_3_Night,433.6,8.0,23.0,24,3,15,49.4,115.4,0.81,70.2,436.4,393.5,371.2,62.4,14.39,Alert (10-25%),26.0,3,1.47,15,30.5,21.8121,80.1843
2027-07-03 06:00:00,BAL_SOUTH_PIT,Shift_1_Morning,438.0,8.0,22.0,24,4,13,26.7,88.0,0.65,61.7,428.4,434.7,406.8,31.2,7.12,Normal (<10%),28.0,6,1.37,13,26.8,21.8005,80.1901
2027-07-03 14:00:00,BAL_NORTH_PIT,Shift_2_Evening,492.1,7.5,21.0,22,3,16,9.3,37.4,0.45,28.0,432.7,473.4,431.5,60.6,12.31,Alert (10-25%),33.0,3,0.38,16,21.1,21.8121,80.1843
2027-07-03 22:00:00,BAL_SOUTH_PIT,Shift_3_Night,457.3,7.5,16.0,18,4,16,20.1,51.8,0.37,29.1,405.3,314.5,197.1,260.2,56.9,Critical (>25%),32.6,5,0.93,18,22.9,21.8005,80.1901
2027-07-04 06:00:00,UKWA_EXTENSION,Shift_1_Morning,449.5,7.5,17.0,18,3,16,2.1,11.2,0.26,8.8,531.8,515.9,405.5,44.0,9.79,Normal (<10%),34.7,3,0.83,16,20.6,21.7932,80.2015
2027-07-04 14:00:00,BAL_DEEP_LEVEL_3,Shift_2_Evening,529.0,8.0,21.0,22,4,14,10.8,25.3,0.29,14.8,395.9,528.8,497.0,32.0,6.05,Normal (<10%),35.3,4,0.95,17,23.2,21.8064,80.1876
2027-07-04 22:00:00,BAL_NORTH_PIT,Shift_3_Night,530.2,7.5,23.0,24,3,14,4.9,21.6,0.41,21.4,450.4,498.4,464.6,65.6,12.37,Alert (10-25%),35.5,3,0.65,17,23.4,21.8121,80.1843
2027-07-05 06:00:00,BAL_SOUTH_PIT,Shift_1_Morning,564.9,8.0,20.0,22,3,13,2.6,15.0,0.26,7.2,430.4,499.3,547.8,17.1,3.03,Normal (<10%),39.2,3,0.5,14,22.0,21.8005,80.1901
2027-07-05 14:00:00,BAL_SOUTH_PIT,Shift_2_Evening,483.5,7.5,23.0,24,3,11,8.3,23.8,0.36,14.8,511.4,417.5,415.4,68.1,14.08,Alert (10-25%),35.3,3,0.83,11,22.0,21.8005,80.1901
2027-07-05 22:00:00,BAL_SOUTH_PIT,Shift_3_Night,414.6,8.0,23.0,24,3,16,2.1,8.8,0.29,4.0,446.3,544.9,377.6,37.0,8.92,Normal (<10%),33.3,3,0.32,17,19.9,21.8005,80.1901
2027-07-06 06:00:00,UKWA_EXTENSION,Shift_1_Morning,454.7,7.5,18.0,20,4,11,18.0,44.3,0.4,25.3,545.8,473.3,386.9,67.8,14.91,Alert (10-25%),33.1,4,0.49,12,24.1,21.7932,80.2015
2027-07-06 14:00:00,UKWA_EXTENSION,Shift_2_Evening,596.0,7.5,18.0,18,2,12,9.1,38.4,0.44,17.9,551.2,495.0,473.2,122.8,20.6,Alert (10-25%),37.6,4,1.11,12,23.1,21.7932,80.2015
2027-07-06 22:00:00,BAL_NORTH_PIT,Shift_3_Night,519.3,8.0,20.0,22,3,12,11.4,43.8,0.47,25.0,531.7,418.4,454.4,64.9,12.5,Alert (10-25%),34.2,5,0.91,14,23.7,21.8121,80.1843
2027-07-07 06:00:00,BAL_NORTH_PIT,Shift_1_Morning,541.9,7.5,25.0,26,4,16,2.4,7.1,0.27,5.5,399.7,414.7,484.3,57.6,10.63,Alert (10-25%),35.8,6,0.95,17,20.9,21.8121,80.1843
2027-07-07 14:00:00,UKWA_EXTENSION,Shift_2_Evening,401.5,7.5,23.0,24,4,16,2.3,15.5,0.25,11.7,427.6,412.2,367.0,34.5,8.59,Normal (<10%),37.3,4,0.06,18,21.3,21.7932,80.2015
2027-07-07 22:00:00,BAL_NORTH_PIT,Shift_3_Night,503.6,8.0,25.0,26,3,13,13.1,30.1,0.28,24.1,439.7,471.8,429.9,73.7,14.63,Alert (10-25%),34.0,3,0.79,14,21.3,21.8121,80.1843
2027-07-08 06:00:00,BAL_DEEP_LEVEL_3,Shift_1_Morning,407.5,7.5,19.0,20,3,13,63.0,168.8,0.95,100.0,537.2,498.1,341.4,66.1,16.22,Alert (10-25%),18.0,3,1.81,16,34.9,21.8064,80.1876
2027-07-08 14:00:00,BAL_DEEP_LEVEL_3,Shift_2_Evening,513.8,7.5,17.0,18,3,12,1.5,10.3,0.24,8.9,390.9,461.8,477.4,36.4,7.08,Normal (<10%),36.4,3,0.83,12,21.5,21.8064,80.1876
2027-07-08 22:00:00,UKWA_EXTENSION,Shift_3_Night,584.2,8.0,22.0,24,3,12,5.0,9.9,0.3,10.6,578.7,575.5,550.6,33.6,5.75,Normal (<10%),36.7,3,0.0,12,21.8,21.7932,80.2015
2027-07-09 06:00:00,BAL_NORTH_PIT,Shift_1_Morning,593.7,8.0,25.0,26,4,15,30.5,119.1,0.77,82.0,368.3,582.9,543.6,50.1,8.44,Normal (<10%),22.2,5,2.1,15,30.0,21.8121,80.1843
2027-07-09 14:00:00,BAL_SOUTH_PIT,Shift_2_Evening,508.1,8.0,19.0,20,4,12,1.1,8.6,0.35,0.2,509.3,489.4,487.7,20.4,4.01,Normal (<10%),34.7,4,0.0,15,21.9,21.8005,80.1901
2027-07-09 22:00:00,BAL_DEEP_LEVEL_3,Shift_3_Night,491.6,8.0,16.0,18,3,10,31.3,131.4,0.83,89.5,384.2,558.6,433.2,58.4,11.88,Alert (10-25%),23.7,3,0.97,13,30.6,21.8064,80.1876
2027-07-10 06:00:00,UKWA_EXTENSION,Shift_1_Morning,589.0,8.0,24.0,26,4,14,11.1,34.6,0.38,23.1,504.0,613.1,568.4,20.6,3.5,Normal (<10%),33.5,6,0.94,17,25.3,21.7932,80.2015
2027-07-10 14:00:00,BAL_NORTH_PIT,Shift_2_Evening,534.7,7.5,21.0,22,4,13,7.9,26.3,0.45,14.7,483.5,521.7,483.6,51.1,9.56,Normal (<10%),35.0,6,1.44,13,23.3,21.8121,80.1843
2027-07-10 22:00:00,UKWA_EXTENSION,Shift_3_Night,413.0,8.0,23.0,24,4,14,5.6,9.3,0.17,6.3,451.5,502.9,386.3,26.7,6.46,Normal (<10%),35.6,4,0.47,14,20.3,21.7932,80.2015
2027-07-11 06:00:00,BAL_SOUTH_PIT,Shift_1_Morning,493.1,8.0,18.0,20,3,16,5.3,28.7,0.4,20.9,528.7,533.5,491.4,1.7,0.34,Normal (<10%),35.6,3,0.4,16,19.8,21.8005,80.1901
2027-07-11 14:00:00,BAL_DEEP_LEVEL_3,Shift_2_Evening,448.0,7.5,24.0,26,3,12,5.5,23.4,0.32,14.6,363.5,397.5,377.0,71.0,15.85,Alert (10-25%),33.6,4,0.49,14,22.2,21.8064,80.1876
2027-07-11 22:00:00,UKWA_EXTENSION,Shift_3_Night,494.0,7.5,21.0,22,3,15,32.4,69.7,0.58,51.4,435.5,402.1,396.7,97.3,19.7,Alert (10-25%),32.6,3,0.4,15,25.5,21.7932,80.2015
2027-07-12 06:00:00,UKWA_EXTENSION,Shift_1_Morning,491.1,7.5,23.0,26,3,14,19.3,69.3,0.53,47.9,464.8,503.3,450.4,40.7,8.29,Normal (<10%),27.9,5,1.75,15,26.4,21.7932,80.2015
2027-07-12 14:00:00,UKWA_EXTENSION,Shift_2_Evening,516.4,7.5,18.0,20,4,12,16.6,42.3,0.49,32.6,496.3,419.6,454.3,62.1,12.03,Alert (10-25%),31.2,4,0.83,13,23.4,21.7932,80.2015
2027-07-12 22:00:00,BAL_SOUTH_PIT,Shift_3_Night,471.4,7.5,22.0,24,4,14,24.0,48.9,0.4,38.9,542.6,511.4,402.9,68.5,14.53,Alert (10-25%),33.5,4,1.05,14,23.1,21.8005,80.1901
2027-07-13 06:00:00,UKWA_EXTENSION,Shift_1_Morning,432.9,8.0,16.0,18,4,12,4.5,16.5,0.28,9.0,512.0,368.6,414.8,18.1,4.18,Normal (<10%),38.7,4,0.52,13,21.7,21.7932,80.2015
2027-07-13 14:00:00,BAL_SOUTH_PIT,Shift_2_Evening,500.7,7.5,17.0,18,3,14,14.4,30.5,0.4,18.1,514.7,457.9,462.0,38.7,7.73,Normal (<10%),34.8,3,0.0,15,21.9,21.8005,80.1901
2027-07-13 22:00:00,BAL_SOUTH_PIT,Shift_3_Night,566.0,8.0,17.0,18,4,16,9.2,23.4,0.28,21.4,423.1,597.4,519.1,46.9,8.29,Normal (<10%),36.5,4,0.05,18,21.3,21.8005,80.1901
2027-07-14 06:00:00,BAL_SOUTH_PIT,Shift_1_Morning,532.8,7.5,19.0,20,4,16,22.9,58.6,0.5,35.2,534.5,543.3,491.1,41.7,7.83,Normal (<10%),31.5,4,0.86,16,24.7,21.8005,80.1901
2027-07-14 14:00:00,BAL_DEEP_LEVEL_3,Shift_2_Evening,467.7,8.0,17.0,18,3,12,5.5,23.8,0.27,15.4,465.7,482.6,438.1,29.6,6.33,Normal (<10%),34.1,5,0.92,13,22.8,21.8064,80.1876
2027-07-14 22:00:00,BAL_DEEP_LEVEL_3,Shift_3_Night,587.1,7.5,24.0,24,3,12,15.5,61.7,0.49,38.7,550.4,547.0,480.1,107.0,18.23,Alert (10-25%),30.6,5,1.18,12,25.5,21.8064,80.1876
2027-07-15 06:00:00,UKWA_EXTENSION,Shift_1_Morning,582.4,8.0,19.0,20,4,13,32.1,90.3,0.78,55.2,482.6,588.1,516.2,66.2,11.37,Alert (10-25%),25.5,4,0.66,13,29.2,21.7932,80.2015
2027-07-15 14:00:00,UKWA_EXTENSION,Shift_2_Evening,441.9,8.0,25.0,26,3,13,7.7,32.9,0.43,24.4,466.3,464.7,409.0,32.9,7.45,Normal (<10%),32.1,5,1.39,14,23.0,21.7932,80.2015
2027-07-15 22:00:00,BAL_DEEP_LEVEL_3,Shift_3_Night,407.9,8.0,24.0,26,4,15,1.0,7.7,0.27,3.8,432.5,331.6,223.5,184.4,45.21,Critical (>25%),37.6,5,0.84,16,22.0,21.8064,80.1876
2027-07-16 06:00:00,BAL_NORTH_PIT,Shift_1_Morning,548.3,8.0,20.0,20,3,12,10.9,27.2,0.35,13.5,462.5,464.1,532.2,16.1,2.94,Normal (<10%),33.2,3,0.61,12,20.0,21.8121,80.1843
2027-07-16 14:00:00,BAL_DEEP_LEVEL_3,Shift_2_Evening,565.5,8.0,22.0,24,3,11,6.4,23.4,0.24,20.2,463.2,492.2,522.3,43.2,7.64,Normal (<10%),36.4,3,0.24,11,22.9,21.8064,80.1876
2027-07-16 22:00:00,BAL_SOUTH_PIT,Shift_3_Night,593.6,8.0,17.0,20,3,14,16.7,60.1,0.49,33.4,444.3,578.9,488.2,105.4,17.76,Alert (10-25%),29.5,3,0.79,17,27.9,21.8005,80.1901
2027-07-17 06:00:00,BAL_DEEP_LEVEL_3,Shift_1_Morning,578.0,8.0,19.0,20,4,13,45.2,145.7,0.95,96.4,464.7,309.1,240.8,337.2,58.34,Critical (>25%),22.3,4,1.05,15,33.7,21.8064,80.1876
2027-07-17 14:00:00,BAL_SOUTH_PIT,Shift_2_Evening,520.1,8.0,26.0,26,4,14,10.0,37.7,0.37,29.6,486.6,457.1,491.3,28.8,5.54,Normal (<10%),33.2,6,1.11,17,24.5,21.8005,80.1901
2027-07-17 22:00:00,UKWA_EXTENSION,Shift_3_Night,506.0,8.0,19.0,20,4,12,9.4,34.0,0.39,27.2,485.9,476.3,448.2,57.8,11.42,Alert (10-25%),36.2,4,0.0,12,22.3,21.7932,80.2015
2027-07-18 06:00:00,BAL_NORTH_PIT,Shift_1_Morning,405.6,8.0,22.0,24,3,12,15.9,43.4,0.37,31.1,425.7,368.8,391.7,13.9,3.43,Normal (<10%),34.0,3,0.13,12,22.6,21.8121,80.1843
2027-07-18 14:00:00,UKWA_EXTENSION,Shift_2_Evening,449.3,7.5,16.0,18,3,16,1.6,9.8,0.19,2.1,547.1,546.5,399.9,49.4,10.99,Alert (10-25%),39.1,3,0.3,16,19.1,21.7932,80.2015
2027-07-18 22:00:00,BAL_SOUTH_PIT,Shift_3_Night,491.9,8.0,21.0,24,4,11,4.4,9.3,0.36,7.0,528.8,458.9,446.4,45.5,9.25,Normal (<10%),35.2,4,1.11,11,20.7,21.8005,80.1901
2027-07-19 06:00:00,BAL_SOUTH_PIT,Shift_1_Morning,525.7,8.0,22.0,24,4,12,37.7,141.3,0.95,96.0,444.4,501.9,501.8,23.9,4.55,Normal (<10%),22.3,4,0.88,13,33.1,21.8005,80.1901
2027-07-19 14:00:00,BAL_SOUTH_PIT,Shift_2_Evening,511.5,7.5,24.0,26,4,14,16.6,44.6,0.42,27.5,557.0,478.2,447.7,63.8,12.47,Alert (10-25%),31.6,4,0.23,15,24.0,21.8005,80.1901
2027-07-19 22:00:00,BAL_NORTH_PIT,Shift_3_Night,548.5,8.0,17.0,18,3,10,0.2,3.2,0.18,4.0,438.5,534.9,486.5,62.0,11.3,Alert (10-25%),37.2,3,0.47,10,21.3,21.8121,80.1843
2027-07-20 06:00:00,BAL_DEEP_LEVEL_3,Shift_1_Morning,456.0,8.0,21.0,22,3,12,3.4,10.6,0.21,0.0,395.0,415.3,279.3,176.7,38.75,Critical (>25%),36.7,3,0.93,12,20.0,21.8064,80.1876
2027-07-20 14:00:00,UKWA_EXTENSION,Shift_2_Evening,513.0,7.5,19.0,20,4,14,17.2,45.9,0.45,21.8,537.3,546.5,466.5,46.5,9.06,Normal (<10%),31.7,5,0.98,15,22.4,21.7932,80.2015
2027-07-20 22:00:00,UKWA_EXTENSION,Shift_3_Night,417.6,7.5,16.0,18,3,13,21.7,78.3,0.69,49.0,420.0,397.3,353.1,64.5,15.45,Alert (10-25%),27.0,5,1.7,13,28.5,21.7932,80.2015
2027-07-21 06:00:00,BAL_DEEP_LEVEL_3,Shift_1_Morning,482.7,8.0,25.0,26,4,14,27.5,72.2,0.53,51.6,420.8,395.1,451.8,30.9,6.4,Normal (<10%),28.1,5,1.04,15,24.7,21.8064,80.1876
2027-07-21 14:00:00,UKWA_EXTENSION,Shift_2_Evening,550.0,7.5,20.0,20,4,16,5.2,17.4,0.3,15.9,460.3,491.3,463.0,87.0,15.82,Alert (10-25%),32.5,5,0.55,17,20.7,21.7932,80.2015
2027-07-21 22:00:00,BAL_NORTH_PIT,Shift_3_Night,538.7,8.0,25.0,26,3,16,40.1,92.9,0.67,55.5,580.3,392.9,489.9,48.8,9.06,Normal (<10%),26.2,5,1.64,19,29.1,21.8121,80.1843
2027-07-22 06:00:00,UKWA_EXTENSION,Shift_1_Morning,598.1,8.0,19.0,20,3,12,12.1,24.7,0.41,23.8,520.0,510.4,591.7,6.4,1.07,Normal (<10%),35.7,3,0.24,12,22.4,21.7932,80.2015
2027-07-22 14:00:00,BAL_SOUTH_PIT,Shift_2_Evening,455.6,8.0,24.0,26,4,14,17.9,45.7,0.44,30.9,562.1,481.8,443.6,12.0,2.63,Normal (<10%),30.5,4,0.83,14,21.9,21.8005,80.1901
2027-07-22 22:00:00,BAL_DEEP_LEVEL_3,Shift_3_Night,499.6,7.5,25.0,26,3,16,13.6,46.6,0.36,23.3,450.1,525.2,382.4,117.2,23.46,Alert (10-25%),31.3,3,0.14,19,23.4,21.8064,80.1876
2027-07-23 06:00:00,BAL_NORTH_PIT,Shift_1_Morning,465.9,8.0,25.0,26,4,16,2.0,10.9,0.29,8.8,530.0,359.1,438.2,27.7,5.95,Normal (<10%),39.3,5,0.97,17,19.3,21.8121,80.1843
2027-07-23 14:00:00,BAL_DEEP_LEVEL_3,Shift_2_Evening,488.1,8.0,19.0,20,3,14,49.5,153.1,0.95,100.0,460.5,368.4,433.0,55.1,11.29,Alert (10-25%),20.3,3,1.53,15,33.9,21.8064,80.1876
2027-07-23 22:00:00,BAL_NORTH_PIT,Shift_3_Night,571.4,7.5,20.0,22,4,16,2.0,12.9,0.22,6.2,509.9,393.9,488.2,83.2,14.56,Alert (10-25%),37.3,5,0.64,18,22.1,21.8121,80.1843
2027-07-24 06:00:00,BAL_SOUTH_PIT,Shift_1_Morning,536.8,8.0,17.0,18,4,12,4.4,14.4,0.33,14.5,558.4,550.3,536.8,0.0,0.0,Normal (<10%),37.0,5,0.21,15,20.8,21.8005,80.1901
2027-07-24 14:00:00,BAL_DEEP_LEVEL_3,Shift_2_Evening,576.5,8.0,18.0,20,3,11,25.2,99.2,0.68,73.3,469.8,480.9,546.2,30.3,5.26,Normal (<10%),28.2,3,0.77,11,29.0,21.8064,80.1876
2027-07-24 22:00:00,UKWA_EXTENSION,Shift_3_Night,440.7,8.0,19.0,22,3,16,14.5,28.6,0.36,19.3,365.2,404.8,162.6,278.1,63.1,Critical (>25%),32.5,4,1.13,19,24.0,21.7932,80.2015
2027-07-25 06:00:00,BAL_NORTH_PIT,Shift_1_Morning,574.7,8.0,17.0,18,3,13,27.3,46.5,0.44,27.3,451.4,486.7,562.5,12.2,2.12,Normal (<10%),32.5,3,0.56,14,23.2,21.8121,80.1843
2027-07-25 14:00:00,BAL_DEEP_LEVEL_3,Shift_2_Evening,412.0,8.0,19.0,20,4,14,10.9,25.7,0.31,23.0,492.3,424.2,216.5,195.5,47.45,Critical (>25%),32.9,4,0.53,15,19.8,21.8064,80.1876
2027-07-25 22:00:00,UKWA_EXTENSION,Shift_3_Night,577.7,8.0,16.0,18,3,16,7.1,18.4,0.25,18.1,491.9,468.1,496.7,81.0,14.02,Alert (10-25%),39.9,4,0.44,19,20.7,21.7932,80.2015
2027-07-26 06:00:00,BAL_DEEP_LEVEL_3,Shift_1_Morning,465.8,7.5,21.0,22,4,14,38.2,110.9,0.78,67.6,505.1,479.9,402.5,63.3,13.59,Alert (10-25%),23.3,4,1.15,14,28.7,21.8064,80.1876
2027-07-26 14:00:00,BAL_DEEP_LEVEL_3,Shift_2_Evening,462.9,8.0,25.0,26,4,12,0.6,2.9,0.15,1.4,506.7,418.9,453.5,9.4,2.03,Normal (<10%),36.5,5,0.29,14,21.4,21.8064,80.1876
2027-07-26 22:00:00,BAL_DEEP_LEVEL_3,Shift_3_Night,502.4,8.0,22.0,24,3,12,29.1,86.2,0.68,61.1,527.6,449.6,437.2,65.2,12.98,Alert (10-25%),26.7,3,0.98,13,27.5,21.8064,80.1876
2027-07-27 06:00:00,BAL_NORTH_PIT,Shift_1_Morning,588.1,7.5,16.0,18,3,14,3.9,19.5,0.25,16.9,574.4,398.3,548.4,39.7,6.75,Normal (<10%),33.9,3,0.51,17,20.9,21.8121,80.1843
2027-07-27 14:00:00,UKWA_EXTENSION,Shift_2_Evening,409.6,8.0,19.0,20,3,13,28.3,116.8,0.73,76.4,421.7,370.9,360.9,48.7,11.89,Alert (10-25%),27.5,4,1.61,14,29.9,21.7932,80.2015
2027-07-27 22:00:00,BAL_SOUTH_PIT,Shift_3_Night,470.4,8.0,24.0,24,3,12,2.2,13.9,0.34,4.5,415.2,337.2,286.1,184.3,39.18,Critical (>25%),39.7,3,0.13,14,20.4,21.8005,80.1901
2027-07-28 06:00:00,BAL_NORTH_PIT,Shift_1_Morning,571.3,7.5,16.0,18,3,16,13.0,28.8,0.35,27.1,461.7,427.7,528.7,42.6,7.46,Normal (<10%),34.1,3,0.37,17,22.7,21.8121,80.1843
2027-07-28 14:00:00,BAL_NORTH_PIT,Shift_2_Evening,479.2,7.5,17.0,18,3,9,32.9,82.6,0.52,55.5,430.8,404.0,401.5,77.7,16.21,Alert (10-25%),27.5,5,1.69,9,25.1,21.8121,80.1843
2027-07-28 22:00:00,BAL_NORTH_PIT,Shift_3_Night,439.8,7.5,21.0,24,4,16,9.6,25.6,0.33,16.2,454.0,379.4,200.3,239.5,54.46,Critical (>25%),31.8,4,0.38,16,20.7,21.8121,80.1843
2027-07-29 06:00:00,BAL_SOUTH_PIT,Shift_1_Morning,485.0,7.5,25.0,26,3,14,20.6,42.1,0.44,25.1,448.1,500.5,445.0,40.0,8.25,Normal (<10%),32.8,3,0.5,17,24.7,21.8005,80.1901
2027-07-29 14:00:00,UKWA_EXTENSION,Shift_2_Evening,477.1,7.5,18.0,20,4,16,24.5,75.5,0.61,49.3,534.6,470.6,401.7,75.4,15.8,Alert (10-25%),29.0,4,1.44,18,28.7,21.7932,80.2015
2027-07-29 22:00:00,UKWA_EXTENSION,Shift_3_Night,583.1,7.5,19.0,20,4,14,20.0,61.4,0.47,33.1,501.7,525.4,495.1,88.0,15.09,Alert (10-25%),30.5,6,1.06,14,26.7,21.7932,80.2015
2027-07-30 06:00:00,UKWA_EXTENSION,Shift_1_Morning,552.4,7.5,24.0,26,3,16,38.9,82.0,0.58,59.7,516.9,555.9,503.0,49.4,8.94,Normal (<10%),29.5,4,1.54,19,26.6,21.7932,80.2015
2027-07-30 14:00:00,BAL_DEEP_LEVEL_3,Shift_2_Evening,501.0,8.0,21.0,22,3,15,8.9,32.6,0.37,20.4,556.0,414.8,481.7,19.3,3.85,Normal (<10%),35.0,4,0.46,16,22.0,21.8064,80.1876
2027-07-30 22:00:00,BAL_DEEP_LEVEL_3,Shift_3_Night,597.7,8.0,17.0,18,3,16,2.9,17.6,0.34,1.2,479.6,573.6,515.9,81.8,13.69,Alert (10-25%),36.2,3,0.6,16,21.6,21.8064,80.1876
2027-07-31 06:00:00,BAL_DEEP_LEVEL_3,Shift_1_Morning,493.1,8.0,20.0,22,3,12,0.7,5.3,0.16,0.0,342.6,414.9,248.2,244.9,49.67,Critical (>25%),37.3,5,1.21,14,21.2,21.8064,80.1876
2027-07-31 14:00:00,BAL_SOUTH_PIT,Shift_2_Evening,411.6,7.5,22.0,24,4,14,4.2,15.1,0.21,14.9,376.2,413.6,371.9,39.7,9.65,Normal (<10%),35.1,4,0.25,14,18.0,21.8005,80.1901
2027-07-31 22:00:00,BAL_DEEP_LEVEL_3,Shift_3_Night,452.5,8.0,18.0,20,3,12,2.3,9.9,0.32,5.9,415.8,411.5,420.1,32.4,7.16,Normal (<10%),37.5,4,0.33,15,21.8,21.8064,80.1876
2027-08-01 06:00:00,BAL_SOUTH_PIT,Shift_1_Morning,487.2,7.5,22.0,24,3,16,12.2,35.8,0.44,19.9,532.3,528.8,438.9,48.3,9.91,Normal (<10%),31.5,5,0.54,17,22.7,21.8005,80.1901
2027-08-01 14:00:00,UKWA_EXTENSION,Shift_2_Evening,431.4,8.0,17.0,18,4,14,3.1,11.1,0.21,8.1,395.2,340.8,276.5,154.9,35.91,Critical (>25%),36.2,4,0.22,17,19.2,21.7932,80.2015
2027-08-01 22:00:00,BAL_DEEP_LEVEL_3,Shift_3_Night,589.5,8.0,19.0,20,4,14,0.6,4.3,0.2,1.4,494.2,401.2,536.9,52.6,8.92,Normal (<10%),36.6,6,1.16,15,18.5,21.8064,80.1876
2027-08-02 06:00:00,BAL_DEEP_LEVEL_3,Shift_1_Morning,553.4,8.0,22.0,24,3,12,0.5,3.7,0.32,3.0,424.7,497.9,551.8,1.6,0.29,Normal (<10%),32.7,4,0.38,12,19.6,21.8064,80.1876
2027-08-02 14:00:00,BAL_NORTH_PIT,Shift_2_Evening,453.7,8.0,19.0,20,3,14,26.7,48.0,0.48,33.6,444.6,454.6,422.3,31.4,6.92,Normal (<10%),28.1,4,0.96,16,24.6,21.8121,80.1843
2027-08-02 22:00:00,BAL_SOUTH_PIT,Shift_3_Night,518.2,7.5,19.0,20,3,14,13.4,49.1,0.44,28.7,331.6,444.0,240.8,277.4,53.53,Critical (>25%),29.3,4,0.5,16,25.4,21.8005,80.1901
2027-08-03 06:00:00,UKWA_EXTENSION,Shift_1_Morning,544.3,7.5,20.0,20,4,16,6.6,12.1,0.32,5.2,408.7,463.0,512.8,31.5,5.79,Normal (<10%),32.5,4,0.33,16,21.0,21.7932,80.2015
2027-08-03 14:00:00,BAL_NORTH_PIT,Shift_2_Evening,588.3,8.0,22.0,22,4,16,33.7,77.4,0.56,47.9,339.4,426.6,277.3,311.0,52.86,Critical (>25%),28.6,5,0.84,16,27.0,21.8121,80.1843
2027-08-03 22:00:00,BAL_NORTH_PIT,Shift_3_Night,576.3,7.5,23.0,24,3,16,1.1,4.8,0.23,0.0,439.9,492.8,268.7,307.6,53.37,Critical (>25%),35.8,3,0.38,19,20.9,21.8121,80.1843
2027-08-04 06:00:00,UKWA_EXTENSION,Shift_1_Morning,503.0,7.5,24.0,26,4,11,58.9,206.6,0.95,100.0,524.6,432.4,453.6,49.4,9.82,Normal (<10%),16.4,4,1.81,13,35.0,21.7932,80.2015
2027-08-04 14:00:00,BAL_NORTH_PIT,Shift_2_Evening,554.9,8.0,18.0,20,3,12,14.4,30.8,0.39,19.1,486.1,611.6,545.7,9.2,1.66,Normal (<10%),32.8,3,0.13,12,22.0,21.8121,80.1843
2027-08-04 22:00:00,BAL_SOUTH_PIT,Shift_3_Night,512.4,7.5,16.0,18,4,15,3.0,7.2,0.27,1.8,365.5,390.4,242.4,270.0,52.69,Critical (>25%),35.1,4,0.2,16,21.1,21.8005,80.1901
2027-08-05 06:00:00,BAL_SOUTH_PIT,Shift_1_Morning,510.5,7.5,21.0,22,3,16,17.0,60.8,0.52,41.3,527.6,517.9,452.1,58.4,11.44,Alert (10-25%),30.8,5,1.06,16,25.8,21.8005,80.1901
2027-08-05 14:00:00,BAL_DEEP_LEVEL_3,Shift_2_Evening,422.9,7.5,21.0,22,3,16,21.6,60.0,0.53,38.4,444.7,534.3,382.3,40.6,9.6,Normal (<10%),29.7,3,0.34,16,24.6,21.8064,80.1876
2027-08-05 22:00:00,BAL_NORTH_PIT,Shift_3_Night,425.2,7.5,24.0,26,3,11,8.4,22.1,0.37,11.2,469.4,391.3,359.8,65.4,15.38,Alert (10-25%),33.1,3,0.74,12,21.0,21.8121,80.1843
2027-08-06 06:00:00,BAL_DEEP_LEVEL_3,Shift_1_Morning,505.9,8.0,24.0,26,3,15,29.7,66.5,0.56,34.7,531.0,554.6,503.1,2.8,0.55,Normal (<10%),30.5,3,0.68,17,26.5,21.8064,80.1876
2027-08-06 14:00:00,BAL_NORTH_PIT,Shift_2_Evening,453.8,8.0,20.0,22,4,13,2.5,11.1,0.27,2.9,361.4,476.5,424.1,29.7,6.54,Normal (<10%),34.7,5,0.04,16,22.0,21.8121,80.1843
2027-08-06 22:00:00,BAL_SOUTH_PIT,Shift_3_Night,404.2,7.5,21.0,22,4,12,4.9,24.7,0.34,14.6,473.2,496.3,350.0,54.2,13.41,Alert (10-25%),32.5,5,0.55,13,23.2,21.8005,80.1901
2027-08-07 06:00:00,BAL_SOUTH_PIT,Shift_1_Morning,544.6,8.0,22.0,24,3,16,1.5,5.3,0.29,8.3,495.5,446.8,529.0,15.6,2.86,Normal (<10%),33.6,4,0.97,16,19.4,21.8005,80.1901
2027-08-07 14:00:00,BAL_SOUTH_PIT,Shift_2_Evening,406.5,8.0,21.0,22,4,16,3.6,11.5,0.21,7.3,509.6,517.4,394.3,12.2,3.0,Normal (<10%),35.9,6,0.77,17,19.7,21.8005,80.1901
2027-08-07 22:00:00,BAL_NORTH_PIT,Shift_3_Night,519.1,8.0,20.0,22,3,15,4.1,9.9,0.27,0.0,494.8,564.5,472.9,46.2,8.9,Normal (<10%),36.4,3,0.85,16,21.4,21.8121,80.1843
2027-08-08 06:00:00,BAL_SOUTH_PIT,Shift_1_Morning,507.8,7.5,19.0,20,3,11,37.4,130.4,0.76,87.4,453.4,529.9,416.1,91.7,18.06,Alert (10-25%),21.9,4,1.37,14,31.2,21.8005,80.1901
2027-08-08 14:00:00,BAL_NORTH_PIT,Shift_2_Evening,593.8,7.5,24.0,26,4,12,1.2,8.8,0.23,3.6,408.1,583.8,528.8,65.0,10.95,Alert (10-25%),36.9,6,1.15,12,19.5,21.8121,80.1843
2027-08-08 22:00:00,BAL_DEEP_LEVEL_3,Shift_3_Night,496.8,8.0,23.0,24,3,13,8.4,30.3,0.45,23.1,470.3,555.9,434.9,61.9,12.46,Alert (10-25%),28.9,4,1.1,14,24.2,21.8064,80.1876
2027-08-09 06:00:00,BAL_NORTH_PIT,Shift_1_Morning,412.7,8.0,21.0,22,4,12,11.4,39.6,0.36,19.1,527.1,469.5,406.2,6.5,1.57,Normal (<10%),31.6,4,0.7,13,21.6,21.8121,80.1843
2027-08-09 14:00:00,BAL_DEEP_LEVEL_3,Shift_2_Evening,510.3,7.5,22.0,24,4,11,34.3,132.3,0.78,94.3,485.8,588.7,434.2,76.1,14.91,Alert (10-25%),21.7,4,0.93,12,33.1,21.8064,80.1876
2027-08-09 22:00:00,BAL_NORTH_PIT,Shift_3_Night,568.2,8.0,23.0,26,2,16,91.1,343.6,0.95,100.0,529.6,534.5,437.9,130.3,22.93,Alert (10-25%),15.0,3,3.13,16,35.0,21.8121,80.1843
2027-08-10 06:00:00,BAL_DEEP_LEVEL_3,Shift_1_Morning,599.4,7.5,21.0,22,3,14,21.0,80.2,0.64,52.4,520.5,545.1,541.3,58.1,9.69,Normal (<10%),30.3,3,1.26,14,27.5,21.8064,80.1876
2027-08-10 14:00:00,BAL_SOUTH_PIT,Shift_2_Evening,486.1,8.0,19.0,20,3,14,53.0,143.6,0.91,88.0,500.4,446.9,440.0,46.1,9.48,Normal (<10%),20.0,3,1.19,15,32.4,21.8005,80.1901
2027-08-10 22:00:00,BAL_DEEP_LEVEL_3,Shift_3_Night,464.1,7.5,20.0,22,3,14,23.2,56.0,0.43,30.0,529.7,542.0,370.4,93.7,20.19,Alert (10-25%),29.3,3,0.99,14,24.2,21.8064,80.1876
2027-08-11 06:00:00,BAL_SOUTH_PIT,Shift_1_Morning,581.3,7.5,25.0,26,4,14,49.5,138.0,0.95,95.4,563.8,460.2,497.5,83.8,14.42,Alert (10-25%),20.3,4,1.26,15,32.1,21.8005,80.1901
2027-08-11 14:00:00,BAL_SOUTH_PIT,Shift_2_Evening,438.2,7.5,21.0,24,4,12,18.4,54.0,0.49,40.0,428.7,521.8,373.7,64.5,14.72,Alert (10-25%),26.7,4,0.73,12,25.0,21.8005,80.1901
2027-08-11 22:00:00,BAL_DEEP_LEVEL_3,Shift_3_Night,523.1,7.5,19.0,20,3,14,1.2,8.3,0.18,10.7,359.7,388.1,235.2,287.9,55.04,Critical (>25%),34.1,4,0.28,16,20.0,21.8064,80.1876
2027-08-12 06:00:00,BAL_NORTH_PIT,Shift_1_Morning,481.1,8.0,17.0,18,3,13,7.7,17.5,0.28,20.0,440.4,433.8,473.1,8.0,1.66,Normal (<10%),35.4,3,0.22,13,20.2,21.8121,80.1843
2027-08-12 14:00:00,BAL_NORTH_PIT,Shift_2_Evening,408.2,7.5,18.0,18,4,14,15.6,56.6,0.59,41.5,417.7,461.0,362.9,45.3,11.1,Alert (10-25%),28.0,6,1.04,15,27.1,21.8121,80.1843
2027-08-12 22:00:00,UKWA_EXTENSION,Shift_3_Night,469.5,8.0,25.0,26,4,14,6.5,21.9,0.29,16.6,545.3,488.0,431.9,37.6,8.01,Normal (<10%),32.3,4,0.48,14,21.1,21.7932,80.2015
2027-08-13 06:00:00,BAL_NORTH_PIT,Shift_1_Morning,453.0,7.5,24.0,26,4,15,4.8,19.1,0.21,24.7,475.9,388.1,416.4,36.6,8.08,Normal (<10%),36.2,5,0.73,15,19.7,21.8121,80.1843
2027-08-13 14:00:00,UKWA_EXTENSION,Shift_2_Evening,537.2,7.5,19.0,20,4,12,12.9,30.8,0.38,17.8,480.3,484.0,469.3,67.9,12.64,Alert (10-25%),34.3,4,0.63,13,21.0,21.7932,80.2015
2027-08-13 22:00:00,BAL_NORTH_PIT,Shift_3_Night,589.8,8.0,23.0,24,2,12,40.7,110.6,0.77,73.2,498.8,514.6,466.0,123.8,20.99,Alert (10-25%),24.3,3,1.31,13,31.5,21.8121,80.1843
2027-08-14 06:00:00,BAL_NORTH_PIT,Shift_1_Morning,453.6,8.0,21.0,22,4,12,0.5,9.0,0.31,0.0,515.1,557.5,435.8,17.8,3.92,Normal (<10%),33.7,5,0.42,13,20.2,21.8121,80.1843
2027-08-14 14:00:00,BAL_SOUTH_PIT,Shift_2_Evening,562.3,8.0,17.0,18,4,10,22.0,85.0,0.61,59.8,444.0,408.8,501.5,60.8,10.81,Alert (10-25%),26.2,6,1.6,13,30.0,21.8005,80.1901
2027-08-14 22:00:00,UKWA_EXTENSION,Shift_3_Night,411.1,7.5,18.0,18,3,15,19.2,54.7,0.5,35.4,430.7,485.0,332.4,78.7,19.14,Alert (10-25%),28.4,3,0.38,15,24.7,21.7932,80.2015
2027-08-15 06:00:00,BAL_NORTH_PIT,Shift_1_Morning,507.6,7.5,24.0,26,4,14,49.8,117.2,0.8,75.0,400.2,402.2,441.0,66.6,13.12,Alert (10-25%),21.3,5,1.84,17,31.2,21.8121,80.1843
2027-08-15 14:00:00,UKWA_EXTENSION,Shift_2_Evening,414.1,8.0,25.0,26,3,14,40.0,67.9,0.54,42.3,453.4,551.1,388.5,25.6,6.18,Normal (<10%),26.8,3,0.77,15,25.9,21.7932,80.2015
2027-08-15 22:00:00,BAL_SOUTH_PIT,Shift_3_Night,586.8,7.5,22.0,24,3,13,21.5,71.6,0.57,43.8,580.6,390.6,499.8,87.0,14.83,Alert (10-25%),26.9,3,0.73,13,27.9,21.8005,80.1901
2027-08-16 06:00:00,BAL_SOUTH_PIT,Shift_1_Morning,553.3,8.0,20.0,20,4,13,11.0,27.5,0.37,17.5,590.4,535.2,531.7,21.6,3.9,Normal (<10%),31.0,4,0.6,16,20.9,21.8005,80.1901
2027-08-16 14:00:00,UKWA_EXTENSION,Shift_2_Evening,531.6,7.5,16.0,18,3,16,3.4,14.1,0.3,2.2,550.1,567.4,470.5,61.1,11.49,Alert (10-25%),31.7,5,0.98,17,21.3,21.7932,80.2015
2027-08-16 22:00:00,BAL_SOUTH_PIT,Shift_3_Night,564.8,7.5,22.0,24,4,16,11.8,34.5,0.42,16.2,465.3,580.9,487.4,77.4,13.7,Alert (10-25%),32.0,5,0.32,16,22.3,21.8005,80.1901
2027-08-17 06:00:00,BAL_DEEP_LEVEL_3,Shift_1_Morning,529.5,7.5,20.0,20,3,12,21.7,48.6,0.33,26.9,490.2,547.0,464.2,65.3,12.33,Alert (10-25%),31.5,5,0.92,12,22.7,21.8064,80.1876
2027-08-17 14:00:00,BAL_DEEP_LEVEL_3,Shift_2_Evening,593.8,8.0,17.0,18,4,11,33.9,107.1,0.66,68.3,556.1,492.8,550.1,43.7,7.36,Normal (<10%),27.0,5,1.75,12,28.9,21.8064,80.1876
2027-08-17 22:00:00,BAL_SOUTH_PIT,Shift_3_Night,542.8,7.5,21.0,22,3,12,23.4,52.6,0.47,32.7,357.6,416.6,463.1,79.7,14.68,Alert (10-25%),29.0,3,0.7,14,24.5,21.8005,80.1901
2027-08-18 06:00:00,BAL_DEEP_LEVEL_3,Shift_1_Morning,584.9,8.0,22.0,24,3,16,3.3,14.0,0.28,0.0,416.6,559.0,584.9,0.0,0.0,Normal (<10%),34.6,3,0.0,16,20.7,21.8064,80.1876
2027-08-18 14:00:00,BAL_NORTH_PIT,Shift_2_Evening,503.4,8.0,17.0,18,4,16,13.7,33.3,0.32,19.6,530.7,562.4,493.2,10.2,2.03,Normal (<10%),32.9,4,0.62,17,22.3,21.8121,80.1843
2027-08-18 22:00:00,UKWA_EXTENSION,Shift_3_Night,423.4,7.5,19.0,20,4,16,6.1,27.3,0.32,14.0,406.6,430.2,364.7,58.7,13.86,Alert (10-25%),32.5,4,0.29,17,20.6,21.7932,80.2015
2027-08-19 06:00:00,BAL_NORTH_PIT,Shift_1_Morning,505.6,8.0,17.0,18,3,16,0.1,4.6,0.18,7.0,566.9,461.9,464.4,41.2,8.15,Normal (<10%),36.7,5,0.74,19,20.9,21.8121,80.1843
2027-08-19 14:00:00,UKWA_EXTENSION,Shift_2_Evening,425.4,8.0,22.0,22,4,16,3.4,14.7,0.3,5.3,324.7,406.2,249.3,176.1,41.4,Critical (>25%),35.2,6,0.66,18,22.2,21.7932,80.2015
2027-08-19 22:00:00,BAL_SOUTH_PIT,Shift_3_Night,518.5,7.5,25.0,26,4,14,1.8,7.4,0.19,10.0,419.9,443.8,443.7,74.8,14.43,Alert (10-25%),35.8,5,1.0,17,20.2,21.8005,80.1901
2027-08-20 06:00:00,BAL_NORTH_PIT,Shift_1_Morning,496.5,8.0,25.0,26,3,10,27.7,73.6,0.58,57.8,396.8,554.8,443.1,53.4,10.76,Alert (10-25%),27.2,4,0.56,10,27.8,21.8121,80.1843
2027-08-20 14:00:00,BAL_SOUTH_PIT,Shift_2_Evening,524.5,8.0,23.0,24,3,14,4.5,27.1,0.39,23.9,406.0,347.7,258.6,265.9,50.7,Critical (>25%),32.0,4,0.51,16,24.1,21.8005,80.1901
2027-08-20 22:00:00,BAL_SOUTH_PIT,Shift_3_Night,402.0,7.5,19.0,20,4,12,5.0,24.6,0.28,11.5,453.0,374.2,345.9,56.1,13.96,Alert (10-25%),31.3,5,0.77,12,22.0,21.8005,80.1901
2027-08-21 06:00:00,UKWA_EXTENSION,Shift_1_Morning,439.0,7.5,20.0,22,4,12,48.3,106.9,0.67,73.9,434.5,543.8,373.9,65.1,14.83,Alert (10-25%),23.2,4,1.6,13,29.7,21.7932,80.2015
2027-08-21 14:00:00,UKWA_EXTENSION,Shift_2_Evening,498.3,7.5,19.0,20,3,14,7.1,20.1,0.26,8.6,436.1,484.5,452.5,45.8,9.19,Normal (<10%),32.9,4,0.87,17,22.0,21.7932,80.2015
2027-08-21 22:00:00,UKWA_EXTENSION,Shift_3_Night,590.1,8.0,24.0,24,3,16,0.1,0.8,0.16,0.0,538.3,576.2,559.6,30.5,5.17,Normal (<10%),34.3,4,0.45,19,21.3,21.7932,80.2015
2027-08-22 06:00:00,BAL_NORTH_PIT,Shift_1_Morning,476.7,8.0,19.0,22,3,16,5.0,18.1,0.29,8.3,509.6,420.2,446.0,30.7,6.44,Normal (<10%),34.5,4,1.16,16,22.4,21.8121,80.1843
2027-08-22 14:00:00,BAL_DEEP_LEVEL_3,Shift_2_Evening,484.9,7.5,17.0,18,3,16,1.9,5.8,0.14,4.5,430.1,350.7,192.2,292.7,60.36,Critical (>25%),37.5,4,0.29,16,20.0,21.8064,80.1876
2027-08-22 22:00:00,UKWA_EXTENSION,Shift_3_Night,542.9,8.0,25.0,26,3,14,1.6,6.8,0.31,0.2,493.0,438.9,485.3,57.6,10.61,Alert (10-25%),33.2,5,1.08,16,20.5,21.7932,80.2015
2027-08-23 06:00:00,UKWA_EXTENSION,Shift_1_Morning,520.8,7.5,17.0,18,3,13,1.2,3.4,0.15,2.5,522.8,407.8,453.1,67.7,13.0,Alert (10-25%),36.3,4,0.85,16,20.3,21.7932,80.2015
2027-08-23 14:00:00,BAL_NORTH_PIT,Shift_2_Evening,459.8,7.5,16.0,18,3,16,13.5,37.7,0.32,31.4,482.8,428.4,414.2,45.6,9.92,Normal (<10%),30.5,3,0.28,17,23.2,21.8121,80.1843
2027-08-23 22:00:00,UKWA_EXTENSION,Shift_3_Night,482.2,7.5,19.0,20,3,16,3.1,7.9,0.24,0.0,495.5,531.8,415.1,67.1,13.92,Alert (10-25%),34.5,3,0.61,16,20.8,21.7932,80.2015
2027-08-24 06:00:00,BAL_NORTH_PIT,Shift_1_Morning,443.5,8.0,20.0,20,3,14,6.7,27.9,0.33,10.6,567.6,512.4,441.6,1.9,0.43,Normal (<10%),31.8,4,0.61,14,21.6,21.8121,80.1843
2027-08-24 14:00:00,BAL_SOUTH_PIT,Shift_2_Evening,593.2,8.0,22.0,24,3,14,29.7,63.4,0.59,39.1,489.1,474.1,486.3,106.9,18.02,Alert (10-25%),29.3,5,1.57,16,25.6,21.8005,80.1901
2027-08-24 22:00:00,UKWA_EXTENSION,Shift_3_Night,426.1,7.5,16.0,18,3,15,8.3,35.1,0.36,30.5,433.7,394.6,335.9,90.2,21.17,Alert (10-25%),31.0,3,0.0,17,24.7,21.7932,80.2015
2027-08-25 06:00:00,UKWA_EXTENSION,Shift_1_Morning,474.4,7.5,17.0,18,4,10,37.1,98.7,0.68,69.2,368.2,379.0,409.2,65.2,13.74,Alert (10-25%),26.5,4,1.16,13,28.1,21.7932,80.2015
2027-08-25 14:00:00,BAL_SOUTH_PIT,Shift_2_Evening,405.2,8.0,16.0,18,3,12,10.3,31.3,0.39,16.6,513.8,492.3,394.0,11.2,2.76,Normal (<10%),31.8,4,0.67,13,21.7,21.8005,80.1901
2027-08-25 22:00:00,BAL_SOUTH_PIT,Shift_3_Night,444.4,7.5,24.0,26,3,12,7.6,20.1,0.35,8.2,445.4,455.1,380.6,63.8,14.36,Alert (10-25%),32.3,4,1.05,12,20.0,21.8005,80.1901
2027-08-26 06:00:00,BAL_SOUTH_PIT,Shift_1_Morning,556.1,8.0,20.0,22,3,14,20.8,70.3,0.45,48.5,460.2,560.3,524.0,32.1,5.77,Normal (<10%),26.8,3,0.81,14,24.0,21.8005,80.1901
2027-08-26 14:00:00,UKWA_EXTENSION,Shift_2_Evening,440.2,7.5,25.0,26,4,12,1.1,6.5,0.24,4.8,454.8,419.0,388.6,51.6,11.72,Alert (10-25%),35.4,5,1.07,14,21.9,21.7932,80.2015
2027-08-26 22:00:00,BAL_DEEP_LEVEL_3,Shift_3_Night,416.0,7.5,17.0,18,3,12,1.4,9.5,0.36,9.4,447.0,478.0,347.1,68.9,16.56,Alert (10-25%),35.4,3,0.55,15,23.2,21.8064,80.1876
2027-08-27 06:00:00,BAL_DEEP_LEVEL_3,Shift_1_Morning,494.9,8.0,23.0,24,4,16,15.8,26.6,0.3,12.0,411.6,454.0,473.8,21.1,4.26,Normal (<10%),33.5,4,0.42,16,21.3,21.8064,80.1876
2027-08-27 14:00:00,BAL_DEEP_LEVEL_3,Shift_2_Evening,402.0,8.0,20.0,22,3,16,10.0,40.9,0.41,26.8,507.2,479.6,392.2,9.8,2.44,Normal (<10%),34.6,5,1.41,17,23.8,21.8064,80.1876
2027-08-27 22:00:00,UKWA_EXTENSION,Shift_3_Night,417.0,8.0,21.0,22,3,12,23.4,96.5,0.73,68.8,487.9,424.0,360.9,56.1,13.45,Alert (10-25%),27.0,4,1.58,12,28.2,21.7932,80.2015
2027-08-28 06:00:00,BAL_SOUTH_PIT,Shift_1_Morning,561.5,8.0,17.0,18,4,11,37.2,98.2,0.72,71.1,523.7,502.0,528.5,33.0,5.88,Normal (<10%),24.4,6,1.8,13,27.8,21.8005,80.1901
2027-08-28 14:00:00,UKWA_EXTENSION,Shift_2_Evening,554.3,8.0,23.0,24,3,15,7.4,25.5,0.27,10.8,404.4,533.0,520.3,34.0,6.13,Normal (<10%),32.9,3,0.0,17,24.2,21.7932,80.2015
2027-08-28 22:00:00,BAL_SOUTH_PIT,Shift_3_Night,583.0,7.5,24.0,26,4,12,13.6,42.0,0.41,27.6,397.3,329.9,313.3,269.7,46.26,Critical (>25%),31.9,4,0.29,12,24.4,21.8005,80.1901
2027-08-29 06:00:00,UKWA_EXTENSION,Shift_1_Morning,570.9,7.5,18.0,20,3,16,10.4,30.4,0.29,18.8,483.9,541.7,356.7,214.2,37.52,Critical (>25%),31.6,5,1.5,19,23.1,21.7932,80.2015
2027-08-29 14:00:00,UKWA_EXTENSION,Shift_2_Evening,536.6,8.0,25.0,26,3,16,59.9,105.5,0.67,66.1,459.0,527.9,445.0,91.6,17.07,Alert (10-25%),26.3,5,1.34,16,27.5,21.7932,80.2015
2027-08-29 22:00:00,BAL_SOUTH_PIT,Shift_3_Night,410.5,8.0,21.0,22,3,14,26.7,78.7,0.65,48.8,432.1,438.7,368.3,42.2,10.28,Alert (10-25%),27.3,5,1.76,16,27.2,21.8005,80.1901
2027-08-30 06:00:00,BAL_DEEP_LEVEL_3,Shift_1_Morning,556.6,7.5,23.0,24,3,14,36.4,130.3,0.89,89.7,397.3,408.2,464.8,91.8,16.49,Alert (10-25%),21.6,3,1.54,16,31.3,21.8064,80.1876
2027-08-30 14:00:00,BAL_SOUTH_PIT,Shift_2_Evening,569.1,7.5,17.0,18,4,16,4.4,9.5,0.34,2.5,458.6,459.7,510.7,58.4,10.26,Alert (10-25%),35.2,5,0.48,16,20.7,21.8005,80.1901
2027-08-30 22:00:00,BAL_NORTH_PIT,Shift_3_Night,559.8,8.0,24.0,26,4,14,22.2,68.4,0.59,45.0,516.9,577.1,504.1,55.7,9.95,Normal (<10%),30.6,4,0.21,15,26.4,21.8121,80.1843
2027-08-31 06:00:00,BAL_NORTH_PIT,Shift_1_Morning,501.7,8.0,21.0,22,4,13,4.6,24.8,0.32,19.0,517.5,507.9,483.4,18.3,3.65,Normal (<10%),33.4,6,0.87,13,21.1,21.8121,80.1843
2027-08-31 14:00:00,BAL_SOUTH_PIT,Shift_2_Evening,446.6,7.5,18.0,20,3,14,3.5,11.9,0.21,16.7,500.2,427.0,403.0,43.6,9.76,Normal (<10%),34.6,5,1.62,14,18.5,21.8005,80.1901
2027-08-31 22:00:00,UKWA_EXTENSION,Shift_3_Night,569.1,8.0,17.0,18,2,11,43.3,94.0,0.74,64.2,402.0,423.5,412.0,157.1,27.6,Critical (>25%),27.3,2,0.76,11,30.2,21.7932,80.2015
2027-09-01 06:00:00,BAL_NORTH_PIT,Shift_1_Morning,545.4,7.5,16.0,18,4,14,0.3,1.7,0.24,4.7,526.0,496.2,517.7,27.7,5.08,Normal (<10%),33.9,4,0.16,16,20.6,21.8121,80.1843
2027-09-01 14:00:00,BAL_NORTH_PIT,Shift_2_Evening,596.2,7.5,19.0,20,4,10,50.5,112.1,0.8,76.0,444.4,509.4,500.9,95.3,15.98,Alert (10-25%),19.8,6,1.47,12,30.8,21.8121,80.1843
2027-09-01 22:00:00,UKWA_EXTENSION,Shift_3_Night,431.1,8.0,24.0,26,3,14,2.4,8.1,0.27,4.4,564.5,550.5,404.9,26.2,6.08,Normal (<10%),31.7,3,0.76,15,20.1,21.7932,80.2015
2027-09-02 06:00:00,UKWA_EXTENSION,Shift_1_Morning,445.1,7.5,21.0,22,3,13,25.7,63.0,0.57,40.9,431.9,414.1,389.1,56.0,12.58,Alert (10-25%),25.8,3,0.69,15,24.4,21.7932,80.2015
2027-09-02 14:00:00,BAL_DEEP_LEVEL_3,Shift_2_Evening,442.4,7.5,25.0,26,4,16,4.8,13.6,0.19,8.5,427.4,513.9,402.9,39.5,8.93,Normal (<10%),32.3,5,0.51,16,19.9,21.8064,80.1876
2027-09-02 22:00:00,UKWA_EXTENSION,Shift_3_Night,558.5,7.5,19.0,20,4,14,6.5,25.2,0.27,6.1,414.7,525.1,478.5,80.0,14.32,Alert (10-25%),28.3,6,1.47,15,21.2,21.7932,80.2015
2027-09-03 06:00:00,BAL_SOUTH_PIT,Shift_1_Morning,437.4,8.0,22.0,24,3,12,3.7,16.0,0.24,9.0,367.6,359.8,437.4,0.0,0.0,Normal (<10%),29.0,3,0.57,14,21.9,21.8005,80.1901
2027-09-03 14:00:00,BAL_SOUTH_PIT,Shift_2_Evening,413.3,7.5,22.0,24,3,11,13.2,40.7,0.42,29.3,446.5,403.0,364.4,48.9,11.83,Alert (10-25%),26.9,5,0.9,12,24.3,21.8005,80.1901
2027-09-03 22:00:00,BAL_DEEP_LEVEL_3,Shift_3_Night,599.7,8.0,19.0,20,2,16,6.4,20.6,0.28,10.0,457.4,481.7,454.9,144.8,24.15,Alert (10-25%),29.2,2,0.04,17,22.1,21.8064,80.1876
2027-09-04 06:00:00,BAL_NORTH_PIT,Shift_1_Morning,405.0,7.5,17.0,18,4,15,16.1,63.8,0.58,49.8,428.0,500.8,358.2,46.8,11.56,Alert (10-25%),24.5,4,1.11,15,26.3,21.8121,80.1843
2027-09-04 14:00:00,BAL_NORTH_PIT,Shift_2_Evening,567.0,7.5,20.0,22,2,16,0.2,1.3,0.21,1.5,495.4,430.6,471.8,95.2,16.79,Alert (10-25%),33.6,2,0.41,17,21.5,21.8121,80.1843
2027-09-04 22:00:00,UKWA_EXTENSION,Shift_3_Night,473.1,7.5,21.0,22,4,11,1.0,11.6,0.37,7.1,516.8,498.9,393.9,79.2,16.74,Alert (10-25%),30.6,4,0.0,13,22.1,21.7932,80.2015
2027-09-05 06:00:00,BAL_SOUTH_PIT,Shift_1_Morning,568.3,7.5,17.0,18,3,12,1.6,8.1,0.33,9.6,472.5,467.4,304.4,263.9,46.44,Critical (>25%),31.7,4,0.17,14,22.4,21.8005,80.1901
2027-09-05 14:00:00,BAL_NORTH_PIT,Shift_2_Evening,510.9,7.5,23.0,24,4,11,8.1,31.6,0.36,23.9,539.4,567.1,451.2,59.7,11.69,Alert (10-25%),27.5,5,0.46,11,22.5,21.8121,80.1843
2027-09-05 22:00:00,BAL_DEEP_LEVEL_3,Shift_3_Night,580.3,8.0,17.0,18,3,12,25.3,51.2,0.39,39.8,397.0,511.2,538.7,41.6,7.17,Normal (<10%),26.9,3,0.29,13,21.9,21.8064,80.1876
2027-09-06 06:00:00,BAL_DEEP_LEVEL_3,Shift_1_Morning,585.2,8.0,22.0,24,4,11,32.9,62.0,0.54,48.0,450.1,563.7,348.1,237.1,40.52,Critical (>25%),26.7,4,0.14,12,25.2,21.8064,80.1876
2027-09-06 14:00:00,BAL_SOUTH_PIT,Shift_2_Evening,401.8,7.5,25.0,26,3,14,4.2,14.2,0.22,16.8,432.0,517.4,349.0,52.8,13.14,Alert (10-25%),32.4,3,0.07,17,20.5,21.8005,80.1901
2027-09-06 22:00:00,BAL_DEEP_LEVEL_3,Shift_3_Night,415.1,8.0,19.0,20,4,14,12.8,24.0,0.27,18.3,480.1,476.8,368.9,46.2,11.13,Alert (10-25%),29.4,4,0.16,16,22.1,21.8064,80.1876
2027-09-07 06:00:00,BAL_DEEP_LEVEL_3,Shift_1_Morning,450.1,8.0,24.0,24,3,12,21.9,71.2,0.54,42.3,387.7,437.8,271.6,178.5,39.66,Critical (>25%),25.3,4,0.99,14,25.5,21.8064,80.1876
2027-09-07 14:00:00,BAL_SOUTH_PIT,Shift_2_Evening,533.9,7.5,17.0,18,3,12,5.1,9.4,0.23,5.1,537.1,378.3,473.5,60.4,11.31,Alert (10-25%),35.2,4,1.21,14,21.3,21.8005,80.1901
2027-09-07 22:00:00,UKWA_EXTENSION,Shift_3_Night,577.7,8.0,19.0,20,4,12,7.9,16.1,0.31,18.9,538.8,528.1,540.7,37.0,6.4,Normal (<10%),30.8,4,0.32,12,21.8,21.7932,80.2015
2027-09-08 06:00:00,UKWA_EXTENSION,Shift_1_Morning,492.0,8.0,22.0,24,3,12,11.1,32.9,0.38,23.2,551.3,410.2,471.8,20.2,4.11,Normal (<10%),28.0,4,0.76,12,23.5,21.7932,80.2015
2027-09-08 14:00:00,BAL_DEEP_LEVEL_3,Shift_2_Evening,521.4,8.0,16.0,18,3,12,2.2,11.6,0.21,5.6,355.0,389.8,228.0,293.4,56.27,Critical (>25%),31.6,3,0.55,13,22.0,21.8064,80.1876
2027-09-08 22:00:00,UKWA_EXTENSION,Shift_3_Night,437.7,8.0,26.0,26,4,14,0.4,3.3,0.2,0.0,541.5,512.7,399.8,37.9,8.66,Normal (<10%),32.7,4,0.33,14,17.7,21.7932,80.2015
2027-09-09 06:00:00,UKWA_EXTENSION,Shift_1_Morning,561.0,7.5,17.0,18,4,14,2.5,11.4,0.19,2.2,527.3,450.7,515.7,45.3,8.07,Normal (<10%),31.7,5,0.82,17,19.8,21.7932,80.2015
2027-09-09 14:00:00,BAL_DEEP_LEVEL_3,Shift_2_Evening,593.5,8.0,25.0,26,3,11,14.8,65.6,0.55,48.3,466.0,526.9,525.3,68.2,11.49,Alert (10-25%),25.4,3,0.87,14,29.4,21.8064,80.1876
2027-09-09 22:00:00,UKWA_EXTENSION,Shift_3_Night,453.7,7.5,19.0,20,4,14,1.1,4.1,0.13,0.5,452.5,392.6,381.5,72.2,15.91,Alert (10-25%),30.7,5,0.74,17,21.2,21.7932,80.2015
2027-09-10 06:00:00,BAL_DEEP_LEVEL_3,Shift_1_Morning,499.0,7.5,25.0,26,4,16,3.2,13.0,0.25,3.8,495.6,491.9,293.7,205.3,41.14,Critical (>25%),30.0,4,1.23,17,20.9,21.8064,80.1876
2027-09-10 14:00:00,BAL_NORTH_PIT,Shift_2_Evening,417.2,8.0,24.0,24,3,14,6.2,22.1,0.28,10.4,403.9,329.2,389.9,27.3,6.54,Normal (<10%),30.3,3,0.69,14,21.0,21.8121,80.1843
2027-09-10 22:00:00,BAL_SOUTH_PIT,Shift_3_Night,511.8,7.5,24.0,26,4,16,1.2,15.2,0.3,0.0,507.4,320.7,291.1,220.7,43.12,Critical (>25%),30.7,5,0.38,16,20.7,21.8005,80.1901
2027-09-11 06:00:00,BAL_SOUTH_PIT,Shift_1_Morning,500.6,8.0,17.0,18,3,15,3.2,12.6,0.22,11.9,560.9,461.5,490.8,9.8,1.96,Normal (<10%),30.8,5,1.11,15,18.1,21.8005,80.1901
2027-09-11 14:00:00,UKWA_EXTENSION,Shift_2_Evening,428.9,7.5,23.0,24,3,11,36.3,96.5,0.64,63.1,437.5,508.9,361.7,67.2,15.67,Alert (10-25%),22.2,4,1.1,12,27.3,21.7932,80.2015
2027-09-11 22:00:00,UKWA_EXTENSION,Shift_3_Night,488.4,8.0,25.0,26,3,15,0.3,6.5,0.25,0.0,490.2,408.9,440.0,48.4,9.91,Normal (<10%),32.1,4,0.83,15,19.8,21.7932,80.2015
2027-09-12 06:00:00,UKWA_EXTENSION,Shift_1_Morning,466.8,8.0,17.0,18,3,12,15.9,32.5,0.38,28.6,495.1,539.0,460.9,5.9,1.26,Normal (<10%),30.5,3,0.09,13,21.9,21.7932,80.2015
2027-09-12 14:00:00,BAL_SOUTH_PIT,Shift_2_Evening,504.4,7.5,19.0,20,4,14,7.3,23.7,0.27,16.0,398.5,530.9,457.5,46.9,9.3,Normal (<10%),30.3,4,0.1,17,21.7,21.8005,80.1901
2027-09-12 22:00:00,BAL_NORTH_PIT,Shift_3_Night,517.1,8.0,20.0,22,3,14,16.8,49.5,0.48,21.8,410.0,421.3,465.8,51.3,9.92,Normal (<10%),27.8,3,0.75,14,26.4,21.8121,80.1843
2027-09-13 06:00:00,BAL_NORTH_PIT,Shift_1_Morning,401.7,8.0,17.0,18,3,15,13.3,23.6,0.44,19.3,452.2,428.4,384.7,17.0,4.23,Normal (<10%),28.7,4,1.03,18,23.0,21.8121,80.1843
2027-09-13 14:00:00,BAL_SOUTH_PIT,Shift_2_Evening,552.2,8.0,22.0,24,3,13,3.8,10.7,0.23,2.1,538.8,426.2,519.0,33.2,6.01,Normal (<10%),32.6,3,0.55,14,20.7,21.8005,80.1901
2027-09-13 22:00:00,BAL_NORTH_PIT,Shift_3_Night,542.6,8.0,18.0,20,3,13,28.2,111.8,0.7,77.5,529.4,476.9,475.0,67.6,12.46,Alert (10-25%),21.4,4,1.73,15,30.0,21.8121,80.1843
2027-09-14 06:00:00,BAL_SOUTH_PIT,Shift_1_Morning,473.3,7.5,19.0,20,4,12,10.2,31.6,0.36,23.6,435.3,380.5,462.0,11.3,2.39,Normal (<10%),30.6,4,0.61,12,22.6,21.8005,80.1901
2027-09-14 14:00:00,BAL_NORTH_PIT,Shift_2_Evening,410.6,7.5,18.0,20,4,16,25.9,43.4,0.35,29.6,382.8,406.5,372.0,38.6,9.4,Normal (<10%),29.5,5,0.95,16,22.2,21.8121,80.1843
2027-09-14 22:00:00,BAL_DEEP_LEVEL_3,Shift_3_Night,551.0,7.5,25.0,26,3,16,7.8,31.9,0.35,15.0,483.4,439.3,488.7,62.3,11.31,Alert (10-25%),30.2,3,0.35,19,24.5,21.8064,80.1876
2027-09-15 06:00:00,BAL_DEEP_LEVEL_3,Shift_1_Morning,591.0,8.0,18.0,20,4,12,62.7,110.4,0.73,67.4,568.1,406.9,556.3,34.7,5.87,Normal (<10%),20.6,5,1.7,15,30.6,21.8064,80.1876
2027-09-15 14:00:00,BAL_SOUTH_PIT,Shift_2_Evening,448.0,7.5,19.0,20,3,16,22.1,78.6,0.63,52.2,303.9,290.4,152.3,295.7,66.0,Critical (>25%),24.3,3,1.2,17,25.6,21.8005,80.1901
2027-09-15 22:00:00,BAL_NORTH_PIT,Shift_3_Night,464.7,8.0,20.0,22,4,14,50.7,176.0,0.95,100.0,483.4,460.5,390.9,73.8,15.88,Alert (10-25%),15.8,5,1.99,14,34.2,21.8121,80.1843
2027-09-16 06:00:00,UKWA_EXTENSION,Shift_1_Morning,436.8,8.0,24.0,26,2,14,10.8,35.2,0.3,29.6,466.0,461.2,385.1,51.7,11.84,Alert (10-25%),28.4,2,0.49,14,21.7,21.7932,80.2015
2027-09-16 14:00:00,BAL_NORTH_PIT,Shift_2_Evening,515.4,8.0,18.0,18,4,11,9.6,32.2,0.38,21.0,525.8,565.5,481.0,34.4,6.67,Normal (<10%),28.2,6,1.58,11,22.0,21.8121,80.1843
2027-09-16 22:00:00,BAL_DEEP_LEVEL_3,Shift_3_Night,431.0,7.5,18.0,18,3,16,21.1,40.1,0.43,21.7,357.5,362.4,368.3,62.7,14.55,Alert (10-25%),28.5,5,1.16,19,24.7,21.8064,80.1876
2027-09-17 06:00:00,BAL_DEEP_LEVEL_3,Shift_1_Morning,471.2,7.5,22.0,24,4,12,31.8,108.4,0.63,77.3,522.1,461.2,416.8,54.4,11.54,Alert (10-25%),22.2,5,1.46,12,28.9,21.8064,80.1876
2027-09-17 14:00:00,BAL_NORTH_PIT,Shift_2_Evening,539.4,7.5,19.0,20,3,15,49.9,95.6,0.75,54.2,433.7,488.4,299.0,240.4,44.57,Critical (>25%),20.6,5,1.78,18,30.0,21.8121,80.1843
2027-09-17 22:00:00,BAL_NORTH_PIT,Shift_3_Night,512.0,7.5,22.0,24,4,16,5.9,14.0,0.31,8.7,392.0,505.4,251.4,260.6,50.9,Critical (>25%),30.9,5,0.67,17,21.4,21.8121,80.1843
2027-09-18 06:00:00,UKWA_EXTENSION,Shift_1_Morning,477.3,8.0,17.0,18,4,12,24.0,97.9,0.66,68.0,475.4,430.4,455.5,21.8,4.57,Normal (<10%),22.1,4,0.81,12,27.9,21.7932,80.2015
2027-09-18 14:00:00,UKWA_EXTENSION,Shift_2_Evening,484.0,7.5,19.0,20,4,12,3.5,11.1,0.26,2.3,407.7,523.1,428.4,55.6,11.49,Alert (10-25%),28.2,5,0.81,13,18.5,21.7932,80.2015
2027-09-18 22:00:00,BAL_NORTH_PIT,Shift_3_Night,512.4,7.5,19.0,20,3,12,11.8,47.4,0.34,29.4,450.3,502.3,467.0,45.4,8.86,Normal (<10%),27.8,3,0.62,12,23.7,21.8121,80.1843
2027-09-19 06:00:00,BAL_NORTH_PIT,Shift_1_Morning,401.2,7.5,17.0,18,3,11,3.0,15.4,0.31,6.9,384.6,545.8,373.9,27.3,6.8,Normal (<10%),30.7,5,1.55,11,21.3,21.8121,80.1843
2027-09-19 14:00:00,BAL_NORTH_PIT,Shift_2_Evening,415.7,7.5,19.0,20,4,12,6.4,25.9,0.29,11.6,416.8,527.4,384.6,31.1,7.48,Normal (<10%),29.9,6,1.29,13,20.7,21.8121,80.1843
2027-09-19 22:00:00,BAL_NORTH_PIT,Shift_3_Night,576.3,8.0,25.0,26,3,14,40.2,67.0,0.52,45.0,567.3,538.3,515.5,60.8,10.55,Alert (10-25%),27.6,5,1.21,14,25.4,21.8121,80.1843
2027-09-20 06:00:00,BAL_SOUTH_PIT,Shift_1_Morning,415.6,7.5,18.0,20,3,12,2.4,9.1,0.24,10.3,426.2,366.9,392.4,23.2,5.58,Normal (<10%),30.0,3,0.62,15,21.8,21.8005,80.1901
2027-09-20 14:00:00,BAL_NORTH_PIT,Shift_2_Evening,541.4,7.5,19.0,20,3,15,15.0,28.0,0.4,28.7,552.0,509.8,479.8,61.6,11.38,Alert (10-25%),28.1,3,0.56,17,24.1,21.8121,80.1843
2027-09-20 22:00:00,UKWA_EXTENSION,Shift_3_Night,584.0,7.5,22.0,24,4,16,13.5,34.1,0.39,26.5,432.0,560.9,490.7,93.3,15.98,Alert (10-25%),25.0,4,0.91,18,23.7,21.7932,80.2015
2027-09-21 06:00:00,BAL_DEEP_LEVEL_3,Shift_1_Morning,454.1,8.0,21.0,22,3,15,1.9,9.7,0.23,5.1,390.3,424.6,439.0,15.1,3.33,Normal (<10%),31.1,3,0.24,15,20.3,21.8064,80.1876
2027-09-21 14:00:00,BAL_SOUTH_PIT,Shift_2_Evening,474.1,7.5,17.0,18,3,13,5.9,20.7,0.27,19.4,381.0,454.9,414.1,60.0,12.66,Alert (10-25%),30.1,5,1.06,16,23.0,21.8005,80.1901
2027-09-21 22:00:00,BAL_NORTH_PIT,Shift_3_Night,513.8,7.5,17.0,18,4,11,12.4,27.2,0.35,12.5,526.0,456.5,450.8,63.0,12.26,Alert (10-25%),29.0,5,0.73,12,21.8,21.8121,80.1843
2027-09-22 06:00:00,BAL_DEEP_LEVEL_3,Shift_1_Morning,576.3,7.5,17.0,18,3,14,3.1,13.7,0.26,6.5,404.0,384.4,260.3,316.0,54.83,Critical (>25%),33.0,3,0.42,16,21.6,21.8064,80.1876
2027-09-22 14:00:00,BAL_SOUTH_PIT,Shift_2_Evening,588.4,8.0,22.0,24,3,14,24.2,46.9,0.42,36.0,536.6,458.8,553.5,34.9,5.93,Normal (<10%),29.0,3,0.36,14,22.7,21.8005,80.1901
2027-09-22 22:00:00,BAL_DEEP_LEVEL_3,Shift_3_Night,547.9,8.0,19.0,20,3,16,53.7,87.2,0.64,54.8,449.8,413.6,482.9,65.0,11.86,Alert (10-25%),23.3,3,1.14,18,29.0,21.8064,80.1876
2027-09-23 06:00:00,BAL_NORTH_PIT,Shift_1_Morning,417.3,7.5,21.0,22,4,15,3.6,11.5,0.24,8.0,460.8,317.6,245.8,171.5,41.1,Critical (>25%),31.1,5,0.83,15,18.5,21.8121,80.1843
2027-09-23 14:00:00,BAL_NORTH_PIT,Shift_2_Evening,533.8,7.5,23.0,24,4,16,3.1,17.4,0.21,8.1,468.4,381.3,470.8,63.0,11.8,Alert (10-25%),32.9,4,0.79,17,21.5,21.8121,80.1843
2027-09-23 22:00:00,UKWA_EXTENSION,Shift_3_Night,482.1,8.0,20.0,22,3,16,9.1,19.0,0.29,11.6,484.6,445.7,436.0,46.1,9.56,Normal (<10%),30.7,4,0.7,16,20.9,21.7932,80.2015
2027-09-24 06:00:00,BAL_NORTH_PIT,Shift_1_Morning,494.1,8.0,25.0,26,3,16,20.7,39.3,0.4,25.9,541.1,447.9,493.7,0.4,0.08,Normal (<10%),27.2,3,0.44,19,24.9,21.8121,80.1843
2027-09-24 14:00:00,BAL_NORTH_PIT,Shift_2_Evening,409.8,8.0,24.0,26,4,12,5.0,22.5,0.32,17.4,485.9,378.4,386.2,23.6,5.76,Normal (<10%),27.7,6,1.26,13,20.9,21.8121,80.1843
2027-09-24 22:00:00,BAL_SOUTH_PIT,Shift_3_Night,438.2,8.0,23.0,24,4,12,0.3,5.1,0.18,4.2,445.6,533.0,406.5,31.7,7.23,Normal (<10%),31.9,4,0.16,13,19.9,21.8005,80.1901
2027-09-25 06:00:00,UKWA_EXTENSION,Shift_1_Morning,558.1,8.0,22.0,24,4,16,11.7,44.2,0.38,33.0,483.4,455.1,477.6,80.5,14.42,Alert (10-25%),29.3,4,0.93,17,23.4,21.7932,80.2015
2027-09-25 14:00:00,BAL_SOUTH_PIT,Shift_2_Evening,490.8,7.5,20.0,22,4,10,47.1,95.7,0.76,65.8,565.4,479.1,416.7,74.1,15.1,Alert (10-25%),25.2,4,1.36,10,28.7,21.8005,80.1901
2027-09-25 22:00:00,BAL_DEEP_LEVEL_3,Shift_3_Night,460.3,7.5,23.0,24,4,14,7.4,22.9,0.28,14.3,496.3,478.1,404.4,55.9,12.14,Alert (10-25%),30.6,5,1.1,14,20.0,21.8064,80.1876
2027-09-26 06:00:00,BAL_NORTH_PIT,Shift_1_Morning,476.8,7.5,20.0,20,3,16,8.2,20.9,0.33,10.9,440.0,538.5,424.5,52.3,10.97,Alert (10-25%),29.2,4,0.82,18,22.7,21.8121,80.1843
2027-09-26 14:00:00,BAL_DEEP_LEVEL_3,Shift_2_Evening,570.9,7.5,23.0,24,4,11,52.1,139.8,0.86,88.6,499.6,418.7,469.5,101.4,17.76,Alert (10-25%),15.9,4,1.26,13,30.5,21.8064,80.1876
2027-09-26 22:00:00,BAL_SOUTH_PIT,Shift_3_Night,549.8,8.0,23.0,24,3,11,17.8,63.4,0.42,28.6,391.5,502.1,487.2,62.6,11.39,Alert (10-25%),27.2,3,0.8,14,24.9,21.8005,80.1901
2027-09-27 06:00:00,BAL_NORTH_PIT,Shift_1_Morning,454.5,8.0,18.0,20,3,16,19.1,73.5,0.56,48.4,527.4,409.9,434.4,20.1,4.42,Normal (<10%),22.1,4,1.26,16,24.2,21.8121,80.1843
2027-09-27 14:00:00,BAL_NORTH_PIT,Shift_2_Evening,423.5,8.0,17.0,18,4,13,12.4,36.8,0.41,18.8,491.3,392.0,411.5,12.0,2.83,Normal (<10%),29.4,4,0.37,13,23.5,21.8121,80.1843
2027-09-27 22:00:00,BAL_SOUTH_PIT,Shift_3_Night,450.4,8.0,17.0,18,2,16,55.1,217.6,0.95,100.0,413.3,440.3,363.7,86.7,19.25,Alert (10-25%),15.0,2,2.46,18,35.0,21.8005,80.1901
2027-09-28 06:00:00,BAL_SOUTH_PIT,Shift_1_Morning,584.2,8.0,25.0,26,4,13,17.5,49.0,0.35,31.2,579.0,429.5,558.8,25.4,4.35,Normal (<10%),28.6,4,0.82,13,23.5,21.8005,80.1901
2027-09-28 14:00:00,BAL_SOUTH_PIT,Shift_2_Evening,516.3,7.5,22.0,24,4,13,33.8,72.2,0.45,45.5,467.2,402.8,451.1,65.2,12.63,Alert (10-25%),25.2,5,0.87,13,26.5,21.8005,80.1901
2027-09-28 22:00:00,BAL_SOUTH_PIT,Shift_3_Night,506.7,7.5,25.0,26,3,14,18.0,55.4,0.53,39.7,447.0,458.7,405.8,100.9,19.91,Alert (10-25%),27.2,3,1.26,14,24.2,21.8005,80.1901
2027-09-29 06:00:00,BAL_SOUTH_PIT,Shift_1_Morning,519.3,7.5,23.0,24,3,12,19.9,61.1,0.5,39.9,472.8,525.2,462.5,56.8,10.94,Alert (10-25%),26.4,4,1.07,15,26.5,21.8005,80.1901
2027-09-29 14:00:00,BAL_NORTH_PIT,Shift_2_Evening,473.2,7.5,19.0,20,3,15,5.1,15.2,0.31,18.3,507.8,527.1,414.7,58.5,12.36,Alert (10-25%),29.8,3,0.07,18,22.0,21.8121,80.1843
2027-09-29 22:00:00,BAL_SOUTH_PIT,Shift_3_Night,561.4,7.5,20.0,22,4,12,5.4,23.4,0.33,26.6,397.1,518.5,475.4,86.0,15.32,Alert (10-25%),32.9,5,0.48,12,21.3,21.8005,80.1901
2027-09-30 06:00:00,BAL_NORTH_PIT,Shift_1_Morning,504.7,8.0,23.0,24,3,14,22.9,57.0,0.43,36.5,487.2,439.5,504.4,0.3,0.06,Normal (<10%),26.3,3,1.16,16,26.1,21.8121,80.1843
2027-09-30 14:00:00,BAL_NORTH_PIT,Shift_2_Evening,423.3,8.0,23.0,26,3,12,5.3,23.6,0.31,11.5,483.6,489.0,403.1,20.2,4.77,Normal (<10%),31.4,4,1.28,13,23.8,21.8121,80.1843
2027-09-30 22:00:00,BAL_SOUTH_PIT,Shift_3_Night,425.8,8.0,24.0,26,3,12,12.4,45.3,0.34,21.4,439.1,476.5,385.6,40.2,9.44,Normal (<10%),24.7,5,1.51,14,23.1,21.8005,80.1901
2027-10-01 06:00:00,BAL_SOUTH_PIT,Shift_1_Morning,507.4,8.0,24.0,24,3,14,0.0,3.4,0.26,11.4,409.8,577.2,504.7,2.7,0.53,Normal (<10%),31.1,3,0.8,15,21.0,21.8005,80.1901
2027-10-01 14:00:00,UKWA_EXTENSION,Shift_2_Evening,587.3,8.0,24.0,26,4,14,6.0,15.7,0.29,6.8,406.0,545.0,587.3,0.0,0.0,Normal (<10%),30.2,4,0.76,15,21.4,21.7932,80.2015
2027-10-01 22:00:00,BAL_NORTH_PIT,Shift_3_Night,461.7,7.5,26.0,26,4,12,1.5,9.1,0.28,3.4,418.5,399.3,399.7,62.0,13.43,Alert (10-25%),28.6,4,0.57,13,21.0,21.8121,80.1843
2027-10-02 06:00:00,BAL_SOUTH_PIT,Shift_1_Morning,573.9,7.5,19.0,20,4,14,1.0,4.9,0.29,0.0,457.1,383.3,281.8,292.1,50.9,Critical (>25%),29.7,4,0.5,16,21.1,21.8005,80.1901
2027-10-02 14:00:00,BAL_SOUTH_PIT,Shift_2_Evening,552.8,7.5,24.0,26,4,14,0.7,5.0,0.21,1.7,461.4,542.8,494.3,58.5,10.58,Alert (10-25%),30.2,4,0.56,16,20.0,21.8005,80.1901
2027-10-02 22:00:00,BAL_SOUTH_PIT,Shift_3_Night,449.6,8.0,17.0,18,3,14,1.2,5.6,0.19,1.3,525.1,386.9,409.6,40.0,8.9,Normal (<10%),28.4,5,1.22,15,16.3,21.8005,80.1901
2027-10-03 06:00:00,UKWA_EXTENSION,Shift_1_Morning,407.3,8.0,17.0,18,4,16,0.7,8.4,0.24,9.7,406.9,342.4,172.3,235.0,57.7,Critical (>25%),29.7,6,0.78,16,21.5,21.7932,80.2015
2027-10-03 14:00:00,UKWA_EXTENSION,Shift_2_Evening,420.4,8.0,22.0,22,3,12,0.7,5.9,0.29,0.0,426.8,466.7,394.8,25.6,6.09,Normal (<10%),27.6,5,1.22,12,19.4,21.7932,80.2015
2027-10-03 22:00:00,BAL_DEEP_LEVEL_3,Shift_3_Night,545.7,8.0,17.0,18,3,12,0.9,6.2,0.15,3.2,591.5,513.6,518.6,27.1,4.97,Normal (<10%),28.7,5,1.44,12,19.0,21.8064,80.1876
2027-10-04 06:00:00,BAL_NORTH_PIT,Shift_1_Morning,439.9,7.5,17.0,18,3,16,0.5,2.4,0.21,5.2,465.6,589.6,414.1,25.8,5.86,Normal (<10%),31.2,4,0.64,17,19.6,21.8121,80.1843
2027-10-04 14:00:00,BAL_DEEP_LEVEL_3,Shift_2_Evening,474.3,8.0,19.0,20,4,12,0.3,2.2,0.25,0.0,490.3,469.7,466.1,8.2,1.73,Normal (<10%),30.8,4,0.31,15,20.0,21.8064,80.1876
2027-10-04 22:00:00,BAL_SOUTH_PIT,Shift_3_Night,500.3,7.5,22.0,24,3,12,1.2,8.4,0.26,8.5,434.0,477.3,434.8,65.5,13.09,Alert (10-25%),27.7,3,0.54,12,20.3,21.8005,80.1901
2027-10-05 06:00:00,UKWA_EXTENSION,Shift_1_Morning,545.1,8.0,19.0,20,4,14,2.8,14.7,0.33,10.2,490.5,399.0,287.0,258.1,47.35,Critical (>25%),26.7,4,0.21,17,22.0,21.7932,80.2015
2027-10-05 14:00:00,UKWA_EXTENSION,Shift_2_Evening,422.6,7.5,25.0,26,4,16,0.2,10.1,0.17,3.1,452.7,552.2,384.6,38.0,8.99,Normal (<10%),28.2,6,0.6,16,18.9,21.7932,80.2015
2027-10-05 22:00:00,BAL_DEEP_LEVEL_3,Shift_3_Night,481.3,8.0,17.0,18,3,12,0.0,0.5,0.26,0.0,553.0,434.4,421.3,60.0,12.47,Alert (10-25%),30.5,3,0.74,13,20.1,21.8064,80.1876
2027-10-06 06:00:00,UKWA_EXTENSION,Shift_1_Morning,497.0,8.0,26.0,26,3,12,0.4,4.6,0.19,5.1,401.7,490.7,464.4,32.6,6.56,Normal (<10%),28.0,3,0.26,12,19.4,21.7932,80.2015
2027-10-06 14:00:00,BAL_SOUTH_PIT,Shift_2_Evening,508.2,7.5,21.0,24,3,16,5.8,24.0,0.22,17.6,444.2,494.4,458.1,50.1,9.86,Normal (<10%),28.3,4,0.74,17,22.1,21.8005,80.1901
2027-10-06 22:00:00,UKWA_EXTENSION,Shift_3_Night,563.7,7.5,22.0,24,4,12,2.6,10.3,0.24,3.2,437.3,479.6,459.9,103.8,18.41,Alert (10-25%),29.9,4,0.22,12,18.7,21.7932,80.2015
2027-10-07 06:00:00,BAL_DEEP_LEVEL_3,Shift_1_Morning,434.3,8.0,21.0,22,2,12,1.4,8.5,0.2,9.5,508.3,394.5,397.6,36.7,8.45,Normal (<10%),29.0,2,0.78,14,19.7,21.8064,80.1876
2027-10-07 14:00:00,BAL_SOUTH_PIT,Shift_2_Evening,561.6,7.5,21.0,22,2,14,4.0,16.9,0.28,8.8,321.7,492.1,206.8,354.8,63.18,Critical (>25%),29.5,2,0.66,14,21.4,21.8005,80.1901
2027-10-07 22:00:00,BAL_DEEP_LEVEL_3,Shift_3_Night,538.6,8.0,19.0,20,3,15,0.9,2.7,0.14,7.0,518.1,509.8,489.6,49.0,9.1,Normal (<10%),29.5,3,0.33,17,19.2,21.8064,80.1876
2027-10-08 06:00:00,UKWA_EXTENSION,Shift_1_Morning,511.2,8.0,16.0,18,4,13,6.1,22.8,0.31,16.7,437.9,558.8,480.5,30.7,6.01,Normal (<10%),27.0,4,0.07,14,20.7,21.7932,80.2015
2027-10-08 14:00:00,BAL_DEEP_LEVEL_3,Shift_2_Evening,539.9,7.5,24.0,26,4,13,0.5,8.9,0.22,13.3,386.4,451.6,232.7,307.2,56.9,Critical (>25%),27.5,4,0.3,16,20.5,21.8064,80.1876
2027-10-08 22:00:00,BAL_DEEP_LEVEL_3,Shift_3_Night,482.4,8.0,20.0,22,3,16,0.4,2.0,0.31,3.1,391.2,415.0,472.7,9.7,2.01,Normal (<10%),30.5,5,1.17,19,21.1,21.8064,80.1876
2027-10-09 06:00:00,BAL_NORTH_PIT,Shift_1_Morning,427.7,8.0,22.0,24,4,12,1.5,10.2,0.26,6.9,415.7,475.0,414.6,13.1,3.06,Normal (<10%),27.5,4,0.46,14,20.9,21.8121,80.1843
2027-10-09 14:00:00,UKWA_EXTENSION,Shift_2_Evening,533.2,7.5,24.0,24,4,16,0.7,7.0,0.25,0.0,498.7,452.2,496.2,37.0,6.94,Normal (<10%),29.5,5,0.73,17,20.1,21.7932,80.2015
2027-10-09 22:00:00,UKWA_EXTENSION,Shift_3_Night,504.9,8.0,21.0,22,3,12,1.5,11.1,0.24,7.7,561.8,437.7,452.9,52.0,10.3,Alert (10-25%),28.6,3,0.46,12,19.1,21.7932,80.2015
2027-10-10 06:00:00,BAL_DEEP_LEVEL_3,Shift_1_Morning,527.9,8.0,22.0,24,3,12,0.5,1.4,0.27,0.0,472.5,543.5,338.7,189.2,35.84,Critical (>25%),27.7,3,0.63,13,20.9,21.8064,80.1876
2027-10-10 14:00:00,BAL_NORTH_PIT,Shift_2_Evening,467.6,8.0,17.0,18,3,14,1.4,5.0,0.25,11.4,504.5,386.4,445.8,21.8,4.66,Normal (<10%),28.2,3,0.39,15,21.5,21.8121,80.1843
2027-10-10 22:00:00,UKWA_EXTENSION,Shift_3_Night,581.4,8.0,18.0,18,3,14,0.5,1.6,0.28,2.1,403.9,536.8,522.1,59.3,10.2,Alert (10-25%),31.3,4,0.84,16,18.7,21.7932,80.2015
2027-10-11 06:00:00,BAL_SOUTH_PIT,Shift_1_Morning,517.5,7.5,19.0,20,4,14,0.1,8.7,0.3,9.7,452.7,559.5,481.7,35.8,6.92,Normal (<10%),28.8,5,0.4,15,19.2,21.8005,80.1901
2027-10-11 14:00:00,BAL_DEEP_LEVEL_3,Shift_2_Evening,417.1,7.5,17.0,18,4,16,3.6,14.9,0.26,17.0,409.1,446.5,372.4,44.7,10.72,Alert (10-25%),26.7,4,1.17,17,21.9,21.8064,80.1876
2027-10-11 22:00:00,UKWA_EXTENSION,Shift_3_Night,490.0,7.5,21.0,22,4,16,3.2,11.0,0.29,14.0,484.1,540.7,429.1,60.9,12.43,Alert (10-25%),28.8,5,0.61,16,22.0,21.7932,80.2015
2027-10-12 06:00:00,BAL_SOUTH_PIT,Shift_1_Morning,551.3,8.0,21.0,22,4,12,5.3,17.0,0.33,10.9,551.6,451.7,544.4,6.9,1.25,Normal (<10%),27.4,4,0.46,12,18.9,21.8005,80.1901
2027-10-12 14:00:00,UKWA_EXTENSION,Shift_2_Evening,558.8,7.5,18.0,18,3,14,1.9,9.2,0.29,16.8,533.6,488.9,506.2,52.6,9.41,Normal (<10%),33.7,3,0.57,16,21.9,21.7932,80.2015
2027-10-12 22:00:00,BAL_SOUTH_PIT,Shift_3_Night,498.9,7.5,21.0,22,4,16,1.7,11.4,0.28,5.1,426.3,318.0,176.6,322.3,64.6,Critical (>25%),28.8,5,0.58,19,23.2,21.8005,80.1901
2027-10-13 06:00:00,BAL_DEEP_LEVEL_3,Shift_1_Morning,578.9,7.5,18.0,20,4,12,1.2,3.9,0.15,9.3,551.6,459.1,519.8,59.1,10.21,Alert (10-25%),29.2,5,0.7,13,18.7,21.8064,80.1876
2027-10-13 14:00:00,UKWA_EXTENSION,Shift_2_Evening,453.5,8.0,18.0,20,4,16,0.2,9.5,0.25,2.6,428.4,415.3,446.5,7.0,1.54,Normal (<10%),30.9,4,0.4,16,21.6,21.7932,80.2015
2027-10-13 22:00:00,UKWA_EXTENSION,Shift_3_Night,482.1,7.5,23.0,24,4,12,0.3,1.6,0.21,5.4,379.5,500.0,411.9,70.2,14.56,Alert (10-25%),26.9,4,0.13,12,19.2,21.7932,80.2015
2027-10-14 06:00:00,BAL_NORTH_PIT,Shift_1_Morning,579.7,7.5,19.0,20,3,14,0.5,15.0,0.28,5.2,457.6,422.5,559.5,20.2,3.48,Normal (<10%),28.3,3,0.53,14,20.9,21.8121,80.1843
2027-10-14 14:00:00,BAL_DEEP_LEVEL_3,Shift_2_Evening,579.3,8.0,24.0,26,3,16,3.3,7.4,0.29,8.0,429.2,520.4,336.6,242.7,41.9,Critical (>25%),31.7,4,0.21,17,19.9,21.8064,80.1876
2027-10-14 22:00:00,BAL_SOUTH_PIT,Shift_3_Night,537.1,8.0,18.0,18,3,16,0.3,9.9,0.22,2.3,418.4,534.8,503.0,34.1,6.35,Normal (<10%),28.7,3,0.93,17,21.3,21.8005,80.1901
2027-10-15 06:00:00,UKWA_EXTENSION,Shift_1_Morning,571.8,8.0,21.0,22,3,16,3.8,15.1,0.28,4.9,586.1,601.3,571.8,0.0,0.0,Normal (<10%),25.5,5,1.24,16,21.4,21.7932,80.2015
2027-10-15 14:00:00,UKWA_EXTENSION,Shift_2_Evening,417.8,8.0,21.0,22,4,14,1.1,11.6,0.25,2.9,371.9,520.3,397.2,20.6,4.93,Normal (<10%),28.0,5,0.89,14,21.9,21.7932,80.2015
2027-10-15 22:00:00,BAL_SOUTH_PIT,Shift_3_Night,573.0,8.0,18.0,20,3,12,1.9,7.1,0.27,7.2,576.0,432.5,531.8,41.2,7.19,Normal (<10%),31.0,3,0.0,12,21.5,21.8005,80.1901
2027-10-16 06:00:00,BAL_DEEP_LEVEL_3,Shift_1_Morning,464.1,8.0,18.0,20,4,14,0.2,1.4,0.3,3.4,444.7,452.3,464.1,0.0,0.0,Normal (<10%),29.7,4,0.16,15,20.3,21.8064,80.1876
2027-10-16 14:00:00,BAL_NORTH_PIT,Shift_2_Evening,435.7,7.5,18.0,20,3,16,0.5,5.5,0.26,6.1,433.4,347.4,362.1,73.6,16.89,Alert (10-25%),27.7,5,1.42,17,23.4,21.8121,80.1843
2027-10-16 22:00:00,BAL_NORTH_PIT,Shift_3_Night,447.9,7.5,21.0,22,3,14,4.8,18.0,0.32,13.1,440.6,447.8,381.4,66.5,14.85,Alert (10-25%),26.6,3,1.65,14,22.4,21.8121,80.1843
2027-10-17 06:00:00,UKWA_EXTENSION,Shift_1_Morning,483.6,8.0,23.0,26,4,12,0.5,9.6,0.2,4.0,412.3,510.7,312.5,171.1,35.38,Critical (>25%),28.2,5,1.06,14,21.1,21.7932,80.2015
2027-10-17 14:00:00,BAL_SOUTH_PIT,Shift_2_Evening,450.2,8.0,20.0,22,3,13,0.5,5.3,0.15,0.0,526.0,516.1,437.4,12.8,2.84,Normal (<10%),30.2,4,1.01,15,19.0,21.8005,80.1901
2027-10-17 22:00:00,UKWA_EXTENSION,Shift_3_Night,464.1,7.5,18.0,20,3,16,0.3,3.9,0.23,0.0,428.1,420.9,385.7,78.4,16.89,Alert (10-25%),31.3,4,0.86,17,18.5,21.7932,80.2015
2027-10-18 06:00:00,BAL_SOUTH_PIT,Shift_1_Morning,427.0,8.0,23.0,26,3,16,0.2,2.5,0.2,0.0,494.6,551.4,426.1,0.9,0.21,Normal (<10%),31.2,3,0.15,16,17.9,21.8005,80.1901
2027-10-18 14:00:00,BAL_NORTH_PIT,Shift_2_Evening,459.2,8.0,19.0,20,4,16,0.4,3.2,0.24,8.2,459.6,480.0,457.3,1.9,0.41,Normal (<10%),30.0,4,0.7,16,18.7,21.8121,80.1843
2027-10-18 22:00:00,BAL_DEEP_LEVEL_3,Shift_3_Night,514.5,7.5,26.0,26,4,16,1.5,11.1,0.22,2.1,547.5,511.3,467.4,47.1,9.15,Normal (<10%),26.8,4,0.07,18,22.2,21.8064,80.1876
2027-10-19 06:00:00,BAL_SOUTH_PIT,Shift_1_Morning,488.4,8.0,19.0,20,2,11,0.9,8.0,0.31,0.7,444.1,460.4,430.5,57.9,11.86,Alert (10-25%),26.5,2,0.04,12,21.2,21.8005,80.1901
2027-10-19 14:00:00,BAL_NORTH_PIT,Shift_2_Evening,469.3,8.0,25.0,26,4,13,1.2,9.9,0.19,1.6,436.4,505.6,448.4,20.9,4.45,Normal (<10%),29.9,6,0.62,13,19.1,21.8121,80.1843
2027-10-19 22:00:00,UKWA_EXTENSION,Shift_3_Night,549.3,7.5,17.0,18,4,12,0.2,6.4,0.22,0.0,625.2,479.3,500.0,49.3,8.98,Normal (<10%),27.1,4,0.69,12,19.6,21.7932,80.2015
2027-10-20 06:00:00,BAL_SOUTH_PIT,Shift_1_Morning,578.7,7.5,25.0,26,4,13,2.4,13.4,0.25,10.5,543.8,571.3,520.6,58.1,10.04,Alert (10-25%),28.1,5,0.68,15,20.8,21.8005,80.1901
2027-10-20 14:00:00,BAL_DEEP_LEVEL_3,Shift_2_Evening,551.4,7.5,19.0,20,4,15,2.3,5.1,0.28,0.7,407.2,469.5,486.5,64.9,11.77,Alert (10-25%),29.4,6,1.03,18,22.0,21.8064,80.1876
2027-10-20 22:00:00,UKWA_EXTENSION,Shift_3_Night,466.4,7.5,23.0,24,4,13,0.0,4.6,0.21,2.2,454.6,490.1,384.4,82.0,17.58,Alert (10-25%),27.7,6,1.0,14,19.1,21.7932,80.2015
2027-10-21 06:00:00,UKWA_EXTENSION,Shift_1_Morning,548.9,7.5,19.0,20,3,14,0.7,6.8,0.21,4.0,398.1,520.0,469.9,79.0,14.39,Alert (10-25%),27.7,4,0.36,14,20.0,21.7932,80.2015
2027-10-21 14:00:00,BAL_NORTH_PIT,Shift_2_Evening,430.4,8.0,23.0,24,3,16,0.1,1.2,0.21,2.2,401.3,476.6,213.0,217.4,50.51,Critical (>25%),29.5,5,0.8,17,20.0,21.8121,80.1843
2027-10-21 22:00:00,BAL_SOUTH_PIT,Shift_3_Night,426.1,8.0,19.0,22,3,16,2.4,12.1,0.22,8.6,408.6,532.5,390.2,35.9,8.43,Normal (<10%),29.5,3,0.21,19,20.4,21.8005,80.1901
2027-10-22 06:00:00,UKWA_EXTENSION,Shift_1_Morning,469.1,8.0,23.0,26,4,14,2.0,13.9,0.27,15.2,384.6,335.3,219.6,249.5,53.19,Critical (>25%),29.9,5,0.28,15,22.4,21.7932,80.2015
2027-10-22 14:00:00,BAL_DEEP_LEVEL_3,Shift_2_Evening,561.5,8.0,25.0,26,3,14,3.5,14.7,0.27,6.5,455.8,511.7,526.5,35.0,6.23,Normal (<10%),29.1,4,0.55,14,20.2,21.8064,80.1876
2027-10-22 22:00:00,BAL_SOUTH_PIT,Shift_3_Night,449.3,8.0,18.0,20,3,16,0.4,1.9,0.35,0.0,494.3,433.5,426.4,22.9,5.1,Normal (<10%),28.9,3,0.08,16,19.2,21.8005,80.1901
2027-10-23 06:00:00,BAL_DEEP_LEVEL_3,Shift_1_Morning,412.7,7.5,22.0,22,3,11,0.9,4.0,0.2,2.2,451.9,480.1,372.4,40.3,9.76,Normal (<10%),28.4,3,0.57,11,20.3,21.8064,80.1876
2027-10-23 14:00:00,UKWA_EXTENSION,Shift_2_Evening,426.3,8.0,19.0,20,4,13,0.3,5.1,0.22,3.0,346.6,463.2,399.5,26.8,6.29,Normal (<10%),27.7,6,1.2,13,19.7,21.7932,80.2015
2027-10-23 22:00:00,BAL_DEEP_LEVEL_3,Shift_3_Night,571.7,8.0,17.0,18,4,16,0.7,4.1,0.23,0.0,419.3,526.0,524.1,47.6,8.33,Normal (<10%),28.5,4,0.01,17,20.4,21.8064,80.1876
2027-10-24 06:00:00,BAL_NORTH_PIT,Shift_1_Morning,526.8,8.0,17.0,18,3,12,1.1,8.5,0.26,0.0,506.7,543.9,526.8,0.0,0.0,Normal (<10%),29.4,3,0.31,13,19.3,21.8121,80.1843
2027-10-24 14:00:00,BAL_DEEP_LEVEL_3,Shift_2_Evening,450.6,8.0,22.0,24,4,12,0.1,3.8,0.27,1.8,428.4,413.4,432.1,18.5,4.11,Normal (<10%),29.6,5,1.26,14,21.5,21.8064,80.1876
2027-10-24 22:00:00,BAL_SOUTH_PIT,Shift_3_Night,511.1,8.0,25.0,26,2,12,1.9,13.3,0.36,15.8,494.3,440.0,395.2,115.9,22.68,Alert (10-25%),24.6,3,0.41,12,23.1,21.8005,80.1901
2027-10-25 06:00:00,BAL_DEEP_LEVEL_3,Shift_1_Morning,505.5,7.5,22.0,24,4,14,1.2,6.0,0.19,11.4,432.5,444.6,459.5,46.0,9.1,Normal (<10%),28.2,5,0.83,17,19.4,21.8064,80.1876
2027-10-25 14:00:00,BAL_DEEP_LEVEL_3,Shift_2_Evening,531.1,8.0,23.0,24,4,16,2.6,10.4,0.27,1.3,372.5,513.6,484.0,47.1,8.87,Normal (<10%),30.4,6,1.03,16,20.6,21.8064,80.1876
2027-10-25 22:00:00,BAL_NORTH_PIT,Shift_3_Night,446.6,8.0,24.0,26,3,12,0.5,3.4,0.21,0.1,450.2,463.6,418.4,28.2,6.31,Normal (<10%),29.6,4,1.03,13,19.1,21.8121,80.1843
2027-10-26 06:00:00,BAL_DEEP_LEVEL_3,Shift_1_Morning,572.9,8.0,16.0,18,3,16,3.5,20.9,0.32,14.7,464.8,441.0,566.9,6.0,1.05,Normal (<10%),25.3,5,1.1,16,23.9,21.8064,80.1876
2027-10-26 14:00:00,BAL_DEEP_LEVEL_3,Shift_2_Evening,461.9,8.0,22.0,24,3,13,10.0,20.4,0.36,15.1,467.1,515.4,433.1,28.8,6.24,Normal (<10%),30.7,4,0.57,13,22.6,21.8064,80.1876
2027-10-26 22:00:00,UKWA_EXTENSION,Shift_3_Night,538.8,8.0,24.0,26,4,14,3.8,10.4,0.33,2.1,456.4,560.0,517.1,21.7,4.03,Normal (<10%),28.1,6,1.02,16,21.7,21.7932,80.2015
2027-10-27 06:00:00,UKWA_EXTENSION,Shift_1_Morning,403.2,8.0,16.0,18,4,12,2.3,16.2,0.32,19.3,538.0,484.5,399.1,4.1,1.02,Normal (<10%),28.4,5,0.72,12,19.7,21.7932,80.2015
2027-10-27 14:00:00,BAL_SOUTH_PIT,Shift_2_Evening,474.5,7.5,24.0,26,3,15,2.5,6.6,0.25,1.5,431.8,496.0,398.1,76.4,16.1,Alert (10-25%),29.6,4,0.67,16,19.3,21.8005,80.1901
2027-10-27 22:00:00,UKWA_EXTENSION,Shift_3_Night,470.3,8.0,24.0,26,3,14,1.3,11.0,0.31,9.2,509.4,419.1,439.8,30.5,6.49,Normal (<10%),27.7,4,0.3,15,21.7,21.7932,80.2015
2027-10-28 06:00:00,UKWA_EXTENSION,Shift_1_Morning,508.7,7.5,18.0,20,3,14,0.3,3.7,0.18,0.8,390.8,493.1,447.6,61.1,12.01,Alert (10-25%),28.5,5,1.37,15,18.3,21.7932,80.2015
2027-10-28 14:00:00,UKWA_EXTENSION,Shift_2_Evening,414.5,7.5,17.0,18,3,16,1.7,6.7,0.2,2.8,475.8,398.8,380.8,33.7,8.13,Normal (<10%),32.4,3,0.72,16,18.3,21.7932,80.2015
2027-10-28 22:00:00,UKWA_EXTENSION,Shift_3_Night,558.0,8.0,24.0,24,3,15,1.9,8.8,0.25,9.7,445.3,399.3,252.4,305.6,54.77,Critical (>25%),30.3,5,0.69,15,20.0,21.7932,80.2015
2027-10-29 06:00:00,BAL_NORTH_PIT,Shift_1_Morning,443.6,8.0,24.0,26,3,12,6.3,21.6,0.37,19.3,403.4,445.2,420.4,23.2,5.23,Normal (<10%),28.3,4,0.62,15,22.8,21.8121,80.1843
2027-10-29 14:00:00,UKWA_EXTENSION,Shift_2_Evening,535.4,8.0,19.0,20,3,16,1.2,5.6,0.21,7.1,412.4,477.4,500.1,35.3,6.59,Normal (<10%),30.2,5,0.93,16,20.0,21.7932,80.2015
2027-10-29 22:00:00,BAL_NORTH_PIT,Shift_3_Night,560.6,7.5,20.0,22,4,12,0.5,7.1,0.23,0.3,560.8,558.7,490.2,70.4,12.56,Alert (10-25%),27.5,5,0.35,13,19.8,21.8121,80.1843
2027-10-30 06:00:00,BAL_NORTH_PIT,Shift_1_Morning,512.4,8.0,21.0,22,4,14,1.7,11.4,0.16,0.9,500.3,542.4,496.3,16.1,3.14,Normal (<10%),31.0,6,0.44,14,20.6,21.8121,80.1843
2027-10-30 14:00:00,UKWA_EXTENSION,Shift_2_Evening,548.2,8.0,17.0,20,4,16,5.8,18.7,0.41,25.8,573.1,535.9,503.6,44.6,8.14,Normal (<10%),25.8,4,0.2,18,21.5,21.7932,80.2015
2027-10-30 22:00:00,BAL_DEEP_LEVEL_3,Shift_3_Night,532.4,8.0,17.0,18,4,12,0.3,3.6,0.21,3.9,413.9,475.2,491.3,41.1,7.72,Normal (<10%),29.9,4,0.29,14,20.9,21.8064,80.1876
2027-10-31 06:00:00,BAL_NORTH_PIT,Shift_1_Morning,471.1,7.5,21.0,22,4,12,0.6,10.4,0.11,2.4,404.8,489.1,432.1,39.0,8.28,Normal (<10%),27.0,4,0.0,14,20.3,21.8121,80.1843
2027-10-31 14:00:00,BAL_DEEP_LEVEL_3,Shift_2_Evening,561.8,7.5,22.0,24,4,12,1.2,5.8,0.24,8.6,438.0,588.4,499.5,62.3,11.09,Alert (10-25%),26.0,4,0.45,12,20.4,21.8064,80.1876
2027-10-31 22:00:00,BAL_DEEP_LEVEL_3,Shift_3_Night,458.9,8.0,18.0,20,3,11,0.3,3.1,0.24,0.0,398.6,454.2,375.6,83.3,18.15,Alert (10-25%),29.8,3,0.75,11,20.8,21.8064,80.1876
2027-11-01 06:00:00,UKWA_EXTENSION,Shift_1_Morning,514.2,7.5,24.0,26,4,12,0.0,6.1,0.22,13.9,435.9,441.9,477.2,37.0,7.2,Normal (<10%),25.8,4,0.65,12,19.2,21.7932,80.2015
2027-11-01 14:00:00,BAL_SOUTH_PIT,Shift_2_Evening,549.1,8.0,19.0,20,4,12,0.6,6.1,0.18,2.0,429.9,429.1,528.6,20.5,3.73,Normal (<10%),24.3,4,0.36,13,19.2,21.8005,80.1901
2027-11-01 22:00:00,UKWA_EXTENSION,Shift_3_Night,475.8,7.5,22.0,24,3,12,3.0,13.5,0.31,13.3,456.9,541.5,400.0,75.8,15.93,Alert (10-25%),26.7,3,0.0,12,19.0,21.7932,80.2015
2027-11-02 06:00:00,BAL_SOUTH_PIT,Shift_1_Morning,460.6,8.0,18.0,20,4,14,0.1,7.9,0.28,5.0,330.8,476.4,216.6,244.0,52.97,Critical (>25%),29.7,5,0.91,17,19.3,21.8005,80.1901
2027-11-02 14:00:00,BAL_SOUTH_PIT,Shift_2_Evening,491.9,7.5,23.0,24,4,12,0.8,6.0,0.26,0.0,400.6,525.5,435.8,56.1,11.4,Alert (10-25%),28.8,5,0.74,15,20.9,21.8005,80.1901
2027-11-02 22:00:00,UKWA_EXTENSION,Shift_3_Night,563.6,8.0,23.0,24,2,14,2.2,10.9,0.22,2.3,478.3,474.8,463.7,99.9,17.73,Alert (10-25%),26.2,2,0.53,14,19.9,21.7932,80.2015
2027-11-03 06:00:00,UKWA_EXTENSION,Shift_1_Morning,586.0,8.0,19.0,20,3,14,4.6,16.1,0.25,6.9,526.0,471.8,577.9,8.1,1.38,Normal (<10%),26.0,4,1.28,16,20.2,21.7932,80.2015
2027-11-03 14:00:00,BAL_SOUTH_PIT,Shift_2_Evening,509.0,7.5,20.0,20,3,12,6.3,19.2,0.28,9.4,468.9,457.6,311.2,197.8,38.86,Critical (>25%),26.9,4,0.45,13,20.4,21.8005,80.1901
2027-11-03 22:00:00,UKWA_EXTENSION,Shift_3_Night,532.3,7.5,18.0,20,3,14,0.8,3.1,0.19,3.0,506.2,439.4,462.6,69.7,13.09,Alert (10-25%),29.1,4,0.0,15,21.2,21.7932,80.2015
2027-11-04 06:00:00,BAL_SOUTH_PIT,Shift_1_Morning,580.7,7.5,26.0,26,3,14,4.5,20.9,0.34,1.8,455.2,491.8,527.1,53.6,9.23,Normal (<10%),24.6,3,0.09,17,23.4,21.8005,80.1901
2027-11-04 14:00:00,BAL_DEEP_LEVEL_3,Shift_2_Evening,419.7,7.5,25.0,26,3,13,0.1,1.9,0.19,2.2,382.7,541.6,379.6,40.1,9.55,Normal (<10%),27.6,4,0.85,13,18.0,21.8064,80.1876
2027-11-04 22:00:00,UKWA_EXTENSION,Shift_3_Night,446.4,7.5,22.0,24,4,14,2.1,11.2,0.21,0.0,363.5,506.3,370.3,76.1,17.05,Alert (10-25%),27.1,4,0.41,14,19.5,21.7932,80.2015
2027-11-05 06:00:00,BAL_DEEP_LEVEL_3,Shift_1_Morning,541.8,8.0,21.0,22,4,15,1.5,13.8,0.29,11.0,453.2,525.2,525.9,15.9,2.93,Normal (<10%),26.8,4,0.04,15,21.0,21.8064,80.1876
2027-11-05 14:00:00,BAL_NORTH_PIT,Shift_2_Evening,564.7,8.0,19.0,20,2,12,0.4,2.1,0.33,0.0,416.0,601.5,482.2,82.5,14.61,Alert (10-25%),26.5,2,0.0,15,20.7,21.8121,80.1843
2027-11-05 22:00:00,BAL_DEEP_LEVEL_3,Shift_3_Night,571.4,7.5,20.0,22,3,12,1.1,4.5,0.18,3.7,563.0,575.9,486.0,85.4,14.95,Alert (10-25%),27.2,5,0.89,13,18.9,21.8064,80.1876
2027-11-06 06:00:00,BAL_DEEP_LEVEL_3,Shift_1_Morning,483.0,8.0,17.0,18,3,16,0.2,1.7,0.17,0.0,468.8,488.1,483.0,0.0,0.0,Normal (<10%),29.7,3,0.03,16,18.8,21.8064,80.1876
2027-11-06 14:00:00,BAL_SOUTH_PIT,Shift_2_Evening,417.9,8.0,18.0,18,3,15,3.1,12.7,0.26,5.3,493.4,381.8,396.4,21.5,5.14,Normal (<10%),28.0,4,0.86,15,21.4,21.8005,80.1901
2027-11-06 22:00:00,BAL_DEEP_LEVEL_3,Shift_3_Night,487.6,7.5,20.0,20,3,12,0.7,4.2,0.26,0.0,435.0,469.9,270.9,216.7,44.44,Critical (>25%),27.6,5,0.88,13,21.4,21.8064,80.1876
2027-11-07 06:00:00,UKWA_EXTENSION,Shift_1_Morning,446.1,8.0,17.0,18,4,14,1.5,8.0,0.27,0.0,543.9,547.0,410.7,35.4,7.94,Normal (<10%),29.1,6,0.81,14,19.4,21.7932,80.2015
2027-11-07 14:00:00,BAL_SOUTH_PIT,Shift_2_Evening,458.2,8.0,20.0,22,3,16,0.3,3.5,0.21,9.3,353.8,362.2,264.0,194.2,42.38,Critical (>25%),26.7,3,0.17,16,19.9,21.8005,80.1901
2027-11-07 22:00:00,BAL_NORTH_PIT,Shift_3_Night,554.5,7.5,16.0,18,3,13,0.3,2.6,0.19,8.9,461.3,470.1,481.9,72.6,13.09,Alert (10-25%),29.9,3,0.48,16,20.5,21.8121,80.1843
2027-11-08 06:00:00,UKWA_EXTENSION,Shift_1_Morning,415.1,7.5,19.0,20,4,16,7.2,30.2,0.46,13.9,461.7,342.2,373.0,42.1,10.14,Alert (10-25%),24.4,4,0.5,17,22.0,21.7932,80.2015
2027-11-08 14:00:00,BAL_NORTH_PIT,Shift_2_Evening,565.5,8.0,22.0,24,3,14,2.1,9.3,0.3,4.5,513.5,555.3,561.7,3.8,0.67,Normal (<10%),31.2,4,0.76,14,20.1,21.8121,80.1843
2027-11-08 22:00:00,BAL_DEEP_LEVEL_3,Shift_3_Night,485.5,7.5,25.0,26,3,16,4.9,23.6,0.4,18.0,473.2,342.7,248.0,237.5,48.92,Critical (>25%),22.7,3,0.48,16,20.6,21.8064,80.1876
2027-11-09 06:00:00,UKWA_EXTENSION,Shift_1_Morning,519.2,8.0,23.0,26,3,16,0.5,6.3,0.27,4.6,555.2,465.4,507.3,11.9,2.29,Normal (<10%),25.6,4,0.68,16,21.2,21.7932,80.2015
2027-11-09 14:00:00,UKWA_EXTENSION,Shift_2_Evening,417.9,7.5,25.0,26,4,16,0.3,3.0,0.21,0.0,427.4,402.3,389.6,28.3,6.77,Normal (<10%),27.9,4,0.09,16,21.0,21.7932,80.2015
2027-11-09 22:00:00,BAL_NORTH_PIT,Shift_3_Night,467.5,7.5,23.0,24,3,14,1.0,6.0,0.25,0.0,433.4,325.5,176.9,290.6,62.16,Critical (>25%),27.4,4,0.48,15,19.8,21.8121,80.1843
2027-11-10 06:00:00,UKWA_EXTENSION,Shift_1_Morning,417.9,7.5,17.0,18,3,16,1.0,9.4,0.34,10.7,514.5,432.2,364.2,53.7,12.85,Alert (10-25%),28.9,4,0.58,16,20.0,21.7932,80.2015
2027-11-10 14:00:00,UKWA_EXTENSION,Shift_2_Evening,592.3,7.5,25.0,26,4,12,0.3,6.8,0.26,2.0,443.7,514.6,535.8,56.5,9.54,Normal (<10%),25.7,5,1.32,15,22.2,21.7932,80.2015
2027-11-10 22:00:00,UKWA_EXTENSION,Shift_3_Night,561.5,8.0,20.0,22,4,12,2.0,14.2,0.19,1.2,515.3,528.9,522.7,38.8,6.91,Normal (<10%),27.9,5,0.3,12,21.2,21.7932,80.2015
2027-11-11 06:00:00,BAL_DEEP_LEVEL_3,Shift_1_Morning,491.9,7.5,18.0,18,3,13,0.7,4.0,0.29,2.4,381.2,481.9,466.6,25.3,5.14,Normal (<10%),28.5,5,0.87,13,18.9,21.8064,80.1876
2027-11-11 14:00:00,BAL_NORTH_PIT,Shift_2_Evening,444.7,7.5,22.0,24,3,16,0.3,1.8,0.28,0.0,319.7,463.2,197.1,247.6,55.68,Critical (>25%),28.0,3,0.43,17,20.0,21.8121,80.1843
2027-11-11 22:00:00,UKWA_EXTENSION,Shift_3_Night,586.7,8.0,25.0,26,4,16,0.6,4.7,0.29,0.6,475.0,612.7,548.7,38.0,6.48,Normal (<10%),25.2,5,0.61,17,20.4,21.7932,80.2015
2027-11-12 06:00:00,BAL_SOUTH_PIT,Shift_1_Morning,468.9,8.0,16.0,18,4,12,1.2,7.5,0.17,5.6,477.0,544.5,461.0,7.9,1.68,Normal (<10%),29.3,5,1.02,12,18.7,21.8005,80.1901
2027-11-12 14:00:00,BAL_SOUTH_PIT,Shift_2_Evening,432.2,8.0,23.0,24,4,12,1.9,11.2,0.28,6.4,361.0,383.1,385.6,46.6,10.78,Alert (10-25%),28.1,5,0.61,12,20.7,21.8005,80.1901
2027-11-12 22:00:00,BAL_SOUTH_PIT,Shift_3_Night,512.6,8.0,18.0,20,4,12,1.0,6.1,0.28,9.7,453.1,397.2,471.4,41.2,8.04,Normal (<10%),27.5,4,0.33,12,19.3,21.8005,80.1901
2027-11-13 06:00:00,BAL_SOUTH_PIT,Shift_1_Morning,588.8,7.5,24.0,26,3,14,1.1,7.8,0.24,0.6,449.4,522.1,545.9,42.9,7.29,Normal (<10%),27.0,3,0.64,16,20.2,21.8005,80.1901
2027-11-13 14:00:00,BAL_DEEP_LEVEL_3,Shift_2_Evening,400.8,8.0,19.0,20,3,12,0.2,6.0,0.25,0.1,567.0,384.8,391.8,9.0,2.25,Normal (<10%),27.2,5,1.54,12,19.8,21.8064,80.1876
2027-11-13 22:00:00,UKWA_EXTENSION,Shift_3_Night,447.6,7.5,19.0,20,3,14,3.7,17.7,0.32,15.7,496.6,410.9,394.6,53.0,11.84,Alert (10-25%),25.3,5,1.42,17,20.7,21.7932,80.2015
2027-11-14 06:00:00,BAL_NORTH_PIT,Shift_1_Morning,587.7,8.0,26.0,26,4,15,4.0,15.3,0.24,22.7,480.8,462.1,575.0,12.7,2.16,Normal (<10%),27.1,5,0.66,16,18.7,21.8121,80.1843
2027-11-14 14:00:00,UKWA_EXTENSION,Shift_2_Evening,434.2,7.5,21.0,22,3,16,1.7,9.1,0.27,17.8,339.1,391.8,409.7,24.5,5.64,Normal (<10%),26.5,3,0.39,19,22.3,21.7932,80.2015
2027-11-14 22:00:00,BAL_DEEP_LEVEL_3,Shift_3_Night,422.6,8.0,19.0,20,3,14,0.0,0.4,0.15,3.9,482.1,574.0,396.1,26.5,6.27,Normal (<10%),26.6,3,0.41,14,18.2,21.8064,80.1876
2027-11-15 06:00:00,BAL_SOUTH_PIT,Shift_1_Morning,514.0,7.5,22.0,24,2,14,1.2,5.7,0.22,2.0,462.5,516.8,286.1,227.9,44.34,Critical (>25%),25.5,2,0.44,14,21.8,21.8005,80.1901
2027-11-15 14:00:00,BAL_DEEP_LEVEL_3,Shift_2_Evening,572.4,7.5,21.0,22,3,14,1.5,15.4,0.25,7.6,446.3,519.3,495.8,76.6,13.38,Alert (10-25%),24.9,4,0.45,14,22.4,21.8064,80.1876
2027-11-15 22:00:00,UKWA_EXTENSION,Shift_3_Night,495.4,8.0,19.0,20,4,14,7.8,23.7,0.36,13.9,475.3,502.3,451.7,43.7,8.82,Normal (<10%),25.1,5,1.01,16,21.9,21.7932,80.2015
2027-11-16 06:00:00,BAL_NORTH_PIT,Shift_1_Morning,598.9,7.5,18.0,20,3,13,8.3,35.9,0.41,15.2,336.7,365.0,255.9,343.0,57.27,Critical (>25%),23.4,4,0.89,14,25.4,21.8121,80.1843
2027-11-16 14:00:00,BAL_DEEP_LEVEL_3,Shift_2_Evening,535.8,7.5,25.0,26,3,12,2.9,12.0,0.29,11.4,540.8,427.8,492.1,43.7,8.16,Normal (<10%),26.4,3,0.39,12,21.4,21.8064,80.1876
2027-11-16 22:00:00,BAL_NORTH_PIT,Shift_3_Night,414.8,7.5,24.0,26,3,13,0.1,7.9,0.25,11.9,374.8,479.6,370.8,44.0,10.61,Alert (10-25%),27.4,3,0.02,15,20.1,21.8121,80.1843
2027-11-17 06:00:00,BAL_DEEP_LEVEL_3,Shift_1_Morning,598.6,7.5,17.0,18,3,16,4.6,13.4,0.29,8.3,559.3,491.9,542.0,56.6,9.46,Normal (<10%),25.1,4,0.72,19,19.2,21.8064,80.1876
2027-11-17 14:00:00,BAL_NORTH_PIT,Shift_2_Evening,481.6,8.0,24.0,26,3,13,1.4,7.3,0.34,15.3,518.4,519.3,453.2,28.4,5.9,Normal (<10%),28.4,5,0.43,14,21.6,21.8121,80.1843
2027-11-17 22:00:00,BAL_NORTH_PIT,Shift_3_Night,457.5,7.5,24.0,26,4,16,2.4,9.0,0.31,19.6,484.0,389.7,402.5,55.0,12.02,Alert (10-25%),25.8,4,0.23,18,21.2,21.8121,80.1843
2027-11-18 06:00:00,BAL_SOUTH_PIT,Shift_1_Morning,511.6,7.5,18.0,18,4,16,0.8,10.3,0.2,11.3,460.6,459.2,464.5,47.1,9.21,Normal (<10%),26.1,6,0.83,16,20.2,21.8005,80.1901
2027-11-18 14:00:00,BAL_NORTH_PIT,Shift_2_Evening,460.9,8.0,21.0,22,3,12,0.6,3.0,0.19,0.0,485.8,471.5,447.5,13.4,2.91,Normal (<10%),28.1,3,0.49,13,19.5,21.8121,80.1843
2027-11-18 22:00:00,BAL_SOUTH_PIT,Shift_3_Night,417.3,8.0,18.0,18,4,16,0.9,3.9,0.21,0.0,539.0,328.9,391.6,25.7,6.16,Normal (<10%),24.5,4,0.96,18,19.2,21.8005,80.1901
2027-11-19 06:00:00,UKWA_EXTENSION,Shift_1_Morning,400.3,8.0,25.0,26,3,14,0.2,7.3,0.22,8.7,450.2,475.6,383.3,17.0,4.25,Normal (<10%),25.7,5,1.17,15,19.7,21.7932,80.2015
2027-11-19 14:00:00,UKWA_EXTENSION,Shift_2_Evening,489.9,7.5,21.0,22,3,15,0.7,3.6,0.18,7.7,444.2,462.0,416.0,73.9,15.08,Alert (10-25%),28.9,4,1.13,16,20.4,21.7932,80.2015
2027-11-19 22:00:00,BAL_SOUTH_PIT,Shift_3_Night,567.4,7.5,17.0,18,3,12,2.9,15.0,0.3,6.7,444.5,396.9,442.2,125.2,22.07,Alert (10-25%),23.2,5,1.19,14,21.1,21.8005,80.1901
2027-11-20 06:00:00,BAL_SOUTH_PIT,Shift_1_Morning,514.5,8.0,17.0,18,3,14,0.1,2.9,0.21,0.0,352.6,511.5,341.1,173.4,33.7,Critical (>25%),29.0,4,1.04,15,19.5,21.8005,80.1901
2027-11-20 14:00:00,BAL_DEEP_LEVEL_3,Shift_2_Evening,599.8,7.5,18.0,18,2,15,0.2,17.6,0.3,3.2,531.9,537.6,474.4,125.4,20.91,Alert (10-25%),27.9,3,1.26,15,19.3,21.8064,80.1876
2027-11-20 22:00:00,BAL_DEEP_LEVEL_3,Shift_3_Night,457.4,8.0,25.0,26,3,14,0.2,11.4,0.17,2.4,483.5,436.1,418.1,39.3,8.59,Normal (<10%),26.3,4,0.48,14,19.8,21.8064,80.1876
2027-11-21 06:00:00,BAL_DEEP_LEVEL_3,Shift_1_Morning,456.1,7.5,19.0,20,4,16,0.8,22.1,0.23,12.6,394.0,365.2,408.3,47.8,10.48,Alert (10-25%),26.1,5,0.48,18,20.4,21.8064,80.1876
2027-11-21 14:00:00,UKWA_EXTENSION,Shift_2_Evening,431.9,8.0,17.0,18,2,12,8.7,21.5,0.28,19.8,409.9,353.9,367.4,64.5,14.93,Alert (10-25%),27.1,3,0.91,12,21.9,21.7932,80.2015
2027-11-21 22:00:00,BAL_DEEP_LEVEL_3,Shift_3_Night,432.8,7.5,21.0,22,3,12,0.3,4.1,0.25,0.0,417.6,509.0,360.3,72.5,16.75,Alert (10-25%),26.3,3,0.4,13,19.4,21.8064,80.1876
2027-11-22 06:00:00,BAL_NORTH_PIT,Shift_1_Morning,457.0,8.0,24.0,26,3,12,0.2,1.2,0.23,0.0,480.3,447.9,434.6,22.4,4.9,Normal (<10%),28.6,5,1.07,13,19.6,21.8121,80.1843
2027-11-22 14:00:00,BAL_NORTH_PIT,Shift_2_Evening,558.6,7.5,22.0,22,3,16,3.7,18.7,0.34,9.2,449.0,505.4,300.6,258.0,46.19,Critical (>25%),24.3,3,0.33,17,23.7,21.8121,80.1843
2027-11-22 22:00:00,BAL_DEEP_LEVEL_3,Shift_3_Night,581.2,8.0,19.0,20,3,12,3.2,9.9,0.21,4.9,504.3,477.2,535.8,45.4,7.81,Normal (<10%),26.0,4,0.52,12,19.5,21.8064,80.1876
2027-11-23 06:00:00,BAL_NORTH_PIT,Shift_1_Morning,595.0,7.5,20.0,22,3,16,0.0,3.5,0.25,0.6,519.6,456.5,531.6,63.4,10.66,Alert (10-25%),25.8,4,1.19,16,19.3,21.8121,80.1843
2027-11-23 14:00:00,UKWA_EXTENSION,Shift_2_Evening,446.5,7.5,17.0,18,2,12,2.1,6.5,0.31,0.0,461.7,472.0,352.0,94.5,21.16,Alert (10-25%),26.9,3,0.37,13,21.2,21.7932,80.2015
2027-11-23 22:00:00,BAL_NORTH_PIT,Shift_3_Night,576.3,7.5,21.0,22,3,16,1.6,3.3,0.26,0.5,562.5,457.2,496.8,79.5,13.79,Alert (10-25%),28.7,4,0.91,16,18.0,21.8121,80.1843
2027-11-24 06:00:00,UKWA_EXTENSION,Shift_1_Morning,465.7,8.0,20.0,22,2,14,2.2,5.9,0.16,10.5,431.8,438.8,419.8,45.9,9.86,Normal (<10%),27.1,2,0.56,14,20.6,21.7932,80.2015
2027-11-24 14:00:00,BAL_SOUTH_PIT,Shift_2_Evening,422.6,7.5,24.0,26,4,15,1.0,5.1,0.28,1.1,365.4,524.4,377.4,45.2,10.7,Alert (10-25%),24.8,4,0.0,18,22.2,21.8005,80.1901
2027-11-24 22:00:00,BAL_SOUTH_PIT,Shift_3_Night,574.0,7.5,21.0,22,3,15,7.1,20.3,0.32,10.2,487.1,461.3,507.6,66.4,11.57,Alert (10-25%),23.6,3,0.15,15,21.7,21.8005,80.1901
2027-11-25 06:00:00,BAL_SOUTH_PIT,Shift_1_Morning,527.2,7.5,22.0,24,3,16,0.1,2.7,0.24,0.0,431.8,402.6,470.4,56.8,10.77,Alert (10-25%),27.7,3,0.2,17,16.6,21.8005,80.1901
2027-11-25 14:00:00,BAL_SOUTH_PIT,Shift_2_Evening,432.9,8.0,21.0,24,4,14,0.4,5.9,0.35,4.7,411.2,445.6,400.1,32.8,7.58,Normal (<10%),29.0,6,1.17,14,20.2,21.8005,80.1901
2027-11-25 22:00:00,BAL_NORTH_PIT,Shift_3_Night,486.0,7.5,25.0,26,4,10,0.8,2.6,0.23,0.0,512.2,409.0,395.8,90.2,18.56,Alert (10-25%),27.8,6,0.89,11,18.7,21.8121,80.1843
2027-11-26 06:00:00,BAL_DEEP_LEVEL_3,Shift_1_Morning,457.5,8.0,23.0,24,3,12,0.9,7.3,0.27,0.0,379.6,583.0,457.5,0.0,0.0,Normal (<10%),26.0,4,0.67,12,21.2,21.8064,80.1876
2027-11-26 14:00:00,BAL_NORTH_PIT,Shift_2_Evening,547.4,7.5,24.0,26,4,14,3.8,14.1,0.28,15.0,539.7,498.5,509.5,37.9,6.92,Normal (<10%),27.1,4,0.0,15,22.0,21.8121,80.1843
2027-11-26 22:00:00,UKWA_EXTENSION,Shift_3_Night,490.7,8.0,21.0,22,3,12,1.2,8.1,0.23,8.8,438.7,359.3,188.2,302.5,61.65,Critical (>25%),26.4,3,1.1,13,20.7,21.7932,80.2015
2027-11-27 06:00:00,BAL_NORTH_PIT,Shift_1_Morning,597.9,8.0,24.0,26,4,14,0.1,4.1,0.24,0.0,560.4,592.4,568.6,29.3,4.9,Normal (<10%),26.5,5,0.72,15,18.9,21.8121,80.1843
2027-11-27 14:00:00,BAL_NORTH_PIT,Shift_2_Evening,410.9,7.5,23.0,24,4,12,0.8,13.7,0.25,11.6,410.8,507.6,377.0,33.9,8.25,Normal (<10%),24.8,6,1.15,12,21.8,21.8121,80.1843
2027-11-27 22:00:00,UKWA_EXTENSION,Shift_3_Night,471.0,8.0,17.0,18,3,15,0.8,3.9,0.23,0.0,405.6,415.8,426.0,45.0,9.55,Normal (<10%),29.2,3,0.24,16,19.8,21.7932,80.2015
2027-11-28 06:00:00,BAL_SOUTH_PIT,Shift_1_Morning,496.4,8.0,17.0,18,3,16,5.0,16.3,0.27,6.2,458.4,391.9,496.4,0.0,0.0,Normal (<10%),22.1,4,0.5,17,22.8,21.8005,80.1901
2027-11-28 14:00:00,BAL_SOUTH_PIT,Shift_2_Evening,500.6,7.5,23.0,24,4,16,1.4,10.2,0.15,2.0,507.2,373.8,459.7,40.9,8.17,Normal (<10%),28.3,6,1.57,16,19.8,21.8005,80.1901
2027-11-28 22:00:00,BAL_SOUTH_PIT,Shift_3_Night,463.2,8.0,17.0,18,3,14,1.5,6.8,0.21,0.0,502.9,536.6,428.4,34.8,7.51,Normal (<10%),26.3,4,0.12,14,20.2,21.8005,80.1901
2027-11-29 06:00:00,BAL_DEEP_LEVEL_3,Shift_1_Morning,545.8,8.0,25.0,26,3,13,1.9,6.3,0.28,3.7,436.2,556.9,522.3,23.5,4.31,Normal (<10%),26.0,3,0.48,14,20.0,21.8064,80.1876
2027-11-29 14:00:00,UKWA_EXTENSION,Shift_2_Evening,574.9,8.0,23.0,24,3,12,2.2,10.8,0.28,17.2,523.8,588.5,519.8,55.1,9.58,Normal (<10%),28.8,3,0.04,13,22.1,21.7932,80.2015
2027-11-29 22:00:00,UKWA_EXTENSION,Shift_3_Night,587.7,8.0,18.0,20,3,14,1.5,10.8,0.24,0.0,435.1,491.2,529.5,58.2,9.9,Normal (<10%),25.4,4,0.58,15,21.1,21.7932,80.2015
2027-11-30 06:00:00,BAL_NORTH_PIT,Shift_1_Morning,561.0,7.5,21.0,22,4,11,0.4,5.6,0.23,12.2,513.6,501.5,516.6,44.4,7.91,Normal (<10%),26.0,5,0.51,14,22.4,21.8121,80.1843
2027-11-30 14:00:00,BAL_DEEP_LEVEL_3,Shift_2_Evening,570.1,8.0,18.0,20,3,16,3.1,11.2,0.22,0.0,547.5,459.7,546.9,23.2,4.07,Normal (<10%),26.4,3,0.1,16,20.2,21.8064,80.1876
2027-11-30 22:00:00,BAL_SOUTH_PIT,Shift_3_Night,510.1,8.0,25.0,26,3,12,2.0,5.9,0.19,6.4,523.1,402.7,463.1,47.0,9.21,Normal (<10%),27.8,3,0.41,15,20.6,21.8005,80.1901
2027-12-01 06:00:00,BAL_DEEP_LEVEL_3,Shift_1_Morning,565.2,7.5,22.0,24,3,12,2.0,9.5,0.25,0.0,608.1,451.7,507.5,57.7,10.21,Alert (10-25%),25.1,5,0.23,15,21.9,21.8064,80.1876
2027-12-01 14:00:00,UKWA_EXTENSION,Shift_2_Evening,460.7,7.5,21.0,22,3,16,8.5,17.7,0.28,14.4,475.6,465.7,417.3,43.4,9.42,Normal (<10%),22.5,3,0.31,17,22.6,21.7932,80.2015
2027-12-01 22:00:00,UKWA_EXTENSION,Shift_3_Night,479.7,8.0,19.0,20,4,16,2.4,12.6,0.23,4.3,408.9,385.3,433.1,46.6,9.71,Normal (<10%),24.3,4,0.37,16,21.2,21.7932,80.2015
2027-12-02 06:00:00,BAL_NORTH_PIT,Shift_1_Morning,463.4,7.5,23.0,26,3,14,2.7,8.4,0.24,9.2,502.2,488.8,431.3,32.1,6.93,Normal (<10%),27.8,4,0.29,14,20.1,21.8121,80.1843
2027-12-02 14:00:00,BAL_NORTH_PIT,Shift_2_Evening,493.5,7.5,25.0,26,3,12,4.5,11.2,0.2,3.4,414.4,415.9,462.2,31.3,6.34,Normal (<10%),26.0,3,0.85,12,18.0,21.8121,80.1843
2027-12-02 22:00:00,UKWA_EXTENSION,Shift_3_Night,457.1,7.5,17.0,18,4,14,0.2,2.0,0.29,3.8,481.3,486.4,368.7,88.4,19.34,Alert (10-25%),26.8,6,0.82,15,21.1,21.7932,80.2015
2027-12-03 06:00:00,BAL_SOUTH_PIT,Shift_1_Morning,592.3,7.5,20.0,22,3,12,1.0,4.6,0.27,2.0,401.6,470.1,488.7,103.6,17.49,Alert (10-25%),25.6,4,0.63,12,18.5,21.8005,80.1901
2027-12-03 14:00:00,BAL_SOUTH_PIT,Shift_2_Evening,462.6,7.5,21.0,22,3,11,1.3,4.7,0.11,9.2,488.9,348.3,420.2,42.4,9.17,Normal (<10%),26.0,3,0.22,14,20.2,21.8005,80.1901
2027-12-03 22:00:00,BAL_DEEP_LEVEL_3,Shift_3_Night,419.6,7.5,19.0,20,3,16,0.6,4.3,0.26,1.9,403.4,450.1,361.0,58.6,13.97,Alert (10-25%),28.6,3,0.38,17,20.1,21.8064,80.1876
2027-12-04 06:00:00,UKWA_EXTENSION,Shift_1_Morning,505.4,7.5,20.0,22,3,15,2.7,12.1,0.24,9.1,537.4,469.3,462.9,42.5,8.41,Normal (<10%),25.3,5,1.39,16,19.1,21.7932,80.2015
2027-12-04 14:00:00,UKWA_EXTENSION,Shift_2_Evening,411.4,7.5,18.0,20,2,12,2.2,15.3,0.25,10.5,363.9,388.1,336.2,75.2,18.28,Alert (10-25%),24.6,3,1.44,12,20.8,21.7932,80.2015
2027-12-04 22:00:00,BAL_SOUTH_PIT,Shift_3_Night,422.1,7.5,22.0,24,2,14,1.9,7.3,0.27,9.2,495.6,456.8,336.1,86.0,20.37,Alert (10-25%),27.4,4,1.22,14,22.2,21.8005,80.1901
2027-12-05 06:00:00,BAL_SOUTH_PIT,Shift_1_Morning,443.9,8.0,21.0,24,3,14,8.8,34.2,0.36,27.5,437.9,456.4,438.5,5.4,1.22,Normal (<10%),22.0,3,0.84,15,22.3,21.8005,80.1901
2027-12-05 14:00:00,UKWA_EXTENSION,Shift_2_Evening,492.9,8.0,23.0,24,3,10,0.5,5.8,0.21,4.0,390.4,486.1,470.3,22.6,4.59,Normal (<10%),25.4,3,0.91,12,21.2,21.7932,80.2015
2027-12-05 22:00:00,BAL_NORTH_PIT,Shift_3_Night,486.7,8.0,20.0,20,4,16,2.0,11.5,0.19,0.0,419.5,327.6,187.0,299.7,61.58,Critical (>25%),26.0,6,1.07,16,22.2,21.8121,80.1843
2027-12-06 06:00:00,UKWA_EXTENSION,Shift_1_Morning,559.9,8.0,18.0,20,4,12,1.2,6.1,0.28,0.0,458.8,476.5,557.7,2.2,0.39,Normal (<10%),25.8,4,0.87,12,20.9,21.7932,80.2015
2027-12-06 14:00:00,UKWA_EXTENSION,Shift_2_Evening,547.9,8.0,22.0,24,4,16,0.6,6.1,0.28,8.0,457.1,442.4,524.1,23.8,4.34,Normal (<10%),26.2,6,1.24,16,19.4,21.7932,80.2015
2027-12-06 22:00:00,BAL_SOUTH_PIT,Shift_3_Night,485.3,7.5,22.0,24,3,16,0.3,1.4,0.22,0.0,497.0,432.0,383.8,101.5,20.91,Alert (10-25%),29.7,4,0.74,18,20.4,21.8005,80.1901
2027-12-07 06:00:00,BAL_SOUTH_PIT,Shift_1_Morning,466.7,7.5,21.0,22,4,12,3.4,17.7,0.23,8.1,398.0,505.4,429.8,36.9,7.91,Normal (<10%),25.7,4,0.51,13,21.3,21.8005,80.1901
2027-12-07 14:00:00,BAL_NORTH_PIT,Shift_2_Evening,463.3,8.0,21.0,22,3,12,1.4,6.8,0.25,1.5,440.8,470.9,457.5,5.8,1.25,Normal (<10%),22.4,4,0.15,12,21.3,21.8121,80.1843
2027-12-07 22:00:00,BAL_NORTH_PIT,Shift_3_Night,554.8,8.0,19.0,20,4,14,2.6,13.4,0.3,7.7,412.0,553.0,501.8,53.0,9.55,Normal (<10%),25.6,4,0.49,14,21.8,21.8121,80.1843
2027-12-08 06:00:00,BAL_DEEP_LEVEL_3,Shift_1_Morning,410.4,7.5,17.0,18,4,16,1.2,7.2,0.23,2.9,406.7,396.3,389.8,20.6,5.02,Normal (<10%),26.1,4,0.0,16,17.0,21.8064,80.1876
2027-12-08 14:00:00,UKWA_EXTENSION,Shift_2_Evening,402.6,8.0,17.0,18,4,16,0.4,3.4,0.26,2.4,417.0,481.9,386.8,15.8,3.92,Normal (<10%),26.2,4,0.0,18,19.7,21.7932,80.2015
2027-12-08 22:00:00,BAL_SOUTH_PIT,Shift_3_Night,559.1,7.5,20.0,22,3,12,0.6,5.8,0.24,0.0,446.8,481.6,497.6,61.5,11.0,Alert (10-25%),26.5,4,0.76,14,20.5,21.8005,80.1901
2027-12-09 06:00:00,BAL_NORTH_PIT,Shift_1_Morning,495.4,8.0,23.0,26,3,14,0.7,3.8,0.23,0.0,546.4,483.3,492.2,3.2,0.65,Normal (<10%),26.3,4,0.37,14,18.6,21.8121,80.1843
2027-12-09 14:00:00,BAL_DEEP_LEVEL_3,Shift_2_Evening,426.2,7.5,17.0,18,3,14,5.4,26.1,0.4,26.3,510.8,441.0,372.4,53.8,12.62,Alert (10-25%),23.4,4,0.75,15,18.7,21.8064,80.1876
2027-12-09 22:00:00,BAL_DEEP_LEVEL_3,Shift_3_Night,447.1,8.0,19.0,20,4,12,0.0,0.8,0.18,7.5,456.2,508.2,173.2,273.9,61.26,Critical (>25%),27.8,4,0.44,12,18.4,21.8064,80.1876
2027-12-10 06:00:00,BAL_SOUTH_PIT,Shift_1_Morning,586.5,7.5,25.0,26,3,16,6.4,17.6,0.21,14.3,572.2,451.5,535.8,50.7,8.64,Normal (<10%),24.5,4,0.75,17,20.7,21.8005,80.1901
2027-12-10 14:00:00,BAL_SOUTH_PIT,Shift_2_Evening,571.9,8.0,19.0,20,3,15,5.9,14.5,0.26,12.7,586.8,534.6,561.6,10.3,1.8,Normal (<10%),23.9,3,0.13,15,19.9,21.8005,80.1901
2027-12-10 22:00:00,BAL_DEEP_LEVEL_3,Shift_3_Night,542.0,8.0,21.0,22,2,14,8.3,29.5,0.32,20.9,412.8,457.4,260.9,281.1,51.86,Critical (>25%),28.3,3,1.05,16,21.5,21.8064,80.1876
2027-12-11 06:00:00,BAL_NORTH_PIT,Shift_1_Morning,496.4,7.5,19.0,20,3,14,1.0,4.6,0.15,2.7,457.3,497.0,445.9,50.5,10.17,Alert (10-25%),25.7,3,0.37,15,19.6,21.8121,80.1843
2027-12-11 14:00:00,BAL_DEEP_LEVEL_3,Shift_2_Evening,504.1,7.5,17.0,18,3,15,5.0,17.3,0.32,7.1,446.0,532.0,429.0,75.1,14.9,Alert (10-25%),24.8,3,0.53,17,22.1,21.8064,80.1876
2027-12-11 22:00:00,UKWA_EXTENSION,Shift_3_Night,595.0,8.0,24.0,24,1,14,0.8,4.7,0.22,10.3,379.4,501.2,448.9,146.1,24.55,Alert (10-25%),24.1,2,0.34,15,19.5,21.7932,80.2015
2027-12-12 06:00:00,UKWA_EXTENSION,Shift_1_Morning,593.2,8.0,19.0,20,3,12,0.0,0.7,0.11,9.7,580.1,572.3,584.5,8.7,1.47,Normal (<10%),27.5,3,0.35,13,20.5,21.7932,80.2015
2027-12-12 14:00:00,BAL_SOUTH_PIT,Shift_2_Evening,443.1,7.5,16.0,18,3,16,0.4,6.7,0.31,1.6,358.7,456.8,380.4,62.7,14.15,Alert (10-25%),24.2,4,1.03,19,21.5,21.8005,80.1901
2027-12-12 22:00:00,BAL_NORTH_PIT,Shift_3_Night,562.2,7.5,23.0,24,3,13,4.4,20.9,0.27,19.3,504.9,567.7,506.9,55.3,9.84,Normal (<10%),24.0,3,0.7,16,21.2,21.8121,80.1843
2027-12-13 06:00:00,BAL_NORTH_PIT,Shift_1_Morning,439.4,7.5,19.0,20,4,14,0.0,1.5,0.18,0.0,566.2,548.3,412.3,27.1,6.17,Normal (<10%),28.4,4,0.16,15,18.4,21.8121,80.1843
2027-12-13 14:00:00,UKWA_EXTENSION,Shift_2_Evening,442.7,8.0,23.0,26,4,16,1.2,8.9,0.29,1.8,471.9,433.2,434.1,8.6,1.94,Normal (<10%),26.3,6,0.84,16,20.1,21.7932,80.2015
2027-12-13 22:00:00,BAL_DEEP_LEVEL_3,Shift_3_Night,535.2,8.0,20.0,20,3,14,0.1,6.9,0.26,2.3,493.3,541.5,497.1,38.1,7.12,Normal (<10%),26.7,3,0.1,15,21.5,21.8064,80.1876
2027-12-14 06:00:00,BAL_SOUTH_PIT,Shift_1_Morning,481.0,7.5,19.0,20,2,13,0.5,2.2,0.27,0.0,372.0,529.8,393.0,88.0,18.3,Alert (10-25%),23.5,4,0.8,13,18.9,21.8005,80.1901
2027-12-14 14:00:00,BAL_DEEP_LEVEL_3,Shift_2_Evening,586.3,8.0,18.0,20,4,12,0.1,4.7,0.11,6.0,361.5,464.7,265.4,320.9,54.73,Critical (>25%),29.7,4,0.0,12,19.5,21.8064,80.1876
2027-12-14 22:00:00,BAL_DEEP_LEVEL_3,Shift_3_Night,417.8,8.0,25.0,26,4,14,2.9,11.6,0.24,5.3,545.1,438.3,394.1,23.7,5.67,Normal (<10%),23.8,5,0.66,16,21.0,21.8064,80.1876
2027-12-15 06:00:00,BAL_DEEP_LEVEL_3,Shift_1_Morning,502.3,7.5,19.0,20,3,14,1.3,5.3,0.23,7.6,571.0,404.6,462.6,39.7,7.9,Normal (<10%),28.5,5,1.19,17,22.9,21.8064,80.1876
2027-12-15 14:00:00,BAL_NORTH_PIT,Shift_2_Evening,583.7,8.0,23.0,26,3,12,3.5,11.3,0.32,3.7,550.5,567.3,583.7,0.0,0.0,Normal (<10%),26.7,3,0.16,12,21.0,21.8121,80.1843
2027-12-15 22:00:00,UKWA_EXTENSION,Shift_3_Night,580.8,7.5,20.0,20,4,16,1.7,7.9,0.2,4.8,507.4,436.8,515.8,65.0,11.19,Alert (10-25%),27.0,4,0.37,16,19.0,21.7932,80.2015
2027-12-16 06:00:00,BAL_NORTH_PIT,Shift_1_Morning,431.3,7.5,22.0,24,4,12,5.3,18.9,0.28,6.7,535.3,476.8,385.2,46.1,10.69,Alert (10-25%),23.5,5,0.63,15,22.8,21.8121,80.1843
2027-12-16 14:00:00,UKWA_EXTENSION,Shift_2_Evening,473.3,8.0,23.0,24,3,11,1.1,5.5,0.23,0.0,468.3,406.4,426.5,46.8,9.89,Normal (<10%),26.4,5,1.32,11,20.5,21.7932,80.2015
2027-12-16 22:00:00,BAL_SOUTH_PIT,Shift_3_Night,523.8,8.0,23.0,26,3,14,1.5,13.8,0.31,10.8,551.8,567.7,470.3,53.5,10.21,Alert (10-25%),24.3,3,0.22,14,20.3,21.8005,80.1901
2027-12-17 06:00:00,BAL_SOUTH_PIT,Shift_1_Morning,431.9,7.5,23.0,24,4,14,1.3,9.9,0.19,6.9,444.5,481.6,376.4,55.5,12.85,Alert (10-25%),26.1,4,0.23,14,18.6,21.8005,80.1901
2027-12-17 14:00:00,BAL_DEEP_LEVEL_3,Shift_2_Evening,593.6,7.5,18.0,20,4,12,1.0,4.9,0.27,0.8,576.5,493.0,538.3,55.3,9.32,Normal (<10%),25.6,4,0.15,12,20.5,21.8064,80.1876
2027-12-17 22:00:00,UKWA_EXTENSION,Shift_3_Night,582.9,7.5,18.0,18,3,14,2.8,13.6,0.24,4.2,480.9,560.5,498.4,84.5,14.5,Alert (10-25%),22.4,3,0.06,17,21.5,21.7932,80.2015
2027-12-18 06:00:00,UKWA_EXTENSION,Shift_1_Morning,433.4,8.0,17.0,18,4,14,1.6,7.1,0.25,0.0,550.1,341.1,423.2,10.2,2.35,Normal (<10%),27.6,4,0.56,14,18.4,21.7932,80.2015
2027-12-18 14:00:00,UKWA_EXTENSION,Shift_2_Evening,424.2,7.5,18.0,20,3,14,2.4,14.7,0.26,11.4,401.4,496.0,359.3,64.9,15.3,Alert (10-25%),25.1,3,0.36,14,20.7,21.7932,80.2015
2027-12-18 22:00:00,BAL_DEEP_LEVEL_3,Shift_3_Night,417.1,7.5,22.0,24,3,15,2.3,12.1,0.27,4.4,370.0,443.6,232.7,184.4,44.21,Critical (>25%),24.7,4,0.72,16,20.1,21.8064,80.1876
2027-12-19 06:00:00,BAL_DEEP_LEVEL_3,Shift_1_Morning,581.9,7.5,21.0,22,3,14,0.3,4.1,0.23,10.7,556.2,586.9,553.0,28.9,4.97,Normal (<10%),25.5,4,1.08,15,18.5,21.8064,80.1876
2027-12-19 14:00:00,BAL_SOUTH_PIT,Shift_2_Evening,438.7,7.5,17.0,18,4,13,1.6,9.4,0.31,7.0,369.3,447.8,395.5,43.2,9.85,Normal (<10%),25.9,4,0.8,15,20.9,21.8005,80.1901
2027-12-19 22:00:00,BAL_NORTH_PIT,Shift_3_Night,483.3,8.0,22.0,24,3,14,0.3,8.5,0.23,8.1,525.5,471.2,443.1,40.2,8.32,Normal (<10%),24.6,4,0.21,17,22.4,21.8121,80.1843
2027-12-20 06:00:00,UKWA_EXTENSION,Shift_1_Morning,489.8,8.0,25.0,26,4,16,1.3,7.9,0.22,12.2,514.6,582.2,472.7,17.1,3.49,Normal (<10%),22.7,5,0.89,16,21.0,21.7932,80.2015
2027-12-20 14:00:00,UKWA_EXTENSION,Shift_2_Evening,519.8,7.5,22.0,24,4,12,1.7,7.2,0.29,0.5,437.6,364.9,268.0,251.8,48.44,Critical (>25%),26.3,5,0.77,12,21.1,21.7932,80.2015
2027-12-20 22:00:00,BAL_NORTH_PIT,Shift_3_Night,414.3,8.0,16.0,18,4,14,8.8,27.7,0.41,20.6,530.4,404.8,385.3,29.0,7.0,Normal (<10%),24.1,6,0.93,14,22.4,21.8121,80.1843
2027-12-21 06:00:00,UKWA_EXTENSION,Shift_1_Morning,445.4,8.0,21.0,22,4,16,0.0,0.7,0.18,2.8,429.7,362.4,442.2,3.2,0.72,Normal (<10%),26.6,5,0.8,19,20.9,21.7932,80.2015
2027-12-21 14:00:00,BAL_DEEP_LEVEL_3,Shift_2_Evening,586.3,8.0,22.0,22,2,12,0.1,1.9,0.24,0.0,426.2,426.2,515.3,71.0,12.11,Alert (10-25%),24.7,3,0.18,12,19.7,21.8064,80.1876
2027-12-21 22:00:00,BAL_DEEP_LEVEL_3,Shift_3_Night,581.7,7.5,17.0,18,3,15,0.1,2.3,0.17,0.0,372.4,392.3,250.0,331.7,57.02,Critical (>25%),26.9,3,0.84,18,19.3,21.8064,80.1876
2027-12-22 06:00:00,UKWA_EXTENSION,Shift_1_Morning,556.3,8.0,18.0,20,4,11,0.8,1.8,0.24,0.0,583.4,412.4,523.5,32.8,5.9,Normal (<10%),24.2,4,0.55,11,18.6,21.7932,80.2015
2027-12-22 14:00:00,BAL_DEEP_LEVEL_3,Shift_2_Evening,403.9,8.0,17.0,18,2,12,2.6,6.3,0.28,0.0,488.7,471.7,321.1,82.8,20.5,Alert (10-25%),24.3,3,0.44,14,20.3,21.8064,80.1876
2027-12-22 22:00:00,BAL_DEEP_LEVEL_3,Shift_3_Night,465.4,7.5,25.0,26,3,16,2.8,12.0,0.25,13.4,415.1,427.9,194.9,270.5,58.12,Critical (>25%),24.4,5,0.82,17,22.0,21.8064,80.1876
2027-12-23 06:00:00,UKWA_EXTENSION,Shift_1_Morning,525.6,7.5,22.0,24,4,16,2.0,8.9,0.3,1.9,458.4,431.7,493.7,31.9,6.07,Normal (<10%),26.8,4,0.0,17,21.8,21.7932,80.2015
2027-12-23 14:00:00,BAL_SOUTH_PIT,Shift_2_Evening,455.0,8.0,17.0,18,3,15,3.4,10.8,0.24,11.9,469.1,440.4,442.1,12.9,2.84,Normal (<10%),25.2,4,0.61,16,19.4,21.8005,80.1901
2027-12-23 22:00:00,BAL_NORTH_PIT,Shift_3_Night,581.9,8.0,23.0,26,1,13,0.6,3.5,0.22,0.0,405.0,477.0,443.0,138.9,23.87,Alert (10-25%),25.7,1,0.26,13,19.6,21.8121,80.1843
2027-12-24 06:00:00,BAL_DEEP_LEVEL_3,Shift_1_Morning,526.8,7.5,18.0,20,4,12,0.1,9.3,0.27,6.3,456.8,541.8,510.7,16.1,3.06,Normal (<10%),28.6,4,0.0,12,19.8,21.8064,80.1876
2027-12-24 14:00:00,BAL_SOUTH_PIT,Shift_2_Evening,414.4,7.5,21.0,22,4,14,0.1,1.6,0.16,3.6,439.4,507.1,374.0,40.4,9.75,Normal (<10%),27.4,5,0.93,14,18.9,21.8005,80.1901
2027-12-24 22:00:00,BAL_DEEP_LEVEL_3,Shift_3_Night,581.8,7.5,18.0,20,3,15,2.9,9.8,0.18,11.5,497.1,430.9,230.6,351.2,60.36,Critical (>25%),26.6,4,1.08,15,19.1,21.8064,80.1876
2027-12-25 06:00:00,BAL_DEEP_LEVEL_3,Shift_1_Morning,591.6,7.5,17.0,18,3,14,2.0,10.2,0.26,4.4,516.3,466.3,544.0,47.6,8.05,Normal (<10%),25.1,3,0.39,17,22.8,21.8064,80.1876
2027-12-25 14:00:00,BAL_NORTH_PIT,Shift_2_Evening,415.5,8.0,21.0,22,3,12,1.8,9.3,0.21,2.8,357.8,459.3,376.0,39.5,9.51,Normal (<10%),25.1,5,0.91,13,20.2,21.8121,80.1843
2027-12-25 22:00:00,BAL_DEEP_LEVEL_3,Shift_3_Night,506.5,7.5,22.0,24,4,12,0.6,4.1,0.16,0.0,547.3,468.3,462.2,44.3,8.75,Normal (<10%),23.4,6,1.13,13,19.8,21.8064,80.1876
2027-12-26 06:00:00,BAL_NORTH_PIT,Shift_1_Morning,460.7,8.0,17.0,18,3,15,0.7,3.6,0.26,0.1,491.4,458.4,272.2,188.5,40.92,Critical (>25%),27.6,3,0.39,15,20.0,21.8121,80.1843
2027-12-26 14:00:00,BAL_NORTH_PIT,Shift_2_Evening,478.6,8.0,21.0,22,3,12,4.8,19.0,0.37,29.1,508.1,526.2,466.8,11.8,2.47,Normal (<10%),24.9,3,0.08,13,20.7,21.8121,80.1843
2027-12-26 22:00:00,BAL_NORTH_PIT,Shift_3_Night,435.9,8.0,17.0,18,4,14,0.1,6.3,0.27,3.0,479.3,541.2,404.8,31.1,7.13,Normal (<10%),25.6,5,0.5,14,20.1,21.8121,80.1843
2027-12-27 06:00:00,BAL_SOUTH_PIT,Shift_1_Morning,515.6,7.5,22.0,24,4,16,2.2,7.3,0.18,0.0,405.7,531.2,479.4,36.2,7.02,Normal (<10%),26.1,5,0.61,16,20.6,21.8005,80.1901
2027-12-27 14:00:00,UKWA_EXTENSION,Shift_2_Evening,591.6,7.5,17.0,18,4,14,0.6,4.9,0.23,2.4,555.9,454.1,538.1,53.5,9.04,Normal (<10%),27.3,4,0.47,15,21.5,21.7932,80.2015
2027-12-27 22:00:00,BAL_SOUTH_PIT,Shift_3_Night,500.6,8.0,25.0,26,4,16,0.1,0.7,0.19,4.0,533.2,383.3,441.7,58.9,11.77,Alert (10-25%),24.5,4,0.4,16,18.0,21.8005,80.1901
2027-12-28 06:00:00,UKWA_EXTENSION,Shift_1_Morning,416.6,8.0,18.0,20,4,11,2.0,12.7,0.22,5.3,385.5,387.4,200.1,216.5,51.97,Critical (>25%),24.8,4,0.46,11,18.6,21.7932,80.2015
2027-12-28 14:00:00,UKWA_EXTENSION,Shift_2_Evening,524.0,8.0,17.0,18,4,16,0.6,4.2,0.23,0.0,413.8,406.8,488.9,35.1,6.7,Normal (<10%),24.6,5,0.24,17,20.1,21.7932,80.2015
2027-12-28 22:00:00,BAL_NORTH_PIT,Shift_3_Night,468.0,8.0,25.0,26,3,15,1.9,7.1,0.23,17.3,401.4,417.3,428.8,39.2,8.38,Normal (<10%),28.7,4,0.9,15,20.9,21.8121,80.1843
2027-12-29 06:00:00,BAL_DEEP_LEVEL_3,Shift_1_Morning,571.2,8.0,24.0,26,3,14,1.8,11.9,0.25,9.8,542.9,466.7,563.1,8.1,1.42,Normal (<10%),26.9,4,0.7,17,21.8,21.8064,80.1876
2027-12-29 14:00:00,BAL_NORTH_PIT,Shift_2_Evening,486.9,7.5,18.0,18,3,13,1.1,9.8,0.3,14.2,439.0,523.5,434.2,52.7,10.82,Alert (10-25%),22.1,3,1.17,13,21.1,21.8121,80.1843
2027-12-29 22:00:00,BAL_DEEP_LEVEL_3,Shift_3_Night,438.6,7.5,20.0,22,4,12,2.3,9.2,0.31,4.1,328.7,453.2,256.7,181.9,41.47,Critical (>25%),23.1,4,0.28,13,19.5,21.8064,80.1876
2027-12-30 06:00:00,UKWA_EXTENSION,Shift_1_Morning,438.2,7.5,20.0,22,4,12,1.3,4.7,0.21,12.0,454.3,398.5,393.3,44.9,10.25,Alert (10-25%),26.2,4,0.5,14,19.8,21.7932,80.2015
2027-12-30 14:00:00,BAL_NORTH_PIT,Shift_2_Evening,553.8,8.0,18.0,20,4,16,0.5,3.6,0.21,6.9,384.5,505.7,500.1,53.7,9.7,Normal (<10%),25.7,4,1.25,16,17.3,21.8121,80.1843
2027-12-30 22:00:00,BAL_DEEP_LEVEL_3,Shift_3_Night,453.1,8.0,21.0,22,3,14,2.0,8.1,0.23,8.0,444.3,364.5,422.9,30.2,6.67,Normal (<10%),24.0,3,0.46,14,19.7,21.8064,80.1876
2027-12-31 06:00:00,BAL_SOUTH_PIT,Shift_1_Morning,553.4,7.5,23.0,24,3,13,1.3,3.9,0.25,0.0,433.7,525.5,498.0,55.4,10.01,Alert (10-25%),29.1,4,0.68,13,17.6,21.8005,80.1901
2027-12-31 14:00:00,BAL_DEEP_LEVEL_3,Shift_2_Evening,441.2,7.5,16.0,18,3,16,0.0,3.1,0.23,0.0,417.3,445.9,369.0,72.2,16.36,Alert (10-25%),26.8,3,0.1,18,21.7,21.8064,80.1876
2027-12-31 22:00:00,BAL_NORTH_PIT,Shift_3_Night,464.3,8.0,21.0,22,4,12,3.5,15.3,0.24,12.5,479.8,481.5,420.6,43.7,9.41,Normal (<10%),26.0,4,0.86,13,22.3,21.8121,80.1843
2028-01-01 06:00:00,BAL_SOUTH_PIT,Shift_1_Morning,493.1,7.5,23.0,24,4,12,1.2,13.7,0.26,7.4,479.9,385.3,451.9,41.2,8.36,Normal (<10%),25.1,4,0.05,13,20.9,21.8005,80.1901
2028-01-01 14:00:00,BAL_DEEP_LEVEL_3,Shift_2_Evening,588.6,7.5,22.0,24,2,14,3.0,13.4,0.19,10.8,540.7,537.4,476.5,112.1,19.05,Alert (10-25%),27.7,3,0.83,16,19.2,21.8064,80.1876
2028-01-01 22:00:00,BAL_DEEP_LEVEL_3,Shift_3_Night,586.3,7.5,25.0,26,4,15,3.2,20.1,0.22,11.0,428.7,371.4,488.9,97.4,16.61,Alert (10-25%),25.3,5,0.56,16,21.3,21.8064,80.1876
2028-01-02 06:00:00,BAL_DEEP_LEVEL_3,Shift_1_Morning,441.4,8.0,20.0,22,4,12,0.9,3.9,0.16,4.7,518.6,425.7,432.2,9.2,2.08,Normal (<10%),27.1,4,0.34,15,22.3,21.8064,80.1876
2028-01-02 14:00:00,BAL_DEEP_LEVEL_3,Shift_2_Evening,471.6,8.0,18.0,20,4,13,1.1,10.0,0.24,3.4,538.1,531.9,438.4,33.2,7.04,Normal (<10%),27.5,4,0.0,15,21.3,21.8064,80.1876
2028-01-02 22:00:00,BAL_DEEP_LEVEL_3,Shift_3_Night,429.9,7.5,23.0,24,4,10,0.8,5.5,0.26,5.9,389.0,316.0,181.3,248.6,57.83,Critical (>25%),24.4,5,1.1,10,21.1,21.8064,80.1876
2028-01-03 06:00:00,BAL_SOUTH_PIT,Shift_1_Morning,502.0,8.0,22.0,22,3,11,0.9,16.5,0.24,6.0,472.1,558.5,493.2,8.8,1.75,Normal (<10%),28.4,3,0.32,11,19.9,21.8005,80.1901
2028-01-03 14:00:00,UKWA_EXTENSION,Shift_2_Evening,492.1,7.5,17.0,18,4,14,3.4,13.9,0.26,7.6,529.0,388.7,453.5,38.6,7.84,Normal (<10%),26.4,6,0.64,14,19.5,21.7932,80.2015
2028-01-03 22:00:00,BAL_SOUTH_PIT,Shift_3_Night,580.2,7.5,19.0,20,4,16,2.3,11.4,0.27,6.5,445.2,463.9,522.1,58.1,10.01,Alert (10-25%),28.2,6,1.38,16,20.2,21.8005,80.1901
2028-01-04 06:00:00,BAL_SOUTH_PIT,Shift_1_Morning,586.0,8.0,20.0,22,3,16,0.2,1.3,0.28,0.0,583.2,535.1,557.7,28.3,4.83,Normal (<10%),25.4,3,0.25,16,17.8,21.8005,80.1901
2028-01-04 14:00:00,BAL_SOUTH_PIT,Shift_2_Evening,476.7,8.0,17.0,18,4,12,1.4,4.6,0.23,0.0,413.0,564.4,464.0,12.7,2.66,Normal (<10%),25.7,6,1.1,12,21.9,21.8005,80.1901
2028-01-04 22:00:00,UKWA_EXTENSION,Shift_3_Night,498.3,8.0,24.0,24,3,14,8.2,24.5,0.33,17.7,505.2,513.8,461.1,37.2,7.47,Normal (<10%),23.1,3,0.69,14,21.6,21.7932,80.2015
2028-01-05 06:00:00,BAL_NORTH_PIT,Shift_1_Morning,579.2,7.5,23.0,24,4,16,1.4,7.8,0.21,8.7,503.7,409.9,543.8,35.4,6.11,Normal (<10%),27.3,4,0.54,17,21.0,21.8121,80.1843
2028-01-05 14:00:00,UKWA_EXTENSION,Shift_2_Evening,561.3,7.5,18.0,18,4,12,2.3,8.1,0.33,6.7,484.9,461.7,502.0,59.3,10.56,Alert (10-25%),26.3,5,0.04,12,20.0,21.7932,80.2015
2028-01-05 22:00:00,BAL_SOUTH_PIT,Shift_3_Night,400.7,7.5,21.0,22,3,15,2.2,11.5,0.3,10.2,375.5,535.8,357.0,43.7,10.91,Alert (10-25%),25.4,3,0.61,16,19.3,21.8005,80.1901
2028-01-06 06:00:00,BAL_DEEP_LEVEL_3,Shift_1_Morning,464.0,8.0,22.0,24,4,14,0.6,4.1,0.16,3.2,526.7,561.7,451.8,12.2,2.63,Normal (<10%),26.0,4,0.37,16,21.4,21.8064,80.1876
2028-01-06 14:00:00,BAL_DEEP_LEVEL_3,Shift_2_Evening,484.4,7.5,20.0,22,3,12,0.7,12.4,0.34,4.8,407.2,328.5,414.7,69.7,14.39,Alert (10-25%),23.9,3,0.3,14,20.5,21.8064,80.1876
2028-01-06 22:00:00,BAL_SOUTH_PIT,Shift_3_Night,445.9,7.5,23.0,24,3,12,1.9,7.3,0.27,0.0,532.4,436.5,402.7,43.2,9.69,Normal (<10%),26.5,4,0.67,13,20.8,21.8005,80.1901
2028-01-07 06:00:00,BAL_DEEP_LEVEL_3,Shift_1_Morning,439.9,7.5,25.0,26,3,12,1.0,5.5,0.24,1.0,455.9,340.2,243.1,196.8,44.74,Critical (>25%),26.2,3,0.0,13,20.6,21.8064,80.1876
2028-01-07 14:00:00,BAL_SOUTH_PIT,Shift_2_Evening,407.6,7.5,22.0,24,3,16,1.3,3.5,0.25,1.7,444.1,432.4,180.2,227.4,55.79,Critical (>25%),26.0,3,0.46,17,20.2,21.8005,80.1901
2028-01-07 22:00:00,BAL_DEEP_LEVEL_3,Shift_3_Night,528.7,8.0,22.0,24,3,16,1.9,8.0,0.3,2.2,395.9,494.9,436.5,92.2,17.44,Alert (10-25%),28.7,3,0.0,16,19.5,21.8064,80.1876
2028-01-08 06:00:00,UKWA_EXTENSION,Shift_1_Morning,452.5,8.0,23.0,26,4,16,2.3,10.1,0.21,14.5,477.7,385.5,424.7,27.8,6.14,Normal (<10%),26.6,6,0.91,17,20.1,21.7932,80.2015
2028-01-08 14:00:00,BAL_NORTH_PIT,Shift_2_Evening,410.5,8.0,19.0,20,4,15,0.5,4.3,0.2,4.2,382.0,530.2,392.5,18.0,4.38,Normal (<10%),29.2,6,1.05,15,18.5,21.8121,80.1843
2028-01-08 22:00:00,BAL_NORTH_PIT,Shift_3_Night,446.2,7.5,24.0,26,3,14,0.2,3.8,0.22,2.1,468.1,424.1,379.3,66.9,14.99,Alert (10-25%),26.4,4,1.02,14,20.4,21.8121,80.1843
2028-01-09 06:00:00,UKWA_EXTENSION,Shift_1_Morning,560.4,7.5,18.0,20,3,12,0.5,5.0,0.16,6.1,462.8,551.4,515.7,44.7,7.98,Normal (<10%),27.8,4,0.45,12,19.8,21.7932,80.2015
2028-01-09 14:00:00,UKWA_EXTENSION,Shift_2_Evening,570.3,7.5,21.0,24,3,11,1.1,4.7,0.26,13.2,540.0,422.0,483.2,87.1,15.27,Alert (10-25%),26.8,4,1.14,12,20.2,21.7932,80.2015
2028-01-09 22:00:00,BAL_SOUTH_PIT,Shift_3_Night,496.6,8.0,19.0,20,3,14,0.6,4.5,0.21,1.6,447.2,541.6,435.2,61.4,12.36,Alert (10-25%),24.6,3,0.68,16,19.8,21.8005,80.1901
2028-01-10 06:00:00,BAL_SOUTH_PIT,Shift_1_Morning,483.2,8.0,18.0,18,3,14,1.3,5.4,0.21,0.0,387.2,415.7,467.2,16.0,3.31,Normal (<10%),29.3,3,0.27,14,21.7,21.8005,80.1901
2028-01-10 14:00:00,BAL_SOUTH_PIT,Shift_2_Evening,595.6,8.0,17.0,18,3,12,0.1,6.3,0.2,5.8,448.5,511.1,566.9,28.7,4.82,Normal (<10%),26.9,5,0.67,12,18.3,21.8005,80.1901
2028-01-10 22:00:00,BAL_DEEP_LEVEL_3,Shift_3_Night,440.1,8.0,16.0,18,3,15,1.1,9.0,0.24,0.3,449.1,391.1,395.9,44.2,10.04,Alert (10-25%),27.8,3,0.0,16,18.8,21.8064,80.1876
2028-01-11 06:00:00,BAL_SOUTH_PIT,Shift_1_Morning,443.1,8.0,24.0,26,3,16,0.7,11.6,0.27,3.0,566.0,392.4,432.4,10.7,2.41,Normal (<10%),25.1,3,0.48,19,21.4,21.8005,80.1901
2028-01-11 14:00:00,UKWA_EXTENSION,Shift_2_Evening,458.4,7.5,16.0,18,3,12,1.1,8.3,0.29,12.7,404.6,375.5,419.2,39.2,8.55,Normal (<10%),26.2,3,0.18,13,20.4,21.7932,80.2015
2028-01-11 22:00:00,BAL_NORTH_PIT,Shift_3_Night,434.6,8.0,22.0,22,3,12,0.8,6.7,0.28,10.9,537.1,397.5,407.8,26.8,6.17,Normal (<10%),25.3,3,0.76,12,21.2,21.8121,80.1843
2028-01-12 06:00:00,BAL_DEEP_LEVEL_3,Shift_1_Morning,475.9,8.0,17.0,18,3,13,0.5,6.2,0.17,7.4,537.6,395.0,460.4,15.5,3.26,Normal (<10%),29.1,4,0.5,13,20.0,21.8064,80.1876
2028-01-12 14:00:00,BAL_SOUTH_PIT,Shift_2_Evening,582.2,8.0,23.0,24,3,14,3.5,11.7,0.28,9.7,502.8,594.7,564.2,18.0,3.09,Normal (<10%),26.7,3,0.13,15,20.8,21.8005,80.1901
2028-01-12 22:00:00,BAL_DEEP_LEVEL_3,Shift_3_Night,523.1,7.5,17.0,18,4,12,0.3,4.9,0.29,0.0,445.5,443.3,183.6,339.5,64.9,Critical (>25%),27.2,5,0.77,15,21.7,21.8064,80.1876
2028-01-13 06:00:00,BAL_DEEP_LEVEL_3,Shift_1_Morning,482.4,8.0,19.0,20,4,14,1.7,5.9,0.22,0.0,548.5,461.9,468.2,14.2,2.94,Normal (<10%),29.0,4,0.19,14,20.2,21.8064,80.1876
2028-01-13 14:00:00,BAL_SOUTH_PIT,Shift_2_Evening,586.9,8.0,23.0,24,3,16,3.9,19.1,0.29,19.3,371.0,510.2,327.4,259.5,44.22,Critical (>25%),27.3,3,0.4,18,23.8,21.8005,80.1901
2028-01-13 22:00:00,BAL_DEEP_LEVEL_3,Shift_3_Night,409.7,8.0,23.0,24,4,10,1.2,8.8,0.22,3.3,517.7,516.1,365.1,44.6,10.89,Alert (10-25%),27.9,6,1.3,12,20.9,21.8064,80.1876
2028-01-14 06:00:00,BAL_NORTH_PIT,Shift_1_Morning,442.1,7.5,17.0,18,4,16,3.1,15.9,0.31,6.6,525.9,467.4,406.7,35.4,8.01,Normal (<10%),23.5,4,0.44,16,20.1,21.8121,80.1843
2028-01-14 14:00:00,UKWA_EXTENSION,Shift_2_Evening,513.2,7.5,18.0,20,4,14,0.2,5.5,0.24,2.7,485.5,549.2,455.2,58.0,11.3,Alert (10-25%),25.9,4,0.44,14,20.0,21.7932,80.2015
2028-01-14 22:00:00,UKWA_EXTENSION,Shift_3_Night,523.1,8.0,23.0,24,4,14,1.0,7.9,0.29,8.2,573.5,410.7,479.1,44.0,8.41,Normal (<10%),24.9,4,0.46,14,17.6,21.7932,80.2015
2028-01-15 06:00:00,BAL_NORTH_PIT,Shift_1_Morning,407.9,8.0,23.0,24,4,14,0.9,4.3,0.22,1.8,420.8,574.6,407.8,0.1,0.02,Normal (<10%),28.2,5,0.19,15,19.9,21.8121,80.1843
2028-01-15 14:00:00,BAL_DEEP_LEVEL_3,Shift_2_Evening,480.6,8.0,20.0,22,3,11,0.0,4.7,0.29,2.2,530.1,497.4,439.6,41.0,8.53,Normal (<10%),26.9,4,0.82,11,21.1,21.8064,80.1876
2028-01-15 22:00:00,BAL_SOUTH_PIT,Shift_3_Night,529.8,8.0,24.0,26,4,16,0.9,6.7,0.26,0.0,530.0,539.8,491.3,38.5,7.27,Normal (<10%),24.6,4,0.45,19,21.8,21.8005,80.1901
2028-01-16 06:00:00,BAL_DEEP_LEVEL_3,Shift_1_Morning,539.6,7.5,20.0,20,3,12,0.7,9.7,0.31,6.1,452.4,562.6,487.8,51.8,9.6,Normal (<10%),25.9,5,1.27,12,20.7,21.8064,80.1876
2028-01-16 14:00:00,BAL_NORTH_PIT,Shift_2_Evening,527.6,8.0,18.0,18,3,16,1.7,6.0,0.2,9.0,458.0,333.2,227.6,300.0,56.86,Critical (>25%),24.9,5,1.18,17,20.6,21.8121,80.1843
2028-01-16 22:00:00,BAL_DEEP_LEVEL_3,Shift_3_Night,464.1,7.5,22.0,24,4,13,4.2,13.5,0.35,8.7,487.4,551.0,388.0,76.1,16.4,Alert (10-25%),25.5,4,0.34,15,22.8,21.8064,80.1876
2028-01-17 06:00:00,UKWA_EXTENSION,Shift_1_Morning,418.7,8.0,22.0,24,3,16,0.1,2.0,0.18,11.7,510.8,456.3,418.7,0.0,0.0,Normal (<10%),25.1,4,1.01,16,20.6,21.7932,80.2015
2028-01-17 14:00:00,BAL_DEEP_LEVEL_3,Shift_2_Evening,485.4,7.5,25.0,26,4,12,0.6,2.3,0.19,0.0,315.9,474.9,227.3,258.1,53.17,Critical (>25%),28.3,6,0.91,12,19.7,21.8064,80.1876
2028-01-17 22:00:00,BAL_NORTH_PIT,Shift_3_Night,425.8,7.5,17.0,18,3,12,0.9,6.7,0.21,2.0,550.2,522.0,359.3,66.5,15.62,Alert (10-25%),27.6,3,0.47,14,20.1,21.8121,80.1843
2028-01-18 06:00:00,UKWA_EXTENSION,Shift_1_Morning,589.5,8.0,21.0,22,3,16,0.9,8.0,0.21,2.0,519.6,489.5,568.9,20.6,3.49,Normal (<10%),29.8,3,0.31,16,17.4,21.7932,80.2015
2028-01-18 14:00:00,BAL_DEEP_LEVEL_3,Shift_2_Evening,495.0,7.5,20.0,22,3,14,2.2,4.9,0.32,0.0,428.2,526.6,447.7,47.3,9.56,Normal (<10%),27.8,3,0.54,15,21.6,21.8064,80.1876
2028-01-18 22:00:00,BAL_DEEP_LEVEL_3,Shift_3_Night,463.5,8.0,20.0,20,4,15,0.9,7.5,0.26,7.7,416.6,318.7,220.4,243.1,52.45,Critical (>25%),26.0,5,0.59,15,20.5,21.8064,80.1876
2028-01-19 06:00:00,UKWA_EXTENSION,Shift_1_Morning,553.3,7.5,26.0,26,4,14,0.0,4.8,0.25,1.8,439.3,399.3,520.3,33.0,5.96,Normal (<10%),28.1,6,1.49,14,19.9,21.7932,80.2015
2028-01-19 14:00:00,BAL_SOUTH_PIT,Shift_2_Evening,499.6,7.5,26.0,26,3,12,1.9,12.4,0.17,18.0,352.3,285.9,197.3,302.3,60.51,Critical (>25%),24.7,3,1.01,13,19.5,21.8005,80.1901
2028-01-19 22:00:00,UKWA_EXTENSION,Shift_3_Night,462.0,8.0,22.0,24,3,12,3.2,14.8,0.34,11.1,471.0,534.4,433.7,28.3,6.13,Normal (<10%),24.1,4,0.96,13,22.3,21.7932,80.2015
2028-01-20 06:00:00,BAL_SOUTH_PIT,Shift_1_Morning,562.4,8.0,21.0,24,4,12,1.1,4.1,0.17,0.0,595.8,417.5,552.7,9.7,1.72,Normal (<10%),28.0,4,0.86,12,19.0,21.8005,80.1901
2028-01-20 14:00:00,BAL_NORTH_PIT,Shift_2_Evening,573.4,7.5,22.0,24,2,12,1.3,4.4,0.22,0.0,450.8,445.6,470.1,103.3,18.02,Alert (10-25%),23.9,2,0.0,14,20.3,21.8121,80.1843
2028-01-20 22:00:00,BAL_NORTH_PIT,Shift_3_Night,534.6,7.5,23.0,24,3,15,0.3,3.1,0.18,10.4,488.3,423.1,462.1,72.5,13.56,Alert (10-25%),27.4,4,0.27,15,19.2,21.8121,80.1843
2028-01-21 06:00:00,UKWA_EXTENSION,Shift_1_Morning,409.4,8.0,17.0,18,4,14,0.4,9.2,0.26,7.2,454.4,546.0,409.4,0.0,0.0,Normal (<10%),25.0,6,0.9,15,21.0,21.7932,80.2015
2028-01-21 14:00:00,UKWA_EXTENSION,Shift_2_Evening,513.3,8.0,17.0,18,3,13,0.4,10.5,0.33,13.5,567.0,437.8,498.2,15.1,2.94,Normal (<10%),26.1,3,0.41,13,19.5,21.7932,80.2015
2028-01-21 22:00:00,BAL_NORTH_PIT,Shift_3_Night,552.7,8.0,19.0,20,3,14,0.8,7.5,0.19,5.3,470.1,453.4,492.7,60.0,10.86,Alert (10-25%),25.4,3,0.34,16,21.0,21.8121,80.1843
2028-01-22 06:00:00,BAL_SOUTH_PIT,Shift_1_Morning,427.3,7.5,22.0,22,4,16,3.9,11.0,0.22,7.4,427.9,459.0,395.9,31.4,7.35,Normal (<10%),27.2,4,0.0,17,19.7,21.8005,80.1901
2028-01-22 14:00:00,BAL_NORTH_PIT,Shift_2_Evening,445.7,8.0,20.0,20,3,12,1.1,4.9,0.23,10.0,413.4,496.2,203.2,242.5,54.41,Critical (>25%),27.1,3,0.75,13,19.4,21.8121,80.1843
2028-01-22 22:00:00,UKWA_EXTENSION,Shift_3_Night,576.5,8.0,22.0,24,3,11,0.3,13.1,0.34,10.6,340.3,469.4,280.7,295.8,51.31,Critical (>25%),27.8,4,1.35,11,21.7,21.7932,80.2015
2028-01-23 06:00:00,BAL_NORTH_PIT,Shift_1_Morning,404.0,7.5,24.0,26,4,13,0.5,4.6,0.2,4.9,453.2,419.4,358.2,45.8,11.34,Alert (10-25%),27.2,5,1.08,14,18.9,21.8121,80.1843
2028-01-23 14:00:00,UKWA_EXTENSION,Shift_2_Evening,550.5,8.0,16.0,18,4,12,0.7,5.7,0.19,1.8,489.1,440.9,550.5,0.0,0.0,Normal (<10%),26.1,4,0.73,12,20.4,21.7932,80.2015
2028-01-23 22:00:00,UKWA_EXTENSION,Shift_3_Night,494.8,8.0,15.0,18,3,11,1.5,11.3,0.26,11.9,494.7,513.0,434.9,59.9,12.11,Alert (10-25%),26.0,3,0.47,11,20.3,21.7932,80.2015
2028-01-24 06:00:00,BAL_NORTH_PIT,Shift_1_Morning,489.4,8.0,17.0,18,3,15,0.9,2.3,0.21,1.2,534.6,520.3,486.5,2.9,0.59,Normal (<10%),25.3,4,0.45,18,18.9,21.8121,80.1843
2028-01-24 14:00:00,BAL_SOUTH_PIT,Shift_2_Evening,401.4,8.0,16.0,18,3,12,0.7,2.6,0.16,0.0,486.8,524.3,401.4,0.0,0.0,Normal (<10%),28.2,3,0.42,14,21.3,21.8005,80.1901
2028-01-24 22:00:00,BAL_DEEP_LEVEL_3,Shift_3_Night,563.9,7.5,24.0,26,3,15,1.2,11.7,0.24,18.6,418.7,526.2,484.3,79.6,14.12,Alert (10-25%),27.3,4,1.33,15,20.5,21.8064,80.1876
2028-01-25 06:00:00,BAL_NORTH_PIT,Shift_1_Morning,472.0,8.0,18.0,20,3,16,0.4,5.9,0.13,2.4,518.7,490.5,472.0,0.0,0.0,Normal (<10%),31.3,3,0.29,16,19.5,21.8121,80.1843
2028-01-25 14:00:00,BAL_DEEP_LEVEL_3,Shift_2_Evening,508.2,8.0,17.0,18,3,14,0.1,5.4,0.23,0.0,469.0,410.9,439.4,68.8,13.54,Alert (10-25%),26.1,3,0.26,17,21.9,21.8064,80.1876
2028-01-25 22:00:00,BAL_NORTH_PIT,Shift_3_Night,535.5,8.0,23.0,24,4,14,0.0,0.5,0.14,6.0,425.7,505.7,519.7,15.8,2.95,Normal (<10%),27.5,4,0.73,14,20.4,21.8121,80.1843
2028-01-26 06:00:00,BAL_DEEP_LEVEL_3,Shift_1_Morning,540.5,8.0,24.0,24,4,14,0.4,2.5,0.34,5.1,590.2,425.7,534.4,6.1,1.13,Normal (<10%),25.7,4,0.75,16,21.2,21.8064,80.1876
2028-01-26 14:00:00,BAL_SOUTH_PIT,Shift_2_Evening,591.2,8.0,20.0,20,4,16,0.1,5.1,0.25,0.1,453.5,484.6,256.6,334.6,56.6,Critical (>25%),27.2,4,0.15,16,20.4,21.8005,80.1901
2028-01-26 22:00:00,BAL_SOUTH_PIT,Shift_3_Night,506.3,8.0,18.0,20,4,11,0.6,3.1,0.23,1.7,540.9,453.8,438.1,68.2,13.47,Alert (10-25%),27.7,5,0.62,12,20.3,21.8005,80.1901
2028-01-27 06:00:00,BAL_NORTH_PIT,Shift_1_Morning,479.9,7.5,19.0,20,4,12,2.2,11.3,0.28,10.9,456.7,451.9,454.2,25.7,5.36,Normal (<10%),26.1,4,0.25,15,21.2,21.8121,80.1843
2028-01-27 14:00:00,UKWA_EXTENSION,Shift_2_Evening,590.7,7.5,19.0,20,3,12,1.9,5.7,0.2,4.9,409.9,478.4,525.9,64.8,10.97,Alert (10-25%),28.8,4,0.72,13,18.4,21.7932,80.2015
2028-01-27 22:00:00,BAL_DEEP_LEVEL_3,Shift_3_Night,528.4,7.5,25.0,26,3,16,1.4,4.7,0.22,7.1,518.1,529.9,457.8,70.6,13.36,Alert (10-25%),26.2,5,1.33,16,19.8,21.8064,80.1876
2028-01-28 06:00:00,UKWA_EXTENSION,Shift_1_Morning,459.6,8.0,17.0,18,4,12,2.9,11.8,0.28,7.8,384.9,420.3,286.8,172.8,37.6,Critical (>25%),27.7,5,0.46,12,21.8,21.7932,80.2015
2028-01-28 14:00:00,UKWA_EXTENSION,Shift_2_Evening,425.3,8.0,25.0,26,3,11,0.5,5.1,0.18,7.5,379.1,381.4,407.9,17.4,4.09,Normal (<10%),28.1,4,1.03,11,20.0,21.7932,80.2015
2028-01-28 22:00:00,UKWA_EXTENSION,Shift_3_Night,568.5,8.0,24.0,26,3,16,3.2,12.4,0.3,6.7,455.9,444.1,531.5,37.0,6.51,Normal (<10%),26.0,3,0.43,16,19.5,21.7932,80.2015
2028-01-29 06:00:00,BAL_SOUTH_PIT,Shift_1_Morning,472.4,7.5,17.0,18,3,16,0.8,4.5,0.33,0.0,475.1,521.2,434.2,38.2,8.09,Normal (<10%),26.0,3,1.1,16,21.3,21.8005,80.1901
2028-01-29 14:00:00,BAL_NORTH_PIT,Shift_2_Evening,532.1,8.0,24.0,26,3,14,0.8,5.6,0.15,9.0,450.1,514.7,523.4,8.7,1.64,Normal (<10%),31.1,5,1.1,17,20.1,21.8121,80.1843
2028-01-29 22:00:00,BAL_NORTH_PIT,Shift_3_Night,494.2,7.5,19.0,20,4,12,0.8,3.1,0.24,3.5,430.2,425.8,203.1,291.1,58.9,Critical (>25%),25.9,4,0.37,12,17.5,21.8121,80.1843
2028-01-30 06:00:00,BAL_SOUTH_PIT,Shift_1_Morning,439.8,8.0,20.0,22,2,12,0.2,6.5,0.19,7.8,396.4,436.1,380.4,59.4,13.51,Alert (10-25%),27.6,3,0.87,13,20.9,21.8005,80.1901
2028-01-30 14:00:00,BAL_SOUTH_PIT,Shift_2_Evening,520.3,8.0,23.0,24,3,12,5.6,28.5,0.38,25.1,441.9,477.0,316.6,203.7,39.15,Critical (>25%),23.1,4,0.67,15,22.2,21.8005,80.1901
2028-01-30 22:00:00,BAL_NORTH_PIT,Shift_3_Night,412.1,7.5,18.0,20,2,12,0.2,11.1,0.27,4.5,518.2,432.6,326.0,86.1,20.89,Alert (10-25%),29.0,2,0.0,12,22.1,21.8121,80.1843
2028-01-31 06:00:00,UKWA_EXTENSION,Shift_1_Morning,482.7,7.5,18.0,20,4,14,0.6,5.3,0.32,6.2,408.8,497.1,431.8,50.9,10.54,Alert (10-25%),27.8,4,0.33,15,21.8,21.7932,80.2015
2028-01-31 14:00:00,BAL_DEEP_LEVEL_3,Shift_2_Evening,509.3,7.5,17.0,18,3,12,0.6,3.0,0.3,13.6,593.9,442.4,447.9,61.4,12.06,Alert (10-25%),25.7,3,0.32,12,19.8,21.8064,80.1876
2028-01-31 22:00:00,BAL_DEEP_LEVEL_3,Shift_3_Night,487.2,7.5,21.0,22,3,15,0.1,6.1,0.16,3.3,488.0,493.5,412.0,75.2,15.44,Alert (10-25%),28.1,3,0.0,17,20.6,21.8064,80.1876
2028-02-01 06:00:00,BAL_DEEP_LEVEL_3,Shift_1_Morning,549.7,7.5,17.0,18,3,16,0.2,4.3,0.26,0.0,578.9,552.8,514.6,35.1,6.39,Normal (<10%),29.5,3,0.38,19,23.4,21.8064,80.1876
2028-02-01 14:00:00,UKWA_EXTENSION,Shift_2_Evening,565.6,7.5,19.0,20,3,13,0.1,4.2,0.26,6.9,432.4,527.8,265.7,299.9,53.02,Critical (>25%),28.3,4,0.08,15,21.6,21.7932,80.2015
2028-02-01 22:00:00,BAL_NORTH_PIT,Shift_3_Night,554.2,8.0,25.0,26,4,13,0.5,2.9,0.27,0.0,503.0,493.3,492.4,61.8,11.15,Alert (10-25%),30.3,5,0.6,13,20.0,21.8121,80.1843
2028-02-02 06:00:00,BAL_SOUTH_PIT,Shift_1_Morning,407.8,7.5,24.0,24,4,16,3.0,12.0,0.28,2.5,470.3,486.3,374.3,33.5,8.21,Normal (<10%),28.9,4,0.47,16,23.3,21.8005,80.1901
2028-02-02 14:00:00,BAL_NORTH_PIT,Shift_2_Evening,438.8,8.0,21.0,24,4,16,0.6,8.3,0.27,5.6,469.9,480.0,425.1,13.7,3.12,Normal (<10%),29.0,5,0.73,18,21.0,21.8121,80.1843
2028-02-02 22:00:00,UKWA_EXTENSION,Shift_3_Night,507.3,8.0,18.0,20,2,15,0.2,4.1,0.17,2.6,368.3,413.7,286.7,220.6,43.49,Critical (>25%),29.6,3,0.58,17,20.6,21.7932,80.2015
2028-02-03 06:00:00,BAL_SOUTH_PIT,Shift_1_Morning,587.0,8.0,16.0,18,2,16,1.6,5.6,0.25,4.7,353.2,452.3,219.1,367.9,62.67,Critical (>25%),29.7,3,0.67,16,18.9,21.8005,80.1901
2028-02-03 14:00:00,UKWA_EXTENSION,Shift_2_Evening,567.0,8.0,21.0,22,4,12,8.5,22.8,0.3,26.2,496.9,493.5,549.1,17.9,3.16,Normal (<10%),27.7,6,0.79,15,20.7,21.7932,80.2015
2028-02-03 22:00:00,BAL_DEEP_LEVEL_3,Shift_3_Night,568.5,8.0,21.0,22,3,12,0.4,5.4,0.26,4.0,518.9,519.1,545.9,22.6,3.98,Normal (<10%),29.1,3,0.4,12,19.6,21.8064,80.1876
2028-02-04 06:00:00,BAL_DEEP_LEVEL_3,Shift_1_Morning,460.6,7.5,18.0,20,4,16,0.5,4.2,0.22,0.0,505.7,522.5,422.1,38.5,8.36,Normal (<10%),28.4,5,0.72,18,20.4,21.8064,80.1876
2028-02-04 14:00:00,UKWA_EXTENSION,Shift_2_Evening,485.9,7.5,21.0,22,4,16,5.4,12.1,0.28,4.9,407.1,410.0,431.3,54.6,11.24,Alert (10-25%),30.9,4,0.13,17,21.1,21.7932,80.2015
2028-02-04 22:00:00,BAL_SOUTH_PIT,Shift_3_Night,494.1,7.5,18.0,18,4,11,0.3,6.9,0.27,2.3,420.2,552.6,433.8,60.3,12.2,Alert (10-25%),27.3,4,0.48,12,19.0,21.8005,80.1901
2028-02-05 06:00:00,BAL_SOUTH_PIT,Shift_1_Morning,431.5,8.0,20.0,22,3,14,1.1,5.7,0.26,0.0,466.0,486.1,416.7,14.8,3.43,Normal (<10%),29.6,3,0.48,15,21.0,21.8005,80.1901
2028-02-05 14:00:00,BAL_NORTH_PIT,Shift_2_Evening,406.2,7.5,17.0,18,4,16,0.4,5.3,0.19,6.3,541.2,540.7,365.3,40.9,10.07,Alert (10-25%),29.0,4,0.35,17,19.0,21.8121,80.1843
2028-02-05 22:00:00,BAL_DEEP_LEVEL_3,Shift_3_Night,589.4,8.0,19.0,20,4,16,4.0,13.8,0.39,10.7,538.5,590.2,560.0,29.4,4.99,Normal (<10%),30.2,6,1.73,18,22.6,21.8064,80.1876
2028-02-06 06:00:00,BAL_NORTH_PIT,Shift_1_Morning,448.1,8.0,20.0,22,3,14,6.0,10.2,0.26,9.1,527.6,463.1,434.5,13.6,3.04,Normal (<10%),27.3,3,0.36,16,21.9,21.8121,80.1843
2028-02-06 14:00:00,BAL_NORTH_PIT,Shift_2_Evening,448.0,8.0,16.0,18,3,12,2.5,5.5,0.26,7.7,370.4,395.9,247.4,200.6,44.78,Critical (>25%),27.9,5,0.92,14,20.3,21.8121,80.1843
2028-02-06 22:00:00,UKWA_EXTENSION,Shift_3_Night,416.7,8.0,24.0,26,3,16,0.6,3.2,0.22,5.2,482.0,481.8,376.1,40.6,9.74,Normal (<10%),28.0,4,0.57,16,18.5,21.7932,80.2015
2028-02-07 06:00:00,UKWA_EXTENSION,Shift_1_Morning,585.7,7.5,21.0,22,3,14,0.8,3.8,0.16,0.0,454.7,499.7,222.6,363.1,61.99,Critical (>25%),30.2,3,0.11,14,20.7,21.7932,80.2015
2028-02-07 14:00:00,BAL_NORTH_PIT,Shift_2_Evening,515.9,7.5,23.0,24,4,14,0.4,4.3,0.26,1.5,517.4,587.2,460.0,55.9,10.84,Alert (10-25%),27.0,6,1.21,16,21.5,21.8121,80.1843
2028-02-07 22:00:00,BAL_DEEP_LEVEL_3,Shift_3_Night,533.4,7.5,21.0,22,3,16,3.3,13.3,0.28,7.7,376.8,400.8,192.1,341.3,63.99,Critical (>25%),27.5,5,0.79,19,21.8,21.8064,80.1876
2028-02-08 06:00:00,UKWA_EXTENSION,Shift_1_Morning,582.3,7.5,21.0,22,3,14,3.7,19.9,0.34,20.2,489.6,418.1,520.0,62.3,10.7,Alert (10-25%),24.1,5,0.83,14,22.7,21.7932,80.2015
2028-02-08 14:00:00,BAL_NORTH_PIT,Shift_2_Evening,469.1,7.5,25.0,26,3,14,0.8,7.6,0.2,12.4,561.0,369.8,425.1,44.0,9.38,Normal (<10%),29.6,3,0.24,16,20.5,21.8121,80.1843
2028-02-08 22:00:00,BAL_NORTH_PIT,Shift_3_Night,524.3,8.0,22.0,22,4,16,1.6,6.3,0.21,2.1,403.8,590.5,486.8,37.5,7.15,Normal (<10%),28.5,4,0.1,17,19.4,21.8121,80.1843
2028-02-09 06:00:00,BAL_NORTH_PIT,Shift_1_Morning,407.8,7.5,21.0,22,4,14,0.3,5.5,0.24,0.0,538.6,442.6,354.5,53.3,13.07,Alert (10-25%),26.9,4,0.0,14,18.8,21.8121,80.1843
2028-02-09 14:00:00,BAL_NORTH_PIT,Shift_2_Evening,437.4,8.0,18.0,20,3,14,0.9,9.8,0.25,7.3,464.4,524.0,437.4,0.0,0.0,Normal (<10%),30.3,5,0.86,17,21.2,21.8121,80.1843
2028-02-09 22:00:00,BAL_NORTH_PIT,Shift_3_Night,566.2,8.0,20.0,20,4,16,1.5,7.0,0.22,3.1,488.9,504.0,527.0,39.2,6.92,Normal (<10%),27.2,6,1.26,17,20.9,21.8121,80.1843
2028-02-10 06:00:00,BAL_NORTH_PIT,Shift_1_Morning,553.4,8.0,18.0,18,3,16,0.7,3.6,0.23,2.0,549.1,470.4,543.3,10.1,1.83,Normal (<10%),30.5,4,0.76,17,21.4,21.8121,80.1843
2028-02-10 14:00:00,UKWA_EXTENSION,Shift_2_Evening,470.1,7.5,22.0,24,4,14,0.7,7.3,0.31,10.9,508.1,421.1,431.8,38.3,8.15,Normal (<10%),27.5,4,0.87,14,20.3,21.7932,80.2015
2028-02-10 22:00:00,BAL_DEEP_LEVEL_3,Shift_3_Night,475.4,8.0,22.0,22,4,16,0.0,5.3,0.25,4.9,412.7,393.6,445.2,30.2,6.35,Normal (<10%),31.5,5,0.93,16,21.0,21.8064,80.1876
2028-02-11 06:00:00,BAL_NORTH_PIT,Shift_1_Morning,506.7,8.0,19.0,20,3,12,2.4,7.3,0.3,2.5,488.1,507.4,497.2,9.5,1.87,Normal (<10%),29.7,3,0.56,13,20.4,21.8121,80.1843
2028-02-11 14:00:00,BAL_SOUTH_PIT,Shift_2_Evening,400.0,7.5,17.0,18,3,15,3.3,17.5,0.28,8.4,490.8,468.2,370.8,29.2,7.3,Normal (<10%),26.4,4,1.26,17,20.7,21.8005,80.1901
2028-02-11 22:00:00,UKWA_EXTENSION,Shift_3_Night,448.2,8.0,25.0,26,4,12,5.2,22.4,0.31,7.8,491.3,325.5,270.6,177.6,39.63,Critical (>25%),26.0,5,0.69,12,19.9,21.7932,80.2015
2028-02-12 06:00:00,UKWA_EXTENSION,Shift_1_Morning,441.6,8.0,22.0,24,4,14,1.9,7.0,0.25,7.5,555.2,392.7,423.8,17.8,4.03,Normal (<10%),29.8,4,0.42,17,20.6,21.7932,80.2015
2028-02-12 14:00:00,BAL_NORTH_PIT,Shift_2_Evening,450.1,8.0,25.0,26,3,13,1.2,6.2,0.21,5.5,477.7,522.3,444.2,5.9,1.31,Normal (<10%),28.9,3,0.4,15,19.2,21.8121,80.1843
2028-02-12 22:00:00,UKWA_EXTENSION,Shift_3_Night,561.2,7.5,18.0,18,4,15,0.5,5.2,0.24,6.3,461.8,501.5,462.7,98.5,17.55,Alert (10-25%),28.9,4,0.86,16,22.2,21.7932,80.2015
2028-02-13 06:00:00,BAL_NORTH_PIT,Shift_1_Morning,455.9,8.0,25.0,26,3,16,10.9,27.8,0.42,18.4,452.6,596.9,436.8,19.1,4.19,Normal (<10%),28.2,5,1.07,18,23.4,21.8121,80.1843
2028-02-13 14:00:00,BAL_DEEP_LEVEL_3,Shift_2_Evening,438.3,8.0,21.0,22,3,14,1.3,3.6,0.31,0.0,388.7,325.3,250.6,187.7,42.82,Critical (>25%),27.7,5,0.81,17,21.2,21.8064,80.1876
2028-02-13 22:00:00,BAL_DEEP_LEVEL_3,Shift_3_Night,500.9,7.5,23.0,26,3,16,1.7,13.7,0.34,9.4,372.0,512.8,428.2,72.7,14.51,Alert (10-25%),28.0,3,0.58,18,23.4,21.8064,80.1876
2028-02-14 06:00:00,UKWA_EXTENSION,Shift_1_Morning,573.1,7.5,19.0,20,3,16,1.7,16.0,0.3,16.4,578.7,544.5,532.3,40.8,7.12,Normal (<10%),29.4,3,0.16,18,20.3,21.7932,80.2015
2028-02-14 14:00:00,UKWA_EXTENSION,Shift_2_Evening,448.3,8.0,19.0,20,3,14,2.8,10.2,0.22,7.1,445.5,417.7,422.5,25.8,5.76,Normal (<10%),30.1,3,0.56,15,20.2,21.7932,80.2015
2028-02-14 22:00:00,BAL_SOUTH_PIT,Shift_3_Night,415.7,7.5,25.0,26,4,14,0.0,2.9,0.34,10.1,489.5,540.8,358.7,57.0,13.71,Alert (10-25%),28.5,4,0.52,17,23.4,21.8005,80.1901
2028-02-15 06:00:00,UKWA_EXTENSION,Shift_1_Morning,471.3,7.5,22.0,24,3,12,0.4,4.8,0.2,4.5,543.7,522.1,419.1,52.2,11.08,Alert (10-25%),29.0,4,0.64,12,19.3,21.7932,80.2015
2028-02-15 14:00:00,BAL_SOUTH_PIT,Shift_2_Evening,549.5,7.5,19.0,20,3,12,1.6,9.2,0.32,16.0,453.4,510.5,453.9,95.6,17.4,Alert (10-25%),25.7,3,0.57,12,22.9,21.8005,80.1901
2028-02-15 22:00:00,BAL_DEEP_LEVEL_3,Shift_3_Night,510.1,7.5,25.0,26,2,14,3.4,13.4,0.29,19.2,390.1,406.0,379.7,130.4,25.56,Critical (>25%),26.6,3,0.25,17,22.5,21.8064,80.1876
2028-02-16 06:00:00,BAL_DEEP_LEVEL_3,Shift_1_Morning,563.4,7.5,21.0,22,3,14,1.7,9.7,0.2,2.0,513.3,569.1,504.6,58.8,10.44,Alert (10-25%),29.5,3,0.45,15,21.5,21.8064,80.1876
2028-02-16 14:00:00,BAL_NORTH_PIT,Shift_2_Evening,591.9,7.5,20.0,20,4,12,0.8,8.6,0.17,2.5,390.5,484.2,323.7,268.2,45.31,Critical (>25%),29.1,5,0.56,12,20.9,21.8121,80.1843
2028-02-16 22:00:00,BAL_DEEP_LEVEL_3,Shift_3_Night,558.5,7.5,19.0,20,3,12,0.7,5.6,0.3,1.4,428.1,546.0,463.5,95.0,17.01,Alert (10-25%),28.9,5,1.86,14,20.9,21.8064,80.1876
2028-02-17 06:00:00,BAL_SOUTH_PIT,Shift_1_Morning,520.8,8.0,25.0,26,2,14,2.0,10.5,0.22,0.0,509.2,538.2,471.7,49.1,9.43,Normal (<10%),30.4,2,0.45,15,19.9,21.8005,80.1901
2028-02-17 14:00:00,UKWA_EXTENSION,Shift_2_Evening,498.7,7.5,24.0,26,3,14,2.0,9.1,0.18,8.4,433.6,476.8,238.8,259.9,52.12,Critical (>25%),27.4,3,0.22,17,20.7,21.7932,80.2015
2028-02-17 22:00:00,BAL_NORTH_PIT,Shift_3_Night,408.0,7.5,24.0,26,3,16,1.4,8.4,0.23,7.8,531.8,512.6,338.3,69.7,17.08,Alert (10-25%),28.6,4,0.29,16,18.9,21.8121,80.1843
2028-02-18 06:00:00,BAL_SOUTH_PIT,Shift_1_Morning,596.9,7.5,21.0,24,4,12,0.5,4.1,0.22,3.7,533.9,433.0,546.0,50.9,8.53,Normal (<10%),29.6,4,0.79,12,19.5,21.8005,80.1901
2028-02-18 14:00:00,UKWA_EXTENSION,Shift_2_Evening,476.7,8.0,18.0,20,4,12,3.9,9.9,0.27,0.5,444.3,466.4,454.6,22.1,4.64,Normal (<10%),27.5,4,0.29,13,20.6,21.7932,80.2015
2028-02-18 22:00:00,BAL_NORTH_PIT,Shift_3_Night,430.4,7.5,21.0,22,4,12,1.2,5.8,0.24,11.8,414.6,449.2,357.7,72.7,16.89,Alert (10-25%),31.2,5,0.46,12,21.5,21.8121,80.1843
2028-02-19 06:00:00,BAL_DEEP_LEVEL_3,Shift_1_Morning,533.3,7.5,21.0,22,4,13,2.3,12.3,0.22,0.0,472.6,572.7,474.6,58.7,11.01,Alert (10-25%),30.1,4,0.5,14,21.1,21.8064,80.1876
2028-02-19 14:00:00,BAL_SOUTH_PIT,Shift_2_Evening,456.9,8.0,17.0,18,4,14,0.4,3.2,0.22,0.0,470.8,432.5,429.7,27.2,5.95,Normal (<10%),29.9,5,0.89,14,21.9,21.8005,80.1901
2028-02-19 22:00:00,UKWA_EXTENSION,Shift_3_Night,517.2,7.5,25.0,26,4,16,0.6,2.6,0.3,6.2,471.9,479.6,443.4,73.8,14.27,Alert (10-25%),31.7,5,0.89,16,17.8,21.7932,80.2015
2028-02-20 06:00:00,BAL_NORTH_PIT,Shift_1_Morning,517.4,8.0,17.0,18,3,12,3.1,14.6,0.22,11.3,470.1,479.9,479.9,37.5,7.25,Normal (<10%),26.3,3,0.41,14,19.8,21.8121,80.1843
2028-02-20 14:00:00,BAL_NORTH_PIT,Shift_2_Evening,489.1,8.0,17.0,18,3,13,0.1,3.4,0.24,0.0,454.7,334.2,212.0,277.1,56.66,Critical (>25%),29.3,3,0.45,13,19.3,21.8121,80.1843
2028-02-20 22:00:00,BAL_DEEP_LEVEL_3,Shift_3_Night,567.2,7.5,22.0,24,3,13,1.1,15.3,0.22,10.5,565.2,501.8,494.3,72.9,12.85,Alert (10-25%),29.0,3,0.47,16,22.9,21.8064,80.1876
2028-02-21 06:00:00,UKWA_EXTENSION,Shift_1_Morning,453.0,8.0,23.0,24,3,16,1.0,3.5,0.2,3.0,527.8,472.0,434.6,18.4,4.06,Normal (<10%),28.1,3,0.5,16,19.3,21.7932,80.2015
2028-02-21 14:00:00,BAL_DEEP_LEVEL_3,Shift_2_Evening,489.7,7.5,24.0,26,4,14,2.1,8.4,0.3,11.5,469.7,534.8,445.8,43.9,8.96,Normal (<10%),29.0,4,0.53,15,19.2,21.8064,80.1876
2028-02-21 22:00:00,BAL_DEEP_LEVEL_3,Shift_3_Night,507.5,7.5,24.0,26,4,12,0.5,5.8,0.13,0.0,464.2,515.6,444.3,63.2,12.45,Alert (10-25%),28.1,6,1.33,15,20.1,21.8064,80.1876
2028-02-22 06:00:00,UKWA_EXTENSION,Shift_1_Morning,532.7,8.0,25.0,26,3,11,0.4,4.5,0.33,4.5,465.5,406.9,506.3,26.4,4.96,Normal (<10%),29.7,3,0.42,11,19.1,21.7932,80.2015
2028-02-22 14:00:00,UKWA_EXTENSION,Shift_2_Evening,556.8,8.0,20.0,22,4,11,3.9,13.1,0.2,14.1,532.6,577.3,526.4,30.4,5.46,Normal (<10%),30.3,4,0.15,14,19.8,21.7932,80.2015
2028-02-22 22:00:00,UKWA_EXTENSION,Shift_3_Night,479.0,7.5,24.0,26,3,12,1.3,8.3,0.14,0.5,372.3,450.9,172.2,306.8,64.05,Critical (>25%),29.9,3,0.36,12,21.3,21.7932,80.2015
2028-02-23 06:00:00,BAL_SOUTH_PIT,Shift_1_Morning,529.2,7.5,21.0,22,4,15,0.2,0.9,0.21,0.3,549.1,556.0,470.8,58.4,11.04,Alert (10-25%),26.9,4,0.63,17,19.8,21.8005,80.1901
2028-02-23 14:00:00,UKWA_EXTENSION,Shift_2_Evening,430.1,8.0,17.0,18,4,14,0.3,4.8,0.2,2.9,492.2,395.2,400.8,29.3,6.81,Normal (<10%),28.0,4,0.0,16,20.5,21.7932,80.2015
2028-02-23 22:00:00,BAL_NORTH_PIT,Shift_3_Night,586.5,7.5,25.0,26,3,16,10.1,28.0,0.31,10.6,379.6,387.4,227.8,358.7,61.16,Critical (>25%),27.7,3,0.0,16,21.4,21.8121,80.1843
2028-02-24 06:00:00,BAL_DEEP_LEVEL_3,Shift_1_Morning,476.6,7.5,19.0,20,4,15,0.3,2.6,0.25,3.2,432.5,510.6,432.2,44.4,9.32,Normal (<10%),29.3,5,0.98,15,19.4,21.8064,80.1876
2028-02-24 14:00:00,BAL_SOUTH_PIT,Shift_2_Evening,545.9,7.5,21.0,22,2,12,1.4,5.1,0.18,5.2,424.5,562.8,446.1,99.8,18.28,Alert (10-25%),25.5,4,1.46,15,19.7,21.8005,80.1901
2028-02-24 22:00:00,UKWA_EXTENSION,Shift_3_Night,404.1,8.0,24.0,26,3,12,0.8,4.8,0.25,10.7,405.8,485.2,377.4,26.7,6.61,Normal (<10%),31.0,5,0.62,12,19.5,21.7932,80.2015
2028-02-25 06:00:00,BAL_SOUTH_PIT,Shift_1_Morning,441.0,7.5,21.0,22,4,12,3.3,13.7,0.31,9.0,435.2,403.6,162.7,278.3,63.11,Critical (>25%),28.2,6,1.03,12,21.0,21.8005,80.1901
2028-02-25 14:00:00,UKWA_EXTENSION,Shift_2_Evening,497.4,7.5,20.0,22,3,11,2.1,4.6,0.15,5.3,530.1,522.3,435.0,62.4,12.55,Alert (10-25%),28.5,5,0.88,11,20.6,21.7932,80.2015
2028-02-25 22:00:00,BAL_SOUTH_PIT,Shift_3_Night,575.7,7.5,25.0,26,4,15,1.4,5.5,0.28,11.0,582.5,575.4,501.8,73.9,12.84,Alert (10-25%),30.4,4,0.32,16,21.4,21.8005,80.1901
2028-02-26 06:00:00,BAL_DEEP_LEVEL_3,Shift_1_Morning,505.5,8.0,17.0,18,4,16,0.0,7.4,0.28,1.7,349.9,405.0,207.7,297.8,58.91,Critical (>25%),27.7,4,0.49,18,19.7,21.8064,80.1876
2028-02-26 14:00:00,BAL_DEEP_LEVEL_3,Shift_2_Evening,586.0,8.0,24.0,26,3,15,3.2,12.0,0.34,2.1,490.6,455.5,528.6,57.4,9.8,Normal (<10%),27.0,4,0.31,16,22.1,21.8064,80.1876
2028-02-26 22:00:00,BAL_NORTH_PIT,Shift_3_Night,496.8,8.0,17.0,18,3,14,0.9,11.6,0.26,8.3,452.5,395.2,318.6,178.2,35.87,Critical (>25%),29.0,3,0.07,15,21.1,21.8121,80.1843
2028-02-27 06:00:00,BAL_NORTH_PIT,Shift_1_Morning,498.1,7.5,16.0,18,4,16,4.0,13.0,0.22,7.7,385.1,482.8,475.2,22.9,4.6,Normal (<10%),31.3,5,0.61,19,20.7,21.8121,80.1843
2028-02-27 14:00:00,UKWA_EXTENSION,Shift_2_Evening,423.9,8.0,25.0,26,4,14,1.0,7.4,0.3,4.5,396.4,458.9,257.1,166.8,39.35,Critical (>25%),31.0,6,0.96,14,20.4,21.7932,80.2015
2028-02-27 22:00:00,BAL_DEEP_LEVEL_3,Shift_3_Night,560.5,7.5,19.0,20,2,12,1.8,5.2,0.23,1.4,529.6,491.2,451.0,109.5,19.54,Alert (10-25%),29.7,2,0.06,15,21.5,21.8064,80.1876
2028-02-28 06:00:00,BAL_SOUTH_PIT,Shift_1_Morning,449.4,8.0,18.0,20,4,14,0.1,4.5,0.31,0.0,390.3,568.7,449.4,0.0,0.0,Normal (<10%),29.5,5,0.94,14,20.2,21.8005,80.1901
2028-02-28 14:00:00,BAL_SOUTH_PIT,Shift_2_Evening,579.9,7.5,17.0,18,3,12,2.1,16.3,0.32,15.5,579.4,451.6,511.5,68.4,11.8,Alert (10-25%),29.0,5,0.87,12,21.4,21.8005,80.1901
2028-02-28 22:00:00,BAL_SOUTH_PIT,Shift_3_Night,582.2,8.0,20.0,22,4,12,0.6,6.6,0.23,4.3,500.8,456.2,582.2,0.0,0.0,Normal (<10%),27.2,5,0.57,15,20.1,21.8005,80.1901
2028-02-29 06:00:00,BAL_NORTH_PIT,Shift_1_Morning,588.7,7.5,18.0,20,3,12,0.6,4.7,0.18,14.4,501.4,437.3,268.9,319.8,54.32,Critical (>25%),30.5,3,0.48,13,21.8,21.8121,80.1843
2028-02-29 14:00:00,BAL_SOUTH_PIT,Shift_2_Evening,504.0,7.5,25.0,26,3,14,0.2,3.5,0.21,0.0,526.9,543.1,450.9,53.1,10.54,Alert (10-25%),28.4,3,0.36,15,17.9,21.8005,80.1901
2028-02-29 22:00:00,BAL_NORTH_PIT,Shift_3_Night,535.4,8.0,19.0,20,4,14,0.2,4.7,0.27,13.2,332.7,337.0,230.7,304.7,56.91,Critical (>25%),29.5,4,0.65,14,20.5,21.8121,80.1843
2028-03-01 06:00:00,BAL_NORTH_PIT,Shift_1_Morning,555.7,7.5,21.0,22,3,12,0.3,6.3,0.16,5.7,463.4,434.3,296.1,259.6,46.72,Critical (>25%),32.2,3,0.12,13,20.1,21.8121,80.1843
2028-03-01 14:00:00,UKWA_EXTENSION,Shift_2_Evening,426.2,8.0,19.0,20,4,15,0.6,7.9,0.22,5.4,555.2,383.5,418.4,7.8,1.83,Normal (<10%),32.8,5,0.28,17,21.2,21.7932,80.2015
2028-03-01 22:00:00,BAL_SOUTH_PIT,Shift_3_Night,520.2,8.0,25.0,26,4,16,3.3,10.0,0.17,1.2,614.8,469.9,476.5,43.7,8.4,Normal (<10%),32.4,5,0.61,16,18.9,21.8005,80.1901
2028-03-02 06:00:00,BAL_SOUTH_PIT,Shift_1_Morning,406.9,7.5,25.0,26,3,11,0.7,5.8,0.18,0.6,343.4,402.4,224.8,182.1,44.75,Critical (>25%),27.8,3,0.42,11,20.6,21.8005,80.1901
2028-03-02 14:00:00,BAL_DEEP_LEVEL_3,Shift_2_Evening,499.5,7.5,16.0,18,3,16,1.9,9.1,0.21,12.4,395.8,468.6,444.9,54.6,10.93,Alert (10-25%),32.3,4,0.33,16,19.7,21.8064,80.1876
2028-03-02 22:00:00,UKWA_EXTENSION,Shift_3_Night,431.0,8.0,23.0,24,4,14,0.1,5.0,0.21,0.0,389.9,376.4,381.9,49.1,11.39,Alert (10-25%),33.3,5,0.28,15,18.8,21.7932,80.2015
2028-03-03 06:00:00,BAL_DEEP_LEVEL_3,Shift_1_Morning,436.6,8.0,21.0,22,3,12,1.3,4.4,0.24,0.0,424.6,512.5,436.6,0.0,0.0,Normal (<10%),32.9,3,0.45,14,19.4,21.8064,80.1876
2028-03-03 14:00:00,UKWA_EXTENSION,Shift_2_Evening,473.0,8.0,19.0,20,3,16,1.0,5.4,0.26,0.0,459.2,348.3,442.4,30.6,6.47,Normal (<10%),31.9,3,0.17,16,20.0,21.7932,80.2015
2028-03-03 22:00:00,BAL_SOUTH_PIT,Shift_3_Night,486.5,7.5,17.0,18,4,16,5.7,14.9,0.34,15.8,416.3,471.0,421.0,65.5,13.46,Alert (10-25%),33.2,6,0.56,18,20.1,21.8005,80.1901
2028-03-04 06:00:00,BAL_NORTH_PIT,Shift_1_Morning,524.6,8.0,22.0,24,3,15,2.8,15.1,0.36,13.5,525.3,498.5,509.8,14.8,2.82,Normal (<10%),31.1,4,0.99,18,24.1,21.8121,80.1843
2028-03-04 14:00:00,BAL_NORTH_PIT,Shift_2_Evening,414.9,7.5,23.0,24,4,14,0.9,5.7,0.29,0.0,448.7,422.0,369.7,45.2,10.89,Alert (10-25%),32.5,5,0.51,15,21.5,21.8121,80.1843
2028-03-04 22:00:00,BAL_NORTH_PIT,Shift_3_Night,500.7,7.5,17.0,18,3,14,2.2,15.5,0.26,8.0,453.2,531.9,429.1,71.6,14.3,Alert (10-25%),32.8,5,1.34,17,23.5,21.8121,80.1843
2028-03-05 06:00:00,BAL_NORTH_PIT,Shift_1_Morning,436.5,8.0,24.0,26,2,16,0.3,4.3,0.23,3.5,530.3,452.1,390.5,46.0,10.54,Alert (10-25%),32.8,3,0.71,19,22.6,21.8121,80.1843
2028-03-05 14:00:00,BAL_NORTH_PIT,Shift_2_Evening,514.8,8.0,25.0,26,3,16,1.2,12.6,0.23,13.5,439.1,529.7,487.5,27.3,5.3,Normal (<10%),30.3,4,0.79,18,20.6,21.8121,80.1843
2028-03-05 22:00:00,BAL_DEEP_LEVEL_3,Shift_3_Night,527.5,7.5,20.0,22,4,16,0.1,5.1,0.24,0.0,533.8,447.4,302.1,225.4,42.73,Critical (>25%),28.5,4,0.34,16,18.9,21.8064,80.1876
2028-03-06 06:00:00,UKWA_EXTENSION,Shift_1_Morning,511.3,7.5,21.0,22,3,16,0.6,1.7,0.2,1.8,340.9,380.1,222.2,289.1,56.54,Critical (>25%),31.9,4,0.0,16,16.6,21.7932,80.2015
2028-03-06 14:00:00,BAL_SOUTH_PIT,Shift_2_Evening,547.7,7.5,25.0,26,3,12,0.4,3.1,0.16,0.3,499.0,420.2,296.5,251.2,45.86,Critical (>25%),33.9,4,0.36,15,19.9,21.8005,80.1901
2028-03-06 22:00:00,BAL_DEEP_LEVEL_3,Shift_3_Night,467.1,7.5,20.0,22,4,16,1.9,7.1,0.31,4.2,499.1,355.0,389.2,77.9,16.68,Alert (10-25%),31.0,4,0.36,17,22.5,21.8064,80.1876
2028-03-07 06:00:00,UKWA_EXTENSION,Shift_1_Morning,553.0,8.0,22.0,22,3,16,1.0,2.7,0.3,0.0,411.0,491.0,300.5,252.5,45.66,Critical (>25%),33.2,4,0.81,16,19.1,21.7932,80.2015
2028-03-07 14:00:00,BAL_NORTH_PIT,Shift_2_Evening,486.6,7.5,18.0,20,4,12,2.1,7.0,0.2,5.7,389.6,402.8,452.9,33.7,6.93,Normal (<10%),32.5,5,0.16,14,20.2,21.8121,80.1843
2028-03-07 22:00:00,UKWA_EXTENSION,Shift_3_Night,496.8,8.0,21.0,22,3,11,1.1,6.2,0.26,0.2,369.9,413.1,444.0,52.8,10.63,Alert (10-25%),33.9,3,0.38,11,19.4,21.7932,80.2015
2028-03-08 06:00:00,UKWA_EXTENSION,Shift_1_Morning,529.6,8.0,25.0,26,4,16,0.1,0.9,0.17,1.1,417.3,556.1,529.6,0.0,0.0,Normal (<10%),32.5,4,0.06,19,20.6,21.7932,80.2015
2028-03-08 14:00:00,BAL_NORTH_PIT,Shift_2_Evening,403.7,8.0,18.0,18,4,16,2.0,9.4,0.24,14.1,417.0,491.2,387.6,16.1,3.99,Normal (<10%),32.5,5,0.77,18,22.1,21.8121,80.1843
2028-03-08 22:00:00,BAL_NORTH_PIT,Shift_3_Night,530.8,7.5,22.0,24,4,12,2.7,10.7,0.23,12.4,435.2,501.5,442.2,88.6,16.69,Alert (10-25%),32.5,5,0.69,12,18.5,21.8121,80.1843
2028-03-09 06:00:00,BAL_NORTH_PIT,Shift_1_Morning,523.7,7.5,25.0,26,3,14,3.5,18.8,0.26,19.5,385.1,333.1,310.7,213.0,40.67,Critical (>25%),33.2,4,0.92,17,20.5,21.8121,80.1843
2028-03-09 14:00:00,BAL_SOUTH_PIT,Shift_2_Evening,462.0,8.0,21.0,22,4,13,1.3,11.4,0.27,9.2,420.5,394.5,443.1,18.9,4.09,Normal (<10%),28.9,4,0.72,16,23.0,21.8005,80.1901
2028-03-09 22:00:00,BAL_NORTH_PIT,Shift_3_Night,417.2,8.0,24.0,26,3,12,2.1,10.3,0.16,12.5,369.2,379.6,340.1,77.1,18.48,Alert (10-25%),31.5,5,1.14,14,21.1,21.8121,80.1843
2028-03-10 06:00:00,BAL_SOUTH_PIT,Shift_1_Morning,418.2,8.0,25.0,26,4,10,2.1,8.6,0.22,0.0,414.1,450.0,399.2,19.0,4.54,Normal (<10%),33.3,4,0.66,10,19.6,21.8005,80.1901
2028-03-10 14:00:00,BAL_NORTH_PIT,Shift_2_Evening,584.6,8.0,23.0,24,4,15,0.3,5.8,0.43,0.0,587.5,485.6,553.4,31.2,5.34,Normal (<10%),33.3,4,0.29,16,23.0,21.8121,80.1843
2028-03-10 22:00:00,BAL_SOUTH_PIT,Shift_3_Night,537.9,7.5,22.0,22,3,14,0.3,4.0,0.14,0.0,416.0,482.8,472.9,65.0,12.08,Alert (10-25%),33.2,3,1.25,17,18.9,21.8005,80.1901
2028-03-11 06:00:00,UKWA_EXTENSION,Shift_1_Morning,425.4,8.0,18.0,18,4,14,0.1,3.8,0.2,0.0,426.5,385.7,418.0,7.4,1.74,Normal (<10%),32.1,6,0.63,16,21.2,21.7932,80.2015
2028-03-11 14:00:00,BAL_DEEP_LEVEL_3,Shift_2_Evening,471.3,7.5,16.0,18,4,16,0.6,3.0,0.23,7.2,499.8,443.4,426.6,44.7,9.48,Normal (<10%),33.5,5,0.54,17,19.9,21.8064,80.1876
2028-03-11 22:00:00,UKWA_EXTENSION,Shift_3_Night,518.5,7.5,18.0,20,3,12,1.0,6.6,0.22,0.0,443.4,465.2,464.4,54.1,10.43,Alert (10-25%),33.5,3,0.67,13,20.7,21.7932,80.2015
2028-03-12 06:00:00,UKWA_EXTENSION,Shift_1_Morning,567.1,7.5,23.0,24,4,14,9.2,28.9,0.31,12.5,403.4,417.5,539.9,27.2,4.8,Normal (<10%),29.3,4,0.7,14,19.2,21.7932,80.2015
2028-03-12 14:00:00,BAL_NORTH_PIT,Shift_2_Evening,408.7,7.5,24.0,26,4,14,0.8,3.8,0.27,1.9,466.3,463.4,363.6,45.1,11.03,Alert (10-25%),32.6,4,0.55,14,19.6,21.8121,80.1843
2028-03-12 22:00:00,BAL_SOUTH_PIT,Shift_3_Night,447.3,8.0,22.0,24,4,16,1.9,10.0,0.26,7.4,521.6,512.3,403.1,44.2,9.88,Normal (<10%),33.4,4,0.6,17,21.3,21.8005,80.1901
2028-03-13 06:00:00,BAL_DEEP_LEVEL_3,Shift_1_Morning,577.9,7.5,22.0,24,4,16,1.8,8.2,0.21,9.8,549.0,459.0,527.0,50.9,8.81,Normal (<10%),34.9,4,0.0,17,20.1,21.8064,80.1876
2028-03-13 14:00:00,BAL_NORTH_PIT,Shift_2_Evening,401.8,8.0,17.0,18,3,12,0.3,6.0,0.27,2.7,462.7,394.3,351.5,50.3,12.52,Alert (10-25%),33.0,4,1.18,12,21.2,21.8121,80.1843
2028-03-13 22:00:00,BAL_NORTH_PIT,Shift_3_Night,440.3,7.5,23.0,24,3,16,0.1,2.1,0.18,0.5,343.6,451.9,203.9,236.4,53.69,Critical (>25%),32.8,3,0.34,17,20.8,21.8121,80.1843
2028-03-14 06:00:00,BAL_NORTH_PIT,Shift_1_Morning,591.8,8.0,22.0,24,4,12,1.2,12.1,0.22,12.5,458.1,520.7,569.9,21.9,3.7,Normal (<10%),31.6,4,0.77,12,19.1,21.8121,80.1843
2028-03-14 14:00:00,UKWA_EXTENSION,Shift_2_Evening,522.7,8.0,23.0,26,4,11,1.8,9.2,0.28,1.6,586.2,516.2,507.3,15.4,2.95,Normal (<10%),32.4,4,0.0,12,21.5,21.7932,80.2015
2028-03-14 22:00:00,BAL_SOUTH_PIT,Shift_3_Night,452.3,8.0,19.0,20,3,16,9.5,36.7,0.32,25.1,508.3,388.7,412.8,39.5,8.73,Normal (<10%),29.0,4,0.92,16,21.1,21.8005,80.1901
2028-03-15 06:00:00,BAL_SOUTH_PIT,Shift_1_Morning,413.4,8.0,25.0,26,3,14,0.7,10.2,0.34,9.6,333.7,403.9,266.3,147.1,35.58,Critical (>25%),31.4,3,0.23,17,21.9,21.8005,80.1901
2028-03-15 14:00:00,BAL_DEEP_LEVEL_3,Shift_2_Evening,405.6,8.0,23.0,24,3,13,3.4,10.4,0.33,5.1,327.8,438.0,243.0,162.6,40.09,Critical (>25%),29.6,3,0.57,15,22.1,21.8064,80.1876
2028-03-15 22:00:00,BAL_SOUTH_PIT,Shift_3_Night,448.9,7.5,19.0,20,3,13,0.7,6.0,0.26,8.3,375.0,516.9,352.5,96.4,21.47,Alert (10-25%),33.9,4,0.8,14,19.5,21.8005,80.1901
2028-03-16 06:00:00,BAL_SOUTH_PIT,Shift_1_Morning,576.3,8.0,23.0,24,4,15,1.8,7.1,0.21,0.4,574.5,415.0,548.3,28.0,4.86,Normal (<10%),30.5,4,0.51,16,20.9,21.8005,80.1901
2028-03-16 14:00:00,BAL_NORTH_PIT,Shift_2_Evening,483.2,7.5,21.0,22,3,12,1.4,6.2,0.18,11.9,529.0,469.1,441.1,42.1,8.71,Normal (<10%),31.8,3,0.08,12,18.9,21.8121,80.1843
2028-03-16 22:00:00,BAL_NORTH_PIT,Shift_3_Night,544.1,8.0,20.0,22,4,12,0.1,1.7,0.1,0.0,545.6,546.2,532.0,12.1,2.22,Normal (<10%),33.4,5,0.68,15,19.3,21.8121,80.1843
2028-03-17 06:00:00,UKWA_EXTENSION,Shift_1_Morning,583.7,7.5,22.0,22,3,16,0.1,7.9,0.32,3.1,446.6,528.1,543.5,40.2,6.89,Normal (<10%),34.4,5,0.95,16,21.1,21.7932,80.2015
2028-03-17 14:00:00,BAL_NORTH_PIT,Shift_2_Evening,481.6,7.5,18.0,20,3,15,0.0,3.4,0.17,0.0,432.6,408.9,421.4,60.2,12.5,Alert (10-25%),32.1,4,0.85,18,19.6,21.8121,80.1843
2028-03-17 22:00:00,BAL_NORTH_PIT,Shift_3_Night,438.3,7.5,25.0,26,4,16,0.7,4.3,0.24,0.0,505.5,459.0,389.8,48.5,11.07,Alert (10-25%),31.2,4,0.7,18,19.6,21.8121,80.1843
2028-03-18 06:00:00,BAL_NORTH_PIT,Shift_1_Morning,503.4,8.0,18.0,20,3,16,2.1,9.2,0.26,2.1,414.2,373.0,335.2,168.2,33.41,Critical (>25%),30.9,3,0.45,16,21.2,21.8121,80.1843
2028-03-18 14:00:00,BAL_NORTH_PIT,Shift_2_Evening,581.6,7.5,21.0,24,4,14,0.3,2.1,0.13,0.0,551.5,428.3,542.2,39.4,6.77,Normal (<10%),35.5,5,0.32,14,19.0,21.8121,80.1843
2028-03-18 22:00:00,UKWA_EXTENSION,Shift_3_Night,560.9,8.0,25.0,26,3,14,1.4,4.4,0.19,0.0,408.5,463.3,518.1,42.8,7.63,Normal (<10%),28.3,5,1.03,16,18.7,21.7932,80.2015
2028-03-19 06:00:00,BAL_NORTH_PIT,Shift_1_Morning,413.2,8.0,17.0,18,4,14,0.5,6.5,0.18,4.6,465.4,413.6,413.2,0.0,0.0,Normal (<10%),30.9,6,1.78,17,21.5,21.8121,80.1843
2028-03-19 14:00:00,BAL_DEEP_LEVEL_3,Shift_2_Evening,538.5,7.5,24.0,26,3,14,2.4,9.5,0.29,9.3,405.6,455.5,469.6,68.9,12.79,Alert (10-25%),35.6,5,1.49,16,20.7,21.8064,80.1876
2028-03-19 22:00:00,BAL_DEEP_LEVEL_3,Shift_3_Night,514.4,7.5,25.0,26,4,12,2.4,9.4,0.29,7.7,437.8,535.9,448.6,65.8,12.79,Alert (10-25%),32.4,5,0.0,12,18.9,21.8064,80.1876
2028-03-20 06:00:00,BAL_DEEP_LEVEL_3,Shift_1_Morning,581.5,8.0,18.0,20,3,14,2.2,6.5,0.22,0.0,446.9,572.6,576.4,5.1,0.88,Normal (<10%),30.5,4,0.72,15,17.6,21.8064,80.1876
2028-03-20 14:00:00,BAL_DEEP_LEVEL_3,Shift_2_Evening,424.5,8.0,22.0,22,3,15,1.1,4.6,0.18,0.0,389.3,445.1,375.7,48.8,11.5,Alert (10-25%),32.5,4,0.98,15,20.3,21.8064,80.1876
2028-03-20 22:00:00,BAL_NORTH_PIT,Shift_3_Night,506.8,8.0,18.0,20,4,16,0.5,4.2,0.23,8.5,404.3,523.7,478.9,27.9,5.51,Normal (<10%),32.4,5,0.65,19,20.0,21.8121,80.1843
2028-03-21 06:00:00,BAL_DEEP_LEVEL_3,Shift_1_Morning,575.9,8.0,17.0,18,4,15,2.5,15.2,0.33,3.4,484.5,560.5,561.9,14.0,2.43,Normal (<10%),32.1,5,0.56,17,20.4,21.8064,80.1876
2028-03-21 14:00:00,BAL_NORTH_PIT,Shift_2_Evening,482.0,8.0,21.0,22,4,14,0.3,2.6,0.14,1.1,373.7,425.5,462.9,19.1,3.96,Normal (<10%),35.7,5,0.62,16,20.4,21.8121,80.1843
2028-03-21 22:00:00,UKWA_EXTENSION,Shift_3_Night,496.4,8.0,24.0,26,4,14,0.5,3.9,0.33,0.0,411.1,391.8,449.8,46.6,9.39,Normal (<10%),32.3,4,0.57,14,21.0,21.7932,80.2015
2028-03-22 06:00:00,BAL_DEEP_LEVEL_3,Shift_1_Morning,414.1,7.5,18.0,20,4,16,0.3,1.1,0.19,7.3,460.9,414.6,192.2,221.9,53.59,Critical (>25%),32.0,6,0.66,16,18.4,21.8064,80.1876
2028-03-22 14:00:00,BAL_SOUTH_PIT,Shift_2_Evening,455.6,8.0,18.0,18,3,14,1.7,10.6,0.25,3.1,493.0,435.2,429.8,25.8,5.66,Normal (<10%),32.8,3,0.76,16,21.8,21.8005,80.1901
2028-03-22 22:00:00,BAL_DEEP_LEVEL_3,Shift_3_Night,464.9,8.0,20.0,20,4,13,1.7,15.4,0.36,13.7,452.3,390.0,397.8,67.1,14.43,Alert (10-25%),29.6,4,0.38,13,23.1,21.8064,80.1876
2028-03-23 06:00:00,BAL_DEEP_LEVEL_3,Shift_1_Morning,589.0,7.5,24.0,26,4,12,1.6,11.2,0.25,3.8,419.6,558.9,551.5,37.5,6.37,Normal (<10%),30.1,4,0.12,12,21.5,21.8064,80.1876
2028-03-23 14:00:00,BAL_NORTH_PIT,Shift_2_Evening,456.5,7.5,24.0,24,4,16,0.8,2.8,0.21,0.0,432.4,558.0,412.9,43.6,9.55,Normal (<10%),29.9,6,1.34,16,20.6,21.8121,80.1843
2028-03-23 22:00:00,BAL_DEEP_LEVEL_3,Shift_3_Night,492.2,7.5,19.0,20,3,14,0.2,6.8,0.19,6.9,551.3,444.3,416.9,75.3,15.3,Alert (10-25%),30.0,3,0.0,15,20.3,21.8064,80.1876
2028-03-24 06:00:00,BAL_SOUTH_PIT,Shift_1_Morning,534.3,8.0,19.0,20,3,15,3.6,15.2,0.25,0.5,516.7,466.6,534.3,0.0,0.0,Normal (<10%),29.9,3,0.23,15,20.0,21.8005,80.1901
2028-03-24 14:00:00,BAL_NORTH_PIT,Shift_2_Evening,432.4,7.5,22.0,24,3,14,1.1,5.1,0.19,0.0,403.5,351.1,224.2,208.2,48.15,Critical (>25%),30.7,3,0.23,15,19.8,21.8121,80.1843
2028-03-24 22:00:00,BAL_NORTH_PIT,Shift_3_Night,497.3,7.5,19.0,20,1,14,0.8,4.2,0.13,12.1,362.6,369.7,341.8,155.5,31.27,Critical (>25%),33.4,1,1.04,14,19.5,21.8121,80.1843
2028-03-25 06:00:00,UKWA_EXTENSION,Shift_1_Morning,547.7,8.0,17.0,18,3,11,1.3,9.6,0.14,22.0,494.9,567.4,538.1,9.6,1.75,Normal (<10%),30.6,3,0.19,14,19.4,21.7932,80.2015
2028-03-25 14:00:00,UKWA_EXTENSION,Shift_2_Evening,573.4,8.0,20.0,22,3,11,0.3,4.1,0.21,2.8,477.2,497.8,550.0,23.4,4.08,Normal (<10%),27.7,3,0.0,12,19.1,21.7932,80.2015
2028-03-25 22:00:00,BAL_DEEP_LEVEL_3,Shift_3_Night,525.3,8.0,17.0,18,4,11,0.2,2.2,0.14,0.0,423.3,424.3,490.8,34.5,6.57,Normal (<10%),31.4,6,0.83,11,17.5,21.8064,80.1876
2028-03-26 06:00:00,UKWA_EXTENSION,Shift_1_Morning,533.8,8.0,24.0,24,4,12,0.8,8.1,0.27,5.5,500.6,503.7,513.8,20.0,3.75,Normal (<10%),31.0,4,0.54,13,20.7,21.7932,80.2015
2028-03-26 14:00:00,UKWA_EXTENSION,Shift_2_Evening,425.3,7.5,17.0,18,4,16,0.4,8.6,0.23,0.0,468.4,416.8,390.6,34.7,8.16,Normal (<10%),31.0,6,1.24,16,20.0,21.7932,80.2015
2028-03-26 22:00:00,UKWA_EXTENSION,Shift_3_Night,589.2,8.0,16.0,18,1,12,0.4,6.4,0.15,2.2,457.0,393.2,249.7,339.5,57.62,Critical (>25%),34.9,2,1.38,12,18.6,21.7932,80.2015
2028-03-27 06:00:00,BAL_NORTH_PIT,Shift_1_Morning,426.5,7.5,23.0,26,3,12,3.3,12.3,0.34,16.2,402.3,528.9,407.5,19.0,4.45,Normal (<10%),30.1,4,1.12,13,22.0,21.8121,80.1843
2028-03-27 14:00:00,BAL_NORTH_PIT,Shift_2_Evening,554.9,8.0,23.0,24,3,16,1.1,3.6,0.2,3.4,567.4,484.5,551.8,3.1,0.56,Normal (<10%),33.8,5,1.06,19,19.6,21.8121,80.1843
2028-03-27 22:00:00,BAL_NORTH_PIT,Shift_3_Night,453.0,7.5,21.0,22,3,12,1.0,5.1,0.25,0.0,475.1,406.0,391.9,61.1,13.49,Alert (10-25%),32.1,4,0.43,15,20.3,21.8121,80.1843
2028-03-28 06:00:00,UKWA_EXTENSION,Shift_1_Morning,586.7,8.0,21.0,22,3,12,1.8,8.2,0.32,7.5,448.5,601.3,553.7,33.0,5.62,Normal (<10%),31.4,4,1.19,13,21.6,21.7932,80.2015
2028-03-28 14:00:00,BAL_NORTH_PIT,Shift_2_Evening,544.0,8.0,19.0,20,3,16,4.5,24.5,0.32,7.8,502.7,444.4,512.9,31.1,5.72,Normal (<10%),28.9,3,0.33,18,23.1,21.8121,80.1843
2028-03-28 22:00:00,UKWA_EXTENSION,Shift_3_Night,550.8,8.0,23.0,24,3,14,0.2,2.3,0.21,0.0,508.8,585.9,495.0,55.8,10.13,Alert (10-25%),32.5,4,0.5,14,18.6,21.7932,80.2015
2028-03-29 06:00:00,BAL_NORTH_PIT,Shift_1_Morning,443.8,7.5,22.0,24,3,16,2.7,12.7,0.34,12.3,439.9,478.5,409.1,34.7,7.82,Normal (<10%),29.8,3,0.27,18,21.8,21.8121,80.1843
2028-03-29 14:00:00,BAL_NORTH_PIT,Shift_2_Evening,488.6,7.5,21.0,22,3,14,1.3,4.6,0.21,0.0,428.5,468.4,432.3,56.3,11.52,Alert (10-25%),32.6,4,0.32,17,20.0,21.8121,80.1843
2028-03-29 22:00:00,BAL_SOUTH_PIT,Shift_3_Night,523.6,7.5,19.0,20,3,14,0.2,7.6,0.29,12.9,560.6,448.0,456.1,67.5,12.89,Alert (10-25%),31.3,4,0.56,15,20.4,21.8005,80.1901
2028-03-30 06:00:00,BAL_DEEP_LEVEL_3,Shift_1_Morning,554.0,8.0,17.0,18,4,16,0.5,7.9,0.24,0.0,568.8,423.2,547.2,6.8,1.23,Normal (<10%),30.5,5,0.63,17,20.5,21.8064,80.1876
2028-03-30 14:00:00,UKWA_EXTENSION,Shift_2_Evening,420.8,7.5,20.0,22,3,16,1.0,13.1,0.27,14.9,530.3,470.1,384.5,36.3,8.63,Normal (<10%),32.8,4,0.92,17,21.4,21.7932,80.2015
2028-03-30 22:00:00,BAL_SOUTH_PIT,Shift_3_Night,592.5,8.0,21.0,24,4,12,1.8,9.8,0.26,14.7,598.0,448.6,547.0,45.5,7.68,Normal (<10%),32.3,4,0.28,12,20.5,21.8005,80.1901
2028-03-31 06:00:00,BAL_NORTH_PIT,Shift_1_Morning,578.0,8.0,21.0,22,4,12,0.4,5.4,0.21,4.4,589.1,487.0,578.0,0.0,0.0,Normal (<10%),31.6,4,0.02,15,21.1,21.8121,80.1843
2028-03-31 14:00:00,UKWA_EXTENSION,Shift_2_Evening,454.1,8.0,24.0,26,3,15,1.1,5.7,0.2,2.3,474.3,408.4,428.8,25.3,5.57,Normal (<10%),32.6,4,0.22,17,19.3,21.7932,80.2015
2028-03-31 22:00:00,BAL_NORTH_PIT,Shift_3_Night,564.6,7.5,24.0,26,3,11,1.7,5.5,0.19,0.7,573.1,458.5,481.7,82.9,14.68,Alert (10-25%),32.3,3,0.46,14,21.1,21.8121,80.1843
2028-04-01 06:00:00,BAL_DEEP_LEVEL_3,Shift_1_Morning,503.7,8.0,20.0,22,3,11,0.9,6.7,0.17,1.8,464.7,539.1,492.2,11.5,2.28,Normal (<10%),34.1,3,0.42,11,20.0,21.8064,80.1876
2028-04-01 14:00:00,BAL_SOUTH_PIT,Shift_2_Evening,492.4,7.5,25.0,26,3,16,3.0,10.0,0.23,0.0,437.3,412.6,437.5,54.9,11.15,Alert (10-25%),34.9,3,0.23,18,21.5,21.8005,80.1901
2028-04-01 22:00:00,BAL_DEEP_LEVEL_3,Shift_3_Night,462.9,8.0,24.0,26,3,14,3.1,10.6,0.24,10.3,463.4,440.4,429.5,33.4,7.22,Normal (<10%),33.8,4,0.56,14,19.4,21.8064,80.1876
2028-04-02 06:00:00,BAL_SOUTH_PIT,Shift_1_Morning,516.2,8.0,22.0,22,4,14,1.0,8.0,0.26,8.4,509.3,465.0,494.9,21.3,4.13,Normal (<10%),33.4,4,0.52,16,21.8,21.8005,80.1901
2028-04-02 14:00:00,BAL_NORTH_PIT,Shift_2_Evening,546.0,8.0,17.0,18,4,14,5.4,17.6,0.28,10.6,537.1,479.7,537.7,8.3,1.52,Normal (<10%),31.5,5,1.12,17,20.6,21.8121,80.1843
2028-04-02 22:00:00,BAL_DEEP_LEVEL_3,Shift_3_Night,482.2,7.5,24.0,26,4,13,0.1,6.8,0.29,4.7,398.1,505.9,402.2,80.0,16.59,Alert (10-25%),34.2,4,0.17,16,20.9,21.8064,80.1876
2028-04-03 06:00:00,BAL_DEEP_LEVEL_3,Shift_1_Morning,525.8,7.5,23.0,24,4,14,0.0,4.3,0.27,0.6,413.6,364.3,484.5,41.3,7.85,Normal (<10%),35.9,4,0.43,17,20.8,21.8064,80.1876
2028-04-03 14:00:00,BAL_NORTH_PIT,Shift_2_Evening,539.9,8.0,24.0,24,4,13,0.7,5.3,0.29,0.0,493.7,500.7,510.9,29.0,5.37,Normal (<10%),33.8,4,0.69,13,18.8,21.8121,80.1843
2028-04-03 22:00:00,BAL_DEEP_LEVEL_3,Shift_3_Night,542.2,7.5,22.0,24,4,16,1.4,10.8,0.24,0.7,404.3,311.0,208.3,333.9,61.58,Critical (>25%),38.5,4,0.17,16,19.8,21.8064,80.1876
2028-04-04 06:00:00,UKWA_EXTENSION,Shift_1_Morning,410.4,7.5,21.0,22,3,14,1.5,5.7,0.2,1.0,476.8,413.6,397.0,13.4,3.27,Normal (<10%),36.7,4,0.7,14,19.8,21.7932,80.2015
2028-04-04 14:00:00,BAL_SOUTH_PIT,Shift_2_Evening,571.9,8.0,16.0,18,4,14,1.0,3.8,0.15,0.6,535.8,543.9,564.1,7.8,1.36,Normal (<10%),37.8,5,0.69,15,17.7,21.8005,80.1901
2028-04-04 22:00:00,BAL_SOUTH_PIT,Shift_3_Night,491.7,8.0,22.0,24,3,12,0.2,2.4,0.28,7.4,425.9,497.1,475.0,16.7,3.4,Normal (<10%),36.3,5,0.61,15,20.6,21.8005,80.1901
2028-04-05 06:00:00,BAL_SOUTH_PIT,Shift_1_Morning,452.5,7.5,18.0,20,4,14,0.3,2.9,0.16,5.3,367.9,529.4,432.1,20.4,4.51,Normal (<10%),38.6,4,0.45,15,17.8,21.8005,80.1901
2028-04-05 14:00:00,UKWA_EXTENSION,Shift_2_Evening,448.4,8.0,25.0,26,4,11,2.9,17.6,0.24,19.4,495.0,418.6,439.3,9.1,2.03,Normal (<10%),33.0,5,0.71,12,22.9,21.7932,80.2015
2028-04-05 22:00:00,BAL_SOUTH_PIT,Shift_3_Night,496.6,8.0,21.0,22,4,13,3.0,11.5,0.27,11.1,417.9,532.2,442.6,54.0,10.87,Alert (10-25%),30.6,5,0.87,15,21.3,21.8005,80.1901
2028-04-06 06:00:00,BAL_NORTH_PIT,Shift_1_Morning,577.4,7.5,24.0,26,4,14,1.7,7.8,0.22,0.0,442.5,610.2,544.0,33.4,5.78,Normal (<10%),34.4,5,0.34,14,19.9,21.8121,80.1843
2028-04-06 14:00:00,BAL_DEEP_LEVEL_3,Shift_2_Evening,475.7,7.5,17.0,18,3,11,1.6,4.9,0.3,0.0,435.1,440.0,427.7,48.0,10.09,Alert (10-25%),35.6,4,0.7,12,20.7,21.8064,80.1876
2028-04-06 22:00:00,UKWA_EXTENSION,Shift_3_Night,549.9,8.0,16.0,18,2,14,1.4,6.1,0.19,0.0,407.2,517.0,472.9,77.0,14.0,Alert (10-25%),35.6,3,1.11,15,20.5,21.7932,80.2015
2028-04-07 06:00:00,BAL_SOUTH_PIT,Shift_1_Morning,419.4,7.5,24.0,24,4,11,0.3,11.1,0.26,5.6,468.7,354.5,385.7,33.7,8.04,Normal (<10%),35.0,6,1.62,11,21.2,21.8005,80.1901
2028-04-07 14:00:00,BAL_NORTH_PIT,Shift_2_Evening,495.2,7.5,19.0,20,3,12,0.8,8.0,0.15,1.5,434.2,408.3,451.5,43.7,8.82,Normal (<10%),37.4,3,0.78,13,18.2,21.8121,80.1843
2028-04-07 22:00:00,BAL_DEEP_LEVEL_3,Shift_3_Night,598.3,8.0,19.0,20,4,16,1.8,5.3,0.29,7.0,463.9,569.9,559.3,39.0,6.52,Normal (<10%),35.4,4,0.05,18,22.2,21.8064,80.1876
2028-04-08 06:00:00,BAL_DEEP_LEVEL_3,Shift_1_Morning,554.1,8.0,23.0,24,4,14,1.2,4.1,0.14,8.6,527.6,479.1,546.9,7.2,1.3,Normal (<10%),37.0,5,0.84,16,21.1,21.8064,80.1876
2028-04-08 14:00:00,UKWA_EXTENSION,Shift_2_Evening,442.1,8.0,21.0,22,3,16,0.0,5.7,0.35,0.0,507.6,313.0,269.2,172.9,39.11,Critical (>25%),33.0,4,0.56,18,21.2,21.7932,80.2015
2028-04-08 22:00:00,UKWA_EXTENSION,Shift_3_Night,500.3,8.0,23.0,26,4,12,4.6,23.4,0.31,7.4,553.2,563.3,472.1,28.2,5.64,Normal (<10%),31.6,4,0.51,14,21.9,21.7932,80.2015
2028-04-09 06:00:00,UKWA_EXTENSION,Shift_1_Morning,446.7,7.5,21.0,24,4,14,2.8,7.9,0.23,13.5,370.8,434.3,421.2,25.5,5.71,Normal (<10%),37.4,4,0.17,15,17.2,21.7932,80.2015
2028-04-09 14:00:00,BAL_NORTH_PIT,Shift_2_Evening,481.9,7.5,20.0,22,4,13,0.5,3.8,0.22,3.7,447.9,463.1,424.7,57.2,11.87,Alert (10-25%),35.5,5,0.19,13,18.3,21.8121,80.1843
2028-04-09 22:00:00,BAL_NORTH_PIT,Shift_3_Night,556.0,8.0,17.0,18,3,12,1.4,11.7,0.2,5.1,510.0,542.9,509.2,46.8,8.42,Normal (<10%),33.9,4,0.6,15,21.6,21.8121,80.1843
2028-04-10 06:00:00,UKWA_EXTENSION,Shift_1_Morning,554.2,8.0,18.0,18,3,12,3.9,11.0,0.29,15.2,407.4,534.7,354.2,200.0,36.09,Critical (>25%),33.4,3,0.62,13,22.0,21.7932,80.2015
2028-04-10 14:00:00,BAL_SOUTH_PIT,Shift_2_Evening,445.6,8.0,16.0,18,3,14,0.2,3.3,0.2,8.4,386.5,430.7,410.6,35.0,7.85,Normal (<10%),34.6,4,0.79,15,20.5,21.8005,80.1901
2028-04-10 22:00:00,BAL_DEEP_LEVEL_3,Shift_3_Night,584.4,8.0,20.0,22,3,14,1.0,5.1,0.21,0.4,413.9,466.6,555.6,28.8,4.93,Normal (<10%),34.3,5,1.12,14,19.5,21.8064,80.1876
2028-04-11 06:00:00,BAL_DEEP_LEVEL_3,Shift_1_Morning,518.5,7.5,20.0,22,4,16,0.9,6.0,0.29,8.4,560.5,372.9,510.5,8.0,1.54,Normal (<10%),32.9,5,0.76,19,23.2,21.8064,80.1876
2028-04-11 14:00:00,BAL_NORTH_PIT,Shift_2_Evening,476.0,7.5,25.0,26,3,14,0.8,7.1,0.15,10.5,525.2,504.4,443.2,32.8,6.89,Normal (<10%),33.3,5,1.12,17,21.5,21.8121,80.1843
2028-04-11 22:00:00,BAL_DEEP_LEVEL_3,Shift_3_Night,500.4,8.0,17.0,18,4,12,2.7,20.3,0.29,17.7,509.1,565.6,457.4,43.0,8.59,Normal (<10%),33.3,4,0.56,15,21.8,21.8064,80.1876
2028-04-12 06:00:00,BAL_SOUTH_PIT,Shift_1_Morning,521.0,8.0,22.0,24,3,16,0.7,5.0,0.22,9.7,297.8,506.9,267.8,253.2,48.6,Critical (>25%),34.4,3,0.32,16,21.8,21.8005,80.1901
2028-04-12 14:00:00,BAL_DEEP_LEVEL_3,Shift_2_Evening,512.0,7.5,22.0,22,2,14,0.1,3.1,0.22,0.0,451.6,495.1,375.5,136.5,26.66,Critical (>25%),37.1,3,0.72,16,19.2,21.8064,80.1876
2028-04-12 22:00:00,BAL_NORTH_PIT,Shift_3_Night,497.3,7.5,19.0,20,3,11,0.1,1.5,0.18,1.1,428.9,541.5,443.9,53.4,10.74,Alert (10-25%),36.2,3,0.92,12,18.1,21.8121,80.1843
2028-04-13 06:00:00,BAL_NORTH_PIT,Shift_1_Morning,501.0,7.5,25.0,26,3,14,0.1,3.8,0.2,10.8,479.4,460.4,450.8,50.2,10.02,Alert (10-25%),35.9,3,0.44,14,19.0,21.8121,80.1843
2028-04-13 14:00:00,BAL_SOUTH_PIT,Shift_2_Evening,435.3,7.5,17.0,18,3,14,0.8,8.4,0.33,3.7,419.0,540.6,399.0,36.3,8.34,Normal (<10%),33.2,3,0.41,15,20.1,21.8005,80.1901
2028-04-13 22:00:00,BAL_SOUTH_PIT,Shift_3_Night,562.5,8.0,21.0,24,3,15,1.9,7.9,0.26,2.0,360.9,503.2,333.7,228.8,40.68,Critical (>25%),34.6,5,1.03,16,20.1,21.8005,80.1901
2028-04-14 06:00:00,BAL_DEEP_LEVEL_3,Shift_1_Morning,508.4,7.5,24.0,26,3,12,0.3,2.1,0.17,2.0,534.2,486.8,475.3,33.1,6.51,Normal (<10%),36.4,4,0.63,13,20.3,21.8064,80.1876
2028-04-14 14:00:00,BAL_DEEP_LEVEL_3,Shift_2_Evening,426.2,7.5,17.0,18,3,16,1.6,11.6,0.29,0.0,519.4,396.6,390.4,35.8,8.4,Normal (<10%),35.4,3,0.27,16,20.4,21.8064,80.1876
2028-04-14 22:00:00,BAL_NORTH_PIT,Shift_3_Night,553.2,7.5,23.0,24,4,16,1.7,9.5,0.25,8.0,445.8,513.7,480.0,73.2,13.23,Alert (10-25%),34.6,5,0.76,17,20.5,21.8121,80.1843
2028-04-15 06:00:00,BAL_SOUTH_PIT,Shift_1_Morning,586.5,8.0,21.0,22,3,14,0.4,3.0,0.25,0.0,521.0,522.0,560.5,26.0,4.43,Normal (<10%),36.9,3,0.25,15,20.1,21.8005,80.1901
2028-04-15 14:00:00,BAL_SOUTH_PIT,Shift_2_Evening,589.5,8.0,20.0,20,3,14,1.4,6.3,0.22,10.5,568.4,489.3,587.9,1.6,0.27,Normal (<10%),35.2,3,0.36,16,18.2,21.8005,80.1901
2028-04-15 22:00:00,BAL_SOUTH_PIT,Shift_3_Night,473.8,7.5,17.0,18,4,12,1.7,7.3,0.2,0.0,467.7,542.0,424.6,49.2,10.38,Alert (10-25%),36.4,6,0.76,14,18.9,21.8005,80.1901
2028-04-16 06:00:00,BAL_DEEP_LEVEL_3,Shift_1_Morning,427.1,7.5,24.0,26,3,15,0.9,6.1,0.15,8.3,518.8,499.6,385.3,41.8,9.79,Normal (<10%),34.9,4,0.73,16,19.3,21.8064,80.1876
2028-04-16 14:00:00,BAL_SOUTH_PIT,Shift_2_Evening,503.7,8.0,25.0,26,4,12,0.6,4.9,0.28,0.0,505.4,430.6,484.3,19.4,3.85,Normal (<10%),32.2,4,0.58,13,19.5,21.8005,80.1901
2028-04-16 22:00:00,BAL_NORTH_PIT,Shift_3_Night,422.5,8.0,24.0,24,3,11,1.4,11.2,0.29,2.2,461.4,518.7,387.6,34.9,8.26,Normal (<10%),34.8,3,0.34,11,20.2,21.8121,80.1843
2028-04-17 06:00:00,BAL_NORTH_PIT,Shift_1_Morning,586.8,7.5,25.0,26,4,13,5.7,23.0,0.33,15.5,535.2,567.5,547.9,38.9,6.63,Normal (<10%),34.3,5,0.12,15,23.6,21.8121,80.1843
2028-04-17 14:00:00,BAL_DEEP_LEVEL_3,Shift_2_Evening,436.7,8.0,26.0,26,3,15,0.8,8.8,0.28,7.4,415.5,381.1,432.6,4.1,0.94,Normal (<10%),35.5,3,0.58,15,20.1,21.8064,80.1876
2028-04-17 22:00:00,UKWA_EXTENSION,Shift_3_Night,450.6,7.5,21.0,22,4,15,0.7,4.8,0.29,3.7,453.3,500.2,378.0,72.6,16.11,Alert (10-25%),35.5,4,0.44,16,19.1,21.7932,80.2015
2028-04-18 06:00:00,BAL_DEEP_LEVEL_3,Shift_1_Morning,481.3,8.0,17.0,18,4,12,0.9,7.6,0.15,6.8,424.0,385.0,444.6,36.7,7.63,Normal (<10%),35.0,4,0.1,13,19.0,21.8064,80.1876
2028-04-18 14:00:00,UKWA_EXTENSION,Shift_2_Evening,476.6,7.5,20.0,22,4,12,0.1,1.0,0.21,4.1,480.5,440.2,282.1,194.5,40.81,Critical (>25%),34.4,4,0.63,15,22.2,21.7932,80.2015
2028-04-18 22:00:00,BAL_SOUTH_PIT,Shift_3_Night,558.9,7.5,23.0,26,3,12,1.2,5.7,0.14,0.0,428.3,390.3,488.2,70.7,12.65,Alert (10-25%),36.5,4,0.28,12,20.7,21.8005,80.1901
2028-04-19 06:00:00,BAL_DEEP_LEVEL_3,Shift_1_Morning,491.3,8.0,19.0,20,4,15,0.6,2.6,0.19,2.4,441.7,495.0,491.3,0.0,0.0,Normal (<10%),36.3,4,0.71,15,19.9,21.8064,80.1876
2028-04-19 14:00:00,BAL_NORTH_PIT,Shift_2_Evening,434.2,7.5,16.0,18,3,13,0.2,6.2,0.25,0.0,339.9,498.0,365.5,68.7,15.82,Alert (10-25%),34.2,3,0.38,15,19.1,21.8121,80.1843
2028-04-19 22:00:00,BAL_SOUTH_PIT,Shift_3_Night,453.4,8.0,20.0,20,4,12,0.9,12.4,0.24,1.9,387.9,472.4,409.4,44.0,9.7,Normal (<10%),36.2,4,0.0,13,20.9,21.8005,80.1901
2028-04-20 06:00:00,BAL_NORTH_PIT,Shift_1_Morning,501.8,8.0,24.0,26,3,12,0.0,2.8,0.3,0.0,496.6,465.1,501.8,0.0,0.0,Normal (<10%),33.7,3,0.45,12,20.4,21.8121,80.1843
2028-04-20 14:00:00,BAL_SOUTH_PIT,Shift_2_Evening,429.5,8.0,18.0,18,3,16,0.8,6.9,0.22,0.0,518.2,394.7,405.7,23.8,5.54,Normal (<10%),34.3,3,0.28,16,19.8,21.8005,80.1901
2028-04-20 22:00:00,BAL_DEEP_LEVEL_3,Shift_3_Night,522.3,7.5,18.0,20,3,14,0.2,5.1,0.19,3.3,516.5,524.1,451.6,70.7,13.54,Alert (10-25%),37.9,3,0.23,16,19.7,21.8064,80.1876
2028-04-21 06:00:00,UKWA_EXTENSION,Shift_1_Morning,513.1,7.5,19.0,20,3,14,0.0,9.2,0.25,0.0,511.7,426.9,477.7,35.4,6.9,Normal (<10%),36.1,3,0.18,16,20.5,21.7932,80.2015
2028-04-21 14:00:00,BAL_SOUTH_PIT,Shift_2_Evening,542.9,7.5,22.0,24,4,13,2.6,11.7,0.21,9.8,456.0,581.3,489.6,53.3,9.82,Normal (<10%),34.3,6,0.96,13,19.3,21.8005,80.1901
2028-04-21 22:00:00,UKWA_EXTENSION,Shift_3_Night,587.5,8.0,17.0,18,3,12,3.7,14.1,0.23,17.0,565.3,488.5,563.7,23.8,4.05,Normal (<10%),34.9,4,0.55,12,19.1,21.7932,80.2015
2028-04-22 06:00:00,BAL_SOUTH_PIT,Shift_1_Morning,582.5,7.5,19.0,20,3,16,0.3,2.0,0.26,9.2,498.4,608.2,533.4,49.1,8.43,Normal (<10%),35.5,4,0.14,18,21.8,21.8005,80.1901
2028-04-22 14:00:00,BAL_NORTH_PIT,Shift_2_Evening,589.2,7.5,17.0,18,3,16,1.2,4.4,0.27,0.0,455.7,498.1,540.1,49.1,8.33,Normal (<10%),30.9,3,0.78,16,20.8,21.8121,80.1843
2028-04-22 22:00:00,BAL_NORTH_PIT,Shift_3_Night,448.9,7.5,24.0,24,3,13,0.5,6.5,0.24,0.0,417.4,477.6,340.4,108.5,24.17,Alert (10-25%),33.7,5,0.93,13,19.5,21.8121,80.1843
2028-04-23 06:00:00,BAL_SOUTH_PIT,Shift_1_Morning,426.3,7.5,17.0,18,3,16,1.0,4.6,0.25,7.0,410.3,476.8,382.3,44.0,10.32,Alert (10-25%),35.1,3,0.18,16,20.1,21.8005,80.1901
2028-04-23 14:00:00,UKWA_EXTENSION,Shift_2_Evening,460.5,8.0,19.0,20,4,14,0.9,4.2,0.33,3.1,514.3,474.0,435.9,24.6,5.34,Normal (<10%),34.1,5,0.36,15,21.0,21.7932,80.2015
2028-04-23 22:00:00,BAL_DEEP_LEVEL_3,Shift_3_Night,579.0,7.5,18.0,20,3,11,0.5,6.5,0.23,4.0,394.3,492.4,193.1,385.9,66.65,Critical (>25%),35.5,3,0.63,12,22.5,21.8064,80.1876
2028-04-24 06:00:00,BAL_DEEP_LEVEL_3,Shift_1_Morning,594.4,8.0,22.0,24,3,16,1.8,5.6,0.18,0.0,454.1,485.2,572.9,21.5,3.62,Normal (<10%),37.2,4,0.31,16,20.3,21.8064,80.1876
2028-04-24 14:00:00,BAL_NORTH_PIT,Shift_2_Evening,571.9,8.0,20.0,22,4,14,0.2,6.1,0.26,4.7,475.7,439.5,356.1,215.8,37.73,Critical (>25%),34.5,4,0.44,14,20.8,21.8121,80.1843
2028-04-24 22:00:00,BAL_DEEP_LEVEL_3,Shift_3_Night,422.0,8.0,24.0,26,3,16,0.1,5.9,0.27,8.3,408.6,443.1,154.5,267.5,63.39,Critical (>25%),33.3,3,0.22,17,20.4,21.8064,80.1876
2028-04-25 06:00:00,BAL_NORTH_PIT,Shift_1_Morning,589.5,8.0,26.0,26,3,11,2.2,12.4,0.31,4.4,443.7,520.2,567.8,21.7,3.68,Normal (<10%),34.6,3,0.24,13,21.0,21.8121,80.1843
2028-04-25 14:00:00,BAL_DEEP_LEVEL_3,Shift_2_Evening,484.7,7.5,20.0,20,3,12,1.6,6.6,0.29,6.7,441.5,539.2,435.8,48.9,10.09,Alert (10-25%),34.2,4,0.37,12,21.5,21.8064,80.1876
2028-04-25 22:00:00,BAL_SOUTH_PIT,Shift_3_Night,401.9,7.5,17.0,18,3,16,1.0,12.5,0.31,9.1,518.8,375.1,347.2,54.7,13.61,Alert (10-25%),33.9,3,0.21,17,21.7,21.8005,80.1901
2028-04-26 06:00:00,BAL_NORTH_PIT,Shift_1_Morning,488.5,7.5,21.0,22,3,14,0.9,4.4,0.25,0.0,444.7,451.5,451.8,36.7,7.51,Normal (<10%),34.7,3,0.4,16,19.7,21.8121,80.1843
2028-04-26 14:00:00,BAL_NORTH_PIT,Shift_2_Evening,409.2,8.0,22.0,24,2,12,1.0,8.4,0.27,5.3,380.5,522.9,369.7,39.5,9.65,Normal (<10%),38.1,4,1.07,13,21.0,21.8121,80.1843
2028-04-26 22:00:00,BAL_SOUTH_PIT,Shift_3_Night,508.8,7.5,24.0,26,4,12,0.9,3.1,0.24,0.0,520.0,474.9,428.0,80.8,15.88,Alert (10-25%),32.0,4,0.16,13,20.9,21.8005,80.1901
2028-04-27 06:00:00,BAL_NORTH_PIT,Shift_1_Morning,467.7,8.0,20.0,22,2,16,0.7,5.9,0.15,8.2,522.0,555.2,435.1,32.6,6.97,Normal (<10%),35.0,2,0.37,16,17.2,21.8121,80.1843
2028-04-27 14:00:00,BAL_DEEP_LEVEL_3,Shift_2_Evening,494.7,7.5,22.0,24,3,14,1.0,7.5,0.15,0.0,479.0,464.3,442.9,51.8,10.47,Alert (10-25%),35.5,3,0.67,17,19.6,21.8064,80.1876
2028-04-27 22:00:00,BAL_DEEP_LEVEL_3,Shift_3_Night,522.6,7.5,19.0,20,3,13,1.1,4.7,0.17,0.1,562.2,475.4,471.8,50.8,9.72,Normal (<10%),34.4,3,0.0,16,20.9,21.8064,80.1876
2028-04-28 06:00:00,BAL_NORTH_PIT,Shift_1_Morning,573.8,7.5,22.0,24,4,13,1.8,8.2,0.28,10.0,506.6,545.2,513.7,60.1,10.47,Alert (10-25%),36.0,4,0.4,14,18.6,21.8121,80.1843
2028-04-28 14:00:00,BAL_DEEP_LEVEL_3,Shift_2_Evening,532.4,8.0,21.0,22,3,12,1.9,10.8,0.23,4.6,497.3,537.0,532.4,0.0,0.0,Normal (<10%),36.0,3,0.11,15,19.5,21.8064,80.1876
2028-04-28 22:00:00,UKWA_EXTENSION,Shift_3_Night,486.8,7.5,23.0,24,4,12,0.7,3.9,0.23,0.0,324.6,337.9,267.4,219.4,45.07,Critical (>25%),35.2,6,0.68,13,19.7,21.7932,80.2015
2028-04-29 06:00:00,BAL_NORTH_PIT,Shift_1_Morning,563.9,8.0,17.0,18,3,11,0.8,3.7,0.3,3.4,488.4,478.1,563.2,0.7,0.12,Normal (<10%),34.5,3,0.48,12,20.9,21.8121,80.1843
2028-04-29 14:00:00,BAL_SOUTH_PIT,Shift_2_Evening,581.1,8.0,20.0,22,2,14,0.7,2.9,0.27,10.9,490.8,454.3,320.5,260.6,44.85,Critical (>25%),35.0,4,0.84,16,21.1,21.8005,80.1901
2028-04-29 22:00:00,UKWA_EXTENSION,Shift_3_Night,424.0,8.0,25.0,26,3,14,1.2,2.6,0.1,7.6,467.9,546.8,398.2,25.8,6.08,Normal (<10%),36.0,3,0.03,14,20.3,21.7932,80.2015
2028-04-30 06:00:00,BAL_NORTH_PIT,Shift_1_Morning,506.4,7.5,25.0,26,4,14,0.9,4.5,0.26,6.1,574.4,484.5,465.2,41.2,8.14,Normal (<10%),35.0,5,1.1,14,19.9,21.8121,80.1843
2028-04-30 14:00:00,BAL_SOUTH_PIT,Shift_2_Evening,456.9,7.5,19.0,20,4,11,3.3,14.4,0.27,14.6,478.1,439.7,417.1,39.8,8.71,Normal (<10%),33.9,4,0.68,11,20.1,21.8005,80.1901
2028-04-30 22:00:00,BAL_DEEP_LEVEL_3,Shift_3_Night,409.4,8.0,21.0,22,3,12,1.8,7.5,0.2,7.6,496.7,519.0,366.3,43.1,10.53,Alert (10-25%),35.6,3,0.0,13,18.7,21.8064,80.1876
2028-05-01 06:00:00,BAL_SOUTH_PIT,Shift_1_Morning,533.7,8.0,16.0,18,4,14,3.4,8.6,0.23,6.9,538.3,468.6,501.1,32.6,6.11,Normal (<10%),38.3,4,0.0,14,19.5,21.8005,80.1901
2028-05-01 14:00:00,UKWA_EXTENSION,Shift_2_Evening,572.6,8.0,25.0,26,3,15,1.9,10.0,0.23,11.2,451.4,568.5,530.4,42.2,7.37,Normal (<10%),35.2,5,1.18,15,20.7,21.7932,80.2015
2028-05-01 22:00:00,BAL_DEEP_LEVEL_3,Shift_3_Night,432.6,8.0,17.0,18,2,11,5.3,19.2,0.23,14.5,458.7,408.5,360.7,71.9,16.62,Alert (10-25%),34.7,3,0.61,12,21.7,21.8064,80.1876
2028-05-02 06:00:00,BAL_NORTH_PIT,Shift_1_Morning,562.5,8.0,21.0,22,3,12,1.5,11.5,0.27,7.4,481.3,417.8,525.1,37.4,6.65,Normal (<10%),34.0,4,1.15,14,21.4,21.8121,80.1843
2028-05-02 14:00:00,BAL_DEEP_LEVEL_3,Shift_2_Evening,570.7,7.5,21.0,22,4,16,5.0,26.7,0.44,18.7,513.9,453.1,529.1,41.6,7.29,Normal (<10%),35.7,6,1.24,17,23.2,21.8064,80.1876
2028-05-02 22:00:00,BAL_NORTH_PIT,Shift_3_Night,582.9,7.5,17.0,18,4,12,0.3,2.2,0.26,3.1,382.5,492.4,519.5,63.4,10.88,Alert (10-25%),37.8,4,0.49,12,21.0,21.8121,80.1843
2028-05-03 06:00:00,BAL_NORTH_PIT,Shift_1_Morning,453.1,7.5,24.0,26,4,11,0.1,6.7,0.13,6.0,494.5,553.7,400.9,52.2,11.52,Alert (10-25%),38.6,5,0.39,12,19.7,21.8121,80.1843
2028-05-03 14:00:00,BAL_SOUTH_PIT,Shift_2_Evening,580.8,8.0,18.0,20,3,14,1.3,4.3,0.24,4.7,467.5,584.0,551.7,29.1,5.01,Normal (<10%),35.3,4,0.85,14,21.1,21.8005,80.1901
2028-05-03 22:00:00,BAL_SOUTH_PIT,Shift_3_Night,464.1,8.0,25.0,26,3,16,6.2,24.8,0.34,11.6,539.4,485.7,418.6,45.5,9.8,Normal (<10%),37.8,4,0.36,16,20.8,21.8005,80.1901
2028-05-04 06:00:00,BAL_SOUTH_PIT,Shift_1_Morning,510.5,7.5,23.0,24,3,12,0.8,3.7,0.17,1.4,393.0,424.9,470.1,40.4,7.91,Normal (<10%),37.0,4,1.09,13,19.6,21.8005,80.1901
2028-05-04 14:00:00,UKWA_EXTENSION,Shift_2_Evening,410.1,7.5,23.0,24,4,12,0.4,4.9,0.16,0.0,420.7,442.4,374.6,35.5,8.66,Normal (<10%),38.1,4,0.53,12,18.8,21.7932,80.2015
2028-05-04 22:00:00,UKWA_EXTENSION,Shift_3_Night,408.8,8.0,21.0,22,3,15,1.1,4.5,0.27,4.3,357.7,450.4,209.8,199.0,48.68,Critical (>25%),38.5,3,0.15,16,21.1,21.7932,80.2015
2028-05-05 06:00:00,BAL_SOUTH_PIT,Shift_1_Morning,544.1,8.0,19.0,20,4,15,1.6,5.1,0.23,5.1,535.3,507.4,527.7,16.4,3.01,Normal (<10%),35.9,4,0.64,18,19.9,21.8005,80.1901
2028-05-05 14:00:00,UKWA_EXTENSION,Shift_2_Evening,488.9,8.0,23.0,24,4,16,0.6,6.0,0.21,10.6,459.7,499.0,462.3,26.6,5.44,Normal (<10%),36.6,5,1.37,16,19.3,21.7932,80.2015
2028-05-05 22:00:00,BAL_DEEP_LEVEL_3,Shift_3_Night,451.3,7.5,17.0,18,4,14,1.9,5.3,0.26,5.0,492.6,375.5,390.1,61.2,13.56,Alert (10-25%),37.5,5,0.63,17,19.2,21.8064,80.1876
2028-05-06 06:00:00,BAL_DEEP_LEVEL_3,Shift_1_Morning,438.1,8.0,25.0,26,3,15,5.5,14.3,0.38,7.7,349.9,448.9,198.1,240.0,54.78,Critical (>25%),40.1,4,0.87,16,22.1,21.8064,80.1876
2028-05-06 14:00:00,UKWA_EXTENSION,Shift_2_Evening,534.0,8.0,19.0,20,3,16,3.4,10.0,0.26,4.6,544.1,562.9,533.9,0.1,0.02,Normal (<10%),37.3,4,0.57,19,22.6,21.7932,80.2015
2028-05-06 22:00:00,UKWA_EXTENSION,Shift_3_Night,400.1,8.0,17.0,20,1,13,0.5,7.6,0.25,8.3,442.8,370.0,287.1,113.0,28.24,Critical (>25%),39.5,1,0.43,15,21.7,21.7932,80.2015
2028-05-07 06:00:00,BAL_DEEP_LEVEL_3,Shift_1_Morning,561.2,7.5,18.0,20,4,14,0.6,4.5,0.22,0.0,416.5,555.6,519.5,41.7,7.43,Normal (<10%),39.3,4,0.0,16,21.2,21.8064,80.1876
2028-05-07 14:00:00,BAL_NORTH_PIT,Shift_2_Evening,415.8,8.0,21.0,22,3,16,0.7,14.6,0.25,10.5,469.5,470.4,415.8,0.0,0.0,Normal (<10%),37.1,3,0.4,16,21.2,21.8121,80.1843
2028-05-07 22:00:00,BAL_DEEP_LEVEL_3,Shift_3_Night,438.3,7.5,20.0,22,3,12,0.8,15.9,0.32,15.4,400.7,449.3,351.8,86.5,19.74,Alert (10-25%),34.5,5,1.01,14,22.4,21.8064,80.1876
2028-05-08 06:00:00,BAL_DEEP_LEVEL_3,Shift_1_Morning,477.2,8.0,17.0,18,3,14,0.2,3.7,0.21,12.6,406.7,390.7,425.5,51.7,10.83,Alert (10-25%),39.2,4,1.24,14,20.1,21.8064,80.1876
2028-05-08 14:00:00,UKWA_EXTENSION,Shift_2_Evening,497.0,8.0,17.0,18,2,16,2.2,14.7,0.3,15.6,530.9,427.6,415.2,81.8,16.46,Alert (10-25%),34.0,3,0.16,19,22.6,21.7932,80.2015
2028-05-08 22:00:00,BAL_DEEP_LEVEL_3,Shift_3_Night,471.0,7.5,21.0,22,4,12,0.7,4.3,0.3,0.2,549.5,469.4,412.7,58.3,12.38,Alert (10-25%),39.5,5,0.62,15,20.6,21.8064,80.1876
2028-05-09 06:00:00,UKWA_EXTENSION,Shift_1_Morning,464.1,8.0,23.0,24,3,11,3.2,10.6,0.29,3.3,373.5,490.0,416.3,47.8,10.3,Alert (10-25%),36.9,3,0.79,12,20.6,21.7932,80.2015
2028-05-09 14:00:00,UKWA_EXTENSION,Shift_2_Evening,592.8,7.5,25.0,26,3,15,3.9,9.8,0.19,9.7,457.4,497.6,484.1,108.7,18.34,Alert (10-25%),33.3,5,0.93,18,21.0,21.7932,80.2015
2028-05-09 22:00:00,BAL_SOUTH_PIT,Shift_3_Night,528.3,8.0,25.0,26,4,16,0.0,5.0,0.16,2.3,570.1,455.3,510.7,17.6,3.33,Normal (<10%),37.3,5,0.65,17,19.3,21.8005,80.1901
2028-05-10 06:00:00,BAL_DEEP_LEVEL_3,Shift_1_Morning,404.7,7.5,18.0,20,4,14,6.7,13.5,0.33,1.6,390.6,441.5,364.6,40.1,9.91,Normal (<10%),37.1,6,0.75,14,19.2,21.8064,80.1876
2028-05-10 14:00:00,BAL_NORTH_PIT,Shift_2_Evening,486.0,8.0,18.0,18,3,11,1.9,6.8,0.23,17.5,502.2,485.7,454.3,31.7,6.52,Normal (<10%),36.9,4,0.42,14,19.8,21.8121,80.1843
2028-05-10 22:00:00,BAL_SOUTH_PIT,Shift_3_Night,575.0,7.5,24.0,24,4,12,1.1,11.2,0.27,8.3,478.7,406.2,493.7,81.3,14.14,Alert (10-25%),37.8,5,0.15,13,20.9,21.8005,80.1901
2028-05-11 06:00:00,UKWA_EXTENSION,Shift_1_Morning,460.3,7.5,23.0,26,4,12,0.7,2.7,0.17,8.0,521.3,387.8,422.2,38.1,8.28,Normal (<10%),36.7,4,0.21,12,20.1,21.7932,80.2015
2028-05-11 14:00:00,UKWA_EXTENSION,Shift_2_Evening,418.9,8.0,19.0,20,4,16,1.1,4.5,0.25,1.3,349.5,436.9,235.9,183.0,43.69,Critical (>25%),35.4,5,0.4,16,19.8,21.7932,80.2015
2028-05-11 22:00:00,BAL_NORTH_PIT,Shift_3_Night,551.7,7.5,20.0,20,3,16,0.6,9.7,0.34,6.3,551.4,548.1,464.4,87.3,15.82,Alert (10-25%),36.3,3,0.44,18,24.2,21.8121,80.1843
2028-05-12 06:00:00,UKWA_EXTENSION,Shift_1_Morning,521.2,8.0,17.0,18,4,16,1.5,6.3,0.24,5.0,376.2,381.8,313.2,208.0,39.91,Critical (>25%),37.3,5,0.46,19,20.1,21.7932,80.2015
2028-05-12 14:00:00,BAL_DEEP_LEVEL_3,Shift_2_Evening,514.1,7.5,25.0,26,4,11,0.1,3.9,0.25,1.2,469.8,511.5,449.1,65.0,12.64,Alert (10-25%),36.9,5,0.56,12,20.6,21.8064,80.1876
2028-05-12 22:00:00,BAL_SOUTH_PIT,Shift_3_Night,410.7,8.0,24.0,26,3,14,1.5,8.9,0.31,2.1,515.8,369.8,365.9,44.8,10.91,Alert (10-25%),38.5,4,0.56,15,22.1,21.8005,80.1901
2028-05-13 06:00:00,UKWA_EXTENSION,Shift_1_Morning,428.1,8.0,24.0,24,3,11,0.5,3.2,0.3,13.1,460.2,490.9,400.0,28.1,6.56,Normal (<10%),35.9,3,0.39,11,21.1,21.7932,80.2015
2028-05-13 14:00:00,UKWA_EXTENSION,Shift_2_Evening,524.5,8.0,17.0,18,3,16,0.0,1.2,0.17,2.6,544.4,432.2,510.7,13.8,2.63,Normal (<10%),38.5,3,0.24,16,19.7,21.7932,80.2015
2028-05-13 22:00:00,BAL_NORTH_PIT,Shift_3_Night,441.6,8.0,16.0,18,4,12,1.2,5.4,0.25,0.0,515.4,445.6,393.9,47.7,10.8,Alert (10-25%),37.4,5,0.38,12,20.9,21.8121,80.1843
2028-05-14 06:00:00,BAL_DEEP_LEVEL_3,Shift_1_Morning,500.8,7.5,21.0,22,4,15,1.3,10.2,0.31,7.3,531.6,449.1,440.8,60.0,11.98,Alert (10-25%),34.2,5,0.73,15,20.5,21.8064,80.1876
2028-05-14 14:00:00,UKWA_EXTENSION,Shift_2_Evening,509.0,8.0,25.0,26,3,9,0.8,5.8,0.31,0.0,416.7,586.8,456.6,52.4,10.29,Alert (10-25%),34.9,3,0.72,9,21.9,21.7932,80.2015
2028-05-14 22:00:00,BAL_NORTH_PIT,Shift_3_Night,456.7,8.0,21.0,22,4,12,0.1,1.5,0.19,0.0,400.1,471.7,447.7,9.0,1.97,Normal (<10%),38.0,5,0.74,13,20.9,21.8121,80.1843
2028-05-15 06:00:00,UKWA_EXTENSION,Shift_1_Morning,589.7,8.0,22.0,24,3,16,3.4,13.9,0.24,9.8,558.2,559.5,564.7,25.0,4.24,Normal (<10%),39.6,4,0.52,16,19.4,21.7932,80.2015
2028-05-15 14:00:00,BAL_NORTH_PIT,Shift_2_Evening,568.5,8.0,19.0,20,4,12,1.4,3.9,0.21,5.3,426.7,595.9,557.5,11.0,1.93,Normal (<10%),38.5,5,0.66,12,19.8,21.8121,80.1843
2028-05-15 22:00:00,BAL_NORTH_PIT,Shift_3_Night,544.5,8.0,17.0,18,4,12,0.2,4.8,0.21,0.0,540.0,548.8,502.0,42.5,7.81,Normal (<10%),35.0,4,0.0,12,18.0,21.8121,80.1843
2028-05-16 06:00:00,BAL_DEEP_LEVEL_3,Shift_1_Morning,415.6,7.5,25.0,26,3,12,1.1,5.1,0.21,12.0,466.4,332.0,362.0,53.6,12.9,Alert (10-25%),32.9,5,0.96,14,21.9,21.8064,80.1876
2028-05-16 14:00:00,UKWA_EXTENSION,Shift_2_Evening,421.2,8.0,21.0,22,3,15,1.0,5.6,0.25,0.4,413.2,506.8,421.2,0.0,0.0,Normal (<10%),38.3,3,0.28,16,20.5,21.7932,80.2015
2028-05-16 22:00:00,BAL_DEEP_LEVEL_3,Shift_3_Night,498.6,7.5,19.0,20,3,16,0.1,2.9,0.19,0.8,423.1,443.3,426.5,72.1,14.46,Alert (10-25%),37.7,4,0.42,17,21.1,21.8064,80.1876
2028-05-17 06:00:00,BAL_NORTH_PIT,Shift_1_Morning,432.1,7.5,23.0,24,4,16,1.4,7.5,0.32,12.7,520.6,558.1,384.9,47.2,10.92,Alert (10-25%),38.4,6,0.77,17,20.7,21.8121,80.1843
2028-05-17 14:00:00,BAL_SOUTH_PIT,Shift_2_Evening,595.7,8.0,24.0,26,3,12,2.5,9.5,0.23,14.9,394.9,536.7,336.2,259.5,43.56,Critical (>25%),35.7,3,0.28,13,18.5,21.8005,80.1901
2028-05-17 22:00:00,UKWA_EXTENSION,Shift_3_Night,431.7,8.0,26.0,26,3,14,2.1,11.7,0.23,4.7,426.1,363.0,394.6,37.1,8.59,Normal (<10%),37.4,4,1.0,15,23.1,21.7932,80.2015
2028-05-18 06:00:00,BAL_SOUTH_PIT,Shift_1_Morning,497.5,7.5,16.0,18,3,16,0.3,7.5,0.18,10.3,426.8,538.6,463.6,33.9,6.81,Normal (<10%),38.8,3,0.73,18,20.5,21.8005,80.1901
2028-05-18 14:00:00,UKWA_EXTENSION,Shift_2_Evening,472.8,7.5,18.0,18,4,16,3.0,19.8,0.36,14.0,460.0,390.0,420.0,52.8,11.17,Alert (10-25%),34.8,6,0.72,18,21.1,21.7932,80.2015
2028-05-18 22:00:00,BAL_DEEP_LEVEL_3,Shift_3_Night,527.9,7.5,20.0,22,4,16,0.6,5.5,0.16,16.9,538.7,535.2,458.8,69.1,13.09,Alert (10-25%),37.2,4,0.24,16,20.4,21.8064,80.1876
2028-05-19 06:00:00,BAL_DEEP_LEVEL_3,Shift_1_Morning,425.8,8.0,20.0,22,4,12,4.4,18.0,0.31,8.6,527.8,445.4,398.8,27.0,6.34,Normal (<10%),35.9,5,0.55,14,23.8,21.8064,80.1876
2028-05-19 14:00:00,BAL_DEEP_LEVEL_3,Shift_2_Evening,486.1,7.5,21.0,24,4,12,0.1,3.9,0.25,10.8,461.3,523.5,295.9,190.2,39.13,Critical (>25%),38.2,4,0.64,12,19.5,21.8064,80.1876
2028-05-19 22:00:00,BAL_DEEP_LEVEL_3,Shift_3_Night,454.9,7.5,19.0,20,3,13,1.0,6.1,0.1,1.1,543.9,467.4,371.9,83.0,18.25,Alert (10-25%),38.1,3,0.44,13,18.9,21.8064,80.1876
2028-05-20 06:00:00,BAL_DEEP_LEVEL_3,Shift_1_Morning,577.6,8.0,23.0,24,3,14,1.4,9.6,0.18,1.0,517.7,497.0,313.0,264.6,45.81,Critical (>25%),38.8,3,0.43,14,19.9,21.8064,80.1876
2028-05-20 14:00:00,BAL_SOUTH_PIT,Shift_2_Evening,408.1,7.5,24.0,26,2,14,0.4,2.1,0.19,0.0,410.8,350.4,330.7,77.4,18.97,Alert (10-25%),37.2,4,1.16,14,18.2,21.8005,80.1901
2028-05-20 22:00:00,BAL_DEEP_LEVEL_3,Shift_3_Night,582.7,8.0,20.0,22,2,14,2.2,9.0,0.34,0.0,550.4,577.6,487.5,95.2,16.34,Alert (10-25%),34.4,2,0.22,16,20.7,21.8064,80.1876
2028-05-21 06:00:00,BAL_NORTH_PIT,Shift_1_Morning,566.6,7.5,23.0,24,4,12,1.5,5.4,0.21,0.0,489.1,408.4,535.6,31.0,5.47,Normal (<10%),40.5,4,0.81,13,21.8,21.8121,80.1843
2028-05-21 14:00:00,BAL_NORTH_PIT,Shift_2_Evening,459.5,8.0,22.0,24,3,11,0.0,3.9,0.19,1.0,488.2,359.3,304.9,154.6,33.65,Critical (>25%),36.8,3,0.4,11,19.2,21.8121,80.1843
2028-05-21 22:00:00,BAL_SOUTH_PIT,Shift_3_Night,557.9,7.5,17.0,18,3,14,1.4,3.8,0.18,1.3,414.0,409.1,456.1,101.8,18.25,Alert (10-25%),37.0,3,0.14,15,18.9,21.8005,80.1901
2028-05-22 06:00:00,UKWA_EXTENSION,Shift_1_Morning,406.2,8.0,22.0,24,3,15,1.0,4.7,0.19,7.7,442.9,418.3,378.8,27.4,6.75,Normal (<10%),37.6,3,0.33,17,19.8,21.7932,80.2015
2028-05-22 14:00:00,BAL_NORTH_PIT,Shift_2_Evening,593.4,8.0,19.0,20,4,14,0.3,1.1,0.17,4.8,436.5,368.2,296.4,297.0,50.05,Critical (>25%),38.2,5,1.07,16,21.0,21.8121,80.1843
2028-05-22 22:00:00,UKWA_EXTENSION,Shift_3_Night,505.3,7.5,22.0,24,3,12,8.2,27.7,0.3,18.3,368.2,449.0,432.2,73.1,14.47,Alert (10-25%),34.6,4,0.64,13,19.9,21.7932,80.2015
2028-05-23 06:00:00,BAL_SOUTH_PIT,Shift_1_Morning,460.7,8.0,19.0,20,4,13,3.4,10.5,0.22,0.0,400.0,465.5,451.7,9.0,1.95,Normal (<10%),37.0,5,0.98,14,20.6,21.8005,80.1901
2028-05-23 14:00:00,UKWA_EXTENSION,Shift_2_Evening,472.5,7.5,18.0,20,3,14,0.5,3.9,0.18,0.0,372.4,306.4,200.6,271.9,57.54,Critical (>25%),37.7,4,0.51,15,22.2,21.7932,80.2015
2028-05-23 22:00:00,UKWA_EXTENSION,Shift_3_Night,413.3,8.0,25.0,26,3,16,1.2,8.8,0.22,3.2,482.7,397.7,373.9,39.4,9.53,Normal (<10%),37.4,4,0.47,16,21.9,21.7932,80.2015
2028-05-24 06:00:00,UKWA_EXTENSION,Shift_1_Morning,597.9,8.0,22.0,24,4,14,0.6,5.2,0.27,0.0,482.3,464.2,597.8,0.1,0.02,Normal (<10%),33.6,4,0.6,15,20.9,21.7932,80.2015
2028-05-24 14:00:00,UKWA_EXTENSION,Shift_2_Evening,407.9,8.0,20.0,22,3,12,2.2,9.0,0.19,3.0,392.3,403.7,402.4,5.5,1.35,Normal (<10%),40.2,5,0.74,13,21.4,21.7932,80.2015
2028-05-24 22:00:00,BAL_SOUTH_PIT,Shift_3_Night,531.0,8.0,25.0,26,4,16,4.0,9.2,0.21,14.2,426.5,605.2,487.5,43.5,8.19,Normal (<10%),37.0,4,0.65,16,21.1,21.8005,80.1901
2028-05-25 06:00:00,BAL_NORTH_PIT,Shift_1_Morning,488.5,8.0,17.0,18,3,12,0.7,6.2,0.21,1.1,491.2,396.0,488.5,0.0,0.0,Normal (<10%),38.3,4,0.81,13,19.9,21.8121,80.1843
2028-05-25 14:00:00,BAL_DEEP_LEVEL_3,Shift_2_Evening,589.8,8.0,22.0,24,3,15,2.5,6.7,0.23,0.1,501.2,430.3,521.5,68.3,11.58,Alert (10-25%),35.2,3,0.14,15,20.7,21.8064,80.1876
2028-05-25 22:00:00,UKWA_EXTENSION,Shift_3_Night,449.2,8.0,26.0,26,4,13,1.0,6.1,0.19,4.0,358.9,450.2,401.6,47.6,10.6,Alert (10-25%),36.9,5,0.68,13,21.3,21.7932,80.2015
2028-05-26 06:00:00,BAL_NORTH_PIT,Shift_1_Morning,506.4,7.5,16.0,18,4,16,0.8,20.1,0.4,10.8,400.3,572.1,453.0,53.4,10.55,Alert (10-25%),34.2,4,0.24,18,21.1,21.8121,80.1843
2028-05-26 14:00:00,BAL_NORTH_PIT,Shift_2_Evening,496.5,7.5,25.0,26,3,13,4.2,16.9,0.31,14.3,417.2,501.9,454.9,41.6,8.38,Normal (<10%),38.2,3,0.5,13,21.5,21.8121,80.1843
2028-05-26 22:00:00,BAL_SOUTH_PIT,Shift_3_Night,540.6,8.0,26.0,26,4,15,1.1,4.4,0.27,4.2,451.4,602.0,509.7,30.9,5.72,Normal (<10%),36.3,4,0.97,15,20.2,21.8005,80.1901
2028-05-27 06:00:00,BAL_NORTH_PIT,Shift_1_Morning,413.6,8.0,26.0,26,4,14,0.9,9.0,0.26,15.3,423.0,502.6,413.6,0.0,0.0,Normal (<10%),38.1,5,0.59,15,20.6,21.8121,80.1843
2028-05-27 14:00:00,BAL_SOUTH_PIT,Shift_2_Evening,438.8,8.0,18.0,20,3,16,1.7,15.3,0.35,8.7,365.1,456.5,418.3,20.5,4.67,Normal (<10%),34.9,3,0.56,17,21.4,21.8005,80.1901
2028-05-27 22:00:00,UKWA_EXTENSION,Shift_3_Night,442.9,7.5,23.0,24,3,14,0.5,8.1,0.18,15.1,387.8,396.3,373.3,69.6,15.71,Alert (10-25%),36.8,3,0.41,15,20.2,21.7932,80.2015
2028-05-28 06:00:00,UKWA_EXTENSION,Shift_1_Morning,547.6,8.0,17.0,18,4,12,0.6,9.4,0.22,9.8,488.1,545.2,535.4,12.2,2.23,Normal (<10%),36.8,4,0.41,15,21.4,21.7932,80.2015
2028-05-28 14:00:00,BAL_DEEP_LEVEL_3,Shift_2_Evening,437.8,7.5,22.0,24,4,15,4.0,17.5,0.25,14.3,464.6,380.4,384.4,53.4,12.2,Alert (10-25%),38.2,5,0.65,16,22.1,21.8064,80.1876
2028-05-28 22:00:00,BAL_DEEP_LEVEL_3,Shift_3_Night,514.7,8.0,25.0,26,3,16,1.7,7.0,0.23,0.0,460.6,421.1,309.2,205.5,39.93,Critical (>25%),34.4,5,0.74,16,20.3,21.8064,80.1876
2028-05-29 06:00:00,BAL_DEEP_LEVEL_3,Shift_1_Morning,443.0,8.0,19.0,20,4,11,2.6,9.5,0.33,0.0,516.6,553.6,421.4,21.6,4.88,Normal (<10%),34.5,5,0.8,11,20.4,21.8064,80.1876
2028-05-29 14:00:00,BAL_NORTH_PIT,Shift_2_Evening,572.3,8.0,21.0,22,3,12,0.5,4.4,0.33,0.0,493.3,453.2,261.9,310.4,54.24,Critical (>25%),33.9,4,0.61,13,19.8,21.8121,80.1843
2028-05-29 22:00:00,UKWA_EXTENSION,Shift_3_Night,588.4,8.0,23.0,26,4,16,1.2,5.8,0.28,4.9,591.2,543.0,559.9,28.5,4.84,Normal (<10%),35.4,4,0.13,17,20.0,21.7932,80.2015
2028-05-30 06:00:00,BAL_SOUTH_PIT,Shift_1_Morning,503.7,8.0,20.0,22,3,12,5.3,23.1,0.31,19.2,483.4,448.1,501.3,2.4,0.48,Normal (<10%),34.3,4,1.03,12,21.5,21.8005,80.1901
2028-05-30 14:00:00,BAL_DEEP_LEVEL_3,Shift_2_Evening,470.5,7.5,19.0,20,4,11,0.6,7.3,0.29,7.5,496.0,472.3,416.3,54.2,11.52,Alert (10-25%),34.5,4,0.43,11,19.5,21.8064,80.1876
2028-05-30 22:00:00,BAL_SOUTH_PIT,Shift_3_Night,446.8,8.0,19.0,20,3,12,0.3,3.1,0.29,2.3,501.8,365.1,380.8,66.0,14.77,Alert (10-25%),36.1,3,0.33,12,20.9,21.8005,80.1901
2028-05-31 06:00:00,BAL_SOUTH_PIT,Shift_1_Morning,410.0,7.5,21.0,22,4,9,1.1,4.7,0.28,7.7,517.5,474.1,361.9,48.1,11.73,Alert (10-25%),34.1,4,0.8,9,20.4,21.8005,80.1901
2028-05-31 14:00:00,BAL_DEEP_LEVEL_3,Shift_2_Evening,453.7,7.5,18.0,20,3,12,0.7,4.6,0.22,9.0,469.4,398.7,392.0,61.7,13.6,Alert (10-25%),36.0,3,0.0,15,21.9,21.8064,80.1876
2028-05-31 22:00:00,UKWA_EXTENSION,Shift_3_Night,530.8,8.0,20.0,22,3,14,0.3,3.2,0.21,0.6,401.6,556.1,476.3,54.5,10.27,Alert (10-25%),39.5,3,0.78,14,18.8,21.7932,80.2015
2028-06-01 06:00:00,BAL_DEEP_LEVEL_3,Shift_1_Morning,506.7,8.0,18.0,20,3,12,6.2,26.7,0.3,20.6,446.2,482.6,474.8,31.9,6.3,Normal (<10%),36.7,5,0.79,15,21.8,21.8064,80.1876
2028-06-01 14:00:00,BAL_SOUTH_PIT,Shift_2_Evening,588.8,8.0,20.0,22,4,12,3.8,9.4,0.23,8.2,450.8,476.6,344.6,244.2,41.47,Critical (>25%),38.1,5,0.76,12,21.1,21.8005,80.1901
2028-06-01 22:00:00,BAL_DEEP_LEVEL_3,Shift_3_Night,479.3,7.5,21.0,22,4,13,6.7,16.9,0.24,15.3,379.5,375.3,401.1,78.2,16.32,Alert (10-25%),35.7,4,0.22,13,20.6,21.8064,80.1876
2028-06-02 06:00:00,BAL_SOUTH_PIT,Shift_1_Morning,538.8,7.5,22.0,24,3,12,3.9,16.4,0.28,12.6,382.8,416.8,486.8,52.0,9.65,Normal (<10%),34.7,3,0.12,13,20.9,21.8005,80.1901
2028-06-02 14:00:00,BAL_SOUTH_PIT,Shift_2_Evening,497.9,7.5,19.0,20,3,12,13.0,44.8,0.42,31.2,446.5,291.7,203.2,294.7,59.19,Critical (>25%),32.2,4,1.3,15,25.1,21.8005,80.1901
2028-06-02 22:00:00,BAL_DEEP_LEVEL_3,Shift_3_Night,502.5,8.0,22.0,24,4,15,24.0,60.9,0.46,37.6,426.0,486.8,429.8,72.7,14.47,Alert (10-25%),32.3,4,1.3,16,25.5,21.8064,80.1876
2028-06-03 06:00:00,BAL_NORTH_PIT,Shift_1_Morning,453.6,7.5,22.0,24,4,15,23.2,59.0,0.63,40.4,475.5,422.5,402.8,50.8,11.2,Alert (10-25%),32.8,6,1.26,15,24.1,21.8121,80.1843
2028-06-03 14:00:00,BAL_DEEP_LEVEL_3,Shift_2_Evening,491.0,7.5,20.0,22,4,16,6.8,27.9,0.35,16.9,443.1,521.6,435.9,55.1,11.22,Alert (10-25%),37.0,4,0.57,16,23.2,21.8064,80.1876
2028-06-03 22:00:00,BAL_NORTH_PIT,Shift_3_Night,494.2,7.5,24.0,26,3,14,67.3,109.8,0.81,67.9,512.2,387.2,415.6,78.6,15.9,Alert (10-25%),27.3,4,1.47,17,30.2,21.8121,80.1843
2028-06-04 06:00:00,BAL_SOUTH_PIT,Shift_1_Morning,541.3,8.0,21.0,22,4,16,13.5,25.9,0.39,18.8,452.0,397.5,346.9,194.4,35.91,Critical (>25%),34.5,6,1.57,16,23.6,21.8005,80.1901
2028-06-04 14:00:00,BAL_SOUTH_PIT,Shift_2_Evening,588.1,7.5,18.0,20,4,12,7.6,16.9,0.38,6.2,539.9,432.5,525.2,62.9,10.7,Alert (10-25%),36.4,4,0.0,14,20.8,21.8005,80.1901
2028-06-04 22:00:00,BAL_NORTH_PIT,Shift_3_Night,465.9,7.5,21.0,22,4,16,27.1,105.7,0.68,70.3,487.1,530.9,411.2,54.7,11.74,Alert (10-25%),27.0,4,1.23,19,29.9,21.8121,80.1843
2028-06-05 06:00:00,BAL_SOUTH_PIT,Shift_1_Morning,408.4,8.0,18.0,18,3,12,19.6,79.5,0.57,51.2,380.3,363.3,381.6,26.8,6.56,Normal (<10%),29.9,4,0.98,12,26.0,21.8005,80.1901
2028-06-05 14:00:00,BAL_NORTH_PIT,Shift_2_Evening,499.3,8.0,19.0,20,3,11,20.8,58.9,0.4,36.5,523.7,446.6,413.6,85.7,17.16,Alert (10-25%),35.9,3,0.02,12,22.4,21.8121,80.1843
2028-06-05 22:00:00,BAL_NORTH_PIT,Shift_3_Night,508.9,8.0,23.0,26,3,12,3.3,13.2,0.19,15.8,328.4,347.2,282.6,226.3,44.47,Critical (>25%),35.2,3,0.29,13,21.0,21.8121,80.1843
2028-06-06 06:00:00,BAL_SOUTH_PIT,Shift_1_Morning,433.7,7.5,17.0,18,3,14,9.5,28.5,0.29,27.2,412.4,488.1,404.3,29.4,6.78,Normal (<10%),35.6,3,1.03,16,20.3,21.8005,80.1901
2028-06-06 14:00:00,UKWA_EXTENSION,Shift_2_Evening,552.1,7.5,21.0,22,4,11,29.7,73.8,0.56,47.7,426.1,360.8,271.9,280.2,50.75,Critical (>25%),32.6,4,0.65,13,26.3,21.7932,80.2015
2028-06-06 22:00:00,BAL_NORTH_PIT,Shift_3_Night,597.0,7.5,21.0,22,4,12,10.5,41.1,0.4,32.4,527.7,473.7,527.0,70.0,11.73,Alert (10-25%),32.1,5,1.11,12,24.0,21.8121,80.1843
2028-06-07 06:00:00,BAL_DEEP_LEVEL_3,Shift_1_Morning,589.2,8.0,24.0,26,3,12,17.3,35.5,0.54,15.8,524.9,536.7,561.4,27.8,4.72,Normal (<10%),33.0,3,0.89,12,22.8,21.8064,80.1876
2028-06-07 14:00:00,BAL_DEEP_LEVEL_3,Shift_2_Evening,439.4,7.5,20.0,22,4,14,13.3,40.7,0.43,21.2,447.2,441.4,386.9,52.5,11.95,Alert (10-25%),33.4,4,0.57,17,23.3,21.8064,80.1876
2028-06-07 22:00:00,BAL_SOUTH_PIT,Shift_3_Night,575.1,8.0,26.0,26,4,15,27.7,86.4,0.68,57.3,494.1,518.0,514.4,60.7,10.55,Alert (10-25%),28.7,6,1.59,15,28.1,21.8005,80.1901
2028-06-08 06:00:00,UKWA_EXTENSION,Shift_1_Morning,540.9,8.0,17.0,18,4,16,5.0,22.8,0.32,9.9,456.0,603.9,509.9,31.0,5.73,Normal (<10%),33.9,5,0.21,16,21.0,21.7932,80.2015
2028-06-08 14:00:00,BAL_SOUTH_PIT,Shift_2_Evening,490.8,7.5,24.0,26,3,16,12.9,40.3,0.34,28.7,542.1,500.0,428.4,62.4,12.71,Alert (10-25%),35.6,4,0.65,17,22.5,21.8005,80.1901
2028-06-08 22:00:00,UKWA_EXTENSION,Shift_3_Night,508.1,7.5,24.0,26,3,16,2.0,8.6,0.26,7.2,432.6,464.7,444.1,64.0,12.6,Alert (10-25%),38.8,4,0.97,16,21.4,21.7932,80.2015
2028-06-09 06:00:00,BAL_NORTH_PIT,Shift_1_Morning,569.9,7.5,19.0,20,4,12,17.6,66.8,0.45,44.3,505.1,474.0,504.5,65.4,11.48,Alert (10-25%),32.7,4,0.81,12,23.5,21.8121,80.1843
2028-06-09 14:00:00,BAL_NORTH_PIT,Shift_2_Evening,496.0,8.0,22.0,24,3,16,19.7,42.9,0.41,40.4,444.0,518.3,466.4,29.6,5.97,Normal (<10%),32.8,4,1.0,18,23.4,21.8121,80.1843
2028-06-09 22:00:00,BAL_NORTH_PIT,Shift_3_Night,474.6,8.0,19.0,20,3,12,0.7,6.2,0.26,6.0,375.0,412.9,195.4,279.2,58.83,Critical (>25%),38.1,3,0.44,12,20.8,21.8121,80.1843
2028-06-10 06:00:00,BAL_NORTH_PIT,Shift_1_Morning,498.6,7.5,23.0,24,3,12,16.9,52.0,0.43,37.5,436.8,477.7,445.8,52.8,10.59,Alert (10-25%),31.9,4,1.63,15,23.7,21.8121,80.1843
2028-06-10 14:00:00,BAL_DEEP_LEVEL_3,Shift_2_Evening,515.8,8.0,16.0,18,3,13,8.0,33.4,0.38,24.7,441.1,508.2,481.4,34.4,6.67,Normal (<10%),34.5,4,0.68,13,24.1,21.8064,80.1876
2028-06-10 22:00:00,BAL_DEEP_LEVEL_3,Shift_3_Night,437.8,7.5,17.0,18,4,16,2.0,7.4,0.21,0.4,390.0,451.5,370.2,67.6,15.44,Alert (10-25%),41.4,6,1.48,16,19.5,21.8064,80.1876
2028-06-11 06:00:00,BAL_SOUTH_PIT,Shift_1_Morning,580.2,7.5,20.0,22,3,15,8.2,36.2,0.33,33.9,470.0,418.9,544.8,35.4,6.1,Normal (<10%),35.3,5,1.18,17,23.8,21.8005,80.1901
2028-06-11 14:00:00,UKWA_EXTENSION,Shift_2_Evening,534.8,7.5,18.0,20,4,14,3.2,13.5,0.29,2.0,542.3,526.3,475.3,59.5,11.13,Alert (10-25%),35.4,4,0.91,14,21.4,21.7932,80.2015
2028-06-11 22:00:00,BAL_NORTH_PIT,Shift_3_Night,526.7,8.0,21.0,22,3,13,8.1,43.9,0.47,30.7,463.7,566.5,485.7,41.0,7.78,Normal (<10%),33.9,3,0.23,13,23.3,21.8121,80.1843
2028-06-12 06:00:00,BAL_NORTH_PIT,Shift_1_Morning,419.9,8.0,21.0,22,4,12,7.3,16.3,0.33,14.6,468.6,458.1,410.3,9.6,2.29,Normal (<10%),34.7,5,0.76,12,20.5,21.8121,80.1843
2028-06-12 14:00:00,UKWA_EXTENSION,Shift_2_Evening,520.8,7.5,22.0,24,3,16,20.1,47.7,0.43,36.7,504.3,489.2,278.0,242.8,46.62,Critical (>25%),31.8,3,0.51,17,23.8,21.7932,80.2015
2028-06-12 22:00:00,UKWA_EXTENSION,Shift_3_Night,424.2,7.5,20.0,20,3,12,22.3,40.3,0.29,25.3,479.5,375.9,357.0,67.2,15.84,Alert (10-25%),33.5,4,0.91,13,23.3,21.7932,80.2015
2028-06-13 06:00:00,BAL_SOUTH_PIT,Shift_1_Morning,415.7,8.0,19.0,20,4,15,14.0,39.4,0.4,30.0,514.4,396.1,394.9,20.8,5.0,Normal (<10%),33.8,6,1.53,15,21.8,21.8005,80.1901
2028-06-13 14:00:00,UKWA_EXTENSION,Shift_2_Evening,505.5,7.5,19.0,22,3,16,0.3,5.7,0.29,0.0,381.4,508.8,450.4,55.1,10.9,Alert (10-25%),39.2,3,0.51,16,18.9,21.7932,80.2015
2028-06-13 22:00:00,BAL_NORTH_PIT,Shift_3_Night,480.6,8.0,20.0,22,3,11,40.1,80.1,0.53,61.8,447.6,480.6,289.2,191.4,39.83,Critical (>25%),31.3,5,1.87,11,27.5,21.8121,80.1843
2028-06-14 06:00:00,BAL_NORTH_PIT,Shift_1_Morning,517.8,7.5,22.0,22,3,14,17.4,54.6,0.56,35.6,449.8,391.6,414.2,103.6,20.01,Alert (10-25%),33.1,5,1.09,14,23.9,21.8121,80.1843
2028-06-14 14:00:00,BAL_NORTH_PIT,Shift_2_Evening,417.8,8.0,24.0,24,4,16,0.5,1.1,0.1,0.0,428.0,531.8,409.6,8.2,1.96,Normal (<10%),37.7,6,0.75,17,19.4,21.8121,80.1843
2028-06-14 22:00:00,BAL_NORTH_PIT,Shift_3_Night,486.2,7.5,22.0,24,3,14,25.6,87.7,0.66,55.3,430.9,351.9,193.0,293.2,60.3,Critical (>25%),28.2,3,0.97,15,27.4,21.8121,80.1843
2028-06-15 06:00:00,BAL_NORTH_PIT,Shift_1_Morning,435.0,8.0,25.0,26,2,14,3.4,10.5,0.29,8.5,475.4,384.4,362.6,72.4,16.64,Alert (10-25%),37.8,2,0.39,14,20.2,21.8121,80.1843
2028-06-15 14:00:00,BAL_SOUTH_PIT,Shift_2_Evening,597.4,7.5,17.0,18,3,14,13.0,30.3,0.42,12.3,441.3,467.2,515.6,81.8,13.69,Alert (10-25%),34.1,3,0.43,14,23.8,21.8005,80.1901
2028-06-15 22:00:00,BAL_NORTH_PIT,Shift_3_Night,512.2,8.0,19.0,20,3,11,9.4,22.5,0.34,19.4,361.9,480.5,470.4,41.8,8.16,Normal (<10%),35.7,3,0.13,12,21.7,21.8121,80.1843
2028-06-16 06:00:00,BAL_SOUTH_PIT,Shift_1_Morning,537.5,8.0,19.0,20,3,12,8.2,32.9,0.35,18.9,564.3,568.9,505.6,31.9,5.93,Normal (<10%),35.9,3,0.87,12,21.7,21.8005,80.1901
2028-06-16 14:00:00,BAL_NORTH_PIT,Shift_2_Evening,465.1,8.0,16.0,18,4,14,33.1,64.4,0.53,49.5,492.1,550.5,454.3,10.8,2.32,Normal (<10%),31.1,4,0.66,14,24.8,21.8121,80.1843
2028-06-16 22:00:00,BAL_DEEP_LEVEL_3,Shift_3_Night,418.9,8.0,21.0,22,4,12,8.6,21.6,0.27,8.2,392.2,347.8,370.9,48.0,11.46,Alert (10-25%),37.0,4,0.84,14,21.2,21.8064,80.1876
2028-06-17 06:00:00,BAL_DEEP_LEVEL_3,Shift_1_Morning,595.2,7.5,20.0,20,3,12,1.2,7.4,0.14,5.6,502.7,557.2,533.7,61.5,10.33,Alert (10-25%),41.0,3,0.4,13,19.0,21.8064,80.1876
2028-06-17 14:00:00,BAL_DEEP_LEVEL_3,Shift_2_Evening,457.3,8.0,19.0,20,3,10,44.0,174.0,0.95,100.0,514.6,405.8,406.2,51.1,11.17,Alert (10-25%),20.1,5,2.48,11,34.0,21.8064,80.1876
2028-06-17 22:00:00,BAL_DEEP_LEVEL_3,Shift_3_Night,484.8,8.0,21.0,22,3,16,38.0,119.5,0.82,83.0,478.9,466.7,425.6,59.2,12.21,Alert (10-25%),27.3,5,2.0,16,31.8,21.8064,80.1876
2028-06-18 06:00:00,BAL_SOUTH_PIT,Shift_1_Morning,530.0,7.5,19.0,20,4,16,17.3,58.3,0.54,36.3,460.7,542.5,477.6,52.4,9.89,Normal (<10%),32.9,6,1.07,17,25.8,21.8005,80.1901
2028-06-18 14:00:00,BAL_SOUTH_PIT,Shift_2_Evening,404.9,8.0,22.0,24,4,14,9.5,31.7,0.33,15.0,400.8,319.9,204.7,200.2,49.44,Critical (>25%),33.3,4,0.61,16,22.3,21.8005,80.1901
2028-06-18 22:00:00,UKWA_EXTENSION,Shift_3_Night,562.1,7.5,17.0,18,4,11,1.5,8.0,0.31,3.0,423.3,437.6,494.0,68.1,12.12,Alert (10-25%),35.8,5,1.28,14,22.5,21.7932,80.2015
2028-06-19 06:00:00,BAL_NORTH_PIT,Shift_1_Morning,507.3,8.0,23.0,24,4,14,23.5,82.2,0.6,60.6,522.8,447.4,490.8,16.5,3.25,Normal (<10%),28.6,5,1.3,14,24.9,21.8121,80.1843
2028-06-19 14:00:00,BAL_DEEP_LEVEL_3,Shift_2_Evening,455.6,8.0,23.0,24,4,16,1.2,12.7,0.29,18.9,374.6,386.6,449.7,5.9,1.29,Normal (<10%),36.0,4,0.67,18,22.7,21.8064,80.1876
2028-06-19 22:00:00,BAL_SOUTH_PIT,Shift_3_Night,412.3,8.0,19.0,20,4,12,1.1,7.0,0.27,0.0,439.9,470.0,380.3,32.0,7.76,Normal (<10%),37.7,6,1.21,15,22.5,21.8005,80.1901
2028-06-20 06:00:00,BAL_NORTH_PIT,Shift_1_Morning,432.5,8.0,22.0,24,3,12,11.6,34.6,0.38,19.4,505.8,506.9,432.5,0.0,0.0,Normal (<10%),35.9,3,0.61,15,25.8,21.8121,80.1843
2028-06-20 14:00:00,BAL_NORTH_PIT,Shift_2_Evening,579.0,8.0,24.0,26,4,12,2.6,9.6,0.24,0.0,469.0,466.7,548.6,30.4,5.25,Normal (<10%),39.7,6,1.06,12,21.0,21.8121,80.1843
2028-06-20 22:00:00,BAL_SOUTH_PIT,Shift_3_Night,537.2,8.0,22.0,24,3,16,0.1,2.8,0.29,0.0,543.9,553.0,503.4,33.8,6.29,Normal (<10%),38.5,3,0.56,17,20.7,21.8005,80.1901
2028-06-21 06:00:00,BAL_DEEP_LEVEL_3,Shift_1_Morning,450.0,7.5,19.0,20,4,14,8.3,13.4,0.18,5.7,426.1,534.3,411.9,38.1,8.47,Normal (<10%),37.2,5,0.93,14,21.2,21.8064,80.1876
2028-06-21 14:00:00,UKWA_EXTENSION,Shift_2_Evening,413.1,7.5,21.0,22,4,16,2.2,8.9,0.25,0.0,328.4,441.9,372.7,40.4,9.78,Normal (<10%),34.7,4,0.0,16,19.4,21.7932,80.2015
2028-06-21 22:00:00,BAL_NORTH_PIT,Shift_3_Night,538.1,8.0,21.0,22,3,13,2.6,14.9,0.18,18.2,490.8,525.4,501.2,36.9,6.86,Normal (<10%),37.8,5,1.07,14,20.0,21.8121,80.1843
2028-06-22 06:00:00,UKWA_EXTENSION,Shift_1_Morning,514.5,8.0,18.0,20,4,15,1.2,12.1,0.17,13.8,442.1,522.3,503.4,11.1,2.16,Normal (<10%),38.1,5,0.64,15,19.7,21.7932,80.2015
2028-06-22 14:00:00,BAL_DEEP_LEVEL_3,Shift_2_Evening,480.9,7.5,22.0,24,4,16,3.4,13.2,0.26,10.0,318.5,397.5,194.2,286.7,59.62,Critical (>25%),37.7,4,0.28,16,21.7,21.8064,80.1876
2028-06-22 22:00:00,BAL_DEEP_LEVEL_3,Shift_3_Night,472.7,7.5,17.0,18,3,11,18.9,72.7,0.54,47.9,458.3,463.3,379.4,93.3,19.74,Alert (10-25%),34.1,3,1.23,11,24.7,21.8064,80.1876
2028-06-23 06:00:00,UKWA_EXTENSION,Shift_1_Morning,443.4,8.0,21.0,24,4,10,24.8,90.3,0.76,64.7,420.0,430.7,398.0,45.4,10.24,Alert (10-25%),30.1,4,0.77,11,27.4,21.7932,80.2015
2028-06-23 14:00:00,BAL_DEEP_LEVEL_3,Shift_2_Evening,533.9,8.0,23.0,24,4,14,9.0,39.2,0.38,21.1,361.3,396.2,229.7,304.2,56.98,Critical (>25%),35.8,4,0.14,14,22.9,21.8064,80.1876
2028-06-23 22:00:00,BAL_NORTH_PIT,Shift_3_Night,594.1,8.0,17.0,18,3,16,10.6,23.8,0.38,17.1,519.9,436.4,536.6,57.5,9.68,Normal (<10%),34.4,3,0.67,18,23.2,21.8121,80.1843
2028-06-24 06:00:00,UKWA_EXTENSION,Shift_1_Morning,435.1,8.0,22.0,24,4,15,0.5,5.5,0.23,0.6,468.2,570.1,420.5,14.6,3.36,Normal (<10%),37.4,6,0.57,16,19.4,21.7932,80.2015
2028-06-24 14:00:00,BAL_DEEP_LEVEL_3,Shift_2_Evening,519.4,8.0,21.0,24,3,13,1.1,7.4,0.18,16.7,423.8,363.0,241.3,278.1,53.54,Critical (>25%),38.2,5,0.42,15,21.0,21.8064,80.1876
2028-06-24 22:00:00,UKWA_EXTENSION,Shift_3_Night,484.8,8.0,24.0,26,3,14,4.5,15.2,0.19,3.3,551.3,495.6,438.5,46.3,9.55,Normal (<10%),36.5,4,0.97,17,22.6,21.7932,80.2015
2028-06-25 06:00:00,BAL_NORTH_PIT,Shift_1_Morning,489.3,7.5,25.0,26,4,16,11.8,22.0,0.24,13.3,498.3,516.2,434.6,54.7,11.18,Alert (10-25%),37.6,6,1.06,17,22.4,21.8121,80.1843
2028-06-25 14:00:00,BAL_DEEP_LEVEL_3,Shift_2_Evening,450.8,8.0,20.0,20,4,14,20.2,38.9,0.41,19.5,400.2,495.4,445.4,5.4,1.2,Normal (<10%),35.0,5,1.0,14,23.1,21.8064,80.1876
2028-06-25 22:00:00,BAL_NORTH_PIT,Shift_3_Night,565.0,8.0,22.0,24,3,12,13.9,31.1,0.44,24.5,443.3,453.2,518.3,46.7,8.27,Normal (<10%),33.2,3,0.36,15,23.6,21.8121,80.1843
2028-06-26 06:00:00,BAL_DEEP_LEVEL_3,Shift_1_Morning,497.1,7.5,22.0,22,3,14,7.5,30.0,0.3,23.7,546.1,421.6,462.6,34.5,6.94,Normal (<10%),37.6,4,0.37,15,23.7,21.8064,80.1876
2028-06-26 14:00:00,BAL_SOUTH_PIT,Shift_2_Evening,508.7,7.5,21.0,22,2,16,1.9,7.5,0.28,1.5,334.4,343.4,250.5,258.2,50.76,Critical (>25%),37.9,2,0.04,17,20.5,21.8005,80.1901
2028-06-26 22:00:00,BAL_DEEP_LEVEL_3,Shift_3_Night,461.0,7.5,19.0,20,3,12,22.8,71.0,0.55,41.1,452.0,393.8,380.2,80.8,17.53,Alert (10-25%),28.4,4,1.05,12,26.5,21.8064,80.1876
2028-06-27 06:00:00,UKWA_EXTENSION,Shift_1_Morning,436.4,7.5,26.0,26,4,11,6.8,28.4,0.29,17.0,395.1,428.2,377.7,58.7,13.45,Alert (10-25%),35.9,4,0.09,11,23.4,21.7932,80.2015
2028-06-27 14:00:00,BAL_DEEP_LEVEL_3,Shift_2_Evening,417.2,8.0,19.0,20,4,16,20.0,68.2,0.56,42.0,438.1,544.5,379.7,37.5,8.99,Normal (<10%),31.6,4,0.9,19,27.5,21.8064,80.1876
2028-06-27 22:00:00,BAL_NORTH_PIT,Shift_3_Night,542.8,7.5,19.0,20,3,12,10.8,32.5,0.44,22.0,387.3,472.1,424.6,118.2,21.78,Alert (10-25%),36.2,3,0.37,14,22.4,21.8121,80.1843
2028-06-28 06:00:00,BAL_NORTH_PIT,Shift_1_Morning,439.2,7.5,20.0,22,3,12,20.1,82.5,0.61,63.1,398.5,557.5,401.5,37.7,8.58,Normal (<10%),29.2,4,1.28,13,25.8,21.8121,80.1843
2028-06-28 14:00:00,BAL_DEEP_LEVEL_3,Shift_2_Evening,538.0,8.0,23.0,26,4,12,35.7,94.4,0.71,66.2,573.6,449.3,495.8,42.2,7.84,Normal (<10%),29.4,6,1.67,12,27.6,21.8064,80.1876
2028-06-28 22:00:00,UKWA_EXTENSION,Shift_3_Night,478.1,7.5,25.0,26,4,11,38.1,70.3,0.57,50.7,508.5,462.3,390.4,87.7,18.34,Alert (10-25%),31.2,5,1.24,14,27.5,21.7932,80.2015
2028-06-29 06:00:00,BAL_SOUTH_PIT,Shift_1_Morning,483.2,7.5,23.0,24,3,13,11.5,46.0,0.45,30.6,492.3,451.5,398.3,84.9,17.57,Alert (10-25%),31.6,3,0.77,13,23.9,21.8005,80.1901
2028-06-29 14:00:00,UKWA_EXTENSION,Shift_2_Evening,493.8,8.0,19.0,20,4,14,10.7,20.6,0.26,27.0,406.0,445.6,475.3,18.5,3.75,Normal (<10%),34.7,6,0.9,14,23.0,21.7932,80.2015
2028-06-29 22:00:00,BAL_SOUTH_PIT,Shift_3_Night,473.5,8.0,22.0,24,4,12,4.6,14.3,0.3,10.1,533.2,491.3,438.0,35.5,7.5,Normal (<10%),38.7,5,0.76,12,21.1,21.8005,80.1901
2028-06-30 06:00:00,BAL_NORTH_PIT,Shift_1_Morning,420.1,8.0,16.0,18,4,16,41.2,94.2,0.6,66.4,472.6,508.0,387.5,32.6,7.76,Normal (<10%),30.7,4,1.09,16,26.9,21.8121,80.1843
2028-06-30 14:00:00,UKWA_EXTENSION,Shift_2_Evening,461.9,8.0,20.0,22,3,16,9.2,28.0,0.36,24.2,460.1,503.3,454.5,7.4,1.6,Normal (<10%),36.1,4,0.04,16,20.7,21.7932,80.2015
2028-06-30 22:00:00,BAL_SOUTH_PIT,Shift_3_Night,532.7,8.0,17.0,18,3,14,2.0,8.3,0.31,5.3,557.8,423.0,491.4,41.3,7.75,Normal (<10%),39.7,5,1.19,16,22.3,21.8005,80.1901
2028-07-01 06:00:00,BAL_DEEP_LEVEL_3,Shift_1_Morning,533.2,8.0,17.0,18,3,16,8.5,21.9,0.4,15.6,544.5,435.6,507.8,25.4,4.76,Normal (<10%),36.6,3,0.46,16,21.7,21.8064,80.1876
2028-07-01 14:00:00,BAL_NORTH_PIT,Shift_2_Evening,457.2,8.0,16.0,18,4,14,2.0,6.9,0.18,1.8,418.2,493.0,440.8,16.4,3.59,Normal (<10%),38.6,4,0.57,17,19.2,21.8121,80.1843
2028-07-01 22:00:00,BAL_DEEP_LEVEL_3,Shift_3_Night,492.0,7.5,24.0,26,4,13,10.5,44.0,0.44,29.4,508.2,457.7,387.7,104.3,21.2,Alert (10-25%),31.7,4,0.21,13,23.3,21.8064,80.1876
2028-07-02 06:00:00,BAL_NORTH_PIT,Shift_1_Morning,438.7,7.5,24.0,24,4,12,12.4,32.4,0.33,28.9,447.7,427.8,401.6,37.1,8.46,Normal (<10%),37.2,5,0.71,13,21.3,21.8121,80.1843
2028-07-02 14:00:00,UKWA_EXTENSION,Shift_2_Evening,442.1,8.0,24.0,24,4,14,6.2,23.9,0.33,21.8,461.3,522.2,416.9,25.2,5.7,Normal (<10%),36.1,6,0.7,15,21.4,21.7932,80.2015
2028-07-02 22:00:00,UKWA_EXTENSION,Shift_3_Night,404.6,7.5,18.0,20,3,14,1.1,5.2,0.32,6.9,519.2,467.4,353.8,50.8,12.56,Alert (10-25%),36.3,4,0.92,16,21.0,21.7932,80.2015
2028-07-03 06:00:00,BAL_NORTH_PIT,Shift_1_Morning,579.3,8.0,18.0,20,3,12,43.1,154.5,0.95,100.0,496.1,440.0,496.8,82.5,14.24,Alert (10-25%),20.1,4,1.41,14,32.9,21.8121,80.1843
2028-07-03 14:00:00,BAL_NORTH_PIT,Shift_2_Evening,442.1,7.5,18.0,20,4,16,22.3,84.0,0.59,55.8,402.6,539.8,384.0,58.1,13.14,Alert (10-25%),29.3,4,0.66,19,27.3,21.8121,80.1843
2028-07-03 22:00:00,BAL_NORTH_PIT,Shift_3_Night,445.5,8.0,17.0,18,3,13,27.4,106.2,0.7,75.5,436.1,409.4,352.4,93.1,20.9,Alert (10-25%),24.0,3,1.28,16,29.0,21.8121,80.1843
2028-07-04 06:00:00,UKWA_EXTENSION,Shift_1_Morning,455.9,7.5,20.0,22,3,14,6.9,15.9,0.28,9.8,401.4,378.7,387.0,68.9,15.11,Alert (10-25%),37.3,3,0.21,14,19.9,21.7932,80.2015
2028-07-04 14:00:00,BAL_SOUTH_PIT,Shift_2_Evening,425.5,8.0,20.0,22,4,12,21.5,39.3,0.4,18.0,406.0,451.0,420.3,5.2,1.22,Normal (<10%),32.2,4,0.28,12,21.7,21.8005,80.1901
2028-07-04 22:00:00,BAL_DEEP_LEVEL_3,Shift_3_Night,527.9,7.5,21.0,22,3,13,10.0,20.2,0.31,22.6,526.0,491.0,447.0,80.9,15.32,Alert (10-25%),36.3,4,0.97,14,21.0,21.8064,80.1876
2028-07-05 06:00:00,BAL_DEEP_LEVEL_3,Shift_1_Morning,415.0,8.0,22.0,24,4,16,3.4,12.9,0.19,7.6,504.0,422.4,406.3,8.7,2.1,Normal (<10%),36.2,6,1.28,16,19.0,21.8064,80.1876
2028-07-05 14:00:00,UKWA_EXTENSION,Shift_2_Evening,426.8,7.5,24.0,26,3,14,2.0,10.0,0.35,11.9,438.4,444.1,365.8,61.0,14.29,Alert (10-25%),35.9,5,1.22,15,21.7,21.7932,80.2015
2028-07-05 22:00:00,BAL_DEEP_LEVEL_3,Shift_3_Night,529.0,7.5,20.0,22,3,12,6.3,29.5,0.45,17.9,506.1,563.4,439.5,89.5,16.92,Alert (10-25%),33.0,4,1.03,13,23.1,21.8064,80.1876
2028-07-06 06:00:00,BAL_NORTH_PIT,Shift_1_Morning,467.9,8.0,20.0,22,4,14,2.2,6.6,0.26,0.0,532.0,458.8,463.7,4.2,0.9,Normal (<10%),36.9,4,0.33,14,21.2,21.8121,80.1843
2028-07-06 14:00:00,BAL_SOUTH_PIT,Shift_2_Evening,541.6,7.5,23.0,26,3,14,95.4,374.6,0.95,100.0,562.0,390.6,448.2,93.4,17.25,Alert (10-25%),15.0,4,3.61,14,35.0,21.8005,80.1901
2028-07-06 22:00:00,BAL_DEEP_LEVEL_3,Shift_3_Night,511.5,7.5,18.0,20,4,14,0.8,5.0,0.19,0.0,482.4,377.8,451.3,60.2,11.77,Alert (10-25%),39.7,4,0.21,17,21.3,21.8064,80.1876
2028-07-07 06:00:00,BAL_SOUTH_PIT,Shift_1_Morning,451.2,7.5,22.0,24,4,12,8.7,33.9,0.32,26.4,540.1,404.2,415.0,36.2,8.02,Normal (<10%),35.1,5,0.87,12,22.4,21.8005,80.1901
2028-07-07 14:00:00,BAL_NORTH_PIT,Shift_2_Evening,530.2,7.5,22.0,24,4,15,9.0,21.9,0.26,13.5,403.4,533.3,459.0,71.2,13.43,Alert (10-25%),35.8,6,0.86,17,22.4,21.8121,80.1843
2028-07-07 22:00:00,BAL_DEEP_LEVEL_3,Shift_3_Night,423.3,7.5,23.0,26,3,14,5.4,23.9,0.29,22.0,447.0,555.7,374.8,48.5,11.46,Alert (10-25%),36.8,5,0.9,15,22.0,21.8064,80.1876
2028-07-08 06:00:00,UKWA_EXTENSION,Shift_1_Morning,507.3,8.0,17.0,18,3,14,12.7,26.9,0.36,19.1,452.7,429.8,499.1,8.2,1.62,Normal (<10%),36.6,4,0.94,15,22.2,21.7932,80.2015
2028-07-08 14:00:00,BAL_SOUTH_PIT,Shift_2_Evening,487.4,8.0,21.0,24,3,10,2.4,16.1,0.29,5.6,540.7,448.0,448.0,39.4,8.08,Normal (<10%),34.9,3,0.76,12,21.5,21.8005,80.1901
2028-07-08 22:00:00,BAL_NORTH_PIT,Shift_3_Night,453.6,7.5,18.0,18,3,15,23.0,57.7,0.56,41.8,551.4,496.8,373.1,80.5,17.75,Alert (10-25%),31.1,4,1.13,15,23.8,21.8121,80.1843
2028-07-09 06:00:00,BAL_SOUTH_PIT,Shift_1_Morning,520.8,8.0,19.0,20,4,14,6.1,17.4,0.21,3.8,541.7,515.0,496.6,24.2,4.65,Normal (<10%),33.8,5,1.24,14,21.1,21.8005,80.1901
2028-07-09 14:00:00,BAL_DEEP_LEVEL_3,Shift_2_Evening,574.3,7.5,24.0,24,4,12,13.4,39.0,0.35,24.5,468.1,439.9,505.0,69.3,12.07,Alert (10-25%),35.7,5,0.65,15,23.6,21.8064,80.1876
2028-07-09 22:00:00,BAL_DEEP_LEVEL_3,Shift_3_Night,599.8,8.0,22.0,24,4,16,18.9,47.5,0.34,22.3,539.2,517.9,550.5,49.3,8.22,Normal (<10%),36.5,4,0.08,17,24.7,21.8064,80.1876
2028-07-10 06:00:00,UKWA_EXTENSION,Shift_1_Morning,521.6,7.5,19.0,20,3,14,33.0,105.5,0.73,72.1,432.3,472.5,478.8,42.8,8.21,Normal (<10%),26.5,3,1.33,14,29.6,21.7932,80.2015
2028-07-10 14:00:00,BAL_NORTH_PIT,Shift_2_Evening,480.9,7.5,20.0,22,4,12,27.1,109.8,0.83,74.4,527.4,525.7,402.7,78.2,16.26,Alert (10-25%),22.2,5,1.22,13,29.3,21.8121,80.1843
2028-07-10 22:00:00,BAL_NORTH_PIT,Shift_3_Night,445.0,7.5,20.0,22,3,12,14.1,43.4,0.39,29.6,467.1,342.3,368.1,76.9,17.28,Alert (10-25%),34.3,3,0.51,12,24.2,21.8121,80.1843
2028-07-11 06:00:00,UKWA_EXTENSION,Shift_1_Morning,451.4,7.5,18.0,20,3,14,7.4,25.5,0.4,12.3,356.2,575.0,423.6,27.8,6.16,Normal (<10%),33.4,5,0.51,17,20.6,21.7932,80.2015
2028-07-11 14:00:00,UKWA_EXTENSION,Shift_2_Evening,495.9,8.0,25.0,26,3,15,10.5,21.2,0.34,20.9,454.5,455.9,457.4,38.5,7.76,Normal (<10%),34.5,3,0.14,16,23.6,21.7932,80.2015
2028-07-11 22:00:00,BAL_NORTH_PIT,Shift_3_Night,473.5,8.0,17.0,18,3,15,22.0,69.8,0.59,51.1,424.6,485.2,252.5,221.0,46.67,Critical (>25%),31.0,5,0.97,15,24.4,21.8121,80.1843
2028-07-12 06:00:00,BAL_SOUTH_PIT,Shift_1_Morning,582.8,8.0,24.0,26,3,12,31.5,84.4,0.65,57.4,476.8,451.2,559.6,23.2,3.98,Normal (<10%),28.9,3,0.81,13,27.9,21.8005,80.1901
2028-07-12 14:00:00,BAL_SOUTH_PIT,Shift_2_Evening,473.7,7.5,25.0,26,4,14,1.6,8.4,0.33,2.7,428.0,536.1,435.9,37.8,7.98,Normal (<10%),35.8,5,0.58,16,21.7,21.8005,80.1901
2028-07-12 22:00:00,UKWA_EXTENSION,Shift_3_Night,474.7,8.0,23.0,24,3,16,7.3,23.7,0.31,14.1,362.7,391.7,428.6,46.1,9.71,Normal (<10%),34.5,3,0.46,16,22.4,21.7932,80.2015
2028-07-13 06:00:00,BAL_SOUTH_PIT,Shift_1_Morning,476.7,8.0,16.0,18,4,10,22.4,76.0,0.61,50.6,528.6,433.2,448.0,28.7,6.02,Normal (<10%),29.6,5,1.54,12,26.7,21.8005,80.1901
2028-07-13 14:00:00,BAL_NORTH_PIT,Shift_2_Evening,567.3,7.5,24.0,26,3,12,8.5,24.2,0.41,10.6,319.1,408.3,315.4,251.9,44.4,Critical (>25%),34.2,3,0.64,12,19.8,21.8121,80.1843
2028-07-13 22:00:00,BAL_DEEP_LEVEL_3,Shift_3_Night,530.2,7.5,21.0,22,3,12,6.1,15.9,0.23,14.9,286.2,311.9,232.1,298.1,56.22,Critical (>25%),34.9,5,0.51,12,20.0,21.8064,80.1876
2028-07-14 06:00:00,BAL_DEEP_LEVEL_3,Shift_1_Morning,522.8,7.5,22.0,26,3,14,7.9,21.5,0.3,20.6,394.0,475.9,476.1,46.7,8.93,Normal (<10%),35.2,3,0.59,16,21.7,21.8064,80.1876
2028-07-14 14:00:00,BAL_SOUTH_PIT,Shift_2_Evening,466.8,8.0,20.0,22,4,12,13.9,35.0,0.4,31.9,422.1,500.9,415.7,51.1,10.95,Alert (10-25%),34.5,6,1.16,13,20.9,21.8005,80.1901
2028-07-14 22:00:00,UKWA_EXTENSION,Shift_3_Night,563.6,8.0,21.0,22,3,13,128.1,274.5,0.95,100.0,380.8,563.6,478.4,85.2,15.12,Alert (10-25%),15.0,4,2.8,13,35.0,21.7932,80.2015
2028-07-15 06:00:00,UKWA_EXTENSION,Shift_1_Morning,407.7,7.5,17.0,18,4,12,10.2,19.2,0.25,19.7,395.6,512.0,211.5,196.2,48.12,Critical (>25%),34.0,5,0.69,13,20.0,21.7932,80.2015
2028-07-15 14:00:00,UKWA_EXTENSION,Shift_2_Evening,574.2,8.0,22.0,24,4,16,3.5,15.0,0.38,17.2,488.2,486.5,544.5,29.7,5.17,Normal (<10%),37.2,4,0.46,16,21.8,21.7932,80.2015
2028-07-15 22:00:00,UKWA_EXTENSION,Shift_3_Night,502.5,7.5,21.0,22,4,14,2.7,21.0,0.26,10.8,538.1,537.4,441.3,61.2,12.18,Alert (10-25%),31.8,4,0.2,14,20.6,21.7932,80.2015
2028-07-16 06:00:00,UKWA_EXTENSION,Shift_1_Morning,479.7,8.0,19.0,20,3,15,0.6,9.8,0.23,1.5,472.2,344.9,195.1,284.6,59.33,Critical (>25%),36.4,3,0.35,15,21.9,21.7932,80.2015
2028-07-16 14:00:00,BAL_SOUTH_PIT,Shift_2_Evening,499.4,7.5,21.0,24,4,12,12.3,27.5,0.35,23.8,499.9,454.7,442.9,56.5,11.31,Alert (10-25%),34.0,4,0.82,13,21.9,21.8005,80.1901
2028-07-16 22:00:00,BAL_DEEP_LEVEL_3,Shift_3_Night,533.5,8.0,19.0,20,3,14,11.8,24.1,0.34,13.3,418.5,493.6,209.2,324.3,60.79,Critical (>25%),35.5,4,0.52,17,23.1,21.8064,80.1876
2028-07-17 06:00:00,BAL_DEEP_LEVEL_3,Shift_1_Morning,402.6,8.0,20.0,22,4,16,3.4,19.4,0.27,9.3,395.7,524.9,384.9,17.7,4.4,Normal (<10%),36.9,6,0.69,17,21.0,21.8064,80.1876
2028-07-17 14:00:00,BAL_SOUTH_PIT,Shift_2_Evening,574.3,8.0,21.0,22,4,13,17.8,53.5,0.46,39.7,548.1,586.8,535.3,39.0,6.79,Normal (<10%),33.8,4,0.66,13,22.3,21.8005,80.1901
2028-07-17 22:00:00,UKWA_EXTENSION,Shift_3_Night,489.3,7.5,16.0,18,4,11,20.3,57.0,0.43,31.1,554.9,462.0,413.7,75.6,15.45,Alert (10-25%),31.0,5,0.67,13,24.6,21.7932,80.2015
2028-07-18 06:00:00,BAL_SOUTH_PIT,Shift_1_Morning,468.6,7.5,19.0,20,3,13,4.5,14.8,0.25,7.6,552.6,510.1,453.9,14.7,3.14,Normal (<10%),37.4,3,0.0,14,21.5,21.8005,80.1901
2028-07-18 14:00:00,BAL_DEEP_LEVEL_3,Shift_2_Evening,427.6,7.5,23.0,26,3,14,6.3,19.7,0.33,3.8,525.6,361.8,389.7,37.9,8.86,Normal (<10%),35.9,4,0.6,14,21.8,21.8064,80.1876
2028-07-18 22:00:00,BAL_NORTH_PIT,Shift_3_Night,487.9,8.0,24.0,26,3,13,69.8,225.4,0.95,100.0,349.4,602.4,425.5,62.4,12.79,Alert (10-25%),15.0,3,2.56,14,35.0,21.8121,80.1843
2028-07-19 06:00:00,BAL_SOUTH_PIT,Shift_1_Morning,499.3,7.5,23.0,24,3,14,7.0,23.7,0.37,12.5,429.8,403.2,299.0,200.3,40.12,Critical (>25%),37.9,4,0.72,15,20.6,21.8005,80.1901
2028-07-19 14:00:00,UKWA_EXTENSION,Shift_2_Evening,480.7,8.0,21.0,24,3,12,21.5,57.1,0.49,34.3,488.6,491.6,434.1,46.6,9.69,Normal (<10%),29.5,3,0.76,13,25.4,21.7932,80.2015
2028-07-19 22:00:00,BAL_DEEP_LEVEL_3,Shift_3_Night,535.7,7.5,21.0,22,3,13,9.0,38.7,0.38,23.6,438.9,447.8,469.7,66.0,12.32,Alert (10-25%),34.4,3,0.0,13,23.0,21.8064,80.1876
2028-07-20 06:00:00,BAL_DEEP_LEVEL_3,Shift_1_Morning,484.2,7.5,19.0,20,3,12,23.7,79.2,0.53,42.5,425.7,460.2,437.4,46.8,9.67,Normal (<10%),30.3,3,1.03,13,27.2,21.8064,80.1876
2028-07-20 14:00:00,BAL_DEEP_LEVEL_3,Shift_2_Evening,592.3,8.0,17.0,18,4,14,22.0,57.5,0.47,33.3,499.7,471.0,338.0,254.3,42.93,Critical (>25%),32.2,4,0.74,15,24.4,21.8064,80.1876
2028-07-20 22:00:00,BAL_DEEP_LEVEL_3,Shift_3_Night,519.9,8.0,16.0,18,3,16,16.5,64.5,0.53,49.7,498.6,388.6,468.8,51.1,9.83,Normal (<10%),30.1,5,1.17,17,23.8,21.8064,80.1876
2028-07-21 06:00:00,UKWA_EXTENSION,Shift_1_Morning,561.5,7.5,21.0,24,3,12,28.9,117.9,0.84,80.1,411.8,407.5,449.4,112.1,19.96,Alert (10-25%),26.0,4,1.57,13,31.0,21.7932,80.2015
2028-07-21 14:00:00,BAL_NORTH_PIT,Shift_2_Evening,421.9,7.5,24.0,26,3,10,42.0,124.7,0.73,80.6,496.8,515.0,356.7,65.2,15.45,Alert (10-25%),22.5,3,1.33,13,31.1,21.8121,80.1843
2028-07-21 22:00:00,BAL_DEEP_LEVEL_3,Shift_3_Night,479.5,8.0,21.0,22,3,15,13.0,32.3,0.34,18.3,459.4,489.6,410.7,68.8,14.35,Alert (10-25%),34.5,3,0.18,16,23.8,21.8064,80.1876
2028-07-22 06:00:00,BAL_SOUTH_PIT,Shift_1_Morning,467.4,8.0,22.0,22,4,16,4.1,16.7,0.17,15.0,433.6,410.9,452.5,14.9,3.19,Normal (<10%),36.0,5,0.8,17,20.5,21.8005,80.1901
2028-07-22 14:00:00,BAL_NORTH_PIT,Shift_2_Evening,513.9,7.5,25.0,26,3,16,7.6,15.8,0.2,11.0,458.4,371.2,454.1,59.8,11.64,Alert (10-25%),35.7,4,1.06,17,20.5,21.8121,80.1843
2028-07-22 22:00:00,BAL_DEEP_LEVEL_3,Shift_3_Night,572.2,8.0,18.0,20,4,12,21.3,38.8,0.46,20.3,421.4,559.1,491.6,80.6,14.09,Alert (10-25%),34.0,4,0.49,12,23.5,21.8064,80.1876
2028-07-23 06:00:00,BAL_NORTH_PIT,Shift_1_Morning,415.7,7.5,24.0,26,4,11,15.8,38.8,0.33,23.2,481.2,376.1,376.3,39.4,9.48,Normal (<10%),35.7,5,0.6,11,21.7,21.8121,80.1843
2028-07-23 14:00:00,BAL_SOUTH_PIT,Shift_2_Evening,414.5,7.5,23.0,24,3,16,2.9,14.5,0.28,3.5,429.1,445.1,378.0,36.5,8.81,Normal (<10%),35.8,5,0.95,17,20.3,21.8005,80.1901
2028-07-23 22:00:00,BAL_DEEP_LEVEL_3,Shift_3_Night,570.1,7.5,23.0,26,4,11,0.8,4.9,0.28,0.0,413.1,418.4,224.4,345.7,60.64,Critical (>25%),38.3,6,1.26,11,19.9,21.8064,80.1876
2028-07-24 06:00:00,BAL_SOUTH_PIT,Shift_1_Morning,442.6,8.0,20.0,22,4,16,17.2,55.3,0.45,40.3,400.0,397.9,425.7,16.9,3.82,Normal (<10%),32.1,5,0.63,18,23.9,21.8005,80.1901
2028-07-24 14:00:00,UKWA_EXTENSION,Shift_2_Evening,533.8,7.5,17.0,18,4,14,4.3,22.4,0.25,17.9,426.6,426.5,460.1,73.7,13.81,Alert (10-25%),34.6,4,0.59,16,21.4,21.7932,80.2015
