timestamp,shift_type,pit_id,latitude,longitude,workers_available,workers_scheduled,excavators_available,dump_trucks_operational,equipment_downtime_hours,planned_operating_hours,dumper_cycle_time_minutes,cumulative_rainfall_72h,humidity_pct,land_surface_temperature_c,soil_moisture_index,surface_water_pooling_pct,previous_shift_production_tonnes,previous_day_production_tonnes,target_production_tonnes,actual_production_tonnes,shortfall_tonnes,shortfall_percentage,shortfall_class
2024-01-01 06:00:00,Shift_1_Morning,BAL_DEEP_LEVEL_3,21.8064,80.1876,23,24,4,13,0.3,8.03,19.5,7.4,59.0,27.6,0.229,10.2,521.4,436.4,565.5,489.7,75.8,13.4,Moderate (10-25%)
2024-01-01 14:00:00,Shift_2_Evening,UKWA_EXTENSION,21.7932,80.2015,20,20,3,16,0.63,7.9,19.9,7.8,56.1,24.6,0.123,14.4,468.7,566.1,552.9,518.5,34.4,6.22,Normal (<10%)
2024-01-01 22:00:00,Shift_3_Night,BAL_NORTH_PIT,21.8121,80.1843,19,22,3,14,0.43,8.08,20.3,4.7,63.4,29.2,0.163,13.3,468.3,551.7,514.7,482.9,31.8,6.18,Normal (<10%)
2024-01-02 06:00:00,Shift_1_Morning,BAL_DEEP_LEVEL_3,21.8064,80.1876,19,20,3,16,0.15,7.59,19.8,2.1,63.1,27.7,0.173,4.2,588.1,403.0,591.2,522.2,69.0,11.67,Moderate (10-25%)
2024-01-02 14:00:00,Shift_2_Evening,BAL_DEEP_LEVEL_3,21.8064,80.1876,26,26,4,16,0.92,7.3,19.4,4.5,51.2,25.3,0.25,2.2,471.1,477.3,440.1,352.9,87.2,19.81,Moderate (10-25%)
2024-01-02 22:00:00,Shift_3_Night,UKWA_EXTENSION,21.7932,80.2015,18,19,4,12,0.68,7.37,21.0,6.8,55.7,25.5,0.141,10.1,448.0,494.8,421.9,349.3,72.6,17.21,Moderate (10-25%)
2024-01-03 06:00:00,Shift_1_Morning,BAL_NORTH_PIT,21.8121,80.1843,24,25,4,12,0.65,7.51,19.9,6.4,63.9,26.8,0.152,0.0,487.3,477.3,570.8,478.4,92.4,16.19,Moderate (10-25%)
2024-01-03 14:00:00,Shift_2_Evening,BAL_NORTH_PIT,21.8121,80.1843,23,26,3,14,1.17,7.97,19.6,4.1,60.9,26.3,0.084,8.5,469.8,494.8,487.8,448.2,39.6,8.12,Normal (<10%)
2024-01-03 22:00:00,Shift_3_Night,BAL_DEEP_LEVEL_3,21.8064,80.1876,18,18,4,14,0.83,8.0,19.4,7.6,61.0,26.8,0.17,4.0,475.8,573.2,569.4,512.1,57.3,10.06,Moderate (10-25%)
2024-01-04 06:00:00,Shift_1_Morning,BAL_SOUTH_PIT,21.8005,80.1901,17,18,3,16,0.51,7.91,20.3,4.1,64.7,25.9,0.172,4.4,515.7,463.9,578.6,525.5,53.1,9.18,Normal (<10%)
2024-01-04 14:00:00,Shift_2_Evening,BAL_DEEP_LEVEL_3,21.8064,80.1876,20,20,3,12,1.15,8.09,19.5,2.3,55.0,27.4,0.214,4.0,537.7,428.5,412.5,394.6,17.9,4.34,Normal (<10%)
2024-01-04 22:00:00,Shift_3_Night,BAL_DEEP_LEVEL_3,21.8064,80.1876,23,25,3,12,0.43,7.58,22.6,13.6,62.7,27.5,0.229,15.0,458.5,438.2,576.7,462.4,114.3,19.82,Moderate (10-25%)
2024-01-05 06:00:00,Shift_1_Morning,BAL_DEEP_LEVEL_3,21.8064,80.1876,19,21,4,12,0.77,8.01,17.4,16.7,66.7,27.2,0.22,14.6,458.6,405.4,489.7,420.5,69.2,14.13,Moderate (10-25%)
2024-01-05 14:00:00,Shift_2_Evening,BAL_DEEP_LEVEL_3,21.8064,80.1876,22,23,3,17,0.74,7.61,22.6,4.2,59.4,29.6,0.195,3.9,417.4,431.0,502.1,407.1,95.0,18.92,Moderate (10-25%)
2024-01-05 22:00:00,Shift_3_Night,UKWA_EXTENSION,21.7932,80.2015,22,24,3,12,1.0,8.05,20.8,17.2,66.1,26.7,0.19,11.4,467.0,462.8,525.3,462.5,62.8,11.96,Moderate (10-25%)
2024-01-06 06:00:00,Shift_1_Morning,BAL_NORTH_PIT,21.8121,80.1843,22,24,3,12,0.76,7.91,21.3,14.5,59.8,23.7,0.249,7.2,479.1,603.7,585.3,547.8,37.5,6.41,Normal (<10%)
2024-01-06 14:00:00,Shift_2_Evening,UKWA_EXTENSION,21.7932,80.2015,19,21,3,12,0.51,8.04,21.5,7.4,60.6,26.7,0.291,9.6,459.7,391.9,403.8,359.7,44.1,10.92,Moderate (10-25%)
2024-01-06 22:00:00,Shift_3_Night,UKWA_EXTENSION,21.7932,80.2015,18,18,3,12,1.84,7.4,19.8,14.7,56.5,24.1,0.238,7.1,429.4,420.1,495.4,373.2,122.2,24.67,Moderate (10-25%)
2024-01-07 06:00:00,Shift_1_Morning,UKWA_EXTENSION,21.7932,80.2015,21,25,3,13,0.0,7.59,18.6,7.0,53.3,28.2,0.181,14.7,415.2,342.5,537.5,450.4,87.1,16.2,Moderate (10-25%)
2024-01-07 14:00:00,Shift_2_Evening,BAL_DEEP_LEVEL_3,21.8064,80.1876,19,21,4,13,0.2,8.0,22.0,9.6,62.2,27.1,0.251,17.2,414.5,544.8,544.5,496.2,48.3,8.87,Normal (<10%)
2024-01-07 22:00:00,Shift_3_Night,BAL_SOUTH_PIT,21.8005,80.1901,21,22,3,14,1.46,7.98,20.9,3.5,65.2,26.3,0.227,0.0,400.6,391.5,538.5,424.0,114.5,21.26,Moderate (10-25%)
2024-01-08 06:00:00,Shift_1_Morning,BAL_NORTH_PIT,21.8121,80.1843,21,23,3,16,0.91,7.93,18.5,9.5,64.2,22.6,0.243,16.7,450.8,437.9,426.9,356.6,70.3,16.47,Moderate (10-25%)
2024-01-08 14:00:00,Shift_2_Evening,BAL_SOUTH_PIT,21.8005,80.1901,16,18,4,14,0.79,7.62,20.9,3.5,68.4,29.4,0.235,9.5,463.3,380.3,459.9,390.3,69.6,15.13,Moderate (10-25%)
2024-01-08 22:00:00,Shift_3_Night,UKWA_EXTENSION,21.7932,80.2015,21,23,3,12,0.32,7.48,20.8,9.5,61.5,26.7,0.144,6.5,543.7,442.7,471.7,422.6,49.1,10.41,Moderate (10-25%)
2024-01-09 06:00:00,Shift_1_Morning,UKWA_EXTENSION,21.7932,80.2015,25,26,4,11,0.29,7.46,22.6,15.6,55.6,25.0,0.269,15.0,388.9,433.0,560.9,475.4,85.5,15.24,Moderate (10-25%)
2024-01-09 14:00:00,Shift_2_Evening,BAL_SOUTH_PIT,21.8005,80.1901,17,18,3,14,0.36,7.96,24.5,14.2,68.3,22.9,0.31,11.1,480.5,492.1,455.8,407.8,48.0,10.53,Moderate (10-25%)
2024-01-09 22:00:00,Shift_3_Night,BAL_SOUTH_PIT,21.8005,80.1901,17,18,4,15,0.3,7.55,20.5,3.9,57.3,26.9,0.163,11.4,474.5,342.9,442.1,396.8,45.3,10.25,Moderate (10-25%)
2024-01-10 06:00:00,Shift_1_Morning,BAL_SOUTH_PIT,21.8005,80.1901,21,24,4,12,1.79,8.04,20.7,6.1,63.8,26.2,0.174,2.9,556.7,575.4,591.5,526.6,64.9,10.97,Moderate (10-25%)
2024-01-10 14:00:00,Shift_2_Evening,UKWA_EXTENSION,21.7932,80.2015,18,20,3,12,1.29,7.54,18.4,5.7,50.1,27.6,0.166,14.5,518.8,550.5,401.8,336.6,65.2,16.23,Moderate (10-25%)
2024-01-10 22:00:00,Shift_3_Night,UKWA_EXTENSION,21.7932,80.2015,19,19,4,14,0.79,8.04,19.2,2.3,59.7,27.6,0.183,6.4,505.6,500.2,599.6,556.4,43.2,7.2,Normal (<10%)
2024-01-11 06:00:00,Shift_1_Morning,BAL_NORTH_PIT,21.8121,80.1843,17,19,4,14,1.14,8.21,18.9,5.4,65.7,28.6,0.218,3.9,419.0,544.9,535.4,496.3,39.1,7.3,Normal (<10%)
2024-01-11 14:00:00,Shift_2_Evening,BAL_NORTH_PIT,21.8121,80.1843,20,20,3,16,0.17,7.46,20.6,12.8,67.1,27.8,0.197,10.1,382.5,433.1,565.7,551.3,14.4,2.55,Normal (<10%)
2024-01-11 22:00:00,Shift_3_Night,UKWA_EXTENSION,21.7932,80.2015,23,25,3,14,0.57,7.95,24.0,5.0,61.2,28.1,0.194,12.8,453.9,408.9,458.9,396.9,62.0,13.51,Moderate (10-25%)
2024-01-12 06:00:00,Shift_1_Morning,BAL_SOUTH_PIT,21.8005,80.1901,22,22,4,13,0.58,7.92,22.7,17.3,65.4,24.3,0.249,1.8,327.2,460.2,402.9,345.8,57.1,14.17,Moderate (10-25%)
2024-01-12 14:00:00,Shift_2_Evening,BAL_SOUTH_PIT,21.8005,80.1901,23,25,4,12,1.48,8.06,21.3,4.6,60.8,27.5,0.178,0.0,421.0,518.5,547.6,506.5,41.1,7.51,Normal (<10%)
2024-01-12 22:00:00,Shift_3_Night,BAL_NORTH_PIT,21.8121,80.1843,15,17,3,13,0.5,7.61,20.7,15.4,64.1,29.1,0.25,17.5,429.6,580.1,566.8,500.8,66.0,11.64,Moderate (10-25%)
2024-01-13 06:00:00,Shift_1_Morning,UKWA_EXTENSION,21.7932,80.2015,19,20,4,12,0.55,7.99,17.8,11.2,66.6,28.0,0.203,8.6,496.0,414.1,548.1,475.1,73.0,13.32,Moderate (10-25%)
2024-01-13 14:00:00,Shift_2_Evening,BAL_NORTH_PIT,21.8121,80.1843,20,22,4,14,1.21,7.42,21.6,8.8,59.4,24.4,0.21,3.2,391.0,476.0,428.6,363.1,65.5,15.28,Moderate (10-25%)
2024-01-13 22:00:00,Shift_3_Night,BAL_NORTH_PIT,21.8121,80.1843,24,25,3,16,0.71,7.42,23.4,16.9,63.1,24.1,0.251,11.1,524.4,464.8,550.7,453.2,97.5,17.7,Moderate (10-25%)
2024-01-14 06:00:00,Shift_1_Morning,BAL_DEEP_LEVEL_3,21.8064,80.1876,22,23,4,11,1.47,8.07,19.2,4.9,54.5,28.0,0.214,20.4,582.7,571.2,553.8,461.3,92.5,16.7,Moderate (10-25%)
2024-01-14 14:00:00,Shift_2_Evening,BAL_DEEP_LEVEL_3,21.8064,80.1876,25,26,4,16,0.83,7.57,20.5,9.1,67.2,26.8,0.229,0.6,448.3,536.7,531.7,449.3,82.4,15.5,Moderate (10-25%)
2024-01-14 22:00:00,Shift_3_Night,BAL_DEEP_LEVEL_3,21.8064,80.1876,18,18,4,12,0.77,8.05,19.6,5.9,61.2,27.4,0.24,12.4,420.5,424.7,553.2,483.2,70.0,12.65,Moderate (10-25%)
2024-01-15 06:00:00,Shift_1_Morning,BAL_SOUTH_PIT,21.8005,80.1901,18,18,3,12,1.23,7.43,21.7,4.2,57.6,25.4,0.257,2.4,544.7,576.9,569.2,472.0,97.2,17.08,Moderate (10-25%)
2024-01-15 14:00:00,Shift_2_Evening,UKWA_EXTENSION,21.7932,80.2015,25,25,3,16,0.0,8.02,19.0,3.7,67.1,27.2,0.226,0.0,497.2,402.8,522.7,496.3,26.4,5.05,Normal (<10%)
2024-01-15 22:00:00,Shift_3_Night,UKWA_EXTENSION,21.7932,80.2015,20,21,3,14,0.59,7.51,21.1,5.1,61.7,27.4,0.149,4.7,511.4,473.2,417.7,367.3,50.4,12.07,Moderate (10-25%)
2024-01-16 06:00:00,Shift_1_Morning,UKWA_EXTENSION,21.7932,80.2015,18,21,4,14,1.78,8.02,20.6,10.5,58.9,28.7,0.14,1.3,513.8,483.0,497.5,451.7,45.8,9.21,Normal (<10%)
2024-01-16 14:00:00,Shift_2_Evening,UKWA_EXTENSION,21.7932,80.2015,27,27,3,12,0.46,8.09,18.8,5.5,66.8,27.1,0.236,4.4,386.4,425.6,415.5,402.8,12.7,3.06,Normal (<10%)
2024-01-16 22:00:00,Shift_3_Night,BAL_DEEP_LEVEL_3,21.8064,80.1876,18,21,3,14,0.22,8.02,19.5,4.7,59.6,28.8,0.181,5.1,517.2,532.1,481.5,484.6,0.0,0.0,Normal (<10%)
2024-01-17 06:00:00,Shift_1_Morning,BAL_SOUTH_PIT,21.8005,80.1901,19,20,4,12,0.0,8.07,21.7,4.8,53.2,27.3,0.135,0.0,502.6,539.5,481.4,452.4,29.0,6.02,Normal (<10%)
2024-01-17 14:00:00,Shift_2_Evening,BAL_SOUTH_PIT,21.8005,80.1901,27,27,2,14,1.28,7.51,19.7,8.2,68.6,26.4,0.227,7.5,421.1,393.6,413.2,300.6,112.6,27.25,Critical (>25%)
2024-01-17 22:00:00,Shift_3_Night,BAL_DEEP_LEVEL_3,21.8064,80.1876,23,26,3,14,0.54,7.53,19.7,6.9,58.7,28.4,0.208,5.8,514.8,377.4,469.8,365.3,104.5,22.24,Moderate (10-25%)
2024-01-18 06:00:00,Shift_1_Morning,BAL_SOUTH_PIT,21.8005,80.1901,17,18,3,16,1.67,8.06,21.5,9.5,79.9,26.8,0.241,8.4,426.5,325.6,422.2,365.9,56.3,13.33,Moderate (10-25%)
2024-01-18 14:00:00,Shift_2_Evening,BAL_DEEP_LEVEL_3,21.8064,80.1876,18,19,2,14,1.15,7.35,21.8,12.5,62.4,23.1,0.225,19.1,518.7,442.2,561.6,448.4,113.2,20.16,Moderate (10-25%)
2024-01-18 22:00:00,Shift_3_Night,UKWA_EXTENSION,21.7932,80.2015,24,24,4,14,0.36,7.97,20.6,9.0,53.3,26.5,0.218,3.1,476.6,610.5,589.5,577.0,12.5,2.12,Normal (<10%)
2024-01-19 06:00:00,Shift_1_Morning,BAL_DEEP_LEVEL_3,21.8064,80.1876,19,20,4,11,0.76,7.95,20.1,8.4,71.1,27.8,0.204,8.0,411.8,386.6,414.5,369.8,44.7,10.78,Moderate (10-25%)
2024-01-19 14:00:00,Shift_2_Evening,UKWA_EXTENSION,21.7932,80.2015,18,20,4,12,1.05,7.44,22.3,14.6,64.5,23.8,0.224,5.1,490.7,481.8,591.0,438.4,152.6,25.82,Critical (>25%)
2024-01-19 22:00:00,Shift_3_Night,UKWA_EXTENSION,21.7932,80.2015,19,20,3,16,0.74,7.47,19.3,4.7,62.1,27.7,0.185,4.6,553.3,491.6,504.5,426.6,77.9,15.44,Moderate (10-25%)
2024-01-20 06:00:00,Shift_1_Morning,BAL_NORTH_PIT,21.8121,80.1843,21,22,3,11,0.0,8.15,18.7,5.1,65.2,29.7,0.258,14.7,392.6,393.1,459.9,437.9,22.0,4.78,Normal (<10%)
2024-01-20 14:00:00,Shift_2_Evening,BAL_DEEP_LEVEL_3,21.8064,80.1876,25,26,2,14,0.0,7.41,20.9,4.9,54.6,25.8,0.136,6.6,483.1,466.5,415.4,340.0,75.4,18.15,Moderate (10-25%)
2024-01-20 22:00:00,Shift_3_Night,BAL_NORTH_PIT,21.8121,80.1843,23,24,3,12,0.7,8.1,20.7,13.8,54.4,29.3,0.211,13.1,485.7,442.8,500.1,478.1,22.0,4.4,Normal (<10%)
2024-01-21 06:00:00,Shift_1_Morning,BAL_DEEP_LEVEL_3,21.8064,80.1876,19,19,3,12,0.85,7.33,19.3,3.6,71.8,26.4,0.217,1.1,555.3,514.0,558.9,474.8,84.1,15.05,Moderate (10-25%)
2024-01-21 14:00:00,Shift_2_Evening,BAL_DEEP_LEVEL_3,21.8064,80.1876,22,24,4,14,0.29,7.47,20.2,5.2,55.1,27.6,0.194,11.2,423.9,553.5,541.4,461.3,80.1,14.79,Moderate (10-25%)
2024-01-21 22:00:00,Shift_3_Night,BAL_NORTH_PIT,21.8121,80.1843,19,21,4,14,1.78,7.52,22.2,3.6,70.2,28.2,0.184,11.0,340.1,358.5,410.0,290.6,119.4,29.12,Critical (>25%)
2024-01-22 06:00:00,Shift_1_Morning,BAL_NORTH_PIT,21.8121,80.1843,16,18,2,16,0.3,7.56,19.7,6.4,64.3,25.9,0.174,1.7,418.5,491.9,414.6,390.1,24.5,5.91,Normal (<10%)
2024-01-22 14:00:00,Shift_2_Evening,BAL_DEEP_LEVEL_3,21.8064,80.1876,21,24,4,16,0.37,7.57,20.4,2.1,62.1,26.9,0.19,6.0,481.1,391.8,480.6,407.8,72.8,15.15,Moderate (10-25%)
2024-01-22 22:00:00,Shift_3_Night,BAL_SOUTH_PIT,21.8005,80.1901,26,26,4,15,0.61,8.08,23.5,16.1,64.4,25.9,0.311,17.1,450.6,471.3,459.1,414.6,44.5,9.69,Normal (<10%)
2024-01-23 06:00:00,Shift_1_Morning,UKWA_EXTENSION,21.7932,80.2015,20,21,3,12,0.0,7.47,22.4,5.2,73.5,25.3,0.192,4.7,418.5,508.0,446.5,368.0,78.5,17.58,Moderate (10-25%)
2024-01-23 14:00:00,Shift_2_Evening,BAL_NORTH_PIT,21.8121,80.1843,20,23,4,16,0.22,7.45,23.0,9.1,61.1,26.1,0.192,7.1,437.6,454.4,456.2,373.9,82.3,18.04,Moderate (10-25%)
2024-01-23 22:00:00,Shift_3_Night,UKWA_EXTENSION,21.7932,80.2015,24,24,4,12,0.42,8.09,19.5,5.6,59.8,24.6,0.241,4.6,546.3,451.4,560.7,538.7,22.0,3.92,Normal (<10%)
2024-01-24 06:00:00,Shift_1_Morning,BAL_SOUTH_PIT,21.8005,80.1901,21,21,2,12,0.24,7.98,20.9,17.6,69.8,25.1,0.259,13.6,451.7,515.5,585.8,544.6,41.2,7.03,Normal (<10%)
2024-01-24 14:00:00,Shift_2_Evening,BAL_SOUTH_PIT,21.8005,80.1901,22,22,4,14,0.02,7.87,22.4,10.7,60.2,24.0,0.216,7.0,492.6,457.4,481.0,443.5,37.5,7.8,Normal (<10%)
2024-01-24 22:00:00,Shift_3_Night,BAL_SOUTH_PIT,21.8005,80.1901,16,18,4,15,0.0,7.39,20.6,2.1,56.8,24.8,0.185,11.6,469.2,440.7,581.2,516.2,65.0,11.18,Moderate (10-25%)
2024-01-25 06:00:00,Shift_1_Morning,BAL_NORTH_PIT,21.8121,80.1843,21,23,4,16,0.58,7.41,22.7,5.8,61.9,27.8,0.243,10.5,529.4,402.2,464.3,393.3,71.0,15.29,Moderate (10-25%)
2024-01-25 14:00:00,Shift_2_Evening,BAL_SOUTH_PIT,21.8005,80.1901,23,26,4,14,0.74,8.05,22.9,5.8,66.9,26.6,0.287,2.6,552.9,369.2,495.3,453.4,41.9,8.46,Normal (<10%)
2024-01-25 22:00:00,Shift_3_Night,BAL_NORTH_PIT,21.8121,80.1843,17,19,4,15,0.19,8.01,19.9,14.5,73.7,23.6,0.214,15.3,503.0,422.3,445.2,400.0,45.2,10.15,Moderate (10-25%)
2024-01-26 06:00:00,Shift_1_Morning,BAL_SOUTH_PIT,21.8005,80.1901,22,24,3,14,0.68,8.07,19.6,4.8,73.0,27.9,0.183,10.3,448.2,305.7,528.1,475.7,52.4,9.92,Normal (<10%)
2024-01-26 14:00:00,Shift_2_Evening,UKWA_EXTENSION,21.7932,80.2015,18,20,4,14,0.11,7.96,19.0,5.4,53.6,26.8,0.162,6.0,404.3,442.6,595.8,520.9,74.9,12.57,Moderate (10-25%)
2024-01-26 22:00:00,Shift_3_Night,UKWA_EXTENSION,21.7932,80.2015,18,18,3,13,0.42,7.52,20.0,6.3,68.2,26.4,0.223,8.9,393.7,345.0,520.7,431.1,89.6,17.21,Moderate (10-25%)
2024-01-27 06:00:00,Shift_1_Morning,BAL_DEEP_LEVEL_3,21.8064,80.1876,23,25,4,12,1.54,7.56,21.6,10.3,59.7,29.7,0.231,15.9,557.0,560.8,471.6,400.7,70.9,15.03,Moderate (10-25%)
2024-01-27 14:00:00,Shift_2_Evening,UKWA_EXTENSION,21.7932,80.2015,17,18,3,14,1.67,7.47,20.3,3.6,56.7,27.1,0.137,14.0,351.9,493.8,529.6,424.8,104.8,19.79,Moderate (10-25%)
2024-01-27 22:00:00,Shift_3_Night,BAL_DEEP_LEVEL_3,21.8064,80.1876,17,19,4,13,0.39,7.55,19.6,8.3,60.1,28.5,0.178,20.6,374.7,341.7,424.6,366.1,58.5,13.78,Moderate (10-25%)
2024-01-28 06:00:00,Shift_1_Morning,UKWA_EXTENSION,21.7932,80.2015,26,26,3,14,1.75,7.43,18.4,11.3,61.5,25.2,0.25,6.2,451.8,520.9,577.7,497.7,80.0,13.85,Moderate (10-25%)
2024-01-28 14:00:00,Shift_2_Evening,BAL_NORTH_PIT,21.8121,80.1843,22,22,3,14,0.76,7.96,19.3,9.2,59.1,27.0,0.24,13.5,429.3,587.1,500.6,428.4,72.2,14.42,Moderate (10-25%)
2024-01-28 22:00:00,Shift_3_Night,UKWA_EXTENSION,21.7932,80.2015,20,22,4,14,0.51,7.46,18.8,7.9,51.4,26.0,0.18,4.0,529.9,416.8,489.9,395.9,94.0,19.19,Moderate (10-25%)
2024-01-29 06:00:00,Shift_1_Morning,BAL_DEEP_LEVEL_3,21.8064,80.1876,19,20,3,13,1.05,7.88,19.6,3.5,70.2,23.3,0.224,1.9,461.6,559.4,517.2,450.2,67.0,12.95,Moderate (10-25%)
2024-01-29 14:00:00,Shift_2_Evening,BAL_DEEP_LEVEL_3,21.8064,80.1876,19,21,4,15,0.03,8.05,21.0,2.7,66.0,28.7,0.179,0.0,554.5,528.2,525.0,530.4,0.0,0.0,Normal (<10%)
2024-01-29 22:00:00,Shift_3_Night,BAL_SOUTH_PIT,21.8005,80.1901,17,17,3,14,1.1,7.95,18.4,8.3,62.8,26.2,0.205,8.2,459.3,440.1,414.4,390.6,23.8,5.74,Normal (<10%)
2024-01-30 06:00:00,Shift_1_Morning,BAL_NORTH_PIT,21.8121,80.1843,20,22,3,12,0.99,7.5,18.1,3.1,57.4,28.0,0.204,4.2,564.6,507.8,536.5,472.9,63.6,11.85,Moderate (10-25%)
2024-01-30 14:00:00,Shift_2_Evening,UKWA_EXTENSION,21.7932,80.2015,19,21,3,14,0.63,8.05,18.0,4.4,68.1,26.7,0.148,2.1,440.7,477.6,448.4,414.3,34.1,7.6,Normal (<10%)
2024-01-30 22:00:00,Shift_3_Night,BAL_SOUTH_PIT,21.8005,80.1901,20,21,4,16,0.85,7.54,19.5,4.3,61.4,28.4,0.181,10.8,537.2,475.7,542.8,474.7,68.1,12.55,Moderate (10-25%)
2024-01-31 06:00:00,Shift_1_Morning,UKWA_EXTENSION,21.7932,80.2015,23,24,3,14,1.31,8.07,19.9,4.0,59.6,26.0,0.193,2.5,587.2,605.5,564.5,551.7,12.8,2.27,Normal (<10%)
2024-01-31 14:00:00,Shift_2_Evening,UKWA_EXTENSION,21.7932,80.2015,23,24,4,14,0.12,7.49,20.2,13.2,57.4,24.9,0.236,8.3,351.8,421.3,560.8,455.4,105.4,18.79,Moderate (10-25%)
2024-01-31 22:00:00,Shift_3_Night,BAL_SOUTH_PIT,21.8005,80.1901,24,25,4,15,0.45,7.96,20.6,11.2,67.2,24.1,0.234,9.6,431.1,547.5,510.5,455.3,55.2,10.81,Moderate (10-25%)
2024-02-01 06:00:00,Shift_1_Morning,BAL_SOUTH_PIT,21.8005,80.1901,19,20,3,16,0.95,7.49,19.5,8.2,61.7,29.0,0.243,6.0,514.9,554.7,504.0,432.4,71.6,14.21,Moderate (10-25%)
2024-02-01 14:00:00,Shift_2_Evening,BAL_SOUTH_PIT,21.8005,80.1901,26,26,3,16,0.94,7.83,21.0,4.5,65.2,25.3,0.273,17.6,425.8,326.9,428.6,385.5,43.1,10.06,Moderate (10-25%)
2024-02-01 22:00:00,Shift_3_Night,BAL_SOUTH_PIT,21.8005,80.1901,19,20,3,10,0.44,7.86,19.3,10.2,65.5,24.0,0.253,11.5,468.9,474.3,555.1,521.1,34.0,6.13,Normal (<10%)
2024-02-02 06:00:00,Shift_1_Morning,BAL_SOUTH_PIT,21.8005,80.1901,21,21,3,16,1.47,7.87,22.1,7.4,66.1,25.9,0.183,12.0,596.1,537.9,454.3,364.8,89.5,19.7,Moderate (10-25%)
2024-02-02 14:00:00,Shift_2_Evening,UKWA_EXTENSION,21.7932,80.2015,21,21,4,14,0.0,7.9,20.6,10.2,66.0,27.0,0.228,7.4,490.3,474.9,499.3,476.5,22.8,4.57,Normal (<10%)
2024-02-02 22:00:00,Shift_3_Night,BAL_SOUTH_PIT,21.8005,80.1901,21,21,4,12,1.51,7.54,20.6,8.9,61.9,29.3,0.187,9.5,401.8,471.3,456.9,373.1,83.8,18.34,Moderate (10-25%)
2024-02-03 06:00:00,Shift_1_Morning,BAL_NORTH_PIT,21.8121,80.1843,19,21,4,15,1.09,7.41,19.2,9.0,67.0,25.7,0.244,10.4,446.6,471.9,426.8,361.8,65.0,15.23,Moderate (10-25%)
2024-02-03 14:00:00,Shift_2_Evening,BAL_DEEP_LEVEL_3,21.8064,80.1876,23,25,3,11,1.35,7.46,19.1,7.0,68.2,28.9,0.23,12.1,448.4,530.5,525.9,427.7,98.2,18.67,Moderate (10-25%)
2024-02-03 22:00:00,Shift_3_Night,BAL_SOUTH_PIT,21.8005,80.1901,18,19,3,17,1.85,8.13,20.2,2.6,69.4,33.0,0.175,10.0,495.1,537.0,410.9,377.6,33.3,8.1,Normal (<10%)
2024-02-04 06:00:00,Shift_1_Morning,BAL_SOUTH_PIT,21.8005,80.1901,17,19,4,14,1.0,7.96,18.8,4.9,56.4,29.7,0.201,8.8,327.7,324.3,549.7,469.0,80.7,14.68,Moderate (10-25%)
2024-02-04 14:00:00,Shift_2_Evening,UKWA_EXTENSION,21.7932,80.2015,16,18,3,16,1.26,8.07,21.3,5.8,68.3,26.9,0.219,5.1,384.9,522.5,463.5,388.4,75.1,16.2,Moderate (10-25%)
2024-02-04 22:00:00,Shift_3_Night,BAL_SOUTH_PIT,21.8005,80.1901,24,26,3,16,1.34,7.91,22.8,15.5,57.2,26.7,0.167,0.6,444.8,411.6,400.0,321.0,79.0,19.75,Moderate (10-25%)
2024-02-05 06:00:00,Shift_1_Morning,BAL_SOUTH_PIT,21.8005,80.1901,23,26,3,11,0.18,7.98,19.4,7.7,68.7,27.8,0.234,10.4,357.3,486.9,502.2,451.5,50.7,10.1,Moderate (10-25%)
2024-02-05 14:00:00,Shift_2_Evening,BAL_SOUTH_PIT,21.8005,80.1901,19,21,4,14,0.82,7.9,18.9,0.3,58.5,25.7,0.205,8.5,452.9,455.6,409.4,348.3,61.1,14.92,Moderate (10-25%)
2024-02-05 22:00:00,Shift_3_Night,UKWA_EXTENSION,21.7932,80.2015,25,26,3,16,0.11,7.47,18.7,5.3,65.2,27.4,0.155,8.4,365.1,422.7,455.2,379.5,75.7,16.63,Moderate (10-25%)
2024-02-06 06:00:00,Shift_1_Morning,BAL_SOUTH_PIT,21.8005,80.1901,20,22,3,16,1.25,7.58,18.6,5.6,70.3,30.8,0.231,2.1,515.5,436.9,541.4,451.1,90.3,16.68,Moderate (10-25%)
2024-02-06 14:00:00,Shift_2_Evening,BAL_DEEP_LEVEL_3,21.8064,80.1876,26,26,4,12,0.18,7.33,20.7,5.7,66.2,25.4,0.283,13.8,400.1,393.9,412.5,356.0,56.5,13.7,Moderate (10-25%)
2024-02-06 22:00:00,Shift_3_Night,UKWA_EXTENSION,21.7932,80.2015,24,24,3,16,0.86,7.54,20.7,9.7,63.6,29.2,0.213,8.8,541.0,525.9,567.9,509.5,58.4,10.28,Moderate (10-25%)
2024-02-07 06:00:00,Shift_1_Morning,BAL_DEEP_LEVEL_3,21.8064,80.1876,19,20,3,15,0.6,7.52,21.2,16.1,66.2,26.7,0.281,9.2,376.0,465.0,400.8,360.3,40.5,10.1,Moderate (10-25%)
2024-02-07 14:00:00,Shift_2_Evening,UKWA_EXTENSION,21.7932,80.2015,21,22,3,12,0.98,7.44,21.6,9.3,62.3,28.4,0.25,16.6,522.3,391.2,449.4,339.1,110.3,24.54,Moderate (10-25%)
2024-02-07 22:00:00,Shift_3_Night,BAL_SOUTH_PIT,21.8005,80.1901,16,18,4,14,0.58,7.36,18.3,6.5,67.5,25.4,0.152,10.7,496.2,346.9,548.2,458.6,89.6,16.34,Moderate (10-25%)
2024-02-08 06:00:00,Shift_1_Morning,BAL_DEEP_LEVEL_3,21.8064,80.1876,22,25,4,12,0.39,7.51,19.9,4.5,62.6,27.7,0.244,15.0,399.1,374.6,463.3,409.4,53.9,11.63,Moderate (10-25%)
2024-02-08 14:00:00,Shift_2_Evening,UKWA_EXTENSION,21.7932,80.2015,25,26,3,14,0.89,7.95,20.0,8.7,52.2,27.9,0.22,12.6,556.4,444.6,420.4,384.9,35.5,8.44,Normal (<10%)
2024-02-08 22:00:00,Shift_3_Night,BAL_NORTH_PIT,21.8121,80.1843,24,24,3,13,1.88,8.02,19.1,7.5,67.8,26.9,0.2,13.6,469.8,478.0,472.0,406.0,66.0,13.98,Moderate (10-25%)
2024-02-09 06:00:00,Shift_1_Morning,BAL_SOUTH_PIT,21.8005,80.1901,18,18,3,14,1.01,8.0,20.2,9.7,67.2,27.5,0.161,7.9,490.7,417.9,454.1,388.9,65.2,14.36,Moderate (10-25%)
2024-02-09 14:00:00,Shift_2_Evening,UKWA_EXTENSION,21.7932,80.2015,19,20,2,14,0.39,8.16,21.5,5.1,63.2,32.6,0.174,8.5,443.0,526.2,568.5,540.4,28.1,4.94,Normal (<10%)
2024-02-09 22:00:00,Shift_3_Night,BAL_NORTH_PIT,21.8121,80.1843,18,20,3,13,1.28,7.98,19.8,4.3,58.4,27.8,0.195,2.3,458.7,430.1,462.7,406.2,56.5,12.21,Moderate (10-25%)
2024-02-10 06:00:00,Shift_1_Morning,UKWA_EXTENSION,21.7932,80.2015,18,20,3,16,0.79,7.9,21.4,3.4,57.6,28.2,0.24,0.0,484.8,435.8,557.8,484.0,73.8,13.23,Moderate (10-25%)
2024-02-10 14:00:00,Shift_2_Evening,BAL_NORTH_PIT,21.8121,80.1843,21,23,3,11,0.23,8.02,19.2,3.5,57.4,30.6,0.164,1.7,510.1,513.5,578.4,566.7,11.7,2.02,Normal (<10%)
2024-02-10 22:00:00,Shift_3_Night,BAL_SOUTH_PIT,21.8005,80.1901,21,22,4,12,1.42,7.52,21.6,8.5,65.3,28.3,0.253,8.8,467.2,458.8,486.8,438.4,48.4,9.94,Normal (<10%)
2024-02-11 06:00:00,Shift_1_Morning,BAL_DEEP_LEVEL_3,21.8064,80.1876,26,26,3,16,0.56,7.64,21.0,8.3,54.8,29.1,0.204,11.8,586.4,532.9,582.0,508.4,73.6,12.65,Moderate (10-25%)
2024-02-11 14:00:00,Shift_2_Evening,BAL_NORTH_PIT,21.8121,80.1843,17,18,3,12,0.62,8.08,18.5,1.3,63.0,31.1,0.104,4.5,403.5,436.5,475.5,450.2,25.3,5.32,Normal (<10%)
2024-02-11 22:00:00,Shift_3_Night,UKWA_EXTENSION,21.7932,80.2015,24,25,4,12,1.01,7.54,20.7,0.5,60.6,28.0,0.121,3.7,445.5,433.4,592.8,498.5,94.3,15.91,Moderate (10-25%)
2024-02-12 06:00:00,Shift_1_Morning,BAL_SOUTH_PIT,21.8005,80.1901,17,18,4,12,0.22,7.65,20.4,8.3,69.8,30.0,0.253,16.8,397.8,387.0,417.9,366.4,51.5,12.32,Moderate (10-25%)
2024-02-12 14:00:00,Shift_2_Evening,BAL_NORTH_PIT,21.8121,80.1843,25,25,4,12,0.27,7.38,18.9,10.4,67.8,26.8,0.238,14.7,474.6,499.7,537.4,489.6,47.8,8.89,Normal (<10%)
2024-02-12 22:00:00,Shift_3_Night,UKWA_EXTENSION,21.7932,80.2015,26,26,4,11,0.46,7.44,21.0,11.9,60.4,28.4,0.216,8.5,552.3,554.6,498.8,461.9,36.9,7.4,Normal (<10%)
2024-02-13 06:00:00,Shift_1_Morning,UKWA_EXTENSION,21.7932,80.2015,24,24,4,12,1.32,7.41,21.9,5.7,53.8,27.7,0.195,0.0,372.2,447.6,477.5,366.3,111.2,23.29,Moderate (10-25%)
2024-02-13 14:00:00,Shift_2_Evening,UKWA_EXTENSION,21.7932,80.2015,19,19,3,12,0.0,7.96,21.4,10.3,61.0,26.8,0.231,1.9,406.6,487.6,526.5,443.6,82.9,15.75,Moderate (10-25%)
2024-02-13 22:00:00,Shift_3_Night,BAL_NORTH_PIT,21.8121,80.1843,23,24,3,13,0.1,7.36,19.7,11.5,71.0,25.0,0.226,13.2,478.2,421.0,540.8,459.8,81.0,14.98,Moderate (10-25%)
2024-02-14 06:00:00,Shift_1_Morning,BAL_NORTH_PIT,21.8121,80.1843,23,24,3,12,1.11,8.06,23.8,17.6,68.5,27.1,0.301,15.9,415.7,523.7,400.9,338.3,62.6,15.61,Moderate (10-25%)
2024-02-14 14:00:00,Shift_2_Evening,BAL_NORTH_PIT,21.8121,80.1843,24,25,4,12,1.45,7.98,20.6,0.0,65.1,29.6,0.185,6.0,472.0,342.2,433.4,337.8,95.6,22.06,Moderate (10-25%)
2024-02-14 22:00:00,Shift_3_Night,BAL_DEEP_LEVEL_3,21.8064,80.1876,18,20,4,16,0.34,7.85,20.3,17.2,62.6,25.6,0.252,21.0,496.7,459.5,542.6,507.2,35.4,6.52,Normal (<10%)
2024-02-15 06:00:00,Shift_1_Morning,BAL_NORTH_PIT,21.8121,80.1843,25,26,4,14,0.67,7.4,20.9,1.2,63.1,28.2,0.181,5.1,565.4,574.7,533.3,446.5,86.8,16.28,Moderate (10-25%)
2024-02-15 14:00:00,Shift_2_Evening,BAL_NORTH_PIT,21.8121,80.1843,18,18,3,11,0.44,8.03,20.5,5.8,56.0,30.2,0.209,4.6,572.6,432.4,593.2,556.3,36.9,6.22,Normal (<10%)
2024-02-15 22:00:00,Shift_3_Night,BAL_NORTH_PIT,21.8121,80.1843,21,24,4,16,0.8,8.08,22.1,10.3,68.8,29.2,0.183,4.3,389.8,414.6,552.2,464.9,87.3,15.81,Moderate (10-25%)
2024-02-16 06:00:00,Shift_1_Morning,BAL_DEEP_LEVEL_3,21.8064,80.1876,26,26,2,16,0.94,8.2,18.6,4.9,56.5,30.8,0.183,13.2,496.7,367.5,590.2,539.0,51.2,8.68,Normal (<10%)
2024-02-16 14:00:00,Shift_2_Evening,BAL_NORTH_PIT,21.8121,80.1843,21,22,3,13,0.79,8.29,19.7,10.6,55.6,31.1,0.242,9.0,477.3,473.5,540.5,528.5,12.0,2.22,Normal (<10%)
2024-02-16 22:00:00,Shift_3_Night,UKWA_EXTENSION,21.7932,80.2015,22,22,3,16,0.47,7.54,19.1,10.7,75.5,29.1,0.239,14.8,403.1,442.1,459.6,394.1,65.5,14.25,Moderate (10-25%)
2024-02-17 06:00:00,Shift_1_Morning,BAL_NORTH_PIT,21.8121,80.1843,19,20,3,12,0.9,7.9,20.9,14.5,66.3,24.3,0.235,18.9,539.7,516.0,421.1,404.7,16.4,3.89,Normal (<10%)
2024-02-17 14:00:00,Shift_2_Evening,UKWA_EXTENSION,21.7932,80.2015,25,26,4,15,0.93,7.79,21.1,7.2,62.7,25.5,0.17,10.6,542.0,475.5,556.4,504.6,51.8,9.31,Normal (<10%)
2024-02-17 22:00:00,Shift_3_Night,UKWA_EXTENSION,21.7932,80.2015,23,25,3,16,0.85,8.03,20.5,3.3,52.9,29.8,0.213,5.9,534.7,527.4,528.8,506.6,22.2,4.2,Normal (<10%)
2024-02-18 06:00:00,Shift_1_Morning,UKWA_EXTENSION,21.7932,80.2015,20,21,4,12,0.51,7.92,21.0,8.1,66.1,26.2,0.196,5.2,525.2,451.2,409.6,373.0,36.6,8.94,Normal (<10%)
2024-02-18 14:00:00,Shift_2_Evening,BAL_DEEP_LEVEL_3,21.8064,80.1876,18,20,3,16,1.41,7.46,24.9,36.2,76.0,21.6,0.318,22.4,568.6,410.8,472.0,365.0,107.0,22.67,Moderate (10-25%)
2024-02-18 22:00:00,Shift_3_Night,BAL_DEEP_LEVEL_3,21.8064,80.1876,21,23,4,15,0.63,7.94,19.4,7.5,62.2,26.3,0.211,4.8,459.6,500.1,591.4,563.1,28.3,4.79,Normal (<10%)
2024-02-19 06:00:00,Shift_1_Morning,BAL_DEEP_LEVEL_3,21.8064,80.1876,22,22,3,14,1.65,7.99,20.8,11.1,69.9,25.2,0.269,12.4,471.5,483.9,500.1,450.0,50.1,10.02,Moderate (10-25%)
2024-02-19 14:00:00,Shift_2_Evening,BAL_NORTH_PIT,21.8121,80.1843,22,24,3,12,0.13,8.11,21.5,15.3,71.1,29.7,0.247,19.6,315.1,337.2,486.5,429.5,57.0,11.72,Moderate (10-25%)
2024-02-19 22:00:00,Shift_3_Night,UKWA_EXTENSION,21.7932,80.2015,20,21,3,16,1.82,8.02,20.4,7.4,65.6,29.4,0.224,7.0,533.7,550.9,491.5,444.8,46.7,9.5,Normal (<10%)
2024-02-20 06:00:00,Shift_1_Morning,BAL_DEEP_LEVEL_3,21.8064,80.1876,22,23,3,12,0.78,7.98,18.6,5.7,53.2,27.6,0.219,11.1,389.3,326.8,441.8,383.0,58.8,13.31,Moderate (10-25%)
2024-02-20 14:00:00,Shift_2_Evening,BAL_DEEP_LEVEL_3,21.8064,80.1876,24,24,3,14,0.66,7.9,18.8,5.5,56.8,26.0,0.179,11.1,510.9,473.8,473.7,442.7,31.0,6.54,Normal (<10%)
2024-02-20 22:00:00,Shift_3_Night,BAL_NORTH_PIT,21.8121,80.1843,22,22,3,14,0.33,7.33,20.3,14.8,73.5,26.3,0.217,3.3,504.5,447.9,474.0,402.9,71.1,15.0,Moderate (10-25%)
2024-02-21 06:00:00,Shift_1_Morning,BAL_DEEP_LEVEL_3,21.8064,80.1876,27,27,3,14,0.05,7.95,22.3,5.9,64.3,28.2,0.243,0.0,425.0,425.3,410.5,370.9,39.6,9.65,Normal (<10%)
2024-02-21 14:00:00,Shift_2_Evening,BAL_NORTH_PIT,21.8121,80.1843,19,20,3,12,1.51,7.49,21.2,6.9,63.6,27.9,0.212,5.2,574.3,489.8,553.5,485.7,67.8,12.25,Moderate (10-25%)
2024-02-21 22:00:00,Shift_3_Night,BAL_SOUTH_PIT,21.8005,80.1901,25,25,4,16,0.89,7.68,17.7,5.0,58.6,33.2,0.191,13.7,488.4,492.1,483.3,426.7,56.6,11.71,Moderate (10-25%)
2024-02-22 06:00:00,Shift_1_Morning,BAL_DEEP_LEVEL_3,21.8064,80.1876,21,22,4,12,0.9,8.01,21.8,4.7,59.7,29.4,0.222,0.0,559.1,556.8,564.4,515.3,49.1,8.7,Normal (<10%)
2024-02-22 14:00:00,Shift_2_Evening,BAL_SOUTH_PIT,21.8005,80.1901,20,20,3,12,1.13,7.6,22.4,6.7,70.1,30.1,0.22,9.3,492.1,425.4,570.1,464.9,105.2,18.45,Moderate (10-25%)
2024-02-22 22:00:00,Shift_3_Night,BAL_NORTH_PIT,21.8121,80.1843,17,18,3,11,1.31,7.95,20.5,2.1,68.5,27.5,0.165,0.9,525.6,366.1,442.4,381.2,61.2,13.83,Moderate (10-25%)
2024-02-23 06:00:00,Shift_1_Morning,UKWA_EXTENSION,21.7932,80.2015,18,19,4,14,0.32,7.38,22.7,8.9,68.7,24.3,0.271,9.1,464.5,547.7,531.5,452.3,79.2,14.9,Moderate (10-25%)
2024-02-23 14:00:00,Shift_2_Evening,BAL_DEEP_LEVEL_3,21.8064,80.1876,21,24,3,11,0.34,7.9,21.2,3.7,64.0,26.1,0.142,6.1,550.8,575.9,494.5,442.8,51.7,10.46,Moderate (10-25%)
2024-02-23 22:00:00,Shift_3_Night,BAL_NORTH_PIT,21.8121,80.1843,16,19,3,16,0.52,7.43,22.0,11.1,66.9,29.7,0.176,9.3,469.1,522.8,576.0,503.1,72.9,12.66,Moderate (10-25%)
2024-02-24 06:00:00,Shift_1_Morning,UKWA_EXTENSION,21.7932,80.2015,25,27,3,17,1.19,7.71,19.1,7.3,62.3,31.2,0.143,2.4,372.6,439.6,443.1,362.4,80.7,18.21,Moderate (10-25%)
2024-02-24 14:00:00,Shift_2_Evening,UKWA_EXTENSION,21.7932,80.2015,21,24,4,14,0.06,7.92,20.8,13.5,59.1,26.7,0.24,14.0,532.6,564.1,535.6,528.8,6.8,1.27,Normal (<10%)
2024-02-24 22:00:00,Shift_3_Night,BAL_SOUTH_PIT,21.8005,80.1901,24,25,3,11,0.82,7.58,19.9,5.4,55.1,31.2,0.215,10.8,417.9,532.6,521.6,448.8,72.8,13.96,Moderate (10-25%)
2024-02-25 06:00:00,Shift_1_Morning,BAL_NORTH_PIT,21.8121,80.1843,24,26,3,16,0.44,7.41,20.8,4.3,70.2,27.0,0.225,10.0,558.9,518.0,459.1,407.5,51.6,11.24,Moderate (10-25%)
2024-02-25 14:00:00,Shift_2_Evening,UKWA_EXTENSION,21.7932,80.2015,15,17,4,14,0.0,7.59,20.1,3.0,62.2,30.5,0.207,9.4,493.4,464.4,427.3,395.8,31.5,7.37,Normal (<10%)
2024-02-25 22:00:00,Shift_3_Night,BAL_DEEP_LEVEL_3,21.8064,80.1876,20,21,3,12,0.48,7.54,20.2,3.0,64.4,29.6,0.127,4.0,392.5,444.1,530.3,474.2,56.1,10.58,Moderate (10-25%)
2024-02-26 06:00:00,Shift_1_Morning,BAL_DEEP_LEVEL_3,21.8064,80.1876,18,19,4,14,1.01,7.48,19.8,6.4,63.5,29.3,0.193,7.3,532.5,510.2,547.7,479.6,68.1,12.43,Moderate (10-25%)
2024-02-26 14:00:00,Shift_2_Evening,BAL_SOUTH_PIT,21.8005,80.1901,22,23,3,16,0.31,8.0,21.4,20.1,69.8,24.7,0.302,27.3,547.3,409.1,463.1,466.4,0.0,0.0,Normal (<10%)
2024-02-26 22:00:00,Shift_3_Night,UKWA_EXTENSION,21.7932,80.2015,23,26,3,14,1.71,7.43,20.9,3.9,64.1,27.6,0.185,3.9,467.1,433.4,529.0,416.9,112.1,21.19,Moderate (10-25%)
2024-02-27 06:00:00,Shift_1_Morning,BAL_NORTH_PIT,21.8121,80.1843,19,20,4,14,0.3,7.54,19.2,1.5,65.0,27.3,0.181,9.6,480.3,367.7,479.0,394.5,84.5,17.64,Moderate (10-25%)
2024-02-27 14:00:00,Shift_2_Evening,BAL_DEEP_LEVEL_3,21.8064,80.1876,20,22,4,14,0.37,7.95,19.3,4.7,58.6,26.3,0.144,9.2,417.6,451.0,542.6,488.8,53.8,9.92,Normal (<10%)
2024-02-27 22:00:00,Shift_3_Night,UKWA_EXTENSION,21.7932,80.2015,16,17,3,16,1.91,7.88,18.4,2.4,67.6,25.9,0.262,8.3,383.7,372.8,439.8,379.2,60.6,13.78,Moderate (10-25%)
2024-02-28 06:00:00,Shift_1_Morning,UKWA_EXTENSION,21.7932,80.2015,25,25,3,12,0.36,7.87,20.6,23.9,65.3,25.0,0.308,24.1,438.9,404.1,578.0,515.4,62.6,10.83,Moderate (10-25%)
2024-02-28 14:00:00,Shift_2_Evening,BAL_SOUTH_PIT,21.8005,80.1901,16,18,4,14,0.46,7.52,19.1,6.9,65.4,28.1,0.257,2.5,514.8,457.3,457.5,386.6,70.9,15.5,Moderate (10-25%)
2024-02-28 22:00:00,Shift_3_Night,BAL_DEEP_LEVEL_3,21.8064,80.1876,24,27,4,15,0.71,7.66,22.1,1.8,55.2,33.0,0.191,4.0,445.2,406.7,473.6,390.8,82.8,17.48,Moderate (10-25%)
2024-02-29 06:00:00,Shift_1_Morning,BAL_DEEP_LEVEL_3,21.8064,80.1876,26,27,3,14,0.62,7.52,21.1,8.8,62.5,29.4,0.207,9.1,411.2,447.1,411.6,331.8,79.8,19.39,Moderate (10-25%)
2024-02-29 14:00:00,Shift_2_Evening,BAL_NORTH_PIT,21.8121,80.1843,15,17,3,13,1.48,7.49,22.2,12.9,61.4,28.1,0.195,11.6,391.4,528.7,422.3,319.0,103.3,24.46,Moderate (10-25%)
2024-02-29 22:00:00,Shift_3_Night,BAL_DEEP_LEVEL_3,21.8064,80.1876,17,18,3,16,0.07,8.03,23.0,0.8,61.8,28.8,0.187,8.4,426.3,467.3,503.2,455.3,47.9,9.52,Normal (<10%)
2024-03-01 06:00:00,Shift_1_Morning,BAL_NORTH_PIT,21.8121,80.1843,22,24,3,13,1.36,8.13,22.3,4.3,66.9,33.8,0.18,3.9,424.8,530.8,453.5,400.1,53.4,11.78,Moderate (10-25%)
2024-03-01 14:00:00,Shift_2_Evening,BAL_DEEP_LEVEL_3,21.8064,80.1876,20,22,3,12,0.82,7.52,18.7,9.2,63.1,32.5,0.171,8.9,563.4,409.4,567.1,483.4,83.7,14.76,Moderate (10-25%)
2024-03-01 22:00:00,Shift_3_Night,BAL_SOUTH_PIT,21.8005,80.1901,25,26,3,15,0.57,7.46,22.8,12.4,74.1,32.7,0.268,8.9,422.9,428.1,402.9,320.5,82.4,20.45,Moderate (10-25%)
2024-03-02 06:00:00,Shift_1_Morning,BAL_DEEP_LEVEL_3,21.8064,80.1876,22,24,3,11,1.39,7.61,19.7,7.4,67.1,32.9,0.171,1.3,502.5,380.9,475.8,405.9,69.9,14.69,Moderate (10-25%)
2024-03-02 14:00:00,Shift_2_Evening,BAL_NORTH_PIT,21.8121,80.1843,23,25,3,14,1.35,7.54,17.9,6.9,62.5,33.0,0.202,0.0,435.7,473.4,467.5,378.8,88.7,18.97,Moderate (10-25%)
2024-03-02 22:00:00,Shift_3_Night,BAL_NORTH_PIT,21.8121,80.1843,25,26,4,16,1.82,8.15,18.6,4.6,61.3,34.5,0.213,6.5,386.7,545.3,403.9,344.8,59.1,14.63,Moderate (10-25%)
2024-03-03 06:00:00,Shift_1_Morning,BAL_SOUTH_PIT,21.8005,80.1901,18,18,4,12,0.37,8.02,20.0,2.2,63.4,31.9,0.169,4.6,510.6,339.9,424.9,427.1,0.0,0.0,Normal (<10%)
2024-03-03 14:00:00,Shift_2_Evening,BAL_DEEP_LEVEL_3,21.8064,80.1876,18,18,3,12,0.24,7.38,20.8,3.7,65.2,31.5,0.151,10.7,421.6,411.9,482.7,397.8,84.9,17.59,Moderate (10-25%)
2024-03-03 22:00:00,Shift_3_Night,BAL_DEEP_LEVEL_3,21.8064,80.1876,18,20,3,14,1.14,7.86,20.5,3.7,56.6,32.5,0.213,10.8,421.1,442.3,498.6,394.8,103.8,20.82,Moderate (10-25%)
2024-03-04 06:00:00,Shift_1_Morning,BAL_SOUTH_PIT,21.8005,80.1901,17,17,4,14,0.0,7.67,19.8,3.0,65.2,35.0,0.176,8.5,500.4,491.9,480.9,417.5,63.4,13.18,Moderate (10-25%)
2024-03-04 14:00:00,Shift_2_Evening,BAL_DEEP_LEVEL_3,21.8064,80.1876,18,20,3,14,0.36,7.67,20.2,13.1,58.4,33.1,0.144,7.1,471.6,527.2,506.2,411.5,94.7,18.71,Moderate (10-25%)
2024-03-04 22:00:00,Shift_3_Night,BAL_DEEP_LEVEL_3,21.8064,80.1876,25,26,4,16,0.35,7.98,19.8,5.1,64.5,32.5,0.137,1.8,511.9,550.4,519.0,519.4,0.0,0.0,Normal (<10%)
2024-03-05 06:00:00,Shift_1_Morning,BAL_NORTH_PIT,21.8121,80.1843,22,24,3,14,0.34,7.46,21.1,6.5,68.5,31.3,0.257,2.0,484.5,521.0,402.0,339.7,62.3,15.5,Moderate (10-25%)
2024-03-05 14:00:00,Shift_2_Evening,BAL_DEEP_LEVEL_3,21.8064,80.1876,21,22,4,13,0.57,8.15,19.4,7.8,64.7,36.5,0.213,5.2,567.6,425.7,492.8,452.6,40.2,8.16,Normal (<10%)
2024-03-05 22:00:00,Shift_3_Night,BAL_DEEP_LEVEL_3,21.8064,80.1876,21,23,3,16,0.13,7.39,22.3,8.8,52.8,30.8,0.265,10.4,420.5,459.0,592.7,501.3,91.4,15.42,Moderate (10-25%)
2024-03-06 06:00:00,Shift_1_Morning,BAL_SOUTH_PIT,21.8005,80.1901,24,25,4,14,0.61,7.91,21.7,7.6,55.4,29.1,0.208,8.4,553.4,507.2,503.8,490.9,12.9,2.56,Normal (<10%)
2024-03-06 14:00:00,Shift_2_Evening,BAL_SOUTH_PIT,21.8005,80.1901,24,24,3,12,0.06,7.56,19.2,8.9,65.8,34.1,0.191,9.2,454.8,554.4,535.5,472.5,63.0,11.76,Moderate (10-25%)
2024-03-06 22:00:00,Shift_3_Night,UKWA_EXTENSION,21.7932,80.2015,16,17,3,16,0.23,7.96,23.0,6.2,51.6,32.2,0.217,10.6,474.8,414.2,462.4,439.8,22.6,4.89,Normal (<10%)
2024-03-07 06:00:00,Shift_1_Morning,BAL_NORTH_PIT,21.8121,80.1843,24,26,3,14,0.28,7.5,22.8,2.0,65.3,33.3,0.189,11.3,540.2,554.0,554.8,475.8,79.0,14.24,Moderate (10-25%)
2024-03-07 14:00:00,Shift_2_Evening,BAL_DEEP_LEVEL_3,21.8064,80.1876,20,22,3,12,0.86,7.48,19.6,7.7,68.1,31.8,0.214,16.7,525.4,469.5,554.6,456.4,98.2,17.71,Moderate (10-25%)
2024-03-07 22:00:00,Shift_3_Night,BAL_DEEP_LEVEL_3,21.8064,80.1876,22,24,4,14,0.47,8.03,18.2,3.8,68.7,33.4,0.193,6.9,491.9,513.4,504.3,510.5,0.0,0.0,Normal (<10%)
2024-03-08 06:00:00,Shift_1_Morning,UKWA_EXTENSION,21.7932,80.2015,25,26,4,12,1.43,7.64,20.4,8.6,61.7,34.7,0.218,10.6,472.1,550.9,595.2,487.0,108.2,18.18,Moderate (10-25%)
2024-03-08 14:00:00,Shift_2_Evening,BAL_DEEP_LEVEL_3,21.8064,80.1876,20,21,3,16,1.68,8.01,19.6,5.3,65.2,31.7,0.222,9.2,454.8,411.1,425.1,357.4,67.7,15.93,Moderate (10-25%)
2024-03-08 22:00:00,Shift_3_Night,BAL_NORTH_PIT,21.8121,80.1843,23,25,4,11,0.34,8.06,20.6,9.2,66.8,31.7,0.283,10.1,435.1,329.6,403.4,380.1,23.3,5.78,Normal (<10%)
2024-03-09 06:00:00,Shift_1_Morning,UKWA_EXTENSION,21.7932,80.2015,19,19,3,14,0.55,7.29,19.7,5.7,55.7,28.8,0.205,7.3,541.5,499.2,554.0,476.2,77.8,14.04,Moderate (10-25%)
2024-03-09 14:00:00,Shift_2_Evening,BAL_NORTH_PIT,21.8121,80.1843,21,22,4,16,0.29,7.5,20.7,3.9,65.9,32.4,0.184,8.4,473.8,432.4,561.4,484.3,77.1,13.73,Moderate (10-25%)
2024-03-09 22:00:00,Shift_3_Night,UKWA_EXTENSION,21.7932,80.2015,18,19,3,16,0.7,7.42,21.8,11.8,70.6,30.0,0.162,8.3,466.8,335.9,424.0,343.7,80.3,18.94,Moderate (10-25%)
2024-03-10 06:00:00,Shift_1_Morning,UKWA_EXTENSION,21.7932,80.2015,25,25,2,13,0.04,7.38,22.5,15.6,69.4,28.0,0.238,0.0,425.5,507.0,453.1,368.3,84.8,18.72,Moderate (10-25%)
2024-03-10 14:00:00,Shift_2_Evening,BAL_SOUTH_PIT,21.8005,80.1901,16,18,3,13,0.69,7.91,20.8,1.5,60.0,30.7,0.202,10.6,487.6,423.9,403.5,359.3,44.2,10.95,Moderate (10-25%)
2024-03-10 22:00:00,Shift_3_Night,BAL_NORTH_PIT,21.8121,80.1843,22,23,4,12,0.47,7.47,19.0,2.8,65.2,31.9,0.162,6.1,510.9,511.1,458.7,413.5,45.2,9.85,Normal (<10%)
2024-03-11 06:00:00,Shift_1_Morning,BAL_DEEP_LEVEL_3,21.8064,80.1876,19,20,3,14,1.96,7.59,20.0,11.0,71.4,29.9,0.269,9.0,518.3,423.1,554.6,449.9,104.7,18.88,Moderate (10-25%)
2024-03-11 14:00:00,Shift_2_Evening,BAL_DEEP_LEVEL_3,21.8064,80.1876,18,18,3,14,0.04,7.37,21.3,2.5,67.6,31.4,0.198,7.0,379.2,343.7,503.6,428.2,75.4,14.97,Moderate (10-25%)
2024-03-11 22:00:00,Shift_3_Night,BAL_NORTH_PIT,21.8121,80.1843,21,22,4,16,0.56,8.0,21.6,10.1,69.2,31.4,0.212,9.2,520.2,401.2,469.6,431.8,37.8,8.05,Normal (<10%)
2024-03-12 06:00:00,Shift_1_Morning,BAL_DEEP_LEVEL_3,21.8064,80.1876,24,24,3,16,0.26,7.45,18.4,6.2,55.6,30.3,0.19,0.0,430.8,447.4,474.3,418.6,55.7,11.74,Moderate (10-25%)
2024-03-12 14:00:00,Shift_2_Evening,BAL_DEEP_LEVEL_3,21.8064,80.1876,26,26,3,12,0.0,7.97,21.5,4.9,63.1,32.8,0.166,5.1,364.5,402.7,400.3,354.0,46.3,11.57,Moderate (10-25%)
2024-03-12 22:00:00,Shift_3_Night,BAL_NORTH_PIT,21.8121,80.1843,23,24,2,12,0.0,7.6,19.8,8.6,66.8,32.4,0.22,5.3,491.2,410.9,460.0,402.9,57.1,12.41,Moderate (10-25%)
2024-03-13 06:00:00,Shift_1_Morning,UKWA_EXTENSION,21.7932,80.2015,18,18,3,14,0.14,8.05,23.1,11.5,70.5,30.8,0.249,6.5,467.1,537.6,529.3,493.8,35.5,6.71,Normal (<10%)
2024-03-13 14:00:00,Shift_2_Evening,BAL_NORTH_PIT,21.8121,80.1843,18,19,3,10,0.77,7.63,21.1,0.8,64.0,34.9,0.147,7.0,436.5,561.5,594.8,487.5,107.3,18.04,Moderate (10-25%)
2024-03-13 22:00:00,Shift_3_Night,UKWA_EXTENSION,21.7932,80.2015,22,23,3,12,1.18,7.48,20.5,2.3,69.8,33.5,0.18,1.2,535.3,444.0,569.4,531.9,37.5,6.59,Normal (<10%)
2024-03-14 06:00:00,Shift_1_Morning,BAL_DEEP_LEVEL_3,21.8064,80.1876,25,26,3,14,1.18,7.93,22.0,5.7,53.6,31.6,0.199,5.1,429.4,472.1,404.7,314.0,90.7,22.41,Moderate (10-25%)
2024-03-14 14:00:00,Shift_2_Evening,BAL_DEEP_LEVEL_3,21.8064,80.1876,22,23,3,12,0.25,7.48,20.7,13.3,69.6,28.6,0.349,20.6,492.8,424.4,579.7,481.9,97.8,16.87,Moderate (10-25%)
2024-03-14 22:00:00,Shift_3_Night,BAL_DEEP_LEVEL_3,21.8064,80.1876,23,25,3,16,1.15,7.52,20.6,17.0,69.1,29.8,0.277,15.7,449.4,584.7,556.6,464.7,91.9,16.51,Moderate (10-25%)
2024-03-15 06:00:00,Shift_1_Morning,BAL_SOUTH_PIT,21.8005,80.1901,20,23,3,15,0.4,7.52,20.1,25.7,72.3,30.4,0.259,22.6,425.1,472.5,556.1,481.0,75.1,13.5,Moderate (10-25%)
2024-03-15 14:00:00,Shift_2_Evening,UKWA_EXTENSION,21.7932,80.2015,24,24,4,17,0.43,7.89,20.2,17.6,73.6,28.8,0.309,19.0,411.8,597.7,491.6,425.9,65.7,13.36,Moderate (10-25%)
2024-03-15 22:00:00,Shift_3_Night,BAL_SOUTH_PIT,21.8005,80.1901,24,27,4,14,0.43,7.51,22.4,3.9,58.1,33.5,0.185,8.5,423.4,415.0,479.6,387.6,92.0,19.18,Moderate (10-25%)
2024-03-16 06:00:00,Shift_1_Morning,BAL_SOUTH_PIT,21.8005,80.1901,25,26,4,14,0.16,8.02,19.9,2.9,70.7,32.4,0.212,6.8,490.4,458.7,460.6,433.1,27.5,5.97,Normal (<10%)
2024-03-16 14:00:00,Shift_2_Evening,BAL_NORTH_PIT,21.8121,80.1843,25,26,3,16,1.29,8.25,20.6,5.0,67.3,36.3,0.213,10.7,423.9,444.5,413.1,351.7,61.4,14.86,Moderate (10-25%)
2024-03-16 22:00:00,Shift_3_Night,BAL_SOUTH_PIT,21.8005,80.1901,21,22,4,12,0.82,8.19,21.0,2.5,61.8,37.4,0.2,5.7,557.7,428.0,445.6,398.3,47.3,10.61,Moderate (10-25%)
2024-03-17 06:00:00,Shift_1_Morning,BAL_NORTH_PIT,21.8121,80.1843,20,22,2,12,0.71,7.41,21.6,16.8,60.8,27.7,0.261,18.9,452.6,385.0,449.3,370.8,78.5,17.47,Moderate (10-25%)
2024-03-17 14:00:00,Shift_2_Evening,BAL_NORTH_PIT,21.8121,80.1843,20,22,3,16,0.72,7.97,22.3,18.7,68.4,32.0,0.255,9.1,536.9,539.4,496.8,453.8,43.0,8.66,Normal (<10%)
2024-03-17 22:00:00,Shift_3_Night,BAL_SOUTH_PIT,21.8005,80.1901,18,19,3,13,1.61,7.85,20.2,5.3,63.6,31.1,0.196,5.6,422.3,472.0,549.5,465.2,84.3,15.34,Moderate (10-25%)
2024-03-18 06:00:00,Shift_1_Morning,UKWA_EXTENSION,21.7932,80.2015,22,23,2,11,0.4,7.44,20.5,11.8,66.1,33.4,0.227,8.6,311.2,354.8,494.8,415.3,79.5,16.07,Moderate (10-25%)
2024-03-18 14:00:00,Shift_2_Evening,UKWA_EXTENSION,21.7932,80.2015,21,22,3,14,0.32,8.03,23.9,22.4,65.6,28.2,0.306,23.6,386.6,530.2,411.6,361.4,50.2,12.2,Moderate (10-25%)
2024-03-18 22:00:00,Shift_3_Night,UKWA_EXTENSION,21.7932,80.2015,25,25,2,12,0.62,8.12,20.5,7.6,66.1,34.0,0.192,19.0,481.5,541.1,591.6,539.8,51.8,8.76,Normal (<10%)
2024-03-19 06:00:00,Shift_1_Morning,UKWA_EXTENSION,21.7932,80.2015,20,20,3,12,1.61,7.43,19.1,3.1,58.9,31.9,0.137,2.3,451.1,524.5,588.5,461.7,126.8,21.55,Moderate (10-25%)
2024-03-19 14:00:00,Shift_2_Evening,UKWA_EXTENSION,21.7932,80.2015,22,22,3,14,0.48,7.43,18.7,3.5,68.1,32.2,0.189,0.0,550.8,465.3,557.0,504.8,52.2,9.37,Normal (<10%)
2024-03-19 22:00:00,Shift_3_Night,BAL_SOUTH_PIT,21.8005,80.1901,24,25,4,12,1.09,7.79,19.5,3.3,71.0,29.2,0.194,10.7,374.7,352.0,598.3,490.0,108.3,18.1,Moderate (10-25%)
2024-03-20 06:00:00,Shift_1_Morning,BAL_SOUTH_PIT,21.8005,80.1901,26,26,4,15,1.17,7.48,19.2,9.2,60.4,31.5,0.236,10.0,507.7,445.6,508.9,444.7,64.2,12.62,Moderate (10-25%)
2024-03-20 14:00:00,Shift_2_Evening,BAL_DEEP_LEVEL_3,21.8064,80.1876,20,20,4,16,0.13,7.39,20.1,6.6,62.8,31.4,0.164,0.8,597.2,586.1,592.6,525.5,67.1,11.32,Moderate (10-25%)
2024-03-20 22:00:00,Shift_3_Night,UKWA_EXTENSION,21.7932,80.2015,20,22,4,12,0.34,7.45,20.0,7.4,67.7,30.9,0.251,5.9,411.1,471.6,415.1,368.8,46.3,11.15,Moderate (10-25%)
2024-03-21 06:00:00,Shift_1_Morning,BAL_SOUTH_PIT,21.8005,80.1901,26,27,4,15,1.05,7.91,21.2,24.5,70.2,26.8,0.344,19.0,442.7,550.8,473.1,387.5,85.6,18.09,Moderate (10-25%)
2024-03-21 14:00:00,Shift_2_Evening,BAL_DEEP_LEVEL_3,21.8064,80.1876,25,26,4,15,0.35,7.99,20.1,3.9,56.1,32.4,0.216,11.0,465.4,486.7,445.1,395.4,49.7,11.17,Moderate (10-25%)
2024-03-21 22:00:00,Shift_3_Night,UKWA_EXTENSION,21.7932,80.2015,19,20,4,14,0.38,7.32,21.8,6.6,67.6,28.4,0.205,2.9,461.1,341.9,439.2,363.2,76.0,17.3,Moderate (10-25%)
2024-03-22 06:00:00,Shift_1_Morning,BAL_NORTH_PIT,21.8121,80.1843,24,26,3,16,0.3,7.85,23.2,18.2,63.5,27.8,0.284,19.1,464.2,460.5,428.2,368.8,59.4,13.87,Moderate (10-25%)
2024-03-22 14:00:00,Shift_2_Evening,BAL_DEEP_LEVEL_3,21.8064,80.1876,25,25,4,12,1.14,7.71,20.9,1.1,62.0,34.3,0.166,13.1,512.6,526.2,524.5,455.8,68.7,13.1,Moderate (10-25%)
2024-03-22 22:00:00,Shift_3_Night,BAL_SOUTH_PIT,21.8005,80.1901,21,24,3,16,0.19,7.37,22.9,10.5,60.1,29.1,0.254,7.3,404.9,512.9,556.3,456.7,99.6,17.9,Moderate (10-25%)
2024-03-23 06:00:00,Shift_1_Morning,BAL_NORTH_PIT,21.8121,80.1843,19,20,3,13,1.61,7.39,20.6,13.1,70.1,27.3,0.271,10.9,426.8,552.9,515.7,399.7,116.0,22.49,Moderate (10-25%)
2024-03-23 14:00:00,Shift_2_Evening,BAL_NORTH_PIT,21.8121,80.1843,18,19,3,12,0.19,7.68,20.6,4.2,59.9,35.1,0.182,6.4,501.7,367.1,429.4,373.4,56.0,13.04,Moderate (10-25%)
2024-03-23 22:00:00,Shift_3_Night,BAL_NORTH_PIT,21.8121,80.1843,19,22,3,12,0.98,7.79,23.1,11.4,68.7,34.1,0.266,18.3,582.7,405.9,562.2,429.8,132.4,23.55,Moderate (10-25%)
2024-03-24 06:00:00,Shift_1_Morning,BAL_DEEP_LEVEL_3,21.8064,80.1876,16,17,3,14,0.89,7.88,21.0,6.4,62.5,29.9,0.224,5.8,453.3,567.7,527.2,493.5,33.7,6.39,Normal (<10%)
2024-03-24 14:00:00,Shift_2_Evening,BAL_SOUTH_PIT,21.8005,80.1901,25,26,3,11,0.0,7.96,19.9,2.8,59.7,33.0,0.181,9.0,394.5,446.2,477.6,427.2,50.4,10.55,Moderate (10-25%)
2024-03-24 22:00:00,Shift_3_Night,BAL_NORTH_PIT,21.8121,80.1843,26,27,4,14,1.03,8.03,21.1,6.0,65.5,31.4,0.226,1.6,614.1,459.7,534.8,503.9,30.9,5.78,Normal (<10%)
2024-03-25 06:00:00,Shift_1_Morning,UKWA_EXTENSION,21.7932,80.2015,22,23,4,14,0.5,8.17,19.5,3.1,57.0,33.9,0.192,11.2,386.8,488.3,452.0,384.0,68.0,15.04,Moderate (10-25%)
2024-03-25 14:00:00,Shift_2_Evening,BAL_NORTH_PIT,21.8121,80.1843,19,19,3,12,0.4,7.4,22.7,9.7,73.3,30.4,0.227,7.0,520.9,436.5,469.0,378.7,90.3,19.25,Moderate (10-25%)
2024-03-25 22:00:00,Shift_3_Night,BAL_NORTH_PIT,21.8121,80.1843,16,18,3,14,0.73,7.48,20.8,8.0,64.2,32.4,0.187,12.4,599.7,446.3,583.5,505.8,77.7,13.32,Moderate (10-25%)
2024-03-26 06:00:00,Shift_1_Morning,BAL_DEEP_LEVEL_3,21.8064,80.1876,24,25,3,13,0.39,8.08,18.9,14.5,61.1,33.0,0.211,6.9,527.0,438.7,458.1,460.5,0.0,0.0,Normal (<10%)
2024-03-26 14:00:00,Shift_2_Evening,BAL_DEEP_LEVEL_3,21.8064,80.1876,23,24,3,16,0.71,8.04,21.0,9.9,62.3,31.3,0.26,5.5,446.7,455.2,494.0,448.4,45.6,9.23,Normal (<10%)
2024-03-26 22:00:00,Shift_3_Night,BAL_SOUTH_PIT,21.8005,80.1901,16,17,4,12,0.42,7.46,19.6,3.6,63.0,30.5,0.272,7.8,533.2,491.0,578.0,514.0,64.0,11.07,Moderate (10-25%)
2024-03-27 06:00:00,Shift_1_Morning,UKWA_EXTENSION,21.7932,80.2015,18,19,3,14,0.63,7.49,20.0,10.7,69.7,30.3,0.256,11.1,497.7,503.1,541.5,459.6,81.9,15.12,Moderate (10-25%)
2024-03-27 14:00:00,Shift_2_Evening,BAL_DEEP_LEVEL_3,21.8064,80.1876,26,26,3,14,0.78,7.36,20.3,3.9,57.4,30.3,0.175,8.2,470.9,492.0,412.4,349.3,63.1,15.3,Moderate (10-25%)
2024-03-27 22:00:00,Shift_3_Night,BAL_NORTH_PIT,21.8121,80.1843,20,22,3,12,1.31,7.98,22.3,11.5,62.4,28.8,0.24,5.8,467.2,433.0,429.5,363.5,66.0,15.37,Moderate (10-25%)
2024-03-28 06:00:00,Shift_1_Morning,BAL_SOUTH_PIT,21.8005,80.1901,18,19,4,12,0.4,7.47,20.8,12.9,66.8,28.3,0.291,8.0,345.6,420.4,401.6,332.8,68.8,17.13,Moderate (10-25%)
2024-03-28 14:00:00,Shift_2_Evening,BAL_NORTH_PIT,21.8121,80.1843,22,24,4,12,0.67,7.52,20.7,8.4,71.7,32.8,0.252,10.4,554.8,545.7,526.2,486.2,40.0,7.6,Normal (<10%)
2024-03-28 22:00:00,Shift_3_Night,BAL_NORTH_PIT,21.8121,80.1843,23,26,4,12,0.35,7.94,17.6,4.1,65.7,32.0,0.162,6.9,393.1,445.4,489.5,438.7,50.8,10.38,Moderate (10-25%)
2024-03-29 06:00:00,Shift_1_Morning,BAL_DEEP_LEVEL_3,21.8064,80.1876,16,17,4,11,0.47,8.05,19.5,3.7,69.8,34.3,0.209,4.5,430.3,522.1,426.9,396.2,30.7,7.19,Normal (<10%)
2024-03-29 14:00:00,Shift_2_Evening,BAL_SOUTH_PIT,21.8005,80.1901,23,24,4,16,0.89,8.1,21.6,4.2,62.4,35.0,0.23,4.6,395.9,566.9,591.6,521.0,70.6,11.93,Moderate (10-25%)
2024-03-29 22:00:00,Shift_3_Night,UKWA_EXTENSION,21.7932,80.2015,22,23,3,15,0.53,7.52,19.8,0.9,67.8,32.5,0.138,0.2,536.3,382.2,505.9,436.5,69.4,13.72,Moderate (10-25%)
2024-03-30 06:00:00,Shift_1_Morning,UKWA_EXTENSION,21.7932,80.2015,25,25,3,16,0.31,7.54,21.6,11.7,71.1,30.7,0.231,6.0,423.4,418.5,448.4,388.3,60.1,13.4,Moderate (10-25%)
2024-03-30 14:00:00,Shift_2_Evening,BAL_DEEP_LEVEL_3,21.8064,80.1876,17,18,3,14,1.06,8.01,19.8,6.2,65.9,33.3,0.181,6.9,471.4,511.9,500.1,456.1,44.0,8.8,Normal (<10%)
2024-03-30 22:00:00,Shift_3_Night,BAL_DEEP_LEVEL_3,21.8064,80.1876,21,22,3,12,1.46,7.5,19.5,1.3,65.5,33.4,0.156,6.0,499.6,501.2,535.9,453.5,82.4,15.38,Moderate (10-25%)
2024-03-31 06:00:00,Shift_1_Morning,BAL_SOUTH_PIT,21.8005,80.1901,18,19,3,11,1.36,7.43,19.7,2.9,58.9,32.6,0.19,5.1,544.5,430.1,415.2,342.8,72.4,17.44,Moderate (10-25%)
2024-03-31 14:00:00,Shift_2_Evening,UKWA_EXTENSION,21.7932,80.2015,20,21,3,16,1.37,7.53,19.0,9.2,72.4,31.8,0.222,14.5,544.0,487.1,454.9,374.0,80.9,17.78,Moderate (10-25%)
2024-03-31 22:00:00,Shift_3_Night,UKWA_EXTENSION,21.7932,80.2015,21,22,4,13,0.05,7.99,20.2,10.8,63.0,31.3,0.236,14.3,388.0,400.9,561.4,520.6,40.8,7.27,Normal (<10%)
2024-04-01 06:00:00,Shift_1_Morning,UKWA_EXTENSION,21.7932,80.2015,25,26,3,14,0.26,8.21,22.8,11.7,68.2,36.4,0.266,12.4,492.1,443.4,491.9,471.3,20.6,4.19,Normal (<10%)
2024-04-01 14:00:00,Shift_2_Evening,BAL_NORTH_PIT,21.8121,80.1843,20,20,4,12,0.68,7.66,21.0,4.4,65.9,37.4,0.223,14.9,572.7,438.2,509.3,462.3,47.0,9.23,Normal (<10%)
2024-04-01 22:00:00,Shift_3_Night,UKWA_EXTENSION,21.7932,80.2015,18,19,3,14,0.17,7.54,20.3,7.6,56.3,34.7,0.211,6.5,524.4,451.8,486.6,425.9,60.7,12.47,Moderate (10-25%)
2024-04-02 06:00:00,Shift_1_Morning,BAL_NORTH_PIT,21.8121,80.1843,18,18,3,16,1.2,7.42,21.6,5.6,62.8,33.6,0.194,12.1,374.1,479.5,408.8,315.7,93.1,22.77,Moderate (10-25%)
2024-04-02 14:00:00,Shift_2_Evening,BAL_SOUTH_PIT,21.8005,80.1901,22,24,4,16,0.88,7.39,22.1,7.3,64.3,32.8,0.135,7.4,483.0,518.5,433.1,372.4,60.7,14.02,Moderate (10-25%)
2024-04-02 22:00:00,Shift_3_Night,BAL_NORTH_PIT,21.8121,80.1843,18,20,3,14,1.27,8.12,22.2,4.0,61.0,36.7,0.156,0.0,508.0,570.0,489.1,453.4,35.7,7.3,Normal (<10%)
2024-04-03 06:00:00,Shift_1_Morning,BAL_SOUTH_PIT,21.8005,80.1901,26,27,4,14,0.59,8.03,21.2,14.0,65.8,34.7,0.272,11.1,525.7,428.5,441.8,411.5,30.3,6.86,Normal (<10%)
2024-04-03 14:00:00,Shift_2_Evening,UKWA_EXTENSION,21.7932,80.2015,23,25,3,13,0.0,7.55,19.3,13.2,72.0,32.8,0.233,12.5,441.9,277.2,410.0,340.1,69.9,17.05,Moderate (10-25%)
2024-04-03 22:00:00,Shift_3_Night,UKWA_EXTENSION,21.7932,80.2015,23,24,4,12,1.27,7.33,19.1,14.3,61.0,31.7,0.23,19.6,493.1,321.2,568.7,465.4,103.3,18.16,Moderate (10-25%)
2024-04-04 06:00:00,Shift_1_Morning,BAL_SOUTH_PIT,21.8005,80.1901,18,19,3,16,0.57,8.09,19.8,18.0,59.1,33.8,0.212,19.6,598.5,583.2,596.2,529.7,66.5,11.15,Moderate (10-25%)
2024-04-04 14:00:00,Shift_2_Evening,BAL_DEEP_LEVEL_3,21.8064,80.1876,24,25,3,13,0.27,7.55,20.0,7.3,61.2,34.1,0.212,10.2,426.1,477.9,558.6,511.0,47.6,8.52,Normal (<10%)
2024-04-04 22:00:00,Shift_3_Night,BAL_SOUTH_PIT,21.8005,80.1901,19,20,3,12,1.03,7.89,21.7,8.0,67.3,31.9,0.193,8.2,572.8,583.6,570.8,510.9,59.9,10.49,Moderate (10-25%)
2024-04-05 06:00:00,Shift_1_Morning,BAL_DEEP_LEVEL_3,21.8064,80.1876,17,18,3,14,1.09,7.45,23.2,9.6,68.5,33.9,0.246,7.4,357.7,388.8,448.4,345.0,103.4,23.06,Moderate (10-25%)
2024-04-05 14:00:00,Shift_2_Evening,BAL_NORTH_PIT,21.8121,80.1843,25,25,3,12,1.47,8.03,20.4,9.4,67.7,31.6,0.278,14.2,580.0,550.0,592.1,567.4,24.7,4.17,Normal (<10%)
2024-04-05 22:00:00,Shift_3_Night,BAL_NORTH_PIT,21.8121,80.1843,23,24,3,12,0.82,7.51,20.2,10.4,69.5,34.0,0.224,8.8,474.5,375.6,439.4,363.5,75.9,17.27,Moderate (10-25%)
2024-04-06 06:00:00,Shift_1_Morning,BAL_NORTH_PIT,21.8121,80.1843,21,21,4,12,0.0,7.47,20.4,5.7,63.6,34.7,0.181,2.2,494.0,521.7,590.3,520.5,69.8,11.82,Moderate (10-25%)
2024-04-06 14:00:00,Shift_2_Evening,UKWA_EXTENSION,21.7932,80.2015,19,21,2,14,0.63,7.99,22.8,34.8,69.1,29.0,0.385,36.3,563.7,522.3,599.0,518.2,80.8,13.49,Moderate (10-25%)
2024-04-06 22:00:00,Shift_3_Night,BAL_NORTH_PIT,21.8121,80.1843,21,22,4,12,1.42,7.97,22.2,4.8,57.9,35.0,0.186,5.1,502.5,438.6,542.3,441.2,101.1,18.64,Moderate (10-25%)
2024-04-07 06:00:00,Shift_1_Morning,BAL_DEEP_LEVEL_3,21.8064,80.1876,20,21,3,12,0.25,7.52,21.9,15.4,59.2,32.5,0.259,12.7,541.4,459.1,596.2,519.5,76.7,12.86,Moderate (10-25%)
2024-04-07 14:00:00,Shift_2_Evening,BAL_NORTH_PIT,21.8121,80.1843,20,22,3,13,2.02,7.65,20.0,10.1,62.4,36.7,0.23,11.0,485.9,444.0,513.9,423.8,90.1,17.53,Moderate (10-25%)
2024-04-07 22:00:00,Shift_3_Night,BAL_SOUTH_PIT,21.8005,80.1901,22,23,4,12,1.64,7.74,21.4,8.0,68.7,28.6,0.269,2.0,436.5,584.6,451.9,346.4,105.5,23.35,Moderate (10-25%)
2024-04-08 06:00:00,Shift_1_Morning,BAL_SOUTH_PIT,21.8005,80.1901,20,22,3,14,0.0,7.98,20.6,4.3,64.5,36.9,0.211,6.1,555.5,570.3,487.4,479.1,8.3,1.7,Normal (<10%)
2024-04-08 14:00:00,Shift_2_Evening,UKWA_EXTENSION,21.7932,80.2015,22,23,4,12,1.62,7.52,21.1,7.1,63.7,36.0,0.252,15.3,493.5,382.5,518.7,419.2,99.5,19.18,Moderate (10-25%)
2024-04-08 22:00:00,Shift_3_Night,BAL_SOUTH_PIT,21.8005,80.1901,26,26,3,16,0.1,7.53,21.1,12.4,60.7,34.3,0.267,23.1,435.6,498.7,414.6,366.0,48.6,11.72,Moderate (10-25%)
2024-04-09 06:00:00,Shift_1_Morning,BAL_DEEP_LEVEL_3,21.8064,80.1876,18,20,3,10,0.08,7.96,22.3,4.8,75.8,32.8,0.213,7.0,493.9,602.0,524.5,488.7,35.8,6.83,Normal (<10%)
2024-04-09 14:00:00,Shift_2_Evening,BAL_NORTH_PIT,21.8121,80.1843,26,26,4,16,0.13,7.82,20.1,7.7,59.1,31.8,0.212,3.2,370.5,393.8,596.2,549.7,46.5,7.8,Normal (<10%)
2024-04-09 22:00:00,Shift_3_Night,UKWA_EXTENSION,21.7932,80.2015,18,20,3,16,2.12,8.03,19.4,3.7,62.6,35.4,0.174,9.2,509.6,557.8,438.0,403.4,34.6,7.9,Normal (<10%)
2024-04-10 06:00:00,Shift_1_Morning,BAL_NORTH_PIT,21.8121,80.1843,20,22,3,12,0.72,8.17,23.5,29.3,75.4,33.7,0.347,26.3,441.1,588.5,558.5,492.2,66.3,11.87,Moderate (10-25%)
2024-04-10 14:00:00,Shift_2_Evening,BAL_NORTH_PIT,21.8121,80.1843,18,18,3,16,2.14,7.85,19.9,7.1,62.3,33.3,0.159,6.3,534.8,612.9,581.6,523.2,58.4,10.04,Moderate (10-25%)
2024-04-10 22:00:00,Shift_3_Night,BAL_DEEP_LEVEL_3,21.8064,80.1876,23,25,3,12,0.91,7.59,22.8,12.8,61.6,35.3,0.254,13.3,509.0,435.0,588.7,503.5,85.2,14.47,Moderate (10-25%)
2024-04-11 06:00:00,Shift_1_Morning,BAL_SOUTH_PIT,21.8005,80.1901,25,25,3,14,0.66,7.47,18.5,6.1,65.6,35.3,0.163,10.2,561.2,604.5,592.0,498.8,93.2,15.74,Moderate (10-25%)
2024-04-11 14:00:00,Shift_2_Evening,BAL_SOUTH_PIT,21.8005,80.1901,25,27,3,12,1.5,7.99,23.1,12.9,59.3,33.3,0.218,14.9,522.6,534.4,504.3,417.1,87.2,17.29,Moderate (10-25%)
2024-04-11 22:00:00,Shift_3_Night,BAL_NORTH_PIT,21.8121,80.1843,23,23,3,12,1.35,7.39,20.1,1.8,70.8,33.9,0.199,0.0,450.3,475.0,595.5,463.1,132.4,22.23,Moderate (10-25%)
2024-04-12 06:00:00,Shift_1_Morning,UKWA_EXTENSION,21.7932,80.2015,25,26,4,14,0.43,7.47,20.7,7.6,66.5,32.5,0.228,2.4,386.3,400.6,551.5,473.0,78.5,14.23,Moderate (10-25%)
2024-04-12 14:00:00,Shift_2_Evening,BAL_SOUTH_PIT,21.8005,80.1901,22,24,4,15,0.07,8.13,20.9,11.3,63.4,34.8,0.224,4.5,365.2,482.7,432.3,384.2,48.1,11.13,Moderate (10-25%)
2024-04-12 22:00:00,Shift_3_Night,UKWA_EXTENSION,21.7932,80.2015,21,23,3,11,1.58,7.56,19.1,11.0,58.0,37.2,0.253,14.8,460.6,431.3,495.4,368.4,127.0,25.64,Critical (>25%)
2024-04-13 06:00:00,Shift_1_Morning,BAL_SOUTH_PIT,21.8005,80.1901,22,24,3,11,0.11,7.67,17.6,6.6,58.0,37.8,0.215,4.1,369.4,480.0,543.7,453.2,90.5,16.65,Moderate (10-25%)
2024-04-13 14:00:00,Shift_2_Evening,UKWA_EXTENSION,21.7932,80.2015,19,19,3,16,1.31,7.62,21.9,20.0,66.3,36.8,0.277,23.1,451.4,366.6,449.5,351.5,98.0,21.8,Moderate (10-25%)
2024-04-13 22:00:00,Shift_3_Night,BAL_DEEP_LEVEL_3,21.8064,80.1876,23,23,4,14,1.31,8.04,24.1,10.4,73.0,34.5,0.218,7.1,402.2,349.3,528.1,448.2,79.9,15.13,Moderate (10-25%)
2024-04-14 06:00:00,Shift_1_Morning,UKWA_EXTENSION,21.7932,80.2015,18,20,4,16,1.45,8.17,17.7,1.3,62.2,41.2,0.105,2.9,449.8,564.8,533.3,509.9,23.4,4.39,Normal (<10%)
2024-04-14 14:00:00,Shift_2_Evening,BAL_DEEP_LEVEL_3,21.8064,80.1876,18,18,3,13,0.69,7.54,19.4,0.2,63.0,36.4,0.203,3.4,500.7,466.0,432.5,385.3,47.2,10.91,Moderate (10-25%)
2024-04-14 22:00:00,Shift_3_Night,BAL_DEEP_LEVEL_3,21.8064,80.1876,21,22,3,15,0.73,7.58,19.5,4.7,64.5,37.7,0.203,5.4,467.6,339.1,513.0,437.0,76.0,14.81,Moderate (10-25%)
2024-04-15 06:00:00,Shift_1_Morning,UKWA_EXTENSION,21.7932,80.2015,24,25,2,14,0.15,7.47,21.4,8.1,75.4,33.7,0.213,11.4,500.8,460.7,554.3,460.7,93.6,16.89,Moderate (10-25%)
2024-04-15 14:00:00,Shift_2_Evening,BAL_DEEP_LEVEL_3,21.8064,80.1876,24,24,3,13,0.84,7.51,19.7,2.7,60.2,35.6,0.187,0.8,446.0,428.1,499.8,386.3,113.5,22.71,Moderate (10-25%)
2024-04-15 22:00:00,Shift_3_Night,BAL_NORTH_PIT,21.8121,80.1843,24,25,3,12,0.41,7.43,19.7,7.3,70.6,33.4,0.147,6.7,450.4,536.1,402.4,334.6,67.8,16.85,Moderate (10-25%)
2024-04-16 06:00:00,Shift_1_Morning,BAL_DEEP_LEVEL_3,21.8064,80.1876,23,23,3,15,0.89,7.6,19.1,4.3,61.1,35.8,0.22,6.8,427.0,506.3,401.8,339.8,62.0,15.43,Moderate (10-25%)
2024-04-16 14:00:00,Shift_2_Evening,BAL_SOUTH_PIT,21.8005,80.1901,22,22,4,15,1.41,7.88,19.4,6.3,59.9,34.2,0.229,2.5,441.9,523.5,471.4,412.8,58.6,12.43,Moderate (10-25%)
2024-04-16 22:00:00,Shift_3_Night,UKWA_EXTENSION,21.7932,80.2015,21,24,4,13,0.55,7.58,19.7,11.3,65.5,34.6,0.264,16.8,471.3,465.2,585.2,519.6,65.6,11.21,Moderate (10-25%)
2024-04-17 06:00:00,Shift_1_Morning,BAL_NORTH_PIT,21.8121,80.1843,24,25,4,12,0.45,7.48,20.8,8.8,63.7,35.1,0.206,17.8,389.2,449.6,445.7,379.4,66.3,14.88,Moderate (10-25%)
2024-04-17 14:00:00,Shift_2_Evening,UKWA_EXTENSION,21.7932,80.2015,20,20,4,16,1.39,8.12,20.6,1.9,64.6,38.2,0.188,7.3,412.6,538.6,526.9,467.7,59.2,11.24,Moderate (10-25%)
2024-04-17 22:00:00,Shift_3_Night,BAL_SOUTH_PIT,21.8005,80.1901,19,19,4,15,1.37,7.58,23.3,17.0,56.4,35.7,0.343,14.9,350.5,387.9,444.4,335.3,109.1,24.55,Moderate (10-25%)
2024-04-18 06:00:00,Shift_1_Morning,BAL_SOUTH_PIT,21.8005,80.1901,23,24,3,12,0.0,7.68,22.6,7.2,64.0,37.9,0.236,10.9,441.3,322.6,464.3,371.8,92.5,19.92,Moderate (10-25%)
2024-04-18 14:00:00,Shift_2_Evening,BAL_SOUTH_PIT,21.8005,80.1901,18,19,3,13,0.62,7.57,21.3,7.2,60.6,33.9,0.237,7.7,485.0,567.2,569.6,480.3,89.3,15.68,Moderate (10-25%)
2024-04-18 22:00:00,Shift_3_Night,BAL_DEEP_LEVEL_3,21.8064,80.1876,27,27,2,16,1.16,7.34,18.8,7.9,60.3,31.7,0.274,12.1,389.6,444.2,545.8,411.7,134.1,24.57,Moderate (10-25%)
2024-04-19 06:00:00,Shift_1_Morning,BAL_DEEP_LEVEL_3,21.8064,80.1876,25,26,3,14,0.19,7.99,20.6,6.4,57.2,34.6,0.245,2.4,467.7,519.1,419.1,425.9,0.0,0.0,Normal (<10%)
2024-04-19 14:00:00,Shift_2_Evening,UKWA_EXTENSION,21.7932,80.2015,18,18,4,12,1.18,7.38,22.5,25.5,67.1,30.2,0.341,20.1,426.4,430.8,485.7,414.2,71.5,14.72,Moderate (10-25%)
2024-04-19 22:00:00,Shift_3_Night,UKWA_EXTENSION,21.7932,80.2015,19,20,3,12,0.85,7.95,22.4,4.1,62.1,35.0,0.273,2.7,384.0,446.0,405.8,337.8,68.0,16.76,Moderate (10-25%)
2024-04-20 06:00:00,Shift_1_Morning,BAL_NORTH_PIT,21.8121,80.1843,22,22,4,14,0.42,7.65,21.3,7.2,60.8,38.6,0.186,0.7,543.8,408.0,496.2,447.8,48.4,9.75,Normal (<10%)
2024-04-20 14:00:00,Shift_2_Evening,BAL_NORTH_PIT,21.8121,80.1843,23,24,4,12,1.15,7.56,20.6,13.7,58.3,34.2,0.308,20.8,461.6,515.1,532.5,419.9,112.6,21.15,Moderate (10-25%)
2024-04-20 22:00:00,Shift_3_Night,UKWA_EXTENSION,21.7932,80.2015,19,20,4,16,0.54,7.93,17.8,5.8,62.2,37.2,0.135,7.7,469.9,369.0,423.7,386.2,37.5,8.85,Normal (<10%)
2024-04-21 06:00:00,Shift_1_Morning,BAL_DEEP_LEVEL_3,21.8064,80.1876,23,23,3,14,0.97,7.4,21.4,9.8,59.4,32.8,0.204,21.5,505.2,533.0,457.8,370.5,87.3,19.07,Moderate (10-25%)
2024-04-21 14:00:00,Shift_2_Evening,BAL_SOUTH_PIT,21.8005,80.1901,18,21,3,15,1.58,8.0,19.8,3.1,52.9,35.6,0.128,8.3,502.0,574.9,479.6,419.8,59.8,12.47,Moderate (10-25%)
2024-04-21 22:00:00,Shift_3_Night,UKWA_EXTENSION,21.7932,80.2015,16,17,3,11,0.73,7.88,22.1,9.6,60.6,31.6,0.203,14.2,485.4,576.8,583.9,544.6,39.3,6.73,Normal (<10%)
2024-04-22 06:00:00,Shift_1_Morning,BAL_NORTH_PIT,21.8121,80.1843,17,18,3,12,0.89,7.93,20.8,8.7,58.6,32.3,0.175,4.5,377.7,305.0,598.7,513.2,85.5,14.28,Moderate (10-25%)
2024-04-22 14:00:00,Shift_2_Evening,BAL_DEEP_LEVEL_3,21.8064,80.1876,20,21,3,16,1.05,7.53,19.3,3.1,62.4,34.4,0.195,3.6,368.0,465.5,409.0,350.9,58.1,14.21,Moderate (10-25%)
2024-04-22 22:00:00,Shift_3_Night,UKWA_EXTENSION,21.7932,80.2015,19,20,4,11,1.19,7.62,19.7,8.1,60.2,37.7,0.19,15.3,467.3,405.4,552.2,474.6,77.6,14.05,Moderate (10-25%)
2024-04-23 06:00:00,Shift_1_Morning,UKWA_EXTENSION,21.7932,80.2015,22,23,3,16,0.66,7.56,20.7,2.9,56.0,36.8,0.236,3.7,524.2,475.8,474.3,403.6,70.7,14.91,Moderate (10-25%)
2024-04-23 14:00:00,Shift_2_Evening,BAL_DEEP_LEVEL_3,21.8064,80.1876,23,24,4,14,0.53,7.27,20.7,7.9,59.6,30.0,0.245,10.7,538.3,478.8,478.5,378.1,100.4,20.98,Moderate (10-25%)
2024-04-23 22:00:00,Shift_3_Night,UKWA_EXTENSION,21.7932,80.2015,25,26,3,10,1.09,8.03,20.6,3.6,53.8,35.9,0.154,11.3,576.6,467.8,550.9,503.2,47.7,8.66,Normal (<10%)
2024-04-24 06:00:00,Shift_1_Morning,BAL_DEEP_LEVEL_3,21.8064,80.1876,23,24,3,13,0.69,7.51,18.9,7.9,69.6,35.3,0.231,7.6,582.9,535.5,583.7,508.3,75.4,12.92,Moderate (10-25%)
2024-04-24 14:00:00,Shift_2_Evening,BAL_SOUTH_PIT,21.8005,80.1901,20,21,3,12,1.53,7.54,22.3,0.1,68.4,33.4,0.19,4.8,481.7,574.0,590.2,476.8,113.4,19.21,Moderate (10-25%)
2024-04-24 22:00:00,Shift_3_Night,BAL_DEEP_LEVEL_3,21.8064,80.1876,22,22,4,12,0.51,8.16,18.4,8.3,71.7,38.4,0.262,7.9,442.5,457.7,515.4,473.5,41.9,8.13,Normal (<10%)
2024-04-25 06:00:00,Shift_1_Morning,BAL_DEEP_LEVEL_3,21.8064,80.1876,19,20,3,16,1.13,7.79,22.5,11.6,61.4,32.2,0.212,10.2,497.2,536.1,471.4,406.8,64.6,13.7,Moderate (10-25%)
2024-04-25 14:00:00,Shift_2_Evening,BAL_DEEP_LEVEL_3,21.8064,80.1876,17,17,2,16,1.47,7.44,17.7,3.3,68.3,35.2,0.213,8.7,436.2,513.3,557.5,482.1,75.4,13.52,Moderate (10-25%)
2024-04-25 22:00:00,Shift_3_Night,UKWA_EXTENSION,21.7932,80.2015,26,27,3,16,1.14,8.06,21.1,12.8,67.5,35.8,0.257,4.9,436.5,471.6,450.2,360.1,90.1,20.01,Moderate (10-25%)
2024-04-26 06:00:00,Shift_1_Morning,UKWA_EXTENSION,21.7932,80.2015,24,24,4,15,1.42,7.84,22.5,6.2,60.2,29.6,0.271,9.2,491.3,416.5,512.8,410.9,101.9,19.87,Moderate (10-25%)
2024-04-26 14:00:00,Shift_2_Evening,BAL_DEEP_LEVEL_3,21.8064,80.1876,25,26,3,12,0.52,8.15,20.2,12.8,60.6,36.6,0.168,15.8,447.9,552.0,471.7,433.5,38.2,8.1,Normal (<10%)
2024-04-26 22:00:00,Shift_3_Night,UKWA_EXTENSION,21.7932,80.2015,22,24,3,16,0.98,8.04,19.2,4.1,61.9,37.1,0.197,9.9,498.5,583.4,531.3,461.5,69.8,13.14,Moderate (10-25%)
2024-04-27 06:00:00,Shift_1_Morning,BAL_NORTH_PIT,21.8121,80.1843,22,24,4,16,1.49,8.08,21.8,2.6,63.6,36.1,0.209,5.1,442.9,462.7,448.1,363.2,84.9,18.95,Moderate (10-25%)
2024-04-27 14:00:00,Shift_2_Evening,BAL_NORTH_PIT,21.8121,80.1843,17,19,3,16,1.19,7.44,20.9,4.5,65.0,34.8,0.229,8.4,544.6,390.5,438.3,393.6,44.7,10.2,Moderate (10-25%)
2024-04-27 22:00:00,Shift_3_Night,UKWA_EXTENSION,21.7932,80.2015,24,26,4,14,0.32,7.58,20.0,13.6,65.5,36.6,0.224,19.7,430.4,426.8,583.6,511.6,72.0,12.34,Moderate (10-25%)
2024-04-28 06:00:00,Shift_1_Morning,UKWA_EXTENSION,21.7932,80.2015,17,18,4,10,0.19,7.61,19.0,6.2,61.8,37.1,0.178,2.2,533.1,471.5,420.4,419.8,0.6,0.14,Normal (<10%)
2024-04-28 14:00:00,Shift_2_Evening,BAL_DEEP_LEVEL_3,21.8064,80.1876,21,23,3,13,0.39,7.52,21.9,12.1,73.0,33.2,0.28,11.7,447.3,427.8,501.2,388.6,112.6,22.47,Moderate (10-25%)
2024-04-28 22:00:00,Shift_3_Night,BAL_SOUTH_PIT,21.8005,80.1901,16,19,4,16,1.27,7.52,19.4,4.5,62.6,35.8,0.231,9.5,353.0,379.7,444.2,386.6,57.6,12.97,Moderate (10-25%)
2024-04-29 06:00:00,Shift_1_Morning,UKWA_EXTENSION,21.7932,80.2015,18,20,4,12,0.35,7.53,24.1,19.1,64.9,31.7,0.213,10.9,446.8,321.2,407.8,312.1,95.7,23.47,Moderate (10-25%)
2024-04-29 14:00:00,Shift_2_Evening,BAL_NORTH_PIT,21.8121,80.1843,20,20,3,16,1.05,7.41,20.7,13.2,64.1,32.9,0.252,17.3,413.2,549.7,407.2,343.1,64.1,15.74,Moderate (10-25%)
2024-04-29 22:00:00,Shift_3_Night,BAL_DEEP_LEVEL_3,21.8064,80.1876,21,22,3,12,1.4,7.99,20.0,3.2,61.7,36.0,0.175,9.4,349.1,565.3,435.0,342.8,92.2,21.2,Moderate (10-25%)
2024-04-30 06:00:00,Shift_1_Morning,UKWA_EXTENSION,21.7932,80.2015,18,20,2,10,0.31,7.48,20.4,13.9,59.4,33.4,0.226,9.7,403.1,464.0,573.4,489.5,83.9,14.63,Moderate (10-25%)
2024-04-30 14:00:00,Shift_2_Evening,BAL_NORTH_PIT,21.8121,80.1843,22,22,3,16,0.84,7.54,21.1,2.2,56.8,37.5,0.199,9.2,566.1,371.0,456.5,396.3,60.2,13.19,Moderate (10-25%)
2024-04-30 22:00:00,Shift_3_Night,BAL_NORTH_PIT,21.8121,80.1843,19,21,2,12,0.7,7.6,19.9,3.3,74.5,36.6,0.22,4.7,364.8,522.3,590.1,481.7,108.4,18.37,Moderate (10-25%)
2024-05-01 06:00:00,Shift_1_Morning,BAL_SOUTH_PIT,21.8005,80.1901,24,24,4,13,1.48,7.89,20.2,0.4,53.2,36.6,0.169,0.0,416.4,308.2,516.3,415.8,100.5,19.47,Moderate (10-25%)
2024-05-01 14:00:00,Shift_2_Evening,BAL_DEEP_LEVEL_3,21.8064,80.1876,18,18,3,12,0.64,7.49,21.2,12.3,66.4,37.9,0.247,20.2,463.2,517.8,487.3,402.4,84.9,17.42,Moderate (10-25%)
2024-05-01 22:00:00,Shift_3_Night,BAL_DEEP_LEVEL_3,21.8064,80.1876,22,23,3,13,0.62,7.65,19.0,8.3,65.4,37.6,0.213,11.2,468.5,502.9,516.0,459.3,56.7,10.99,Moderate (10-25%)
2024-05-02 06:00:00,Shift_1_Morning,BAL_SOUTH_PIT,21.8005,80.1901,21,22,4,14,0.85,7.93,19.7,14.6,70.3,36.2,0.218,8.5,445.6,426.3,503.3,428.6,74.7,14.84,Moderate (10-25%)
2024-05-02 14:00:00,Shift_2_Evening,BAL_SOUTH_PIT,21.8005,80.1901,17,19,3,14,0.46,7.42,19.4,5.9,64.7,37.4,0.233,18.8,545.9,431.9,551.8,474.7,77.1,13.97,Moderate (10-25%)
2024-05-02 22:00:00,Shift_3_Night,BAL_DEEP_LEVEL_3,21.8064,80.1876,22,24,3,12,0.0,7.52,20.2,1.2,71.2,38.7,0.193,6.1,505.0,364.6,456.5,395.0,61.5,13.47,Moderate (10-25%)
2024-05-03 06:00:00,Shift_1_Morning,BAL_DEEP_LEVEL_3,21.8064,80.1876,18,19,3,12,0.56,8.08,19.6,3.1,63.9,38.0,0.218,1.5,553.5,431.3,470.6,447.3,23.3,4.95,Normal (<10%)
2024-05-03 14:00:00,Shift_2_Evening,UKWA_EXTENSION,21.7932,80.2015,21,22,4,12,0.75,7.5,25.0,0.2,70.2,37.1,0.245,5.7,577.5,466.5,578.8,458.0,120.8,20.87,Moderate (10-25%)
2024-05-03 22:00:00,Shift_3_Night,UKWA_EXTENSION,21.7932,80.2015,18,20,3,12,1.21,8.13,21.0,5.3,66.9,38.4,0.179,9.7,435.2,475.5,589.3,498.1,91.2,15.48,Moderate (10-25%)
2024-05-04 06:00:00,Shift_1_Morning,BAL_SOUTH_PIT,21.8005,80.1901,19,20,2,14,1.16,7.59,19.2,7.7,71.7,36.8,0.268,9.7,410.8,453.8,578.5,480.9,97.6,16.87,Moderate (10-25%)
2024-05-04 14:00:00,Shift_2_Evening,UKWA_EXTENSION,21.7932,80.2015,22,24,3,16,0.47,7.58,18.9,5.8,64.4,37.8,0.254,3.1,350.8,411.3,483.9,405.1,78.8,16.28,Moderate (10-25%)
2024-05-04 22:00:00,Shift_3_Night,BAL_NORTH_PIT,21.8121,80.1843,22,22,4,15,1.51,7.56,19.2,3.9,63.7,37.3,0.181,0.4,509.4,492.4,556.1,450.1,106.0,19.06,Moderate (10-25%)
2024-05-05 06:00:00,Shift_1_Morning,UKWA_EXTENSION,21.7932,80.2015,23,23,4,12,0.46,8.23,21.0,5.0,61.6,40.1,0.245,6.4,389.7,418.5,495.3,467.9,27.4,5.53,Normal (<10%)
2024-05-05 14:00:00,Shift_2_Evening,UKWA_EXTENSION,21.7932,80.2015,23,24,3,13,1.28,7.98,20.9,13.5,65.8,34.3,0.255,14.6,492.0,533.5,499.5,453.6,45.9,9.19,Normal (<10%)
2024-05-05 22:00:00,Shift_3_Night,BAL_NORTH_PIT,21.8121,80.1843,23,26,3,13,0.21,7.8,21.0,19.5,67.8,32.7,0.297,21.0,553.0,434.1,440.9,406.6,34.3,7.78,Normal (<10%)
2024-05-06 06:00:00,Shift_1_Morning,BAL_SOUTH_PIT,21.8005,80.1901,24,24,3,16,0.69,7.66,22.2,10.5,53.4,41.2,0.209,15.1,529.6,473.6,518.2,444.7,73.5,14.18,Moderate (10-25%)
2024-05-06 14:00:00,Shift_2_Evening,BAL_NORTH_PIT,21.8121,80.1843,18,19,4,16,0.13,7.45,19.8,3.7,61.5,39.5,0.194,0.0,411.6,377.3,437.2,366.6,70.6,16.15,Moderate (10-25%)
2024-05-06 22:00:00,Shift_3_Night,UKWA_EXTENSION,21.7932,80.2015,17,19,4,12,0.65,8.01,20.8,13.5,69.6,34.7,0.252,5.4,577.0,431.4,466.3,437.8,28.5,6.11,Normal (<10%)
2024-05-07 06:00:00,Shift_1_Morning,BAL_SOUTH_PIT,21.8005,80.1901,25,26,1,12,0.45,8.13,20.7,1.2,55.5,38.5,0.218,5.4,444.0,391.9,571.0,544.8,26.2,4.59,Normal (<10%)
2024-05-07 14:00:00,Shift_2_Evening,UKWA_EXTENSION,21.7932,80.2015,17,18,3,14,1.02,7.34,20.4,0.8,55.3,36.0,0.118,5.8,504.5,422.5,441.4,378.2,63.2,14.32,Moderate (10-25%)
2024-05-07 22:00:00,Shift_3_Night,BAL_NORTH_PIT,21.8121,80.1843,23,24,4,9,0.55,7.37,21.6,16.7,72.7,34.0,0.309,16.3,404.2,390.1,414.2,335.2,79.0,19.07,Moderate (10-25%)
2024-05-08 06:00:00,Shift_1_Morning,BAL_NORTH_PIT,21.8121,80.1843,17,19,2,16,0.98,7.34,23.1,16.6,73.6,32.2,0.354,18.7,480.7,389.6,413.8,337.4,76.4,18.46,Moderate (10-25%)
2024-05-08 14:00:00,Shift_2_Evening,UKWA_EXTENSION,21.7932,80.2015,22,25,3,16,0.97,7.42,22.4,9.5,61.1,36.6,0.237,9.5,483.3,570.2,588.2,497.2,91.0,15.47,Moderate (10-25%)
2024-05-08 22:00:00,Shift_3_Night,BAL_DEEP_LEVEL_3,21.8064,80.1876,16,17,3,12,1.48,8.04,20.2,4.3,65.1,37.9,0.227,14.5,368.5,283.9,501.4,448.7,52.7,10.51,Moderate (10-25%)
2024-05-09 06:00:00,Shift_1_Morning,BAL_DEEP_LEVEL_3,21.8064,80.1876,17,18,3,10,0.43,7.55,19.1,2.3,62.4,36.1,0.209,2.1,452.6,493.8,481.9,378.8,103.1,21.39,Moderate (10-25%)
2024-05-09 14:00:00,Shift_2_Evening,BAL_NORTH_PIT,21.8121,80.1843,18,19,3,15,0.88,7.53,20.6,3.6,67.9,37.9,0.202,2.3,525.9,496.2,562.2,491.2,71.0,12.63,Moderate (10-25%)
2024-05-09 22:00:00,Shift_3_Night,BAL_NORTH_PIT,21.8121,80.1843,20,20,4,16,0.0,7.36,20.2,7.0,59.8,33.8,0.16,7.0,530.9,359.3,567.2,509.3,57.9,10.21,Moderate (10-25%)
2024-05-10 06:00:00,Shift_1_Morning,BAL_DEEP_LEVEL_3,21.8064,80.1876,25,25,2,14,0.91,7.27,21.3,4.6,60.2,33.5,0.152,4.7,380.4,421.3,466.4,385.6,80.8,17.32,Moderate (10-25%)
2024-05-10 14:00:00,Shift_2_Evening,BAL_DEEP_LEVEL_3,21.8064,80.1876,24,25,3,16,0.46,7.51,18.8,6.2,69.1,36.9,0.155,13.4,471.1,371.8,538.7,457.3,81.4,15.11,Moderate (10-25%)
2024-05-10 22:00:00,Shift_3_Night,UKWA_EXTENSION,21.7932,80.2015,19,19,3,12,0.15,7.45,19.8,4.3,56.0,38.4,0.133,0.0,398.9,458.0,554.2,478.9,75.3,13.59,Moderate (10-25%)
2024-05-11 06:00:00,Shift_1_Morning,UKWA_EXTENSION,21.7932,80.2015,22,24,3,12,1.71,7.55,23.1,14.0,63.2,36.5,0.298,14.6,401.3,494.8,530.9,421.8,109.1,20.55,Moderate (10-25%)
2024-05-11 14:00:00,Shift_2_Evening,BAL_DEEP_LEVEL_3,21.8064,80.1876,23,24,4,12,0.28,8.07,20.5,7.4,63.0,37.9,0.162,10.9,510.4,528.9,430.3,424.1,6.2,1.44,Normal (<10%)
2024-05-11 22:00:00,Shift_3_Night,UKWA_EXTENSION,21.7932,80.2015,18,20,3,14,0.93,8.01,21.5,15.5,73.7,38.0,0.294,19.9,552.7,564.9,575.2,535.0,40.2,6.99,Normal (<10%)
2024-05-12 06:00:00,Shift_1_Morning,UKWA_EXTENSION,21.7932,80.2015,26,26,4,14,1.53,8.08,21.7,6.6,58.0,37.0,0.222,10.1,463.3,442.6,507.8,446.2,61.6,12.13,Moderate (10-25%)
2024-05-12 14:00:00,Shift_2_Evening,BAL_SOUTH_PIT,21.8005,80.1901,18,19,3,11,0.53,7.52,21.4,9.4,61.5,37.1,0.246,10.7,320.1,305.5,456.5,363.5,93.0,20.37,Moderate (10-25%)
2024-05-12 22:00:00,Shift_3_Night,UKWA_EXTENSION,21.7932,80.2015,23,25,4,14,0.38,8.05,20.5,6.1,65.8,38.7,0.215,9.3,495.3,454.0,485.0,468.3,16.7,3.44,Normal (<10%)
2024-05-13 06:00:00,Shift_1_Morning,BAL_NORTH_PIT,21.8121,80.1843,21,21,1,16,0.77,7.43,21.0,10.9,67.5,35.8,0.172,9.2,482.9,404.0,407.5,360.2,47.3,11.61,Moderate (10-25%)
2024-05-13 14:00:00,Shift_2_Evening,UKWA_EXTENSION,21.7932,80.2015,23,24,3,15,0.69,7.48,21.6,9.5,66.1,34.9,0.302,14.0,333.7,287.2,425.6,347.0,78.6,18.47,Moderate (10-25%)
2024-05-13 22:00:00,Shift_3_Night,UKWA_EXTENSION,21.7932,80.2015,19,20,3,15,0.67,7.52,19.5,4.5,63.0,36.1,0.247,4.5,492.0,406.6,553.1,485.7,67.4,12.19,Moderate (10-25%)
2024-05-14 06:00:00,Shift_1_Morning,BAL_DEEP_LEVEL_3,21.8064,80.1876,19,19,3,12,1.94,7.58,21.1,15.5,67.0,37.5,0.303,10.6,391.2,534.9,400.0,318.9,81.1,20.27,Moderate (10-25%)
2024-05-14 14:00:00,Shift_2_Evening,BAL_NORTH_PIT,21.8121,80.1843,20,20,4,14,1.57,7.96,19.4,1.8,53.7,38.8,0.151,10.0,534.4,506.3,483.3,421.1,62.2,12.87,Moderate (10-25%)
2024-05-14 22:00:00,Shift_3_Night,UKWA_EXTENSION,21.7932,80.2015,19,20,3,16,0.26,7.55,19.0,14.5,65.1,36.9,0.229,11.7,510.4,389.8,504.5,427.3,77.2,15.3,Moderate (10-25%)
2024-05-15 06:00:00,Shift_1_Morning,UKWA_EXTENSION,21.7932,80.2015,25,27,3,11,0.39,7.47,21.0,1.1,70.0,35.2,0.245,1.6,404.3,420.2,410.9,360.6,50.3,12.24,Moderate (10-25%)
2024-05-15 14:00:00,Shift_2_Evening,BAL_SOUTH_PIT,21.8005,80.1901,20,21,3,12,0.2,7.99,20.3,8.6,57.1,36.8,0.208,11.0,490.8,345.2,594.6,569.0,25.6,4.31,Normal (<10%)
2024-05-15 22:00:00,Shift_3_Night,UKWA_EXTENSION,21.7932,80.2015,19,20,3,16,0.37,8.08,20.7,7.5,60.4,39.9,0.217,5.5,383.4,515.7,445.2,409.5,35.7,8.02,Normal (<10%)
2024-05-16 06:00:00,Shift_1_Morning,UKWA_EXTENSION,21.7932,80.2015,24,25,4,16,0.71,7.8,18.9,6.8,60.7,33.2,0.164,4.4,416.3,573.3,460.8,413.4,47.4,10.29,Moderate (10-25%)
2024-05-16 14:00:00,Shift_2_Evening,BAL_SOUTH_PIT,21.8005,80.1901,25,26,4,15,0.75,7.37,21.2,4.6,61.8,34.7,0.217,4.3,338.7,421.8,460.8,375.4,85.4,18.53,Moderate (10-25%)
2024-05-16 22:00:00,Shift_3_Night,BAL_DEEP_LEVEL_3,21.8064,80.1876,19,20,4,13,1.81,7.85,22.0,7.5,73.7,34.2,0.263,14.2,513.6,362.4,446.1,390.8,55.3,12.4,Moderate (10-25%)
2024-05-17 06:00:00,Shift_1_Morning,UKWA_EXTENSION,21.7932,80.2015,26,27,4,16,1.15,7.27,20.9,5.8,58.1,35.2,0.19,5.7,446.6,370.3,400.3,326.9,73.4,18.34,Moderate (10-25%)
2024-05-17 14:00:00,Shift_2_Evening,BAL_SOUTH_PIT,21.8005,80.1901,20,20,4,16,0.49,7.43,18.5,10.1,58.9,34.9,0.22,8.6,555.9,517.8,545.9,476.0,69.9,12.8,Moderate (10-25%)
2024-05-17 22:00:00,Shift_3_Night,BAL_NORTH_PIT,21.8121,80.1843,25,25,3,12,1.0,8.07,21.3,5.7,65.8,39.2,0.191,14.0,559.5,523.0,593.4,543.3,50.1,8.44,Normal (<10%)
2024-05-18 06:00:00,Shift_1_Morning,BAL_DEEP_LEVEL_3,21.8064,80.1876,17,19,4,14,1.25,7.97,20.3,6.8,59.0,38.9,0.158,7.4,470.6,488.8,444.9,368.6,76.3,17.15,Moderate (10-25%)
2024-05-18 14:00:00,Shift_2_Evening,BAL_NORTH_PIT,21.8121,80.1843,23,25,2,11,0.36,8.02,18.9,4.1,66.7,35.7,0.194,7.9,538.2,479.7,532.6,495.5,37.1,6.97,Normal (<10%)
2024-05-18 22:00:00,Shift_3_Night,BAL_NORTH_PIT,21.8121,80.1843,19,22,2,12,0.83,7.61,19.8,0.7,60.0,38.1,0.184,6.0,479.6,441.0,548.4,444.1,104.3,19.02,Moderate (10-25%)
2024-05-19 06:00:00,Shift_1_Morning,BAL_SOUTH_PIT,21.8005,80.1901,21,23,4,12,0.98,7.63,21.3,6.6,65.7,38.8,0.233,9.3,466.7,573.2,569.7,476.7,93.0,16.32,Moderate (10-25%)
2024-05-19 14:00:00,Shift_2_Evening,UKWA_EXTENSION,21.7932,80.2015,22,24,3,16,0.21,7.49,17.2,7.3,55.6,38.3,0.175,6.4,495.6,418.4,484.5,406.1,78.4,16.18,Moderate (10-25%)
2024-05-19 22:00:00,Shift_3_Night,BAL_SOUTH_PIT,21.8005,80.1901,25,25,4,16,0.71,7.64,20.3,7.0,66.3,38.9,0.205,8.1,424.3,540.1,460.6,362.3,98.3,21.34,Moderate (10-25%)
2024-05-20 06:00:00,Shift_1_Morning,BAL_SOUTH_PIT,21.8005,80.1901,25,25,4,15,0.18,7.51,20.7,4.9,64.2,38.6,0.186,8.6,446.6,450.9,465.1,420.1,45.0,9.68,Normal (<10%)
2024-05-20 14:00:00,Shift_2_Evening,BAL_SOUTH_PIT,21.8005,80.1901,19,21,2,16,1.01,7.42,21.5,10.5,63.8,32.8,0.254,8.8,521.7,456.6,542.5,432.3,110.2,20.31,Moderate (10-25%)
2024-05-20 22:00:00,Shift_3_Night,BAL_SOUTH_PIT,21.8005,80.1901,24,24,4,16,0.49,7.94,20.5,5.2,56.7,37.1,0.226,11.1,445.8,414.0,563.4,499.9,63.5,11.27,Moderate (10-25%)
2024-05-21 06:00:00,Shift_1_Morning,BAL_DEEP_LEVEL_3,21.8064,80.1876,20,20,3,11,0.43,7.35,19.3,4.2,63.8,31.5,0.242,8.5,435.9,478.2,436.3,358.5,77.8,17.83,Moderate (10-25%)
2024-05-21 14:00:00,Shift_2_Evening,UKWA_EXTENSION,21.7932,80.2015,16,18,3,14,0.52,7.91,20.0,15.6,69.5,35.6,0.281,15.2,545.5,444.3,474.2,442.8,31.4,6.62,Normal (<10%)
2024-05-21 22:00:00,Shift_3_Night,BAL_NORTH_PIT,21.8121,80.1843,19,20,4,13,0.12,7.96,21.1,5.2,61.0,37.9,0.276,7.5,433.3,525.3,580.4,559.0,21.4,3.69,Normal (<10%)
2024-05-22 06:00:00,Shift_1_Morning,BAL_NORTH_PIT,21.8121,80.1843,26,26,4,14,0.18,8.08,20.0,6.5,62.0,37.4,0.259,8.6,448.6,461.3,561.3,535.7,25.6,4.56,Normal (<10%)
2024-05-22 14:00:00,Shift_2_Evening,UKWA_EXTENSION,21.7932,80.2015,21,22,3,16,0.12,8.17,19.6,2.5,66.5,37.1,0.238,4.0,491.6,582.7,597.0,587.0,10.0,1.68,Normal (<10%)
2024-05-22 22:00:00,Shift_3_Night,BAL_NORTH_PIT,21.8121,80.1843,27,27,3,11,0.35,7.86,21.8,13.6,74.0,33.4,0.248,12.6,398.1,555.1,550.8,451.2,99.6,18.08,Moderate (10-25%)
2024-05-23 06:00:00,Shift_1_Morning,UKWA_EXTENSION,21.7932,80.2015,24,25,2,12,0.35,7.54,19.0,2.7,66.7,39.3,0.15,0.0,399.2,410.1,478.6,399.7,78.9,16.49,Moderate (10-25%)
2024-05-23 14:00:00,Shift_2_Evening,BAL_NORTH_PIT,21.8121,80.1843,16,17,4,14,0.27,7.4,18.1,6.3,64.5,35.9,0.21,7.6,444.1,522.0,518.1,461.9,56.2,10.85,Moderate (10-25%)
2024-05-23 22:00:00,Shift_3_Night,BAL_SOUTH_PIT,21.8005,80.1901,19,20,4,14,1.07,7.55,23.2,20.3,65.7,38.0,0.267,21.8,512.1,553.5,532.2,459.6,72.6,13.64,Moderate (10-25%)
2024-05-24 06:00:00,Shift_1_Morning,BAL_NORTH_PIT,21.8121,80.1843,19,19,3,16,0.68,7.49,20.1,9.3,63.4,36.2,0.272,18.3,494.1,404.7,415.7,358.3,57.4,13.81,Moderate (10-25%)
2024-05-24 14:00:00,Shift_2_Evening,UKWA_EXTENSION,21.7932,80.2015,18,19,4,16,1.48,7.82,20.8,7.3,56.7,36.9,0.201,7.4,414.1,342.7,508.9,461.0,47.9,9.41,Normal (<10%)
2024-05-24 22:00:00,Shift_3_Night,UKWA_EXTENSION,21.7932,80.2015,16,17,3,14,0.23,8.09,19.9,5.1,63.5,35.6,0.227,8.6,526.1,601.2,541.9,507.9,34.0,6.27,Normal (<10%)
2024-05-25 06:00:00,Shift_1_Morning,UKWA_EXTENSION,21.7932,80.2015,22,24,4,16,1.46,7.94,21.2,8.0,69.0,34.9,0.24,1.6,534.8,532.3,433.5,373.8,59.7,13.77,Moderate (10-25%)
2024-05-25 14:00:00,Shift_2_Evening,UKWA_EXTENSION,21.7932,80.2015,19,20,4,17,0.27,7.45,20.6,8.4,65.2,33.9,0.243,13.1,444.4,586.8,556.1,488.3,67.8,12.19,Moderate (10-25%)
2024-05-25 22:00:00,Shift_3_Night,UKWA_EXTENSION,21.7932,80.2015,21,22,3,14,0.49,7.39,19.7,2.9,58.1,37.5,0.157,1.5,432.9,285.1,516.8,454.4,62.4,12.07,Moderate (10-25%)
2024-05-26 06:00:00,Shift_1_Morning,BAL_DEEP_LEVEL_3,21.8064,80.1876,16,18,3,16,1.29,7.43,20.9,8.6,60.3,34.4,0.241,14.0,574.9,532.8,590.4,517.2,73.2,12.4,Moderate (10-25%)
2024-05-26 14:00:00,Shift_2_Evening,BAL_DEEP_LEVEL_3,21.8064,80.1876,23,24,3,12,0.41,7.54,18.6,1.4,62.0,39.5,0.174,0.0,354.8,386.9,408.5,318.0,90.5,22.15,Moderate (10-25%)
2024-05-26 22:00:00,Shift_3_Night,BAL_NORTH_PIT,21.8121,80.1843,18,18,4,12,1.23,7.98,18.5,9.9,58.6,37.1,0.281,3.7,502.2,401.3,453.1,409.0,44.1,9.73,Normal (<10%)
2024-05-27 06:00:00,Shift_1_Morning,UKWA_EXTENSION,21.7932,80.2015,24,25,3,14,0.21,8.03,20.9,3.2,56.7,38.9,0.181,9.2,495.9,585.8,520.3,509.8,10.5,2.02,Normal (<10%)
2024-05-27 14:00:00,Shift_2_Evening,BAL_NORTH_PIT,21.8121,80.1843,17,18,4,16,1.21,7.54,19.2,2.8,68.7,38.2,0.167,10.3,457.5,428.9,459.3,399.5,59.8,13.02,Moderate (10-25%)
2024-05-27 22:00:00,Shift_3_Night,UKWA_EXTENSION,21.7932,80.2015,23,26,4,14,1.23,7.63,21.7,9.2,59.5,37.2,0.286,17.9,484.5,450.4,542.9,455.5,87.4,16.1,Moderate (10-25%)
2024-05-28 06:00:00,Shift_1_Morning,UKWA_EXTENSION,21.7932,80.2015,26,27,4,16,1.2,7.97,22.5,6.1,58.5,37.7,0.174,7.1,517.7,478.5,551.8,482.1,69.7,12.63,Moderate (10-25%)
2024-05-28 14:00:00,Shift_2_Evening,BAL_DEEP_LEVEL_3,21.8064,80.1876,22,22,3,10,0.46,7.85,20.0,10.4,66.2,33.4,0.266,10.4,508.8,395.4,420.5,330.1,90.4,21.5,Moderate (10-25%)
2024-05-28 22:00:00,Shift_3_Night,BAL_DEEP_LEVEL_3,21.8064,80.1876,25,25,3,16,1.72,8.11,20.2,4.5,61.4,39.5,0.239,5.5,461.0,488.8,502.8,478.6,24.2,4.81,Normal (<10%)
2024-05-29 06:00:00,Shift_1_Morning,BAL_SOUTH_PIT,21.8005,80.1901,24,26,4,10,0.57,7.97,20.1,1.8,61.7,39.2,0.149,3.5,446.9,499.5,501.8,471.0,30.8,6.14,Normal (<10%)
2024-05-29 14:00:00,Shift_2_Evening,BAL_DEEP_LEVEL_3,21.8064,80.1876,27,27,4,16,0.94,7.61,19.2,1.9,65.8,39.0,0.16,5.5,440.0,516.8,473.9,398.6,75.3,15.89,Moderate (10-25%)
2024-05-29 22:00:00,Shift_3_Night,BAL_SOUTH_PIT,21.8005,80.1901,18,18,4,12,0.16,8.04,18.5,9.0,54.5,39.8,0.205,7.1,468.6,365.5,586.6,541.0,45.6,7.77,Normal (<10%)
2024-05-30 06:00:00,Shift_1_Morning,BAL_SOUTH_PIT,21.8005,80.1901,17,18,3,12,0.52,7.99,21.0,5.9,67.4,36.8,0.257,11.0,528.3,588.2,565.5,522.1,43.4,7.67,Normal (<10%)
2024-05-30 14:00:00,Shift_2_Evening,BAL_SOUTH_PIT,21.8005,80.1901,21,23,3,16,0.97,8.03,21.5,16.4,64.8,36.3,0.337,20.5,468.2,576.8,539.4,485.0,54.4,10.09,Moderate (10-25%)
2024-05-30 22:00:00,Shift_3_Night,BAL_SOUTH_PIT,21.8005,80.1901,19,21,3,14,0.7,8.2,22.8,29.8,67.8,35.1,0.286,31.8,447.9,443.8,542.9,446.9,96.0,17.68,Moderate (10-25%)
2024-05-31 06:00:00,Shift_1_Morning,BAL_SOUTH_PIT,21.8005,80.1901,20,21,4,16,0.46,7.71,22.0,6.0,73.6,38.7,0.266,3.4,416.6,543.3,492.3,403.1,89.2,18.12,Moderate (10-25%)
2024-05-31 14:00:00,Shift_2_Evening,BAL_NORTH_PIT,21.8121,80.1843,17,18,3,14,0.69,7.51,20.4,2.2,56.0,36.7,0.206,1.2,384.5,417.3,584.2,498.2,86.0,14.72,Moderate (10-25%)
2024-05-31 22:00:00,Shift_3_Night,BAL_DEEP_LEVEL_3,21.8064,80.1876,22,24,4,12,1.06,7.52,18.9,5.5,66.3,38.8,0.266,10.7,431.3,535.5,538.9,443.9,95.0,17.63,Moderate (10-25%)
2024-06-01 06:00:00,Shift_1_Morning,BAL_SOUTH_PIT,21.8005,80.1901,22,23,3,14,0.89,7.61,20.4,11.0,69.6,38.5,0.248,7.8,411.9,447.2,545.8,420.4,125.4,22.98,Moderate (10-25%)
2024-06-01 14:00:00,Shift_2_Evening,UKWA_EXTENSION,21.7932,80.2015,22,23,2,12,0.37,7.42,21.1,33.3,67.5,33.5,0.366,30.2,549.4,519.9,572.3,469.8,102.5,17.91,Moderate (10-25%)
2024-06-01 22:00:00,Shift_3_Night,BAL_DEEP_LEVEL_3,21.8064,80.1876,24,24,3,13,0.25,7.53,20.1,3.3,59.2,38.7,0.22,1.2,396.0,519.3,454.8,394.7,60.1,13.21,Moderate (10-25%)
2024-06-02 06:00:00,Shift_1_Morning,BAL_DEEP_LEVEL_3,21.8064,80.1876,19,19,3,14,2.32,8.0,23.0,33.9,69.9,33.2,0.367,23.9,606.6,610.3,561.4,446.4,115.0,20.48,Moderate (10-25%)
2024-06-02 14:00:00,Shift_2_Evening,BAL_SOUTH_PIT,21.8005,80.1901,24,26,3,12,0.4,8.03,22.0,34.4,67.9,32.5,0.364,33.5,387.0,559.7,439.0,406.8,32.2,7.33,Normal (<10%)
2024-06-02 22:00:00,Shift_3_Night,BAL_NORTH_PIT,21.8121,80.1843,17,18,3,12,0.45,7.92,21.1,27.1,70.1,31.0,0.374,17.4,332.2,374.1,469.1,406.0,63.1,13.45,Moderate (10-25%)
2024-06-03 06:00:00,Shift_1_Morning,BAL_SOUTH_PIT,21.8005,80.1901,20,23,4,14,2.47,7.84,34.8,100.0,98.0,16.5,0.833,79.7,529.0,526.6,467.1,370.2,96.9,20.75,Moderate (10-25%)
2024-06-03 14:00:00,Shift_2_Evening,BAL_NORTH_PIT,21.8121,80.1843,18,20,4,16,1.31,7.29,28.0,63.9,78.4,25.7,0.498,45.6,459.0,499.3,595.7,439.1,156.6,26.29,Critical (>25%)
2024-06-03 22:00:00,Shift_3_Night,UKWA_EXTENSION,21.7932,80.2015,19,19,4,16,1.47,7.89,20.0,13.5,69.6,34.2,0.272,10.6,367.5,458.0,571.3,459.2,112.1,19.62,Moderate (10-25%)
2024-06-04 06:00:00,Shift_1_Morning,BAL_DEEP_LEVEL_3,21.8064,80.1876,24,26,4,14,0.54,7.45,21.9,17.1,74.2,35.1,0.287,14.5,574.3,567.4,540.2,445.9,94.3,17.46,Moderate (10-25%)
2024-06-04 14:00:00,Shift_2_Evening,UKWA_EXTENSION,21.7932,80.2015,23,24,4,16,1.45,7.97,22.6,21.6,68.7,37.8,0.254,19.0,567.4,540.4,545.4,500.0,45.4,8.32,Normal (<10%)
2024-06-04 22:00:00,Shift_3_Night,BAL_NORTH_PIT,21.8121,80.1843,25,27,4,12,1.8,8.19,24.2,27.3,72.6,39.0,0.333,17.4,383.2,468.1,512.4,404.3,108.1,21.1,Moderate (10-25%)
2024-06-05 06:00:00,Shift_1_Morning,BAL_NORTH_PIT,21.8121,80.1843,22,26,3,15,0.73,8.11,28.1,69.1,79.2,29.8,0.495,43.1,502.1,484.8,589.4,504.4,85.0,14.42,Moderate (10-25%)
2024-06-05 14:00:00,Shift_2_Evening,UKWA_EXTENSION,21.7932,80.2015,25,27,3,16,1.08,7.4,22.4,23.4,53.2,35.1,0.226,21.6,402.8,416.2,499.3,375.5,123.8,24.79,Moderate (10-25%)
2024-06-05 22:00:00,Shift_3_Night,BAL_NORTH_PIT,21.8121,80.1843,18,20,3,11,1.45,8.03,22.0,35.0,75.3,34.3,0.448,35.8,505.4,387.1,476.1,398.2,77.9,16.36,Moderate (10-25%)
2024-06-06 06:00:00,Shift_1_Morning,UKWA_EXTENSION,21.7932,80.2015,20,22,4,12,1.54,7.46,27.3,57.6,83.1,29.2,0.527,45.6,508.6,479.1,432.6,323.4,109.2,25.24,Critical (>25%)
2024-06-06 14:00:00,Shift_2_Evening,BAL_DEEP_LEVEL_3,21.8064,80.1876,23,24,4,15,0.32,7.47,27.8,53.4,78.0,31.0,0.528,34.9,439.4,370.2,557.2,426.1,131.1,23.53,Moderate (10-25%)
2024-06-06 22:00:00,Shift_3_Night,UKWA_EXTENSION,21.7932,80.2015,25,26,2,12,0.02,8.02,21.2,10.6,69.2,37.6,0.24,12.4,356.8,512.1,546.9,486.0,60.9,11.14,Moderate (10-25%)
2024-06-07 06:00:00,Shift_1_Morning,BAL_DEEP_LEVEL_3,21.8064,80.1876,23,26,3,12,0.64,7.56,26.7,52.2,74.3,31.8,0.469,40.2,416.8,508.7,476.9,361.5,115.4,24.2,Moderate (10-25%)
2024-06-07 14:00:00,Shift_2_Evening,UKWA_EXTENSION,21.7932,80.2015,16,17,4,16,0.72,7.47,23.6,36.6,76.5,31.0,0.435,32.2,480.6,474.0,405.0,322.9,82.1,20.27,Moderate (10-25%)
2024-06-07 22:00:00,Shift_3_Night,BAL_NORTH_PIT,21.8121,80.1843,15,17,4,17,0.08,8.11,24.2,18.0,74.3,37.7,0.291,21.8,351.0,442.2,567.8,474.4,93.4,16.45,Moderate (10-25%)
2024-06-08 06:00:00,Shift_1_Morning,UKWA_EXTENSION,21.7932,80.2015,18,18,2,13,0.75,7.89,18.9,3.8,65.7,33.7,0.205,7.4,527.5,508.0,402.3,345.0,57.3,14.24,Moderate (10-25%)
2024-06-08 14:00:00,Shift_2_Evening,BAL_NORTH_PIT,21.8121,80.1843,25,25,3,14,0.0,8.0,19.9,24.6,76.0,34.9,0.379,25.3,567.7,469.3,540.7,501.6,39.1,7.23,Normal (<10%)
2024-06-08 22:00:00,Shift_3_Night,UKWA_EXTENSION,21.7932,80.2015,19,21,4,12,0.71,8.26,21.1,23.4,76.3,35.7,0.334,24.2,453.4,502.9,594.1,520.1,74.0,12.46,Moderate (10-25%)
2024-06-09 06:00:00,Shift_1_Morning,UKWA_EXTENSION,21.7932,80.2015,24,24,4,14,0.39,8.02,19.4,21.7,63.2,35.7,0.343,21.4,586.1,475.6,487.5,459.1,28.4,5.83,Normal (<10%)
2024-06-09 14:00:00,Shift_2_Evening,BAL_SOUTH_PIT,21.8005,80.1901,22,24,4,12,0.6,8.14,22.2,41.3,76.6,33.7,0.399,38.2,524.3,555.6,447.0,388.2,58.8,13.15,Moderate (10-25%)
2024-06-09 22:00:00,Shift_3_Night,BAL_NORTH_PIT,21.8121,80.1843,19,20,3,12,2.07,7.51,32.1,83.4,83.3,27.7,0.67,61.5,460.6,559.8,541.0,357.9,183.1,33.84,Critical (>25%)
2024-06-10 06:00:00,Shift_1_Morning,BAL_SOUTH_PIT,21.8005,80.1901,23,25,3,16,0.65,8.06,19.2,15.4,59.7,37.9,0.176,10.4,468.9,463.2,563.4,546.9,16.5,2.93,Normal (<10%)
2024-06-10 14:00:00,Shift_2_Evening,BAL_NORTH_PIT,21.8121,80.1843,17,18,3,13,1.56,7.99,19.6,4.9,63.1,37.3,0.227,0.0,479.7,550.9,509.3,441.8,67.5,13.25,Moderate (10-25%)
2024-06-10 22:00:00,Shift_3_Night,BAL_SOUTH_PIT,21.8005,80.1901,16,18,3,12,2.38,7.48,26.3,65.4,89.6,28.5,0.546,46.4,516.1,526.5,593.4,389.3,204.1,34.4,Critical (>25%)
2024-06-11 06:00:00,Shift_1_Morning,BAL_DEEP_LEVEL_3,21.8064,80.1876,27,27,3,14,0.9,7.92,19.4,8.1,61.7,35.1,0.269,13.7,378.7,400.3,410.3,372.2,38.1,9.29,Normal (<10%)
2024-06-11 14:00:00,Shift_2_Evening,UKWA_EXTENSION,21.7932,80.2015,21,26,4,12,2.95,7.54,35.0,100.0,86.1,20.2,0.836,86.1,491.5,442.8,501.0,342.3,158.7,31.68,Critical (>25%)
2024-06-11 22:00:00,Shift_3_Night,BAL_NORTH_PIT,21.8121,80.1843,16,17,4,12,0.42,7.91,24.5,55.1,70.9,29.8,0.5,37.7,392.2,367.7,543.7,446.7,97.0,17.84,Moderate (10-25%)
2024-06-12 06:00:00,Shift_1_Morning,BAL_NORTH_PIT,21.8121,80.1843,23,24,3,14,1.44,8.07,22.0,14.9,66.5,37.4,0.252,17.3,578.4,413.4,572.5,500.7,71.8,12.54,Moderate (10-25%)
2024-06-12 14:00:00,Shift_2_Evening,UKWA_EXTENSION,21.7932,80.2015,24,24,3,15,0.0,7.61,21.6,22.9,65.0,35.5,0.321,19.9,378.0,464.8,435.9,382.1,53.8,12.34,Moderate (10-25%)
2024-06-12 22:00:00,Shift_3_Night,BAL_NORTH_PIT,21.8121,80.1843,20,21,3,14,0.33,8.04,25.0,7.7,54.3,37.7,0.233,6.8,578.9,574.1,560.0,523.0,37.0,6.61,Normal (<10%)
2024-06-13 06:00:00,Shift_1_Morning,BAL_NORTH_PIT,21.8121,80.1843,21,24,3,16,0.07,7.47,22.2,17.1,58.7,36.1,0.251,19.0,554.1,416.2,510.5,408.3,102.2,20.02,Moderate (10-25%)
2024-06-13 14:00:00,Shift_2_Evening,BAL_SOUTH_PIT,21.8005,80.1901,19,20,4,11,0.43,8.05,19.0,7.5,62.9,37.5,0.169,6.8,544.3,421.4,479.3,423.8,55.5,11.58,Moderate (10-25%)
2024-06-13 22:00:00,Shift_3_Night,BAL_NORTH_PIT,21.8121,80.1843,18,20,4,14,1.46,7.97,26.1,49.8,81.2,29.5,0.498,40.7,424.3,367.0,426.3,313.7,112.6,26.41,Critical (>25%)
2024-06-14 06:00:00,Shift_1_Morning,BAL_DEEP_LEVEL_3,21.8064,80.1876,23,24,3,11,0.75,7.59,20.0,11.0,63.5,37.2,0.268,11.5,446.8,512.5,573.1,474.6,98.5,17.19,Moderate (10-25%)
2024-06-14 14:00:00,Shift_2_Evening,BAL_DEEP_LEVEL_3,21.8064,80.1876,23,26,3,12,0.0,7.82,24.0,31.4,74.6,30.5,0.367,28.0,447.3,530.0,431.5,372.8,58.7,13.6,Moderate (10-25%)
2024-06-14 22:00:00,Shift_3_Night,UKWA_EXTENSION,21.7932,80.2015,24,26,4,11,0.55,7.97,21.8,25.2,73.2,33.9,0.287,16.1,407.5,554.6,462.0,391.6,70.4,15.24,Moderate (10-25%)
2024-06-15 06:00:00,Shift_1_Morning,BAL_NORTH_PIT,21.8121,80.1843,26,26,4,12,0.76,7.3,23.8,16.3,62.0,34.0,0.267,6.7,586.1,483.4,458.0,361.3,96.7,21.11,Moderate (10-25%)
2024-06-15 14:00:00,Shift_2_Evening,UKWA_EXTENSION,21.7932,80.2015,18,20,3,16,0.88,7.85,19.6,3.4,62.6,35.6,0.199,2.2,406.6,540.3,574.3,495.0,79.3,13.81,Moderate (10-25%)
2024-06-15 22:00:00,Shift_3_Night,BAL_DEEP_LEVEL_3,21.8064,80.1876,17,18,4,14,0.33,7.64,17.0,3.2,58.9,40.9,0.156,8.6,451.2,493.4,534.5,466.0,68.5,12.82,Moderate (10-25%)
2024-06-16 06:00:00,Shift_1_Morning,BAL_NORTH_PIT,21.8121,80.1843,20,21,4,12,1.51,8.09,19.4,3.5,65.1,39.6,0.17,4.0,439.4,531.7,559.3,509.7,49.6,8.87,Normal (<10%)
2024-06-16 14:00:00,Shift_2_Evening,BAL_NORTH_PIT,21.8121,80.1843,21,25,3,14,1.31,7.43,23.6,36.6,69.2,31.8,0.367,24.6,412.3,435.3,450.1,335.0,115.1,25.57,Critical (>25%)
2024-06-16 22:00:00,Shift_3_Night,UKWA_EXTENSION,21.7932,80.2015,23,24,3,14,0.59,7.85,22.6,16.9,60.6,34.6,0.274,16.8,345.0,483.4,525.0,463.0,62.0,11.81,Moderate (10-25%)
2024-06-17 06:00:00,Shift_1_Morning,BAL_DEEP_LEVEL_3,21.8064,80.1876,16,18,3,14,1.95,7.2,27.7,71.7,83.0,19.8,0.543,54.0,376.6,421.4,514.3,340.6,173.7,33.77,Critical (>25%)
2024-06-17 14:00:00,Shift_2_Evening,BAL_NORTH_PIT,21.8121,80.1843,19,21,3,12,0.91,7.45,23.0,29.9,75.7,32.6,0.336,27.8,584.8,482.7,566.6,462.7,103.9,18.34,Moderate (10-25%)
2024-06-17 22:00:00,Shift_3_Night,UKWA_EXTENSION,21.7932,80.2015,16,18,3,14,0.65,8.24,21.9,31.4,74.7,36.0,0.405,23.4,523.0,529.2,581.2,531.8,49.4,8.5,Normal (<10%)
2024-06-18 06:00:00,Shift_1_Morning,BAL_DEEP_LEVEL_3,21.8064,80.1876,22,23,4,12,1.46,8.04,22.3,26.7,74.7,35.1,0.3,28.4,433.5,453.1,402.4,343.2,59.2,14.71,Moderate (10-25%)
2024-06-18 14:00:00,Shift_2_Evening,UKWA_EXTENSION,21.7932,80.2015,17,18,3,15,1.1,7.44,22.8,38.4,77.6,30.9,0.38,39.4,513.5,450.6,534.8,430.8,104.0,19.45,Moderate (10-25%)
2024-06-18 22:00:00,Shift_3_Night,BAL_SOUTH_PIT,21.8005,80.1901,22,22,3,13,0.91,8.05,21.9,10.2,65.3,38.1,0.301,18.9,380.2,340.1,410.4,346.8,63.6,15.5,Moderate (10-25%)
2024-06-19 06:00:00,Shift_1_Morning,BAL_NORTH_PIT,21.8121,80.1843,22,24,4,11,0.08,7.34,21.8,8.6,59.9,36.4,0.168,9.5,481.8,396.1,509.8,468.9,40.9,8.02,Normal (<10%)
2024-06-19 14:00:00,Shift_2_Evening,BAL_SOUTH_PIT,21.8005,80.1901,19,20,4,14,0.9,7.97,24.7,45.2,71.3,29.4,0.466,36.1,501.4,581.8,457.5,416.3,41.2,9.01,Normal (<10%)
2024-06-19 22:00:00,Shift_3_Night,BAL_DEEP_LEVEL_3,21.8064,80.1876,16,17,4,12,1.25,8.01,25.6,34.5,63.7,34.1,0.346,25.4,400.7,391.5,461.4,358.2,103.2,22.37,Moderate (10-25%)
2024-06-20 06:00:00,Shift_1_Morning,BAL_SOUTH_PIT,21.8005,80.1901,21,24,4,14,1.11,7.49,22.7,29.1,75.3,32.6,0.324,16.8,542.1,525.9,470.6,407.0,63.6,13.51,Moderate (10-25%)
2024-06-20 14:00:00,Shift_2_Evening,BAL_SOUTH_PIT,21.8005,80.1901,16,18,3,15,1.23,7.58,25.4,52.3,75.2,32.3,0.439,34.4,428.1,395.5,524.3,427.9,96.4,18.39,Moderate (10-25%)
2024-06-20 22:00:00,Shift_3_Night,BAL_DEEP_LEVEL_3,21.8064,80.1876,21,24,3,11,0.25,8.03,22.2,29.4,61.9,34.3,0.291,23.7,383.6,506.6,466.8,385.8,81.0,17.35,Moderate (10-25%)
2024-06-21 06:00:00,Shift_1_Morning,UKWA_EXTENSION,21.7932,80.2015,23,26,3,15,1.58,8.07,25.1,40.9,79.7,32.2,0.396,30.6,373.0,400.2,546.5,389.7,156.8,28.69,Critical (>25%)
2024-06-21 14:00:00,Shift_2_Evening,BAL_SOUTH_PIT,21.8005,80.1901,17,19,3,15,1.26,7.93,26.5,48.5,77.1,27.8,0.484,39.0,526.0,477.4,480.9,391.5,89.4,18.59,Moderate (10-25%)
2024-06-21 22:00:00,Shift_3_Night,UKWA_EXTENSION,21.7932,80.2015,24,26,3,16,1.53,8.09,28.9,85.4,90.9,26.9,0.64,64.3,494.9,497.3,413.7,337.9,75.8,18.32,Moderate (10-25%)
2024-06-22 06:00:00,Shift_1_Morning,BAL_SOUTH_PIT,21.8005,80.1901,25,25,4,14,0.97,8.16,24.9,58.3,76.6,31.1,0.468,55.5,491.1,558.6,556.8,437.4,119.4,21.44,Moderate (10-25%)
2024-06-22 14:00:00,Shift_2_Evening,UKWA_EXTENSION,21.7932,80.2015,18,20,3,13,0.47,7.4,23.6,35.6,67.3,30.4,0.324,25.6,419.5,378.7,457.2,353.5,103.7,22.68,Moderate (10-25%)
2024-06-22 22:00:00,Shift_3_Night,BAL_DEEP_LEVEL_3,21.8064,80.1876,24,26,4,13,1.4,7.91,27.5,61.5,81.6,28.1,0.528,45.4,523.5,557.4,486.6,397.4,89.2,18.33,Moderate (10-25%)
2024-06-23 06:00:00,Shift_1_Morning,BAL_SOUTH_PIT,21.8005,80.1901,18,18,3,13,2.05,8.13,26.6,57.4,81.1,32.9,0.476,45.7,543.5,537.3,537.1,424.6,112.5,20.95,Moderate (10-25%)
2024-06-23 14:00:00,Shift_2_Evening,BAL_DEEP_LEVEL_3,21.8064,80.1876,17,19,4,13,1.33,7.48,22.0,30.2,68.7,34.3,0.315,20.4,459.8,528.4,466.5,398.6,67.9,14.56,Moderate (10-25%)
2024-06-23 22:00:00,Shift_3_Night,BAL_SOUTH_PIT,21.8005,80.1901,22,22,4,15,1.83,7.64,24.6,40.2,78.9,33.0,0.342,37.8,453.1,408.9,411.3,307.5,103.8,25.24,Critical (>25%)
2024-06-24 06:00:00,Shift_1_Morning,BAL_DEEP_LEVEL_3,21.8064,80.1876,25,25,3,15,0.3,7.46,23.1,44.0,78.0,31.4,0.37,40.8,509.4,481.3,474.8,381.7,93.1,19.61,Moderate (10-25%)
2024-06-24 14:00:00,Shift_2_Evening,BAL_DEEP_LEVEL_3,21.8064,80.1876,18,20,4,14,0.33,8.15,25.8,51.6,78.6,33.9,0.42,44.2,455.9,448.9,588.9,505.5,83.4,14.16,Moderate (10-25%)
2024-06-24 22:00:00,Shift_3_Night,BAL_SOUTH_PIT,21.8005,80.1901,23,24,4,12,1.15,7.51,20.5,6.6,57.4,38.1,0.202,9.5,395.0,558.1,528.3,418.0,110.3,20.88,Moderate (10-25%)
2024-06-25 06:00:00,Shift_1_Morning,BAL_SOUTH_PIT,21.8005,80.1901,20,24,3,12,1.5,7.53,35.0,100.0,87.2,20.4,0.765,85.8,434.9,532.6,534.3,382.8,151.5,28.35,Critical (>25%)
2024-06-25 14:00:00,Shift_2_Evening,BAL_SOUTH_PIT,21.8005,80.1901,22,24,3,13,1.38,7.66,21.6,11.2,70.3,38.6,0.219,10.9,555.6,424.9,526.5,392.2,134.3,25.51,Critical (>25%)
2024-06-25 22:00:00,Shift_3_Night,BAL_NORTH_PIT,21.8121,80.1843,20,20,4,14,0.79,7.46,25.2,47.6,65.5,30.4,0.439,43.1,390.8,451.0,439.8,340.7,99.1,22.53,Moderate (10-25%)
2024-06-26 06:00:00,Shift_1_Morning,UKWA_EXTENSION,21.7932,80.2015,18,20,3,14,1.06,7.91,27.0,71.8,81.2,26.0,0.541,51.0,418.4,471.7,483.7,405.8,77.9,16.11,Moderate (10-25%)
2024-06-26 14:00:00,Shift_2_Evening,BAL_NORTH_PIT,21.8121,80.1843,21,22,4,14,1.87,7.96,33.6,100.0,94.0,20.5,0.808,81.6,434.2,544.0,550.2,440.9,109.3,19.87,Moderate (10-25%)
2024-06-26 22:00:00,Shift_3_Night,BAL_NORTH_PIT,21.8121,80.1843,20,22,4,13,0.2,8.05,22.3,5.2,59.4,39.8,0.14,8.4,473.7,406.1,420.3,383.8,36.5,8.68,Normal (<10%)
2024-06-27 06:00:00,Shift_1_Morning,BAL_DEEP_LEVEL_3,21.8064,80.1876,23,24,4,13,1.0,7.34,22.3,41.2,72.2,29.9,0.369,38.8,461.1,471.2,455.6,357.5,98.1,21.53,Moderate (10-25%)
2024-06-27 14:00:00,Shift_2_Evening,BAL_SOUTH_PIT,21.8005,80.1901,24,25,3,12,0.78,7.56,23.0,30.9,72.8,35.7,0.352,29.8,458.4,338.3,455.3,392.5,62.8,13.79,Moderate (10-25%)
2024-06-27 22:00:00,Shift_3_Night,UKWA_EXTENSION,21.7932,80.2015,17,19,3,12,0.56,7.45,24.3,17.8,64.1,33.3,0.304,11.3,482.0,451.4,486.4,393.8,92.6,19.04,Moderate (10-25%)
2024-06-28 06:00:00,Shift_1_Morning,BAL_DEEP_LEVEL_3,21.8064,80.1876,24,25,3,16,1.28,7.61,21.5,9.7,69.0,38.4,0.231,11.6,513.4,461.7,596.1,507.8,88.3,14.81,Moderate (10-25%)
2024-06-28 14:00:00,Shift_2_Evening,BAL_NORTH_PIT,21.8121,80.1843,22,22,3,12,0.44,7.26,21.6,20.1,71.1,30.0,0.334,18.5,493.3,483.1,413.5,352.5,61.0,14.75,Moderate (10-25%)
2024-06-28 22:00:00,Shift_3_Night,BAL_SOUTH_PIT,21.8005,80.1901,21,25,4,16,1.69,7.42,22.6,37.0,71.2,30.7,0.389,28.0,514.6,399.2,503.7,364.2,139.5,27.7,Critical (>25%)
2024-06-29 06:00:00,Shift_1_Morning,BAL_DEEP_LEVEL_3,21.8064,80.1876,16,18,4,12,0.44,7.83,19.7,6.7,59.3,33.6,0.215,5.4,535.8,394.9,435.9,406.9,29.0,6.65,Normal (<10%)
2024-06-29 14:00:00,Shift_2_Evening,BAL_SOUTH_PIT,21.8005,80.1901,18,20,3,14,0.95,7.92,20.7,27.4,68.7,32.6,0.366,28.0,520.5,547.6,594.1,502.5,91.6,15.42,Moderate (10-25%)
2024-06-29 22:00:00,Shift_3_Night,BAL_DEEP_LEVEL_3,21.8064,80.1876,18,20,3,12,1.54,7.52,29.9,82.2,97.4,26.4,0.684,70.1,505.2,476.3,422.7,307.1,115.6,27.35,Critical (>25%)
2024-06-30 06:00:00,Shift_1_Morning,BAL_SOUTH_PIT,21.8005,80.1901,22,23,4,15,1.99,7.98,22.0,34.0,67.0,33.4,0.378,34.5,500.0,413.7,480.7,390.1,90.6,18.85,Moderate (10-25%)
2024-06-30 14:00:00,Shift_2_Evening,BAL_NORTH_PIT,21.8121,80.1843,19,24,3,11,1.58,7.47,30.9,100.0,98.0,21.0,0.829,70.8,454.3,494.4,547.6,430.4,117.2,21.4,Moderate (10-25%)
2024-06-30 22:00:00,Shift_3_Night,UKWA_EXTENSION,21.7932,80.2015,24,25,4,16,0.08,7.48,19.7,27.1,59.7,34.8,0.24,18.0,505.7,482.2,540.9,453.7,87.2,16.12,Moderate (10-25%)
2024-07-01 06:00:00,Shift_1_Morning,BAL_NORTH_PIT,21.8121,80.1843,16,19,3,16,2.31,8.02,35.0,100.0,90.9,15.0,0.892,96.3,458.9,561.9,484.5,386.2,98.3,20.29,Moderate (10-25%)
2024-07-01 14:00:00,Shift_2_Evening,UKWA_EXTENSION,21.7932,80.2015,23,25,4,16,0.92,7.4,24.9,56.8,74.2,29.0,0.449,49.1,386.4,335.1,469.3,324.7,144.6,30.81,Critical (>25%)
2024-07-01 22:00:00,Shift_3_Night,BAL_SOUTH_PIT,21.8005,80.1901,22,24,3,16,0.77,8.07,22.4,20.8,72.4,32.8,0.306,19.4,470.0,574.6,479.5,417.6,61.9,12.91,Moderate (10-25%)
2024-07-02 06:00:00,Shift_1_Morning,BAL_DEEP_LEVEL_3,21.8064,80.1876,18,19,3,13,0.41,7.57,23.1,13.6,67.2,35.3,0.288,12.9,477.4,509.2,452.9,376.3,76.6,16.91,Moderate (10-25%)
2024-07-02 14:00:00,Shift_2_Evening,BAL_NORTH_PIT,21.8121,80.1843,22,26,4,12,0.35,7.54,20.7,25.5,75.0,34.4,0.281,18.5,398.5,483.3,441.1,387.1,54.0,12.24,Moderate (10-25%)
2024-07-02 22:00:00,Shift_3_Night,UKWA_EXTENSION,21.7932,80.2015,19,20,3,12,0.42,8.06,21.7,21.3,65.8,36.0,0.258,20.3,503.2,361.7,496.6,432.5,64.1,12.91,Moderate (10-25%)
2024-07-03 06:00:00,Shift_1_Morning,BAL_NORTH_PIT,21.8121,80.1843,23,26,3,13,0.53,7.53,23.8,25.1,69.0,34.7,0.385,24.1,454.7,479.5,453.7,345.0,108.7,23.96,Moderate (10-25%)
2024-07-03 14:00:00,Shift_2_Evening,UKWA_EXTENSION,21.7932,80.2015,19,20,3,14,0.73,7.7,25.0,39.9,71.5,34.8,0.403,45.0,408.7,341.1,457.5,355.7,101.8,22.25,Moderate (10-25%)
2024-07-03 22:00:00,Shift_3_Night,BAL_NORTH_PIT,21.8121,80.1843,16,18,3,12,0.8,7.49,25.8,58.8,89.9,29.8,0.505,45.8,532.5,466.9,531.4,407.5,123.9,23.32,Moderate (10-25%)
2024-07-04 06:00:00,Shift_1_Morning,UKWA_EXTENSION,21.7932,80.2015,24,26,3,14,1.13,7.97,23.0,36.6,66.9,34.3,0.352,35.8,428.4,418.6,593.7,491.0,102.7,17.3,Moderate (10-25%)
2024-07-04 14:00:00,Shift_2_Evening,UKWA_EXTENSION,21.7932,80.2015,18,18,3,16,0.11,7.42,20.0,5.9,61.1,35.8,0.174,1.3,398.5,418.8,520.7,464.5,56.2,10.79,Moderate (10-25%)
2024-07-04 22:00:00,Shift_3_Night,BAL_SOUTH_PIT,21.8005,80.1901,18,20,3,16,2.14,7.4,30.8,100.0,84.7,21.5,0.694,73.7,403.3,469.2,415.4,291.8,123.6,29.75,Critical (>25%)
2024-07-05 06:00:00,Shift_1_Morning,UKWA_EXTENSION,21.7932,80.2015,20,22,3,14,0.53,7.38,20.8,9.4,67.1,34.1,0.235,4.2,508.5,438.4,415.1,350.9,64.2,15.47,Moderate (10-25%)
2024-07-05 14:00:00,Shift_2_Evening,BAL_SOUTH_PIT,21.8005,80.1901,14,17,3,14,1.84,7.91,28.1,99.3,84.4,21.0,0.697,76.9,538.1,489.8,590.3,461.5,128.8,21.82,Moderate (10-25%)
2024-07-05 22:00:00,Shift_3_Night,UKWA_EXTENSION,21.7932,80.2015,22,25,4,14,0.19,7.99,19.1,10.8,73.2,36.5,0.227,9.0,511.6,483.0,459.5,438.5,21.0,4.57,Normal (<10%)
2024-07-06 06:00:00,Shift_1_Morning,BAL_DEEP_LEVEL_3,21.8064,80.1876,21,23,3,13,1.77,8.03,31.6,88.5,88.6,26.0,0.702,64.2,364.5,352.4,418.4,305.1,113.3,27.08,Critical (>25%)
2024-07-06 14:00:00,Shift_2_Evening,BAL_DEEP_LEVEL_3,21.8064,80.1876,18,20,4,11,0.8,8.01,23.0,11.4,66.6,33.2,0.223,14.6,538.1,571.5,519.8,465.7,54.1,10.41,Moderate (10-25%)
2024-07-06 22:00:00,Shift_3_Night,BAL_DEEP_LEVEL_3,21.8064,80.1876,21,21,3,10,0.72,7.92,20.5,17.0,67.9,34.2,0.25,16.9,470.3,395.8,524.7,484.0,40.7,7.76,Normal (<10%)
2024-07-07 06:00:00,Shift_1_Morning,UKWA_EXTENSION,21.7932,80.2015,16,18,4,16,0.91,7.59,21.3,15.0,66.5,38.5,0.292,19.2,454.0,460.4,529.7,421.3,108.4,20.46,Moderate (10-25%)
2024-07-07 14:00:00,Shift_2_Evening,BAL_SOUTH_PIT,21.8005,80.1901,19,22,4,16,1.14,8.07,27.4,61.1,80.9,29.8,0.507,42.1,404.0,474.9,453.5,367.4,86.1,18.99,Moderate (10-25%)
2024-07-07 22:00:00,Shift_3_Night,BAL_SOUTH_PIT,21.8005,80.1901,18,21,3,14,1.49,7.98,30.1,91.8,88.1,24.3,0.624,68.5,513.4,457.8,403.0,323.1,79.9,19.83,Moderate (10-25%)
2024-07-08 06:00:00,Shift_1_Morning,UKWA_EXTENSION,21.7932,80.2015,20,21,4,12,1.27,7.43,21.5,20.1,70.5,31.5,0.3,20.8,521.2,542.6,593.0,454.2,138.8,23.41,Moderate (10-25%)
2024-07-08 14:00:00,Shift_2_Evening,BAL_DEEP_LEVEL_3,21.8064,80.1876,14,18,3,13,1.17,8.05,32.6,100.0,87.2,24.1,0.736,78.1,456.6,375.0,450.2,367.1,83.1,18.46,Moderate (10-25%)
2024-07-08 22:00:00,Shift_3_Night,BAL_DEEP_LEVEL_3,21.8064,80.1876,25,26,3,14,1.16,7.52,26.5,34.1,66.6,34.3,0.396,30.9,393.3,418.7,535.2,388.4,146.8,27.43,Critical (>25%)
2024-07-09 06:00:00,Shift_1_Morning,BAL_SOUTH_PIT,21.8005,80.1901,25,27,4,16,0.81,7.86,23.4,48.9,81.3,27.7,0.498,41.8,555.5,439.0,541.3,454.7,86.6,16.0,Moderate (10-25%)
2024-07-09 14:00:00,Shift_2_Evening,BAL_DEEP_LEVEL_3,21.8064,80.1876,16,18,4,12,0.86,7.49,25.6,55.2,78.0,28.4,0.483,40.7,416.3,493.0,522.0,416.3,105.7,20.25,Moderate (10-25%)
2024-07-09 22:00:00,Shift_3_Night,BAL_NORTH_PIT,21.8121,80.1843,19,19,4,14,0.23,7.53,21.6,14.5,56.1,36.7,0.271,17.5,437.9,516.3,462.6,404.4,58.2,12.58,Moderate (10-25%)
2024-07-10 06:00:00,Shift_1_Morning,BAL_SOUTH_PIT,21.8005,80.1901,21,22,4,14,0.32,7.91,20.9,20.8,65.3,32.0,0.289,10.1,479.3,437.8,454.2,389.0,65.2,14.35,Moderate (10-25%)
2024-07-10 14:00:00,Shift_2_Evening,BAL_DEEP_LEVEL_3,21.8064,80.1876,19,25,4,15,1.88,8.02,35.0,100.0,98.0,16.8,0.842,95.3,502.9,412.5,519.5,407.6,111.9,21.54,Moderate (10-25%)
2024-07-10 22:00:00,Shift_3_Night,BAL_SOUTH_PIT,21.8005,80.1901,15,18,3,16,1.56,7.35,30.8,100.0,90.2,20.7,0.758,73.0,549.8,469.7,573.2,450.2,123.0,21.46,Moderate (10-25%)
2024-07-11 06:00:00,Shift_1_Morning,BAL_NORTH_PIT,21.8121,80.1843,17,22,3,16,2.36,7.63,35.0,100.0,92.5,16.4,0.859,98.8,572.7,514.8,589.3,422.4,166.9,28.32,Critical (>25%)
2024-07-11 14:00:00,Shift_2_Evening,BAL_SOUTH_PIT,21.8005,80.1901,17,20,4,12,2.14,7.62,33.1,100.0,82.3,23.2,0.674,69.9,455.7,399.7,421.2,317.6,103.6,24.6,Moderate (10-25%)
2024-07-11 22:00:00,Shift_3_Night,BAL_SOUTH_PIT,21.8005,80.1901,20,21,4,16,1.14,7.47,20.4,8.5,60.6,35.0,0.187,16.1,474.0,386.5,431.0,355.6,75.4,17.49,Moderate (10-25%)
2024-07-12 06:00:00,Shift_1_Morning,BAL_SOUTH_PIT,21.8005,80.1901,19,21,4,13,0.89,7.54,30.1,90.7,82.2,23.7,0.687,69.9,428.0,558.2,588.9,464.2,124.7,21.18,Moderate (10-25%)
2024-07-12 14:00:00,Shift_2_Evening,BAL_SOUTH_PIT,21.8005,80.1901,18,18,3,12,0.83,7.26,23.4,32.1,73.6,29.3,0.351,25.9,445.5,353.6,547.3,438.5,108.8,19.88,Moderate (10-25%)
2024-07-12 22:00:00,Shift_3_Night,BAL_NORTH_PIT,21.8121,80.1843,20,22,4,12,2.57,7.38,35.0,100.0,94.0,15.0,0.815,93.1,559.8,550.6,576.6,402.6,174.0,30.18,Critical (>25%)
2024-07-13 06:00:00,Shift_1_Morning,UKWA_EXTENSION,21.7932,80.2015,23,25,3,12,1.32,7.97,20.5,23.6,66.3,35.4,0.32,20.6,354.9,560.6,440.5,357.3,83.2,18.89,Moderate (10-25%)
2024-07-13 14:00:00,Shift_2_Evening,BAL_SOUTH_PIT,21.8005,80.1901,23,23,3,12,1.24,7.39,21.2,34.3,68.3,30.5,0.358,22.4,478.5,477.8,517.5,439.4,78.1,15.09,Moderate (10-25%)
2024-07-13 22:00:00,Shift_3_Night,BAL_SOUTH_PIT,21.8005,80.1901,20,22,4,12,1.22,8.07,21.9,40.5,80.1,33.2,0.396,29.0,457.6,425.3,540.2,450.9,89.3,16.53,Moderate (10-25%)
2024-07-14 06:00:00,Shift_1_Morning,BAL_DEEP_LEVEL_3,21.8064,80.1876,17,18,3,16,0.55,8.2,22.8,23.6,64.6,36.6,0.243,15.3,461.0,452.3,536.0,453.4,82.6,15.41,Moderate (10-25%)
2024-07-14 14:00:00,Shift_2_Evening,BAL_SOUTH_PIT,21.8005,80.1901,25,26,3,12,0.57,7.38,18.8,6.2,59.2,36.4,0.163,6.2,532.8,478.9,481.6,405.6,76.0,15.78,Moderate (10-25%)
2024-07-14 22:00:00,Shift_3_Night,BAL_DEEP_LEVEL_3,21.8064,80.1876,17,20,4,16,2.04,7.42,28.1,84.5,84.8,24.6,0.618,67.6,427.2,407.9,403.1,283.8,119.3,29.6,Critical (>25%)
2024-07-15 06:00:00,Shift_1_Morning,UKWA_EXTENSION,21.7932,80.2015,23,26,4,14,1.13,8.02,29.3,98.2,90.1,21.1,0.775,68.6,454.1,577.3,516.6,426.1,90.5,17.52,Moderate (10-25%)
2024-07-15 14:00:00,Shift_2_Evening,BAL_NORTH_PIT,21.8121,80.1843,19,19,3,12,0.23,7.66,22.3,7.4,65.6,38.3,0.209,11.2,451.6,403.0,450.6,382.3,68.3,15.16,Moderate (10-25%)
2024-07-15 22:00:00,Shift_3_Night,BAL_NORTH_PIT,21.8121,80.1843,18,20,4,11,1.35,7.38,26.5,67.5,86.9,24.8,0.584,55.0,498.5,420.4,490.1,398.3,91.8,18.73,Moderate (10-25%)
2024-07-16 06:00:00,Shift_1_Morning,UKWA_EXTENSION,21.7932,80.2015,19,20,3,12,0.95,8.02,24.0,55.8,82.7,28.6,0.531,43.0,486.1,388.4,591.5,481.5,110.0,18.6,Moderate (10-25%)
2024-07-16 14:00:00,Shift_2_Evening,BAL_NORTH_PIT,21.8121,80.1843,27,27,3,12,0.73,8.18,22.1,24.3,80.5,37.7,0.285,22.2,511.0,482.2,479.8,405.5,74.3,15.49,Moderate (10-25%)
2024-07-16 22:00:00,Shift_3_Night,UKWA_EXTENSION,21.7932,80.2015,22,24,4,14,1.79,7.83,22.3,16.7,57.8,32.4,0.183,13.9,482.5,571.1,568.0,446.8,121.2,21.34,Moderate (10-25%)
2024-07-17 06:00:00,Shift_1_Morning,UKWA_EXTENSION,21.7932,80.2015,22,24,3,16,0.66,7.37,25.5,51.5,77.5,28.9,0.492,50.3,503.9,441.4,437.7,329.4,108.3,24.74,Moderate (10-25%)
2024-07-17 14:00:00,Shift_2_Evening,UKWA_EXTENSION,21.7932,80.2015,22,24,3,14,0.79,7.46,23.4,39.7,71.7,31.3,0.445,34.1,383.3,380.7,534.5,423.9,110.6,20.69,Moderate (10-25%)
2024-07-17 22:00:00,Shift_3_Night,BAL_NORTH_PIT,21.8121,80.1843,16,18,3,14,0.57,7.95,24.3,31.5,81.1,31.6,0.358,28.5,474.3,507.8,595.4,509.1,86.3,14.49,Moderate (10-25%)
2024-07-18 06:00:00,Shift_1_Morning,BAL_DEEP_LEVEL_3,21.8064,80.1876,23,26,3,16,0.92,7.58,24.1,40.0,74.1,33.8,0.396,32.6,466.5,390.7,420.4,340.8,79.6,18.93,Moderate (10-25%)
2024-07-18 14:00:00,Shift_2_Evening,UKWA_EXTENSION,21.7932,80.2015,19,20,3,11,1.7,8.02,19.9,6.3,53.4,35.6,0.238,13.9,489.3,523.3,401.7,343.0,58.7,14.61,Moderate (10-25%)
2024-07-18 22:00:00,Shift_3_Night,BAL_SOUTH_PIT,21.8005,80.1901,17,18,4,14,0.99,7.32,25.0,46.2,78.8,27.3,0.483,37.8,517.0,420.0,486.7,383.0,103.7,21.31,Moderate (10-25%)
2024-07-19 06:00:00,Shift_1_Morning,BAL_NORTH_PIT,21.8121,80.1843,19,19,4,16,1.01,8.05,20.4,14.0,66.1,35.9,0.231,14.8,425.4,306.7,418.5,336.7,81.8,19.55,Moderate (10-25%)
2024-07-19 14:00:00,Shift_2_Evening,UKWA_EXTENSION,21.7932,80.2015,25,27,3,15,0.15,7.44,18.5,11.2,69.1,34.8,0.313,12.3,502.4,382.8,549.7,480.2,69.5,12.64,Moderate (10-25%)
2024-07-19 22:00:00,Shift_3_Night,UKWA_EXTENSION,21.7932,80.2015,20,22,4,12,1.22,8.13,27.6,63.7,77.0,29.4,0.502,41.4,331.7,419.6,582.9,467.3,115.6,19.83,Moderate (10-25%)
2024-07-20 06:00:00,Shift_1_Morning,BAL_SOUTH_PIT,21.8005,80.1901,19,22,4,13,2.13,7.44,34.3,100.0,94.0,19.7,0.78,74.9,512.3,446.9,486.8,337.7,149.1,30.63,Critical (>25%)
2024-07-20 14:00:00,Shift_2_Evening,BAL_DEEP_LEVEL_3,21.8064,80.1876,22,24,4,12,0.88,7.44,22.1,20.8,65.5,34.1,0.235,20.8,557.8,469.2,451.7,406.0,45.7,10.12,Moderate (10-25%)
2024-07-20 22:00:00,Shift_3_Night,BAL_DEEP_LEVEL_3,21.8064,80.1876,23,23,3,16,0.38,8.05,21.5,18.2,63.9,36.0,0.33,12.6,525.0,394.7,486.9,415.0,71.9,14.77,Moderate (10-25%)
2024-07-21 06:00:00,Shift_1_Morning,BAL_DEEP_LEVEL_3,21.8064,80.1876,23,24,4,12,1.65,7.58,20.0,27.6,71.4,34.8,0.34,29.5,533.5,523.0,544.7,461.7,83.0,15.24,Moderate (10-25%)
2024-07-21 14:00:00,Shift_2_Evening,UKWA_EXTENSION,21.7932,80.2015,20,22,4,14,2.4,7.54,25.6,67.3,83.3,28.3,0.57,49.5,376.2,383.6,401.8,294.4,107.4,26.73,Critical (>25%)
2024-07-21 22:00:00,Shift_3_Night,UKWA_EXTENSION,21.7932,80.2015,16,18,4,12,0.57,7.83,29.6,82.0,91.9,20.7,0.622,63.3,509.5,488.1,517.9,408.2,109.7,21.18,Moderate (10-25%)
2024-07-22 06:00:00,Shift_1_Morning,UKWA_EXTENSION,21.7932,80.2015,14,18,3,14,1.71,7.55,29.8,95.3,90.3,24.3,0.705,69.7,483.6,527.3,522.7,394.8,127.9,24.47,Moderate (10-25%)
2024-07-22 14:00:00,Shift_2_Evening,BAL_NORTH_PIT,21.8121,80.1843,18,19,4,14,1.77,7.4,21.5,30.6,72.9,30.0,0.33,19.5,525.7,499.1,527.5,395.3,132.2,25.06,Critical (>25%)
2024-07-22 22:00:00,Shift_3_Night,BAL_SOUTH_PIT,21.8005,80.1901,20,24,4,14,1.03,7.52,27.4,64.6,76.3,24.3,0.613,42.8,547.4,469.8,448.4,350.2,98.2,21.9,Moderate (10-25%)
2024-07-23 06:00:00,Shift_1_Morning,UKWA_EXTENSION,21.7932,80.2015,20,22,3,13,0.09,7.86,22.8,11.3,71.1,36.4,0.199,5.5,486.2,514.0,542.8,482.9,59.9,11.04,Moderate (10-25%)
2024-07-23 14:00:00,Shift_2_Evening,BAL_SOUTH_PIT,21.8005,80.1901,24,25,4,12,1.47,8.04,22.6,24.8,65.5,33.4,0.31,23.2,365.2,330.2,418.3,342.8,75.5,18.05,Moderate (10-25%)
2024-07-23 22:00:00,Shift_3_Night,BAL_SOUTH_PIT,21.8005,80.1901,20,20,3,12,1.14,7.92,20.6,19.3,70.1,33.6,0.221,13.7,536.8,433.1,439.9,374.4,65.5,14.89,Moderate (10-25%)
2024-07-24 06:00:00,Shift_1_Morning,BAL_DEEP_LEVEL_3,21.8064,80.1876,22,24,4,14,1.57,7.87,21.7,24.1,71.0,29.5,0.332,23.5,454.1,510.7,575.5,464.5,111.0,19.29,Moderate (10-25%)
2024-07-24 14:00:00,Shift_2_Evening,BAL_NORTH_PIT,21.8121,80.1843,17,20,3,16,1.4,8.07,28.4,92.5,88.0,24.8,0.614,73.2,467.6,395.5,547.7,424.7,123.0,22.46,Moderate (10-25%)
2024-07-24 22:00:00,Shift_3_Night,UKWA_EXTENSION,21.7932,80.2015,16,20,3,12,2.26,7.52,33.7,100.0,96.8,20.3,0.769,73.6,487.3,477.7,402.7,296.1,106.6,26.47,Critical (>25%)
2024-07-25 06:00:00,Shift_1_Morning,BAL_DEEP_LEVEL_3,21.8064,80.1876,20,22,3,14,0.74,7.44,19.3,8.3,52.2,36.7,0.188,14.7,388.9,507.7,449.7,400.2,49.5,11.01,Moderate (10-25%)
2024-07-25 14:00:00,Shift_2_Evening,BAL_DEEP_LEVEL_3,21.8064,80.1876,17,18,4,14,0.38,8.15,21.9,12.2,63.1,36.5,0.263,11.1,528.9,362.8,442.9,444.3,0.0,0.0,Normal (<10%)
2024-07-25 22:00:00,Shift_3_Night,UKWA_EXTENSION,21.7932,80.2015,26,28,4,12,0.22,7.46,22.9,25.0,71.9,33.0,0.294,17.8,424.3,365.7,454.2,381.6,72.6,15.98,Moderate (10-25%)
2024-07-26 06:00:00,Shift_1_Morning,BAL_SOUTH_PIT,21.8005,80.1901,22,24,3,16,0.39,7.5,21.8,28.4,79.8,33.5,0.362,15.5,471.9,502.3,449.5,377.8,71.7,15.95,Moderate (10-25%)
2024-07-26 14:00:00,Shift_2_Evening,BAL_DEEP_LEVEL_3,21.8064,80.1876,20,22,3,16,1.61,7.53,25.2,49.0,76.0,30.9,0.417,34.0,348.5,508.2,412.5,318.6,93.9,22.76,Moderate (10-25%)
2024-07-26 22:00:00,Shift_3_Night,BAL_SOUTH_PIT,21.8005,80.1901,19,23,3,10,2.65,7.44,35.0,100.0,79.5,20.2,0.746,79.1,406.6,388.4,491.8,336.4,155.4,31.6,Critical (>25%)
2024-07-27 06:00:00,Shift_1_Morning,BAL_NORTH_PIT,21.8121,80.1843,16,20,3,15,2.01,8.05,35.0,100.0,92.3,21.1,0.826,82.9,476.3,378.9,546.5,421.4,125.1,22.89,Moderate (10-25%)
2024-07-27 14:00:00,Shift_2_Evening,BAL_SOUTH_PIT,21.8005,80.1901,18,19,3,15,0.25,7.95,24.1,26.8,68.9,32.9,0.323,19.3,534.2,498.5,521.3,496.8,24.5,4.7,Normal (<10%)
2024-07-27 22:00:00,Shift_3_Night,BAL_NORTH_PIT,21.8121,80.1843,15,18,3,10,1.15,7.46,31.8,100.0,98.0,21.7,0.796,76.5,583.8,356.6,534.6,426.2,108.4,20.28,Moderate (10-25%)
2024-07-28 06:00:00,Shift_1_Morning,BAL_SOUTH_PIT,21.8005,80.1901,22,23,3,12,1.57,7.64,25.4,44.0,75.1,32.6,0.426,24.5,431.8,492.5,416.2,308.6,107.6,25.85,Critical (>25%)
2024-07-28 14:00:00,Shift_2_Evening,BAL_DEEP_LEVEL_3,21.8064,80.1876,17,20,3,16,0.6,7.9,22.1,17.0,59.2,35.2,0.235,8.4,588.7,518.6,590.3,558.7,31.6,5.35,Normal (<10%)
2024-07-28 22:00:00,Shift_3_Night,BAL_DEEP_LEVEL_3,21.8064,80.1876,26,27,3,16,0.73,7.26,22.6,50.1,80.7,27.5,0.445,37.5,486.5,575.4,567.7,464.4,103.3,18.2,Moderate (10-25%)
2024-07-29 06:00:00,Shift_1_Morning,BAL_NORTH_PIT,21.8121,80.1843,22,23,4,13,0.99,7.66,28.3,51.6,79.4,30.3,0.426,38.9,447.1,347.1,561.0,408.4,152.6,27.2,Critical (>25%)
2024-07-29 14:00:00,Shift_2_Evening,UKWA_EXTENSION,21.7932,80.2015,16,19,4,15,1.74,7.75,27.7,69.9,79.3,31.3,0.618,54.5,387.0,452.6,564.6,420.3,144.3,25.56,Critical (>25%)
2024-07-29 22:00:00,Shift_3_Night,BAL_NORTH_PIT,21.8121,80.1843,14,16,3,14,0.2,7.96,20.1,15.6,70.0,33.9,0.262,19.2,589.4,442.1,586.5,547.3,39.2,6.68,Normal (<10%)
2024-07-30 06:00:00,Shift_1_Morning,BAL_NORTH_PIT,21.8121,80.1843,25,27,3,12,0.7,7.81,22.4,23.9,65.2,30.4,0.286,15.4,396.0,428.0,508.9,378.6,130.3,25.6,Critical (>25%)
2024-07-30 14:00:00,Shift_2_Evening,BAL_SOUTH_PIT,21.8005,80.1901,18,20,3,14,0.73,7.47,21.5,16.2,65.4,34.2,0.317,18.9,400.8,461.0,440.1,339.7,100.4,22.81,Moderate (10-25%)
2024-07-30 22:00:00,Shift_3_Night,BAL_SOUTH_PIT,21.8005,80.1901,14,17,3,15,3.08,7.47,32.2,100.0,90.5,19.8,0.783,83.3,454.3,527.7,523.4,377.2,146.2,27.93,Critical (>25%)
2024-07-31 06:00:00,Shift_1_Morning,BAL_NORTH_PIT,21.8121,80.1843,20,22,3,13,1.26,7.48,23.4,34.9,70.7,30.1,0.389,23.5,439.2,476.1,548.6,411.0,137.6,25.08,Critical (>25%)
2024-07-31 14:00:00,Shift_2_Evening,BAL_DEEP_LEVEL_3,21.8064,80.1876,21,23,4,16,0.52,7.39,27.8,57.4,83.3,27.2,0.453,45.2,437.4,470.8,547.6,433.9,113.7,20.76,Moderate (10-25%)
2024-07-31 22:00:00,Shift_3_Night,BAL_SOUTH_PIT,21.8005,80.1901,17,20,3,16,1.05,7.56,27.7,78.6,76.6,26.3,0.576,58.8,413.1,454.3,504.3,408.0,96.3,19.1,Moderate (10-25%)
2024-08-01 06:00:00,Shift_1_Morning,UKWA_EXTENSION,21.7932,80.2015,20,20,4,16,1.15,7.55,21.2,13.2,69.9,35.8,0.223,14.1,428.0,543.2,413.7,318.4,95.3,23.04,Moderate (10-25%)
2024-08-01 14:00:00,Shift_2_Evening,BAL_SOUTH_PIT,21.8005,80.1901,26,26,4,12,0.37,7.85,23.1,35.1,72.7,27.4,0.374,29.8,469.0,547.9,474.2,438.2,36.0,7.59,Normal (<10%)
2024-08-01 22:00:00,Shift_3_Night,BAL_SOUTH_PIT,21.8005,80.1901,17,19,4,14,1.82,8.07,31.3,81.3,84.5,25.2,0.678,70.6,482.3,439.5,584.2,454.6,129.6,22.18,Moderate (10-25%)
2024-08-02 06:00:00,Shift_1_Morning,UKWA_EXTENSION,21.7932,80.2015,23,26,3,14,0.95,7.71,21.9,18.4,67.8,36.0,0.326,19.8,513.9,432.5,516.9,450.5,66.4,12.85,Moderate (10-25%)
2024-08-02 14:00:00,Shift_2_Evening,BAL_NORTH_PIT,21.8121,80.1843,18,21,4,14,1.92,8.02,29.7,80.8,81.8,23.2,0.607,59.2,492.7,456.3,507.7,437.2,70.5,13.89,Moderate (10-25%)
2024-08-02 22:00:00,Shift_3_Night,UKWA_EXTENSION,21.7932,80.2015,22,23,3,14,0.96,7.47,20.3,12.0,56.0,35.4,0.239,16.8,413.6,476.3,453.8,393.2,60.6,13.35,Moderate (10-25%)
2024-08-03 06:00:00,Shift_1_Morning,BAL_NORTH_PIT,21.8121,80.1843,17,17,4,14,0.8,7.49,20.6,3.5,59.6,36.6,0.22,1.8,553.6,521.9,473.7,406.8,66.9,14.12,Moderate (10-25%)
2024-08-03 14:00:00,Shift_2_Evening,BAL_NORTH_PIT,21.8121,80.1843,18,19,3,14,0.59,8.06,27.6,59.7,71.1,26.9,0.566,50.8,471.2,458.0,579.1,479.5,99.6,17.2,Moderate (10-25%)
2024-08-03 22:00:00,Shift_3_Night,BAL_NORTH_PIT,21.8121,80.1843,17,19,4,14,2.39,7.83,30.3,67.8,74.2,22.2,0.507,45.1,520.5,479.4,533.3,398.8,134.5,25.22,Critical (>25%)
2024-08-04 06:00:00,Shift_1_Morning,UKWA_EXTENSION,21.7932,80.2015,16,19,4,12,1.35,7.52,33.1,100.0,84.4,19.3,0.831,82.4,461.5,502.0,557.5,411.1,146.4,26.26,Critical (>25%)
2024-08-04 14:00:00,Shift_2_Evening,BAL_NORTH_PIT,21.8121,80.1843,18,22,4,12,0.84,7.46,26.1,64.9,87.4,23.0,0.543,39.0,487.7,437.2,490.9,403.1,87.8,17.89,Moderate (10-25%)
2024-08-04 22:00:00,Shift_3_Night,BAL_DEEP_LEVEL_3,21.8064,80.1876,19,24,4,14,1.59,8.18,32.0,100.0,86.4,18.7,0.775,89.1,440.5,490.0,526.0,436.6,89.4,17.0,Moderate (10-25%)
2024-08-05 06:00:00,Shift_1_Morning,UKWA_EXTENSION,21.7932,80.2015,17,19,4,12,2.12,7.98,27.4,82.5,86.2,24.1,0.648,66.4,538.7,370.0,449.7,356.4,93.3,20.75,Moderate (10-25%)
2024-08-05 14:00:00,Shift_2_Evening,BAL_DEEP_LEVEL_3,21.8064,80.1876,20,22,4,12,1.14,7.67,27.7,71.6,88.5,27.5,0.575,47.0,385.1,562.2,541.1,417.3,123.8,22.88,Moderate (10-25%)
2024-08-05 22:00:00,Shift_3_Night,BAL_NORTH_PIT,21.8121,80.1843,17,18,4,12,0.57,7.39,23.4,28.9,75.2,28.0,0.348,23.7,415.8,417.7,485.5,398.9,86.6,17.84,Moderate (10-25%)
2024-08-06 06:00:00,Shift_1_Morning,BAL_SOUTH_PIT,21.8005,80.1901,21,22,2,16,0.77,7.56,21.7,26.2,67.9,36.3,0.381,21.4,445.7,548.4,488.5,366.4,122.1,24.99,Moderate (10-25%)
2024-08-06 14:00:00,Shift_2_Evening,BAL_NORTH_PIT,21.8121,80.1843,16,20,3,11,2.72,8.03,35.0,100.0,92.0,15.0,0.789,91.5,409.6,284.0,529.9,418.8,111.1,20.97,Moderate (10-25%)
2024-08-06 22:00:00,Shift_3_Night,BAL_DEEP_LEVEL_3,21.8064,80.1876,16,17,3,12,2.07,7.41,20.9,16.4,67.8,32.2,0.274,15.3,543.9,567.6,587.3,467.7,119.6,20.36,Moderate (10-25%)
2024-08-07 06:00:00,Shift_1_Morning,BAL_DEEP_LEVEL_3,21.8064,80.1876,20,22,3,14,0.85,8.02,21.6,34.4,83.0,29.0,0.403,27.0,474.6,467.8,412.8,348.9,63.9,15.48,Moderate (10-25%)
2024-08-07 14:00:00,Shift_2_Evening,UKWA_EXTENSION,21.7932,80.2015,25,26,3,12,0.35,7.62,20.6,22.8,70.0,36.1,0.302,24.4,480.0,501.1,564.9,512.9,52.0,9.21,Normal (<10%)
2024-08-07 22:00:00,Shift_3_Night,BAL_SOUTH_PIT,21.8005,80.1901,18,20,2,16,0.0,7.97,21.8,26.8,72.7,30.4,0.31,22.4,423.5,378.2,458.5,420.3,38.2,8.33,Normal (<10%)
2024-08-08 06:00:00,Shift_1_Morning,UKWA_EXTENSION,21.7932,80.2015,23,24,3,12,0.43,7.83,22.2,34.5,83.0,27.0,0.402,30.7,543.3,519.6,488.8,427.6,61.2,12.52,Moderate (10-25%)
2024-08-08 14:00:00,Shift_2_Evening,BAL_DEEP_LEVEL_3,21.8064,80.1876,22,22,4,14,0.81,8.0,19.1,5.1,63.6,33.0,0.185,9.3,479.0,373.8,404.4,384.5,19.9,4.92,Normal (<10%)
2024-08-08 22:00:00,Shift_3_Night,BAL_NORTH_PIT,21.8121,80.1843,21,24,3,15,1.33,7.91,26.2,66.8,89.0,25.4,0.62,48.0,391.4,459.5,460.2,373.0,87.2,18.95,Moderate (10-25%)
2024-08-09 06:00:00,Shift_1_Morning,BAL_SOUTH_PIT,21.8005,80.1901,19,22,4,14,1.16,7.47,21.4,25.8,70.7,30.7,0.309,22.8,479.0,448.2,500.5,407.8,92.7,18.52,Moderate (10-25%)
2024-08-09 14:00:00,Shift_2_Evening,BAL_NORTH_PIT,21.8121,80.1843,16,19,3,14,2.48,7.99,25.0,57.3,81.4,26.9,0.495,37.7,386.0,311.9,411.2,281.0,130.2,31.66,Critical (>25%)
2024-08-09 22:00:00,Shift_3_Night,BAL_NORTH_PIT,21.8121,80.1843,24,24,3,12,0.95,7.83,20.1,12.9,61.0,31.0,0.249,8.7,404.2,349.4,498.2,432.7,65.5,13.15,Moderate (10-25%)
2024-08-10 06:00:00,Shift_1_Morning,BAL_SOUTH_PIT,21.8005,80.1901,18,20,4,14,1.44,7.84,21.1,3.1,56.1,32.6,0.168,3.4,554.2,576.1,585.4,512.0,73.4,12.54,Moderate (10-25%)
2024-08-10 14:00:00,Shift_2_Evening,UKWA_EXTENSION,21.7932,80.2015,22,24,3,11,1.26,7.55,22.9,18.1,63.3,31.5,0.264,9.8,335.7,402.5,421.1,315.1,106.0,25.17,Critical (>25%)
2024-08-10 22:00:00,Shift_3_Night,BAL_NORTH_PIT,21.8121,80.1843,18,20,3,12,1.78,7.45,27.5,61.0,84.0,25.0,0.511,46.3,477.6,303.2,552.9,395.2,157.7,28.52,Critical (>25%)
2024-08-11 06:00:00,Shift_1_Morning,BAL_DEEP_LEVEL_3,21.8064,80.1876,18,18,4,14,0.95,7.24,21.3,11.5,69.3,29.4,0.25,6.8,504.3,363.7,481.9,398.0,83.9,17.41,Moderate (10-25%)
2024-08-11 14:00:00,Shift_2_Evening,BAL_NORTH_PIT,21.8121,80.1843,18,20,4,16,0.28,7.58,27.5,64.6,87.4,27.1,0.488,42.3,520.9,451.2,531.0,408.1,122.9,23.15,Moderate (10-25%)
2024-08-11 22:00:00,Shift_3_Night,BAL_SOUTH_PIT,21.8005,80.1901,19,22,4,14,0.51,7.53,22.7,13.4,66.5,36.2,0.275,18.6,484.0,407.5,452.0,393.8,58.2,12.88,Moderate (10-25%)
2024-08-12 06:00:00,Shift_1_Morning,BAL_SOUTH_PIT,21.8005,80.1901,20,20,4,16,0.68,7.43,22.0,12.5,67.1,33.7,0.184,3.4,440.2,472.2,431.9,356.4,75.5,17.48,Moderate (10-25%)
2024-08-12 14:00:00,Shift_2_Evening,BAL_SOUTH_PIT,21.8005,80.1901,23,24,4,14,0.09,7.87,20.2,15.4,68.1,32.5,0.209,16.6,523.6,512.1,432.1,381.0,51.1,11.83,Moderate (10-25%)
2024-08-12 22:00:00,Shift_3_Night,UKWA_EXTENSION,21.7932,80.2015,22,24,3,12,0.17,8.08,20.4,2.2,62.1,35.9,0.22,1.8,492.4,369.2,414.1,383.7,30.4,7.34,Normal (<10%)
2024-08-13 06:00:00,Shift_1_Morning,BAL_NORTH_PIT,21.8121,80.1843,18,22,3,16,0.6,8.03,21.3,41.8,70.9,28.7,0.44,28.3,536.9,488.8,437.1,393.3,43.8,10.02,Moderate (10-25%)
2024-08-13 14:00:00,Shift_2_Evening,UKWA_EXTENSION,21.7932,80.2015,18,19,3,14,1.39,7.74,28.2,83.5,78.4,26.4,0.617,73.2,529.2,522.9,532.8,456.0,76.8,14.41,Moderate (10-25%)
2024-08-13 22:00:00,Shift_3_Night,UKWA_EXTENSION,21.7932,80.2015,19,20,3,13,0.19,8.04,23.1,29.4,69.1,31.1,0.338,18.6,430.3,476.1,576.3,521.4,54.9,9.53,Normal (<10%)
2024-08-14 06:00:00,Shift_1_Morning,BAL_SOUTH_PIT,21.8005,80.1901,19,20,2,12,0.78,8.04,22.1,18.7,66.2,33.4,0.253,15.7,440.5,550.5,562.8,511.7,51.1,9.08,Normal (<10%)
2024-08-14 14:00:00,Shift_2_Evening,BAL_SOUTH_PIT,21.8005,80.1901,26,27,4,14,1.37,7.48,20.2,11.1,69.8,33.2,0.198,5.0,489.6,591.5,537.0,447.7,89.3,16.63,Moderate (10-25%)
2024-08-14 22:00:00,Shift_3_Night,UKWA_EXTENSION,21.7932,80.2015,25,26,3,12,1.02,8.08,19.8,23.2,72.8,31.8,0.303,22.2,411.8,461.7,422.1,365.9,56.2,13.31,Moderate (10-25%)
2024-08-15 06:00:00,Shift_1_Morning,BAL_NORTH_PIT,21.8121,80.1843,22,25,2,14,1.98,7.56,34.5,100.0,94.8,19.7,0.809,81.3,498.4,488.5,457.8,375.4,82.4,18.0,Moderate (10-25%)
2024-08-15 14:00:00,Shift_2_Evening,BAL_DEEP_LEVEL_3,21.8064,80.1876,21,24,3,14,0.08,8.13,19.2,13.9,76.8,34.5,0.249,16.1,397.0,504.6,462.0,427.3,34.7,7.51,Normal (<10%)
2024-08-15 22:00:00,Shift_3_Night,UKWA_EXTENSION,21.7932,80.2015,17,17,4,14,0.44,7.45,24.4,60.7,79.0,25.6,0.468,39.2,465.2,401.6,450.0,348.4,101.6,22.58,Moderate (10-25%)
2024-08-16 06:00:00,Shift_1_Morning,BAL_NORTH_PIT,21.8121,80.1843,19,19,3,11,1.24,7.46,22.4,21.7,73.4,30.0,0.304,10.3,545.4,497.6,503.0,402.4,100.6,20.0,Moderate (10-25%)
2024-08-16 14:00:00,Shift_2_Evening,BAL_SOUTH_PIT,21.8005,80.1901,22,23,4,12,1.0,7.45,21.8,20.4,66.6,31.5,0.292,11.5,523.3,563.8,507.1,426.2,80.9,15.95,Moderate (10-25%)
2024-08-16 22:00:00,Shift_3_Night,BAL_SOUTH_PIT,21.8005,80.1901,17,19,3,14,0.56,8.08,23.6,26.8,64.1,31.7,0.374,21.6,451.5,438.9,471.4,392.0,79.4,16.84,Moderate (10-25%)
2024-08-17 06:00:00,Shift_1_Morning,BAL_NORTH_PIT,21.8121,80.1843,26,27,4,16,0.34,8.15,19.1,7.8,61.6,35.3,0.228,11.2,389.4,433.4,470.8,439.7,31.1,6.61,Normal (<10%)
2024-08-17 14:00:00,Shift_2_Evening,BAL_DEEP_LEVEL_3,21.8064,80.1876,20,24,3,12,0.94,7.45,29.2,89.4,94.2,21.7,0.637,66.7,416.0,547.1,565.7,429.6,136.1,24.06,Moderate (10-25%)
2024-08-17 22:00:00,Shift_3_Night,BAL_SOUTH_PIT,21.8005,80.1901,17,19,4,16,1.18,7.46,22.3,14.8,65.1,31.9,0.295,13.9,538.4,446.4,557.9,468.5,89.4,16.02,Moderate (10-25%)
2024-08-18 06:00:00,Shift_1_Morning,BAL_SOUTH_PIT,21.8005,80.1901,23,25,3,16,0.21,8.03,23.8,48.2,72.8,30.0,0.486,30.4,453.0,398.2,461.6,366.2,95.4,20.67,Moderate (10-25%)
2024-08-18 14:00:00,Shift_2_Evening,BAL_SOUTH_PIT,21.8005,80.1901,25,26,4,16,1.3,7.98,17.0,7.1,61.3,34.7,0.197,3.9,528.8,345.4,582.8,485.1,97.7,16.76,Moderate (10-25%)
2024-08-18 22:00:00,Shift_3_Night,BAL_NORTH_PIT,21.8121,80.1843,16,18,3,12,2.6,7.6,35.0,100.0,93.3,15.0,0.858,91.8,402.9,395.6,590.6,413.4,177.2,30.0,Critical (>25%)
2024-08-19 06:00:00,Shift_1_Morning,UKWA_EXTENSION,21.7932,80.2015,18,19,4,12,0.66,7.77,19.9,15.3,70.4,30.6,0.237,11.8,481.2,386.7,465.3,407.4,57.9,12.44,Moderate (10-25%)
2024-08-19 14:00:00,Shift_2_Evening,BAL_SOUTH_PIT,21.8005,80.1901,15,18,4,15,2.49,7.92,32.8,100.0,98.0,17.9,0.833,72.6,533.9,543.7,470.9,341.4,129.5,27.5,Critical (>25%)
2024-08-19 22:00:00,Shift_3_Night,UKWA_EXTENSION,21.7932,80.2015,17,21,3,12,1.2,7.92,30.0,76.2,83.8,21.9,0.6,53.8,587.1,537.0,501.1,384.1,117.0,23.35,Moderate (10-25%)
2024-08-20 06:00:00,Shift_1_Morning,BAL_DEEP_LEVEL_3,21.8064,80.1876,22,24,4,13,2.05,7.27,34.1,100.0,95.7,15.3,0.79,82.3,452.6,441.0,588.2,421.5,166.7,28.34,Critical (>25%)
2024-08-20 14:00:00,Shift_2_Evening,BAL_SOUTH_PIT,21.8005,80.1901,22,24,2,16,0.06,7.4,23.1,34.7,76.7,27.3,0.366,30.5,560.8,392.9,575.3,469.8,105.5,18.34,Moderate (10-25%)
2024-08-20 22:00:00,Shift_3_Night,BAL_SOUTH_PIT,21.8005,80.1901,17,18,4,12,0.97,7.91,29.8,82.2,86.4,21.7,0.63,61.6,284.9,341.7,420.5,330.8,89.7,21.33,Moderate (10-25%)
2024-08-21 06:00:00,Shift_1_Morning,BAL_DEEP_LEVEL_3,21.8064,80.1876,20,21,3,12,1.11,7.48,22.7,22.2,63.1,30.8,0.25,15.9,470.5,435.1,478.5,357.2,121.3,25.35,Critical (>25%)
2024-08-21 14:00:00,Shift_2_Evening,BAL_SOUTH_PIT,21.8005,80.1901,26,26,3,14,1.1,8.11,22.6,16.4,65.0,34.4,0.315,12.4,406.6,472.1,510.7,436.1,74.6,14.61,Moderate (10-25%)
2024-08-21 22:00:00,Shift_3_Night,UKWA_EXTENSION,21.7932,80.2015,23,25,4,16,0.23,7.98,20.8,22.5,69.8,33.0,0.326,13.0,399.1,378.4,500.6,468.5,32.1,6.41,Normal (<10%)
2024-08-22 06:00:00,Shift_1_Morning,BAL_NORTH_PIT,21.8121,80.1843,23,26,3,14,1.31,7.4,20.7,8.8,64.9,33.8,0.181,11.2,403.3,405.4,438.8,339.2,99.6,22.7,Moderate (10-25%)
2024-08-22 14:00:00,Shift_2_Evening,UKWA_EXTENSION,21.7932,80.2015,16,20,3,11,4.27,7.49,35.0,100.0,86.2,15.0,0.847,97.9,468.6,550.4,571.8,362.3,209.5,36.64,Critical (>25%)
2024-08-22 22:00:00,Shift_3_Night,BAL_NORTH_PIT,21.8121,80.1843,22,23,4,14,1.2,7.6,20.9,6.1,60.8,36.0,0.176,12.1,516.8,470.5,535.4,468.3,67.1,12.53,Moderate (10-25%)
2024-08-23 06:00:00,Shift_1_Morning,BAL_NORTH_PIT,21.8121,80.1843,18,20,4,16,1.06,7.9,26.2,55.9,74.3,26.7,0.49,46.4,600.2,505.8,567.6,505.7,61.9,10.91,Moderate (10-25%)
2024-08-23 14:00:00,Shift_2_Evening,UKWA_EXTENSION,21.7932,80.2015,19,21,3,14,2.22,7.91,23.5,51.3,81.1,25.4,0.462,38.4,346.9,516.7,571.8,423.7,148.1,25.9,Critical (>25%)
2024-08-23 22:00:00,Shift_3_Night,UKWA_EXTENSION,21.7932,80.2015,22,24,3,11,1.24,7.56,22.4,32.5,67.6,31.0,0.316,29.8,499.4,464.7,549.7,429.4,120.3,21.88,Moderate (10-25%)
2024-08-24 06:00:00,Shift_1_Morning,UKWA_EXTENSION,21.7932,80.2015,25,26,4,12,1.03,7.48,25.5,47.9,74.4,27.8,0.548,37.5,517.8,424.8,487.8,394.8,93.0,19.07,Moderate (10-25%)
2024-08-24 14:00:00,Shift_2_Evening,UKWA_EXTENSION,21.7932,80.2015,24,24,3,13,0.16,7.56,19.3,12.4,61.9,36.0,0.175,17.0,511.0,386.5,522.1,465.2,56.9,10.9,Moderate (10-25%)
2024-08-24 22:00:00,Shift_3_Night,BAL_DEEP_LEVEL_3,21.8064,80.1876,18,19,2,16,1.78,8.0,21.5,36.8,74.5,29.9,0.285,25.6,350.8,573.1,432.1,349.8,82.3,19.05,Moderate (10-25%)
2024-08-25 06:00:00,Shift_1_Morning,BAL_SOUTH_PIT,21.8005,80.1901,18,18,3,14,0.5,8.07,20.0,13.8,70.2,35.2,0.277,22.4,443.4,546.1,534.7,497.3,37.4,6.99,Normal (<10%)
2024-08-25 14:00:00,Shift_2_Evening,BAL_NORTH_PIT,21.8121,80.1843,17,20,3,16,1.43,7.9,33.3,100.0,95.3,17.2,0.802,75.2,422.7,490.9,435.9,341.6,94.3,21.63,Moderate (10-25%)
2024-08-25 22:00:00,Shift_3_Night,UKWA_EXTENSION,21.7932,80.2015,26,28,3,14,1.35,7.5,25.1,66.3,85.5,26.1,0.486,48.4,433.8,391.8,538.8,428.7,110.1,20.43,Moderate (10-25%)
2024-08-26 06:00:00,Shift_1_Morning,UKWA_EXTENSION,21.7932,80.2015,15,17,3,12,2.03,7.48,31.6,100.0,97.7,18.6,0.724,80.8,444.9,512.0,445.9,344.6,101.3,22.72,Moderate (10-25%)
2024-08-26 14:00:00,Shift_2_Evening,UKWA_EXTENSION,21.7932,80.2015,20,22,3,16,0.88,7.88,20.8,12.4,54.7,32.4,0.202,9.3,515.0,391.2,423.5,352.7,70.8,16.72,Moderate (10-25%)
2024-08-26 22:00:00,Shift_3_Night,BAL_DEEP_LEVEL_3,21.8064,80.1876,25,26,3,16,0.87,7.34,20.5,15.0,69.4,30.5,0.292,17.5,502.8,476.6,433.1,367.5,65.6,15.15,Moderate (10-25%)
2024-08-27 06:00:00,Shift_1_Morning,UKWA_EXTENSION,21.7932,80.2015,20,22,3,16,1.29,7.57,22.4,12.0,63.0,35.4,0.218,11.7,400.6,405.9,400.4,315.5,84.9,21.2,Moderate (10-25%)
2024-08-27 14:00:00,Shift_2_Evening,UKWA_EXTENSION,21.7932,80.2015,18,19,4,11,1.44,7.46,18.4,6.2,56.1,33.8,0.201,6.3,591.2,556.8,543.7,448.1,95.6,17.58,Moderate (10-25%)
2024-08-27 22:00:00,Shift_3_Night,UKWA_EXTENSION,21.7932,80.2015,20,20,4,12,0.44,7.4,20.8,13.6,62.4,31.1,0.215,12.9,532.3,567.8,546.5,456.7,89.8,16.43,Moderate (10-25%)
2024-08-28 06:00:00,Shift_1_Morning,BAL_SOUTH_PIT,21.8005,80.1901,17,18,3,12,0.68,7.99,29.6,63.9,85.8,22.2,0.625,45.1,533.4,443.6,503.0,415.8,87.2,17.34,Moderate (10-25%)
2024-08-28 14:00:00,Shift_2_Evening,BAL_DEEP_LEVEL_3,21.8064,80.1876,18,18,3,14,0.16,7.61,23.8,13.3,74.3,35.3,0.315,17.5,393.8,478.8,432.3,376.8,55.5,12.84,Moderate (10-25%)
2024-08-28 22:00:00,Shift_3_Night,UKWA_EXTENSION,21.7932,80.2015,24,26,4,14,0.28,7.77,23.3,42.6,66.4,27.4,0.391,35.6,519.0,508.3,416.7,343.5,73.2,17.57,Moderate (10-25%)
2024-08-29 06:00:00,Shift_1_Morning,BAL_NORTH_PIT,21.8121,80.1843,19,22,4,14,1.04,7.85,29.1,72.9,85.3,20.1,0.542,53.8,402.3,441.0,403.8,292.3,111.5,27.61,Critical (>25%)
2024-08-29 14:00:00,Shift_2_Evening,BAL_NORTH_PIT,21.8121,80.1843,18,20,3,16,1.6,7.41,23.2,37.6,82.3,28.3,0.404,30.4,369.7,484.4,433.1,314.3,118.8,27.43,Critical (>25%)
2024-08-29 22:00:00,Shift_3_Night,BAL_NORTH_PIT,21.8121,80.1843,19,20,4,16,0.61,8.15,21.0,31.0,79.3,32.6,0.347,25.3,548.4,439.6,578.2,523.2,55.0,9.51,Normal (<10%)
2024-08-30 06:00:00,Shift_1_Morning,BAL_DEEP_LEVEL_3,21.8064,80.1876,21,23,4,15,1.08,8.03,21.9,26.3,51.6,34.2,0.315,19.5,560.9,435.2,448.3,415.8,32.5,7.25,Normal (<10%)
2024-08-30 14:00:00,Shift_2_Evening,BAL_DEEP_LEVEL_3,21.8064,80.1876,17,18,3,16,1.04,7.58,21.7,21.6,78.8,32.9,0.322,11.5,491.9,481.5,470.9,389.2,81.7,17.35,Moderate (10-25%)
2024-08-30 22:00:00,Shift_3_Night,BAL_NORTH_PIT,21.8121,80.1843,19,21,3,12,0.6,7.89,22.0,13.1,71.4,31.9,0.255,10.2,422.9,515.9,421.1,377.7,43.4,10.31,Moderate (10-25%)
2024-08-31 06:00:00,Shift_1_Morning,UKWA_EXTENSION,21.7932,80.2015,21,23,3,15,2.8,7.89,26.2,46.4,64.7,26.3,0.44,41.3,569.1,552.6,444.5,338.8,105.7,23.78,Moderate (10-25%)
2024-08-31 14:00:00,Shift_2_Evening,BAL_DEEP_LEVEL_3,21.8064,80.1876,21,25,4,14,1.6,8.04,20.9,27.2,65.3,31.5,0.311,29.7,476.9,436.4,503.8,408.3,95.5,18.96,Moderate (10-25%)
2024-08-31 22:00:00,Shift_3_Night,BAL_NORTH_PIT,21.8121,80.1843,20,24,3,14,2.31,8.01,29.1,81.2,92.4,23.7,0.659,56.7,507.0,519.6,521.6,425.6,96.0,18.4,Moderate (10-25%)
2024-09-01 06:00:00,Shift_1_Morning,BAL_NORTH_PIT,21.8121,80.1843,23,27,3,12,0.88,8.05,23.8,62.6,80.3,25.7,0.488,44.6,475.1,435.5,449.1,363.4,85.7,19.08,Moderate (10-25%)
2024-09-01 14:00:00,Shift_2_Evening,UKWA_EXTENSION,21.7932,80.2015,22,22,3,16,0.4,7.98,24.0,39.6,70.4,24.7,0.409,29.2,400.5,412.5,411.5,358.6,52.9,12.86,Moderate (10-25%)
2024-09-01 22:00:00,Shift_3_Night,BAL_SOUTH_PIT,21.8005,80.1901,17,18,4,12,0.77,8.03,21.3,20.5,67.5,31.4,0.261,16.0,487.3,508.6,478.2,418.8,59.4,12.42,Moderate (10-25%)
2024-09-02 06:00:00,Shift_1_Morning,BAL_DEEP_LEVEL_3,21.8064,80.1876,23,23,3,12,0.35,8.02,19.2,12.2,68.4,29.5,0.292,4.7,443.7,481.3,446.8,423.1,23.7,5.3,Normal (<10%)
2024-09-02 14:00:00,Shift_2_Evening,UKWA_EXTENSION,21.7932,80.2015,23,26,2,14,1.23,7.58,27.2,68.9,79.5,20.2,0.551,52.1,474.1,452.8,443.9,341.2,102.7,23.14,Moderate (10-25%)
2024-09-02 22:00:00,Shift_3_Night,BAL_NORTH_PIT,21.8121,80.1843,20,22,2,12,0.91,7.58,22.3,18.0,66.1,31.2,0.308,21.4,523.9,450.6,592.0,492.4,99.6,16.82,Moderate (10-25%)
2024-09-03 06:00:00,Shift_1_Morning,BAL_NORTH_PIT,21.8121,80.1843,18,19,3,12,0.84,7.34,20.8,11.8,69.4,29.0,0.281,13.1,510.7,530.3,523.3,439.1,84.2,16.09,Moderate (10-25%)
2024-09-03 14:00:00,Shift_2_Evening,UKWA_EXTENSION,21.7932,80.2015,22,23,2,13,0.51,7.78,20.1,8.8,60.0,26.5,0.203,7.9,545.0,397.0,511.4,458.5,52.9,10.34,Moderate (10-25%)
2024-09-03 22:00:00,Shift_3_Night,BAL_DEEP_LEVEL_3,21.8064,80.1876,17,20,3,14,1.21,8.1,21.7,19.6,61.1,28.7,0.286,12.2,467.2,422.4,483.2,384.3,98.9,20.47,Moderate (10-25%)
2024-09-04 06:00:00,Shift_1_Morning,BAL_SOUTH_PIT,21.8005,80.1901,23,27,3,15,1.17,8.12,28.7,69.9,79.3,23.1,0.55,50.1,484.7,489.8,485.8,402.0,83.8,17.25,Moderate (10-25%)
2024-09-04 14:00:00,Shift_2_Evening,BAL_SOUTH_PIT,21.8005,80.1901,17,18,4,14,1.73,7.4,22.0,15.5,61.3,28.4,0.221,15.4,537.0,526.9,508.2,429.1,79.1,15.56,Moderate (10-25%)
2024-09-04 22:00:00,Shift_3_Night,BAL_NORTH_PIT,21.8121,80.1843,20,22,3,12,0.66,7.31,24.5,58.0,75.6,22.7,0.467,39.8,551.4,525.4,539.3,430.8,108.5,20.12,Moderate (10-25%)
2024-09-05 06:00:00,Shift_1_Morning,BAL_DEEP_LEVEL_3,21.8064,80.1876,23,26,3,13,2.13,7.51,25.4,37.7,64.5,27.1,0.391,17.0,421.3,407.8,540.4,382.7,157.7,29.18,Critical (>25%)
2024-09-05 14:00:00,Shift_2_Evening,BAL_SOUTH_PIT,21.8005,80.1901,24,27,3,12,1.01,8.09,27.4,58.4,80.7,25.5,0.51,39.8,389.8,420.7,434.3,359.8,74.5,17.15,Moderate (10-25%)
2024-09-05 22:00:00,Shift_3_Night,BAL_DEEP_LEVEL_3,21.8064,80.1876,21,25,3,13,0.79,7.68,28.5,80.2,89.4,23.1,0.574,62.3,435.8,437.9,500.0,406.3,93.7,18.74,Moderate (10-25%)
2024-09-06 06:00:00,Shift_1_Morning,BAL_DEEP_LEVEL_3,21.8064,80.1876,17,19,3,16,2.07,7.55,25.2,61.7,74.9,26.3,0.47,42.3,502.5,498.1,482.4,357.5,124.9,25.89,Critical (>25%)
2024-09-06 14:00:00,Shift_2_Evening,BAL_NORTH_PIT,21.8121,80.1843,16,18,3,16,0.58,7.96,23.0,31.8,67.2,26.4,0.336,26.0,458.9,537.3,574.1,467.3,106.8,18.6,Moderate (10-25%)
2024-09-06 22:00:00,Shift_3_Night,BAL_SOUTH_PIT,21.8005,80.1901,22,22,3,11,0.25,7.41,18.2,1.2,60.5,31.0,0.165,2.7,378.1,549.3,526.3,457.2,69.1,13.13,Moderate (10-25%)
2024-09-07 06:00:00,Shift_1_Morning,UKWA_EXTENSION,21.7932,80.2015,18,20,3,16,1.19,8.0,22.0,35.1,67.2,25.5,0.342,22.1,396.0,402.6,506.5,420.0,86.5,17.08,Moderate (10-25%)
2024-09-07 14:00:00,Shift_2_Evening,BAL_NORTH_PIT,21.8121,80.1843,16,18,3,12,2.35,7.47,27.0,44.1,80.3,25.9,0.395,38.1,529.6,507.0,423.1,312.1,111.0,26.23,Critical (>25%)
2024-09-07 22:00:00,Shift_3_Night,BAL_SOUTH_PIT,21.8005,80.1901,18,19,4,14,0.25,7.9,21.5,36.3,67.1,27.3,0.379,32.0,438.5,471.4,521.1,445.6,75.5,14.49,Moderate (10-25%)
2024-09-08 06:00:00,Shift_1_Morning,BAL_SOUTH_PIT,21.8005,80.1901,18,21,4,16,1.04,8.2,27.3,54.6,75.2,28.5,0.48,33.0,450.8,386.8,423.4,361.0,62.4,14.74,Moderate (10-25%)
2024-09-08 14:00:00,Shift_2_Evening,BAL_SOUTH_PIT,21.8005,80.1901,21,21,3,14,0.5,8.18,20.2,8.3,59.7,34.2,0.215,14.6,394.5,398.6,467.4,423.8,43.6,9.33,Normal (<10%)
2024-09-08 22:00:00,Shift_3_Night,BAL_SOUTH_PIT,21.8005,80.1901,19,20,4,14,0.9,8.11,26.3,39.2,77.9,26.5,0.395,32.0,505.0,469.6,428.6,361.7,66.9,15.61,Moderate (10-25%)
2024-09-09 06:00:00,Shift_1_Morning,BAL_SOUTH_PIT,21.8005,80.1901,16,17,3,12,1.41,7.91,19.7,10.9,63.6,29.5,0.252,4.3,522.1,460.9,538.4,470.4,68.0,12.63,Moderate (10-25%)
2024-09-09 14:00:00,Shift_2_Evening,BAL_DEEP_LEVEL_3,21.8064,80.1876,20,22,3,11,1.26,7.59,30.8,87.0,98.0,19.0,0.701,66.2,528.4,431.3,441.3,342.9,98.4,22.3,Moderate (10-25%)
2024-09-09 22:00:00,Shift_3_Night,BAL_NORTH_PIT,21.8121,80.1843,23,26,2,16,1.4,8.06,20.7,24.1,70.4,30.9,0.315,28.0,413.7,478.7,478.4,403.6,74.8,15.64,Moderate (10-25%)
2024-09-10 06:00:00,Shift_1_Morning,BAL_DEEP_LEVEL_3,21.8064,80.1876,21,24,3,13,1.17,8.04,24.5,58.2,82.4,24.6,0.445,34.8,438.3,589.4,579.1,481.2,97.9,16.91,Moderate (10-25%)
2024-09-10 14:00:00,Shift_2_Evening,UKWA_EXTENSION,21.7932,80.2015,24,25,3,14,0.79,8.12,22.3,12.3,63.1,32.2,0.256,7.9,418.1,385.2,440.9,389.0,51.9,11.77,Moderate (10-25%)
2024-09-10 22:00:00,Shift_3_Night,BAL_SOUTH_PIT,21.8005,80.1901,22,24,4,14,0.91,8.06,23.2,21.0,64.0,32.8,0.36,8.8,486.7,481.8,501.6,443.8,57.8,11.52,Moderate (10-25%)
2024-09-11 06:00:00,Shift_1_Morning,BAL_NORTH_PIT,21.8121,80.1843,23,26,3,15,1.03,7.57,27.2,50.9,77.4,26.4,0.47,40.8,411.2,435.1,483.9,374.2,109.7,22.67,Moderate (10-25%)
2024-09-11 14:00:00,Shift_2_Evening,BAL_SOUTH_PIT,21.8005,80.1901,19,21,4,14,0.0,8.06,20.8,18.6,64.0,32.0,0.298,21.7,344.3,320.5,403.6,362.4,41.2,10.21,Moderate (10-25%)
2024-09-11 22:00:00,Shift_3_Night,BAL_NORTH_PIT,21.8121,80.1843,22,24,3,14,0.87,7.53,29.0,64.4,71.5,22.6,0.511,57.4,458.2,444.3,558.6,457.1,101.5,18.17,Moderate (10-25%)
2024-09-12 06:00:00,Shift_1_Morning,BAL_DEEP_LEVEL_3,21.8064,80.1876,21,24,4,13,1.36,7.82,21.9,35.1,77.5,22.8,0.384,24.5,446.1,400.1,413.8,347.6,66.2,16.0,Moderate (10-25%)
2024-09-12 14:00:00,Shift_2_Evening,BAL_NORTH_PIT,21.8121,80.1843,19,22,2,13,0.18,8.01,24.3,55.2,78.9,25.1,0.509,43.4,386.4,425.2,494.9,450.8,44.1,8.91,Normal (<10%)
2024-09-12 22:00:00,Shift_3_Night,UKWA_EXTENSION,21.7932,80.2015,20,21,3,16,1.98,7.44,22.1,36.3,67.8,28.4,0.359,32.2,418.8,461.3,512.1,402.1,110.0,21.48,Moderate (10-25%)
2024-09-13 06:00:00,Shift_1_Morning,UKWA_EXTENSION,21.7932,80.2015,18,20,4,16,0.67,7.37,24.8,32.5,72.8,24.3,0.349,33.4,599.6,458.5,525.7,437.6,88.1,16.76,Moderate (10-25%)
2024-09-13 14:00:00,Shift_2_Evening,BAL_NORTH_PIT,21.8121,80.1843,19,20,4,14,0.7,7.67,22.7,29.9,70.4,30.1,0.354,21.5,486.5,528.5,537.7,435.1,102.6,19.08,Moderate (10-25%)
2024-09-13 22:00:00,Shift_3_Night,BAL_NORTH_PIT,21.8121,80.1843,21,23,3,14,0.11,8.17,24.1,20.3,74.3,30.9,0.281,19.1,400.5,447.9,450.7,410.4,40.3,8.94,Normal (<10%)
2024-09-14 06:00:00,Shift_1_Morning,BAL_NORTH_PIT,21.8121,80.1843,22,24,3,16,0.23,7.64,23.5,33.8,73.0,30.2,0.33,33.4,530.0,416.9,402.0,352.5,49.5,12.31,Moderate (10-25%)
2024-09-14 14:00:00,Shift_2_Evening,BAL_NORTH_PIT,21.8121,80.1843,20,22,4,16,0.62,8.03,24.4,29.2,69.4,29.9,0.32,27.6,490.1,409.9,544.7,471.5,73.2,13.44,Moderate (10-25%)
2024-09-14 22:00:00,Shift_3_Night,UKWA_EXTENSION,21.7932,80.2015,26,27,4,16,0.29,7.64,17.8,8.0,65.6,33.6,0.185,18.9,461.3,574.3,507.1,421.8,85.3,16.82,Moderate (10-25%)
2024-09-15 06:00:00,Shift_1_Morning,BAL_SOUTH_PIT,21.8005,80.1901,19,20,3,12,2.03,7.5,22.8,15.4,65.8,29.9,0.254,13.4,425.4,545.6,567.2,393.5,173.7,30.62,Critical (>25%)
2024-09-15 14:00:00,Shift_2_Evening,BAL_NORTH_PIT,21.8121,80.1843,25,26,3,16,1.05,8.02,22.1,3.2,62.5,30.4,0.109,0.0,556.4,575.0,564.3,508.5,55.8,9.89,Normal (<10%)
2024-09-15 22:00:00,Shift_3_Night,BAL_NORTH_PIT,21.8121,80.1843,25,26,2,16,0.25,7.39,20.6,19.0,71.2,27.6,0.234,14.7,558.6,472.1,568.7,478.4,90.3,15.88,Moderate (10-25%)
2024-09-16 06:00:00,Shift_1_Morning,UKWA_EXTENSION,21.7932,80.2015,20,24,4,16,1.49,7.54,24.2,58.0,72.9,26.2,0.47,43.1,363.1,345.3,497.0,338.7,158.3,31.85,Critical (>25%)
2024-09-16 14:00:00,Shift_2_Evening,UKWA_EXTENSION,21.7932,80.2015,23,25,3,13,0.91,8.01,27.5,80.3,82.2,20.5,0.662,61.6,489.8,506.7,466.7,396.3,70.4,15.08,Moderate (10-25%)
2024-09-16 22:00:00,Shift_3_Night,BAL_DEEP_LEVEL_3,21.8064,80.1876,17,18,2,16,0.18,7.87,21.8,14.4,61.8,30.4,0.163,9.3,487.8,438.0,558.3,475.3,83.0,14.87,Moderate (10-25%)
2024-09-17 06:00:00,Shift_1_Morning,BAL_NORTH_PIT,21.8121,80.1843,20,24,3,14,2.82,7.99,35.0,100.0,93.8,15.0,0.867,88.3,499.9,493.1,490.3,343.0,147.3,30.04,Critical (>25%)
2024-09-17 14:00:00,Shift_2_Evening,BAL_DEEP_LEVEL_3,21.8064,80.1876,19,19,4,14,0.79,7.49,21.5,21.6,72.2,29.3,0.181,21.0,469.3,556.6,436.7,393.5,43.2,9.89,Normal (<10%)
2024-09-17 22:00:00,Shift_3_Night,UKWA_EXTENSION,21.7932,80.2015,23,25,4,14,0.47,7.68,28.9,72.9,76.2,24.2,0.577,58.4,534.8,405.7,571.0,470.1,100.9,17.67,Moderate (10-25%)
2024-09-18 06:00:00,Shift_1_Morning,UKWA_EXTENSION,21.7932,80.2015,15,18,4,14,1.24,7.59,27.5,67.8,82.0,23.8,0.549,50.7,389.4,376.0,576.5,423.6,152.9,26.52,Critical (>25%)
2024-09-18 14:00:00,Shift_2_Evening,BAL_SOUTH_PIT,21.8005,80.1901,18,18,3,16,1.63,7.5,25.7,65.3,77.5,24.6,0.479,50.4,516.5,404.4,493.3,347.5,145.8,29.56,Critical (>25%)
2024-09-18 22:00:00,Shift_3_Night,BAL_NORTH_PIT,21.8121,80.1843,23,25,4,12,0.0,7.52,20.4,3.4,70.3,31.7,0.202,0.8,348.6,485.6,415.1,342.9,72.2,17.39,Moderate (10-25%)
2024-09-19 06:00:00,Shift_1_Morning,BAL_DEEP_LEVEL_3,21.8064,80.1876,17,18,3,14,0.21,8.0,22.1,19.0,71.2,29.6,0.275,10.0,415.0,523.3,477.6,417.7,59.9,12.54,Moderate (10-25%)
2024-09-19 14:00:00,Shift_2_Evening,UKWA_EXTENSION,21.7932,80.2015,16,17,4,16,0.03,7.48,22.7,1.4,63.8,30.9,0.21,8.6,590.0,396.9,560.7,481.4,79.3,14.14,Moderate (10-25%)
2024-09-19 22:00:00,Shift_3_Night,UKWA_EXTENSION,21.7932,80.2015,17,20,4,16,1.24,7.89,22.7,41.1,77.3,22.6,0.349,33.2,603.3,564.8,580.4,501.4,79.0,13.61,Moderate (10-25%)
2024-09-20 06:00:00,Shift_1_Morning,BAL_DEEP_LEVEL_3,21.8064,80.1876,24,27,4,12,1.83,7.48,21.8,26.1,61.9,30.1,0.315,28.2,409.8,387.8,440.7,316.8,123.9,28.11,Critical (>25%)
2024-09-20 14:00:00,Shift_2_Evening,BAL_SOUTH_PIT,21.8005,80.1901,19,19,2,12,1.17,7.93,25.2,40.8,84.8,26.6,0.44,40.9,367.8,520.9,413.4,312.8,100.6,24.33,Moderate (10-25%)
2024-09-20 22:00:00,Shift_3_Night,UKWA_EXTENSION,21.7932,80.2015,16,18,3,13,0.8,7.37,21.7,25.0,63.8,28.5,0.317,10.2,581.5,478.9,575.5,443.7,131.8,22.9,Moderate (10-25%)
2024-09-21 06:00:00,Shift_1_Morning,BAL_NORTH_PIT,21.8121,80.1843,16,18,4,12,0.72,7.55,28.8,79.8,91.1,21.3,0.64,67.2,407.2,393.5,477.9,328.0,149.9,31.37,Critical (>25%)
2024-09-21 14:00:00,Shift_2_Evening,UKWA_EXTENSION,21.7932,80.2015,21,23,4,11,0.1,8.04,21.2,6.1,66.1,34.3,0.254,6.4,526.4,523.2,508.4,448.3,60.1,11.82,Moderate (10-25%)
2024-09-21 22:00:00,Shift_3_Night,BAL_NORTH_PIT,21.8121,80.1843,19,19,4,13,0.29,7.32,24.4,19.8,70.4,26.7,0.375,27.6,466.5,398.4,593.6,460.3,133.3,22.46,Moderate (10-25%)
2024-09-22 06:00:00,Shift_1_Morning,BAL_DEEP_LEVEL_3,21.8064,80.1876,23,26,3,15,0.77,7.99,20.2,25.3,73.8,30.0,0.265,17.8,365.6,355.4,413.3,351.1,62.2,15.05,Moderate (10-25%)
2024-09-22 14:00:00,Shift_2_Evening,BAL_NORTH_PIT,21.8121,80.1843,20,23,4,12,1.29,7.6,25.1,35.2,77.4,28.4,0.398,27.4,545.3,496.5,529.7,430.7,99.0,18.69,Moderate (10-25%)
2024-09-22 22:00:00,Shift_3_Night,BAL_DEEP_LEVEL_3,21.8064,80.1876,16,18,3,12,1.17,7.61,21.6,23.8,67.9,31.4,0.265,13.5,458.1,381.7,414.8,340.3,74.5,17.96,Moderate (10-25%)
2024-09-23 06:00:00,Shift_1_Morning,BAL_NORTH_PIT,21.8121,80.1843,19,24,3,15,1.62,8.1,29.1,73.4,80.4,23.1,0.571,48.7,544.5,451.1,475.1,394.2,80.9,17.03,Moderate (10-25%)
2024-09-23 14:00:00,Shift_2_Evening,BAL_DEEP_LEVEL_3,21.8064,80.1876,18,18,4,11,0.45,7.5,19.2,12.4,65.2,32.0,0.228,9.1,451.1,473.9,560.8,477.0,83.8,14.94,Moderate (10-25%)
2024-09-23 22:00:00,Shift_3_Night,BAL_NORTH_PIT,21.8121,80.1843,18,20,2,14,0.51,7.92,22.2,23.0,68.0,26.4,0.306,20.1,427.9,420.7,486.7,433.9,52.8,10.85,Moderate (10-25%)
2024-09-24 06:00:00,Shift_1_Morning,BAL_SOUTH_PIT,21.8005,80.1901,14,17,4,15,1.2,7.39,31.7,100.0,93.0,15.5,0.769,82.1,389.8,530.4,599.4,394.6,204.8,34.17,Critical (>25%)
2024-09-24 14:00:00,Shift_2_Evening,BAL_NORTH_PIT,21.8121,80.1843,24,24,4,11,0.47,7.53,22.6,10.1,69.3,30.6,0.224,3.3,404.0,530.6,511.8,440.5,71.3,13.93,Moderate (10-25%)
2024-09-24 22:00:00,Shift_3_Night,BAL_NORTH_PIT,21.8121,80.1843,19,23,4,12,1.31,7.54,29.3,97.0,92.2,18.8,0.682,73.8,489.0,547.0,464.2,358.4,105.8,22.79,Moderate (10-25%)
2024-09-25 06:00:00,Shift_1_Morning,BAL_SOUTH_PIT,21.8005,80.1901,15,20,4,12,2.45,7.63,35.0,100.0,96.1,15.0,0.859,95.7,378.8,393.5,444.0,328.6,115.4,25.99,Critical (>25%)
2024-09-25 14:00:00,Shift_2_Evening,UKWA_EXTENSION,21.7932,80.2015,22,22,3,15,0.79,7.61,22.5,6.1,58.8,34.8,0.194,7.2,459.4,320.7,470.1,345.3,124.8,26.55,Critical (>25%)
2024-09-25 22:00:00,Shift_3_Night,UKWA_EXTENSION,21.7932,80.2015,23,23,4,16,0.31,7.49,22.1,26.5,69.8,30.1,0.289,24.1,388.2,560.2,474.5,408.3,66.2,13.95,Moderate (10-25%)
2024-09-26 06:00:00,Shift_1_Morning,BAL_NORTH_PIT,21.8121,80.1843,22,26,4,14,0.67,7.38,24.6,32.0,61.8,27.5,0.335,24.4,401.4,479.6,413.7,297.3,116.4,28.14,Critical (>25%)
2024-09-26 14:00:00,Shift_2_Evening,BAL_SOUTH_PIT,21.8005,80.1901,21,22,4,11,2.12,7.97,26.8,64.2,76.9,19.6,0.546,50.9,411.6,413.3,473.9,379.3,94.6,19.96,Moderate (10-25%)
2024-09-26 22:00:00,Shift_3_Night,BAL_NORTH_PIT,21.8121,80.1843,18,21,2,14,1.82,7.52,25.7,51.4,79.7,24.9,0.406,41.9,362.5,436.5,492.8,335.3,157.5,31.96,Critical (>25%)
2024-09-27 06:00:00,Shift_1_Morning,BAL_DEEP_LEVEL_3,21.8064,80.1876,17,19,4,12,1.73,7.48,26.2,49.6,79.9,25.4,0.403,39.8,520.1,554.5,544.5,416.4,128.1,23.53,Moderate (10-25%)
2024-09-27 14:00:00,Shift_2_Evening,BAL_DEEP_LEVEL_3,21.8064,80.1876,18,20,3,16,1.02,7.44,27.5,69.3,81.0,19.0,0.517,58.0,506.5,499.4,531.3,411.2,120.1,22.6,Moderate (10-25%)
2024-09-27 22:00:00,Shift_3_Night,BAL_NORTH_PIT,21.8121,80.1843,18,20,4,13,0.06,8.03,19.7,4.6,64.3,31.8,0.232,4.5,564.1,466.3,541.8,539.6,2.2,0.41,Normal (<10%)
2024-09-28 06:00:00,Shift_1_Morning,UKWA_EXTENSION,21.7932,80.2015,25,27,4,14,1.39,7.95,26.1,67.6,84.5,20.8,0.564,38.9,379.2,381.2,401.7,319.5,82.2,20.46,Moderate (10-25%)
2024-09-28 14:00:00,Shift_2_Evening,UKWA_EXTENSION,21.7932,80.2015,25,26,4,12,0.68,7.44,23.8,46.4,78.8,23.0,0.417,35.4,541.9,465.3,443.5,383.8,59.7,13.46,Moderate (10-25%)
2024-09-28 22:00:00,Shift_3_Night,BAL_NORTH_PIT,21.8121,80.1843,20,22,4,11,1.57,7.53,27.2,42.2,73.2,25.4,0.407,25.5,474.9,446.3,532.3,382.2,150.1,28.2,Critical (>25%)
2024-09-29 06:00:00,Shift_1_Morning,BAL_NORTH_PIT,21.8121,80.1843,22,26,3,13,2.26,7.46,27.2,90.6,81.8,20.6,0.644,70.1,393.5,486.4,496.8,328.2,168.6,33.94,Critical (>25%)
2024-09-29 14:00:00,Shift_2_Evening,BAL_DEEP_LEVEL_3,21.8064,80.1876,18,20,4,12,0.97,8.02,24.4,42.3,76.3,22.0,0.37,29.4,510.0,335.2,401.1,325.0,76.1,18.97,Moderate (10-25%)
2024-09-29 22:00:00,Shift_3_Night,UKWA_EXTENSION,21.7932,80.2015,20,20,3,16,1.56,7.53,20.7,10.5,75.5,30.9,0.222,10.1,497.7,577.6,560.9,483.0,77.9,13.89,Moderate (10-25%)
2024-09-30 06:00:00,Shift_1_Morning,BAL_NORTH_PIT,21.8121,80.1843,19,22,3,16,0.28,7.89,22.2,18.1,62.8,29.5,0.338,18.5,551.5,600.3,554.6,521.7,32.9,5.93,Normal (<10%)
2024-09-30 14:00:00,Shift_2_Evening,BAL_DEEP_LEVEL_3,21.8064,80.1876,21,22,3,16,0.42,7.45,23.8,40.4,73.5,25.5,0.384,25.8,370.9,585.6,509.7,385.1,124.6,24.45,Moderate (10-25%)
2024-09-30 22:00:00,Shift_3_Night,UKWA_EXTENSION,21.7932,80.2015,23,23,4,11,1.88,8.14,18.7,2.0,58.6,36.9,0.125,1.1,360.4,439.6,413.3,347.3,66.0,15.97,Moderate (10-25%)
2024-10-01 06:00:00,Shift_1_Morning,BAL_SOUTH_PIT,21.8005,80.1901,19,20,4,12,0.63,7.88,20.8,12.6,76.5,25.4,0.197,9.0,430.0,421.6,553.3,485.0,68.3,12.34,Moderate (10-25%)
2024-10-01 14:00:00,Shift_2_Evening,BAL_DEEP_LEVEL_3,21.8064,80.1876,25,26,3,12,1.12,7.29,21.6,8.6,58.8,24.6,0.199,12.2,526.4,395.2,516.7,435.6,81.1,15.7,Moderate (10-25%)
2024-10-01 22:00:00,Shift_3_Night,UKWA_EXTENSION,21.7932,80.2015,22,23,3,14,1.5,7.31,18.4,10.7,62.9,25.7,0.202,9.2,557.8,465.5,556.4,442.7,113.7,20.43,Moderate (10-25%)
2024-10-02 06:00:00,Shift_1_Morning,UKWA_EXTENSION,21.7932,80.2015,17,18,4,14,0.07,7.5,21.4,6.3,60.3,28.9,0.21,8.6,441.3,494.5,550.3,446.2,104.1,18.92,Moderate (10-25%)
2024-10-02 14:00:00,Shift_2_Evening,BAL_DEEP_LEVEL_3,21.8064,80.1876,26,27,4,13,0.47,7.5,19.8,7.3,57.5,28.0,0.237,10.8,541.7,442.5,560.6,508.8,51.8,9.24,Normal (<10%)
2024-10-02 22:00:00,Shift_3_Night,BAL_SOUTH_PIT,21.8005,80.1901,18,20,3,16,1.61,7.49,18.7,6.8,57.6,28.0,0.202,12.8,387.8,585.3,503.6,378.1,125.5,24.92,Moderate (10-25%)
2024-10-03 06:00:00,Shift_1_Morning,BAL_DEEP_LEVEL_3,21.8064,80.1876,23,24,4,14,0.41,7.62,20.2,3.1,63.8,30.6,0.101,0.5,442.0,527.1,428.1,384.1,44.0,10.28,Moderate (10-25%)
2024-10-03 14:00:00,Shift_2_Evening,UKWA_EXTENSION,21.7932,80.2015,18,20,3,14,0.88,7.23,20.8,2.2,66.2,24.0,0.227,8.4,482.2,507.3,534.2,394.2,140.0,26.21,Critical (>25%)
2024-10-03 22:00:00,Shift_3_Night,BAL_NORTH_PIT,21.8121,80.1843,17,19,3,14,0.51,8.04,18.1,9.1,61.2,27.7,0.208,2.5,390.0,437.4,524.1,475.8,48.3,9.22,Normal (<10%)
2024-10-04 06:00:00,Shift_1_Morning,BAL_NORTH_PIT,21.8121,80.1843,17,18,4,13,0.75,7.66,22.0,2.9,70.5,31.2,0.225,0.0,509.5,586.2,548.5,477.5,71.0,12.94,Moderate (10-25%)
2024-10-04 14:00:00,Shift_2_Evening,BAL_DEEP_LEVEL_3,21.8064,80.1876,19,20,4,16,0.0,7.39,19.8,6.5,52.5,26.0,0.247,12.7,477.0,497.7,434.0,362.7,71.3,16.43,Moderate (10-25%)
2024-10-04 22:00:00,Shift_3_Night,UKWA_EXTENSION,21.7932,80.2015,20,22,4,16,0.78,7.96,19.5,5.4,56.6,27.1,0.153,12.0,354.8,397.3,439.0,403.4,35.6,8.11,Normal (<10%)
2024-10-05 06:00:00,Shift_1_Morning,BAL_NORTH_PIT,21.8121,80.1843,21,24,3,11,0.94,7.42,20.6,9.9,60.2,25.9,0.219,2.1,543.8,523.0,578.1,492.0,86.1,14.89,Moderate (10-25%)
2024-10-05 14:00:00,Shift_2_Evening,UKWA_EXTENSION,21.7932,80.2015,24,25,3,12,0.32,7.41,22.7,8.9,63.8,27.3,0.234,10.7,488.6,462.4,550.0,461.8,88.2,16.04,Moderate (10-25%)
2024-10-05 22:00:00,Shift_3_Night,BAL_DEEP_LEVEL_3,21.8064,80.1876,23,25,3,16,1.12,7.47,22.3,9.8,63.3,27.9,0.245,3.0,428.6,473.5,581.6,463.5,118.1,20.31,Moderate (10-25%)
2024-10-06 06:00:00,Shift_1_Morning,BAL_NORTH_PIT,21.8121,80.1843,18,18,3,16,1.2,7.64,21.1,4.1,61.9,32.0,0.242,16.6,420.4,508.2,551.7,451.9,99.8,18.09,Moderate (10-25%)
2024-10-06 14:00:00,Shift_2_Evening,UKWA_EXTENSION,21.7932,80.2015,16,18,3,15,0.8,8.18,20.1,15.9,68.2,30.2,0.231,18.9,487.4,444.7,519.4,513.2,6.2,1.19,Normal (<10%)
2024-10-06 22:00:00,Shift_3_Night,BAL_NORTH_PIT,21.8121,80.1843,18,19,4,11,1.71,7.97,20.3,11.8,72.5,27.6,0.26,18.8,436.3,388.3,530.8,441.3,89.5,16.86,Moderate (10-25%)
2024-10-07 06:00:00,Shift_1_Morning,BAL_DEEP_LEVEL_3,21.8064,80.1876,17,18,3,14,0.87,7.69,20.7,2.6,66.4,31.8,0.188,8.3,603.9,436.6,577.8,548.0,29.8,5.16,Normal (<10%)
2024-10-07 14:00:00,Shift_2_Evening,UKWA_EXTENSION,21.7932,80.2015,26,26,3,15,0.73,7.5,21.8,19.6,67.1,27.4,0.202,11.0,476.7,497.9,515.8,413.3,102.5,19.87,Moderate (10-25%)
2024-10-07 22:00:00,Shift_3_Night,BAL_NORTH_PIT,21.8121,80.1843,24,24,3,15,0.29,8.18,20.9,13.2,64.0,31.2,0.207,8.0,548.5,483.8,526.5,503.7,22.8,4.33,Normal (<10%)
2024-10-08 06:00:00,Shift_1_Morning,BAL_DEEP_LEVEL_3,21.8064,80.1876,24,26,4,11,1.07,7.49,19.6,7.2,69.7,27.1,0.267,4.2,392.0,410.3,431.3,346.3,85.0,19.71,Moderate (10-25%)
2024-10-08 14:00:00,Shift_2_Evening,BAL_NORTH_PIT,21.8121,80.1843,22,25,3,16,0.52,8.01,19.3,3.4,71.5,27.8,0.17,7.3,437.9,425.3,494.8,439.8,55.0,11.12,Moderate (10-25%)
2024-10-08 22:00:00,Shift_3_Night,BAL_NORTH_PIT,21.8121,80.1843,19,20,4,10,1.03,8.04,22.8,9.9,67.0,30.4,0.203,0.8,438.1,513.3,543.3,469.9,73.4,13.51,Moderate (10-25%)
2024-10-09 06:00:00,Shift_1_Morning,BAL_SOUTH_PIT,21.8005,80.1901,19,19,3,14,0.3,8.32,18.9,7.0,61.4,33.4,0.214,7.5,513.5,467.2,454.2,473.6,0.0,0.0,Normal (<10%)
2024-10-09 14:00:00,Shift_2_Evening,BAL_SOUTH_PIT,21.8005,80.1901,23,25,4,14,0.95,7.59,21.7,6.3,64.0,31.4,0.209,2.4,446.5,474.1,440.5,386.6,53.9,12.24,Moderate (10-25%)
2024-10-09 22:00:00,Shift_3_Night,BAL_DEEP_LEVEL_3,21.8064,80.1876,22,22,3,16,0.95,7.43,20.2,2.7,65.0,26.8,0.184,1.8,508.3,479.3,462.8,390.6,72.2,15.6,Moderate (10-25%)
2024-10-10 06:00:00,Shift_1_Morning,BAL_SOUTH_PIT,21.8005,80.1901,21,22,2,14,0.69,7.6,18.8,2.3,58.9,30.5,0.175,18.0,345.5,536.2,448.3,364.8,83.5,18.63,Moderate (10-25%)
2024-10-10 14:00:00,Shift_2_Evening,BAL_DEEP_LEVEL_3,21.8064,80.1876,23,23,3,16,0.69,7.96,20.9,10.7,66.6,26.6,0.16,11.1,447.2,448.7,443.0,403.7,39.3,8.87,Normal (<10%)
2024-10-10 22:00:00,Shift_3_Night,BAL_SOUTH_PIT,21.8005,80.1901,23,23,3,11,1.32,7.45,19.8,10.4,65.9,28.0,0.227,15.3,538.6,382.5,485.0,387.5,97.5,20.1,Moderate (10-25%)
2024-10-11 06:00:00,Shift_1_Morning,BAL_NORTH_PIT,21.8121,80.1843,25,26,3,15,1.34,7.59,20.2,6.6,69.3,29.0,0.266,10.6,374.1,469.7,581.6,457.2,124.4,21.39,Moderate (10-25%)
2024-10-11 14:00:00,Shift_2_Evening,BAL_DEEP_LEVEL_3,21.8064,80.1876,15,17,3,12,0.72,8.0,24.0,17.3,61.7,26.6,0.244,6.8,515.3,431.7,501.4,442.9,58.5,11.67,Moderate (10-25%)
2024-10-11 22:00:00,Shift_3_Night,BAL_DEEP_LEVEL_3,21.8064,80.1876,22,23,3,15,1.19,7.53,20.0,4.9,52.3,32.7,0.148,5.1,461.5,517.1,437.6,349.1,88.5,20.22,Moderate (10-25%)
2024-10-12 06:00:00,Shift_1_Morning,BAL_NORTH_PIT,21.8121,80.1843,22,22,2,15,0.73,7.5,22.8,4.3,59.4,30.5,0.185,0.0,373.1,445.4,415.4,334.6,80.8,19.45,Moderate (10-25%)
2024-10-12 14:00:00,Shift_2_Evening,BAL_DEEP_LEVEL_3,21.8064,80.1876,20,22,3,11,0.6,7.53,21.6,12.1,65.7,29.0,0.263,4.9,519.4,549.5,539.2,473.0,66.2,12.28,Moderate (10-25%)
2024-10-12 22:00:00,Shift_3_Night,BAL_DEEP_LEVEL_3,21.8064,80.1876,24,24,3,13,0.49,8.04,20.1,7.0,54.2,28.3,0.2,12.2,515.9,427.0,476.6,456.5,20.1,4.22,Normal (<10%)
2024-10-13 06:00:00,Shift_1_Morning,BAL_SOUTH_PIT,21.8005,80.1901,20,21,3,12,1.51,7.31,20.4,2.7,57.5,24.9,0.144,5.2,453.1,484.0,564.4,422.0,142.4,25.23,Critical (>25%)
2024-10-13 14:00:00,Shift_2_Evening,BAL_DEEP_LEVEL_3,21.8064,80.1876,27,27,3,16,0.61,8.07,21.5,5.9,69.6,30.6,0.207,11.2,453.2,470.7,531.9,517.8,14.1,2.65,Normal (<10%)
2024-10-13 22:00:00,Shift_3_Night,UKWA_EXTENSION,21.7932,80.2015,26,27,3,14,1.09,7.9,19.7,0.4,62.8,25.9,0.088,3.1,411.9,450.3,559.2,487.5,71.7,12.82,Moderate (10-25%)
2024-10-14 06:00:00,Shift_1_Morning,BAL_NORTH_PIT,21.8121,80.1843,18,19,3,12,0.23,7.86,23.8,16.4,66.5,24.5,0.244,10.1,522.2,473.9,454.4,401.0,53.4,11.75,Moderate (10-25%)
2024-10-14 14:00:00,Shift_2_Evening,BAL_SOUTH_PIT,21.8005,80.1901,19,21,2,12,0.23,7.49,21.4,6.2,57.9,27.9,0.247,3.3,309.9,357.6,538.5,413.9,124.6,23.14,Moderate (10-25%)
2024-10-14 22:00:00,Shift_3_Night,BAL_SOUTH_PIT,21.8005,80.1901,17,18,3,14,0.33,7.51,19.6,4.9,69.0,27.8,0.222,6.8,491.0,408.1,452.8,382.0,70.8,15.64,Moderate (10-25%)
2024-10-15 06:00:00,Shift_1_Morning,UKWA_EXTENSION,21.7932,80.2015,18,18,3,13,0.76,7.43,18.9,5.1,61.5,27.1,0.23,15.9,413.1,478.9,587.8,482.2,105.6,17.97,Moderate (10-25%)
2024-10-15 14:00:00,Shift_2_Evening,BAL_NORTH_PIT,21.8121,80.1843,16,17,3,12,0.69,8.08,18.8,4.1,63.4,28.8,0.23,1.9,537.4,414.2,527.3,498.8,28.5,5.4,Normal (<10%)
2024-10-15 22:00:00,Shift_3_Night,BAL_NORTH_PIT,21.8121,80.1843,16,18,3,12,0.13,7.87,21.4,12.6,67.4,24.0,0.255,14.1,501.5,527.1,464.9,427.3,37.6,8.09,Normal (<10%)
2024-10-16 06:00:00,Shift_1_Morning,BAL_SOUTH_PIT,21.8005,80.1901,22,25,3,15,1.26,7.46,20.0,20.2,67.8,26.5,0.273,13.7,504.4,489.2,453.9,367.2,86.7,19.1,Moderate (10-25%)
2024-10-16 14:00:00,Shift_2_Evening,BAL_DEEP_LEVEL_3,21.8064,80.1876,24,24,4,11,0.59,7.94,17.6,14.0,72.1,28.1,0.217,10.5,427.1,577.8,438.2,426.2,12.0,2.74,Normal (<10%)
2024-10-16 22:00:00,Shift_3_Night,BAL_SOUTH_PIT,21.8005,80.1901,21,25,4,14,1.02,7.5,20.3,3.7,65.2,27.0,0.207,5.7,522.1,483.4,538.9,442.4,96.5,17.91,Moderate (10-25%)
2024-10-17 06:00:00,Shift_1_Morning,BAL_NORTH_PIT,21.8121,80.1843,17,18,4,12,1.74,7.53,19.6,7.4,65.8,29.2,0.225,5.5,432.1,283.0,443.7,356.3,87.4,19.7,Moderate (10-25%)
2024-10-17 14:00:00,Shift_2_Evening,UKWA_EXTENSION,21.7932,80.2015,22,23,4,14,0.0,7.4,19.8,6.0,63.2,27.7,0.219,8.1,420.4,476.2,519.1,465.7,53.4,10.29,Moderate (10-25%)
2024-10-17 22:00:00,Shift_3_Night,BAL_SOUTH_PIT,21.8005,80.1901,25,26,2,15,1.1,7.57,21.3,10.4,66.4,29.5,0.252,15.6,471.5,356.2,452.9,361.1,91.8,20.27,Moderate (10-25%)
2024-10-18 06:00:00,Shift_1_Morning,BAL_NORTH_PIT,21.8121,80.1843,21,22,4,13,0.24,7.51,20.3,4.5,61.5,28.8,0.189,0.7,406.7,380.3,532.4,428.6,103.8,19.5,Moderate (10-25%)
2024-10-18 14:00:00,Shift_2_Evening,BAL_SOUTH_PIT,21.8005,80.1901,16,17,3,14,0.48,7.31,19.8,11.0,64.7,24.7,0.222,15.3,504.8,578.2,563.0,473.5,89.5,15.9,Moderate (10-25%)
2024-10-18 22:00:00,Shift_3_Night,BAL_DEEP_LEVEL_3,21.8064,80.1876,19,21,4,14,0.45,7.3,19.8,9.6,63.4,25.9,0.274,14.7,534.6,436.1,555.6,480.6,75.0,13.5,Moderate (10-25%)
2024-10-19 06:00:00,Shift_1_Morning,BAL_SOUTH_PIT,21.8005,80.1901,22,24,4,11,0.5,8.0,21.6,1.9,60.6,29.4,0.223,2.4,427.9,477.4,552.2,498.1,54.1,9.8,Normal (<10%)
2024-10-19 14:00:00,Shift_2_Evening,BAL_SOUTH_PIT,21.8005,80.1901,22,22,3,12,0.98,7.48,19.4,2.5,57.6,26.8,0.182,5.6,525.7,483.3,437.5,392.3,45.2,10.33,Moderate (10-25%)
2024-10-19 22:00:00,Shift_3_Night,BAL_NORTH_PIT,21.8121,80.1843,25,25,4,12,0.18,7.99,18.9,1.2,59.0,29.6,0.101,8.9,362.6,489.5,417.7,363.8,53.9,12.9,Moderate (10-25%)
2024-10-20 06:00:00,Shift_1_Morning,BAL_NORTH_PIT,21.8121,80.1843,21,23,3,14,1.32,8.0,19.5,3.0,61.0,29.1,0.179,6.7,440.0,578.1,539.8,447.0,92.8,17.19,Moderate (10-25%)
2024-10-20 14:00:00,Shift_2_Evening,BAL_NORTH_PIT,21.8121,80.1843,21,21,3,12,0.53,7.52,19.9,7.7,74.0,26.8,0.284,9.7,499.2,433.2,473.7,422.0,51.7,10.91,Moderate (10-25%)
2024-10-20 22:00:00,Shift_3_Night,BAL_SOUTH_PIT,21.8005,80.1901,21,22,4,12,0.6,8.09,19.0,10.4,68.3,29.7,0.214,11.5,457.5,424.3,486.5,454.2,32.3,6.64,Normal (<10%)
2024-10-21 06:00:00,Shift_1_Morning,BAL_DEEP_LEVEL_3,21.8064,80.1876,22,24,3,14,0.06,7.89,19.7,7.5,63.3,27.4,0.206,9.0,379.9,512.3,406.2,346.5,59.7,14.7,Moderate (10-25%)
2024-10-21 14:00:00,Shift_2_Evening,UKWA_EXTENSION,21.7932,80.2015,18,20,3,14,1.2,7.88,19.2,3.8,60.1,26.5,0.195,12.8,445.9,369.1,451.9,379.9,72.0,15.93,Moderate (10-25%)
2024-10-21 22:00:00,Shift_3_Night,UKWA_EXTENSION,21.7932,80.2015,24,24,4,12,0.68,7.39,23.0,9.6,68.1,26.4,0.268,12.5,470.0,418.6,406.7,330.4,76.3,18.76,Moderate (10-25%)
2024-10-22 06:00:00,Shift_1_Morning,BAL_NORTH_PIT,21.8121,80.1843,24,27,4,11,0.53,7.53,21.8,3.1,71.0,28.5,0.19,4.4,446.1,468.2,575.8,484.0,91.8,15.94,Moderate (10-25%)
2024-10-22 14:00:00,Shift_2_Evening,BAL_NORTH_PIT,21.8121,80.1843,18,18,3,12,1.46,7.62,21.4,9.5,67.6,28.7,0.266,7.0,487.0,502.6,448.7,353.0,95.7,21.33,Moderate (10-25%)
2024-10-22 22:00:00,Shift_3_Night,BAL_SOUTH_PIT,21.8005,80.1901,24,27,3,16,0.87,7.46,20.3,2.1,51.9,30.3,0.143,7.0,411.0,486.7,511.5,416.3,95.2,18.61,Moderate (10-25%)
2024-10-23 06:00:00,Shift_1_Morning,UKWA_EXTENSION,21.7932,80.2015,19,19,3,12,1.19,7.25,22.6,14.4,70.1,24.9,0.248,9.8,482.3,547.8,407.8,304.0,103.8,25.45,Critical (>25%)
2024-10-23 14:00:00,Shift_2_Evening,BAL_NORTH_PIT,21.8121,80.1843,18,18,3,14,0.24,7.83,22.8,14.1,70.9,23.4,0.284,7.3,431.9,380.8,533.4,449.9,83.5,15.65,Moderate (10-25%)
2024-10-23 22:00:00,Shift_3_Night,BAL_DEEP_LEVEL_3,21.8064,80.1876,24,26,3,12,1.14,7.92,20.2,1.8,73.1,28.8,0.178,0.0,384.2,545.4,464.6,384.5,80.1,17.24,Moderate (10-25%)
2024-10-24 06:00:00,Shift_1_Morning,BAL_DEEP_LEVEL_3,21.8064,80.1876,19,21,3,16,0.76,7.44,20.1,4.2,60.7,28.5,0.231,4.4,496.9,501.0,579.6,485.9,93.7,16.17,Moderate (10-25%)
2024-10-24 14:00:00,Shift_2_Evening,BAL_NORTH_PIT,21.8121,80.1843,18,19,3,16,1.51,7.96,20.8,10.6,64.7,25.0,0.187,9.7,523.2,503.5,577.6,489.5,88.1,15.25,Moderate (10-25%)
2024-10-24 22:00:00,Shift_3_Night,BAL_NORTH_PIT,21.8121,80.1843,23,23,3,15,0.31,8.0,19.4,15.3,67.8,25.8,0.26,11.1,458.3,516.4,465.1,453.2,11.9,2.56,Normal (<10%)
2024-10-25 06:00:00,Shift_1_Morning,UKWA_EXTENSION,21.7932,80.2015,26,26,3,12,1.15,7.97,19.3,13.6,62.1,27.8,0.267,11.3,540.1,504.1,580.2,531.4,48.8,8.41,Normal (<10%)
2024-10-25 14:00:00,Shift_2_Evening,UKWA_EXTENSION,21.7932,80.2015,21,22,3,14,0.0,8.1,20.9,5.9,57.4,29.2,0.144,13.8,542.3,589.1,599.2,552.6,46.6,7.78,Normal (<10%)
2024-10-25 22:00:00,Shift_3_Night,BAL_SOUTH_PIT,21.8005,80.1901,18,20,4,13,1.6,7.43,19.7,7.6,65.3,26.7,0.199,17.2,435.8,474.5,565.1,475.5,89.6,15.86,Moderate (10-25%)
2024-10-26 06:00:00,Shift_1_Morning,UKWA_EXTENSION,21.7932,80.2015,19,21,4,12,2.46,7.41,19.8,9.7,55.1,27.6,0.207,5.5,502.1,444.5,569.0,443.7,125.3,22.02,Moderate (10-25%)
2024-10-26 14:00:00,Shift_2_Evening,BAL_DEEP_LEVEL_3,21.8064,80.1876,25,26,3,10,0.99,7.55,20.3,3.6,55.4,30.8,0.189,6.9,361.7,448.5,449.8,382.7,67.1,14.92,Moderate (10-25%)
2024-10-26 22:00:00,Shift_3_Night,BAL_DEEP_LEVEL_3,21.8064,80.1876,21,22,4,12,0.71,7.85,20.4,0.6,65.4,27.4,0.173,0.0,464.0,517.9,515.3,444.5,70.8,13.74,Moderate (10-25%)
2024-10-27 06:00:00,Shift_1_Morning,BAL_NORTH_PIT,21.8121,80.1843,22,24,4,12,0.91,8.04,21.7,5.1,66.9,30.7,0.304,7.6,488.1,503.7,413.5,381.0,32.5,7.86,Normal (<10%)
2024-10-27 14:00:00,Shift_2_Evening,UKWA_EXTENSION,21.7932,80.2015,18,18,3,13,0.83,7.51,20.8,6.0,68.6,28.1,0.185,0.0,332.9,509.4,419.0,379.4,39.6,9.45,Normal (<10%)
2024-10-27 22:00:00,Shift_3_Night,BAL_SOUTH_PIT,21.8005,80.1901,23,24,4,16,0.71,7.49,23.5,5.8,66.1,28.3,0.253,4.7,501.9,526.1,599.8,511.1,88.7,14.79,Moderate (10-25%)
2024-10-28 06:00:00,Shift_1_Morning,BAL_DEEP_LEVEL_3,21.8064,80.1876,23,24,4,16,0.38,8.16,20.4,7.7,62.1,32.2,0.13,11.6,577.6,414.0,465.3,426.1,39.2,8.42,Normal (<10%)
2024-10-28 14:00:00,Shift_2_Evening,BAL_DEEP_LEVEL_3,21.8064,80.1876,25,27,4,14,0.9,7.44,23.1,3.4,68.7,28.8,0.166,5.7,436.6,427.8,549.6,472.3,77.3,14.06,Moderate (10-25%)
2024-10-28 22:00:00,Shift_3_Night,BAL_SOUTH_PIT,21.8005,80.1901,22,24,4,11,2.03,7.71,21.4,2.6,59.8,33.9,0.2,5.4,384.9,439.2,561.3,435.9,125.4,22.34,Moderate (10-25%)
2024-10-29 06:00:00,Shift_1_Morning,BAL_SOUTH_PIT,21.8005,80.1901,24,24,4,12,1.44,7.98,20.3,16.5,65.1,26.1,0.29,10.0,479.7,422.8,571.6,503.9,67.7,11.84,Moderate (10-25%)
2024-10-29 14:00:00,Shift_2_Evening,BAL_DEEP_LEVEL_3,21.8064,80.1876,16,17,3,14,0.22,7.87,20.9,7.9,62.8,27.6,0.252,2.3,494.2,558.5,599.5,594.4,5.1,0.85,Normal (<10%)
2024-10-29 22:00:00,Shift_3_Night,BAL_DEEP_LEVEL_3,21.8064,80.1876,19,20,3,14,0.13,7.51,19.2,5.2,64.4,28.1,0.164,6.6,412.0,486.5,448.3,381.1,67.2,14.99,Moderate (10-25%)
2024-10-30 06:00:00,Shift_1_Morning,BAL_SOUTH_PIT,21.8005,80.1901,16,19,4,16,0.0,7.89,18.8,3.1,60.1,28.3,0.145,12.9,366.8,495.6,408.1,377.4,30.7,7.52,Normal (<10%)
2024-10-30 14:00:00,Shift_2_Evening,BAL_DEEP_LEVEL_3,21.8064,80.1876,18,19,3,14,0.84,7.42,21.2,23.9,61.4,25.4,0.308,13.7,505.4,462.8,482.2,433.8,48.4,10.04,Moderate (10-25%)
2024-10-30 22:00:00,Shift_3_Night,BAL_NORTH_PIT,21.8121,80.1843,24,26,4,12,1.08,8.04,19.7,12.5,63.1,29.9,0.242,16.1,483.3,430.9,426.0,391.2,34.8,8.17,Normal (<10%)
2024-10-31 06:00:00,Shift_1_Morning,BAL_NORTH_PIT,21.8121,80.1843,20,20,3,14,1.13,8.06,18.8,11.2,65.1,29.3,0.277,8.2,460.2,498.9,404.5,375.7,28.8,7.12,Normal (<10%)
2024-10-31 14:00:00,Shift_2_Evening,BAL_SOUTH_PIT,21.8005,80.1901,22,22,4,13,0.78,7.44,18.4,5.6,63.8,27.9,0.215,8.7,537.8,512.8,472.1,376.0,96.1,20.36,Moderate (10-25%)
2024-10-31 22:00:00,Shift_3_Night,UKWA_EXTENSION,21.7932,80.2015,22,22,3,14,0.02,8.1,20.7,8.4,62.4,29.5,0.23,17.6,518.9,451.1,556.7,509.8,46.9,8.42,Normal (<10%)
2024-11-01 06:00:00,Shift_1_Morning,BAL_SOUTH_PIT,21.8005,80.1901,23,24,3,12,1.54,7.62,18.8,4.7,64.4,29.4,0.167,7.1,418.0,496.2,513.2,441.5,71.7,13.97,Moderate (10-25%)
2024-11-01 14:00:00,Shift_2_Evening,BAL_SOUTH_PIT,21.8005,80.1901,24,26,3,12,0.82,8.14,19.9,3.2,54.3,31.9,0.161,11.1,546.6,383.1,462.6,420.6,42.0,9.08,Normal (<10%)
2024-11-01 22:00:00,Shift_3_Night,UKWA_EXTENSION,21.7932,80.2015,19,20,4,15,1.14,7.55,16.8,3.5,64.5,28.5,0.209,12.0,402.4,385.0,530.9,434.1,96.8,18.23,Moderate (10-25%)
2024-11-02 06:00:00,Shift_1_Morning,UKWA_EXTENSION,21.7932,80.2015,24,26,3,13,0.0,8.14,20.8,12.0,73.3,28.2,0.16,15.1,374.2,325.7,446.4,418.6,27.8,6.23,Normal (<10%)
2024-11-02 14:00:00,Shift_2_Evening,UKWA_EXTENSION,21.7932,80.2015,19,20,4,12,0.5,7.81,20.4,10.5,62.2,21.3,0.244,9.4,459.6,446.8,402.9,363.0,39.9,9.9,Normal (<10%)
2024-11-02 22:00:00,Shift_3_Night,BAL_NORTH_PIT,21.8121,80.1843,20,20,4,16,0.1,7.47,20.9,15.4,66.6,23.5,0.298,13.2,449.8,539.7,552.9,452.3,100.6,18.19,Moderate (10-25%)
2024-11-03 06:00:00,Shift_1_Morning,BAL_DEEP_LEVEL_3,21.8064,80.1876,17,19,3,12,0.0,7.91,21.4,18.5,67.1,22.4,0.35,17.1,386.4,418.1,524.7,475.2,49.5,9.43,Normal (<10%)
2024-11-03 14:00:00,Shift_2_Evening,BAL_NORTH_PIT,21.8121,80.1843,21,22,3,16,1.22,7.51,23.0,8.4,63.0,27.4,0.192,14.7,450.5,386.1,552.5,421.7,130.8,23.67,Moderate (10-25%)
2024-11-03 22:00:00,Shift_3_Night,BAL_DEEP_LEVEL_3,21.8064,80.1876,17,19,3,14,0.79,7.94,21.8,10.0,60.5,23.7,0.287,12.2,364.2,476.3,407.8,329.0,78.8,19.32,Moderate (10-25%)
2024-11-04 06:00:00,Shift_1_Morning,BAL_NORTH_PIT,21.8121,80.1843,21,21,3,16,1.49,7.98,22.4,0.7,72.9,27.0,0.211,3.3,561.7,570.8,567.4,509.4,58.0,10.22,Moderate (10-25%)
2024-11-04 14:00:00,Shift_2_Evening,BAL_DEEP_LEVEL_3,21.8064,80.1876,23,23,3,14,0.68,7.69,21.3,15.8,67.4,28.2,0.235,12.4,402.2,522.0,523.9,419.2,104.7,19.98,Moderate (10-25%)
2024-11-04 22:00:00,Shift_3_Night,BAL_NORTH_PIT,21.8121,80.1843,20,22,3,13,0.82,7.98,18.5,5.7,58.5,27.4,0.18,0.0,521.0,586.4,512.7,453.3,59.4,11.59,Moderate (10-25%)
2024-11-05 06:00:00,Shift_1_Morning,UKWA_EXTENSION,21.7932,80.2015,18,19,3,13,0.92,8.04,22.3,8.3,61.2,26.2,0.239,3.0,387.7,478.8,524.9,431.7,93.2,17.76,Moderate (10-25%)
2024-11-05 14:00:00,Shift_2_Evening,BAL_SOUTH_PIT,21.8005,80.1901,17,18,3,14,0.44,7.48,22.1,8.5,64.5,25.0,0.27,11.1,518.3,569.2,572.9,496.9,76.0,13.27,Moderate (10-25%)
2024-11-05 22:00:00,Shift_3_Night,BAL_NORTH_PIT,21.8121,80.1843,24,26,4,16,1.4,8.01,19.6,6.8,52.7,25.8,0.214,9.9,447.2,406.2,517.4,463.8,53.6,10.36,Moderate (10-25%)
2024-11-06 06:00:00,Shift_1_Morning,BAL_DEEP_LEVEL_3,21.8064,80.1876,18,18,3,15,0.3,7.5,18.7,0.0,66.3,28.0,0.182,5.2,500.3,488.5,516.2,455.4,60.8,11.78,Moderate (10-25%)
2024-11-06 14:00:00,Shift_2_Evening,UKWA_EXTENSION,21.7932,80.2015,24,24,4,10,0.63,7.54,21.1,8.3,61.4,26.8,0.252,11.1,584.0,420.1,598.1,493.0,105.1,17.57,Moderate (10-25%)
2024-11-06 22:00:00,Shift_3_Night,BAL_NORTH_PIT,21.8121,80.1843,19,20,4,16,0.4,7.62,19.4,13.6,68.1,25.4,0.3,20.0,555.0,480.6,551.3,469.7,81.6,14.8,Moderate (10-25%)
2024-11-07 06:00:00,Shift_1_Morning,BAL_NORTH_PIT,21.8121,80.1843,19,22,4,14,0.54,8.16,18.5,10.5,67.0,28.5,0.267,11.3,478.1,412.1,488.5,431.2,57.3,11.73,Moderate (10-25%)
2024-11-07 14:00:00,Shift_2_Evening,UKWA_EXTENSION,21.7932,80.2015,23,25,3,13,0.6,8.03,19.4,1.3,66.0,31.9,0.152,0.0,518.6,471.8,541.5,513.0,28.5,5.26,Normal (<10%)
2024-11-07 22:00:00,Shift_3_Night,BAL_NORTH_PIT,21.8121,80.1843,14,17,3,15,0.47,7.56,20.6,1.3,65.5,27.1,0.206,2.8,498.1,535.6,477.8,403.9,73.9,15.47,Moderate (10-25%)
2024-11-08 06:00:00,Shift_1_Morning,BAL_SOUTH_PIT,21.8005,80.1901,16,17,3,14,1.38,7.88,22.9,11.5,68.4,26.0,0.233,13.0,487.6,469.5,445.8,374.5,71.3,15.99,Moderate (10-25%)
2024-11-08 14:00:00,Shift_2_Evening,BAL_NORTH_PIT,21.8121,80.1843,22,24,4,12,0.84,7.49,23.3,5.4,68.4,23.1,0.237,4.2,412.8,502.6,519.4,385.6,133.8,25.76,Critical (>25%)
2024-11-08 22:00:00,Shift_3_Night,BAL_SOUTH_PIT,21.8005,80.1901,22,22,4,16,0.87,8.09,19.3,5.1,61.8,27.5,0.191,3.0,441.6,555.9,585.6,571.2,14.4,2.46,Normal (<10%)
2024-11-09 06:00:00,Shift_1_Morning,BAL_SOUTH_PIT,21.8005,80.1901,25,26,3,12,0.28,7.59,22.6,17.0,78.7,26.3,0.35,23.0,476.8,534.4,585.8,499.8,86.0,14.68,Moderate (10-25%)
2024-11-09 14:00:00,Shift_2_Evening,UKWA_EXTENSION,21.7932,80.2015,18,21,3,16,1.29,7.52,21.6,7.9,65.5,26.6,0.232,2.0,518.9,466.8,468.4,361.5,106.9,22.82,Moderate (10-25%)
2024-11-09 22:00:00,Shift_3_Night,BAL_NORTH_PIT,21.8121,80.1843,21,21,4,16,0.47,8.09,18.0,2.5,61.8,27.7,0.179,10.0,478.3,594.1,505.5,470.2,35.3,6.98,Normal (<10%)
2024-11-10 06:00:00,Shift_1_Morning,UKWA_EXTENSION,21.7932,80.2015,23,26,3,11,0.19,7.55,19.8,11.1,61.8,26.1,0.284,16.7,413.6,399.3,442.3,379.8,62.5,14.13,Moderate (10-25%)
2024-11-10 14:00:00,Shift_2_Evening,BAL_NORTH_PIT,21.8121,80.1843,16,16,4,12,0.71,7.62,17.3,4.1,62.2,29.7,0.223,8.8,598.9,500.3,599.1,524.1,75.0,12.52,Moderate (10-25%)
2024-11-10 22:00:00,Shift_3_Night,BAL_NORTH_PIT,21.8121,80.1843,23,25,4,12,1.5,8.03,21.6,1.0,63.9,30.1,0.204,3.3,456.6,544.9,596.2,529.3,66.9,11.22,Moderate (10-25%)
2024-11-11 06:00:00,Shift_1_Morning,BAL_DEEP_LEVEL_3,21.8064,80.1876,22,23,3,14,0.0,7.46,23.0,10.1,65.0,26.6,0.257,5.0,498.0,403.3,529.9,471.9,58.0,10.95,Moderate (10-25%)
2024-11-11 14:00:00,Shift_2_Evening,BAL_NORTH_PIT,21.8121,80.1843,23,25,3,14,1.48,7.53,18.7,10.6,72.0,26.0,0.258,15.2,346.4,405.8,560.9,461.4,99.5,17.74,Moderate (10-25%)
2024-11-11 22:00:00,Shift_3_Night,UKWA_EXTENSION,21.7932,80.2015,22,25,4,11,1.36,7.71,19.8,5.3,60.7,22.2,0.199,10.4,449.7,537.4,543.0,464.2,78.8,14.51,Moderate (10-25%)
2024-11-12 06:00:00,Shift_1_Morning,BAL_SOUTH_PIT,21.8005,80.1901,21,23,3,16,0.09,7.54,19.2,4.8,65.0,27.4,0.149,16.5,418.6,417.2,518.6,473.4,45.2,8.72,Normal (<10%)
2024-11-12 14:00:00,Shift_2_Evening,BAL_NORTH_PIT,21.8121,80.1843,25,26,3,11,0.73,7.14,18.8,16.1,58.3,19.7,0.133,14.0,494.7,383.9,410.7,329.4,81.3,19.8,Moderate (10-25%)
2024-11-12 22:00:00,Shift_3_Night,BAL_DEEP_LEVEL_3,21.8064,80.1876,21,23,3,13,1.26,7.33,22.1,27.1,79.7,20.5,0.277,15.4,370.7,434.8,491.0,367.2,123.8,25.21,Critical (>25%)
2024-11-13 06:00:00,Shift_1_Morning,UKWA_EXTENSION,21.7932,80.2015,21,22,3,11,1.51,7.55,17.5,7.1,56.2,27.6,0.143,0.0,442.5,347.3,535.0,435.8,99.2,18.54,Moderate (10-25%)
2024-11-13 14:00:00,Shift_2_Evening,BAL_NORTH_PIT,21.8121,80.1843,17,17,4,11,1.15,7.55,20.4,12.6,75.0,24.8,0.256,5.6,469.9,479.8,535.5,453.1,82.4,15.39,Moderate (10-25%)
2024-11-13 22:00:00,Shift_3_Night,UKWA_EXTENSION,21.7932,80.2015,18,18,4,14,0.53,7.38,20.6,4.9,62.2,26.0,0.197,15.2,433.8,430.1,474.6,404.6,70.0,14.75,Moderate (10-25%)
2024-11-14 06:00:00,Shift_1_Morning,BAL_DEEP_LEVEL_3,21.8064,80.1876,21,24,4,15,0.84,7.43,20.7,1.2,50.8,27.0,0.19,1.4,534.9,505.0,588.3,489.2,99.1,16.85,Moderate (10-25%)
2024-11-14 14:00:00,Shift_2_Evening,BAL_DEEP_LEVEL_3,21.8064,80.1876,21,22,4,15,0.84,7.64,19.3,17.0,73.0,26.0,0.251,12.0,545.6,449.6,433.5,393.8,39.7,9.16,Normal (<10%)
2024-11-14 22:00:00,Shift_3_Night,UKWA_EXTENSION,21.7932,80.2015,16,17,4,13,0.77,7.95,20.5,9.3,63.5,25.8,0.203,3.5,452.6,483.0,500.1,461.0,39.1,7.82,Normal (<10%)
2024-11-15 06:00:00,Shift_1_Morning,BAL_NORTH_PIT,21.8121,80.1843,19,20,3,14,0.46,7.72,19.1,5.0,60.4,29.2,0.216,10.6,440.5,414.4,538.2,523.0,15.2,2.82,Normal (<10%)
2024-11-15 14:00:00,Shift_2_Evening,BAL_SOUTH_PIT,21.8005,80.1901,19,19,4,11,1.28,7.5,17.7,4.5,64.9,26.4,0.16,4.3,389.8,459.2,539.4,409.9,129.5,24.01,Moderate (10-25%)
2024-11-15 22:00:00,Shift_3_Night,BAL_DEEP_LEVEL_3,21.8064,80.1876,26,27,3,16,0.89,8.04,21.7,3.4,66.7,27.9,0.246,4.7,491.5,455.4,529.7,471.3,58.4,11.03,Moderate (10-25%)
2024-11-16 06:00:00,Shift_1_Morning,BAL_NORTH_PIT,21.8121,80.1843,22,26,3,16,0.38,7.66,20.2,6.7,65.2,29.4,0.197,6.9,466.0,442.3,455.1,386.2,68.9,15.14,Moderate (10-25%)
2024-11-16 14:00:00,Shift_2_Evening,BAL_NORTH_PIT,21.8121,80.1843,21,23,3,14,0.26,7.51,18.6,6.0,67.9,26.3,0.151,4.9,541.5,468.1,431.2,393.4,37.8,8.77,Normal (<10%)
2024-11-16 22:00:00,Shift_3_Night,BAL_SOUTH_PIT,21.8005,80.1901,22,23,3,15,0.55,7.4,19.9,6.7,63.6,25.7,0.193,9.1,382.3,450.8,527.2,459.9,67.3,12.77,Moderate (10-25%)
2024-11-17 06:00:00,Shift_1_Morning,BAL_DEEP_LEVEL_3,21.8064,80.1876,25,26,4,14,1.37,7.49,19.7,1.9,65.0,26.9,0.196,2.5,420.7,454.4,519.9,421.3,98.6,18.97,Moderate (10-25%)
2024-11-17 14:00:00,Shift_2_Evening,BAL_DEEP_LEVEL_3,21.8064,80.1876,23,23,3,16,0.84,7.5,19.8,5.6,60.5,25.3,0.221,7.1,500.0,553.8,435.9,376.4,59.5,13.65,Moderate (10-25%)
2024-11-17 22:00:00,Shift_3_Night,BAL_NORTH_PIT,21.8121,80.1843,20,21,4,16,1.47,7.36,21.4,4.9,66.3,24.5,0.218,0.0,423.2,392.0,541.0,412.6,128.4,23.73,Moderate (10-25%)
2024-11-18 06:00:00,Shift_1_Morning,BAL_NORTH_PIT,21.8121,80.1843,21,22,3,14,1.23,7.97,21.9,7.5,61.7,26.2,0.234,4.6,403.4,354.2,491.0,409.6,81.4,16.58,Moderate (10-25%)
2024-11-18 14:00:00,Shift_2_Evening,BAL_SOUTH_PIT,21.8005,80.1901,23,24,3,11,0.69,7.93,19.4,5.0,56.2,26.6,0.158,0.6,434.4,459.8,533.6,482.9,50.7,9.5,Normal (<10%)
2024-11-18 22:00:00,Shift_3_Night,BAL_SOUTH_PIT,21.8005,80.1901,16,18,4,12,0.68,8.09,20.9,11.5,64.3,24.9,0.251,9.9,518.8,430.2,567.5,526.1,41.4,7.3,Normal (<10%)
2024-11-19 06:00:00,Shift_1_Morning,BAL_DEEP_LEVEL_3,21.8064,80.1876,27,27,3,16,1.16,8.0,21.0,5.9,61.6,26.8,0.211,7.7,441.2,483.1,433.9,403.7,30.2,6.96,Normal (<10%)
2024-11-19 14:00:00,Shift_2_Evening,UKWA_EXTENSION,21.7932,80.2015,19,22,3,11,0.38,7.97,21.6,16.2,71.3,24.3,0.284,15.4,483.0,538.3,403.8,362.5,41.3,10.23,Moderate (10-25%)
2024-11-19 22:00:00,Shift_3_Night,BAL_DEEP_LEVEL_3,21.8064,80.1876,22,24,4,15,0.56,7.49,18.9,3.2,54.3,25.1,0.164,0.0,470.8,462.7,555.8,501.9,53.9,9.7,Normal (<10%)
2024-11-20 06:00:00,Shift_1_Morning,BAL_NORTH_PIT,21.8121,80.1843,22,22,4,12,0.0,7.52,20.0,8.1,69.9,25.1,0.232,8.1,454.4,424.1,521.9,439.2,82.7,15.85,Moderate (10-25%)
2024-11-20 14:00:00,Shift_2_Evening,BAL_DEEP_LEVEL_3,21.8064,80.1876,24,24,3,12,1.03,7.56,21.4,11.5,60.8,27.8,0.179,12.9,451.9,542.1,539.9,423.4,116.5,21.58,Moderate (10-25%)
2024-11-20 22:00:00,Shift_3_Night,UKWA_EXTENSION,21.7932,80.2015,24,25,3,16,0.98,7.4,19.2,8.2,52.8,26.2,0.232,5.9,561.5,572.2,567.6,507.5,60.1,10.59,Moderate (10-25%)
2024-11-21 06:00:00,Shift_1_Morning,BAL_SOUTH_PIT,21.8005,80.1901,25,26,4,12,0.75,7.4,19.8,16.7,60.1,21.7,0.266,12.3,455.3,393.5,560.6,474.0,86.6,15.45,Moderate (10-25%)
2024-11-21 14:00:00,Shift_2_Evening,UKWA_EXTENSION,21.7932,80.2015,17,18,3,13,0.57,8.11,22.0,9.4,62.2,29.1,0.211,12.4,553.9,516.2,592.2,540.1,52.1,8.8,Normal (<10%)
2024-11-21 22:00:00,Shift_3_Night,UKWA_EXTENSION,21.7932,80.2015,20,22,3,12,0.59,7.96,22.5,13.6,66.7,22.7,0.209,13.7,458.1,431.1,507.2,419.3,87.9,17.33,Moderate (10-25%)
2024-11-22 06:00:00,Shift_1_Morning,UKWA_EXTENSION,21.7932,80.2015,18,20,3,16,0.89,7.36,20.3,7.7,62.9,26.1,0.231,8.4,532.6,398.8,497.7,401.9,95.8,19.25,Moderate (10-25%)
2024-11-22 14:00:00,Shift_2_Evening,BAL_SOUTH_PIT,21.8005,80.1901,25,25,3,12,0.52,7.54,21.1,0.7,55.3,28.0,0.203,5.9,545.1,520.8,480.4,429.5,50.9,10.6,Moderate (10-25%)
2024-11-22 22:00:00,Shift_3_Night,UKWA_EXTENSION,21.7932,80.2015,25,26,4,14,0.45,7.55,20.6,7.9,58.7,26.6,0.165,13.6,438.4,316.7,430.7,367.2,63.5,14.74,Moderate (10-25%)
2024-11-23 06:00:00,Shift_1_Morning,UKWA_EXTENSION,21.7932,80.2015,26,27,4,13,1.05,7.85,20.7,13.3,58.6,24.0,0.191,13.6,469.1,559.9,514.5,423.5,91.0,17.69,Moderate (10-25%)
2024-11-23 14:00:00,Shift_2_Evening,UKWA_EXTENSION,21.7932,80.2015,21,22,4,12,0.95,8.02,18.5,7.9,63.3,26.1,0.184,0.0,560.3,540.9,455.4,405.0,50.4,11.07,Moderate (10-25%)
2024-11-23 22:00:00,Shift_3_Night,BAL_NORTH_PIT,21.8121,80.1843,24,26,4,16,0.76,7.57,22.6,13.9,64.0,27.6,0.215,4.3,465.2,593.7,584.3,501.5,82.8,14.17,Moderate (10-25%)
2024-11-24 06:00:00,Shift_1_Morning,UKWA_EXTENSION,21.7932,80.2015,24,25,4,14,1.73,8.04,21.4,8.0,66.5,26.6,0.208,20.8,455.6,511.3,516.6,454.9,61.7,11.94,Moderate (10-25%)
2024-11-24 14:00:00,Shift_2_Evening,BAL_SOUTH_PIT,21.8005,80.1901,26,26,4,14,1.22,7.56,21.3,3.5,53.6,23.7,0.214,2.0,383.2,367.3,518.6,406.4,112.2,21.64,Moderate (10-25%)
2024-11-24 22:00:00,Shift_3_Night,UKWA_EXTENSION,21.7932,80.2015,24,26,4,16,0.29,7.86,24.4,29.2,67.0,20.2,0.315,25.0,523.1,377.3,471.0,380.0,91.0,19.32,Moderate (10-25%)
2024-11-25 06:00:00,Shift_1_Morning,UKWA_EXTENSION,21.7932,80.2015,17,18,4,14,1.08,8.03,18.5,4.3,73.1,27.0,0.231,15.4,480.1,408.0,410.4,370.3,40.1,9.77,Normal (<10%)
2024-11-25 14:00:00,Shift_2_Evening,BAL_SOUTH_PIT,21.8005,80.1901,19,22,4,14,1.7,7.47,19.1,13.2,67.6,26.6,0.226,17.9,530.8,389.3,406.3,299.2,107.1,26.36,Critical (>25%)
2024-11-25 22:00:00,Shift_3_Night,UKWA_EXTENSION,21.7932,80.2015,22,24,3,14,0.21,7.95,17.8,4.5,61.3,26.5,0.286,12.3,467.9,485.4,484.7,446.0,38.7,7.98,Normal (<10%)
2024-11-26 06:00:00,Shift_1_Morning,BAL_SOUTH_PIT,21.8005,80.1901,19,19,3,15,0.49,8.09,20.2,8.2,58.7,29.0,0.208,3.0,511.6,387.9,416.9,399.0,17.9,4.29,Normal (<10%)
2024-11-26 14:00:00,Shift_2_Evening,UKWA_EXTENSION,21.7932,80.2015,25,25,3,13,0.46,7.65,20.3,4.6,67.8,28.1,0.213,4.9,549.8,569.4,521.4,471.3,50.1,9.61,Normal (<10%)
2024-11-26 22:00:00,Shift_3_Night,BAL_SOUTH_PIT,21.8005,80.1901,24,26,4,16,0.65,8.18,22.7,21.5,75.2,27.6,0.288,12.4,584.2,521.1,576.2,505.9,70.3,12.2,Moderate (10-25%)
2024-11-27 06:00:00,Shift_1_Morning,UKWA_EXTENSION,21.7932,80.2015,22,22,3,15,2.24,7.63,19.7,8.0,57.4,29.6,0.204,6.6,399.9,452.6,576.6,492.6,84.0,14.57,Moderate (10-25%)
2024-11-27 14:00:00,Shift_2_Evening,UKWA_EXTENSION,21.7932,80.2015,18,19,4,12,1.82,7.99,20.1,13.0,58.5,24.2,0.185,15.0,607.7,576.0,531.8,478.8,53.0,9.97,Normal (<10%)
2024-11-27 22:00:00,Shift_3_Night,BAL_NORTH_PIT,21.8121,80.1843,22,23,2,14,1.01,7.54,19.9,2.9,62.6,29.2,0.178,4.3,425.1,502.9,442.2,373.1,69.1,15.63,Moderate (10-25%)
2024-11-28 06:00:00,Shift_1_Morning,BAL_NORTH_PIT,21.8121,80.1843,22,22,3,15,1.67,7.58,22.1,6.4,63.8,28.5,0.165,2.0,398.3,407.5,572.6,467.2,105.4,18.41,Moderate (10-25%)
2024-11-28 14:00:00,Shift_2_Evening,UKWA_EXTENSION,21.7932,80.2015,27,27,3,14,0.28,8.01,21.2,11.4,66.8,25.7,0.24,6.2,576.2,542.7,577.2,543.5,33.7,5.84,Normal (<10%)
2024-11-28 22:00:00,Shift_3_Night,UKWA_EXTENSION,21.7932,80.2015,24,26,4,12,0.88,8.01,22.5,8.6,73.6,25.5,0.23,11.5,446.7,349.1,439.3,371.7,67.6,15.39,Moderate (10-25%)
2024-11-29 06:00:00,Shift_1_Morning,BAL_DEEP_LEVEL_3,21.8064,80.1876,25,25,3,16,0.5,7.58,21.5,9.7,60.6,25.6,0.246,16.9,545.8,490.1,547.5,504.5,43.0,7.85,Normal (<10%)
2024-11-29 14:00:00,Shift_2_Evening,BAL_SOUTH_PIT,21.8005,80.1901,20,20,3,16,0.65,7.99,19.8,2.1,61.7,28.0,0.124,2.6,462.0,468.4,457.3,410.0,47.3,10.34,Moderate (10-25%)
2024-11-29 22:00:00,Shift_3_Night,BAL_DEEP_LEVEL_3,21.8064,80.1876,18,20,3,11,0.59,7.93,19.9,2.9,65.4,26.4,0.192,0.6,496.2,536.7,560.5,538.3,22.2,3.96,Normal (<10%)
2024-11-30 06:00:00,Shift_1_Morning,BAL_NORTH_PIT,21.8121,80.1843,26,27,4,12,0.58,7.96,20.0,12.1,69.8,25.0,0.276,15.5,568.1,545.5,599.4,531.7,67.7,11.29,Moderate (10-25%)
2024-11-30 14:00:00,Shift_2_Evening,BAL_NORTH_PIT,21.8121,80.1843,20,20,2,14,1.23,7.56,22.6,3.1,58.6,28.3,0.231,7.9,532.5,348.8,406.0,322.8,83.2,20.49,Moderate (10-25%)
2024-11-30 22:00:00,Shift_3_Night,BAL_NORTH_PIT,21.8121,80.1843,21,22,4,16,0.32,7.5,22.7,16.8,62.7,25.6,0.23,15.0,513.5,487.2,579.5,498.5,81.0,13.98,Moderate (10-25%)
2024-12-01 06:00:00,Shift_1_Morning,BAL_NORTH_PIT,21.8121,80.1843,18,18,4,16,0.51,7.53,21.0,4.2,60.1,26.3,0.223,2.1,331.9,378.5,524.5,454.7,69.8,13.31,Moderate (10-25%)
2024-12-01 14:00:00,Shift_2_Evening,UKWA_EXTENSION,21.7932,80.2015,20,21,4,12,2.0,8.07,20.9,6.4,71.1,28.1,0.226,5.1,437.3,462.0,594.7,509.5,85.2,14.33,Moderate (10-25%)
2024-12-01 22:00:00,Shift_3_Night,BAL_NORTH_PIT,21.8121,80.1843,16,17,4,11,0.9,7.96,21.9,2.5,56.5,27.0,0.156,10.9,440.3,535.1,493.0,417.1,75.9,15.4,Moderate (10-25%)
2024-12-02 06:00:00,Shift_1_Morning,UKWA_EXTENSION,21.7932,80.2015,16,18,4,12,1.81,7.58,18.5,5.6,60.2,27.7,0.144,0.0,410.2,542.3,569.5,480.6,88.9,15.61,Moderate (10-25%)
2024-12-02 14:00:00,Shift_2_Evening,UKWA_EXTENSION,21.7932,80.2015,22,22,3,12,1.2,7.54,22.0,0.5,66.6,26.3,0.224,0.0,356.1,378.6,412.5,318.7,93.8,22.74,Moderate (10-25%)
2024-12-02 22:00:00,Shift_3_Night,BAL_NORTH_PIT,21.8121,80.1843,23,23,3,14,0.58,7.88,19.9,4.9,57.6,22.0,0.236,13.0,416.8,406.0,467.1,426.0,41.1,8.8,Normal (<10%)
2024-12-03 06:00:00,Shift_1_Morning,BAL_NORTH_PIT,21.8121,80.1843,19,20,3,12,1.29,8.14,21.2,2.9,64.7,25.5,0.294,9.5,393.8,432.5,413.4,365.3,48.1,11.64,Moderate (10-25%)
2024-12-03 14:00:00,Shift_2_Evening,BAL_SOUTH_PIT,21.8005,80.1901,17,18,3,16,1.18,7.95,20.1,5.8,54.3,24.7,0.192,10.1,505.1,575.9,595.1,505.3,89.8,15.09,Moderate (10-25%)
2024-12-03 22:00:00,Shift_3_Night,BAL_DEEP_LEVEL_3,21.8064,80.1876,17,18,4,12,0.62,7.83,21.0,14.6,66.5,23.6,0.252,5.7,539.0,448.5,563.4,503.5,59.9,10.63,Moderate (10-25%)
2024-12-04 06:00:00,Shift_1_Morning,BAL_NORTH_PIT,21.8121,80.1843,22,23,4,14,0.97,7.4,20.1,6.2,62.0,23.9,0.145,5.6,606.5,542.1,570.5,471.0,99.5,17.44,Moderate (10-25%)
2024-12-04 14:00:00,Shift_2_Evening,BAL_SOUTH_PIT,21.8005,80.1901,23,23,3,16,0.54,7.9,19.8,4.8,62.9,23.7,0.17,6.3,512.3,544.5,587.6,575.7,11.9,2.03,Normal (<10%)
2024-12-04 22:00:00,Shift_3_Night,BAL_SOUTH_PIT,21.8005,80.1901,24,27,4,12,0.77,8.01,22.1,26.1,64.4,22.0,0.343,20.1,464.6,504.7,417.0,339.1,77.9,18.68,Moderate (10-25%)
2024-12-05 06:00:00,Shift_1_Morning,BAL_DEEP_LEVEL_3,21.8064,80.1876,22,25,4,14,0.09,7.47,18.2,7.1,63.7,23.9,0.167,15.2,517.0,411.4,477.1,418.0,59.1,12.39,Moderate (10-25%)
2024-12-05 14:00:00,Shift_2_Evening,UKWA_EXTENSION,21.7932,80.2015,25,25,4,14,0.64,7.47,20.2,17.1,64.6,23.1,0.172,9.7,441.1,513.9,414.2,338.2,76.0,18.35,Moderate (10-25%)
2024-12-05 22:00:00,Shift_3_Night,BAL_NORTH_PIT,21.8121,80.1843,18,18,3,13,0.16,8.06,22.8,21.5,73.4,24.7,0.275,5.1,465.7,497.1,442.2,424.2,18.0,4.07,Normal (<10%)
2024-12-06 06:00:00,Shift_1_Morning,BAL_DEEP_LEVEL_3,21.8064,80.1876,21,22,3,12,1.08,7.53,22.1,7.2,66.5,25.5,0.22,6.6,436.8,471.6,445.9,342.2,103.7,23.26,Moderate (10-25%)
2024-12-06 14:00:00,Shift_2_Evening,BAL_NORTH_PIT,21.8121,80.1843,17,17,3,16,0.65,8.03,18.8,12.6,59.0,24.3,0.267,8.9,406.2,460.0,493.8,491.0,2.8,0.57,Normal (<10%)
2024-12-06 22:00:00,Shift_3_Night,BAL_SOUTH_PIT,21.8005,80.1901,24,26,4,16,1.28,8.04,23.1,7.0,58.6,25.9,0.169,13.1,441.4,439.0,453.7,382.6,71.1,15.67,Moderate (10-25%)
2024-12-07 06:00:00,Shift_1_Morning,BAL_SOUTH_PIT,21.8005,80.1901,18,18,4,16,0.0,7.56,21.2,11.0,62.0,26.1,0.253,11.0,350.6,424.3,420.2,347.6,72.6,17.28,Moderate (10-25%)
2024-12-07 14:00:00,Shift_2_Evening,UKWA_EXTENSION,21.7932,80.2015,19,19,3,14,0.43,7.29,21.3,15.9,66.1,21.9,0.199,16.9,399.2,451.1,433.5,362.9,70.6,16.29,Moderate (10-25%)
2024-12-07 22:00:00,Shift_3_Night,BAL_SOUTH_PIT,21.8005,80.1901,19,20,3,15,0.26,7.96,19.9,8.3,62.5,23.0,0.215,15.7,486.2,499.2,429.5,398.3,31.2,7.26,Normal (<10%)
2024-12-08 06:00:00,Shift_1_Morning,BAL_SOUTH_PIT,21.8005,80.1901,20,20,4,12,1.68,7.28,19.3,6.2,62.2,21.7,0.196,9.5,506.2,486.4,594.6,463.0,131.6,22.13,Moderate (10-25%)
2024-12-08 14:00:00,Shift_2_Evening,BAL_DEEP_LEVEL_3,21.8064,80.1876,23,24,4,11,0.14,8.0,20.5,7.2,78.8,24.6,0.307,8.8,542.9,612.9,551.9,514.3,37.6,6.81,Normal (<10%)
2024-12-08 22:00:00,Shift_3_Night,BAL_NORTH_PIT,21.8121,80.1843,19,19,3,14,0.19,8.0,18.7,1.7,57.4,27.8,0.125,3.3,589.8,478.8,593.6,561.8,31.8,5.36,Normal (<10%)
2024-12-09 06:00:00,Shift_1_Morning,BAL_NORTH_PIT,21.8121,80.1843,20,21,3,14,1.14,8.1,21.0,10.9,70.7,26.9,0.21,6.9,379.3,413.4,487.9,406.7,81.2,16.64,Moderate (10-25%)
2024-12-09 14:00:00,Shift_2_Evening,BAL_DEEP_LEVEL_3,21.8064,80.1876,25,26,3,16,0.87,7.62,20.7,2.3,61.4,29.1,0.188,4.3,525.3,470.8,455.7,408.3,47.4,10.4,Moderate (10-25%)
2024-12-09 22:00:00,Shift_3_Night,UKWA_EXTENSION,21.7932,80.2015,24,25,3,10,0.17,8.02,18.1,6.4,52.5,24.7,0.158,10.5,502.9,599.3,559.7,542.0,17.7,3.16,Normal (<10%)
2024-12-10 06:00:00,Shift_1_Morning,BAL_NORTH_PIT,21.8121,80.1843,25,25,3,15,0.12,7.95,21.0,5.6,63.1,25.8,0.173,14.1,530.7,568.0,465.3,444.4,20.9,4.49,Normal (<10%)
2024-12-10 14:00:00,Shift_2_Evening,BAL_SOUTH_PIT,21.8005,80.1901,20,20,4,14,1.14,8.05,19.1,5.0,68.4,28.9,0.202,6.9,485.7,363.7,459.9,408.5,51.4,11.18,Moderate (10-25%)
2024-12-10 22:00:00,Shift_3_Night,BAL_NORTH_PIT,21.8121,80.1843,19,20,3,12,0.36,7.45,19.4,5.4,66.0,25.0,0.207,14.2,501.2,526.1,446.5,400.2,46.3,10.37,Moderate (10-25%)
2024-12-11 06:00:00,Shift_1_Morning,BAL_SOUTH_PIT,21.8005,80.1901,19,20,3,16,0.39,8.0,24.5,6.2,65.4,25.4,0.241,7.3,429.0,436.9,425.9,363.9,62.0,14.56,Moderate (10-25%)
2024-12-11 14:00:00,Shift_2_Evening,UKWA_EXTENSION,21.7932,80.2015,24,26,4,12,0.27,8.1,18.3,5.3,63.1,27.9,0.244,5.0,403.5,453.2,451.3,407.8,43.5,9.64,Normal (<10%)
2024-12-11 22:00:00,Shift_3_Night,BAL_DEEP_LEVEL_3,21.8064,80.1876,17,20,4,11,0.85,7.94,21.5,14.5,62.9,23.2,0.235,16.2,496.6,460.5,471.1,398.3,72.8,15.45,Moderate (10-25%)
2024-12-12 06:00:00,Shift_1_Morning,BAL_NORTH_PIT,21.8121,80.1843,22,24,3,14,0.87,7.58,19.7,7.4,67.5,25.6,0.18,7.2,485.1,418.2,534.8,489.1,45.7,8.55,Normal (<10%)
2024-12-12 14:00:00,Shift_2_Evening,BAL_DEEP_LEVEL_3,21.8064,80.1876,19,20,4,16,0.53,8.07,19.0,2.9,60.3,27.4,0.158,13.0,384.7,503.5,412.5,372.7,39.8,9.65,Normal (<10%)
2024-12-12 22:00:00,Shift_3_Night,BAL_NORTH_PIT,21.8121,80.1843,24,25,4,14,0.0,7.9,19.9,2.7,58.6,23.2,0.164,2.4,447.6,403.0,442.1,396.4,45.7,10.34,Moderate (10-25%)
2024-12-13 06:00:00,Shift_1_Morning,BAL_SOUTH_PIT,21.8005,80.1901,16,18,4,12,1.03,7.6,21.9,13.8,66.9,26.7,0.207,10.8,496.7,422.4,561.8,466.8,95.0,16.91,Moderate (10-25%)
2024-12-13 14:00:00,Shift_2_Evening,BAL_DEEP_LEVEL_3,21.8064,80.1876,23,25,3,14,1.41,7.57,20.2,3.2,59.9,28.4,0.129,6.2,507.3,505.8,429.4,360.9,68.5,15.95,Moderate (10-25%)
2024-12-13 22:00:00,Shift_3_Night,BAL_NORTH_PIT,21.8121,80.1843,16,17,4,14,0.73,8.01,20.6,15.9,72.1,22.4,0.247,11.2,338.0,459.4,468.5,386.8,81.7,17.44,Moderate (10-25%)
2024-12-14 06:00:00,Shift_1_Morning,BAL_SOUTH_PIT,21.8005,80.1901,17,18,3,15,0.43,7.92,18.9,6.4,66.1,24.5,0.259,11.3,514.6,402.2,572.9,506.3,66.6,11.63,Moderate (10-25%)
2024-12-14 14:00:00,Shift_2_Evening,BAL_DEEP_LEVEL_3,21.8064,80.1876,21,22,3,16,0.25,7.91,20.9,5.8,58.7,24.5,0.212,3.7,477.9,469.6,431.0,404.1,26.9,6.24,Normal (<10%)
2024-12-14 22:00:00,Shift_3_Night,BAL_DEEP_LEVEL_3,21.8064,80.1876,22,23,4,16,0.28,7.45,20.9,14.4,59.8,25.8,0.212,15.8,321.4,381.1,416.5,320.8,95.7,22.98,Moderate (10-25%)
2024-12-15 06:00:00,Shift_1_Morning,BAL_NORTH_PIT,21.8121,80.1843,19,20,2,12,1.06,7.55,19.3,5.3,59.5,28.6,0.184,3.9,343.2,596.2,496.9,427.4,69.5,13.99,Moderate (10-25%)
2024-12-15 14:00:00,Shift_2_Evening,BAL_NORTH_PIT,21.8121,80.1843,20,20,3,12,1.45,7.9,22.6,9.3,75.7,24.5,0.247,11.2,455.6,415.5,460.5,381.0,79.5,17.26,Moderate (10-25%)
2024-12-15 22:00:00,Shift_3_Night,BAL_NORTH_PIT,21.8121,80.1843,22,24,4,15,0.34,7.54,20.9,15.4,64.7,26.5,0.272,12.1,421.3,445.6,512.7,392.9,119.8,23.37,Moderate (10-25%)
2024-12-16 06:00:00,Shift_1_Morning,BAL_SOUTH_PIT,21.8005,80.1901,22,24,4,12,1.28,7.88,20.8,6.3,66.2,23.6,0.227,6.3,595.4,435.6,560.8,515.0,45.8,8.17,Normal (<10%)
2024-12-16 14:00:00,Shift_2_Evening,BAL_NORTH_PIT,21.8121,80.1843,25,26,3,12,0.82,7.98,21.7,11.7,58.8,24.8,0.224,5.3,433.9,401.1,427.4,383.5,43.9,10.27,Moderate (10-25%)
2024-12-16 22:00:00,Shift_3_Night,BAL_DEEP_LEVEL_3,21.8064,80.1876,16,17,4,15,1.03,7.51,22.5,6.6,56.6,26.3,0.139,0.0,490.3,409.6,516.1,433.5,82.6,16.0,Moderate (10-25%)
2024-12-17 06:00:00,Shift_1_Morning,BAL_DEEP_LEVEL_3,21.8064,80.1876,19,19,3,12,0.0,8.24,20.9,7.4,63.3,27.7,0.225,11.0,416.5,443.8,501.1,463.1,38.0,7.58,Normal (<10%)
2024-12-17 14:00:00,Shift_2_Evening,BAL_NORTH_PIT,21.8121,80.1843,25,26,4,14,1.1,7.36,20.2,13.4,73.9,22.3,0.271,5.9,431.5,495.5,428.8,339.9,88.9,20.73,Moderate (10-25%)
2024-12-17 22:00:00,Shift_3_Night,BAL_NORTH_PIT,21.8121,80.1843,20,20,3,16,0.43,7.65,20.1,8.5,57.7,27.6,0.159,14.5,402.5,529.7,524.8,450.8,74.0,14.1,Moderate (10-25%)
2024-12-18 06:00:00,Shift_1_Morning,UKWA_EXTENSION,21.7932,80.2015,19,20,4,14,1.01,8.01,19.2,10.8,59.8,25.9,0.169,6.0,461.8,454.0,454.7,402.6,52.1,11.46,Moderate (10-25%)
2024-12-18 14:00:00,Shift_2_Evening,BAL_DEEP_LEVEL_3,21.8064,80.1876,18,19,3,14,0.58,7.54,20.3,27.6,73.9,23.0,0.28,21.7,382.9,455.7,497.6,415.3,82.3,16.54,Moderate (10-25%)
2024-12-18 22:00:00,Shift_3_Night,BAL_SOUTH_PIT,21.8005,80.1901,19,20,4,14,1.74,8.01,21.3,10.8,73.6,24.6,0.282,10.1,482.3,549.7,416.5,358.0,58.5,14.05,Moderate (10-25%)
2024-12-19 06:00:00,Shift_1_Morning,UKWA_EXTENSION,21.7932,80.2015,24,25,3,13,1.29,7.54,19.6,1.4,63.7,28.3,0.229,0.2,490.8,475.3,491.9,403.7,88.2,17.93,Moderate (10-25%)
2024-12-19 14:00:00,Shift_2_Evening,BAL_NORTH_PIT,21.8121,80.1843,19,20,4,14,0.46,7.98,20.9,6.8,66.7,24.6,0.238,5.6,495.1,491.5,461.3,415.1,46.2,10.02,Moderate (10-25%)
2024-12-19 22:00:00,Shift_3_Night,BAL_NORTH_PIT,21.8121,80.1843,17,19,3,16,0.83,8.15,18.5,2.0,56.4,27.6,0.113,8.8,471.1,476.5,564.5,535.8,28.7,5.08,Normal (<10%)
2024-12-20 06:00:00,Shift_1_Morning,BAL_DEEP_LEVEL_3,21.8064,80.1876,18,18,3,12,1.43,7.95,20.2,4.3,54.7,26.8,0.137,7.9,425.9,462.2,411.4,375.0,36.4,8.85,Normal (<10%)
2024-12-20 14:00:00,Shift_2_Evening,BAL_NORTH_PIT,21.8121,80.1843,22,22,2,12,1.48,7.61,19.9,2.8,56.4,29.3,0.162,9.8,520.1,535.3,483.7,411.1,72.6,15.01,Moderate (10-25%)
2024-12-20 22:00:00,Shift_3_Night,BAL_SOUTH_PIT,21.8005,80.1901,26,27,3,16,0.6,7.94,17.5,1.3,56.6,26.4,0.186,3.0,579.2,451.8,491.7,445.9,45.8,9.31,Normal (<10%)
2024-12-21 06:00:00,Shift_1_Morning,BAL_DEEP_LEVEL_3,21.8064,80.1876,25,26,2,12,0.42,7.49,17.7,7.7,64.2,24.2,0.144,8.1,480.2,566.7,545.0,483.7,61.3,11.25,Moderate (10-25%)
2024-12-21 14:00:00,Shift_2_Evening,BAL_NORTH_PIT,21.8121,80.1843,24,26,4,11,0.64,7.39,19.8,8.3,57.6,24.0,0.199,9.5,472.1,442.7,514.9,442.3,72.6,14.1,Moderate (10-25%)
2024-12-21 22:00:00,Shift_3_Night,BAL_DEEP_LEVEL_3,21.8064,80.1876,22,22,3,12,0.09,7.55,18.8,1.6,63.4,27.3,0.182,11.2,410.5,556.9,533.4,487.5,45.9,8.61,Normal (<10%)
2024-12-22 06:00:00,Shift_1_Morning,BAL_NORTH_PIT,21.8121,80.1843,23,23,3,12,1.18,7.64,20.7,8.2,62.5,26.2,0.202,15.0,413.4,546.1,555.4,465.9,89.5,16.11,Moderate (10-25%)
2024-12-22 14:00:00,Shift_2_Evening,BAL_NORTH_PIT,21.8121,80.1843,25,25,4,14,0.11,7.49,20.1,4.3,59.8,25.0,0.239,2.8,577.9,520.6,572.4,520.6,51.8,9.05,Normal (<10%)
2024-12-22 22:00:00,Shift_3_Night,BAL_NORTH_PIT,21.8121,80.1843,25,25,3,12,0.94,7.98,20.1,8.5,68.8,24.6,0.205,8.5,368.2,469.8,462.8,445.5,17.3,3.74,Normal (<10%)
2024-12-23 06:00:00,Shift_1_Morning,BAL_SOUTH_PIT,21.8005,80.1901,24,25,3,12,1.45,7.39,18.6,5.9,59.0,25.4,0.198,1.8,415.9,396.5,507.6,385.0,122.6,24.15,Moderate (10-25%)
2024-12-23 14:00:00,Shift_2_Evening,BAL_SOUTH_PIT,21.8005,80.1901,24,26,3,11,0.54,7.98,23.9,11.9,71.8,24.6,0.279,15.4,417.3,418.9,568.0,511.4,56.6,9.96,Normal (<10%)
2024-12-23 22:00:00,Shift_3_Night,BAL_DEEP_LEVEL_3,21.8064,80.1876,24,24,3,14,0.8,7.84,20.1,8.2,69.1,21.8,0.263,9.2,473.9,509.0,597.9,541.5,56.4,9.43,Normal (<10%)
2024-12-24 06:00:00,Shift_1_Morning,BAL_NORTH_PIT,21.8121,80.1843,19,20,3,11,0.23,7.41,18.3,9.3,58.1,24.3,0.181,13.4,434.0,567.1,577.9,548.8,29.1,5.04,Normal (<10%)
2024-12-24 14:00:00,Shift_2_Evening,BAL_NORTH_PIT,21.8121,80.1843,20,22,4,16,0.0,8.02,19.1,6.9,67.9,25.7,0.152,7.1,371.3,384.7,474.3,407.2,67.1,14.15,Moderate (10-25%)
2024-12-24 22:00:00,Shift_3_Night,BAL_SOUTH_PIT,21.8005,80.1901,25,25,3,12,0.81,8.13,22.2,2.3,57.4,27.6,0.217,6.4,383.8,533.0,439.0,411.1,27.9,6.36,Normal (<10%)
2024-12-25 06:00:00,Shift_1_Morning,BAL_NORTH_PIT,21.8121,80.1843,16,17,4,15,1.01,7.78,19.7,4.8,68.4,31.2,0.169,7.4,405.5,438.0,497.9,454.9,43.0,8.64,Normal (<10%)
2024-12-25 14:00:00,Shift_2_Evening,BAL_SOUTH_PIT,21.8005,80.1901,25,25,4,13,0.84,7.94,22.0,4.4,62.2,23.7,0.11,4.6,602.8,481.8,548.3,496.2,52.1,9.5,Normal (<10%)
2024-12-25 22:00:00,Shift_3_Night,BAL_NORTH_PIT,21.8121,80.1843,17,17,4,12,0.51,7.64,19.6,1.6,53.5,30.6,0.127,8.9,481.6,450.0,498.5,427.2,71.3,14.3,Moderate (10-25%)
2024-12-26 06:00:00,Shift_1_Morning,BAL_DEEP_LEVEL_3,21.8064,80.1876,23,24,4,12,0.35,7.52,22.6,7.6,58.0,28.3,0.243,6.2,457.6,554.5,496.6,458.8,37.8,7.61,Normal (<10%)
2024-12-26 14:00:00,Shift_2_Evening,BAL_NORTH_PIT,21.8121,80.1843,20,21,3,12,0.03,7.48,19.2,5.1,60.3,26.3,0.168,2.5,496.3,569.7,567.6,492.1,75.5,13.3,Moderate (10-25%)
2024-12-26 22:00:00,Shift_3_Night,BAL_NORTH_PIT,21.8121,80.1843,17,18,3,12,0.49,8.04,21.4,3.5,65.2,26.3,0.134,0.0,560.9,379.0,472.3,453.8,18.5,3.92,Normal (<10%)
2024-12-27 06:00:00,Shift_1_Morning,UKWA_EXTENSION,21.7932,80.2015,20,21,4,12,1.0,8.01,23.4,28.1,68.6,23.9,0.337,20.3,455.2,500.7,572.0,515.9,56.1,9.81,Normal (<10%)
2024-12-27 14:00:00,Shift_2_Evening,BAL_SOUTH_PIT,21.8005,80.1901,21,23,4,14,0.37,8.01,21.1,10.1,63.1,25.8,0.208,5.0,422.1,442.2,481.4,430.9,50.5,10.49,Moderate (10-25%)
2024-12-27 22:00:00,Shift_3_Night,BAL_NORTH_PIT,21.8121,80.1843,20,21,4,12,0.23,7.96,21.4,5.4,62.7,24.8,0.189,0.0,514.2,551.4,465.6,433.7,31.9,6.85,Normal (<10%)
2024-12-28 06:00:00,Shift_1_Morning,BAL_NORTH_PIT,21.8121,80.1843,22,24,3,12,0.19,7.36,21.2,15.6,55.3,21.7,0.268,11.3,396.0,523.6,490.8,436.3,54.5,11.1,Moderate (10-25%)
2024-12-28 14:00:00,Shift_2_Evening,UKWA_EXTENSION,21.7932,80.2015,18,18,3,11,0.43,7.35,22.4,20.2,70.7,21.0,0.274,14.2,364.1,446.8,552.5,435.9,116.6,21.1,Moderate (10-25%)
2024-12-28 22:00:00,Shift_3_Night,UKWA_EXTENSION,21.7932,80.2015,23,23,4,12,1.26,8.07,17.6,9.1,71.2,26.1,0.234,10.7,473.4,437.2,425.2,372.6,52.6,12.37,Moderate (10-25%)
2024-12-29 06:00:00,Shift_1_Morning,BAL_SOUTH_PIT,21.8005,80.1901,23,24,4,12,1.63,7.47,22.2,15.0,69.2,25.1,0.217,18.1,467.5,415.8,439.3,304.4,134.9,30.71,Critical (>25%)
2024-12-29 14:00:00,Shift_2_Evening,UKWA_EXTENSION,21.7932,80.2015,20,20,3,14,1.39,7.94,20.8,4.3,60.5,25.6,0.194,8.4,506.4,488.2,590.3,539.1,51.2,8.67,Normal (<10%)
2024-12-29 22:00:00,Shift_3_Night,BAL_DEEP_LEVEL_3,21.8064,80.1876,17,19,3,14,0.4,7.5,20.6,7.3,59.2,26.2,0.235,17.0,438.5,398.5,435.1,362.9,72.2,16.59,Moderate (10-25%)
2024-12-30 06:00:00,Shift_1_Morning,UKWA_EXTENSION,21.7932,80.2015,23,24,3,11,1.61,7.58,19.6,10.3,58.4,26.4,0.19,5.0,490.0,449.0,513.5,443.4,70.1,13.65,Moderate (10-25%)
2024-12-30 14:00:00,Shift_2_Evening,BAL_DEEP_LEVEL_3,21.8064,80.1876,16,18,3,12,1.57,7.52,22.2,8.4,57.4,27.2,0.187,7.8,471.9,455.4,515.9,408.6,107.3,20.8,Moderate (10-25%)
2024-12-30 22:00:00,Shift_3_Night,BAL_SOUTH_PIT,21.8005,80.1901,25,26,3,14,0.64,7.43,21.9,18.7,78.1,22.4,0.269,17.8,443.4,453.8,497.9,428.9,69.0,13.86,Moderate (10-25%)
2024-12-31 06:00:00,Shift_1_Morning,BAL_SOUTH_PIT,21.8005,80.1901,21,23,3,16,1.18,7.62,20.6,8.6,62.1,29.9,0.161,11.3,473.2,526.2,528.9,468.8,60.1,11.36,Moderate (10-25%)
2024-12-31 14:00:00,Shift_2_Evening,BAL_SOUTH_PIT,21.8005,80.1901,27,27,3,12,1.03,8.16,20.7,6.1,69.0,26.8,0.228,13.0,418.7,415.4,446.0,380.6,65.4,14.66,Moderate (10-25%)
2024-12-31 22:00:00,Shift_3_Night,BAL_SOUTH_PIT,21.8005,80.1901,21,21,3,11,1.17,8.05,19.7,6.8,67.1,26.9,0.205,5.3,454.2,537.0,510.5,450.7,59.8,11.71,Moderate (10-25%)
2025-01-01 06:00:00,Shift_1_Morning,BAL_SOUTH_PIT,21.8005,80.1901,23,23,3,16,1.65,7.6,21.6,4.9,63.0,31.1,0.187,15.2,473.9,570.4,474.4,399.6,74.8,15.77,Moderate (10-25%)
2025-01-01 14:00:00,Shift_2_Evening,BAL_DEEP_LEVEL_3,21.8064,80.1876,20,20,3,16,1.1,8.12,22.9,12.2,60.8,28.6,0.292,12.3,388.6,530.8,532.3,485.8,46.5,8.74,Normal (<10%)
2025-01-01 22:00:00,Shift_3_Night,BAL_DEEP_LEVEL_3,21.8064,80.1876,20,22,4,12,0.78,7.61,21.1,16.1,68.5,27.6,0.258,12.3,396.0,478.1,428.2,356.4,71.8,16.77,Moderate (10-25%)
2025-01-02 06:00:00,Shift_1_Morning,BAL_SOUTH_PIT,21.8005,80.1901,22,24,3,14,1.59,7.56,18.6,1.4,55.9,28.9,0.144,9.7,475.1,404.6,514.2,429.7,84.5,16.43,Moderate (10-25%)
2025-01-02 14:00:00,Shift_2_Evening,UKWA_EXTENSION,21.7932,80.2015,20,22,3,14,1.54,7.56,19.8,10.2,66.1,27.3,0.225,9.0,351.1,496.7,437.1,358.2,78.9,18.05,Moderate (10-25%)
2025-01-02 22:00:00,Shift_3_Night,BAL_NORTH_PIT,21.8121,80.1843,23,25,3,14,1.03,7.55,17.6,4.5,57.5,27.6,0.203,0.6,453.6,493.7,455.7,381.6,74.1,16.26,Moderate (10-25%)
2025-01-03 06:00:00,Shift_1_Morning,BAL_SOUTH_PIT,21.8005,80.1901,22,24,4,15,0.97,7.89,21.1,17.3,63.8,22.8,0.253,13.7,549.0,395.5,443.7,382.6,61.1,13.77,Moderate (10-25%)
2025-01-03 14:00:00,Shift_2_Evening,UKWA_EXTENSION,21.7932,80.2015,26,26,4,15,1.07,7.57,20.0,3.7,61.9,25.4,0.251,7.8,312.0,376.7,436.6,351.6,85.0,19.47,Moderate (10-25%)
2025-01-03 22:00:00,Shift_3_Night,BAL_NORTH_PIT,21.8121,80.1843,20,20,4,12,0.1,7.86,18.5,7.0,70.1,25.2,0.211,5.6,482.6,597.5,565.1,552.9,12.2,2.16,Normal (<10%)
2025-01-04 06:00:00,Shift_1_Morning,BAL_SOUTH_PIT,21.8005,80.1901,18,19,4,11,0.81,7.42,18.8,9.3,50.1,24.2,0.127,2.4,489.7,459.6,457.1,415.6,41.5,9.08,Normal (<10%)
2025-01-04 14:00:00,Shift_2_Evening,BAL_SOUTH_PIT,21.8005,80.1901,19,19,4,12,1.38,7.63,19.8,1.7,74.2,29.3,0.218,5.5,531.4,456.7,585.4,486.4,99.0,16.91,Moderate (10-25%)
2025-01-04 22:00:00,Shift_3_Night,BAL_DEEP_LEVEL_3,21.8064,80.1876,18,18,3,12,1.79,8.08,22.7,5.8,58.1,28.0,0.164,9.3,476.0,458.6,594.0,519.4,74.6,12.56,Moderate (10-25%)
2025-01-05 06:00:00,Shift_1_Morning,BAL_NORTH_PIT,21.8121,80.1843,23,24,3,14,0.65,7.65,18.2,6.3,62.4,27.7,0.212,1.6,486.4,554.1,514.3,460.5,53.8,10.46,Moderate (10-25%)
2025-01-05 14:00:00,Shift_2_Evening,BAL_NORTH_PIT,21.8121,80.1843,21,22,4,16,0.27,7.47,20.3,3.7,65.5,27.7,0.26,10.9,407.0,392.1,428.6,356.0,72.6,16.94,Moderate (10-25%)
2025-01-05 22:00:00,Shift_3_Night,UKWA_EXTENSION,21.7932,80.2015,25,26,3,16,2.3,7.88,17.7,8.5,65.2,22.8,0.235,10.4,448.4,554.8,474.9,389.4,85.5,18.0,Moderate (10-25%)
2025-01-06 06:00:00,Shift_1_Morning,BAL_DEEP_LEVEL_3,21.8064,80.1876,24,24,4,16,1.07,7.98,21.2,17.7,70.6,23.6,0.28,8.7,503.9,459.9,559.5,495.4,64.1,11.46,Moderate (10-25%)
2025-01-06 14:00:00,Shift_2_Evening,BAL_DEEP_LEVEL_3,21.8064,80.1876,22,24,3,16,1.14,8.01,21.7,9.5,67.9,25.0,0.212,19.6,367.2,422.5,473.5,398.3,75.2,15.88,Moderate (10-25%)
2025-01-06 22:00:00,Shift_3_Night,BAL_DEEP_LEVEL_3,21.8064,80.1876,18,19,4,14,1.05,7.51,20.8,6.6,74.6,25.9,0.249,2.2,488.5,533.5,417.4,357.9,59.5,14.25,Moderate (10-25%)
2025-01-07 06:00:00,Shift_1_Morning,BAL_DEEP_LEVEL_3,21.8064,80.1876,23,23,3,12,0.45,7.61,20.1,14.2,68.9,26.4,0.2,14.8,571.4,559.1,511.4,443.8,67.6,13.22,Moderate (10-25%)
2025-01-07 14:00:00,Shift_2_Evening,BAL_NORTH_PIT,21.8121,80.1843,16,17,3,16,0.41,7.96,23.1,8.0,64.6,27.0,0.297,14.2,386.1,403.9,569.0,471.0,98.0,17.22,Moderate (10-25%)
2025-01-07 22:00:00,Shift_3_Night,BAL_NORTH_PIT,21.8121,80.1843,17,18,3,16,1.62,8.04,18.5,6.1,59.0,26.1,0.152,1.8,445.0,578.9,559.2,518.6,40.6,7.26,Normal (<10%)
2025-01-08 06:00:00,Shift_1_Morning,BAL_SOUTH_PIT,21.8005,80.1901,18,18,3,16,1.7,7.4,21.6,2.1,58.3,31.0,0.152,2.4,475.8,386.5,435.0,344.9,90.1,20.71,Moderate (10-25%)
2025-01-08 14:00:00,Shift_2_Evening,BAL_SOUTH_PIT,21.8005,80.1901,22,25,1,12,0.76,7.55,21.7,17.8,72.5,24.2,0.241,25.1,385.0,367.9,534.6,416.2,118.4,22.15,Moderate (10-25%)
2025-01-08 22:00:00,Shift_3_Night,BAL_DEEP_LEVEL_3,21.8064,80.1876,27,27,3,16,0.32,8.0,21.6,6.7,72.9,29.3,0.279,17.5,496.4,462.4,444.1,400.7,43.4,9.77,Normal (<10%)
2025-01-09 06:00:00,Shift_1_Morning,BAL_DEEP_LEVEL_3,21.8064,80.1876,19,21,4,12,1.89,7.93,22.2,8.0,68.8,26.3,0.227,4.9,468.7,537.9,443.6,384.0,59.6,13.44,Moderate (10-25%)
2025-01-09 14:00:00,Shift_2_Evening,BAL_DEEP_LEVEL_3,21.8064,80.1876,20,22,4,14,0.26,7.98,21.8,6.5,46.8,26.8,0.168,12.2,517.6,464.1,574.8,521.5,53.3,9.27,Normal (<10%)
2025-01-09 22:00:00,Shift_3_Night,BAL_SOUTH_PIT,21.8005,80.1901,16,18,4,16,0.95,7.98,20.8,5.0,50.6,27.5,0.158,0.0,546.9,526.4,449.9,422.3,27.6,6.13,Normal (<10%)
2025-01-10 06:00:00,Shift_1_Morning,UKWA_EXTENSION,21.7932,80.2015,23,23,3,12,1.33,7.47,20.0,6.0,61.7,26.3,0.162,8.3,481.3,442.1,452.6,365.2,87.4,19.31,Moderate (10-25%)
2025-01-10 14:00:00,Shift_2_Evening,UKWA_EXTENSION,21.7932,80.2015,19,20,4,12,1.83,7.68,21.5,15.6,65.4,28.1,0.264,10.4,416.9,397.5,400.1,303.5,96.6,24.14,Moderate (10-25%)
2025-01-10 22:00:00,Shift_3_Night,BAL_SOUTH_PIT,21.8005,80.1901,23,24,4,16,0.29,7.49,20.5,9.7,63.9,25.0,0.244,9.4,409.0,484.7,574.1,473.6,100.5,17.51,Moderate (10-25%)
2025-01-11 06:00:00,Shift_1_Morning,BAL_SOUTH_PIT,21.8005,80.1901,24,25,3,16,1.05,7.48,19.1,9.2,70.9,26.2,0.283,11.6,346.5,396.1,558.5,458.8,99.7,17.85,Moderate (10-25%)
2025-01-11 14:00:00,Shift_2_Evening,BAL_SOUTH_PIT,21.8005,80.1901,20,22,4,11,0.0,7.79,19.7,6.4,68.1,23.7,0.178,13.8,509.5,478.4,525.5,462.7,62.8,11.95,Moderate (10-25%)
2025-01-11 22:00:00,Shift_3_Night,BAL_SOUTH_PIT,21.8005,80.1901,17,18,3,16,0.63,7.41,18.5,10.3,65.6,23.2,0.224,12.4,408.4,395.1,550.1,487.6,62.5,11.36,Moderate (10-25%)
2025-01-12 06:00:00,Shift_1_Morning,BAL_SOUTH_PIT,21.8005,80.1901,22,24,3,14,0.48,7.97,22.3,10.2,56.6,26.4,0.226,9.9,473.2,454.0,430.4,367.3,63.1,14.66,Moderate (10-25%)
2025-01-12 14:00:00,Shift_2_Evening,BAL_SOUTH_PIT,21.8005,80.1901,23,23,4,12,0.91,7.43,18.4,12.4,58.4,25.4,0.205,7.1,394.1,463.4,491.7,404.2,87.5,17.8,Moderate (10-25%)
2025-01-12 22:00:00,Shift_3_Night,BAL_DEEP_LEVEL_3,21.8064,80.1876,23,23,3,12,0.0,7.64,20.7,5.1,62.5,28.3,0.214,12.9,469.4,472.5,470.2,439.1,31.1,6.61,Normal (<10%)
2025-01-13 06:00:00,Shift_1_Morning,BAL_DEEP_LEVEL_3,21.8064,80.1876,19,20,3,16,1.33,7.48,20.6,1.3,63.9,26.3,0.226,4.4,490.9,345.1,418.8,341.9,76.9,18.36,Moderate (10-25%)
2025-01-13 14:00:00,Shift_2_Evening,BAL_DEEP_LEVEL_3,21.8064,80.1876,26,26,3,11,0.73,8.13,21.0,9.8,57.9,28.9,0.231,6.1,427.2,380.5,497.2,437.4,59.8,12.03,Moderate (10-25%)
2025-01-13 22:00:00,Shift_3_Night,BAL_DEEP_LEVEL_3,21.8064,80.1876,22,25,4,17,0.67,7.51,17.5,5.1,65.3,28.3,0.146,6.6,487.0,471.5,584.1,533.9,50.2,8.59,Normal (<10%)
2025-01-14 06:00:00,Shift_1_Morning,BAL_SOUTH_PIT,21.8005,80.1901,16,17,3,16,0.97,8.0,20.6,6.4,54.8,26.5,0.2,3.8,393.6,396.2,408.0,336.0,72.0,17.65,Moderate (10-25%)
2025-01-14 14:00:00,Shift_2_Evening,UKWA_EXTENSION,21.7932,80.2015,26,26,2,15,0.2,7.99,22.1,8.2,51.4,27.1,0.236,9.8,387.1,464.5,458.3,407.4,50.9,11.11,Moderate (10-25%)
2025-01-14 22:00:00,Shift_3_Night,BAL_NORTH_PIT,21.8121,80.1843,23,23,3,12,0.51,7.5,20.5,3.5,57.8,28.7,0.159,10.0,504.0,395.7,441.5,351.2,90.3,20.45,Moderate (10-25%)
2025-01-15 06:00:00,Shift_1_Morning,BAL_SOUTH_PIT,21.8005,80.1901,22,23,4,15,0.54,8.17,20.6,3.6,69.7,30.6,0.207,3.1,470.6,376.0,447.6,428.7,18.9,4.22,Normal (<10%)
2025-01-15 14:00:00,Shift_2_Evening,BAL_NORTH_PIT,21.8121,80.1843,24,26,4,16,0.0,7.27,18.5,2.9,69.6,23.9,0.196,13.9,556.2,515.3,581.7,521.8,59.9,10.3,Moderate (10-25%)
2025-01-15 22:00:00,Shift_3_Night,UKWA_EXTENSION,21.7932,80.2015,23,23,4,16,0.55,7.8,20.2,12.6,59.0,20.9,0.316,10.4,452.2,360.5,493.6,443.0,50.6,10.25,Moderate (10-25%)
2025-01-16 06:00:00,Shift_1_Morning,BAL_DEEP_LEVEL_3,21.8064,80.1876,24,24,3,15,1.33,7.45,23.3,16.8,58.6,25.5,0.285,8.9,519.5,544.0,493.3,402.5,90.8,18.41,Moderate (10-25%)
2025-01-16 14:00:00,Shift_2_Evening,UKWA_EXTENSION,21.7932,80.2015,23,25,3,16,1.31,8.0,20.6,8.3,68.1,25.7,0.241,9.1,386.9,513.6,552.1,476.6,75.5,13.68,Moderate (10-25%)
2025-01-16 22:00:00,Shift_3_Night,BAL_SOUTH_PIT,21.8005,80.1901,21,22,4,12,0.83,8.07,20.3,1.4,60.4,28.6,0.203,2.1,437.4,301.6,430.9,380.0,50.9,11.81,Moderate (10-25%)
2025-01-17 06:00:00,Shift_1_Morning,BAL_DEEP_LEVEL_3,21.8064,80.1876,18,20,4,16,0.79,7.55,20.9,8.5,70.1,26.2,0.173,12.5,490.6,355.5,497.5,426.2,71.3,14.33,Moderate (10-25%)
2025-01-17 14:00:00,Shift_2_Evening,BAL_SOUTH_PIT,21.8005,80.1901,18,18,3,14,0.7,7.46,20.5,8.4,68.1,24.6,0.25,5.6,393.1,353.3,486.0,393.4,92.6,19.05,Moderate (10-25%)
2025-01-17 22:00:00,Shift_3_Night,BAL_DEEP_LEVEL_3,21.8064,80.1876,19,21,4,14,0.0,7.6,22.8,9.6,69.3,26.4,0.24,10.7,560.3,528.2,519.4,441.6,77.8,14.98,Moderate (10-25%)
2025-01-18 06:00:00,Shift_1_Morning,BAL_NORTH_PIT,21.8121,80.1843,18,19,4,14,0.29,7.6,21.9,16.2,62.3,25.1,0.261,10.6,552.4,548.1,599.9,479.3,120.6,20.1,Moderate (10-25%)
2025-01-18 14:00:00,Shift_2_Evening,BAL_NORTH_PIT,21.8121,80.1843,24,26,3,12,0.77,8.02,21.8,20.6,70.2,23.6,0.293,14.9,415.8,570.5,553.9,534.2,19.7,3.56,Normal (<10%)
2025-01-18 22:00:00,Shift_3_Night,BAL_NORTH_PIT,21.8121,80.1843,20,20,4,11,0.65,8.1,20.7,5.7,72.5,26.7,0.182,12.9,523.7,453.5,479.6,433.8,45.8,9.55,Normal (<10%)
2025-01-19 06:00:00,Shift_1_Morning,UKWA_EXTENSION,21.7932,80.2015,21,23,3,12,0.77,8.03,18.7,7.2,65.7,26.9,0.287,8.9,503.7,561.9,565.5,520.0,45.5,8.05,Normal (<10%)
2025-01-19 14:00:00,Shift_2_Evening,BAL_SOUTH_PIT,21.8005,80.1901,21,22,2,12,1.6,7.94,20.0,2.0,59.8,25.7,0.117,12.0,464.6,309.9,434.1,381.5,52.6,12.12,Moderate (10-25%)
2025-01-19 22:00:00,Shift_3_Night,UKWA_EXTENSION,21.7932,80.2015,19,21,3,16,0.32,7.57,20.2,4.8,59.8,27.4,0.208,14.6,399.3,425.8,406.1,345.2,60.9,15.0,Moderate (10-25%)
2025-01-20 06:00:00,Shift_1_Morning,BAL_NORTH_PIT,21.8121,80.1843,18,19,4,13,1.2,8.01,18.7,5.4,53.7,27.6,0.126,8.6,422.6,401.7,440.9,363.1,77.8,17.65,Moderate (10-25%)
2025-01-20 14:00:00,Shift_2_Evening,BAL_SOUTH_PIT,21.8005,80.1901,20,21,3,12,0.83,7.5,19.6,3.4,58.1,28.9,0.261,7.2,398.9,422.0,468.1,369.1,99.0,21.15,Moderate (10-25%)
2025-01-20 22:00:00,Shift_3_Night,BAL_NORTH_PIT,21.8121,80.1843,23,24,4,16,0.43,8.15,22.1,0.9,56.9,28.9,0.155,9.8,476.4,564.4,502.1,485.5,16.6,3.31,Normal (<10%)
2025-01-21 06:00:00,Shift_1_Morning,UKWA_EXTENSION,21.7932,80.2015,23,23,3,11,0.25,7.25,20.5,3.1,53.0,22.5,0.146,2.0,469.2,502.6,523.0,449.1,73.9,14.13,Moderate (10-25%)
2025-01-21 14:00:00,Shift_2_Evening,UKWA_EXTENSION,21.7932,80.2015,22,23,4,16,0.99,7.36,20.1,5.9,54.8,23.4,0.19,6.5,589.3,531.7,582.1,487.9,94.2,16.18,Moderate (10-25%)
2025-01-21 22:00:00,Shift_3_Night,UKWA_EXTENSION,21.7932,80.2015,22,22,3,13,0.4,7.38,19.8,5.4,49.3,24.9,0.169,2.3,472.7,485.8,502.0,430.0,72.0,14.34,Moderate (10-25%)
2025-01-22 06:00:00,Shift_1_Morning,BAL_NORTH_PIT,21.8121,80.1843,20,20,4,11,0.35,7.46,20.9,7.0,59.9,25.0,0.251,9.5,408.8,490.7,500.3,424.1,76.2,15.23,Moderate (10-25%)
2025-01-22 14:00:00,Shift_2_Evening,BAL_SOUTH_PIT,21.8005,80.1901,23,24,3,15,1.75,7.47,20.3,10.3,68.1,28.1,0.272,8.6,379.9,408.2,410.0,322.4,87.6,21.37,Moderate (10-25%)
2025-01-22 22:00:00,Shift_3_Night,BAL_SOUTH_PIT,21.8005,80.1901,18,18,4,13,0.52,7.85,18.6,2.8,60.9,25.7,0.193,4.0,483.7,392.0,407.0,378.8,28.2,6.93,Normal (<10%)
2025-01-23 06:00:00,Shift_1_Morning,BAL_NORTH_PIT,21.8121,80.1843,23,25,3,14,1.55,7.4,19.2,6.9,61.0,25.0,0.226,1.3,499.6,518.5,510.2,408.5,101.7,19.93,Moderate (10-25%)
2025-01-23 14:00:00,Shift_2_Evening,BAL_SOUTH_PIT,21.8005,80.1901,19,22,4,11,1.16,7.91,22.3,17.9,71.5,25.2,0.328,14.2,487.9,451.0,487.6,427.9,59.7,12.24,Moderate (10-25%)
2025-01-23 22:00:00,Shift_3_Night,BAL_NORTH_PIT,21.8121,80.1843,17,18,3,14,1.17,8.25,19.5,4.4,71.6,29.2,0.15,1.0,392.1,491.5,567.8,526.1,41.7,7.34,Normal (<10%)
2025-01-24 06:00:00,Shift_1_Morning,BAL_SOUTH_PIT,21.8005,80.1901,18,20,4,13,0.58,7.68,21.5,17.7,76.5,27.3,0.231,17.1,365.2,412.2,432.1,367.3,64.8,15.0,Moderate (10-25%)
2025-01-24 14:00:00,Shift_2_Evening,BAL_DEEP_LEVEL_3,21.8064,80.1876,22,24,4,16,0.4,7.96,22.8,5.8,63.5,25.5,0.188,5.0,526.8,477.7,405.0,381.1,23.9,5.9,Normal (<10%)
2025-01-24 22:00:00,Shift_3_Night,BAL_DEEP_LEVEL_3,21.8064,80.1876,20,21,4,13,0.79,7.96,20.2,7.5,61.0,27.6,0.164,1.3,331.1,324.1,489.8,437.8,52.0,10.62,Moderate (10-25%)
2025-01-25 06:00:00,Shift_1_Morning,UKWA_EXTENSION,21.7932,80.2015,19,19,4,15,0.63,7.89,22.7,14.7,64.6,23.1,0.303,15.7,470.9,475.6,447.5,382.1,65.4,14.61,Moderate (10-25%)
2025-01-25 14:00:00,Shift_2_Evening,BAL_DEEP_LEVEL_3,21.8064,80.1876,19,19,4,14,1.68,7.31,20.7,11.4,67.1,25.0,0.229,16.9,515.1,387.1,409.9,320.1,89.8,21.91,Moderate (10-25%)
2025-01-25 22:00:00,Shift_3_Night,BAL_DEEP_LEVEL_3,21.8064,80.1876,25,26,2,12,0.08,7.49,21.0,6.0,61.3,27.3,0.152,9.1,555.3,475.6,544.9,465.2,79.7,14.63,Moderate (10-25%)
2025-01-26 06:00:00,Shift_1_Morning,BAL_DEEP_LEVEL_3,21.8064,80.1876,16,17,4,16,1.29,7.4,20.2,10.1,63.3,25.7,0.257,10.4,501.2,441.2,422.3,347.2,75.1,17.78,Moderate (10-25%)
2025-01-26 14:00:00,Shift_2_Evening,BAL_NORTH_PIT,21.8121,80.1843,22,25,3,14,0.99,7.49,24.7,39.4,73.9,18.5,0.403,32.5,460.2,534.6,521.7,392.8,128.9,24.71,Moderate (10-25%)
2025-01-26 22:00:00,Shift_3_Night,BAL_DEEP_LEVEL_3,21.8064,80.1876,18,20,3,12,1.26,7.84,22.7,8.3,59.8,21.7,0.205,5.1,437.1,457.2,456.2,399.5,56.7,12.43,Moderate (10-25%)
2025-01-27 06:00:00,Shift_1_Morning,BAL_DEEP_LEVEL_3,21.8064,80.1876,18,20,3,13,0.77,7.92,20.4,5.2,50.5,24.4,0.14,4.3,387.8,484.2,434.7,394.4,40.3,9.27,Normal (<10%)
2025-01-27 14:00:00,Shift_2_Evening,UKWA_EXTENSION,21.7932,80.2015,23,24,4,16,0.85,8.01,19.9,6.3,59.6,26.5,0.206,6.8,373.5,472.3,476.0,420.6,55.4,11.64,Moderate (10-25%)
2025-01-27 22:00:00,Shift_3_Night,BAL_DEEP_LEVEL_3,21.8064,80.1876,19,20,4,12,0.84,8.04,20.8,7.3,71.4,24.7,0.252,7.5,496.5,362.8,560.3,485.7,74.6,13.31,Moderate (10-25%)
2025-01-28 06:00:00,Shift_1_Morning,BAL_DEEP_LEVEL_3,21.8064,80.1876,23,25,3,10,1.04,8.04,21.4,4.5,70.7,28.4,0.22,0.7,586.4,497.4,478.4,445.9,32.5,6.79,Normal (<10%)
2025-01-28 14:00:00,Shift_2_Evening,BAL_SOUTH_PIT,21.8005,80.1901,23,24,3,14,1.41,7.87,18.6,9.9,67.6,24.1,0.17,7.1,493.1,445.2,550.2,498.3,51.9,9.43,Normal (<10%)
2025-01-28 22:00:00,Shift_3_Night,UKWA_EXTENSION,21.7932,80.2015,19,21,4,16,0.85,7.59,22.8,15.3,63.5,27.2,0.26,18.9,501.7,499.0,425.1,342.4,82.7,19.45,Moderate (10-25%)
2025-01-29 06:00:00,Shift_1_Morning,UKWA_EXTENSION,21.7932,80.2015,16,17,4,16,0.0,7.92,19.1,4.0,58.3,25.3,0.156,7.4,490.3,440.1,554.6,519.4,35.2,6.35,Normal (<10%)
2025-01-29 14:00:00,Shift_2_Evening,UKWA_EXTENSION,21.7932,80.2015,25,26,4,15,1.71,8.06,19.8,4.0,70.2,28.7,0.209,3.5,385.2,549.5,447.4,395.2,52.2,11.67,Moderate (10-25%)
2025-01-29 22:00:00,Shift_3_Night,UKWA_EXTENSION,21.7932,80.2015,24,25,4,14,1.56,8.0,18.5,0.0,57.1,24.7,0.249,0.0,541.7,422.6,535.5,478.6,56.9,10.63,Moderate (10-25%)
2025-01-30 06:00:00,Shift_1_Morning,UKWA_EXTENSION,21.7932,80.2015,18,19,3,12,1.36,7.36,20.5,13.5,64.4,23.8,0.203,8.8,573.3,546.5,513.2,437.2,76.0,14.81,Moderate (10-25%)
2025-01-30 14:00:00,Shift_2_Evening,UKWA_EXTENSION,21.7932,80.2015,26,26,4,16,1.39,7.97,22.5,7.5,72.6,26.0,0.253,7.5,438.5,420.7,585.8,465.1,120.7,20.6,Moderate (10-25%)
2025-01-30 22:00:00,Shift_3_Night,BAL_NORTH_PIT,21.8121,80.1843,22,22,4,14,0.46,8.04,18.1,11.8,63.6,27.7,0.177,9.5,511.0,461.0,477.5,457.7,19.8,4.15,Normal (<10%)
2025-01-31 06:00:00,Shift_1_Morning,BAL_DEEP_LEVEL_3,21.8064,80.1876,26,27,2,15,0.53,7.56,19.3,7.8,61.4,27.2,0.224,11.0,413.5,497.7,413.2,383.8,29.4,7.12,Normal (<10%)
2025-01-31 14:00:00,Shift_2_Evening,UKWA_EXTENSION,21.7932,80.2015,22,24,4,12,0.08,7.99,21.0,20.3,73.1,22.0,0.336,17.7,394.4,353.0,403.8,361.8,42.0,10.4,Moderate (10-25%)
2025-01-31 22:00:00,Shift_3_Night,BAL_DEEP_LEVEL_3,21.8064,80.1876,16,18,3,13,1.24,7.65,20.4,3.6,61.6,31.0,0.143,8.1,412.5,489.4,565.4,470.1,95.3,16.86,Moderate (10-25%)
2025-02-01 06:00:00,Shift_1_Morning,BAL_DEEP_LEVEL_3,21.8064,80.1876,20,21,3,12,0.94,7.6,20.9,2.8,64.9,29.5,0.253,6.5,461.6,403.3,504.9,398.4,106.5,21.09,Moderate (10-25%)
2025-02-01 14:00:00,Shift_2_Evening,BAL_NORTH_PIT,21.8121,80.1843,22,23,3,16,0.36,7.97,20.3,11.7,71.8,27.1,0.248,14.7,560.8,414.4,555.0,509.9,45.1,8.13,Normal (<10%)
2025-02-01 22:00:00,Shift_3_Night,UKWA_EXTENSION,21.7932,80.2015,18,18,3,12,1.49,8.08,20.6,8.7,50.4,33.0,0.19,13.2,486.8,255.5,446.9,387.4,59.5,13.31,Moderate (10-25%)
2025-02-02 06:00:00,Shift_1_Morning,BAL_SOUTH_PIT,21.8005,80.1901,17,20,4,16,0.92,7.69,24.7,36.6,73.4,27.3,0.334,34.9,532.0,556.9,469.0,393.9,75.1,16.01,Moderate (10-25%)
2025-02-02 14:00:00,Shift_2_Evening,BAL_NORTH_PIT,21.8121,80.1843,23,24,3,14,0.31,8.2,21.3,8.8,60.4,30.8,0.185,13.9,502.2,400.8,406.0,363.0,43.0,10.59,Moderate (10-25%)
2025-02-02 22:00:00,Shift_3_Night,BAL_SOUTH_PIT,21.8005,80.1901,22,23,4,14,1.84,7.88,20.2,11.3,64.2,25.3,0.242,14.0,462.2,610.6,592.3,515.0,77.3,13.05,Moderate (10-25%)
2025-02-03 06:00:00,Shift_1_Morning,BAL_DEEP_LEVEL_3,21.8064,80.1876,18,18,4,16,0.09,7.41,21.8,11.8,64.8,27.6,0.228,3.2,373.3,465.7,533.6,424.8,108.8,20.39,Moderate (10-25%)
2025-02-03 14:00:00,Shift_2_Evening,BAL_DEEP_LEVEL_3,21.8064,80.1876,16,18,3,16,0.91,7.65,18.4,11.1,61.4,29.3,0.227,11.2,568.5,498.7,586.6,506.4,80.2,13.67,Moderate (10-25%)
2025-02-03 22:00:00,Shift_3_Night,BAL_NORTH_PIT,21.8121,80.1843,23,26,4,16,0.67,7.89,19.2,10.0,65.5,27.3,0.206,8.4,416.2,421.3,453.1,411.5,41.6,9.18,Normal (<10%)
2025-02-04 06:00:00,Shift_1_Morning,BAL_NORTH_PIT,21.8121,80.1843,22,23,4,12,0.56,7.37,20.4,7.7,64.3,28.2,0.162,8.0,424.6,438.4,522.3,426.4,95.9,18.36,Moderate (10-25%)
2025-02-04 14:00:00,Shift_2_Evening,BAL_SOUTH_PIT,21.8005,80.1901,19,20,3,12,0.48,7.95,19.7,14.5,66.4,26.9,0.29,12.0,512.7,577.2,535.7,487.2,48.5,9.05,Normal (<10%)
2025-02-04 22:00:00,Shift_3_Night,UKWA_EXTENSION,21.7932,80.2015,24,26,4,13,0.57,8.04,18.9,4.0,62.5,31.2,0.148,9.9,343.7,327.3,463.5,394.3,69.2,14.93,Moderate (10-25%)
2025-02-05 06:00:00,Shift_1_Morning,BAL_SOUTH_PIT,21.8005,80.1901,19,22,4,14,0.29,7.99,21.6,18.9,64.9,27.2,0.219,8.1,586.7,509.7,569.6,515.0,54.6,9.59,Normal (<10%)
2025-02-05 14:00:00,Shift_2_Evening,BAL_NORTH_PIT,21.8121,80.1843,23,24,4,16,0.86,7.93,21.4,18.5,66.4,25.1,0.264,10.9,502.1,439.1,589.4,505.1,84.3,14.3,Moderate (10-25%)
2025-02-05 22:00:00,Shift_3_Night,BAL_SOUTH_PIT,21.8005,80.1901,17,17,3,12,1.82,7.43,19.5,1.3,62.8,26.1,0.257,9.4,517.9,488.1,577.0,492.2,84.8,14.7,Moderate (10-25%)
2025-02-06 06:00:00,Shift_1_Morning,BAL_NORTH_PIT,21.8121,80.1843,22,27,3,14,2.05,7.93,22.9,21.6,63.0,25.8,0.25,19.7,375.8,477.7,547.8,428.6,119.2,21.76,Moderate (10-25%)
2025-02-06 14:00:00,Shift_2_Evening,BAL_SOUTH_PIT,21.8005,80.1901,17,18,4,16,0.51,7.41,19.4,4.7,67.0,28.6,0.113,0.0,535.1,421.3,455.5,408.8,46.7,10.25,Moderate (10-25%)
2025-02-06 22:00:00,Shift_3_Night,BAL_NORTH_PIT,21.8121,80.1843,22,23,3,11,0.34,8.23,21.2,13.1,64.3,32.6,0.23,14.3,494.5,479.8,456.3,405.6,50.7,11.11,Moderate (10-25%)
2025-02-07 06:00:00,Shift_1_Morning,BAL_NORTH_PIT,21.8121,80.1843,18,18,3,11,1.7,8.03,19.6,4.7,59.7,31.1,0.168,3.0,474.5,502.5,592.7,547.1,45.6,7.69,Normal (<10%)
2025-02-07 14:00:00,Shift_2_Evening,BAL_NORTH_PIT,21.8121,80.1843,26,26,4,16,0.85,7.59,21.7,19.5,70.5,29.8,0.361,23.5,448.1,450.4,402.1,330.8,71.3,17.73,Moderate (10-25%)
2025-02-07 22:00:00,Shift_3_Night,UKWA_EXTENSION,21.7932,80.2015,24,25,4,16,0.93,7.95,19.2,9.9,63.3,27.0,0.239,2.2,415.3,496.9,543.2,478.5,64.7,11.91,Moderate (10-25%)
2025-02-08 06:00:00,Shift_1_Morning,BAL_SOUTH_PIT,21.8005,80.1901,27,27,4,14,1.75,7.48,18.9,6.9,68.1,29.2,0.149,2.9,528.1,558.4,541.2,451.7,89.5,16.54,Moderate (10-25%)
2025-02-08 14:00:00,Shift_2_Evening,BAL_SOUTH_PIT,21.8005,80.1901,18,20,3,13,0.28,7.43,21.8,5.5,67.4,26.8,0.215,6.4,556.3,548.0,524.5,499.1,25.4,4.84,Normal (<10%)
2025-02-08 22:00:00,Shift_3_Night,BAL_SOUTH_PIT,21.8005,80.1901,18,18,4,13,0.4,7.73,21.4,3.5,63.2,26.1,0.204,5.0,471.1,403.6,598.0,517.6,80.4,13.44,Moderate (10-25%)
2025-02-09 06:00:00,Shift_1_Morning,BAL_NORTH_PIT,21.8121,80.1843,24,26,4,11,1.37,7.86,21.8,9.3,68.7,25.0,0.217,8.6,501.6,511.0,462.4,431.7,30.7,6.64,Normal (<10%)
2025-02-09 14:00:00,Shift_2_Evening,BAL_SOUTH_PIT,21.8005,80.1901,26,26,3,12,0.69,7.82,22.0,3.9,62.9,27.8,0.196,4.6,410.6,533.1,468.0,423.1,44.9,9.59,Normal (<10%)
2025-02-09 22:00:00,Shift_3_Night,BAL_SOUTH_PIT,21.8005,80.1901,22,24,4,13,0.47,7.78,19.2,9.8,58.1,24.2,0.215,13.2,343.2,449.3,415.8,345.6,70.2,16.88,Moderate (10-25%)
2025-02-10 06:00:00,Shift_1_Morning,BAL_NORTH_PIT,21.8121,80.1843,17,19,3,16,0.18,7.38,23.2,25.5,74.0,24.4,0.38,22.9,460.3,406.1,488.6,377.3,111.3,22.78,Moderate (10-25%)
2025-02-10 14:00:00,Shift_2_Evening,BAL_DEEP_LEVEL_3,21.8064,80.1876,17,18,4,15,0.1,8.13,20.0,14.0,56.1,31.3,0.256,12.1,534.9,455.6,452.2,430.3,21.9,4.84,Normal (<10%)
2025-02-10 22:00:00,Shift_3_Night,BAL_NORTH_PIT,21.8121,80.1843,20,21,3,16,1.01,8.0,20.3,8.6,47.7,26.5,0.278,0.6,319.9,428.7,468.7,403.1,65.6,14.0,Moderate (10-25%)
2025-02-11 06:00:00,Shift_1_Morning,BAL_SOUTH_PIT,21.8005,80.1901,22,22,4,12,1.12,8.13,20.1,5.7,66.6,29.0,0.144,0.0,584.6,613.9,566.9,525.0,41.9,7.39,Normal (<10%)
2025-02-11 14:00:00,Shift_2_Evening,BAL_NORTH_PIT,21.8121,80.1843,19,22,4,14,0.03,8.04,19.0,10.8,65.5,29.4,0.193,19.9,445.5,508.5,587.1,537.5,49.6,8.45,Normal (<10%)
2025-02-11 22:00:00,Shift_3_Night,BAL_DEEP_LEVEL_3,21.8064,80.1876,16,18,3,16,1.19,8.08,22.0,5.8,64.5,30.3,0.204,8.4,537.5,502.0,437.1,418.1,19.0,4.35,Normal (<10%)
2025-02-12 06:00:00,Shift_1_Morning,BAL_NORTH_PIT,21.8121,80.1843,26,26,3,12,1.21,7.41,22.5,8.1,70.1,26.8,0.218,0.6,455.2,425.6,474.5,379.9,94.6,19.94,Moderate (10-25%)
2025-02-12 14:00:00,Shift_2_Evening,BAL_SOUTH_PIT,21.8005,80.1901,20,22,4,15,1.75,8.05,19.5,24.1,67.0,26.7,0.297,19.7,481.1,577.8,585.7,520.8,64.9,11.08,Moderate (10-25%)
2025-02-12 22:00:00,Shift_3_Night,BAL_DEEP_LEVEL_3,21.8064,80.1876,20,22,3,11,0.93,7.57,20.2,6.2,61.3,28.7,0.223,8.9,381.6,520.0,412.4,344.8,67.6,16.39,Moderate (10-25%)
2025-02-13 06:00:00,Shift_1_Morning,UKWA_EXTENSION,21.7932,80.2015,25,27,3,14,0.85,7.94,19.8,12.4,68.6,27.4,0.2,11.9,501.5,394.5,418.5,378.2,40.3,9.63,Normal (<10%)
2025-02-13 14:00:00,Shift_2_Evening,BAL_SOUTH_PIT,21.8005,80.1901,19,20,4,16,0.43,8.06,20.4,6.3,59.5,28.6,0.214,7.1,451.6,450.3,432.6,432.5,0.1,0.02,Normal (<10%)
2025-02-13 22:00:00,Shift_3_Night,BAL_DEEP_LEVEL_3,21.8064,80.1876,18,20,4,12,1.73,8.06,21.7,14.1,65.8,28.2,0.325,7.0,576.9,454.2,519.0,467.6,51.4,9.9,Normal (<10%)
2025-02-14 06:00:00,Shift_1_Morning,BAL_DEEP_LEVEL_3,21.8064,80.1876,16,18,3,14,0.58,7.45,21.9,4.8,63.8,27.5,0.181,10.5,334.6,494.6,430.1,379.3,50.8,11.81,Moderate (10-25%)
2025-02-14 14:00:00,Shift_2_Evening,UKWA_EXTENSION,21.7932,80.2015,21,23,3,12,0.92,7.89,19.2,3.0,64.5,26.7,0.204,0.0,460.4,486.2,593.6,545.7,47.9,8.07,Normal (<10%)
2025-02-14 22:00:00,Shift_3_Night,BAL_NORTH_PIT,21.8121,80.1843,24,26,4,16,1.78,7.38,22.7,10.1,62.2,28.1,0.233,0.0,554.0,464.8,489.3,378.3,111.0,22.69,Moderate (10-25%)
2025-02-15 06:00:00,Shift_1_Morning,BAL_NORTH_PIT,21.8121,80.1843,20,21,3,15,0.83,7.51,18.0,4.7,60.6,30.2,0.209,5.3,493.2,521.4,500.3,455.5,44.8,8.95,Normal (<10%)
2025-02-15 14:00:00,Shift_2_Evening,BAL_SOUTH_PIT,21.8005,80.1901,24,26,4,16,0.53,8.03,23.1,12.8,59.5,27.3,0.267,10.4,453.0,483.0,449.3,398.3,51.0,11.35,Moderate (10-25%)
2025-02-15 22:00:00,Shift_3_Night,UKWA_EXTENSION,21.7932,80.2015,17,18,3,12,1.68,7.42,20.9,6.0,59.2,26.7,0.21,0.0,407.2,337.0,494.2,407.1,87.1,17.62,Moderate (10-25%)
2025-02-16 06:00:00,Shift_1_Morning,BAL_NORTH_PIT,21.8121,80.1843,17,18,3,15,0.17,8.0,20.4,3.7,71.3,29.9,0.141,11.4,498.6,401.4,532.4,481.0,51.4,9.65,Normal (<10%)
2025-02-16 14:00:00,Shift_2_Evening,UKWA_EXTENSION,21.7932,80.2015,18,19,3,16,0.93,8.06,20.8,14.2,65.2,26.4,0.288,10.7,492.4,406.8,550.2,464.9,85.3,15.5,Moderate (10-25%)
2025-02-16 22:00:00,Shift_3_Night,BAL_NORTH_PIT,21.8121,80.1843,19,21,2,15,0.74,7.56,19.0,5.2,64.3,31.3,0.21,4.4,489.4,535.3,550.8,488.2,62.6,11.37,Moderate (10-25%)
2025-02-17 06:00:00,Shift_1_Morning,BAL_DEEP_LEVEL_3,21.8064,80.1876,25,26,3,15,0.85,8.16,22.9,6.2,55.7,31.5,0.218,15.1,408.9,590.2,515.6,485.0,30.6,5.93,Normal (<10%)
2025-02-17 14:00:00,Shift_2_Evening,BAL_NORTH_PIT,21.8121,80.1843,22,23,3,16,0.29,8.13,19.4,5.0,76.2,29.5,0.247,13.3,482.2,359.6,580.9,533.3,47.6,8.19,Normal (<10%)
2025-02-17 22:00:00,Shift_3_Night,UKWA_EXTENSION,21.7932,80.2015,19,20,4,12,0.3,7.4,20.3,3.6,58.2,27.6,0.169,7.4,437.6,599.2,563.5,489.6,73.9,13.11,Moderate (10-25%)
2025-02-18 06:00:00,Shift_1_Morning,BAL_DEEP_LEVEL_3,21.8064,80.1876,16,18,4,16,1.3,7.67,21.0,5.1,57.7,33.0,0.229,3.2,524.3,490.7,551.4,452.5,98.9,17.94,Moderate (10-25%)
2025-02-18 14:00:00,Shift_2_Evening,BAL_DEEP_LEVEL_3,21.8064,80.1876,17,19,3,14,0.59,7.45,21.9,2.9,60.7,26.4,0.163,5.4,406.7,481.8,411.1,348.6,62.5,15.2,Moderate (10-25%)
2025-02-18 22:00:00,Shift_3_Night,BAL_DEEP_LEVEL_3,21.8064,80.1876,20,21,4,16,0.61,7.6,21.3,6.2,60.3,31.0,0.273,8.2,497.7,469.4,401.4,345.4,56.0,13.95,Moderate (10-25%)
2025-02-19 06:00:00,Shift_1_Morning,UKWA_EXTENSION,21.7932,80.2015,16,19,3,12,1.8,7.51,19.8,5.5,64.9,30.3,0.234,3.3,425.6,469.2,442.5,355.5,87.0,19.66,Moderate (10-25%)
2025-02-19 14:00:00,Shift_2_Evening,BAL_SOUTH_PIT,21.8005,80.1901,22,23,4,16,0.78,7.46,20.9,3.6,53.8,28.8,0.125,0.7,390.8,432.4,532.7,434.0,98.7,18.53,Moderate (10-25%)
2025-02-19 22:00:00,Shift_3_Night,BAL_SOUTH_PIT,21.8005,80.1901,17,18,4,16,1.39,7.82,22.4,5.3,69.0,25.8,0.221,11.3,446.9,417.6,482.2,390.4,91.8,19.04,Moderate (10-25%)
2025-02-20 06:00:00,Shift_1_Morning,BAL_SOUTH_PIT,21.8005,80.1901,23,25,3,12,0.97,7.48,22.9,13.1,70.9,27.0,0.229,18.0,413.0,367.7,480.5,344.5,136.0,28.3,Critical (>25%)
2025-02-20 14:00:00,Shift_2_Evening,UKWA_EXTENSION,21.7932,80.2015,23,24,2,12,1.03,7.34,20.2,2.3,60.5,28.3,0.183,11.1,472.0,447.1,576.9,451.6,125.3,21.72,Moderate (10-25%)
2025-02-20 22:00:00,Shift_3_Night,BAL_DEEP_LEVEL_3,21.8064,80.1876,24,24,3,16,0.41,8.1,22.2,4.2,53.8,30.1,0.177,0.0,448.3,554.2,579.1,531.3,47.8,8.25,Normal (<10%)
2025-02-21 06:00:00,Shift_1_Morning,BAL_SOUTH_PIT,21.8005,80.1901,22,22,3,17,0.11,8.15,22.3,3.6,59.1,31.3,0.214,15.2,593.5,547.0,581.8,574.3,7.5,1.29,Normal (<10%)
2025-02-21 14:00:00,Shift_2_Evening,UKWA_EXTENSION,21.7932,80.2015,20,21,3,12,1.29,7.42,20.0,3.7,63.1,27.6,0.207,8.0,410.7,472.1,462.8,402.5,60.3,13.03,Moderate (10-25%)
2025-02-21 22:00:00,Shift_3_Night,BAL_SOUTH_PIT,21.8005,80.1901,20,20,3,12,1.43,7.53,21.3,4.8,56.2,30.7,0.19,15.5,593.4,434.4,538.2,438.0,100.2,18.62,Moderate (10-25%)
2025-02-22 06:00:00,Shift_1_Morning,BAL_NORTH_PIT,21.8121,80.1843,19,20,3,16,0.46,7.93,20.3,10.6,58.9,30.5,0.243,6.0,468.5,509.0,454.3,405.7,48.6,10.7,Moderate (10-25%)
2025-02-22 14:00:00,Shift_2_Evening,BAL_SOUTH_PIT,21.8005,80.1901,23,25,3,12,1.4,7.44,22.4,21.1,71.9,24.8,0.255,10.6,456.4,433.8,438.1,320.2,117.9,26.91,Critical (>25%)
2025-02-22 22:00:00,Shift_3_Night,BAL_SOUTH_PIT,21.8005,80.1901,20,23,4,15,0.27,7.58,17.8,18.2,66.5,28.7,0.249,16.7,502.5,445.9,436.9,398.5,38.4,8.79,Normal (<10%)
2025-02-23 06:00:00,Shift_1_Morning,BAL_DEEP_LEVEL_3,21.8064,80.1876,22,24,4,16,1.58,8.0,18.5,7.5,62.7,28.3,0.174,6.0,389.2,390.3,468.4,410.9,57.5,12.28,Moderate (10-25%)
2025-02-23 14:00:00,Shift_2_Evening,UKWA_EXTENSION,21.7932,80.2015,16,17,3,14,0.19,7.67,19.8,5.3,65.2,30.9,0.139,2.2,514.1,400.3,486.0,444.5,41.5,8.54,Normal (<10%)
2025-02-23 22:00:00,Shift_3_Night,BAL_DEEP_LEVEL_3,21.8064,80.1876,24,25,4,14,0.55,7.95,20.2,9.6,63.8,26.1,0.224,16.4,473.3,473.0,566.2,523.4,42.8,7.56,Normal (<10%)
2025-02-24 06:00:00,Shift_1_Morning,BAL_DEEP_LEVEL_3,21.8064,80.1876,25,26,3,16,1.3,7.6,19.6,3.5,61.7,29.1,0.191,9.1,564.9,511.0,424.0,362.6,61.4,14.48,Moderate (10-25%)
2025-02-24 14:00:00,Shift_2_Evening,BAL_DEEP_LEVEL_3,21.8064,80.1876,17,18,4,12,0.67,8.01,18.7,6.4,66.3,29.9,0.273,2.4,600.0,459.6,547.0,549.5,0.0,0.0,Normal (<10%)
2025-02-24 22:00:00,Shift_3_Night,BAL_DEEP_LEVEL_3,21.8064,80.1876,25,26,3,12,0.11,8.08,19.0,18.2,70.2,28.6,0.293,25.5,497.8,464.6,506.3,462.7,43.6,8.61,Normal (<10%)
2025-02-25 06:00:00,Shift_1_Morning,BAL_DEEP_LEVEL_3,21.8064,80.1876,25,26,3,14,1.19,7.96,21.2,11.4,65.9,27.8,0.163,2.6,390.9,406.7,457.6,382.8,74.8,16.35,Moderate (10-25%)
2025-02-25 14:00:00,Shift_2_Evening,BAL_SOUTH_PIT,21.8005,80.1901,20,22,4,14,0.1,7.5,21.7,3.8,70.5,27.6,0.253,4.4,476.7,545.9,498.6,416.8,81.8,16.41,Moderate (10-25%)
2025-02-25 22:00:00,Shift_3_Night,BAL_DEEP_LEVEL_3,21.8064,80.1876,25,25,4,15,0.62,7.99,17.9,10.1,64.5,27.9,0.259,24.3,471.6,447.1,460.0,417.6,42.4,9.22,Normal (<10%)
2025-02-26 06:00:00,Shift_1_Morning,BAL_DEEP_LEVEL_3,21.8064,80.1876,15,18,3,16,0.0,7.42,21.3,15.3,59.9,24.7,0.29,18.9,437.1,427.8,519.2,417.3,101.9,19.63,Moderate (10-25%)
2025-02-26 14:00:00,Shift_2_Evening,UKWA_EXTENSION,21.7932,80.2015,22,25,4,12,0.32,8.07,20.7,6.1,68.1,29.8,0.148,4.6,372.0,367.2,486.8,426.7,60.1,12.35,Moderate (10-25%)
2025-02-26 22:00:00,Shift_3_Night,BAL_NORTH_PIT,21.8121,80.1843,18,22,4,14,0.84,8.07,20.7,17.6,66.4,28.1,0.295,12.7,506.4,352.4,432.9,371.1,61.8,14.28,Moderate (10-25%)
2025-02-27 06:00:00,Shift_1_Morning,BAL_SOUTH_PIT,21.8005,80.1901,26,26,2,14,0.93,8.06,19.9,3.1,57.4,30.0,0.156,6.3,391.5,518.9,423.3,363.2,60.1,14.2,Moderate (10-25%)
2025-02-27 14:00:00,Shift_2_Evening,BAL_SOUTH_PIT,21.8005,80.1901,17,18,4,12,0.25,7.65,21.4,9.9,67.4,29.8,0.213,17.7,559.2,547.8,509.3,430.5,78.8,15.47,Moderate (10-25%)
2025-02-27 22:00:00,Shift_3_Night,BAL_SOUTH_PIT,21.8005,80.1901,19,19,3,12,0.41,7.64,20.7,7.7,65.7,29.9,0.174,15.9,538.2,368.8,580.5,514.7,65.8,11.34,Moderate (10-25%)
2025-02-28 06:00:00,Shift_1_Morning,BAL_DEEP_LEVEL_3,21.8064,80.1876,19,20,4,14,1.22,7.96,19.8,11.3,57.9,28.7,0.212,6.8,470.6,472.4,468.8,399.6,69.2,14.76,Moderate (10-25%)
2025-02-28 14:00:00,Shift_2_Evening,BAL_DEEP_LEVEL_3,21.8064,80.1876,22,24,3,16,0.52,7.54,19.1,7.9,66.9,29.3,0.195,2.5,385.0,522.7,546.6,501.6,45.0,8.23,Normal (<10%)
2025-02-28 22:00:00,Shift_3_Night,BAL_DEEP_LEVEL_3,21.8064,80.1876,18,20,4,15,0.1,7.44,21.0,14.3,75.8,24.0,0.308,4.8,389.6,457.1,531.7,458.6,73.1,13.75,Moderate (10-25%)
2025-03-01 06:00:00,Shift_1_Morning,UKWA_EXTENSION,21.7932,80.2015,18,18,4,14,0.0,7.5,17.3,1.8,63.7,33.2,0.207,5.0,428.9,407.5,586.3,518.3,68.0,11.6,Moderate (10-25%)
2025-03-01 14:00:00,Shift_2_Evening,BAL_NORTH_PIT,21.8121,80.1843,20,20,3,12,0.17,7.94,20.2,3.4,60.8,32.0,0.198,9.6,368.6,447.2,564.2,515.2,49.0,8.68,Normal (<10%)
2025-03-01 22:00:00,Shift_3_Night,BAL_DEEP_LEVEL_3,21.8064,80.1876,21,21,3,12,0.85,7.66,20.5,3.5,54.9,34.7,0.208,1.7,541.1,402.2,513.3,470.9,42.4,8.26,Normal (<10%)
2025-03-02 06:00:00,Shift_1_Morning,BAL_NORTH_PIT,21.8121,80.1843,27,27,3,14,0.95,8.04,19.8,3.0,72.8,34.2,0.213,5.8,566.6,386.0,531.4,480.0,51.4,9.67,Normal (<10%)
2025-03-02 14:00:00,Shift_2_Evening,UKWA_EXTENSION,21.7932,80.2015,17,17,4,10,0.22,7.98,21.4,7.6,60.9,31.3,0.21,14.3,548.8,464.9,579.7,535.8,43.9,7.57,Normal (<10%)
2025-03-02 22:00:00,Shift_3_Night,BAL_SOUTH_PIT,21.8005,80.1901,17,18,4,14,0.78,8.12,20.8,4.7,55.5,34.6,0.211,0.0,528.6,438.0,479.9,468.4,11.5,2.4,Normal (<10%)
2025-03-03 06:00:00,Shift_1_Morning,BAL_DEEP_LEVEL_3,21.8064,80.1876,20,20,3,12,1.32,7.28,21.1,10.2,64.6,28.4,0.209,14.0,539.9,458.5,465.4,390.5,74.9,16.09,Moderate (10-25%)
2025-03-03 14:00:00,Shift_2_Evening,BAL_NORTH_PIT,21.8121,80.1843,22,24,3,14,0.84,7.8,20.9,12.6,70.6,28.5,0.248,11.7,441.5,465.7,402.2,338.9,63.3,15.74,Moderate (10-25%)
2025-03-03 22:00:00,Shift_3_Night,BAL_NORTH_PIT,21.8121,80.1843,16,17,3,16,1.49,7.58,22.1,5.8,69.8,32.3,0.257,4.9,527.3,411.9,565.3,513.8,51.5,9.11,Normal (<10%)
2025-03-04 06:00:00,Shift_1_Morning,BAL_DEEP_LEVEL_3,21.8064,80.1876,26,26,3,16,0.3,7.51,20.8,7.6,61.1,30.7,0.266,10.6,390.2,455.8,560.2,448.2,112.0,19.99,Moderate (10-25%)
2025-03-04 14:00:00,Shift_2_Evening,BAL_SOUTH_PIT,21.8005,80.1901,18,19,3,16,1.03,8.03,20.6,6.3,63.1,33.1,0.233,9.8,423.1,496.1,420.9,335.0,85.9,20.41,Moderate (10-25%)
2025-03-04 22:00:00,Shift_3_Night,BAL_SOUTH_PIT,21.8005,80.1901,19,21,2,13,1.65,7.87,25.8,33.8,70.9,26.8,0.382,27.0,497.3,486.5,515.4,439.6,75.8,14.71,Moderate (10-25%)
2025-03-05 06:00:00,Shift_1_Morning,BAL_SOUTH_PIT,21.8005,80.1901,19,19,3,12,0.55,8.0,19.0,8.3,68.7,32.8,0.279,8.8,516.7,455.3,492.8,470.9,21.9,4.44,Normal (<10%)
2025-03-05 14:00:00,Shift_2_Evening,UKWA_EXTENSION,21.7932,80.2015,17,18,4,16,0.83,7.7,17.9,1.9,64.3,36.1,0.199,6.7,553.2,465.7,423.7,382.9,40.8,9.63,Normal (<10%)
2025-03-05 22:00:00,Shift_3_Night,BAL_NORTH_PIT,21.8121,80.1843,14,17,4,12,0.82,7.58,20.3,7.9,65.1,30.7,0.204,10.8,523.2,558.9,596.1,540.1,56.0,9.39,Normal (<10%)
2025-03-06 06:00:00,Shift_1_Morning,BAL_NORTH_PIT,21.8121,80.1843,21,22,4,14,1.71,8.02,21.3,5.6,68.6,31.7,0.268,14.3,469.8,438.8,442.9,368.4,74.5,16.82,Moderate (10-25%)
2025-03-06 14:00:00,Shift_2_Evening,BAL_NORTH_PIT,21.8121,80.1843,20,23,1,12,0.74,7.96,18.9,3.4,56.3,31.6,0.216,6.2,388.1,353.0,413.4,341.2,72.2,17.46,Moderate (10-25%)
2025-03-06 22:00:00,Shift_3_Night,UKWA_EXTENSION,21.7932,80.2015,21,22,3,15,1.27,7.46,19.0,6.7,66.1,32.2,0.223,10.9,378.8,485.5,519.0,410.7,108.3,20.87,Moderate (10-25%)
2025-03-07 06:00:00,Shift_1_Morning,BAL_NORTH_PIT,21.8121,80.1843,24,24,4,15,1.26,7.29,21.0,6.6,64.4,29.7,0.194,1.3,423.4,616.7,547.8,427.9,119.9,21.89,Moderate (10-25%)
2025-03-07 14:00:00,Shift_2_Evening,UKWA_EXTENSION,21.7932,80.2015,21,21,2,12,0.4,8.03,20.8,7.0,63.8,32.5,0.242,5.9,492.3,373.2,406.5,350.5,56.0,13.78,Moderate (10-25%)
2025-03-07 22:00:00,Shift_3_Night,BAL_SOUTH_PIT,21.8005,80.1901,25,25,4,12,0.52,7.58,21.9,2.6,60.2,31.4,0.186,0.0,469.5,538.9,531.7,449.4,82.3,15.48,Moderate (10-25%)
2025-03-08 06:00:00,Shift_1_Morning,BAL_DEEP_LEVEL_3,21.8064,80.1876,16,17,2,12,0.94,7.34,22.5,7.1,62.8,28.8,0.203,14.0,466.2,425.7,506.5,389.5,117.0,23.1,Moderate (10-25%)
2025-03-08 14:00:00,Shift_2_Evening,BAL_NORTH_PIT,21.8121,80.1843,23,24,3,16,0.95,7.43,19.1,13.0,62.3,29.5,0.26,10.8,546.5,431.1,420.7,348.2,72.5,17.23,Moderate (10-25%)
2025-03-08 22:00:00,Shift_3_Night,BAL_NORTH_PIT,21.8121,80.1843,24,27,3,12,0.97,7.38,20.1,4.7,75.9,29.6,0.212,9.6,416.5,492.9,434.5,355.7,78.8,18.14,Moderate (10-25%)
2025-03-09 06:00:00,Shift_1_Morning,BAL_SOUTH_PIT,21.8005,80.1901,19,20,3,14,0.86,7.4,20.3,5.4,71.1,29.7,0.255,7.9,401.7,441.9,513.6,424.9,88.7,17.27,Moderate (10-25%)
2025-03-09 14:00:00,Shift_2_Evening,BAL_DEEP_LEVEL_3,21.8064,80.1876,23,23,4,16,0.17,7.51,21.8,8.4,70.4,32.7,0.273,4.7,494.4,494.5,459.3,405.8,53.5,11.65,Moderate (10-25%)
2025-03-09 22:00:00,Shift_3_Night,UKWA_EXTENSION,21.7932,80.2015,20,22,2,12,1.75,7.79,21.8,9.1,60.7,29.5,0.162,9.1,553.6,434.9,587.7,435.1,152.6,25.97,Critical (>25%)
2025-03-10 06:00:00,Shift_1_Morning,BAL_DEEP_LEVEL_3,21.8064,80.1876,17,18,4,11,1.94,7.56,20.6,12.6,60.8,30.6,0.271,13.0,377.2,417.2,563.7,417.9,145.8,25.86,Critical (>25%)
2025-03-10 14:00:00,Shift_2_Evening,BAL_SOUTH_PIT,21.8005,80.1901,22,25,3,12,0.08,8.08,20.8,3.9,59.7,32.9,0.146,10.7,577.1,596.1,596.7,552.7,44.0,7.37,Normal (<10%)
2025-03-10 22:00:00,Shift_3_Night,BAL_SOUTH_PIT,21.8005,80.1901,23,27,3,14,1.69,7.97,20.0,8.5,64.6,29.8,0.277,3.1,530.6,366.5,451.9,409.0,42.9,9.49,Normal (<10%)
2025-03-11 06:00:00,Shift_1_Morning,BAL_DEEP_LEVEL_3,21.8064,80.1876,22,23,3,12,0.87,7.25,18.9,8.4,56.6,27.9,0.214,18.1,452.1,587.6,593.9,471.4,122.5,20.63,Moderate (10-25%)
2025-03-11 14:00:00,Shift_2_Evening,UKWA_EXTENSION,21.7932,80.2015,19,21,4,11,0.32,7.9,18.7,1.9,63.4,32.1,0.186,8.2,416.7,479.5,486.2,412.9,73.3,15.08,Moderate (10-25%)
2025-03-11 22:00:00,Shift_3_Night,UKWA_EXTENSION,21.7932,80.2015,25,26,3,12,0.06,8.12,19.2,1.5,67.3,35.2,0.18,6.6,488.6,512.0,469.5,463.0,6.5,1.38,Normal (<10%)
2025-03-12 06:00:00,Shift_1_Morning,BAL_NORTH_PIT,21.8121,80.1843,25,27,4,14,0.15,7.72,18.8,5.8,51.0,28.0,0.207,0.0,406.3,385.9,410.1,363.7,46.4,11.31,Moderate (10-25%)
2025-03-12 14:00:00,Shift_2_Evening,UKWA_EXTENSION,21.7932,80.2015,19,19,3,12,0.45,7.47,21.1,5.3,59.0,31.2,0.257,7.4,357.8,388.9,410.6,377.2,33.4,8.13,Normal (<10%)
2025-03-12 22:00:00,Shift_3_Night,BAL_DEEP_LEVEL_3,21.8064,80.1876,20,22,4,14,0.26,7.88,20.3,10.9,70.9,30.8,0.275,11.5,551.6,575.0,538.4,468.5,69.9,12.98,Moderate (10-25%)
2025-03-13 06:00:00,Shift_1_Morning,BAL_SOUTH_PIT,21.8005,80.1901,22,23,3,14,1.31,7.58,21.9,23.8,71.3,28.0,0.347,22.2,497.7,536.8,491.6,401.7,89.9,18.29,Moderate (10-25%)
2025-03-13 14:00:00,Shift_2_Evening,BAL_NORTH_PIT,21.8121,80.1843,26,26,3,16,1.12,7.93,19.7,12.2,59.1,31.6,0.178,7.6,360.7,439.8,445.3,365.5,79.8,17.92,Moderate (10-25%)
2025-03-13 22:00:00,Shift_3_Night,BAL_NORTH_PIT,21.8121,80.1843,16,18,3,16,1.16,8.04,20.6,3.5,65.2,33.6,0.158,1.3,453.0,415.8,522.8,441.6,81.2,15.53,Moderate (10-25%)
2025-03-14 06:00:00,Shift_1_Morning,BAL_SOUTH_PIT,21.8005,80.1901,27,27,3,13,0.18,8.06,19.9,3.0,58.7,33.1,0.146,0.0,423.0,519.0,450.6,410.9,39.7,8.81,Normal (<10%)
2025-03-14 14:00:00,Shift_2_Evening,UKWA_EXTENSION,21.7932,80.2015,23,23,3,14,0.28,8.18,19.4,4.7,61.9,34.5,0.223,0.4,517.9,452.5,515.5,468.8,46.7,9.06,Normal (<10%)
2025-03-14 22:00:00,Shift_3_Night,BAL_SOUTH_PIT,21.8005,80.1901,18,20,4,16,1.48,7.48,20.1,5.8,57.4,32.3,0.198,8.5,389.7,396.5,471.8,376.9,94.9,20.11,Moderate (10-25%)
2025-03-15 06:00:00,Shift_1_Morning,UKWA_EXTENSION,21.7932,80.2015,21,22,3,14,1.09,8.04,20.7,4.2,62.8,32.2,0.215,11.0,512.6,518.1,564.7,523.3,41.4,7.33,Normal (<10%)
2025-03-15 14:00:00,Shift_2_Evening,BAL_SOUTH_PIT,21.8005,80.1901,22,23,3,15,0.3,7.85,22.2,3.7,66.8,29.4,0.179,8.4,440.2,424.8,564.1,496.4,67.7,12.0,Moderate (10-25%)
2025-03-15 22:00:00,Shift_3_Night,BAL_DEEP_LEVEL_3,21.8064,80.1876,22,23,3,12,1.83,7.62,21.4,11.4,60.7,32.7,0.15,10.9,457.2,448.6,495.5,417.9,77.6,15.66,Moderate (10-25%)
2025-03-16 06:00:00,Shift_1_Morning,UKWA_EXTENSION,21.7932,80.2015,19,21,4,15,1.31,7.42,21.2,10.5,66.9,32.4,0.235,8.2,381.6,502.9,470.2,377.2,93.0,19.78,Moderate (10-25%)
2025-03-16 14:00:00,Shift_2_Evening,BAL_DEEP_LEVEL_3,21.8064,80.1876,20,22,4,12,1.59,7.44,21.7,10.9,65.3,29.3,0.271,22.8,400.2,512.9,472.5,383.0,89.5,18.94,Moderate (10-25%)
2025-03-16 22:00:00,Shift_3_Night,BAL_NORTH_PIT,21.8121,80.1843,24,26,3,13,0.87,8.0,18.7,12.7,69.9,31.1,0.25,14.3,463.5,495.3,561.1,516.9,44.2,7.88,Normal (<10%)
2025-03-17 06:00:00,Shift_1_Morning,BAL_SOUTH_PIT,21.8005,80.1901,18,18,4,12,0.19,7.34,21.7,12.8,62.8,29.4,0.214,10.8,352.3,476.8,465.6,381.6,84.0,18.04,Moderate (10-25%)
2025-03-17 14:00:00,Shift_2_Evening,BAL_NORTH_PIT,21.8121,80.1843,20,22,4,13,0.35,7.52,21.9,15.6,73.7,30.2,0.248,11.1,501.0,484.7,441.8,390.8,51.0,11.54,Moderate (10-25%)
2025-03-17 22:00:00,Shift_3_Night,BAL_NORTH_PIT,21.8121,80.1843,23,24,4,12,2.05,7.6,22.6,2.0,65.4,33.7,0.182,4.7,479.2,520.8,416.9,320.5,96.4,23.12,Moderate (10-25%)
2025-03-18 06:00:00,Shift_1_Morning,BAL_NORTH_PIT,21.8121,80.1843,20,22,4,16,0.87,7.53,18.9,6.4,63.3,33.2,0.179,0.0,454.8,568.0,493.3,413.2,80.1,16.24,Moderate (10-25%)
2025-03-18 14:00:00,Shift_2_Evening,BAL_NORTH_PIT,21.8121,80.1843,20,22,3,12,0.84,7.34,22.0,3.4,64.2,28.6,0.208,12.8,526.6,408.5,496.4,410.3,86.1,17.34,Moderate (10-25%)
2025-03-18 22:00:00,Shift_3_Night,BAL_SOUTH_PIT,21.8005,80.1901,23,23,3,14,0.29,7.49,19.3,8.8,61.5,29.5,0.25,4.5,608.0,590.2,568.2,518.0,50.2,8.83,Normal (<10%)
2025-03-19 06:00:00,Shift_1_Morning,BAL_NORTH_PIT,21.8121,80.1843,18,20,4,16,1.54,8.07,22.9,24.9,67.9,28.5,0.398,14.1,493.5,362.9,444.2,352.9,91.3,20.55,Moderate (10-25%)
2025-03-19 14:00:00,Shift_2_Evening,BAL_SOUTH_PIT,21.8005,80.1901,27,27,3,12,1.22,7.31,19.7,6.8,64.2,31.1,0.178,2.0,298.6,474.9,476.2,382.6,93.6,19.66,Moderate (10-25%)
2025-03-19 22:00:00,Shift_3_Night,BAL_SOUTH_PIT,21.8005,80.1901,23,26,3,16,1.63,7.89,22.6,4.8,57.4,29.6,0.292,8.7,500.5,400.6,561.7,500.2,61.5,10.95,Moderate (10-25%)
2025-03-20 06:00:00,Shift_1_Morning,BAL_DEEP_LEVEL_3,21.8064,80.1876,22,22,4,12,1.58,7.59,19.2,8.6,60.6,33.0,0.206,11.4,484.7,500.9,564.7,501.5,63.2,11.19,Moderate (10-25%)
2025-03-20 14:00:00,Shift_2_Evening,UKWA_EXTENSION,21.7932,80.2015,17,19,3,14,0.48,7.53,20.5,14.8,62.5,28.8,0.335,14.2,420.6,512.9,476.9,386.8,90.1,18.89,Moderate (10-25%)
2025-03-20 22:00:00,Shift_3_Night,UKWA_EXTENSION,21.7932,80.2015,22,23,4,11,1.08,7.54,20.9,9.2,67.4,33.2,0.237,9.8,414.7,414.5,491.8,416.3,75.5,15.35,Moderate (10-25%)
2025-03-21 06:00:00,Shift_1_Morning,BAL_SOUTH_PIT,21.8005,80.1901,20,23,3,14,0.97,8.19,21.9,23.5,70.1,32.0,0.282,23.5,563.5,405.8,460.7,402.5,58.2,12.63,Moderate (10-25%)
2025-03-21 14:00:00,Shift_2_Evening,BAL_DEEP_LEVEL_3,21.8064,80.1876,19,20,3,16,1.95,7.55,20.5,5.7,70.4,31.3,0.273,0.0,498.3,412.2,586.5,478.4,108.1,18.43,Moderate (10-25%)
2025-03-21 22:00:00,Shift_3_Night,BAL_SOUTH_PIT,21.8005,80.1901,23,23,4,16,0.23,7.57,19.7,2.4,60.9,33.0,0.167,8.9,525.4,550.2,423.7,400.2,23.5,5.55,Normal (<10%)
2025-03-22 06:00:00,Shift_1_Morning,BAL_SOUTH_PIT,21.8005,80.1901,26,27,4,13,0.62,7.77,19.6,0.9,57.2,39.8,0.208,5.8,423.4,530.0,586.7,543.2,43.5,7.41,Normal (<10%)
2025-03-22 14:00:00,Shift_2_Evening,BAL_SOUTH_PIT,21.8005,80.1901,23,24,3,14,0.57,7.48,17.1,8.5,55.2,32.3,0.15,2.4,458.4,482.6,536.8,451.8,85.0,15.83,Moderate (10-25%)
2025-03-22 22:00:00,Shift_3_Night,BAL_DEEP_LEVEL_3,21.8064,80.1876,19,22,3,16,0.0,7.92,20.6,9.3,66.2,29.6,0.246,12.1,436.4,368.0,506.3,446.1,60.2,11.89,Moderate (10-25%)
2025-03-23 06:00:00,Shift_1_Morning,UKWA_EXTENSION,21.7932,80.2015,17,17,3,14,1.27,8.04,22.5,10.1,72.5,27.7,0.264,10.6,391.6,524.3,406.5,371.0,35.5,8.73,Normal (<10%)
2025-03-23 14:00:00,Shift_2_Evening,BAL_DEEP_LEVEL_3,21.8064,80.1876,20,20,3,12,0.11,8.04,23.2,6.7,63.7,33.7,0.226,0.0,423.9,499.3,495.1,445.9,49.2,9.94,Normal (<10%)
2025-03-23 22:00:00,Shift_3_Night,BAL_NORTH_PIT,21.8121,80.1843,16,18,3,16,0.29,7.95,21.7,6.5,64.0,29.8,0.221,10.8,534.9,393.9,481.5,390.6,90.9,18.88,Moderate (10-25%)
2025-03-24 06:00:00,Shift_1_Morning,BAL_DEEP_LEVEL_3,21.8064,80.1876,19,19,3,13,0.51,7.9,18.1,3.8,62.8,29.4,0.18,11.8,491.2,416.0,432.2,405.4,26.8,6.2,Normal (<10%)
2025-03-24 14:00:00,Shift_2_Evening,BAL_DEEP_LEVEL_3,21.8064,80.1876,20,21,4,14,0.29,7.73,21.3,8.9,66.0,33.5,0.272,8.4,471.0,570.4,531.3,461.9,69.4,13.06,Moderate (10-25%)
2025-03-24 22:00:00,Shift_3_Night,BAL_DEEP_LEVEL_3,21.8064,80.1876,20,20,3,11,1.43,7.53,19.0,3.9,67.0,34.5,0.19,3.2,414.5,474.1,594.2,483.0,111.2,18.71,Moderate (10-25%)
2025-03-25 06:00:00,Shift_1_Morning,BAL_DEEP_LEVEL_3,21.8064,80.1876,24,26,3,12,1.04,7.43,21.4,7.8,71.7,30.7,0.17,15.8,479.3,586.0,512.4,434.2,78.2,15.26,Moderate (10-25%)
2025-03-25 14:00:00,Shift_2_Evening,UKWA_EXTENSION,21.7932,80.2015,24,26,3,11,0.0,8.09,20.2,12.3,68.0,30.2,0.289,18.6,482.5,387.4,543.0,468.3,74.7,13.76,Moderate (10-25%)
2025-03-25 22:00:00,Shift_3_Night,BAL_NORTH_PIT,21.8121,80.1843,18,20,3,11,1.02,7.49,17.7,8.2,66.8,30.8,0.274,10.8,551.6,378.6,413.7,364.1,49.6,11.99,Moderate (10-25%)
2025-03-26 06:00:00,Shift_1_Morning,UKWA_EXTENSION,21.7932,80.2015,21,22,4,12,1.1,7.97,20.1,2.5,59.6,31.6,0.104,5.3,430.1,410.5,483.5,400.6,82.9,17.15,Moderate (10-25%)
2025-03-26 14:00:00,Shift_2_Evening,UKWA_EXTENSION,21.7932,80.2015,24,24,2,14,1.53,7.56,20.0,12.0,62.7,32.7,0.221,15.2,361.6,387.2,423.3,323.9,99.4,23.48,Moderate (10-25%)
2025-03-26 22:00:00,Shift_3_Night,BAL_DEEP_LEVEL_3,21.8064,80.1876,23,23,3,16,1.52,7.87,20.2,3.4,61.7,29.9,0.191,0.0,524.4,432.8,522.6,464.7,57.9,11.08,Moderate (10-25%)
2025-03-27 06:00:00,Shift_1_Morning,BAL_SOUTH_PIT,21.8005,80.1901,24,26,4,16,1.21,7.54,18.8,11.4,62.7,29.7,0.195,11.0,558.2,620.1,587.7,483.8,103.9,17.68,Moderate (10-25%)
2025-03-27 14:00:00,Shift_2_Evening,BAL_SOUTH_PIT,21.8005,80.1901,19,21,3,13,0.74,7.69,21.0,5.9,63.5,34.7,0.21,15.5,467.2,553.7,532.4,435.3,97.1,18.24,Moderate (10-25%)
2025-03-27 22:00:00,Shift_3_Night,UKWA_EXTENSION,21.7932,80.2015,24,26,4,12,0.5,7.55,20.9,15.0,69.2,30.8,0.269,14.1,411.4,424.1,415.4,347.6,67.8,16.32,Moderate (10-25%)
2025-03-28 06:00:00,Shift_1_Morning,UKWA_EXTENSION,21.7932,80.2015,22,24,3,12,1.39,7.46,20.6,1.5,61.4,30.7,0.18,13.7,468.1,548.8,470.9,397.7,73.2,15.54,Moderate (10-25%)
2025-03-28 14:00:00,Shift_2_Evening,BAL_DEEP_LEVEL_3,21.8064,80.1876,16,18,3,14,0.78,7.95,18.8,9.2,63.1,28.1,0.244,9.4,387.8,510.0,510.1,455.4,54.7,10.72,Moderate (10-25%)
2025-03-28 22:00:00,Shift_3_Night,UKWA_EXTENSION,21.7932,80.2015,18,19,3,16,1.64,7.46,19.2,4.7,63.8,31.5,0.227,10.2,487.4,436.7,480.6,402.8,77.8,16.19,Moderate (10-25%)
2025-03-29 06:00:00,Shift_1_Morning,BAL_DEEP_LEVEL_3,21.8064,80.1876,17,21,3,16,0.38,7.47,22.0,13.1,58.2,31.1,0.152,1.5,434.4,489.2,566.7,553.5,13.2,2.33,Normal (<10%)
2025-03-29 14:00:00,Shift_2_Evening,BAL_SOUTH_PIT,21.8005,80.1901,20,21,2,14,1.32,7.46,20.1,5.1,66.7,31.1,0.175,11.6,467.7,441.4,562.9,429.7,133.2,23.66,Moderate (10-25%)
2025-03-29 22:00:00,Shift_3_Night,BAL_SOUTH_PIT,21.8005,80.1901,27,27,3,12,1.51,8.09,19.5,4.3,60.7,34.2,0.222,5.4,596.4,419.5,522.4,441.1,81.3,15.56,Moderate (10-25%)
2025-03-30 06:00:00,Shift_1_Morning,BAL_NORTH_PIT,21.8121,80.1843,21,22,3,16,1.1,7.33,18.3,8.5,58.6,26.4,0.221,6.8,402.8,504.8,474.7,405.9,68.8,14.49,Moderate (10-25%)
2025-03-30 14:00:00,Shift_2_Evening,BAL_SOUTH_PIT,21.8005,80.1901,20,22,4,12,1.18,7.59,19.6,0.9,64.3,33.6,0.209,4.1,378.2,447.4,451.1,357.0,94.1,20.86,Moderate (10-25%)
2025-03-30 22:00:00,Shift_3_Night,UKWA_EXTENSION,21.7932,80.2015,21,22,3,14,1.0,7.46,21.2,1.6,62.8,33.2,0.17,4.2,309.7,474.3,421.2,339.9,81.3,19.3,Moderate (10-25%)
2025-03-31 06:00:00,Shift_1_Morning,BAL_SOUTH_PIT,21.8005,80.1901,22,24,4,16,1.25,7.54,19.7,5.2,58.5,32.5,0.194,8.9,346.6,457.6,471.0,391.4,79.6,16.9,Moderate (10-25%)
2025-03-31 14:00:00,Shift_2_Evening,BAL_DEEP_LEVEL_3,21.8064,80.1876,22,23,3,14,1.43,7.39,19.2,7.8,66.4,28.3,0.224,4.7,497.3,360.1,482.6,393.8,88.8,18.4,Moderate (10-25%)
2025-03-31 22:00:00,Shift_3_Night,BAL_SOUTH_PIT,21.8005,80.1901,17,19,4,12,1.0,8.13,19.2,4.1,66.4,32.9,0.224,10.9,440.0,535.9,535.2,495.6,39.6,7.4,Normal (<10%)
2025-04-01 06:00:00,Shift_1_Morning,BAL_NORTH_PIT,21.8121,80.1843,21,23,3,12,0.34,8.12,18.8,3.5,71.2,36.5,0.159,9.5,435.1,447.3,531.6,530.7,0.9,0.17,Normal (<10%)
2025-04-01 14:00:00,Shift_2_Evening,BAL_SOUTH_PIT,21.8005,80.1901,18,19,4,11,1.23,8.1,22.1,1.7,60.6,35.1,0.141,3.1,497.7,462.9,414.0,360.4,53.6,12.95,Moderate (10-25%)
2025-04-01 22:00:00,Shift_3_Night,BAL_DEEP_LEVEL_3,21.8064,80.1876,18,18,3,14,2.05,7.35,21.5,6.9,63.9,32.4,0.24,4.4,403.0,398.4,479.1,383.0,96.1,20.06,Moderate (10-25%)
2025-04-02 06:00:00,Shift_1_Morning,BAL_DEEP_LEVEL_3,21.8064,80.1876,18,19,3,13,0.81,8.08,19.5,10.9,62.0,35.2,0.245,10.5,312.9,333.9,436.4,355.0,81.4,18.65,Moderate (10-25%)
2025-04-02 14:00:00,Shift_2_Evening,UKWA_EXTENSION,21.7932,80.2015,20,20,3,16,0.87,7.54,23.6,1.0,64.0,35.2,0.16,0.0,504.2,527.2,431.4,368.8,62.6,14.51,Moderate (10-25%)
2025-04-02 22:00:00,Shift_3_Night,BAL_SOUTH_PIT,21.8005,80.1901,20,20,4,12,0.97,7.34,19.5,4.0,63.3,33.5,0.176,2.3,463.6,384.8,565.5,475.7,89.8,15.88,Moderate (10-25%)
2025-04-03 06:00:00,Shift_1_Morning,BAL_DEEP_LEVEL_3,21.8064,80.1876,23,24,4,13,0.41,7.5,20.0,5.7,67.2,34.3,0.144,6.6,328.5,463.7,408.4,338.0,70.4,17.24,Moderate (10-25%)
2025-04-03 14:00:00,Shift_2_Evening,BAL_NORTH_PIT,21.8121,80.1843,16,18,4,12,0.26,7.54,19.1,2.0,60.3,37.6,0.247,13.4,409.3,536.4,483.8,438.9,44.9,9.28,Normal (<10%)
2025-04-03 22:00:00,Shift_3_Night,UKWA_EXTENSION,21.7932,80.2015,22,23,4,12,0.79,8.06,19.3,6.1,66.2,34.8,0.236,5.1,518.6,533.6,433.6,410.5,23.1,5.33,Normal (<10%)
2025-04-04 06:00:00,Shift_1_Morning,BAL_NORTH_PIT,21.8121,80.1843,18,18,3,11,1.02,8.02,21.1,5.7,60.6,34.4,0.127,7.3,536.3,465.4,575.9,522.2,53.7,9.32,Normal (<10%)
2025-04-04 14:00:00,Shift_2_Evening,BAL_SOUTH_PIT,21.8005,80.1901,17,18,4,12,0.82,8.03,22.2,6.4,54.8,34.0,0.215,9.0,518.5,487.2,511.4,444.2,67.2,13.14,Moderate (10-25%)
2025-04-04 22:00:00,Shift_3_Night,BAL_SOUTH_PIT,21.8005,80.1901,18,18,3,12,1.58,7.65,20.9,17.0,68.2,35.7,0.226,19.6,330.4,463.0,446.3,340.3,106.0,23.75,Moderate (10-25%)
2025-04-05 06:00:00,Shift_1_Morning,BAL_SOUTH_PIT,21.8005,80.1901,17,18,4,16,0.96,8.12,23.5,15.9,57.6,34.0,0.274,10.1,384.3,501.3,500.5,411.3,89.2,17.82,Moderate (10-25%)
2025-04-05 14:00:00,Shift_2_Evening,UKWA_EXTENSION,21.7932,80.2015,21,23,3,12,0.38,7.71,20.7,8.6,62.6,30.4,0.199,15.4,421.2,594.6,546.3,471.9,74.4,13.62,Moderate (10-25%)
2025-04-05 22:00:00,Shift_3_Night,BAL_DEEP_LEVEL_3,21.8064,80.1876,19,20,3,14,0.79,7.47,20.0,1.0,61.7,34.2,0.258,9.7,529.8,488.8,591.6,481.2,110.4,18.66,Moderate (10-25%)
2025-04-06 06:00:00,Shift_1_Morning,UKWA_EXTENSION,21.7932,80.2015,17,17,4,14,1.06,7.98,20.9,8.0,63.7,33.8,0.273,10.1,493.5,562.0,444.1,428.6,15.5,3.49,Normal (<10%)
2025-04-06 14:00:00,Shift_2_Evening,BAL_NORTH_PIT,21.8121,80.1843,20,22,4,10,0.56,7.32,23.0,17.2,67.9,30.0,0.324,13.5,472.5,447.7,577.2,454.5,122.7,21.26,Moderate (10-25%)
2025-04-06 22:00:00,Shift_3_Night,UKWA_EXTENSION,21.7932,80.2015,26,27,4,11,1.16,8.01,18.8,4.3,63.6,36.0,0.219,3.8,602.4,513.9,586.9,550.4,36.5,6.22,Normal (<10%)
2025-04-07 06:00:00,Shift_1_Morning,BAL_NORTH_PIT,21.8121,80.1843,20,21,3,16,0.49,8.12,23.5,5.7,64.9,35.9,0.221,8.6,555.9,442.6,583.3,516.7,66.6,11.42,Moderate (10-25%)
2025-04-07 14:00:00,Shift_2_Evening,UKWA_EXTENSION,21.7932,80.2015,18,19,4,14,0.94,7.89,20.8,4.4,62.9,33.3,0.195,4.5,498.9,458.4,527.1,503.3,23.8,4.52,Normal (<10%)
2025-04-07 22:00:00,Shift_3_Night,BAL_DEEP_LEVEL_3,21.8064,80.1876,24,24,4,14,0.9,7.53,19.2,2.9,75.1,35.9,0.223,10.9,478.3,461.7,526.0,446.0,80.0,15.21,Moderate (10-25%)
2025-04-08 06:00:00,Shift_1_Morning,BAL_NORTH_PIT,21.8121,80.1843,24,26,3,13,1.25,7.91,20.2,2.1,59.3,33.0,0.157,0.0,466.3,469.6,480.6,408.6,72.0,14.98,Moderate (10-25%)
2025-04-08 14:00:00,Shift_2_Evening,BAL_SOUTH_PIT,21.8005,80.1901,24,24,4,12,0.13,7.93,18.1,5.1,56.2,35.0,0.149,3.8,613.3,504.9,550.5,526.8,23.7,4.31,Normal (<10%)
2025-04-08 22:00:00,Shift_3_Night,BAL_SOUTH_PIT,21.8005,80.1901,18,19,3,12,0.43,8.15,21.1,4.8,55.4,38.7,0.168,7.2,365.3,338.3,506.3,449.5,56.8,11.22,Moderate (10-25%)
2025-04-09 06:00:00,Shift_1_Morning,UKWA_EXTENSION,21.7932,80.2015,16,18,3,12,0.74,7.95,22.4,7.5,64.5,35.7,0.153,11.1,439.2,515.0,535.5,470.9,64.6,12.06,Moderate (10-25%)
2025-04-09 14:00:00,Shift_2_Evening,BAL_SOUTH_PIT,21.8005,80.1901,17,18,3,12,0.0,7.55,19.9,3.1,55.2,34.5,0.175,1.8,546.1,547.0,485.7,417.3,68.4,14.08,Moderate (10-25%)
2025-04-09 22:00:00,Shift_3_Night,BAL_NORTH_PIT,21.8121,80.1843,22,25,3,11,0.61,7.31,19.8,3.8,56.1,31.5,0.159,0.0,511.6,523.9,546.3,484.3,62.0,11.35,Moderate (10-25%)
2025-04-10 06:00:00,Shift_1_Morning,BAL_SOUTH_PIT,21.8005,80.1901,20,20,4,16,0.0,8.19,19.5,2.2,56.0,37.9,0.198,0.6,443.5,482.7,564.9,521.9,43.0,7.61,Normal (<10%)
2025-04-10 14:00:00,Shift_2_Evening,BAL_DEEP_LEVEL_3,21.8064,80.1876,20,21,2,12,0.33,8.06,21.1,13.1,67.5,34.3,0.273,12.2,398.1,344.7,429.3,395.9,33.4,7.78,Normal (<10%)
2025-04-10 22:00:00,Shift_3_Night,BAL_DEEP_LEVEL_3,21.8064,80.1876,18,19,3,16,0.31,7.98,24.2,15.9,71.4,33.3,0.264,14.7,520.1,454.8,566.6,478.9,87.7,15.48,Moderate (10-25%)
2025-04-11 06:00:00,Shift_1_Morning,UKWA_EXTENSION,21.7932,80.2015,19,21,4,14,1.27,7.56,21.3,5.4,58.0,35.7,0.202,5.3,475.0,456.6,508.1,426.6,81.5,16.04,Moderate (10-25%)
2025-04-11 14:00:00,Shift_2_Evening,BAL_NORTH_PIT,21.8121,80.1843,17,18,4,16,0.65,7.86,21.2,16.9,68.1,31.3,0.18,9.1,533.5,454.0,568.9,482.4,86.5,15.2,Moderate (10-25%)
2025-04-11 22:00:00,Shift_3_Night,BAL_DEEP_LEVEL_3,21.8064,80.1876,23,25,4,12,0.0,8.12,20.2,7.0,49.6,34.1,0.149,4.1,543.1,456.4,486.3,455.9,30.4,6.25,Normal (<10%)
2025-04-12 06:00:00,Shift_1_Morning,BAL_DEEP_LEVEL_3,21.8064,80.1876,22,23,3,12,1.27,7.47,21.2,12.6,60.9,34.4,0.312,8.8,512.8,356.6,475.8,392.1,83.7,17.59,Moderate (10-25%)
2025-04-12 14:00:00,Shift_2_Evening,BAL_NORTH_PIT,21.8121,80.1843,17,18,3,13,0.35,7.48,19.1,3.3,65.3,36.6,0.198,0.0,495.2,476.3,583.0,537.7,45.3,7.77,Normal (<10%)
2025-04-12 22:00:00,Shift_3_Night,BAL_SOUTH_PIT,21.8005,80.1901,22,23,3,15,0.43,7.45,20.3,11.3,61.0,33.6,0.096,7.8,555.8,504.1,450.2,412.9,37.3,8.29,Normal (<10%)
2025-04-13 06:00:00,Shift_1_Morning,BAL_SOUTH_PIT,21.8005,80.1901,24,24,4,16,0.6,7.94,19.9,8.4,69.0,33.5,0.292,5.4,439.3,430.8,568.8,520.9,47.9,8.42,Normal (<10%)
2025-04-13 14:00:00,Shift_2_Evening,UKWA_EXTENSION,21.7932,80.2015,24,25,3,12,0.12,7.57,24.1,19.0,56.1,36.2,0.246,12.1,531.6,386.9,496.8,418.7,78.1,15.72,Moderate (10-25%)
2025-04-13 22:00:00,Shift_3_Night,BAL_SOUTH_PIT,21.8005,80.1901,22,24,3,14,0.12,7.53,21.8,3.6,59.0,35.6,0.214,4.9,410.9,449.9,502.8,409.7,93.1,18.52,Moderate (10-25%)
2025-04-14 06:00:00,Shift_1_Morning,BAL_NORTH_PIT,21.8121,80.1843,24,24,3,12,0.27,8.07,19.3,2.9,64.1,36.7,0.153,8.0,424.8,448.5,461.7,400.4,61.3,13.28,Moderate (10-25%)
2025-04-14 14:00:00,Shift_2_Evening,BAL_DEEP_LEVEL_3,21.8064,80.1876,18,19,4,16,0.54,7.5,21.9,6.2,66.8,36.3,0.319,10.1,454.1,482.7,514.6,444.8,69.8,13.56,Moderate (10-25%)
2025-04-14 22:00:00,Shift_3_Night,BAL_SOUTH_PIT,21.8005,80.1901,21,22,3,13,0.87,8.05,21.4,8.3,66.7,37.4,0.201,0.0,416.4,528.6,465.0,416.5,48.5,10.43,Moderate (10-25%)
2025-04-15 06:00:00,Shift_1_Morning,UKWA_EXTENSION,21.7932,80.2015,25,27,2,12,0.71,7.96,18.7,6.6,63.8,33.0,0.181,7.2,492.6,421.7,407.9,374.1,33.8,8.29,Normal (<10%)
2025-04-15 14:00:00,Shift_2_Evening,BAL_SOUTH_PIT,21.8005,80.1901,19,20,4,16,0.66,7.72,19.4,6.6,56.5,38.3,0.193,10.3,408.7,381.7,454.4,380.8,73.6,16.2,Moderate (10-25%)
2025-04-15 22:00:00,Shift_3_Night,BAL_NORTH_PIT,21.8121,80.1843,16,19,4,16,0.35,7.84,22.2,8.9,58.9,33.7,0.166,8.8,464.0,575.9,401.3,343.7,57.6,14.35,Moderate (10-25%)
2025-04-16 06:00:00,Shift_1_Morning,UKWA_EXTENSION,21.7932,80.2015,18,20,4,16,0.66,7.63,21.4,9.3,75.9,36.2,0.26,10.9,555.3,488.2,595.7,536.3,59.4,9.97,Normal (<10%)
2025-04-16 14:00:00,Shift_2_Evening,BAL_SOUTH_PIT,21.8005,80.1901,18,19,3,10,1.02,7.64,19.3,9.7,58.3,37.2,0.257,13.7,452.9,477.5,593.1,548.8,44.3,7.47,Normal (<10%)
2025-04-16 22:00:00,Shift_3_Night,UKWA_EXTENSION,21.7932,80.2015,23,23,3,13,1.58,7.41,20.7,7.7,56.6,30.3,0.218,11.3,409.3,463.6,479.0,361.0,118.0,24.63,Moderate (10-25%)
2025-04-17 06:00:00,Shift_1_Morning,BAL_NORTH_PIT,21.8121,80.1843,23,27,3,12,1.18,8.22,21.7,12.4,68.3,34.7,0.215,7.8,523.4,466.3,545.7,456.2,89.5,16.4,Moderate (10-25%)
2025-04-17 14:00:00,Shift_2_Evening,BAL_DEEP_LEVEL_3,21.8064,80.1876,24,26,3,15,0.65,7.6,17.6,8.5,58.1,38.5,0.181,7.9,476.5,508.3,469.2,404.5,64.7,13.79,Moderate (10-25%)
2025-04-17 22:00:00,Shift_3_Night,BAL_NORTH_PIT,21.8121,80.1843,24,25,3,16,0.37,8.1,22.4,8.3,73.1,36.3,0.233,18.3,350.9,466.2,534.2,458.7,75.5,14.13,Moderate (10-25%)
2025-04-18 06:00:00,Shift_1_Morning,BAL_NORTH_PIT,21.8121,80.1843,24,24,3,16,1.42,8.0,18.4,6.2,76.1,35.0,0.211,6.8,476.9,475.2,561.1,527.4,33.7,6.01,Normal (<10%)
2025-04-18 14:00:00,Shift_2_Evening,BAL_NORTH_PIT,21.8121,80.1843,25,26,3,12,0.87,7.98,19.4,20.0,66.0,30.9,0.301,25.1,571.3,547.9,589.4,543.6,45.8,7.77,Normal (<10%)
2025-04-18 22:00:00,Shift_3_Night,BAL_NORTH_PIT,21.8121,80.1843,19,20,4,16,0.0,7.48,19.0,0.6,63.0,34.7,0.185,7.3,542.2,465.1,480.0,463.7,16.3,3.4,Normal (<10%)
2025-04-19 06:00:00,Shift_1_Morning,BAL_DEEP_LEVEL_3,21.8064,80.1876,22,22,3,13,1.38,8.04,20.3,2.8,53.5,36.6,0.216,5.6,606.0,599.3,556.7,539.2,17.5,3.14,Normal (<10%)
2025-04-19 14:00:00,Shift_2_Evening,BAL_DEEP_LEVEL_3,21.8064,80.1876,19,20,4,10,0.19,8.14,18.2,7.4,68.0,35.1,0.157,1.5,439.6,361.3,453.2,428.6,24.6,5.43,Normal (<10%)
2025-04-19 22:00:00,Shift_3_Night,UKWA_EXTENSION,21.7932,80.2015,19,20,3,14,0.11,7.52,19.2,4.7,50.7,35.0,0.169,3.6,608.9,536.1,598.1,552.3,45.8,7.66,Normal (<10%)
2025-04-20 06:00:00,Shift_1_Morning,BAL_SOUTH_PIT,21.8005,80.1901,25,25,3,16,1.48,7.41,20.3,8.1,56.9,34.0,0.208,4.6,450.2,427.6,405.2,331.5,73.7,18.19,Moderate (10-25%)
2025-04-20 14:00:00,Shift_2_Evening,BAL_DEEP_LEVEL_3,21.8064,80.1876,24,25,4,10,1.12,8.08,18.4,6.2,63.8,36.7,0.224,9.2,434.7,475.9,520.7,455.2,65.5,12.58,Moderate (10-25%)
2025-04-20 22:00:00,Shift_3_Night,BAL_DEEP_LEVEL_3,21.8064,80.1876,25,25,4,15,0.69,8.09,18.3,3.1,64.9,35.9,0.212,2.4,572.4,496.3,531.9,517.3,14.6,2.74,Normal (<10%)
2025-04-21 06:00:00,Shift_1_Morning,BAL_SOUTH_PIT,21.8005,80.1901,23,25,4,11,0.1,7.57,20.8,7.8,53.9,37.9,0.102,16.4,592.6,433.4,537.6,507.0,30.6,5.69,Normal (<10%)
2025-04-21 14:00:00,Shift_2_Evening,BAL_DEEP_LEVEL_3,21.8064,80.1876,18,18,3,16,0.96,8.07,20.6,5.8,60.6,37.0,0.21,12.6,490.1,356.2,424.1,376.7,47.4,11.18,Moderate (10-25%)
2025-04-21 22:00:00,Shift_3_Night,BAL_NORTH_PIT,21.8121,80.1843,18,19,4,10,1.69,7.97,20.1,3.9,56.2,32.0,0.292,10.4,433.1,578.4,587.7,507.6,80.1,13.63,Moderate (10-25%)
2025-04-22 06:00:00,Shift_1_Morning,BAL_NORTH_PIT,21.8121,80.1843,20,20,4,12,2.06,7.91,20.3,7.7,62.7,34.8,0.249,8.1,369.6,466.8,436.2,368.9,67.3,15.43,Moderate (10-25%)
2025-04-22 14:00:00,Shift_2_Evening,BAL_SOUTH_PIT,21.8005,80.1901,21,22,3,11,1.72,7.91,18.1,8.6,58.3,35.3,0.16,7.3,458.7,530.6,524.6,484.1,40.5,7.72,Normal (<10%)
2025-04-22 22:00:00,Shift_3_Night,UKWA_EXTENSION,21.7932,80.2015,21,21,4,16,1.0,7.34,20.4,4.4,59.0,33.2,0.15,8.0,447.5,371.4,444.5,349.6,94.9,21.35,Moderate (10-25%)
2025-04-23 06:00:00,Shift_1_Morning,UKWA_EXTENSION,21.7932,80.2015,16,18,3,15,1.39,8.02,19.4,3.6,65.4,35.3,0.203,2.1,416.9,476.8,461.4,405.8,55.6,12.05,Moderate (10-25%)
2025-04-23 14:00:00,Shift_2_Evening,BAL_SOUTH_PIT,21.8005,80.1901,20,20,4,16,0.63,7.49,19.6,7.3,64.5,35.5,0.169,4.7,475.0,374.1,509.3,436.5,72.8,14.29,Moderate (10-25%)
2025-04-23 22:00:00,Shift_3_Night,BAL_SOUTH_PIT,21.8005,80.1901,21,21,4,9,0.83,7.96,17.4,6.0,65.0,34.9,0.175,0.1,361.1,475.4,483.4,432.4,51.0,10.55,Moderate (10-25%)
2025-04-24 06:00:00,Shift_1_Morning,BAL_NORTH_PIT,21.8121,80.1843,22,23,4,16,0.2,7.2,20.8,9.6,62.7,29.9,0.184,10.9,442.0,394.7,432.0,322.4,109.6,25.37,Critical (>25%)
2025-04-24 14:00:00,Shift_2_Evening,UKWA_EXTENSION,21.7932,80.2015,20,20,3,13,0.46,7.88,21.5,12.6,69.3,33.4,0.281,7.4,436.4,367.8,434.2,367.4,66.8,15.38,Moderate (10-25%)
2025-04-24 22:00:00,Shift_3_Night,BAL_DEEP_LEVEL_3,21.8064,80.1876,19,19,4,11,0.35,7.61,19.7,6.4,63.6,33.6,0.213,0.0,462.8,402.2,483.6,402.9,80.7,16.69,Moderate (10-25%)
2025-04-25 06:00:00,Shift_1_Morning,BAL_NORTH_PIT,21.8121,80.1843,24,24,4,14,1.03,7.93,19.1,4.0,59.8,33.5,0.177,6.0,499.5,566.0,551.5,497.4,54.1,9.81,Normal (<10%)
2025-04-25 14:00:00,Shift_2_Evening,BAL_SOUTH_PIT,21.8005,80.1901,20,24,2,10,0.34,7.54,22.5,2.8,65.8,35.8,0.199,12.7,418.8,461.2,579.6,471.9,107.7,18.58,Moderate (10-25%)
2025-04-25 22:00:00,Shift_3_Night,UKWA_EXTENSION,21.7932,80.2015,21,21,4,13,0.45,7.86,18.8,1.7,59.1,33.5,0.156,0.0,366.0,264.0,416.8,345.2,71.6,17.18,Moderate (10-25%)
2025-04-26 06:00:00,Shift_1_Morning,BAL_DEEP_LEVEL_3,21.8064,80.1876,24,24,2,11,0.11,8.14,20.9,7.9,61.6,37.7,0.208,5.8,559.5,405.2,478.6,453.9,24.7,5.16,Normal (<10%)
2025-04-26 14:00:00,Shift_2_Evening,BAL_DEEP_LEVEL_3,21.8064,80.1876,25,26,2,12,0.64,7.49,17.6,1.7,66.8,33.5,0.167,12.5,458.6,531.3,420.0,388.2,31.8,7.57,Normal (<10%)
2025-04-26 22:00:00,Shift_3_Night,BAL_NORTH_PIT,21.8121,80.1843,26,27,4,16,1.01,7.53,19.0,12.1,68.6,34.3,0.196,7.7,487.5,475.2,403.3,333.9,69.4,17.21,Moderate (10-25%)
2025-04-27 06:00:00,Shift_1_Morning,UKWA_EXTENSION,21.7932,80.2015,17,19,4,14,0.39,7.73,20.3,21.5,65.9,37.5,0.283,24.2,529.0,613.4,532.3,469.6,62.7,11.78,Moderate (10-25%)
2025-04-27 14:00:00,Shift_2_Evening,UKWA_EXTENSION,21.7932,80.2015,19,20,3,11,0.19,7.65,21.4,8.9,69.4,34.3,0.293,12.7,373.6,480.9,520.5,441.4,79.1,15.2,Moderate (10-25%)
2025-04-27 22:00:00,Shift_3_Night,BAL_SOUTH_PIT,21.8005,80.1901,21,24,4,16,1.0,7.47,20.7,16.4,61.0,32.1,0.319,21.0,449.4,371.2,432.6,343.8,88.8,20.53,Moderate (10-25%)
2025-04-28 06:00:00,Shift_1_Morning,UKWA_EXTENSION,21.7932,80.2015,25,25,3,15,1.52,7.94,21.3,3.7,61.0,33.6,0.164,14.6,456.5,396.5,446.8,355.5,91.3,20.43,Moderate (10-25%)
2025-04-28 14:00:00,Shift_2_Evening,UKWA_EXTENSION,21.7932,80.2015,18,18,3,16,1.39,7.47,21.4,11.5,60.8,34.1,0.246,1.5,509.7,403.3,404.7,357.6,47.1,11.64,Moderate (10-25%)
2025-04-28 22:00:00,Shift_3_Night,BAL_NORTH_PIT,21.8121,80.1843,25,26,3,12,1.54,7.55,21.9,11.1,65.9,34.8,0.315,11.4,535.6,559.2,567.0,431.4,135.6,23.92,Moderate (10-25%)
2025-04-29 06:00:00,Shift_1_Morning,UKWA_EXTENSION,21.7932,80.2015,18,20,4,13,1.26,7.99,18.6,3.8,65.9,35.1,0.209,7.0,515.3,516.8,594.9,502.4,92.5,15.55,Moderate (10-25%)
2025-04-29 14:00:00,Shift_2_Evening,BAL_DEEP_LEVEL_3,21.8064,80.1876,23,26,4,11,1.01,7.46,19.0,12.4,67.3,32.9,0.17,5.4,481.4,358.0,427.1,370.3,56.8,13.3,Moderate (10-25%)
2025-04-29 22:00:00,Shift_3_Night,BAL_NORTH_PIT,21.8121,80.1843,17,18,4,12,0.98,7.65,20.0,3.0,64.9,37.2,0.222,7.3,406.4,485.1,446.3,343.5,102.8,23.03,Moderate (10-25%)
2025-04-30 06:00:00,Shift_1_Morning,BAL_NORTH_PIT,21.8121,80.1843,19,20,3,15,0.18,7.49,20.8,16.4,65.3,33.5,0.245,12.2,428.3,442.9,573.7,500.2,73.5,12.81,Moderate (10-25%)
2025-04-30 14:00:00,Shift_2_Evening,BAL_SOUTH_PIT,21.8005,80.1901,18,18,3,14,1.68,8.23,22.2,12.3,64.1,37.3,0.227,5.1,356.6,401.8,585.3,509.4,75.9,12.97,Moderate (10-25%)
2025-04-30 22:00:00,Shift_3_Night,UKWA_EXTENSION,21.7932,80.2015,18,18,4,12,0.56,7.51,20.9,13.9,71.4,35.3,0.327,9.4,539.5,486.5,483.9,402.3,81.6,16.86,Moderate (10-25%)
2025-05-01 06:00:00,Shift_1_Morning,BAL_SOUTH_PIT,21.8005,80.1901,24,24,3,13,1.1,8.18,19.1,3.5,54.7,39.0,0.135,17.0,424.4,403.5,410.1,370.5,39.6,9.66,Normal (<10%)
2025-05-01 14:00:00,Shift_2_Evening,BAL_DEEP_LEVEL_3,21.8064,80.1876,25,27,3,11,1.61,8.04,21.6,13.2,61.4,37.2,0.23,1.3,466.8,451.3,407.9,344.8,63.1,15.47,Moderate (10-25%)
2025-05-01 22:00:00,Shift_3_Night,BAL_NORTH_PIT,21.8121,80.1843,18,19,4,14,1.82,7.6,21.1,0.7,63.4,38.0,0.193,8.5,543.6,423.5,514.8,409.5,105.3,20.45,Moderate (10-25%)
2025-05-02 06:00:00,Shift_1_Morning,BAL_NORTH_PIT,21.8121,80.1843,19,19,3,14,1.77,7.93,21.8,9.5,71.7,37.4,0.237,2.0,397.6,360.0,478.6,381.0,97.6,20.39,Moderate (10-25%)
2025-05-02 14:00:00,Shift_2_Evening,BAL_NORTH_PIT,21.8121,80.1843,19,20,2,15,0.81,7.41,20.8,1.7,59.8,36.6,0.178,3.9,467.0,426.4,405.7,339.8,65.9,16.24,Moderate (10-25%)
2025-05-02 22:00:00,Shift_3_Night,BAL_DEEP_LEVEL_3,21.8064,80.1876,18,20,3,13,0.48,7.55,21.6,9.8,62.7,35.7,0.193,15.2,494.5,554.8,516.7,438.4,78.3,15.15,Moderate (10-25%)
2025-05-03 06:00:00,Shift_1_Morning,BAL_DEEP_LEVEL_3,21.8064,80.1876,22,26,3,16,1.24,7.6,19.9,4.5,56.7,38.5,0.197,9.8,438.4,347.4,402.3,335.2,67.1,16.68,Moderate (10-25%)
2025-05-03 14:00:00,Shift_2_Evening,BAL_SOUTH_PIT,21.8005,80.1901,25,25,4,12,1.16,7.5,20.6,4.9,60.5,35.4,0.23,0.1,487.0,341.8,557.5,467.4,90.1,16.16,Moderate (10-25%)
2025-05-03 22:00:00,Shift_3_Night,BAL_SOUTH_PIT,21.8005,80.1901,23,26,3,12,0.0,7.37,20.1,6.2,66.9,34.2,0.167,6.1,525.0,486.6,461.3,409.6,51.7,11.21,Moderate (10-25%)
2025-05-04 06:00:00,Shift_1_Morning,BAL_SOUTH_PIT,21.8005,80.1901,22,24,3,14,0.0,7.86,19.4,2.2,68.5,36.6,0.168,3.4,514.3,520.3,408.1,376.4,31.7,7.77,Normal (<10%)
2025-05-04 14:00:00,Shift_2_Evening,UKWA_EXTENSION,21.7932,80.2015,24,26,4,14,1.08,7.86,19.2,11.5,63.5,35.5,0.243,21.8,527.0,384.5,517.7,467.4,50.3,9.72,Normal (<10%)
2025-05-04 22:00:00,Shift_3_Night,BAL_NORTH_PIT,21.8121,80.1843,18,19,3,16,1.5,7.82,20.8,2.5,57.4,36.5,0.176,7.1,469.7,487.7,479.5,426.5,53.0,11.05,Moderate (10-25%)
2025-05-05 06:00:00,Shift_1_Morning,BAL_NORTH_PIT,21.8121,80.1843,19,20,3,14,1.66,8.01,21.0,5.6,64.9,36.4,0.282,9.6,553.5,516.7,594.8,483.4,111.4,18.73,Moderate (10-25%)
2025-05-05 14:00:00,Shift_2_Evening,BAL_SOUTH_PIT,21.8005,80.1901,24,24,3,16,1.43,7.61,20.9,5.0,54.7,39.7,0.287,17.3,483.4,546.2,508.8,436.4,72.4,14.23,Moderate (10-25%)
2025-05-05 22:00:00,Shift_3_Night,BAL_NORTH_PIT,21.8121,80.1843,20,22,3,12,0.38,7.5,20.8,4.7,68.6,38.0,0.231,11.4,523.2,514.0,455.0,380.7,74.3,16.33,Moderate (10-25%)
2025-05-06 06:00:00,Shift_1_Morning,BAL_SOUTH_PIT,21.8005,80.1901,24,25,3,12,0.89,7.77,21.4,13.0,60.1,34.9,0.25,14.6,540.9,591.0,541.9,468.0,73.9,13.64,Moderate (10-25%)
2025-05-06 14:00:00,Shift_2_Evening,UKWA_EXTENSION,21.7932,80.2015,19,19,4,14,0.16,7.48,20.8,8.3,66.2,35.3,0.306,7.1,460.9,490.3,454.3,399.0,55.3,12.17,Moderate (10-25%)
2025-05-06 22:00:00,Shift_3_Night,UKWA_EXTENSION,21.7932,80.2015,16,17,3,12,1.09,7.98,22.7,0.9,62.9,39.3,0.107,0.0,552.8,482.6,580.8,523.4,57.4,9.88,Normal (<10%)
2025-05-07 06:00:00,Shift_1_Morning,BAL_DEEP_LEVEL_3,21.8064,80.1876,20,20,4,16,1.01,8.21,20.5,2.7,64.1,39.8,0.142,0.0,444.0,577.4,474.9,429.6,45.3,9.54,Normal (<10%)
2025-05-07 14:00:00,Shift_2_Evening,UKWA_EXTENSION,21.7932,80.2015,18,19,3,13,0.35,7.85,18.6,7.1,63.2,36.7,0.168,3.4,533.7,484.9,510.0,487.5,22.5,4.41,Normal (<10%)
2025-05-07 22:00:00,Shift_3_Night,BAL_SOUTH_PIT,21.8005,80.1901,16,18,3,12,0.65,7.96,18.8,3.8,61.4,36.5,0.151,4.4,363.4,482.0,410.1,371.7,38.4,9.36,Normal (<10%)
2025-05-08 06:00:00,Shift_1_Morning,UKWA_EXTENSION,21.7932,80.2015,24,24,4,13,1.33,7.67,22.6,5.9,65.3,38.7,0.219,11.9,557.3,541.8,485.2,403.8,81.4,16.78,Moderate (10-25%)
2025-05-08 14:00:00,Shift_2_Evening,BAL_DEEP_LEVEL_3,21.8064,80.1876,22,22,4,12,1.01,7.54,18.4,4.0,66.3,37.8,0.182,12.0,558.2,461.8,566.5,514.9,51.6,9.11,Normal (<10%)
2025-05-08 22:00:00,Shift_3_Night,BAL_NORTH_PIT,21.8121,80.1843,23,24,4,12,0.41,8.06,18.9,9.2,72.2,36.3,0.237,11.2,356.2,404.5,561.1,528.6,32.5,5.79,Normal (<10%)
2025-05-09 06:00:00,Shift_1_Morning,BAL_SOUTH_PIT,21.8005,80.1901,26,26,3,14,0.48,8.01,21.6,1.5,55.7,38.8,0.146,0.1,464.3,555.7,444.9,410.3,34.6,7.78,Normal (<10%)
2025-05-09 14:00:00,Shift_2_Evening,BAL_NORTH_PIT,21.8121,80.1843,22,23,3,15,0.77,8.03,20.9,5.2,54.9,38.9,0.236,13.2,406.7,410.2,445.2,380.2,65.0,14.6,Moderate (10-25%)
2025-05-09 22:00:00,Shift_3_Night,BAL_DEEP_LEVEL_3,21.8064,80.1876,22,22,4,14,0.67,8.08,20.6,3.8,55.4,36.0,0.258,14.2,540.9,577.4,563.5,512.3,51.2,9.09,Normal (<10%)
2025-05-10 06:00:00,Shift_1_Morning,BAL_DEEP_LEVEL_3,21.8064,80.1876,21,24,3,14,1.08,7.92,22.9,12.4,57.3,34.4,0.305,9.6,486.9,505.6,586.1,539.0,47.1,8.04,Normal (<10%)
2025-05-10 14:00:00,Shift_2_Evening,BAL_DEEP_LEVEL_3,21.8064,80.1876,22,24,4,12,1.69,7.59,21.2,17.0,59.7,35.8,0.235,9.4,501.8,509.6,419.1,337.8,81.3,19.4,Moderate (10-25%)
2025-05-10 22:00:00,Shift_3_Night,BAL_NORTH_PIT,21.8121,80.1843,25,26,3,14,1.18,7.86,18.4,3.0,56.2,36.4,0.219,5.7,347.3,342.6,490.0,415.3,74.7,15.24,Moderate (10-25%)
2025-05-11 06:00:00,Shift_1_Morning,BAL_NORTH_PIT,21.8121,80.1843,25,26,4,16,0.89,8.03,21.0,22.8,66.5,36.4,0.363,32.8,420.4,424.8,467.5,408.9,58.6,12.53,Moderate (10-25%)
2025-05-11 14:00:00,Shift_2_Evening,BAL_NORTH_PIT,21.8121,80.1843,18,20,4,14,0.16,7.52,21.1,5.1,68.2,36.5,0.211,14.2,459.9,433.9,574.1,438.9,135.2,23.55,Moderate (10-25%)
2025-05-11 22:00:00,Shift_3_Night,BAL_NORTH_PIT,21.8121,80.1843,19,19,3,14,0.4,7.44,21.6,3.4,65.4,35.5,0.168,0.0,428.2,485.9,416.7,337.4,79.3,19.03,Moderate (10-25%)
2025-05-12 06:00:00,Shift_1_Morning,BAL_DEEP_LEVEL_3,21.8064,80.1876,23,24,3,15,0.86,7.5,19.3,11.6,61.0,34.5,0.197,9.4,493.3,512.5,442.2,410.3,31.9,7.21,Normal (<10%)
2025-05-12 14:00:00,Shift_2_Evening,BAL_DEEP_LEVEL_3,21.8064,80.1876,15,17,4,16,0.1,7.44,17.7,2.9,58.7,39.3,0.165,5.8,550.0,415.9,550.5,435.7,114.8,20.85,Moderate (10-25%)
2025-05-12 22:00:00,Shift_3_Night,BAL_SOUTH_PIT,21.8005,80.1901,24,24,4,12,0.75,7.39,20.2,8.8,74.0,36.1,0.258,11.0,497.9,467.2,410.3,321.0,89.3,21.76,Moderate (10-25%)
2025-05-13 06:00:00,Shift_1_Morning,BAL_SOUTH_PIT,21.8005,80.1901,22,22,3,16,0.21,7.46,20.8,8.5,66.8,33.5,0.206,7.8,497.2,457.9,498.5,425.1,73.4,14.72,Moderate (10-25%)
2025-05-13 14:00:00,Shift_2_Evening,BAL_NORTH_PIT,21.8121,80.1843,25,25,4,16,0.82,7.39,20.6,11.8,65.9,35.0,0.226,11.6,401.4,461.9,488.4,384.4,104.0,21.29,Moderate (10-25%)
2025-05-13 22:00:00,Shift_3_Night,UKWA_EXTENSION,21.7932,80.2015,21,22,4,11,0.0,7.53,19.2,4.3,62.0,36.8,0.122,11.7,538.5,521.5,466.9,410.0,56.9,12.19,Moderate (10-25%)
2025-05-14 06:00:00,Shift_1_Morning,UKWA_EXTENSION,21.7932,80.2015,23,25,3,12,0.03,7.38,20.0,1.7,61.2,35.0,0.19,8.6,460.7,441.5,478.9,390.9,88.0,18.38,Moderate (10-25%)
2025-05-14 14:00:00,Shift_2_Evening,BAL_DEEP_LEVEL_3,21.8064,80.1876,24,26,3,11,0.64,8.07,18.5,5.8,71.9,36.8,0.158,4.8,449.7,366.9,506.0,455.2,50.8,10.04,Moderate (10-25%)
2025-05-14 22:00:00,Shift_3_Night,BAL_DEEP_LEVEL_3,21.8064,80.1876,20,21,3,16,1.36,7.38,21.5,13.2,65.2,31.4,0.226,11.3,361.9,459.8,432.3,341.5,90.8,21.0,Moderate (10-25%)
2025-05-15 06:00:00,Shift_1_Morning,BAL_DEEP_LEVEL_3,21.8064,80.1876,26,27,3,14,1.28,7.94,22.2,9.3,64.3,35.9,0.195,12.4,463.4,394.3,514.4,445.6,68.8,13.37,Moderate (10-25%)
2025-05-15 14:00:00,Shift_2_Evening,BAL_SOUTH_PIT,21.8005,80.1901,26,27,3,15,0.09,7.94,21.3,7.0,56.4,38.0,0.224,13.2,583.2,504.2,561.1,511.6,49.5,8.82,Normal (<10%)
2025-05-15 22:00:00,Shift_3_Night,BAL_SOUTH_PIT,21.8005,80.1901,24,26,3,13,1.11,8.13,18.9,9.6,59.5,38.1,0.167,6.7,517.9,628.7,552.0,534.4,17.6,3.19,Normal (<10%)
2025-05-16 06:00:00,Shift_1_Morning,BAL_DEEP_LEVEL_3,21.8064,80.1876,18,18,4,15,0.87,8.03,23.1,11.8,63.0,37.5,0.311,7.0,465.0,386.2,430.8,380.0,50.8,11.79,Moderate (10-25%)
2025-05-16 14:00:00,Shift_2_Evening,BAL_DEEP_LEVEL_3,21.8064,80.1876,26,26,4,12,0.0,7.98,20.4,5.3,64.3,38.4,0.131,5.3,409.3,427.3,429.8,409.9,19.9,4.63,Normal (<10%)
2025-05-16 22:00:00,Shift_3_Night,BAL_DEEP_LEVEL_3,21.8064,80.1876,24,25,3,14,0.0,8.05,18.2,2.3,57.2,39.7,0.176,7.1,359.1,492.2,453.6,427.6,26.0,5.73,Normal (<10%)
2025-05-17 06:00:00,Shift_1_Morning,UKWA_EXTENSION,21.7932,80.2015,26,26,4,13,0.39,7.79,23.8,7.8,65.1,35.4,0.302,10.4,459.2,321.6,472.2,401.6,70.6,14.95,Moderate (10-25%)
2025-05-17 14:00:00,Shift_2_Evening,BAL_SOUTH_PIT,21.8005,80.1901,24,24,2,14,0.82,8.0,20.4,5.3,60.3,38.3,0.241,16.1,555.0,389.9,481.7,440.9,40.8,8.47,Normal (<10%)
2025-05-17 22:00:00,Shift_3_Night,UKWA_EXTENSION,21.7932,80.2015,21,22,3,13,0.87,7.7,20.7,5.0,56.0,42.0,0.16,2.2,518.7,489.1,535.9,480.1,55.8,10.41,Moderate (10-25%)
2025-05-18 06:00:00,Shift_1_Morning,UKWA_EXTENSION,21.7932,80.2015,24,24,4,16,0.01,8.01,20.6,1.6,56.2,36.6,0.214,12.0,350.4,393.1,411.3,390.2,21.1,5.13,Normal (<10%)
2025-05-18 14:00:00,Shift_2_Evening,BAL_DEEP_LEVEL_3,21.8064,80.1876,22,22,4,12,1.47,8.01,21.8,7.6,63.8,37.4,0.269,5.9,435.0,433.7,406.9,349.6,57.3,14.08,Moderate (10-25%)
2025-05-18 22:00:00,Shift_3_Night,BAL_DEEP_LEVEL_3,21.8064,80.1876,22,22,3,16,0.19,8.05,21.2,6.9,64.2,39.4,0.252,7.0,435.1,415.4,478.4,434.3,44.1,9.22,Normal (<10%)
2025-05-19 06:00:00,Shift_1_Morning,BAL_NORTH_PIT,21.8121,80.1843,16,18,3,12,0.36,8.09,20.9,3.9,61.4,37.8,0.195,1.1,440.6,480.8,539.4,504.2,35.2,6.53,Normal (<10%)
2025-05-19 14:00:00,Shift_2_Evening,BAL_NORTH_PIT,21.8121,80.1843,22,22,3,11,0.4,7.3,20.9,3.7,59.1,29.8,0.196,5.1,390.2,508.0,438.7,337.9,100.8,22.98,Moderate (10-25%)
2025-05-19 22:00:00,Shift_3_Night,UKWA_EXTENSION,21.7932,80.2015,22,23,3,12,0.87,7.83,21.9,14.9,65.2,31.6,0.291,23.8,490.1,482.0,528.3,435.7,92.6,17.53,Moderate (10-25%)
2025-05-20 06:00:00,Shift_1_Morning,BAL_SOUTH_PIT,21.8005,80.1901,17,17,3,14,1.34,7.52,22.2,12.1,61.9,36.1,0.256,7.3,379.5,384.6,452.0,357.1,94.9,21.0,Moderate (10-25%)
2025-05-20 14:00:00,Shift_2_Evening,BAL_DEEP_LEVEL_3,21.8064,80.1876,16,17,3,16,1.92,7.43,19.1,3.7,57.1,37.1,0.179,3.7,409.4,558.6,577.2,444.1,133.1,23.06,Moderate (10-25%)
2025-05-20 22:00:00,Shift_3_Night,BAL_DEEP_LEVEL_3,21.8064,80.1876,16,17,4,16,0.0,8.13,20.7,20.0,67.9,36.0,0.294,14.9,590.3,546.9,579.1,554.5,24.6,4.25,Normal (<10%)
2025-05-21 06:00:00,Shift_1_Morning,UKWA_EXTENSION,21.7932,80.2015,21,22,2,13,0.87,7.97,22.3,5.9,72.3,36.0,0.227,20.5,422.5,511.5,459.5,402.9,56.6,12.32,Moderate (10-25%)
2025-05-21 14:00:00,Shift_2_Evening,BAL_NORTH_PIT,21.8121,80.1843,23,24,3,11,0.43,7.31,19.2,3.2,61.2,33.9,0.142,7.4,459.9,477.4,446.0,417.5,28.5,6.39,Normal (<10%)
2025-05-21 22:00:00,Shift_3_Night,BAL_SOUTH_PIT,21.8005,80.1901,25,27,2,16,0.0,7.87,18.6,2.7,55.1,35.5,0.173,4.2,431.1,379.7,482.3,438.3,44.0,9.12,Normal (<10%)
2025-05-22 06:00:00,Shift_1_Morning,BAL_NORTH_PIT,21.8121,80.1843,24,26,3,16,0.16,7.73,22.2,13.4,72.6,31.5,0.262,18.4,484.7,389.1,448.1,357.2,90.9,20.29,Moderate (10-25%)
2025-05-22 14:00:00,Shift_2_Evening,BAL_NORTH_PIT,21.8121,80.1843,18,19,4,13,0.62,7.48,20.7,7.7,68.2,36.1,0.162,0.0,594.0,486.7,534.5,476.0,58.5,10.94,Moderate (10-25%)
2025-05-22 22:00:00,Shift_3_Night,BAL_NORTH_PIT,21.8121,80.1843,18,20,3,12,0.91,7.48,20.4,3.1,68.2,38.3,0.159,7.2,445.5,400.7,565.2,480.3,84.9,15.02,Moderate (10-25%)
2025-05-23 06:00:00,Shift_1_Morning,BAL_NORTH_PIT,21.8121,80.1843,26,26,3,14,0.44,7.96,21.7,8.1,63.6,37.7,0.222,13.1,522.3,425.8,534.6,485.6,49.0,9.17,Normal (<10%)
2025-05-23 14:00:00,Shift_2_Evening,BAL_DEEP_LEVEL_3,21.8064,80.1876,25,25,4,13,1.72,8.11,20.6,1.0,58.3,37.7,0.195,0.1,450.7,431.5,564.9,505.7,59.2,10.48,Moderate (10-25%)
2025-05-23 22:00:00,Shift_3_Night,BAL_DEEP_LEVEL_3,21.8064,80.1876,19,19,3,12,0.73,8.12,19.8,4.6,57.4,39.8,0.149,15.6,484.3,560.1,479.4,440.3,39.1,8.16,Normal (<10%)
2025-05-24 06:00:00,Shift_1_Morning,BAL_NORTH_PIT,21.8121,80.1843,18,20,3,14,0.57,7.48,20.1,10.5,70.7,33.8,0.267,9.9,451.1,435.9,431.3,357.0,74.3,17.23,Moderate (10-25%)
2025-05-24 14:00:00,Shift_2_Evening,BAL_SOUTH_PIT,21.8005,80.1901,24,25,4,14,0.01,7.79,20.7,0.3,69.8,32.1,0.205,0.0,412.9,589.0,547.6,482.0,65.6,11.98,Moderate (10-25%)
2025-05-24 22:00:00,Shift_3_Night,UKWA_EXTENSION,21.7932,80.2015,18,19,3,14,1.1,7.56,23.1,21.2,62.9,37.0,0.259,18.4,443.3,323.2,472.1,365.8,106.3,22.52,Moderate (10-25%)
2025-05-25 06:00:00,Shift_1_Morning,BAL_SOUTH_PIT,21.8005,80.1901,25,26,4,15,0.69,7.56,19.5,9.3,51.6,40.2,0.228,3.2,491.7,455.0,534.3,455.7,78.6,14.71,Moderate (10-25%)
2025-05-25 14:00:00,Shift_2_Evening,BAL_SOUTH_PIT,21.8005,80.1901,18,20,3,15,0.43,8.03,19.6,6.5,63.2,37.1,0.196,7.5,466.9,470.9,454.1,435.7,18.4,4.05,Normal (<10%)
2025-05-25 22:00:00,Shift_3_Night,BAL_SOUTH_PIT,21.8005,80.1901,21,23,4,16,0.26,7.6,20.8,2.0,58.1,41.0,0.222,5.0,411.0,446.5,416.2,401.6,14.6,3.51,Normal (<10%)
2025-05-26 06:00:00,Shift_1_Morning,BAL_NORTH_PIT,21.8121,80.1843,23,23,2,12,0.7,7.88,20.8,4.5,59.8,34.6,0.218,3.9,528.3,601.4,598.5,556.8,41.7,6.97,Normal (<10%)
2025-05-26 14:00:00,Shift_2_Evening,BAL_DEEP_LEVEL_3,21.8064,80.1876,15,17,2,12,0.55,8.2,20.8,7.6,61.4,40.1,0.189,0.0,525.2,456.1,431.2,404.9,26.3,6.1,Normal (<10%)
2025-05-26 22:00:00,Shift_3_Night,BAL_SOUTH_PIT,21.8005,80.1901,22,23,3,10,1.56,7.4,20.2,9.4,65.5,37.2,0.209,8.8,455.6,587.0,597.7,427.8,169.9,28.43,Critical (>25%)
2025-05-27 06:00:00,Shift_1_Morning,BAL_NORTH_PIT,21.8121,80.1843,18,19,3,12,1.04,8.07,20.1,10.8,61.8,35.9,0.269,10.8,407.5,500.7,595.5,512.1,83.4,14.01,Moderate (10-25%)
2025-05-27 14:00:00,Shift_2_Evening,BAL_SOUTH_PIT,21.8005,80.1901,20,21,3,12,0.4,7.33,19.0,5.2,64.1,35.4,0.234,4.9,510.0,422.9,558.8,510.1,48.7,8.72,Normal (<10%)
2025-05-27 22:00:00,Shift_3_Night,BAL_SOUTH_PIT,21.8005,80.1901,16,18,4,12,0.0,7.41,21.8,12.3,64.7,34.1,0.276,14.3,514.2,552.1,531.9,459.6,72.3,13.59,Moderate (10-25%)
2025-05-28 06:00:00,Shift_1_Morning,BAL_NORTH_PIT,21.8121,80.1843,25,26,3,12,1.22,8.15,21.0,9.8,53.3,38.0,0.24,12.2,393.4,328.6,515.6,438.6,77.0,14.93,Moderate (10-25%)
2025-05-28 14:00:00,Shift_2_Evening,BAL_DEEP_LEVEL_3,21.8064,80.1876,16,17,4,15,1.93,7.97,21.2,6.6,66.8,35.4,0.245,5.6,533.6,538.7,573.2,560.0,13.2,2.3,Normal (<10%)
2025-05-28 22:00:00,Shift_3_Night,BAL_DEEP_LEVEL_3,21.8064,80.1876,18,18,3,16,1.06,8.08,19.6,4.2,60.3,35.9,0.188,0.0,548.1,485.5,457.9,444.3,13.6,2.97,Normal (<10%)
2025-05-29 06:00:00,Shift_1_Morning,UKWA_EXTENSION,21.7932,80.2015,20,20,3,14,0.64,8.02,22.7,12.3,58.2,38.3,0.175,10.8,575.8,422.9,493.5,462.3,31.2,6.32,Normal (<10%)
2025-05-29 14:00:00,Shift_2_Evening,BAL_NORTH_PIT,21.8121,80.1843,21,21,2,16,0.36,7.49,19.0,6.5,60.0,36.9,0.22,5.3,502.3,429.4,523.9,446.8,77.1,14.72,Moderate (10-25%)
2025-05-29 22:00:00,Shift_3_Night,UKWA_EXTENSION,21.7932,80.2015,24,24,4,12,1.04,7.64,20.8,5.8,64.1,38.7,0.179,0.3,547.4,410.1,482.2,416.8,65.4,13.56,Moderate (10-25%)
2025-05-30 06:00:00,Shift_1_Morning,UKWA_EXTENSION,21.7932,80.2015,22,22,3,16,1.78,7.48,21.7,5.4,64.4,35.3,0.234,8.8,465.4,570.1,485.5,426.8,58.7,12.09,Moderate (10-25%)
2025-05-30 14:00:00,Shift_2_Evening,UKWA_EXTENSION,21.7932,80.2015,23,26,4,16,1.39,7.82,23.8,30.4,74.8,30.3,0.366,20.4,446.8,589.6,466.1,420.3,45.8,9.83,Normal (<10%)
2025-05-30 22:00:00,Shift_3_Night,BAL_DEEP_LEVEL_3,21.8064,80.1876,25,25,3,12,0.0,7.42,22.5,10.2,67.1,36.0,0.234,7.6,510.8,537.4,512.8,434.9,77.9,15.19,Moderate (10-25%)
2025-05-31 06:00:00,Shift_1_Morning,BAL_NORTH_PIT,21.8121,80.1843,17,18,3,16,0.81,7.56,19.9,3.7,55.5,38.4,0.136,8.3,382.1,384.4,570.1,436.3,133.8,23.47,Moderate (10-25%)
2025-05-31 14:00:00,Shift_2_Evening,UKWA_EXTENSION,21.7932,80.2015,25,25,4,14,0.98,8.04,19.5,6.2,47.3,39.8,0.168,7.7,492.7,523.1,440.3,402.6,37.7,8.56,Normal (<10%)
2025-05-31 22:00:00,Shift_3_Night,BAL_NORTH_PIT,21.8121,80.1843,19,20,4,14,0.72,7.84,19.7,4.1,61.9,35.8,0.163,8.6,552.3,523.1,586.9,553.1,33.8,5.76,Normal (<10%)
2025-06-01 06:00:00,Shift_1_Morning,BAL_NORTH_PIT,21.8121,80.1843,19,21,3,14,0.41,7.93,23.2,47.0,78.5,30.1,0.441,31.1,444.6,466.5,537.8,494.3,43.5,8.09,Normal (<10%)
2025-06-01 14:00:00,Shift_2_Evening,BAL_DEEP_LEVEL_3,21.8064,80.1876,16,18,3,11,0.18,7.44,30.6,79.6,84.9,26.1,0.672,51.6,461.3,397.3,564.7,437.4,127.3,22.54,Moderate (10-25%)
2025-06-01 22:00:00,Shift_3_Night,UKWA_EXTENSION,21.7932,80.2015,25,26,4,12,1.53,7.96,24.1,37.0,75.4,31.8,0.448,29.9,390.7,520.7,511.2,405.2,106.0,20.74,Moderate (10-25%)
2025-06-02 06:00:00,Shift_1_Morning,UKWA_EXTENSION,21.7932,80.2015,22,26,4,14,0.21,7.36,25.6,50.4,70.8,27.7,0.44,37.4,430.7,602.6,555.9,461.3,94.6,17.02,Moderate (10-25%)
2025-06-02 14:00:00,Shift_2_Evening,BAL_NORTH_PIT,21.8121,80.1843,22,24,4,16,1.38,7.44,22.1,29.8,68.4,33.3,0.358,23.9,469.0,373.5,403.2,301.4,101.8,25.25,Critical (>25%)
2025-06-02 22:00:00,Shift_3_Night,BAL_SOUTH_PIT,21.8005,80.1901,24,26,3,11,1.42,7.43,25.6,59.7,73.9,28.8,0.483,40.3,355.0,409.3,563.7,398.7,165.0,29.27,Critical (>25%)
2025-06-03 06:00:00,Shift_1_Morning,BAL_DEEP_LEVEL_3,21.8064,80.1876,23,26,3,13,0.71,7.58,26.7,65.6,84.6,29.2,0.562,41.2,458.9,342.8,408.0,318.3,89.7,21.99,Moderate (10-25%)
2025-06-03 14:00:00,Shift_2_Evening,BAL_DEEP_LEVEL_3,21.8064,80.1876,18,20,4,15,0.88,7.58,19.2,9.7,59.4,40.1,0.175,9.4,519.3,506.3,578.0,505.3,72.7,12.58,Moderate (10-25%)
2025-06-03 22:00:00,Shift_3_Night,BAL_DEEP_LEVEL_3,21.8064,80.1876,19,22,4,14,1.53,7.99,27.9,72.3,92.7,27.6,0.497,54.0,345.5,380.9,598.4,480.9,117.5,19.64,Moderate (10-25%)
2025-06-04 06:00:00,Shift_1_Morning,BAL_DEEP_LEVEL_3,21.8064,80.1876,22,24,4,13,1.43,7.46,20.9,29.2,67.5,33.6,0.28,29.4,553.8,525.4,458.8,385.1,73.7,16.06,Moderate (10-25%)
2025-06-04 14:00:00,Shift_2_Evening,UKWA_EXTENSION,21.7932,80.2015,19,19,3,16,0.0,8.01,19.5,9.4,68.7,37.1,0.236,4.9,534.1,386.4,442.1,409.7,32.4,7.33,Normal (<10%)
2025-06-04 22:00:00,Shift_3_Night,UKWA_EXTENSION,21.7932,80.2015,22,24,4,11,1.19,7.42,28.5,85.0,82.9,25.2,0.627,62.3,390.5,533.8,553.1,403.9,149.2,26.98,Critical (>25%)
2025-06-05 06:00:00,Shift_1_Morning,BAL_SOUTH_PIT,21.8005,80.1901,21,24,3,17,0.98,7.39,22.2,20.3,74.1,34.1,0.302,19.1,420.0,462.1,450.6,404.6,46.0,10.21,Moderate (10-25%)
2025-06-05 14:00:00,Shift_2_Evening,BAL_DEEP_LEVEL_3,21.8064,80.1876,20,23,4,16,1.3,7.91,25.2,49.0,80.6,30.4,0.375,33.8,550.4,431.9,573.1,441.5,131.6,22.96,Moderate (10-25%)
2025-06-05 22:00:00,Shift_3_Night,BAL_DEEP_LEVEL_3,21.8064,80.1876,20,22,3,16,0.81,7.44,21.6,21.4,65.9,34.4,0.299,18.9,444.0,520.3,420.6,313.5,107.1,25.46,Critical (>25%)
2025-06-06 06:00:00,Shift_1_Morning,BAL_NORTH_PIT,21.8121,80.1843,18,19,4,15,0.76,7.38,21.1,4.4,64.5,34.5,0.227,15.0,431.4,527.2,425.2,329.8,95.4,22.44,Moderate (10-25%)
2025-06-06 14:00:00,Shift_2_Evening,UKWA_EXTENSION,21.7932,80.2015,17,19,4,12,0.32,8.02,20.9,24.5,75.7,33.8,0.307,17.8,548.6,428.2,595.8,553.5,42.3,7.1,Normal (<10%)
2025-06-06 22:00:00,Shift_3_Night,BAL_DEEP_LEVEL_3,21.8064,80.1876,21,22,3,14,0.07,8.07,19.6,7.6,64.6,39.1,0.211,17.4,395.1,445.8,534.8,513.9,20.9,3.91,Normal (<10%)
2025-06-07 06:00:00,Shift_1_Morning,BAL_SOUTH_PIT,21.8005,80.1901,21,23,3,10,2.69,7.34,29.4,85.4,81.8,23.7,0.646,56.1,429.3,523.0,569.4,386.8,182.6,32.07,Critical (>25%)
2025-06-07 14:00:00,Shift_2_Evening,BAL_SOUTH_PIT,21.8005,80.1901,22,24,4,12,1.78,7.5,20.9,12.5,65.1,35.2,0.286,16.9,379.0,432.4,464.9,357.3,107.6,23.14,Moderate (10-25%)
2025-06-07 22:00:00,Shift_3_Night,UKWA_EXTENSION,21.7932,80.2015,23,25,4,14,1.4,7.48,22.5,16.5,61.6,35.7,0.227,13.5,508.1,553.2,535.3,423.5,111.8,20.89,Moderate (10-25%)
2025-06-08 06:00:00,Shift_1_Morning,BAL_SOUTH_PIT,21.8005,80.1901,19,21,4,15,0.3,8.03,19.3,12.3,65.8,36.2,0.287,7.9,559.9,402.4,518.8,455.4,63.4,12.22,Moderate (10-25%)
2025-06-08 14:00:00,Shift_2_Evening,BAL_SOUTH_PIT,21.8005,80.1901,25,25,4,12,0.23,7.5,22.8,16.3,61.3,38.3,0.218,31.7,407.6,403.7,520.6,452.4,68.2,13.1,Moderate (10-25%)
2025-06-08 22:00:00,Shift_3_Night,UKWA_EXTENSION,21.7932,80.2015,14,18,3,11,1.42,7.85,29.7,96.4,92.4,21.6,0.782,67.9,421.7,378.1,536.5,400.2,136.3,25.41,Critical (>25%)
2025-06-09 06:00:00,Shift_1_Morning,BAL_DEEP_LEVEL_3,21.8064,80.1876,22,24,4,14,0.9,7.87,21.3,8.5,54.3,36.6,0.176,7.7,450.4,549.4,515.1,459.0,56.1,10.89,Moderate (10-25%)
2025-06-09 14:00:00,Shift_2_Evening,BAL_DEEP_LEVEL_3,21.8064,80.1876,17,18,3,16,1.04,7.5,24.7,53.1,71.3,30.8,0.468,41.9,351.6,377.3,485.8,375.4,110.4,22.73,Moderate (10-25%)
2025-06-09 22:00:00,Shift_3_Night,BAL_SOUTH_PIT,21.8005,80.1901,22,25,4,13,1.26,8.1,31.1,100.0,87.6,24.0,0.741,72.6,442.5,467.3,455.2,393.2,62.0,13.62,Moderate (10-25%)
2025-06-10 06:00:00,Shift_1_Morning,BAL_SOUTH_PIT,21.8005,80.1901,16,17,4,15,1.48,7.28,26.6,52.1,76.7,26.5,0.519,30.4,478.3,516.8,553.7,406.1,147.6,26.66,Critical (>25%)
2025-06-10 14:00:00,Shift_2_Evening,BAL_DEEP_LEVEL_3,21.8064,80.1876,18,20,3,11,2.31,7.53,24.6,48.8,68.9,32.3,0.489,34.2,324.7,342.6,445.3,296.6,148.7,33.39,Critical (>25%)
2025-06-10 22:00:00,Shift_3_Night,UKWA_EXTENSION,21.7932,80.2015,17,19,4,15,0.83,8.12,19.5,11.4,60.4,38.6,0.211,5.8,459.5,590.5,538.5,493.2,45.3,8.41,Normal (<10%)
2025-06-11 06:00:00,Shift_1_Morning,BAL_SOUTH_PIT,21.8005,80.1901,22,24,4,15,0.05,7.98,20.0,13.6,68.4,37.0,0.215,12.9,458.1,349.2,446.7,403.9,42.8,9.58,Normal (<10%)
2025-06-11 14:00:00,Shift_2_Evening,BAL_NORTH_PIT,21.8121,80.1843,15,18,2,11,1.75,8.06,29.3,76.3,88.4,27.9,0.646,57.4,579.9,535.0,525.1,412.9,112.2,21.37,Moderate (10-25%)
2025-06-11 22:00:00,Shift_3_Night,UKWA_EXTENSION,21.7932,80.2015,21,22,4,12,1.14,7.93,25.8,57.3,65.6,29.6,0.475,41.1,463.4,515.2,549.4,422.3,127.1,23.13,Moderate (10-25%)
2025-06-12 06:00:00,Shift_1_Morning,BAL_SOUTH_PIT,21.8005,80.1901,26,26,4,12,0.93,7.99,22.8,32.9,67.7,34.3,0.357,22.0,401.1,555.3,443.7,382.1,61.6,13.88,Moderate (10-25%)
2025-06-12 14:00:00,Shift_2_Evening,BAL_SOUTH_PIT,21.8005,80.1901,19,20,4,12,0.6,7.84,22.4,35.4,78.2,30.0,0.349,29.3,416.8,550.2,412.0,370.1,41.9,10.17,Moderate (10-25%)
2025-06-12 22:00:00,Shift_3_Night,BAL_NORTH_PIT,21.8121,80.1843,20,21,4,12,1.05,7.27,22.5,30.5,71.6,30.4,0.312,23.8,485.8,493.2,426.2,356.4,69.8,16.38,Moderate (10-25%)
2025-06-13 06:00:00,Shift_1_Morning,BAL_NORTH_PIT,21.8121,80.1843,24,26,3,11,0.92,7.59,20.5,7.1,65.3,40.2,0.192,10.7,529.3,464.2,521.2,435.7,85.5,16.4,Moderate (10-25%)
2025-06-13 14:00:00,Shift_2_Evening,BAL_DEEP_LEVEL_3,21.8064,80.1876,20,22,3,12,1.78,7.4,26.6,71.6,85.2,28.5,0.584,52.2,449.1,511.3,569.9,452.6,117.3,20.58,Moderate (10-25%)
2025-06-13 22:00:00,Shift_3_Night,UKWA_EXTENSION,21.7932,80.2015,22,22,4,16,1.64,7.95,23.5,38.7,67.6,33.6,0.386,33.0,442.8,400.4,409.0,315.4,93.6,22.89,Moderate (10-25%)
2025-06-14 06:00:00,Shift_1_Morning,UKWA_EXTENSION,21.7932,80.2015,22,24,4,11,0.79,7.86,22.9,34.3,71.6,28.4,0.358,25.8,521.5,465.9,546.8,466.6,80.2,14.67,Moderate (10-25%)
2025-06-14 14:00:00,Shift_2_Evening,BAL_DEEP_LEVEL_3,21.8064,80.1876,25,27,4,14,1.52,7.86,26.1,62.0,81.2,26.5,0.457,46.2,586.6,388.3,468.3,397.1,71.2,15.2,Moderate (10-25%)
2025-06-14 22:00:00,Shift_3_Night,UKWA_EXTENSION,21.7932,80.2015,20,22,3,14,1.1,7.48,24.2,20.7,69.2,34.8,0.344,26.3,380.5,500.6,495.7,386.2,109.5,22.09,Moderate (10-25%)
2025-06-15 06:00:00,Shift_1_Morning,UKWA_EXTENSION,21.7932,80.2015,21,23,4,12,1.17,7.43,20.9,16.9,64.4,33.7,0.267,14.7,533.1,466.7,585.8,513.1,72.7,12.41,Moderate (10-25%)
2025-06-15 14:00:00,Shift_2_Evening,UKWA_EXTENSION,21.7932,80.2015,18,20,4,12,2.06,8.04,30.8,100.0,92.7,21.4,0.727,85.0,504.9,578.3,466.4,353.2,113.2,24.27,Moderate (10-25%)
2025-06-15 22:00:00,Shift_3_Night,UKWA_EXTENSION,21.7932,80.2015,14,18,3,13,2.22,8.05,30.1,90.6,84.2,24.4,0.735,78.6,366.3,483.5,493.1,361.7,131.4,26.65,Critical (>25%)
2025-06-16 06:00:00,Shift_1_Morning,UKWA_EXTENSION,21.7932,80.2015,24,26,3,14,1.39,8.03,25.0,43.0,78.2,32.5,0.482,33.2,504.9,486.3,402.7,336.2,66.5,16.51,Moderate (10-25%)
2025-06-16 14:00:00,Shift_2_Evening,BAL_NORTH_PIT,21.8121,80.1843,22,26,4,16,0.79,8.02,20.0,8.2,55.5,39.2,0.214,10.3,369.1,408.4,416.3,381.2,35.1,8.43,Normal (<10%)
2025-06-16 22:00:00,Shift_3_Night,UKWA_EXTENSION,21.7932,80.2015,19,19,3,11,1.12,7.66,22.4,20.1,64.3,37.2,0.317,19.0,485.6,418.1,451.7,367.5,84.2,18.64,Moderate (10-25%)
2025-06-17 06:00:00,Shift_1_Morning,BAL_NORTH_PIT,21.8121,80.1843,23,25,4,14,0.89,7.39,25.3,55.9,81.4,27.8,0.506,44.8,368.7,320.4,405.6,304.7,100.9,24.88,Moderate (10-25%)
2025-06-17 14:00:00,Shift_2_Evening,UKWA_EXTENSION,21.7932,80.2015,19,21,3,16,1.67,7.49,21.5,32.0,72.1,32.6,0.358,29.9,388.9,393.7,526.3,397.2,129.1,24.53,Moderate (10-25%)
2025-06-17 22:00:00,Shift_3_Night,BAL_DEEP_LEVEL_3,21.8064,80.1876,20,24,3,16,0.84,8.11,30.3,100.0,88.5,25.7,0.693,77.9,385.0,392.1,485.3,395.6,89.7,18.48,Moderate (10-25%)
2025-06-18 06:00:00,Shift_1_Morning,BAL_SOUTH_PIT,21.8005,80.1901,14,18,3,16,2.42,7.63,35.0,100.0,86.5,20.2,0.831,87.9,476.4,504.0,509.6,361.2,148.4,29.12,Critical (>25%)
2025-06-18 14:00:00,Shift_2_Evening,BAL_NORTH_PIT,21.8121,80.1843,17,20,4,14,0.95,7.86,23.0,42.9,74.2,30.8,0.422,32.0,397.6,485.9,434.9,334.9,100.0,22.99,Moderate (10-25%)
2025-06-18 22:00:00,Shift_3_Night,UKWA_EXTENSION,21.7932,80.2015,25,26,4,15,0.91,7.97,20.2,13.1,63.8,35.8,0.3,11.2,516.1,396.0,459.2,401.8,57.4,12.5,Moderate (10-25%)
2025-06-19 06:00:00,Shift_1_Morning,BAL_DEEP_LEVEL_3,21.8064,80.1876,19,21,3,16,1.27,8.14,28.2,88.9,88.9,26.0,0.621,68.5,475.1,397.5,532.8,419.2,113.6,21.32,Moderate (10-25%)
2025-06-19 14:00:00,Shift_2_Evening,BAL_SOUTH_PIT,21.8005,80.1901,17,18,3,14,0.8,7.55,21.4,19.3,65.9,35.6,0.318,13.8,529.8,471.8,593.1,501.9,91.2,15.38,Moderate (10-25%)
2025-06-19 22:00:00,Shift_3_Night,BAL_NORTH_PIT,21.8121,80.1843,19,20,4,11,0.68,7.52,20.8,14.7,58.1,37.6,0.293,16.2,516.9,417.0,410.1,356.7,53.4,13.02,Moderate (10-25%)
2025-06-20 06:00:00,Shift_1_Morning,BAL_SOUTH_PIT,21.8005,80.1901,26,26,2,16,0.17,7.98,18.6,6.5,56.2,35.5,0.172,8.9,583.2,559.7,578.1,535.2,42.9,7.42,Normal (<10%)
2025-06-20 14:00:00,Shift_2_Evening,BAL_DEEP_LEVEL_3,21.8064,80.1876,24,26,3,12,0.57,7.46,21.6,19.0,64.4,35.3,0.298,17.1,492.7,356.2,515.4,421.2,94.2,18.28,Moderate (10-25%)
2025-06-20 22:00:00,Shift_3_Night,BAL_NORTH_PIT,21.8121,80.1843,20,25,4,14,1.89,8.03,35.0,100.0,92.4,21.9,0.704,81.2,448.5,523.5,512.8,435.4,77.4,15.09,Moderate (10-25%)
2025-06-21 06:00:00,Shift_1_Morning,BAL_SOUTH_PIT,21.8005,80.1901,20,21,4,13,1.11,7.97,24.0,17.9,60.1,38.4,0.24,22.8,588.6,490.2,500.1,403.8,96.3,19.26,Moderate (10-25%)
2025-06-21 14:00:00,Shift_2_Evening,UKWA_EXTENSION,21.7932,80.2015,26,26,3,16,1.78,8.0,21.0,6.2,58.9,37.2,0.185,6.5,350.5,550.6,413.9,336.7,77.2,18.65,Moderate (10-25%)
2025-06-21 22:00:00,Shift_3_Night,BAL_NORTH_PIT,21.8121,80.1843,17,22,4,15,3.01,7.51,35.0,100.0,98.0,15.0,0.867,91.5,483.9,549.6,418.0,299.9,118.1,28.25,Critical (>25%)
2025-06-22 06:00:00,Shift_1_Morning,BAL_SOUTH_PIT,21.8005,80.1901,20,21,3,14,0.71,7.43,20.0,9.4,69.5,38.2,0.204,9.0,447.8,560.5,520.2,406.4,113.8,21.88,Moderate (10-25%)
2025-06-22 14:00:00,Shift_2_Evening,BAL_DEEP_LEVEL_3,21.8064,80.1876,21,24,3,16,1.62,8.05,26.8,54.4,79.5,30.1,0.458,46.5,465.9,544.2,468.2,371.5,96.7,20.65,Moderate (10-25%)
2025-06-22 22:00:00,Shift_3_Night,BAL_DEEP_LEVEL_3,21.8064,80.1876,18,18,3,16,0.28,7.79,21.9,16.5,65.2,41.7,0.283,13.6,412.8,377.4,583.5,537.4,46.1,7.9,Normal (<10%)
2025-06-23 06:00:00,Shift_1_Morning,BAL_NORTH_PIT,21.8121,80.1843,17,18,4,12,0.05,7.32,22.0,4.5,59.6,36.0,0.192,5.7,475.9,331.5,481.3,387.6,93.7,19.47,Moderate (10-25%)
2025-06-23 14:00:00,Shift_2_Evening,BAL_SOUTH_PIT,21.8005,80.1901,19,21,2,11,0.87,7.53,28.1,65.8,83.5,28.8,0.544,47.1,484.2,432.2,428.7,322.8,105.9,24.7,Moderate (10-25%)
2025-06-23 22:00:00,Shift_3_Night,BAL_NORTH_PIT,21.8121,80.1843,19,20,3,14,1.49,7.42,23.5,10.9,63.8,36.1,0.22,11.2,547.5,374.3,542.9,394.2,148.7,27.39,Critical (>25%)
2025-06-24 06:00:00,Shift_1_Morning,BAL_NORTH_PIT,21.8121,80.1843,23,26,4,15,0.9,8.06,23.9,25.2,73.9,35.2,0.378,25.5,520.8,479.6,458.7,385.9,72.8,15.87,Moderate (10-25%)
2025-06-24 14:00:00,Shift_2_Evening,BAL_SOUTH_PIT,21.8005,80.1901,25,25,4,16,1.11,7.5,20.4,10.4,69.5,39.6,0.242,15.4,575.2,496.7,505.1,434.3,70.8,14.02,Moderate (10-25%)
2025-06-24 22:00:00,Shift_3_Night,BAL_SOUTH_PIT,21.8005,80.1901,18,21,4,11,1.23,8.08,21.7,12.7,66.8,35.4,0.16,11.7,544.2,561.5,539.6,517.5,22.1,4.1,Normal (<10%)
2025-06-25 06:00:00,Shift_1_Morning,UKWA_EXTENSION,21.7932,80.2015,18,18,4,16,0.51,8.12,22.1,6.3,61.5,38.8,0.241,6.5,527.0,511.5,580.1,537.3,42.8,7.38,Normal (<10%)
2025-06-25 14:00:00,Shift_2_Evening,BAL_SOUTH_PIT,21.8005,80.1901,19,20,3,10,1.03,7.52,19.0,10.6,62.9,36.9,0.237,2.3,394.8,469.3,558.4,459.5,98.9,17.71,Moderate (10-25%)
2025-06-25 22:00:00,Shift_3_Night,BAL_DEEP_LEVEL_3,21.8064,80.1876,25,26,4,14,0.62,8.11,19.5,4.1,53.9,40.1,0.146,12.4,479.5,441.4,535.3,499.4,35.9,6.71,Normal (<10%)
2025-06-26 06:00:00,Shift_1_Morning,BAL_NORTH_PIT,21.8121,80.1843,18,20,4,14,1.43,7.77,26.0,76.7,82.5,25.1,0.575,56.3,470.5,534.2,535.9,408.6,127.3,23.75,Moderate (10-25%)
2025-06-26 14:00:00,Shift_2_Evening,BAL_NORTH_PIT,21.8121,80.1843,23,26,3,13,0.95,7.66,24.5,40.0,72.9,34.3,0.422,33.6,476.6,477.4,589.2,425.1,164.1,27.85,Critical (>25%)
2025-06-26 22:00:00,Shift_3_Night,BAL_DEEP_LEVEL_3,21.8064,80.1876,17,18,3,14,0.75,8.04,21.6,21.0,60.1,37.1,0.27,17.9,335.4,329.5,459.2,413.4,45.8,9.97,Normal (<10%)
2025-06-27 06:00:00,Shift_1_Morning,BAL_SOUTH_PIT,21.8005,80.1901,21,24,3,14,0.67,8.11,23.5,32.3,83.3,34.9,0.386,29.6,419.2,529.9,400.2,351.7,48.5,12.12,Moderate (10-25%)
2025-06-27 14:00:00,Shift_2_Evening,BAL_DEEP_LEVEL_3,21.8064,80.1876,14,18,4,15,2.25,7.38,35.0,100.0,97.7,17.2,0.872,99.8,476.4,529.9,454.4,346.7,107.7,23.7,Moderate (10-25%)
2025-06-27 22:00:00,Shift_3_Night,BAL_DEEP_LEVEL_3,21.8064,80.1876,17,22,3,15,2.09,7.42,31.6,100.0,87.5,20.0,0.7,85.8,414.5,531.3,443.6,324.7,118.9,26.8,Critical (>25%)
2025-06-28 06:00:00,Shift_1_Morning,UKWA_EXTENSION,21.7932,80.2015,23,26,4,16,1.91,7.51,28.7,67.1,91.7,28.6,0.561,48.0,521.4,533.3,532.4,425.0,107.4,20.17,Moderate (10-25%)
2025-06-28 14:00:00,Shift_2_Evening,BAL_DEEP_LEVEL_3,21.8064,80.1876,18,19,4,12,0.24,7.5,26.0,57.4,77.4,29.0,0.571,52.7,598.3,551.7,526.7,408.9,117.8,22.37,Moderate (10-25%)
2025-06-28 22:00:00,Shift_3_Night,BAL_NORTH_PIT,21.8121,80.1843,20,20,4,16,0.78,7.53,21.0,16.9,70.3,35.2,0.293,18.0,469.5,432.7,518.7,431.3,87.4,16.85,Moderate (10-25%)
2025-06-29 06:00:00,Shift_1_Morning,BAL_DEEP_LEVEL_3,21.8064,80.1876,25,26,3,11,1.44,8.11,20.0,17.4,66.9,39.6,0.244,13.0,493.2,452.9,403.2,361.6,41.6,10.32,Moderate (10-25%)
2025-06-29 14:00:00,Shift_2_Evening,BAL_NORTH_PIT,21.8121,80.1843,20,22,3,15,0.88,7.82,21.0,27.6,66.7,31.3,0.311,15.8,521.9,442.8,545.8,489.1,56.7,10.39,Moderate (10-25%)
2025-06-29 22:00:00,Shift_3_Night,BAL_NORTH_PIT,21.8121,80.1843,25,26,3,14,1.55,7.6,25.2,27.7,68.0,35.2,0.302,27.5,503.9,488.4,464.7,367.4,97.3,20.94,Moderate (10-25%)
2025-06-30 06:00:00,Shift_1_Morning,BAL_NORTH_PIT,21.8121,80.1843,18,20,3,11,1.02,7.5,25.4,39.0,81.3,31.0,0.441,23.8,373.0,475.0,533.0,413.7,119.3,22.38,Moderate (10-25%)
2025-06-30 14:00:00,Shift_2_Evening,BAL_SOUTH_PIT,21.8005,80.1901,22,24,4,12,0.84,7.98,22.0,21.7,72.9,35.1,0.306,16.7,374.8,333.6,511.3,432.3,79.0,15.45,Moderate (10-25%)
2025-06-30 22:00:00,Shift_3_Night,UKWA_EXTENSION,21.7932,80.2015,16,22,3,16,3.48,7.35,35.0,100.0,94.6,15.0,0.845,95.5,480.9,535.4,468.5,293.4,175.1,37.37,Critical (>25%)
2025-07-01 06:00:00,Shift_1_Morning,BAL_NORTH_PIT,21.8121,80.1843,19,20,3,15,1.55,7.55,26.4,85.9,76.6,27.6,0.641,53.4,396.4,555.4,426.9,309.6,117.3,27.48,Critical (>25%)
2025-07-01 14:00:00,Shift_2_Evening,BAL_NORTH_PIT,21.8121,80.1843,17,18,3,12,0.91,7.76,21.6,25.4,70.4,31.0,0.297,23.7,328.9,474.2,418.9,332.9,86.0,20.53,Moderate (10-25%)
2025-07-01 22:00:00,Shift_3_Night,BAL_SOUTH_PIT,21.8005,80.1901,17,21,4,16,0.84,8.06,27.3,57.1,72.3,29.8,0.47,44.3,601.7,430.2,566.3,505.9,60.4,10.67,Moderate (10-25%)
2025-07-02 06:00:00,Shift_1_Morning,BAL_NORTH_PIT,21.8121,80.1843,24,26,4,11,0.07,7.85,22.4,11.1,67.6,32.6,0.258,8.2,464.8,435.4,583.7,525.1,58.6,10.04,Moderate (10-25%)
2025-07-02 14:00:00,Shift_2_Evening,BAL_DEEP_LEVEL_3,21.8064,80.1876,17,18,4,12,0.78,7.51,21.0,12.5,61.2,36.2,0.193,16.2,508.3,530.1,530.0,477.5,52.5,9.91,Normal (<10%)
2025-07-02 22:00:00,Shift_3_Night,BAL_DEEP_LEVEL_3,21.8064,80.1876,23,24,3,13,1.42,7.99,22.9,30.5,66.1,34.3,0.288,33.1,561.8,560.1,420.7,368.5,52.2,12.41,Moderate (10-25%)
2025-07-03 06:00:00,Shift_1_Morning,UKWA_EXTENSION,21.7932,80.2015,20,24,4,16,0.35,7.62,20.1,18.6,63.5,36.9,0.231,13.6,392.1,400.3,480.4,398.8,81.6,16.99,Moderate (10-25%)
2025-07-03 14:00:00,Shift_2_Evening,BAL_NORTH_PIT,21.8121,80.1843,23,25,3,14,1.14,7.98,18.7,4.6,67.5,36.7,0.161,4.0,566.6,526.6,545.8,537.4,8.4,1.54,Normal (<10%)
2025-07-03 22:00:00,Shift_3_Night,BAL_SOUTH_PIT,21.8005,80.1901,21,25,4,15,0.88,7.43,30.5,85.3,77.2,23.0,0.639,59.6,360.0,505.7,556.0,391.2,164.8,29.64,Critical (>25%)
2025-07-04 06:00:00,Shift_1_Morning,BAL_DEEP_LEVEL_3,21.8064,80.1876,17,18,3,12,0.34,7.45,21.4,16.6,70.5,36.9,0.278,12.0,539.6,579.6,423.6,364.1,59.5,14.05,Moderate (10-25%)
2025-07-04 14:00:00,Shift_2_Evening,BAL_SOUTH_PIT,21.8005,80.1901,19,20,3,11,0.65,7.63,25.7,46.1,76.7,32.4,0.411,36.6,281.8,469.6,400.0,290.5,109.5,27.38,Critical (>25%)
2025-07-04 22:00:00,Shift_3_Night,BAL_SOUTH_PIT,21.8005,80.1901,19,21,4,14,0.77,8.05,21.8,8.1,62.5,36.1,0.209,13.3,452.7,563.1,542.4,462.1,80.3,14.8,Moderate (10-25%)
2025-07-05 06:00:00,Shift_1_Morning,BAL_DEEP_LEVEL_3,21.8064,80.1876,20,21,4,15,0.58,7.96,21.7,8.9,63.2,34.2,0.313,6.8,400.7,411.8,471.3,388.6,82.7,17.55,Moderate (10-25%)
2025-07-05 14:00:00,Shift_2_Evening,BAL_SOUTH_PIT,21.8005,80.1901,16,18,3,15,1.52,7.98,35.0,100.0,95.4,19.4,0.797,83.0,353.0,331.5,450.9,322.1,128.8,28.57,Critical (>25%)
2025-07-05 22:00:00,Shift_3_Night,BAL_DEEP_LEVEL_3,21.8064,80.1876,25,27,3,14,0.1,7.34,22.7,25.3,67.1,33.9,0.354,10.6,534.3,451.3,402.6,339.6,63.0,15.65,Moderate (10-25%)
2025-07-06 06:00:00,Shift_1_Morning,BAL_SOUTH_PIT,21.8005,80.1901,20,26,3,10,2.36,8.04,34.0,100.0,92.0,19.4,0.818,86.2,531.5,482.9,508.1,389.3,118.8,23.38,Moderate (10-25%)
2025-07-06 14:00:00,Shift_2_Evening,BAL_DEEP_LEVEL_3,21.8064,80.1876,17,20,3,14,2.9,7.82,35.0,100.0,95.5,15.0,0.869,100.0,593.1,424.1,570.2,432.9,137.3,24.08,Moderate (10-25%)
2025-07-06 22:00:00,Shift_3_Night,BAL_NORTH_PIT,21.8121,80.1843,24,25,3,14,0.86,7.58,22.3,29.3,79.0,35.1,0.356,31.2,423.2,366.2,591.5,469.9,121.6,20.56,Moderate (10-25%)
2025-07-07 06:00:00,Shift_1_Morning,UKWA_EXTENSION,21.7932,80.2015,21,23,3,11,0.64,7.51,22.4,24.2,59.4,36.2,0.254,22.8,509.3,517.1,513.1,384.8,128.3,25.0,Moderate (10-25%)
2025-07-07 14:00:00,Shift_2_Evening,BAL_DEEP_LEVEL_3,21.8064,80.1876,18,19,3,15,0.46,8.24,25.6,58.3,82.0,32.9,0.549,43.1,476.4,450.5,502.9,442.7,60.2,11.97,Moderate (10-25%)
2025-07-07 22:00:00,Shift_3_Night,BAL_DEEP_LEVEL_3,21.8064,80.1876,12,19,3,16,2.69,7.89,35.0,100.0,94.5,15.0,0.83,95.7,368.6,350.8,417.0,286.0,131.0,31.41,Critical (>25%)
2025-07-08 06:00:00,Shift_1_Morning,UKWA_EXTENSION,21.7932,80.2015,20,22,3,14,1.43,7.99,24.0,30.6,69.7,31.6,0.333,31.1,553.7,463.9,509.8,403.5,106.3,20.85,Moderate (10-25%)
2025-07-08 14:00:00,Shift_2_Evening,BAL_DEEP_LEVEL_3,21.8064,80.1876,18,20,4,12,1.08,7.68,32.1,84.4,78.9,26.9,0.619,60.9,363.6,418.7,476.0,363.5,112.5,23.63,Moderate (10-25%)
2025-07-08 22:00:00,Shift_3_Night,BAL_DEEP_LEVEL_3,21.8064,80.1876,19,20,4,12,1.31,8.12,25.4,41.2,66.3,31.0,0.42,30.0,482.5,542.6,521.4,442.0,79.4,15.23,Moderate (10-25%)
2025-07-09 06:00:00,Shift_1_Morning,BAL_SOUTH_PIT,21.8005,80.1901,17,18,4,15,1.02,7.43,21.2,25.2,71.5,32.1,0.355,30.0,382.4,398.0,477.7,382.5,95.2,19.93,Moderate (10-25%)
2025-07-09 14:00:00,Shift_2_Evening,UKWA_EXTENSION,21.7932,80.2015,19,22,4,16,1.44,7.52,24.2,51.4,68.2,30.8,0.384,38.8,371.6,480.6,448.1,346.7,101.4,22.63,Moderate (10-25%)
2025-07-09 22:00:00,Shift_3_Night,BAL_NORTH_PIT,21.8121,80.1843,18,22,3,14,0.8,8.0,30.4,92.3,94.4,22.6,0.706,71.1,334.0,468.1,419.0,321.8,97.2,23.2,Moderate (10-25%)
2025-07-10 06:00:00,Shift_1_Morning,BAL_DEEP_LEVEL_3,21.8064,80.1876,23,24,4,11,0.69,8.03,22.8,36.7,66.9,33.3,0.352,32.4,468.8,385.7,463.0,385.0,78.0,16.85,Moderate (10-25%)
2025-07-10 14:00:00,Shift_2_Evening,UKWA_EXTENSION,21.7932,80.2015,25,25,4,16,0.5,7.43,22.2,8.5,66.8,34.8,0.265,20.3,574.9,452.0,419.3,353.6,65.7,15.67,Moderate (10-25%)
2025-07-10 22:00:00,Shift_3_Night,BAL_SOUTH_PIT,21.8005,80.1901,24,26,3,12,1.26,7.49,20.7,23.0,65.8,33.7,0.321,25.1,386.0,500.7,435.4,337.7,97.7,22.44,Moderate (10-25%)
2025-07-11 06:00:00,Shift_1_Morning,BAL_NORTH_PIT,21.8121,80.1843,22,22,4,15,1.01,7.84,19.4,7.9,59.8,34.0,0.186,5.4,484.8,447.0,597.5,586.0,11.5,1.92,Normal (<10%)
2025-07-11 14:00:00,Shift_2_Evening,UKWA_EXTENSION,21.7932,80.2015,18,19,3,12,0.08,8.01,21.4,13.4,60.5,36.3,0.239,15.2,499.0,429.6,488.8,447.3,41.5,8.49,Normal (<10%)
2025-07-11 22:00:00,Shift_3_Night,BAL_NORTH_PIT,21.8121,80.1843,21,23,4,15,1.35,8.05,29.6,100.0,92.9,23.4,0.73,67.1,359.3,514.1,506.4,401.5,104.9,20.71,Moderate (10-25%)
2025-07-12 06:00:00,Shift_1_Morning,BAL_NORTH_PIT,21.8121,80.1843,18,19,4,13,0.3,7.48,19.6,2.4,66.7,35.0,0.238,1.3,585.2,410.5,574.7,489.2,85.5,14.88,Moderate (10-25%)
2025-07-12 14:00:00,Shift_2_Evening,BAL_NORTH_PIT,21.8121,80.1843,24,26,3,11,1.01,7.34,22.1,14.9,64.3,33.7,0.239,3.1,504.5,403.4,599.1,454.1,145.0,24.2,Moderate (10-25%)
2025-07-12 22:00:00,Shift_3_Night,BAL_DEEP_LEVEL_3,21.8064,80.1876,20,22,4,11,0.74,8.1,22.3,15.2,68.9,37.3,0.31,12.3,550.3,405.1,516.5,441.4,75.1,14.54,Moderate (10-25%)
2025-07-13 06:00:00,Shift_1_Morning,BAL_DEEP_LEVEL_3,21.8064,80.1876,25,26,3,15,0.72,7.54,22.2,39.7,73.5,32.5,0.415,25.4,462.6,408.8,562.5,451.5,111.0,19.73,Moderate (10-25%)
2025-07-13 14:00:00,Shift_2_Evening,BAL_SOUTH_PIT,21.8005,80.1901,18,20,3,12,1.78,7.43,22.3,43.2,66.8,30.8,0.349,33.4,505.7,461.8,465.4,350.4,115.0,24.71,Moderate (10-25%)
2025-07-13 22:00:00,Shift_3_Night,BAL_SOUTH_PIT,21.8005,80.1901,20,21,4,12,0.61,7.97,20.0,11.4,67.0,35.8,0.21,1.8,369.8,486.5,461.1,428.8,32.3,7.0,Normal (<10%)
2025-07-14 06:00:00,Shift_1_Morning,UKWA_EXTENSION,21.7932,80.2015,24,26,4,16,0.11,7.35,19.5,14.2,65.4,32.4,0.316,13.9,536.3,460.5,480.5,410.0,70.5,14.67,Moderate (10-25%)
2025-07-14 14:00:00,Shift_2_Evening,BAL_SOUTH_PIT,21.8005,80.1901,16,19,3,14,0.05,7.9,19.3,24.0,54.0,34.2,0.278,14.2,453.2,399.4,534.5,470.2,64.3,12.03,Moderate (10-25%)
2025-07-14 22:00:00,Shift_3_Night,BAL_NORTH_PIT,21.8121,80.1843,14,17,3,14,0.8,7.95,23.3,41.2,71.7,32.2,0.411,32.3,443.6,423.5,536.4,434.6,101.8,18.98,Moderate (10-25%)
2025-07-15 06:00:00,Shift_1_Morning,BAL_NORTH_PIT,21.8121,80.1843,17,18,3,13,0.27,7.62,22.7,9.7,56.3,37.7,0.255,3.1,384.1,390.2,463.0,381.9,81.1,17.52,Moderate (10-25%)
2025-07-15 14:00:00,Shift_2_Evening,BAL_DEEP_LEVEL_3,21.8064,80.1876,17,22,3,15,1.07,7.44,28.0,90.9,81.8,22.8,0.666,72.6,522.1,481.4,426.6,340.6,86.0,20.16,Moderate (10-25%)
2025-07-15 22:00:00,Shift_3_Night,BAL_NORTH_PIT,21.8121,80.1843,21,23,3,14,0.63,8.06,22.9,30.2,69.6,34.7,0.36,27.8,524.8,472.9,526.5,496.1,30.4,5.77,Normal (<10%)
2025-07-16 06:00:00,Shift_1_Morning,UKWA_EXTENSION,21.7932,80.2015,20,20,4,12,0.98,7.45,18.5,3.6,61.9,35.8,0.15,8.7,417.3,541.3,425.7,354.1,71.6,16.82,Moderate (10-25%)
2025-07-16 14:00:00,Shift_2_Evening,BAL_NORTH_PIT,21.8121,80.1843,21,23,4,12,1.47,8.02,28.2,81.7,80.9,25.1,0.581,60.6,558.7,418.5,515.7,402.7,113.0,21.91,Moderate (10-25%)
2025-07-16 22:00:00,Shift_3_Night,BAL_NORTH_PIT,21.8121,80.1843,27,27,4,13,0.72,7.49,22.9,28.8,70.5,34.4,0.283,25.8,373.3,345.3,538.7,422.5,116.2,21.57,Moderate (10-25%)
2025-07-17 06:00:00,Shift_1_Morning,UKWA_EXTENSION,21.7932,80.2015,21,23,3,12,0.29,7.59,24.0,41.9,73.0,32.4,0.412,32.5,526.8,486.4,540.1,448.2,91.9,17.02,Moderate (10-25%)
2025-07-17 14:00:00,Shift_2_Evening,BAL_SOUTH_PIT,21.8005,80.1901,20,20,3,12,0.43,7.45,23.1,20.5,65.2,35.6,0.277,27.9,516.0,551.4,550.7,438.5,112.2,20.37,Moderate (10-25%)
2025-07-17 22:00:00,Shift_3_Night,BAL_SOUTH_PIT,21.8005,80.1901,17,18,4,14,1.11,7.84,25.2,42.5,75.2,27.9,0.432,31.2,584.2,580.8,574.6,476.4,98.2,17.09,Moderate (10-25%)
2025-07-18 06:00:00,Shift_1_Morning,UKWA_EXTENSION,21.7932,80.2015,25,25,3,16,0.69,7.36,25.2,49.5,82.4,26.7,0.469,38.4,374.2,440.8,500.0,353.2,146.8,29.36,Critical (>25%)
2025-07-18 14:00:00,Shift_2_Evening,BAL_DEEP_LEVEL_3,21.8064,80.1876,16,18,4,12,1.69,7.95,30.0,99.0,79.7,22.2,0.687,69.4,558.2,592.7,546.0,456.4,89.6,16.41,Moderate (10-25%)
2025-07-18 22:00:00,Shift_3_Night,BAL_NORTH_PIT,21.8121,80.1843,24,26,4,16,0.7,7.88,22.9,18.8,72.2,33.8,0.238,22.5,530.1,507.1,523.8,439.1,84.7,16.17,Moderate (10-25%)
2025-07-19 06:00:00,Shift_1_Morning,UKWA_EXTENSION,21.7932,80.2015,16,17,4,12,0.94,8.04,25.5,29.6,67.8,34.1,0.365,19.3,507.4,433.8,437.3,362.9,74.4,17.01,Moderate (10-25%)
2025-07-19 14:00:00,Shift_2_Evening,BAL_NORTH_PIT,21.8121,80.1843,16,18,3,14,0.74,7.45,23.6,27.6,65.8,33.6,0.308,25.9,385.9,349.2,405.1,305.1,100.0,24.69,Moderate (10-25%)
2025-07-19 22:00:00,Shift_3_Night,BAL_DEEP_LEVEL_3,21.8064,80.1876,18,22,4,11,2.2,8.24,35.0,100.0,92.7,20.1,0.869,95.5,436.8,452.2,456.9,335.1,121.8,26.66,Critical (>25%)
2025-07-20 06:00:00,Shift_1_Morning,BAL_NORTH_PIT,21.8121,80.1843,19,22,3,12,1.46,7.83,27.5,84.1,81.5,24.1,0.612,60.1,476.3,388.8,488.6,384.5,104.1,21.31,Moderate (10-25%)
2025-07-20 14:00:00,Shift_2_Evening,UKWA_EXTENSION,21.7932,80.2015,20,21,4,16,0.18,7.52,24.1,17.1,62.2,33.3,0.31,8.6,428.8,481.7,523.4,412.0,111.4,21.28,Moderate (10-25%)
2025-07-20 22:00:00,Shift_3_Night,BAL_NORTH_PIT,21.8121,80.1843,16,18,3,11,0.34,7.89,20.4,5.1,68.0,34.0,0.242,12.0,477.2,448.1,570.0,539.5,30.5,5.35,Normal (<10%)
2025-07-21 06:00:00,Shift_1_Morning,BAL_SOUTH_PIT,21.8005,80.1901,25,25,3,16,0.63,7.95,25.7,46.3,75.4,30.2,0.45,36.8,507.0,544.9,439.2,393.5,45.7,10.41,Moderate (10-25%)
2025-07-21 14:00:00,Shift_2_Evening,BAL_DEEP_LEVEL_3,21.8064,80.1876,24,25,4,13,0.91,7.51,22.4,12.6,53.6,36.4,0.181,4.1,511.1,396.3,425.1,366.9,58.2,13.69,Moderate (10-25%)
2025-07-21 22:00:00,Shift_3_Night,BAL_DEEP_LEVEL_3,21.8064,80.1876,21,21,3,12,0.75,7.77,18.3,17.5,69.7,31.3,0.278,13.9,576.2,564.8,592.7,539.6,53.1,8.96,Normal (<10%)
2025-07-22 06:00:00,Shift_1_Morning,BAL_DEEP_LEVEL_3,21.8064,80.1876,21,21,4,16,0.06,7.52,20.6,9.6,66.9,35.4,0.243,5.5,405.6,547.1,421.6,369.8,51.8,12.29,Moderate (10-25%)
2025-07-22 14:00:00,Shift_2_Evening,UKWA_EXTENSION,21.7932,80.2015,23,26,4,14,2.16,8.19,25.9,56.2,70.6,32.1,0.527,45.7,410.7,563.3,495.7,389.7,106.0,21.38,Moderate (10-25%)
2025-07-22 22:00:00,Shift_3_Night,BAL_DEEP_LEVEL_3,21.8064,80.1876,18,26,4,12,2.52,7.95,35.0,100.0,96.1,15.0,0.867,96.1,505.2,360.3,517.1,401.0,116.1,22.45,Moderate (10-25%)
2025-07-23 06:00:00,Shift_1_Morning,BAL_SOUTH_PIT,21.8005,80.1901,17,22,2,14,2.95,7.53,35.0,100.0,98.0,15.0,0.875,100.0,504.4,462.8,508.3,378.9,129.4,25.46,Critical (>25%)
2025-07-23 14:00:00,Shift_2_Evening,UKWA_EXTENSION,21.7932,80.2015,18,20,3,12,1.17,8.1,22.3,22.6,58.5,35.8,0.239,13.9,542.5,438.5,417.2,347.9,69.3,16.61,Moderate (10-25%)
2025-07-23 22:00:00,Shift_3_Night,BAL_SOUTH_PIT,21.8005,80.1901,24,25,3,12,1.33,7.98,25.0,54.4,78.4,28.8,0.407,42.2,443.1,320.7,411.4,337.9,73.5,17.87,Moderate (10-25%)
2025-07-24 06:00:00,Shift_1_Morning,BAL_NORTH_PIT,21.8121,80.1843,22,25,3,12,2.31,7.94,30.8,100.0,87.8,22.2,0.725,77.8,390.2,472.5,421.1,287.6,133.5,31.7,Critical (>25%)
2025-07-24 14:00:00,Shift_2_Evening,BAL_NORTH_PIT,21.8121,80.1843,21,22,3,12,1.01,7.27,18.4,4.6,64.4,35.3,0.195,5.4,461.1,370.1,517.1,409.4,107.7,20.83,Moderate (10-25%)
2025-07-24 22:00:00,Shift_3_Night,BAL_NORTH_PIT,21.8121,80.1843,24,26,4,14,0.7,7.56,27.8,67.5,75.1,28.6,0.493,46.6,398.1,375.6,508.9,387.9,121.0,23.78,Moderate (10-25%)
2025-07-25 06:00:00,Shift_1_Morning,BAL_NORTH_PIT,21.8121,80.1843,20,22,3,11,0.33,7.49,21.5,22.2,73.1,34.8,0.337,11.1,520.2,527.6,446.7,384.4,62.3,13.95,Moderate (10-25%)
2025-07-25 14:00:00,Shift_2_Evening,BAL_SOUTH_PIT,21.8005,80.1901,23,25,4,12,1.46,7.4,23.7,18.2,66.5,33.2,0.33,16.9,501.3,422.2,527.6,417.6,110.0,20.85,Moderate (10-25%)
2025-07-25 22:00:00,Shift_3_Night,UKWA_EXTENSION,21.7932,80.2015,15,17,4,11,0.6,7.51,22.1,17.7,63.3,37.1,0.274,12.7,446.9,447.2,564.0,487.1,76.9,13.63,Moderate (10-25%)
2025-07-26 06:00:00,Shift_1_Morning,UKWA_EXTENSION,21.7932,80.2015,24,26,4,16,0.13,7.94,21.4,7.3,58.9,36.7,0.198,1.7,432.1,454.9,408.3,347.4,60.9,14.92,Moderate (10-25%)
2025-07-26 14:00:00,Shift_2_Evening,BAL_DEEP_LEVEL_3,21.8064,80.1876,16,18,4,11,1.22,7.45,26.8,55.6,83.4,27.7,0.534,41.4,536.7,468.7,499.6,396.4,103.2,20.66,Moderate (10-25%)
2025-07-26 22:00:00,Shift_3_Night,BAL_SOUTH_PIT,21.8005,80.1901,23,25,3,12,1.54,7.56,20.9,17.4,63.5,37.9,0.281,10.3,546.0,530.9,537.9,477.5,60.4,11.23,Moderate (10-25%)
2025-07-27 06:00:00,Shift_1_Morning,BAL_NORTH_PIT,21.8121,80.1843,17,18,3,16,1.34,7.37,21.3,21.7,72.4,31.5,0.272,10.0,477.0,457.6,450.5,349.4,101.1,22.44,Moderate (10-25%)
2025-07-27 14:00:00,Shift_2_Evening,BAL_SOUTH_PIT,21.8005,80.1901,20,21,3,16,0.45,8.1,21.2,9.9,65.4,38.3,0.174,9.3,473.5,457.1,461.6,412.8,48.8,10.57,Moderate (10-25%)
2025-07-27 22:00:00,Shift_3_Night,BAL_DEEP_LEVEL_3,21.8064,80.1876,23,25,3,11,1.69,7.86,29.8,74.0,77.3,25.9,0.643,58.1,462.8,438.0,522.7,404.4,118.3,22.63,Moderate (10-25%)
2025-07-28 06:00:00,Shift_1_Morning,BAL_DEEP_LEVEL_3,21.8064,80.1876,17,18,3,12,1.27,7.43,21.3,26.9,68.7,33.9,0.29,16.4,411.0,577.9,579.6,467.8,111.8,19.29,Moderate (10-25%)
2025-07-28 14:00:00,Shift_2_Evening,BAL_SOUTH_PIT,21.8005,80.1901,23,25,4,12,1.05,8.19,25.7,48.1,76.0,32.3,0.418,47.3,539.9,580.8,562.0,481.0,81.0,14.41,Moderate (10-25%)
2025-07-28 22:00:00,Shift_3_Night,BAL_SOUTH_PIT,21.8005,80.1901,18,18,4,14,1.47,8.11,22.9,36.1,64.6,33.5,0.344,27.3,481.2,456.4,516.6,463.8,52.8,10.22,Moderate (10-25%)
2025-07-29 06:00:00,Shift_1_Morning,BAL_SOUTH_PIT,21.8005,80.1901,20,25,3,14,0.14,8.01,22.1,23.8,67.4,33.1,0.314,20.5,528.8,470.0,546.0,542.1,3.9,0.71,Normal (<10%)
2025-07-29 14:00:00,Shift_2_Evening,UKWA_EXTENSION,21.7932,80.2015,24,25,4,14,1.16,7.91,20.6,10.4,67.3,36.4,0.244,12.6,535.2,389.3,473.0,410.1,62.9,13.3,Moderate (10-25%)
2025-07-29 22:00:00,Shift_3_Night,BAL_NORTH_PIT,21.8121,80.1843,19,20,3,12,1.99,7.45,27.5,79.1,91.0,23.0,0.636,55.5,433.3,410.6,528.2,421.1,107.1,20.28,Moderate (10-25%)
2025-07-30 06:00:00,Shift_1_Morning,BAL_SOUTH_PIT,21.8005,80.1901,17,19,3,12,0.79,7.51,19.8,13.3,70.5,36.8,0.299,15.5,420.6,477.8,493.2,399.5,93.7,19.0,Moderate (10-25%)
2025-07-30 14:00:00,Shift_2_Evening,BAL_SOUTH_PIT,21.8005,80.1901,24,25,4,14,0.75,8.0,19.6,6.2,74.5,35.0,0.221,6.6,526.7,410.2,438.0,416.1,21.9,5.0,Normal (<10%)
2025-07-30 22:00:00,Shift_3_Night,BAL_SOUTH_PIT,21.8005,80.1901,22,25,4,16,1.67,7.99,29.5,71.5,84.3,29.1,0.619,53.9,485.4,345.9,540.3,400.5,139.8,25.87,Critical (>25%)
2025-07-31 06:00:00,Shift_1_Morning,BAL_DEEP_LEVEL_3,21.8064,80.1876,21,22,3,15,0.19,8.0,20.7,18.2,68.9,33.6,0.215,17.6,528.2,417.3,511.3,456.1,55.2,10.8,Moderate (10-25%)
2025-07-31 14:00:00,Shift_2_Evening,BAL_DEEP_LEVEL_3,21.8064,80.1876,22,22,3,12,0.2,7.98,21.0,20.1,64.8,34.3,0.318,19.4,499.3,454.1,471.7,424.6,47.1,9.99,Normal (<10%)
2025-07-31 22:00:00,Shift_3_Night,UKWA_EXTENSION,21.7932,80.2015,17,17,4,12,1.02,7.36,25.4,44.8,84.8,29.6,0.438,37.4,502.7,399.5,582.3,464.8,117.5,20.18,Moderate (10-25%)
2025-08-01 06:00:00,Shift_1_Morning,BAL_NORTH_PIT,21.8121,80.1843,24,24,2,12,1.47,7.95,20.8,25.8,62.6,31.0,0.259,19.0,533.9,462.5,404.2,349.1,55.1,13.63,Moderate (10-25%)
2025-08-01 14:00:00,Shift_2_Evening,UKWA_EXTENSION,21.7932,80.2015,17,18,4,14,1.37,7.59,26.9,52.5,86.7,29.2,0.492,42.3,471.2,510.8,463.2,326.9,136.3,29.43,Critical (>25%)
2025-08-01 22:00:00,Shift_3_Night,BAL_NORTH_PIT,21.8121,80.1843,24,27,3,14,2.0,7.86,27.1,48.0,84.0,25.8,0.451,36.9,376.1,455.6,411.4,284.9,126.5,30.75,Critical (>25%)
2025-08-02 06:00:00,Shift_1_Morning,BAL_DEEP_LEVEL_3,21.8064,80.1876,27,27,4,14,0.76,7.48,24.6,51.2,72.5,28.1,0.47,42.2,526.1,447.7,553.3,413.1,140.2,25.34,Critical (>25%)
2025-08-02 14:00:00,Shift_2_Evening,BAL_DEEP_LEVEL_3,21.8064,80.1876,21,22,4,12,1.08,7.92,24.4,42.6,79.0,29.1,0.362,32.0,491.0,492.9,540.4,453.7,86.7,16.04,Moderate (10-25%)
2025-08-02 22:00:00,Shift_3_Night,BAL_DEEP_LEVEL_3,21.8064,80.1876,23,25,4,16,1.26,7.51,23.9,11.1,67.2,33.4,0.252,1.0,385.5,490.9,466.3,376.6,89.7,19.24,Moderate (10-25%)
2025-08-03 06:00:00,Shift_1_Morning,UKWA_EXTENSION,21.7932,80.2015,24,25,3,14,0.66,7.46,20.1,15.8,62.1,35.3,0.195,21.6,533.6,439.0,535.1,459.1,76.0,14.2,Moderate (10-25%)
2025-08-03 14:00:00,Shift_2_Evening,BAL_SOUTH_PIT,21.8005,80.1901,18,19,4,15,1.15,7.65,21.2,32.4,70.4,33.2,0.362,23.2,529.3,564.1,479.2,406.9,72.3,15.09,Moderate (10-25%)
2025-08-03 22:00:00,Shift_3_Night,BAL_SOUTH_PIT,21.8005,80.1901,20,22,4,16,1.23,8.05,22.0,17.2,67.9,36.2,0.289,16.7,492.3,427.7,551.3,464.7,86.6,15.71,Moderate (10-25%)
2025-08-04 06:00:00,Shift_1_Morning,BAL_DEEP_LEVEL_3,21.8064,80.1876,15,21,3,15,3.27,7.37,35.0,100.0,97.0,15.0,0.873,93.0,359.4,394.8,490.8,314.4,176.4,35.94,Critical (>25%)
2025-08-04 14:00:00,Shift_2_Evening,BAL_SOUTH_PIT,21.8005,80.1901,22,26,3,16,1.08,8.07,26.6,57.9,84.9,27.2,0.444,37.8,440.1,423.6,482.5,419.0,63.5,13.16,Moderate (10-25%)
2025-08-04 22:00:00,Shift_3_Night,BAL_SOUTH_PIT,21.8005,80.1901,21,22,3,16,1.23,7.42,21.3,16.6,69.5,31.4,0.253,20.9,533.5,417.7,586.9,483.0,103.9,17.7,Moderate (10-25%)
2025-08-05 06:00:00,Shift_1_Morning,UKWA_EXTENSION,21.7932,80.2015,18,20,4,13,1.31,7.44,18.2,2.6,57.6,33.4,0.123,5.3,523.1,522.1,450.2,362.9,87.3,19.39,Moderate (10-25%)
2025-08-05 14:00:00,Shift_2_Evening,BAL_NORTH_PIT,21.8121,80.1843,19,20,4,16,1.3,8.03,18.7,3.0,66.2,36.6,0.209,15.9,390.6,459.1,424.1,369.8,54.3,12.8,Moderate (10-25%)
2025-08-05 22:00:00,Shift_3_Night,BAL_DEEP_LEVEL_3,21.8064,80.1876,22,22,3,12,0.74,7.45,23.7,18.9,58.9,31.9,0.306,22.2,420.5,431.2,516.9,401.8,115.1,22.27,Moderate (10-25%)
2025-08-06 06:00:00,Shift_1_Morning,BAL_DEEP_LEVEL_3,21.8064,80.1876,17,18,4,14,0.03,8.09,20.9,5.6,60.3,35.1,0.17,1.5,585.6,602.5,593.9,600.4,0.0,0.0,Normal (<10%)
2025-08-06 14:00:00,Shift_2_Evening,UKWA_EXTENSION,21.7932,80.2015,20,22,3,16,0.68,7.92,22.2,18.2,66.8,30.0,0.348,23.0,427.5,552.1,475.6,393.4,82.2,17.28,Moderate (10-25%)
2025-08-06 22:00:00,Shift_3_Night,UKWA_EXTENSION,21.7932,80.2015,18,20,3,15,1.89,7.94,28.9,89.1,92.3,19.4,0.703,71.4,439.6,410.3,412.4,317.5,94.9,23.01,Moderate (10-25%)
2025-08-07 06:00:00,Shift_1_Morning,BAL_SOUTH_PIT,21.8005,80.1901,18,20,4,13,1.91,7.93,27.2,73.4,92.6,24.0,0.604,53.7,515.2,481.3,467.9,362.4,105.5,22.55,Moderate (10-25%)
2025-08-07 14:00:00,Shift_2_Evening,BAL_DEEP_LEVEL_3,21.8064,80.1876,19,20,3,16,0.69,7.44,17.7,14.1,66.2,33.3,0.203,16.3,474.6,429.1,501.2,407.6,93.6,18.68,Moderate (10-25%)
2025-08-07 22:00:00,Shift_3_Night,BAL_NORTH_PIT,21.8121,80.1843,20,22,3,12,0.67,7.61,21.7,21.1,65.3,34.2,0.261,25.7,400.1,433.9,432.4,358.7,73.7,17.04,Moderate (10-25%)
2025-08-08 06:00:00,Shift_1_Morning,UKWA_EXTENSION,21.7932,80.2015,25,26,4,15,1.53,8.06,19.5,20.6,64.2,33.2,0.315,6.6,530.4,445.9,531.6,465.0,66.6,12.53,Moderate (10-25%)
2025-08-08 14:00:00,Shift_2_Evening,BAL_NORTH_PIT,21.8121,80.1843,19,20,4,14,0.55,7.67,27.6,92.7,92.8,23.7,0.711,70.8,464.0,588.0,599.5,498.3,101.2,16.88,Moderate (10-25%)
2025-08-08 22:00:00,Shift_3_Night,BAL_NORTH_PIT,21.8121,80.1843,19,21,3,14,1.58,7.73,30.4,99.3,89.4,26.2,0.696,79.8,440.1,495.9,490.3,363.5,126.8,25.86,Critical (>25%)
2025-08-09 06:00:00,Shift_1_Morning,BAL_DEEP_LEVEL_3,21.8064,80.1876,18,19,4,13,1.07,7.9,27.9,63.8,79.4,23.3,0.602,44.0,425.7,441.2,470.9,352.8,118.1,25.08,Critical (>25%)
2025-08-09 14:00:00,Shift_2_Evening,BAL_DEEP_LEVEL_3,21.8064,80.1876,25,27,3,12,0.0,7.51,24.0,30.6,75.6,31.8,0.396,21.1,430.1,527.3,480.1,390.1,90.0,18.75,Moderate (10-25%)
2025-08-09 22:00:00,Shift_3_Night,UKWA_EXTENSION,21.7932,80.2015,22,25,3,16,0.68,7.88,30.6,71.7,89.2,22.0,0.575,54.9,393.1,432.1,423.0,339.4,83.6,19.76,Moderate (10-25%)
2025-08-10 06:00:00,Shift_1_Morning,BAL_DEEP_LEVEL_3,21.8064,80.1876,16,18,4,14,0.15,7.42,20.7,7.0,60.0,35.0,0.267,5.4,514.9,515.4,576.7,514.7,62.0,10.75,Moderate (10-25%)
2025-08-10 14:00:00,Shift_2_Evening,BAL_DEEP_LEVEL_3,21.8064,80.1876,23,26,4,12,1.74,7.44,23.1,35.5,64.6,27.9,0.373,26.7,572.2,370.7,483.0,373.2,109.8,22.73,Moderate (10-25%)
2025-08-10 22:00:00,Shift_3_Night,BAL_DEEP_LEVEL_3,21.8064,80.1876,18,19,4,12,1.48,7.89,22.1,13.0,64.1,33.4,0.25,12.3,493.5,478.1,477.5,425.1,52.4,10.97,Moderate (10-25%)
2025-08-11 06:00:00,Shift_1_Morning,BAL_NORTH_PIT,21.8121,80.1843,22,24,4,14,0.76,7.39,25.3,27.0,62.9,29.4,0.269,19.7,432.9,509.1,531.9,386.0,145.9,27.43,Critical (>25%)
2025-08-11 14:00:00,Shift_2_Evening,UKWA_EXTENSION,21.7932,80.2015,17,20,3,14,1.17,7.49,28.6,66.4,75.8,27.6,0.58,53.5,411.2,399.9,488.4,379.0,109.4,22.4,Moderate (10-25%)
2025-08-11 22:00:00,Shift_3_Night,BAL_SOUTH_PIT,21.8005,80.1901,17,19,4,12,0.85,7.88,19.8,21.5,62.2,31.7,0.269,7.9,587.7,483.4,529.6,487.9,41.7,7.87,Normal (<10%)
2025-08-12 06:00:00,Shift_1_Morning,BAL_NORTH_PIT,21.8121,80.1843,18,18,4,14,0.26,7.58,18.5,6.3,66.2,34.7,0.148,7.0,484.7,493.6,412.3,362.0,50.3,12.2,Moderate (10-25%)
2025-08-12 14:00:00,Shift_2_Evening,BAL_DEEP_LEVEL_3,21.8064,80.1876,26,27,4,14,0.67,7.91,17.9,3.2,63.6,33.3,0.157,2.7,434.3,503.2,562.7,539.0,23.7,4.21,Normal (<10%)
2025-08-12 22:00:00,Shift_3_Night,BAL_NORTH_PIT,21.8121,80.1843,18,21,3,12,0.15,7.78,18.9,3.4,73.4,40.2,0.201,11.5,422.5,507.6,588.1,534.3,53.8,9.15,Normal (<10%)
2025-08-13 06:00:00,Shift_1_Morning,BAL_DEEP_LEVEL_3,21.8064,80.1876,25,26,3,16,0.95,7.95,18.6,2.4,58.4,35.9,0.2,13.8,470.1,438.8,529.8,499.4,30.4,5.74,Normal (<10%)
2025-08-13 14:00:00,Shift_2_Evening,BAL_DEEP_LEVEL_3,21.8064,80.1876,22,23,3,14,0.92,8.01,20.7,11.4,71.2,34.5,0.212,19.1,536.4,503.8,590.9,516.4,74.5,12.61,Moderate (10-25%)
2025-08-13 22:00:00,Shift_3_Night,BAL_NORTH_PIT,21.8121,80.1843,22,24,4,11,1.83,7.87,22.7,13.9,68.2,31.6,0.251,11.7,414.2,468.1,430.3,335.5,94.8,22.03,Moderate (10-25%)
2025-08-14 06:00:00,Shift_1_Morning,UKWA_EXTENSION,21.7932,80.2015,24,26,3,14,0.45,8.17,19.6,12.6,61.2,36.5,0.228,12.0,462.3,523.6,495.5,458.3,37.2,7.51,Normal (<10%)
2025-08-14 14:00:00,Shift_2_Evening,BAL_DEEP_LEVEL_3,21.8064,80.1876,14,17,3,14,1.51,8.11,29.7,100.0,90.8,23.0,0.752,76.2,429.0,461.8,520.4,419.1,101.3,19.47,Moderate (10-25%)
2025-08-14 22:00:00,Shift_3_Night,UKWA_EXTENSION,21.7932,80.2015,23,25,4,16,0.99,7.53,20.6,17.4,64.3,32.2,0.283,12.4,463.7,553.9,516.3,406.5,109.8,21.27,Moderate (10-25%)
2025-08-15 06:00:00,Shift_1_Morning,BAL_SOUTH_PIT,21.8005,80.1901,25,26,3,14,0.05,7.37,20.9,12.6,66.2,31.7,0.218,12.4,405.7,521.9,480.3,433.2,47.1,9.81,Normal (<10%)
2025-08-15 14:00:00,Shift_2_Evening,BAL_DEEP_LEVEL_3,21.8064,80.1876,19,20,4,14,1.93,8.02,21.6,37.4,76.9,29.7,0.271,26.6,431.8,526.9,467.6,414.7,52.9,11.31,Moderate (10-25%)
2025-08-15 22:00:00,Shift_3_Night,UKWA_EXTENSION,21.7932,80.2015,21,23,4,14,1.36,7.39,24.3,60.0,76.7,24.2,0.44,45.0,525.4,500.9,425.4,337.3,88.1,20.71,Moderate (10-25%)
2025-08-16 06:00:00,Shift_1_Morning,UKWA_EXTENSION,21.7932,80.2015,19,21,4,12,0.65,8.15,24.5,30.9,75.8,31.9,0.376,16.1,424.0,440.3,478.3,393.6,84.7,17.71,Moderate (10-25%)
2025-08-16 14:00:00,Shift_2_Evening,BAL_SOUTH_PIT,21.8005,80.1901,27,27,3,14,2.23,7.58,20.1,17.7,71.8,33.6,0.23,14.0,556.1,426.2,432.5,340.8,91.7,21.2,Moderate (10-25%)
2025-08-16 22:00:00,Shift_3_Night,UKWA_EXTENSION,21.7932,80.2015,23,26,4,14,0.7,7.51,25.3,51.3,85.4,27.8,0.521,41.3,522.6,525.2,546.9,442.6,104.3,19.07,Moderate (10-25%)
2025-08-17 06:00:00,Shift_1_Morning,UKWA_EXTENSION,21.7932,80.2015,22,25,3,11,2.4,7.76,29.2,79.3,79.0,18.3,0.617,59.6,452.2,463.9,441.8,342.4,99.4,22.5,Moderate (10-25%)
2025-08-17 14:00:00,Shift_2_Evening,BAL_SOUTH_PIT,21.8005,80.1901,21,23,4,14,1.09,7.9,27.4,82.2,84.8,22.4,0.655,56.5,479.6,361.8,411.7,368.0,43.7,10.61,Moderate (10-25%)
2025-08-17 22:00:00,Shift_3_Night,BAL_DEEP_LEVEL_3,21.8064,80.1876,21,24,3,14,0.65,7.57,25.3,57.5,82.7,26.7,0.499,42.3,405.5,405.9,510.5,393.2,117.3,22.98,Moderate (10-25%)
2025-08-18 06:00:00,Shift_1_Morning,UKWA_EXTENSION,21.7932,80.2015,21,23,2,14,1.71,7.62,30.0,92.3,83.8,23.4,0.64,61.1,544.1,517.8,519.0,390.3,128.7,24.8,Moderate (10-25%)
2025-08-18 14:00:00,Shift_2_Evening,UKWA_EXTENSION,21.7932,80.2015,16,19,4,16,1.88,8.11,30.9,93.2,83.0,22.7,0.672,62.8,431.9,523.4,574.4,450.3,124.1,21.61,Moderate (10-25%)
2025-08-18 22:00:00,Shift_3_Night,UKWA_EXTENSION,21.7932,80.2015,19,20,4,12,0.99,7.34,24.1,40.4,73.6,26.4,0.453,32.9,370.9,424.7,515.4,396.2,119.2,23.13,Moderate (10-25%)
2025-08-19 06:00:00,Shift_1_Morning,BAL_NORTH_PIT,21.8121,80.1843,18,19,3,11,0.69,7.53,23.0,28.5,67.8,33.2,0.332,15.3,362.8,409.9,469.1,349.5,119.6,25.5,Critical (>25%)
2025-08-19 14:00:00,Shift_2_Evening,BAL_SOUTH_PIT,21.8005,80.1901,22,24,4,12,0.59,8.1,26.4,45.1,74.3,29.7,0.46,43.6,461.2,467.5,560.6,446.9,113.7,20.28,Moderate (10-25%)
2025-08-19 22:00:00,Shift_3_Night,BAL_NORTH_PIT,21.8121,80.1843,17,20,3,16,1.96,7.33,28.6,86.8,85.9,20.3,0.674,64.0,378.5,404.0,508.1,342.4,165.7,32.61,Critical (>25%)
2025-08-20 06:00:00,Shift_1_Morning,BAL_SOUTH_PIT,21.8005,80.1901,16,18,3,12,0.17,8.0,19.9,3.3,73.2,35.7,0.195,8.4,489.8,467.4,415.9,389.1,26.8,6.44,Normal (<10%)
2025-08-20 14:00:00,Shift_2_Evening,BAL_DEEP_LEVEL_3,21.8064,80.1876,21,26,3,12,1.95,8.03,35.0,100.0,92.9,15.0,0.823,96.6,578.2,474.7,513.2,443.4,69.8,13.6,Moderate (10-25%)
2025-08-20 22:00:00,Shift_3_Night,BAL_DEEP_LEVEL_3,21.8064,80.1876,18,20,4,11,0.56,7.97,21.3,16.0,67.3,31.8,0.198,1.9,555.0,473.0,581.6,506.0,75.6,13.0,Moderate (10-25%)
2025-08-21 06:00:00,Shift_1_Morning,UKWA_EXTENSION,21.7932,80.2015,16,18,2,13,1.36,7.31,25.6,45.0,77.5,24.8,0.432,36.2,529.5,428.6,479.3,374.8,104.5,21.8,Moderate (10-25%)
2025-08-21 14:00:00,Shift_2_Evening,BAL_SOUTH_PIT,21.8005,80.1901,19,21,3,13,1.81,7.47,30.6,88.1,81.3,22.5,0.747,62.3,401.0,464.3,459.3,326.6,132.7,28.89,Critical (>25%)
2025-08-21 22:00:00,Shift_3_Night,BAL_DEEP_LEVEL_3,21.8064,80.1876,26,26,4,14,1.11,7.97,22.1,9.1,69.9,34.7,0.195,14.3,449.4,467.9,428.7,366.4,62.3,14.53,Moderate (10-25%)
2025-08-22 06:00:00,Shift_1_Morning,BAL_SOUTH_PIT,21.8005,80.1901,17,18,2,11,2.56,7.99,24.1,44.4,79.2,28.0,0.526,43.9,511.2,460.9,430.3,309.2,121.1,28.14,Critical (>25%)
2025-08-22 14:00:00,Shift_2_Evening,BAL_DEEP_LEVEL_3,21.8064,80.1876,22,25,4,14,0.0,7.44,22.7,19.1,68.3,31.0,0.294,27.8,381.7,452.1,486.6,403.5,83.1,17.08,Moderate (10-25%)
2025-08-22 22:00:00,Shift_3_Night,BAL_NORTH_PIT,21.8121,80.1843,22,23,4,10,1.75,7.46,21.2,23.1,72.0,33.9,0.262,23.6,511.7,432.6,519.1,414.9,104.2,20.07,Moderate (10-25%)
2025-08-23 06:00:00,Shift_1_Morning,BAL_DEEP_LEVEL_3,21.8064,80.1876,23,26,3,14,0.62,7.5,20.5,14.6,65.5,32.4,0.256,8.6,394.9,357.0,416.1,370.3,45.8,11.01,Moderate (10-25%)
2025-08-23 14:00:00,Shift_2_Evening,BAL_NORTH_PIT,21.8121,80.1843,23,25,3,12,1.84,8.04,23.5,18.2,71.4,33.5,0.27,12.6,454.0,542.0,587.9,481.0,106.9,18.18,Moderate (10-25%)
2025-08-23 22:00:00,Shift_3_Night,BAL_DEEP_LEVEL_3,21.8064,80.1876,23,26,4,16,1.07,7.97,22.7,23.4,59.5,32.3,0.326,26.6,538.3,490.5,551.0,508.7,42.3,7.68,Normal (<10%)
2025-08-24 06:00:00,Shift_1_Morning,UKWA_EXTENSION,21.7932,80.2015,14,22,4,11,3.48,7.46,35.0,100.0,98.0,15.0,0.864,100.0,433.8,446.8,517.3,344.9,172.4,33.33,Critical (>25%)
2025-08-24 14:00:00,Shift_2_Evening,BAL_NORTH_PIT,21.8121,80.1843,17,20,4,15,2.69,7.51,35.0,100.0,96.1,15.0,0.91,99.6,555.7,452.5,565.7,398.9,166.8,29.49,Critical (>25%)
2025-08-24 22:00:00,Shift_3_Night,BAL_DEEP_LEVEL_3,21.8064,80.1876,21,24,4,12,1.41,7.31,22.9,12.4,67.0,29.9,0.26,15.3,442.1,462.9,416.0,296.7,119.3,28.68,Critical (>25%)
2025-08-25 06:00:00,Shift_1_Morning,UKWA_EXTENSION,21.7932,80.2015,22,23,4,12,0.84,8.05,22.8,32.5,67.5,32.2,0.366,26.1,443.0,397.4,495.4,448.5,46.9,9.47,Normal (<10%)
2025-08-25 14:00:00,Shift_2_Evening,BAL_NORTH_PIT,21.8121,80.1843,23,26,3,12,0.95,8.0,22.3,5.6,62.8,34.1,0.205,18.3,582.9,519.7,526.0,470.2,55.8,10.61,Moderate (10-25%)
2025-08-25 22:00:00,Shift_3_Night,UKWA_EXTENSION,21.7932,80.2015,22,22,4,14,0.58,7.5,18.8,3.9,60.7,33.8,0.183,2.3,560.1,541.3,565.7,509.6,56.1,9.92,Normal (<10%)
2025-08-26 06:00:00,Shift_1_Morning,BAL_SOUTH_PIT,21.8005,80.1901,18,20,3,16,1.48,7.6,22.1,4.9,57.4,34.7,0.174,0.0,452.6,493.9,556.7,444.3,112.4,20.19,Moderate (10-25%)
2025-08-26 14:00:00,Shift_2_Evening,BAL_SOUTH_PIT,21.8005,80.1901,23,24,3,9,1.37,7.8,29.4,78.6,88.4,18.8,0.675,59.8,413.8,467.3,455.4,347.7,107.7,23.65,Moderate (10-25%)
2025-08-26 22:00:00,Shift_3_Night,BAL_NORTH_PIT,21.8121,80.1843,17,18,4,11,1.1,7.8,29.3,89.6,95.0,17.3,0.614,60.7,505.3,431.7,588.2,460.6,127.6,21.69,Moderate (10-25%)
2025-08-27 06:00:00,Shift_1_Morning,BAL_DEEP_LEVEL_3,21.8064,80.1876,21,22,4,13,0.87,7.53,18.4,8.5,56.9,35.9,0.197,4.4,530.7,431.2,424.9,372.8,52.1,12.26,Moderate (10-25%)
2025-08-27 14:00:00,Shift_2_Evening,BAL_NORTH_PIT,21.8121,80.1843,21,21,3,12,0.7,7.5,20.8,7.9,65.2,35.7,0.17,12.9,458.3,629.4,575.0,475.5,99.5,17.3,Moderate (10-25%)
2025-08-27 22:00:00,Shift_3_Night,UKWA_EXTENSION,21.7932,80.2015,24,26,4,12,1.71,7.52,20.5,13.4,64.1,33.6,0.297,9.5,439.7,564.4,594.2,482.2,112.0,18.85,Moderate (10-25%)
2025-08-28 06:00:00,Shift_1_Morning,BAL_DEEP_LEVEL_3,21.8064,80.1876,23,24,3,13,1.9,7.95,18.9,36.5,67.8,29.9,0.311,24.3,383.3,383.8,435.4,359.8,75.6,17.36,Moderate (10-25%)
2025-08-28 14:00:00,Shift_2_Evening,BAL_SOUTH_PIT,21.8005,80.1901,16,18,3,14,0.02,7.57,22.6,34.2,71.3,32.6,0.341,25.4,420.1,428.7,544.4,477.7,66.7,12.25,Moderate (10-25%)
2025-08-28 22:00:00,Shift_3_Night,BAL_DEEP_LEVEL_3,21.8064,80.1876,21,22,4,14,0.55,8.09,20.0,12.9,67.4,35.1,0.323,22.2,381.1,426.2,408.1,370.3,37.8,9.26,Normal (<10%)
2025-08-29 06:00:00,Shift_1_Morning,BAL_SOUTH_PIT,21.8005,80.1901,14,18,3,16,1.41,8.05,27.7,84.8,87.2,22.2,0.613,65.9,347.1,339.5,481.1,394.2,86.9,18.06,Moderate (10-25%)
2025-08-29 14:00:00,Shift_2_Evening,BAL_DEEP_LEVEL_3,21.8064,80.1876,16,18,3,16,0.0,7.47,22.2,30.7,64.9,29.6,0.291,21.1,553.7,442.2,503.3,428.5,74.8,14.86,Moderate (10-25%)
2025-08-29 22:00:00,Shift_3_Night,BAL_DEEP_LEVEL_3,21.8064,80.1876,18,20,4,16,0.51,7.29,27.6,58.6,85.3,23.6,0.512,39.2,509.6,486.2,516.1,385.4,130.7,25.32,Critical (>25%)
2025-08-30 06:00:00,Shift_1_Morning,BAL_DEEP_LEVEL_3,21.8064,80.1876,23,25,4,11,0.81,8.08,26.4,58.3,78.9,28.2,0.482,39.3,627.1,524.2,587.2,559.0,28.2,4.8,Normal (<10%)
2025-08-30 14:00:00,Shift_2_Evening,UKWA_EXTENSION,21.7932,80.2015,16,19,4,16,0.58,7.62,22.2,26.4,70.5,34.7,0.262,17.0,523.4,494.4,534.5,453.5,81.0,15.15,Moderate (10-25%)
2025-08-30 22:00:00,Shift_3_Night,UKWA_EXTENSION,21.7932,80.2015,26,27,3,12,0.1,8.06,23.5,39.8,78.4,29.6,0.384,29.8,491.5,553.8,496.3,462.8,33.5,6.75,Normal (<10%)
2025-08-31 06:00:00,Shift_1_Morning,BAL_NORTH_PIT,21.8121,80.1843,19,20,4,16,0.77,7.41,27.1,60.4,70.6,24.2,0.526,47.3,568.1,529.2,561.9,438.4,123.5,21.98,Moderate (10-25%)
2025-08-31 14:00:00,Shift_2_Evening,BAL_NORTH_PIT,21.8121,80.1843,17,19,4,12,0.45,7.57,21.0,14.3,69.7,34.6,0.318,19.3,431.8,604.0,590.1,519.7,70.4,11.93,Moderate (10-25%)
2025-08-31 22:00:00,Shift_3_Night,BAL_SOUTH_PIT,21.8005,80.1901,24,25,4,12,1.57,7.59,20.6,25.3,66.3,33.1,0.26,22.2,386.5,376.9,404.4,321.8,82.6,20.43,Moderate (10-25%)
2025-09-01 06:00:00,Shift_1_Morning,UKWA_EXTENSION,21.7932,80.2015,18,22,4,14,3.27,7.66,35.0,100.0,98.0,15.0,0.758,80.0,555.1,576.0,596.5,432.6,163.9,27.48,Critical (>25%)
2025-09-01 14:00:00,Shift_2_Evening,BAL_SOUTH_PIT,21.8005,80.1901,25,26,4,15,0.0,7.91,17.8,15.4,61.2,28.7,0.168,9.6,521.2,509.4,417.2,424.0,0.0,0.0,Normal (<10%)
2025-09-01 22:00:00,Shift_3_Night,BAL_NORTH_PIT,21.8121,80.1843,22,23,3,14,2.33,7.98,21.5,4.5,66.9,31.5,0.163,9.1,426.6,410.9,562.9,474.2,88.7,15.76,Moderate (10-25%)
2025-09-02 06:00:00,Shift_1_Morning,BAL_SOUTH_PIT,21.8005,80.1901,19,20,4,11,0.06,8.07,22.9,23.2,62.1,32.9,0.272,33.9,482.3,540.9,456.1,409.0,47.1,10.33,Moderate (10-25%)
2025-09-02 14:00:00,Shift_2_Evening,BAL_NORTH_PIT,21.8121,80.1843,15,20,3,12,1.31,7.51,25.8,58.8,80.9,22.6,0.512,35.6,385.6,521.2,426.4,336.4,90.0,21.11,Moderate (10-25%)
2025-09-02 22:00:00,Shift_3_Night,UKWA_EXTENSION,21.7932,80.2015,23,25,4,16,1.08,7.89,23.0,56.4,79.0,22.5,0.465,42.4,521.6,502.3,488.0,385.8,102.2,20.94,Moderate (10-25%)
2025-09-03 06:00:00,Shift_1_Morning,BAL_DEEP_LEVEL_3,21.8064,80.1876,17,21,3,12,1.74,8.04,35.0,100.0,94.3,15.0,0.864,97.1,446.2,448.2,528.8,390.2,138.6,26.21,Critical (>25%)
2025-09-03 14:00:00,Shift_2_Evening,UKWA_EXTENSION,21.7932,80.2015,17,18,3,16,0.96,8.06,21.9,39.3,66.9,26.7,0.385,37.3,541.9,512.9,476.2,431.9,44.3,9.3,Normal (<10%)
2025-09-03 22:00:00,Shift_3_Night,BAL_SOUTH_PIT,21.8005,80.1901,18,18,3,16,0.33,7.51,21.9,7.3,62.2,32.3,0.235,7.8,410.2,554.1,410.9,353.1,57.8,14.07,Moderate (10-25%)
2025-09-04 06:00:00,Shift_1_Morning,BAL_SOUTH_PIT,21.8005,80.1901,20,24,4,16,1.51,8.02,24.7,45.8,78.6,25.3,0.405,44.2,559.9,419.2,519.9,417.2,102.7,19.75,Moderate (10-25%)
2025-09-04 14:00:00,Shift_2_Evening,UKWA_EXTENSION,21.7932,80.2015,17,18,3,14,0.49,7.47,28.0,60.3,87.0,23.1,0.564,43.8,477.9,481.9,580.5,465.7,114.8,19.78,Moderate (10-25%)
2025-09-04 22:00:00,Shift_3_Night,UKWA_EXTENSION,21.7932,80.2015,18,21,4,15,0.54,7.65,18.9,9.8,74.6,35.7,0.213,7.2,527.0,445.4,476.6,439.6,37.0,7.76,Normal (<10%)
2025-09-05 06:00:00,Shift_1_Morning,BAL_NORTH_PIT,21.8121,80.1843,21,22,4,16,0.45,7.91,22.0,11.2,68.9,29.8,0.338,17.6,459.7,447.6,443.3,376.5,66.8,15.07,Moderate (10-25%)
2025-09-05 14:00:00,Shift_2_Evening,BAL_SOUTH_PIT,21.8005,80.1901,25,25,4,16,1.36,7.44,18.6,0.9,63.1,31.7,0.128,4.9,393.5,304.9,488.5,391.2,97.3,19.92,Moderate (10-25%)
2025-09-05 22:00:00,Shift_3_Night,BAL_SOUTH_PIT,21.8005,80.1901,19,20,4,16,0.82,8.0,23.4,52.7,79.4,23.3,0.449,41.9,556.4,402.2,409.7,356.9,52.8,12.89,Moderate (10-25%)
2025-09-06 06:00:00,Shift_1_Morning,UKWA_EXTENSION,21.7932,80.2015,17,20,3,13,1.55,8.09,30.4,88.3,96.0,20.3,0.611,63.4,422.5,439.7,564.1,444.7,119.4,21.17,Moderate (10-25%)
2025-09-06 14:00:00,Shift_2_Evening,BAL_DEEP_LEVEL_3,21.8064,80.1876,23,24,4,14,0.69,7.85,26.0,41.6,77.4,22.9,0.405,31.4,596.2,473.0,565.3,489.2,76.1,13.46,Moderate (10-25%)
2025-09-06 22:00:00,Shift_3_Night,BAL_SOUTH_PIT,21.8005,80.1901,18,24,3,15,3.01,7.87,35.0,100.0,95.6,15.0,0.864,92.8,533.5,509.2,517.6,349.1,168.5,32.55,Critical (>25%)
2025-09-07 06:00:00,Shift_1_Morning,BAL_DEEP_LEVEL_3,21.8064,80.1876,24,26,3,11,1.17,7.8,22.5,10.6,63.3,25.5,0.237,11.1,547.9,498.6,470.6,408.7,61.9,13.15,Moderate (10-25%)
2025-09-07 14:00:00,Shift_2_Evening,UKWA_EXTENSION,21.7932,80.2015,16,20,3,12,1.37,7.5,29.5,95.0,89.1,17.0,0.725,68.2,431.3,537.7,560.0,374.3,185.7,33.16,Critical (>25%)
2025-09-07 22:00:00,Shift_3_Night,UKWA_EXTENSION,21.7932,80.2015,13,16,4,14,1.78,7.89,27.8,82.0,87.9,18.1,0.652,62.9,400.0,407.8,510.9,385.3,125.6,24.58,Moderate (10-25%)
2025-09-08 06:00:00,Shift_1_Morning,BAL_NORTH_PIT,21.8121,80.1843,20,20,4,16,0.18,7.46,20.7,14.5,61.8,31.4,0.251,8.8,424.8,418.5,565.2,457.7,107.5,19.02,Moderate (10-25%)
2025-09-08 14:00:00,Shift_2_Evening,BAL_SOUTH_PIT,21.8005,80.1901,21,27,3,16,2.37,8.07,35.0,100.0,92.1,15.0,0.893,93.6,498.6,415.0,526.3,415.2,111.1,21.11,Moderate (10-25%)
2025-09-08 22:00:00,Shift_3_Night,BAL_DEEP_LEVEL_3,21.8064,80.1876,20,21,3,16,1.2,7.94,20.7,9.1,64.3,30.3,0.263,13.8,508.6,433.8,556.9,503.4,53.5,9.61,Normal (<10%)
2025-09-09 06:00:00,Shift_1_Morning,BAL_NORTH_PIT,21.8121,80.1843,24,25,4,16,0.87,8.02,25.5,58.2,75.3,22.6,0.444,37.0,487.0,407.7,519.7,440.1,79.6,15.32,Moderate (10-25%)
2025-09-09 14:00:00,Shift_2_Evening,BAL_SOUTH_PIT,21.8005,80.1901,19,22,3,12,1.52,7.47,31.4,98.1,92.3,16.6,0.676,67.0,421.5,573.2,482.8,341.7,141.1,29.23,Critical (>25%)
2025-09-09 22:00:00,Shift_3_Night,BAL_NORTH_PIT,21.8121,80.1843,20,21,3,16,0.78,7.57,25.0,49.9,78.9,23.2,0.413,36.6,501.6,453.7,591.6,451.6,140.0,23.66,Moderate (10-25%)
2025-09-10 06:00:00,Shift_1_Morning,UKWA_EXTENSION,21.7932,80.2015,19,20,4,16,0.96,7.55,23.7,45.5,77.2,28.6,0.43,40.2,424.0,433.4,508.2,400.2,108.0,21.25,Moderate (10-25%)
2025-09-10 14:00:00,Shift_2_Evening,BAL_SOUTH_PIT,21.8005,80.1901,17,18,3,15,0.19,7.43,20.8,9.4,66.8,30.3,0.249,10.1,422.6,543.6,521.0,437.8,83.2,15.97,Moderate (10-25%)
2025-09-10 22:00:00,Shift_3_Night,BAL_NORTH_PIT,21.8121,80.1843,20,21,3,12,0.29,7.98,24.2,29.0,69.9,28.4,0.275,16.7,509.2,432.9,444.1,396.6,47.5,10.7,Moderate (10-25%)
2025-09-11 06:00:00,Shift_1_Morning,BAL_NORTH_PIT,21.8121,80.1843,20,21,3,12,0.7,8.1,21.9,30.9,50.8,31.1,0.294,18.1,439.5,448.0,525.1,443.2,81.9,15.6,Moderate (10-25%)
2025-09-11 14:00:00,Shift_2_Evening,BAL_DEEP_LEVEL_3,21.8064,80.1876,20,23,3,16,1.04,7.54,27.3,69.6,77.7,25.7,0.497,50.2,392.4,489.1,514.3,411.7,102.6,19.95,Moderate (10-25%)
2025-09-11 22:00:00,Shift_3_Night,BAL_NORTH_PIT,21.8121,80.1843,17,18,4,11,0.17,7.36,24.2,39.4,76.9,23.8,0.408,33.1,500.6,423.8,437.0,350.7,86.3,19.75,Moderate (10-25%)
2025-09-12 06:00:00,Shift_1_Morning,BAL_SOUTH_PIT,21.8005,80.1901,22,26,2,16,1.77,7.57,35.0,100.0,89.6,15.0,0.794,79.6,348.6,427.4,411.9,307.9,104.0,25.25,Critical (>25%)
2025-09-12 14:00:00,Shift_2_Evening,BAL_SOUTH_PIT,21.8005,80.1901,17,19,3,11,0.64,7.89,21.8,12.6,70.8,30.8,0.315,15.6,368.6,522.2,520.9,433.7,87.2,16.74,Moderate (10-25%)
2025-09-12 22:00:00,Shift_3_Night,BAL_DEEP_LEVEL_3,21.8064,80.1876,19,21,3,16,1.25,7.64,27.0,73.3,87.6,22.0,0.573,64.8,531.4,492.5,552.7,454.9,97.8,17.69,Moderate (10-25%)
2025-09-13 06:00:00,Shift_1_Morning,BAL_SOUTH_PIT,21.8005,80.1901,21,26,3,14,2.86,7.6,35.0,100.0,93.9,15.0,0.863,90.4,579.5,462.5,504.7,376.1,128.6,25.48,Critical (>25%)
2025-09-13 14:00:00,Shift_2_Evening,UKWA_EXTENSION,21.7932,80.2015,20,24,4,12,1.78,8.03,28.0,67.8,78.6,22.7,0.546,54.8,503.9,553.3,445.4,345.8,99.6,22.36,Moderate (10-25%)
2025-09-13 22:00:00,Shift_3_Night,BAL_SOUTH_PIT,21.8005,80.1901,19,20,3,14,0.64,7.52,21.3,12.3,65.2,31.5,0.235,18.6,354.3,454.0,533.3,410.5,122.8,23.03,Moderate (10-25%)
2025-09-14 06:00:00,Shift_1_Morning,BAL_SOUTH_PIT,21.8005,80.1901,23,24,3,12,0.09,7.98,18.2,7.3,63.9,29.4,0.222,5.8,361.0,408.3,416.0,398.4,17.6,4.23,Normal (<10%)
2025-09-14 14:00:00,Shift_2_Evening,BAL_NORTH_PIT,21.8121,80.1843,18,20,3,13,0.58,8.07,21.7,1.2,65.6,36.3,0.197,5.5,558.1,518.7,488.4,452.4,36.0,7.37,Normal (<10%)
2025-09-14 22:00:00,Shift_3_Night,BAL_NORTH_PIT,21.8121,80.1843,19,21,4,12,1.0,7.96,26.7,46.8,64.8,24.5,0.459,36.5,373.9,373.9,432.7,332.2,100.5,23.23,Moderate (10-25%)
2025-09-15 06:00:00,Shift_1_Morning,BAL_SOUTH_PIT,21.8005,80.1901,18,19,4,11,0.33,8.02,22.8,30.1,65.6,28.1,0.286,22.8,452.1,436.1,436.9,375.9,61.0,13.96,Moderate (10-25%)
2025-09-15 14:00:00,Shift_2_Evening,BAL_DEEP_LEVEL_3,21.8064,80.1876,15,22,3,15,3.76,8.09,35.0,100.0,90.1,15.0,0.874,100.0,546.1,354.9,440.5,304.1,136.4,30.96,Critical (>25%)
2025-09-15 22:00:00,Shift_3_Night,BAL_NORTH_PIT,21.8121,80.1843,21,21,4,11,0.31,7.44,23.5,27.8,57.9,26.8,0.303,22.9,512.3,440.1,477.3,407.6,69.7,14.6,Moderate (10-25%)
2025-09-16 06:00:00,Shift_1_Morning,BAL_DEEP_LEVEL_3,21.8064,80.1876,24,24,4,12,1.14,7.44,23.4,18.0,63.3,29.9,0.203,12.6,453.7,497.4,410.2,325.5,84.7,20.65,Moderate (10-25%)
2025-09-16 14:00:00,Shift_2_Evening,BAL_SOUTH_PIT,21.8005,80.1901,24,24,3,14,0.85,7.88,21.5,29.8,61.1,25.8,0.32,30.9,405.1,575.7,479.6,405.3,74.3,15.49,Moderate (10-25%)
2025-09-16 22:00:00,Shift_3_Night,BAL_SOUTH_PIT,21.8005,80.1901,22,25,4,14,0.66,7.89,24.7,72.4,79.8,20.5,0.519,52.6,498.4,494.0,502.3,441.4,60.9,12.12,Moderate (10-25%)
2025-09-17 06:00:00,Shift_1_Morning,UKWA_EXTENSION,21.7932,80.2015,25,26,3,13,1.63,7.32,27.1,73.5,80.7,18.1,0.547,58.7,550.0,562.7,496.7,376.5,120.2,24.2,Moderate (10-25%)
2025-09-17 14:00:00,Shift_2_Evening,BAL_NORTH_PIT,21.8121,80.1843,22,25,3,14,0.86,7.57,29.0,78.7,88.8,19.9,0.67,55.3,540.8,361.5,476.6,398.7,77.9,16.34,Moderate (10-25%)
2025-09-17 22:00:00,Shift_3_Night,BAL_SOUTH_PIT,21.8005,80.1901,17,18,3,16,1.33,8.18,23.8,35.2,69.5,29.2,0.347,21.5,484.6,516.3,567.8,481.9,85.9,15.13,Moderate (10-25%)
2025-09-18 06:00:00,Shift_1_Morning,UKWA_EXTENSION,21.7932,80.2015,25,26,4,14,1.4,7.64,27.2,63.7,70.8,26.9,0.494,49.7,344.8,416.7,429.1,295.0,134.1,31.25,Critical (>25%)
2025-09-18 14:00:00,Shift_2_Evening,BAL_NORTH_PIT,21.8121,80.1843,22,24,3,14,1.87,7.34,28.4,58.6,80.3,20.6,0.472,45.9,576.8,538.8,501.1,359.3,141.8,28.3,Critical (>25%)
2025-09-18 22:00:00,Shift_3_Night,BAL_SOUTH_PIT,21.8005,80.1901,20,21,3,16,1.93,8.07,24.1,29.2,81.3,28.9,0.306,23.8,419.8,265.6,412.4,315.7,96.7,23.45,Moderate (10-25%)
2025-09-19 06:00:00,Shift_1_Morning,BAL_SOUTH_PIT,21.8005,80.1901,18,20,3,13,0.22,7.64,20.9,12.7,69.4,33.6,0.203,11.9,415.8,515.0,414.2,359.8,54.4,13.13,Moderate (10-25%)
2025-09-19 14:00:00,Shift_2_Evening,BAL_NORTH_PIT,21.8121,80.1843,25,26,3,14,0.18,7.45,21.0,11.1,66.4,32.1,0.19,13.3,570.6,393.6,514.8,476.0,38.8,7.54,Normal (<10%)
2025-09-19 22:00:00,Shift_3_Night,BAL_NORTH_PIT,21.8121,80.1843,18,18,4,13,0.49,7.51,21.4,1.5,60.2,31.8,0.164,4.2,497.4,415.3,513.2,444.8,68.4,13.33,Moderate (10-25%)
2025-09-20 06:00:00,Shift_1_Morning,BAL_NORTH_PIT,21.8121,80.1843,20,22,3,12,1.34,7.3,25.8,40.3,72.4,23.1,0.425,23.5,407.2,423.4,575.6,407.9,167.7,29.13,Critical (>25%)
2025-09-20 14:00:00,Shift_2_Evening,BAL_SOUTH_PIT,21.8005,80.1901,22,24,4,13,0.66,8.03,21.4,7.1,60.9,30.9,0.209,3.7,589.2,559.0,511.6,474.3,37.3,7.29,Normal (<10%)
2025-09-20 22:00:00,Shift_3_Night,BAL_SOUTH_PIT,21.8005,80.1901,17,18,4,14,0.52,7.39,19.7,18.3,68.7,27.8,0.295,14.5,452.1,441.6,592.0,500.1,91.9,15.52,Moderate (10-25%)
2025-09-21 06:00:00,Shift_1_Morning,UKWA_EXTENSION,21.7932,80.2015,18,19,3,16,0.08,8.02,24.6,19.2,60.9,31.8,0.294,7.8,508.0,510.4,409.7,375.1,34.6,8.45,Normal (<10%)
2025-09-21 14:00:00,Shift_2_Evening,BAL_DEEP_LEVEL_3,21.8064,80.1876,23,26,4,13,1.98,7.34,25.3,51.7,77.2,19.8,0.433,39.1,384.6,425.1,419.6,306.7,112.9,26.91,Critical (>25%)
2025-09-21 22:00:00,Shift_3_Night,BAL_NORTH_PIT,21.8121,80.1843,21,21,3,12,2.13,8.05,23.0,20.6,64.5,29.2,0.38,15.2,515.9,419.6,408.8,332.4,76.4,18.69,Moderate (10-25%)
2025-09-22 06:00:00,Shift_1_Morning,BAL_SOUTH_PIT,21.8005,80.1901,17,19,4,14,1.37,8.1,26.3,71.8,74.2,23.2,0.555,48.8,549.9,526.7,437.1,407.5,29.6,6.77,Normal (<10%)
2025-09-22 14:00:00,Shift_2_Evening,BAL_SOUTH_PIT,21.8005,80.1901,23,24,4,14,0.83,7.42,21.1,5.4,59.3,31.4,0.152,11.5,431.3,473.7,508.3,418.7,89.6,17.63,Moderate (10-25%)
2025-09-22 22:00:00,Shift_3_Night,BAL_NORTH_PIT,21.8121,80.1843,21,21,3,15,1.17,7.89,18.2,15.0,73.3,29.4,0.318,11.5,549.9,523.4,529.1,467.5,61.6,11.64,Moderate (10-25%)
2025-09-23 06:00:00,Shift_1_Morning,BAL_DEEP_LEVEL_3,21.8064,80.1876,26,27,3,12,0.17,7.78,23.7,43.4,74.3,20.9,0.418,33.6,527.8,454.1,409.1,367.7,41.4,10.12,Moderate (10-25%)
2025-09-23 14:00:00,Shift_2_Evening,BAL_NORTH_PIT,21.8121,80.1843,22,24,4,11,0.66,7.97,23.3,21.6,49.3,31.5,0.264,21.0,424.2,496.6,589.2,525.3,63.9,10.85,Moderate (10-25%)
2025-09-23 22:00:00,Shift_3_Night,BAL_DEEP_LEVEL_3,21.8064,80.1876,19,21,3,14,0.3,7.94,24.0,19.4,64.3,29.3,0.305,14.9,335.8,388.6,568.4,462.9,105.5,18.56,Moderate (10-25%)
2025-09-24 06:00:00,Shift_1_Morning,BAL_SOUTH_PIT,21.8005,80.1901,21,22,4,12,0.89,7.84,22.1,5.7,67.9,29.0,0.216,2.9,410.1,393.5,459.3,400.6,58.7,12.78,Moderate (10-25%)
2025-09-24 14:00:00,Shift_2_Evening,BAL_DEEP_LEVEL_3,21.8064,80.1876,15,17,4,14,0.93,7.55,24.3,58.9,76.5,22.9,0.459,42.1,390.1,445.1,415.4,316.2,99.2,23.88,Moderate (10-25%)
2025-09-24 22:00:00,Shift_3_Night,UKWA_EXTENSION,21.7932,80.2015,21,23,4,15,0.51,7.96,24.0,30.7,73.1,26.4,0.29,24.0,549.0,417.7,434.0,387.3,46.7,10.76,Moderate (10-25%)
2025-09-25 06:00:00,Shift_1_Morning,BAL_SOUTH_PIT,21.8005,80.1901,22,23,3,12,1.82,7.89,20.1,5.2,59.2,32.3,0.165,5.2,337.7,312.8,425.4,348.6,76.8,18.05,Moderate (10-25%)
2025-09-25 14:00:00,Shift_2_Evening,UKWA_EXTENSION,21.7932,80.2015,20,21,3,14,0.0,7.44,22.9,10.3,65.5,30.2,0.23,15.4,464.5,409.1,424.7,396.0,28.7,6.76,Normal (<10%)
2025-09-25 22:00:00,Shift_3_Night,BAL_NORTH_PIT,21.8121,80.1843,24,27,3,15,1.56,7.61,34.2,100.0,92.5,16.5,0.795,76.5,389.6,451.2,503.7,398.1,105.6,20.96,Moderate (10-25%)
2025-09-26 06:00:00,Shift_1_Morning,BAL_NORTH_PIT,21.8121,80.1843,16,18,3,16,0.61,8.06,26.5,64.9,77.2,22.6,0.507,52.1,424.2,563.6,449.2,393.4,55.8,12.42,Moderate (10-25%)
2025-09-26 14:00:00,Shift_2_Evening,BAL_NORTH_PIT,21.8121,80.1843,24,26,3,14,0.54,7.49,20.7,41.0,75.3,27.5,0.363,31.7,368.0,492.3,471.6,393.6,78.0,16.54,Moderate (10-25%)
2025-09-26 22:00:00,Shift_3_Night,BAL_DEEP_LEVEL_3,21.8064,80.1876,17,19,4,16,0.95,7.56,29.3,63.6,88.9,22.9,0.598,40.0,381.6,423.7,597.9,430.2,167.7,28.05,Critical (>25%)
2025-09-27 06:00:00,Shift_1_Morning,BAL_SOUTH_PIT,21.8005,80.1901,20,22,3,15,0.7,7.38,27.8,69.0,84.1,19.8,0.598,60.9,561.7,526.7,536.9,428.8,108.1,20.13,Moderate (10-25%)
2025-09-27 14:00:00,Shift_2_Evening,BAL_NORTH_PIT,21.8121,80.1843,17,19,4,14,0.95,7.5,25.7,59.6,80.3,23.2,0.547,43.3,545.3,386.9,589.8,457.1,132.7,22.5,Moderate (10-25%)
2025-09-27 22:00:00,Shift_3_Night,BAL_NORTH_PIT,21.8121,80.1843,22,26,3,11,0.94,7.51,19.6,20.9,63.3,29.0,0.239,7.9,494.3,512.4,428.5,357.9,70.6,16.48,Moderate (10-25%)
2025-09-28 06:00:00,Shift_1_Morning,BAL_SOUTH_PIT,21.8005,80.1901,16,18,3,12,0.24,7.45,19.8,21.4,73.3,27.2,0.298,9.2,407.2,581.3,476.4,406.4,70.0,14.69,Moderate (10-25%)
2025-09-28 14:00:00,Shift_2_Evening,BAL_NORTH_PIT,21.8121,80.1843,22,23,2,16,0.74,8.04,19.7,4.3,58.5,31.7,0.158,6.2,492.8,391.8,510.9,430.4,80.5,15.76,Moderate (10-25%)
2025-09-28 22:00:00,Shift_3_Night,UKWA_EXTENSION,21.7932,80.2015,18,22,3,14,2.04,7.92,32.6,100.0,95.6,15.0,0.768,76.7,432.5,479.5,415.4,310.2,105.2,25.32,Critical (>25%)
2025-09-29 06:00:00,Shift_1_Morning,BAL_SOUTH_PIT,21.8005,80.1901,16,18,4,12,0.65,7.55,22.1,31.5,75.5,25.9,0.387,25.0,402.5,462.9,400.8,320.8,80.0,19.96,Moderate (10-25%)
2025-09-29 14:00:00,Shift_2_Evening,BAL_SOUTH_PIT,21.8005,80.1901,23,24,4,12,0.95,7.56,21.1,19.3,70.4,31.5,0.234,9.9,502.6,457.1,534.1,465.4,68.7,12.86,Moderate (10-25%)
2025-09-29 22:00:00,Shift_3_Night,BAL_SOUTH_PIT,21.8005,80.1901,23,27,3,15,0.72,7.71,23.1,62.9,85.3,17.4,0.54,53.9,441.5,537.6,528.4,419.5,108.9,20.61,Moderate (10-25%)
2025-09-30 06:00:00,Shift_1_Morning,UKWA_EXTENSION,21.7932,80.2015,17,21,1,15,2.51,7.62,35.0,100.0,98.0,15.8,0.778,84.8,450.3,365.6,482.2,312.2,170.0,35.26,Critical (>25%)
2025-09-30 14:00:00,Shift_2_Evening,BAL_SOUTH_PIT,21.8005,80.1901,16,21,3,11,2.67,7.7,35.0,100.0,88.9,15.0,0.887,90.9,512.4,500.0,497.9,358.1,139.8,28.08,Critical (>25%)
2025-09-30 22:00:00,Shift_3_Night,UKWA_EXTENSION,21.7932,80.2015,17,20,3,13,1.29,7.44,32.9,100.0,88.2,15.0,0.754,70.9,566.0,494.5,483.1,364.1,119.0,24.63,Moderate (10-25%)
2025-10-01 06:00:00,Shift_1_Morning,BAL_SOUTH_PIT,21.8005,80.1901,19,20,3,14,1.66,8.1,21.7,9.3,57.8,28.4,0.255,3.9,502.8,421.6,404.8,334.8,70.0,17.29,Moderate (10-25%)
2025-10-01 14:00:00,Shift_2_Evening,BAL_DEEP_LEVEL_3,21.8064,80.1876,17,18,3,16,0.41,7.97,22.2,18.0,58.9,27.2,0.242,16.9,326.5,308.6,467.1,416.3,50.8,10.88,Moderate (10-25%)
2025-10-01 22:00:00,Shift_3_Night,BAL_NORTH_PIT,21.8121,80.1843,16,17,3,12,0.26,7.35,21.6,11.8,72.1,27.8,0.282,19.0,426.2,374.2,435.4,369.4,66.0,15.16,Moderate (10-25%)
2025-10-02 06:00:00,Shift_1_Morning,BAL_DEEP_LEVEL_3,21.8064,80.1876,23,25,3,12,0.21,7.39,19.7,6.1,57.3,28.7,0.208,6.7,489.4,343.9,419.7,398.2,21.5,5.12,Normal (<10%)
2025-10-02 14:00:00,Shift_2_Evening,BAL_NORTH_PIT,21.8121,80.1843,19,21,4,15,0.5,7.6,20.4,8.1,58.3,31.6,0.275,4.6,564.0,501.5,591.3,518.2,73.1,12.36,Moderate (10-25%)
2025-10-02 22:00:00,Shift_3_Night,UKWA_EXTENSION,21.7932,80.2015,25,26,4,16,0.0,7.31,19.8,10.5,64.0,23.8,0.269,9.2,400.3,422.8,519.9,450.2,69.7,13.41,Moderate (10-25%)
2025-10-03 06:00:00,Shift_1_Morning,BAL_DEEP_LEVEL_3,21.8064,80.1876,25,25,3,12,1.09,8.11,20.7,4.3,58.7,30.7,0.187,5.9,526.6,529.8,545.7,480.8,64.9,11.89,Moderate (10-25%)
2025-10-03 14:00:00,Shift_2_Evening,BAL_SOUTH_PIT,21.8005,80.1901,22,26,3,13,0.67,7.49,23.1,6.4,74.6,27.9,0.209,17.7,427.3,436.2,463.1,394.4,68.7,14.83,Moderate (10-25%)
2025-10-03 22:00:00,Shift_3_Night,BAL_NORTH_PIT,21.8121,80.1843,25,25,4,14,0.6,7.88,19.2,9.2,62.0,28.5,0.172,11.3,393.2,550.0,478.6,428.3,50.3,10.51,Moderate (10-25%)
2025-10-04 06:00:00,Shift_1_Morning,BAL_NORTH_PIT,21.8121,80.1843,20,21,4,14,1.3,7.44,20.9,1.7,62.7,30.2,0.145,5.2,497.0,488.3,447.4,367.0,80.4,17.97,Moderate (10-25%)
2025-10-04 14:00:00,Shift_2_Evening,BAL_DEEP_LEVEL_3,21.8064,80.1876,17,18,4,13,1.39,7.9,19.3,4.4,58.9,27.4,0.203,9.3,384.6,489.1,419.4,385.8,33.6,8.01,Normal (<10%)
2025-10-04 22:00:00,Shift_3_Night,UKWA_EXTENSION,21.7932,80.2015,17,18,3,12,0.8,7.59,18.2,7.1,54.9,27.5,0.198,14.9,425.8,353.7,435.8,385.7,50.1,11.5,Moderate (10-25%)
2025-10-05 06:00:00,Shift_1_Morning,BAL_DEEP_LEVEL_3,21.8064,80.1876,17,18,4,13,0.33,7.57,20.7,15.6,61.5,27.4,0.206,11.1,436.4,452.3,559.5,451.6,107.9,19.29,Moderate (10-25%)
2025-10-05 14:00:00,Shift_2_Evening,UKWA_EXTENSION,21.7932,80.2015,25,25,3,14,0.53,7.83,20.4,4.9,58.5,27.4,0.184,4.6,522.7,463.3,535.5,478.0,57.5,10.74,Moderate (10-25%)
2025-10-05 22:00:00,Shift_3_Night,UKWA_EXTENSION,21.7932,80.2015,23,24,4,12,0.79,7.46,20.5,8.4,60.9,27.3,0.232,3.6,388.5,414.3,509.4,448.3,61.1,11.99,Moderate (10-25%)
2025-10-06 06:00:00,Shift_1_Morning,BAL_NORTH_PIT,21.8121,80.1843,17,18,3,16,0.88,7.41,20.9,10.9,57.0,26.8,0.232,17.1,505.5,469.0,495.0,407.0,88.0,17.78,Moderate (10-25%)
2025-10-06 14:00:00,Shift_2_Evening,BAL_DEEP_LEVEL_3,21.8064,80.1876,20,22,3,14,0.22,7.63,19.1,1.6,62.9,32.0,0.203,2.1,523.9,535.0,584.5,540.1,44.4,7.6,Normal (<10%)
2025-10-06 22:00:00,Shift_3_Night,BAL_DEEP_LEVEL_3,21.8064,80.1876,19,21,3,15,1.94,7.36,20.4,10.5,62.6,27.6,0.224,11.8,449.9,436.4,414.5,330.2,84.3,20.34,Moderate (10-25%)
2025-10-07 06:00:00,Shift_1_Morning,UKWA_EXTENSION,21.7932,80.2015,18,20,3,12,0.85,7.66,18.0,2.2,53.7,31.3,0.123,10.2,407.1,395.1,456.1,418.7,37.4,8.2,Normal (<10%)
2025-10-07 14:00:00,Shift_2_Evening,BAL_DEEP_LEVEL_3,21.8064,80.1876,21,24,2,12,0.29,8.0,19.2,2.2,63.7,29.4,0.209,20.6,433.7,455.9,470.0,444.3,25.7,5.47,Normal (<10%)
2025-10-07 22:00:00,Shift_3_Night,BAL_SOUTH_PIT,21.8005,80.1901,20,20,4,12,0.65,7.38,20.1,7.2,66.8,29.0,0.214,3.1,522.7,500.9,556.5,469.4,87.1,15.65,Moderate (10-25%)
2025-10-08 06:00:00,Shift_1_Morning,BAL_SOUTH_PIT,21.8005,80.1901,18,20,3,12,0.87,7.93,22.4,12.0,70.9,28.3,0.248,21.7,370.3,367.4,598.5,456.0,142.5,23.81,Moderate (10-25%)
2025-10-08 14:00:00,Shift_2_Evening,BAL_DEEP_LEVEL_3,21.8064,80.1876,20,20,4,12,0.54,7.42,20.7,12.7,52.2,26.7,0.156,7.8,491.7,446.2,448.1,392.6,55.5,12.39,Moderate (10-25%)
2025-10-08 22:00:00,Shift_3_Night,BAL_DEEP_LEVEL_3,21.8064,80.1876,20,20,4,16,0.41,7.37,19.2,6.2,59.2,27.4,0.213,10.7,553.5,436.1,574.9,503.7,71.2,12.38,Moderate (10-25%)
2025-10-09 06:00:00,Shift_1_Morning,UKWA_EXTENSION,21.7932,80.2015,19,19,4,15,0.1,8.01,19.2,5.2,53.9,30.9,0.121,8.3,382.0,510.2,566.1,560.4,5.7,1.01,Normal (<10%)
2025-10-09 14:00:00,Shift_2_Evening,BAL_SOUTH_PIT,21.8005,80.1901,18,18,4,12,0.35,7.88,19.9,3.9,58.6,27.6,0.146,1.1,380.5,395.8,444.9,406.7,38.2,8.59,Normal (<10%)
2025-10-09 22:00:00,Shift_3_Night,BAL_SOUTH_PIT,21.8005,80.1901,25,26,3,14,1.57,7.78,19.9,12.0,70.6,24.4,0.188,12.7,507.7,422.7,479.9,401.1,78.8,16.42,Moderate (10-25%)
2025-10-10 06:00:00,Shift_1_Morning,BAL_NORTH_PIT,21.8121,80.1843,20,22,3,12,0.51,7.96,20.4,5.6,59.4,26.2,0.21,4.3,438.5,500.2,481.9,418.6,63.3,13.14,Moderate (10-25%)
2025-10-10 14:00:00,Shift_2_Evening,UKWA_EXTENSION,21.7932,80.2015,21,23,3,11,1.12,7.82,22.7,5.8,60.1,25.5,0.129,8.5,584.8,522.8,595.6,516.0,79.6,13.36,Moderate (10-25%)
2025-10-10 22:00:00,Shift_3_Night,BAL_NORTH_PIT,21.8121,80.1843,23,23,3,13,0.68,7.42,19.7,16.6,61.8,25.5,0.262,11.4,493.0,405.1,436.2,374.9,61.3,14.05,Moderate (10-25%)
2025-10-11 06:00:00,Shift_1_Morning,BAL_SOUTH_PIT,21.8005,80.1901,18,20,3,13,1.64,7.91,22.5,17.0,76.1,23.3,0.358,19.6,576.5,514.7,559.8,482.3,77.5,13.84,Moderate (10-25%)
2025-10-11 14:00:00,Shift_2_Evening,UKWA_EXTENSION,21.7932,80.2015,22,25,4,12,1.17,7.91,21.2,7.3,51.0,28.3,0.191,3.4,485.3,482.5,466.8,387.5,79.3,16.99,Moderate (10-25%)
2025-10-11 22:00:00,Shift_3_Night,BAL_DEEP_LEVEL_3,21.8064,80.1876,26,26,3,12,0.77,7.7,18.4,4.7,59.9,33.2,0.227,8.4,428.4,538.7,546.2,434.5,111.7,20.45,Moderate (10-25%)
2025-10-12 06:00:00,Shift_1_Morning,UKWA_EXTENSION,21.7932,80.2015,21,23,3,13,0.58,7.51,20.9,13.4,61.3,27.2,0.235,12.9,428.2,386.8,484.0,386.7,97.3,20.1,Moderate (10-25%)
2025-10-12 14:00:00,Shift_2_Evening,BAL_DEEP_LEVEL_3,21.8064,80.1876,23,23,4,14,0.64,8.02,20.6,1.3,52.2,27.9,0.169,12.9,361.2,393.2,515.7,414.7,101.0,19.59,Moderate (10-25%)
2025-10-12 22:00:00,Shift_3_Night,BAL_DEEP_LEVEL_3,21.8064,80.1876,16,19,4,12,0.22,7.82,21.5,9.5,70.4,25.1,0.266,5.2,501.1,476.2,566.5,486.9,79.6,14.05,Moderate (10-25%)
2025-10-13 06:00:00,Shift_1_Morning,UKWA_EXTENSION,21.7932,80.2015,21,22,3,11,1.28,7.93,20.4,30.0,62.5,24.2,0.353,26.8,506.3,573.2,560.8,493.6,67.2,11.98,Moderate (10-25%)
2025-10-13 14:00:00,Shift_2_Evening,BAL_DEEP_LEVEL_3,21.8064,80.1876,23,26,3,14,0.47,7.52,21.6,21.4,66.2,26.9,0.329,16.1,539.8,534.6,573.3,524.1,49.2,8.58,Normal (<10%)
2025-10-13 22:00:00,Shift_3_Night,BAL_NORTH_PIT,21.8121,80.1843,20,24,4,11,0.85,7.9,21.8,10.2,63.1,26.2,0.21,11.6,474.2,384.0,411.9,318.6,93.3,22.65,Moderate (10-25%)
2025-10-14 06:00:00,Shift_1_Morning,BAL_SOUTH_PIT,21.8005,80.1901,16,18,3,16,1.21,7.59,19.4,4.0,58.2,29.4,0.211,3.6,495.5,538.6,538.4,451.7,86.7,16.1,Moderate (10-25%)
2025-10-14 14:00:00,Shift_2_Evening,BAL_DEEP_LEVEL_3,21.8064,80.1876,23,26,4,12,0.0,7.38,19.0,9.1,53.7,28.5,0.189,9.1,402.6,448.8,428.0,369.3,58.7,13.71,Moderate (10-25%)
2025-10-14 22:00:00,Shift_3_Night,BAL_NORTH_PIT,21.8121,80.1843,22,22,2,14,1.14,7.47,20.7,15.7,64.9,27.4,0.235,9.5,396.6,498.3,483.2,380.0,103.2,21.36,Moderate (10-25%)
2025-10-15 06:00:00,Shift_1_Morning,BAL_DEEP_LEVEL_3,21.8064,80.1876,17,18,3,16,0.43,7.44,22.6,19.4,63.1,25.3,0.28,16.5,500.0,460.9,509.7,421.3,88.4,17.34,Moderate (10-25%)
2025-10-15 14:00:00,Shift_2_Evening,BAL_SOUTH_PIT,21.8005,80.1901,22,23,4,12,0.91,8.02,22.5,8.0,68.4,26.4,0.256,8.9,370.0,388.3,480.5,412.7,67.8,14.11,Moderate (10-25%)
2025-10-15 22:00:00,Shift_3_Night,BAL_NORTH_PIT,21.8121,80.1843,23,27,3,13,1.19,7.44,21.5,10.4,68.3,26.8,0.288,15.9,451.3,550.9,503.9,405.6,98.3,19.51,Moderate (10-25%)
2025-10-16 06:00:00,Shift_1_Morning,BAL_SOUTH_PIT,21.8005,80.1901,24,24,3,16,0.79,7.47,21.7,8.0,72.5,26.9,0.189,17.9,502.3,513.9,599.3,526.9,72.4,12.08,Moderate (10-25%)
2025-10-16 14:00:00,Shift_2_Evening,BAL_SOUTH_PIT,21.8005,80.1901,23,24,4,13,1.38,7.98,19.9,8.1,64.3,28.5,0.266,4.9,366.4,447.9,427.0,400.8,26.2,6.14,Normal (<10%)
2025-10-16 22:00:00,Shift_3_Night,BAL_NORTH_PIT,21.8121,80.1843,20,21,3,12,0.36,7.43,23.1,12.2,67.8,26.8,0.226,13.4,378.7,413.6,535.1,412.0,123.1,23.01,Moderate (10-25%)
2025-10-17 06:00:00,Shift_1_Morning,BAL_NORTH_PIT,21.8121,80.1843,26,26,4,16,1.17,8.05,17.7,8.1,61.7,31.8,0.25,9.9,484.6,499.5,479.2,451.4,27.8,5.8,Normal (<10%)
2025-10-17 14:00:00,Shift_2_Evening,BAL_NORTH_PIT,21.8121,80.1843,22,23,3,12,1.2,7.52,21.3,10.4,74.1,27.5,0.246,14.4,448.7,503.9,426.6,379.7,46.9,10.99,Moderate (10-25%)
2025-10-17 22:00:00,Shift_3_Night,UKWA_EXTENSION,21.7932,80.2015,17,17,4,15,0.12,7.99,21.1,10.5,64.4,30.5,0.219,16.8,302.2,302.9,431.7,395.9,35.8,8.29,Normal (<10%)
2025-10-18 06:00:00,Shift_1_Morning,BAL_NORTH_PIT,21.8121,80.1843,26,27,4,12,1.45,7.46,19.6,9.8,64.1,27.5,0.262,7.1,456.3,471.5,589.9,467.6,122.3,20.73,Moderate (10-25%)
2025-10-18 14:00:00,Shift_2_Evening,BAL_NORTH_PIT,21.8121,80.1843,26,27,3,15,0.91,7.58,20.5,5.9,66.2,28.9,0.198,9.8,526.9,527.8,575.9,481.1,94.8,16.46,Moderate (10-25%)
2025-10-18 22:00:00,Shift_3_Night,BAL_NORTH_PIT,21.8121,80.1843,17,18,4,14,0.16,7.98,18.5,10.8,61.5,26.4,0.219,10.7,541.0,580.6,581.4,521.0,60.4,10.39,Moderate (10-25%)
2025-10-19 06:00:00,Shift_1_Morning,BAL_NORTH_PIT,21.8121,80.1843,24,27,3,12,1.65,7.47,21.4,10.2,61.1,27.1,0.215,4.5,456.1,551.7,598.3,468.6,129.7,21.68,Moderate (10-25%)
2025-10-19 14:00:00,Shift_2_Evening,BAL_DEEP_LEVEL_3,21.8064,80.1876,24,25,3,12,0.09,7.51,21.3,13.3,69.4,27.7,0.257,14.1,423.2,468.1,441.7,368.6,73.1,16.55,Moderate (10-25%)
2025-10-19 22:00:00,Shift_3_Night,UKWA_EXTENSION,21.7932,80.2015,16,18,2,14,0.85,8.17,23.3,21.4,71.2,29.1,0.317,20.3,414.1,488.7,471.1,422.6,48.5,10.3,Moderate (10-25%)
2025-10-20 06:00:00,Shift_1_Morning,BAL_SOUTH_PIT,21.8005,80.1901,25,27,4,12,0.0,7.37,20.8,2.2,65.3,24.9,0.24,6.5,406.9,440.0,533.8,430.0,103.8,19.45,Moderate (10-25%)
2025-10-20 14:00:00,Shift_2_Evening,BAL_NORTH_PIT,21.8121,80.1843,16,17,3,16,0.07,7.58,20.9,11.0,64.3,30.4,0.278,22.1,357.1,372.7,496.8,419.1,77.7,15.64,Moderate (10-25%)
2025-10-20 22:00:00,Shift_3_Night,BAL_DEEP_LEVEL_3,21.8064,80.1876,17,18,4,14,1.69,7.81,18.9,9.2,63.6,27.9,0.172,10.0,572.2,543.3,483.7,431.0,52.7,10.9,Moderate (10-25%)
2025-10-21 06:00:00,Shift_1_Morning,BAL_DEEP_LEVEL_3,21.8064,80.1876,21,22,4,16,0.87,8.02,20.9,10.9,68.4,26.4,0.195,9.5,419.7,412.4,471.6,404.8,66.8,14.16,Moderate (10-25%)
2025-10-21 14:00:00,Shift_2_Evening,BAL_DEEP_LEVEL_3,21.8064,80.1876,24,27,4,14,0.57,8.16,22.7,2.6,56.6,33.1,0.175,4.7,426.5,347.3,518.8,471.9,46.9,9.04,Normal (<10%)
2025-10-21 22:00:00,Shift_3_Night,BAL_SOUTH_PIT,21.8005,80.1901,18,21,3,16,1.16,8.05,20.9,7.9,62.9,31.4,0.2,9.9,405.6,474.7,515.1,449.2,65.9,12.79,Moderate (10-25%)
2025-10-22 06:00:00,Shift_1_Morning,BAL_NORTH_PIT,21.8121,80.1843,22,23,3,12,0.88,8.02,21.0,5.0,48.5,27.4,0.202,3.1,469.8,269.5,432.3,384.3,48.0,11.1,Moderate (10-25%)
2025-10-22 14:00:00,Shift_2_Evening,UKWA_EXTENSION,21.7932,80.2015,21,22,4,16,0.29,7.44,17.9,1.4,64.7,28.1,0.152,2.4,381.1,451.9,494.3,401.7,92.6,18.73,Moderate (10-25%)
2025-10-22 22:00:00,Shift_3_Night,UKWA_EXTENSION,21.7932,80.2015,19,20,3,12,0.73,8.0,19.6,25.4,65.0,25.0,0.35,24.7,397.4,429.3,510.7,436.1,74.6,14.61,Moderate (10-25%)
2025-10-23 06:00:00,Shift_1_Morning,BAL_DEEP_LEVEL_3,21.8064,80.1876,21,23,4,14,0.37,7.47,21.2,17.1,61.0,28.7,0.202,16.1,441.1,455.3,514.1,449.1,65.0,12.64,Moderate (10-25%)
2025-10-23 14:00:00,Shift_2_Evening,BAL_SOUTH_PIT,21.8005,80.1901,23,25,4,15,0.45,7.92,19.8,5.4,62.9,27.0,0.261,9.5,444.7,448.8,442.0,374.3,67.7,15.32,Moderate (10-25%)
2025-10-23 22:00:00,Shift_3_Night,BAL_SOUTH_PIT,21.8005,80.1901,19,22,3,16,1.27,7.47,22.1,4.4,66.1,27.8,0.217,3.1,474.9,532.8,548.5,459.2,89.3,16.28,Moderate (10-25%)
2025-10-24 06:00:00,Shift_1_Morning,BAL_SOUTH_PIT,21.8005,80.1901,18,19,4,12,0.92,7.52,21.4,3.8,74.6,29.5,0.217,9.3,473.0,453.6,405.0,335.2,69.8,17.23,Moderate (10-25%)
2025-10-24 14:00:00,Shift_2_Evening,UKWA_EXTENSION,21.7932,80.2015,18,20,3,14,0.31,7.92,21.4,5.5,55.0,30.0,0.203,14.9,556.1,452.5,471.0,402.0,69.0,14.65,Moderate (10-25%)
2025-10-24 22:00:00,Shift_3_Night,BAL_DEEP_LEVEL_3,21.8064,80.1876,25,26,4,11,0.56,7.42,21.1,10.0,59.3,27.3,0.212,2.4,506.4,559.3,556.0,471.3,84.7,15.23,Moderate (10-25%)
2025-10-25 06:00:00,Shift_1_Morning,BAL_NORTH_PIT,21.8121,80.1843,24,25,3,14,0.86,7.36,21.7,16.8,68.8,23.8,0.311,16.4,534.9,505.2,512.8,433.9,78.9,15.39,Moderate (10-25%)
2025-10-25 14:00:00,Shift_2_Evening,UKWA_EXTENSION,21.7932,80.2015,23,24,3,12,0.94,8.04,18.4,7.8,61.2,28.4,0.271,5.0,508.8,480.2,452.2,458.1,0.0,0.0,Normal (<10%)
2025-10-25 22:00:00,Shift_3_Night,BAL_DEEP_LEVEL_3,21.8064,80.1876,21,24,3,12,0.05,8.05,22.6,3.9,66.6,30.5,0.215,14.4,406.9,475.8,539.0,520.8,18.2,3.38,Normal (<10%)
2025-10-26 06:00:00,Shift_1_Morning,BAL_DEEP_LEVEL_3,21.8064,80.1876,20,20,4,12,1.15,8.02,17.4,4.8,61.4,27.9,0.225,8.1,468.9,505.4,513.5,453.5,60.0,11.68,Moderate (10-25%)
2025-10-26 14:00:00,Shift_2_Evening,BAL_NORTH_PIT,21.8121,80.1843,17,18,3,16,0.15,8.1,22.0,5.6,65.9,30.8,0.159,2.0,468.0,430.2,559.2,531.9,27.3,4.88,Normal (<10%)
2025-10-26 22:00:00,Shift_3_Night,BAL_NORTH_PIT,21.8121,80.1843,20,22,4,15,0.69,7.51,20.3,3.1,61.1,28.2,0.176,9.5,523.5,377.3,547.0,457.5,89.5,16.36,Moderate (10-25%)
2025-10-27 06:00:00,Shift_1_Morning,BAL_NORTH_PIT,21.8121,80.1843,27,27,3,12,1.26,7.54,21.1,4.5,64.8,28.3,0.164,0.6,494.9,358.2,522.0,412.6,109.4,20.96,Moderate (10-25%)
2025-10-27 14:00:00,Shift_2_Evening,BAL_SOUTH_PIT,21.8005,80.1901,26,26,3,14,0.0,7.53,22.1,14.3,60.4,26.0,0.293,21.8,533.1,512.5,497.6,450.3,47.3,9.51,Normal (<10%)
2025-10-27 22:00:00,Shift_3_Night,BAL_NORTH_PIT,21.8121,80.1843,23,23,4,16,0.29,7.49,21.6,6.4,73.6,27.4,0.197,0.0,491.3,474.8,426.6,372.9,53.7,12.59,Moderate (10-25%)
2025-10-28 06:00:00,Shift_1_Morning,BAL_DEEP_LEVEL_3,21.8064,80.1876,20,22,4,12,0.0,7.45,20.7,15.5,56.6,28.5,0.192,11.1,436.5,452.4,452.3,384.9,67.4,14.9,Moderate (10-25%)
2025-10-28 14:00:00,Shift_2_Evening,BAL_NORTH_PIT,21.8121,80.1843,24,26,4,13,0.64,7.72,24.2,20.4,65.3,27.0,0.337,15.4,395.2,322.9,483.8,366.5,117.3,24.25,Moderate (10-25%)
2025-10-28 22:00:00,Shift_3_Night,BAL_DEEP_LEVEL_3,21.8064,80.1876,23,23,3,14,0.8,7.95,21.8,9.6,56.2,28.8,0.175,2.0,459.3,354.1,519.9,431.8,88.1,16.95,Moderate (10-25%)
2025-10-29 06:00:00,Shift_1_Morning,UKWA_EXTENSION,21.7932,80.2015,15,17,3,14,0.26,7.43,19.1,3.0,64.6,28.0,0.159,2.5,427.9,559.3,502.7,421.0,81.7,16.25,Moderate (10-25%)
2025-10-29 14:00:00,Shift_2_Evening,BAL_SOUTH_PIT,21.8005,80.1901,20,22,3,12,0.27,7.54,20.5,12.9,67.4,27.1,0.25,6.1,393.8,429.9,457.6,396.1,61.5,13.44,Moderate (10-25%)
2025-10-29 22:00:00,Shift_3_Night,UKWA_EXTENSION,21.7932,80.2015,20,22,3,16,1.34,7.53,24.1,7.6,57.6,29.5,0.201,21.1,349.0,488.8,401.3,320.9,80.4,20.03,Moderate (10-25%)
2025-10-30 06:00:00,Shift_1_Morning,UKWA_EXTENSION,21.7932,80.2015,23,24,3,14,0.35,7.86,18.8,13.0,70.2,27.1,0.289,11.2,398.5,490.5,499.2,475.9,23.3,4.67,Normal (<10%)
2025-10-30 14:00:00,Shift_2_Evening,BAL_DEEP_LEVEL_3,21.8064,80.1876,22,24,3,12,0.49,8.11,21.5,16.5,62.8,30.7,0.236,16.2,452.1,458.9,457.1,399.2,57.9,12.67,Moderate (10-25%)
2025-10-30 22:00:00,Shift_3_Night,UKWA_EXTENSION,21.7932,80.2015,17,19,3,11,1.15,7.99,20.1,5.6,64.5,29.2,0.176,3.4,417.9,367.4,546.9,502.9,44.0,8.05,Normal (<10%)
2025-10-31 06:00:00,Shift_1_Morning,BAL_DEEP_LEVEL_3,21.8064,80.1876,25,25,3,12,0.0,7.89,19.8,6.1,65.8,27.0,0.236,14.5,479.0,522.5,404.8,373.8,31.0,7.66,Normal (<10%)
2025-10-31 14:00:00,Shift_2_Evening,BAL_NORTH_PIT,21.8121,80.1843,17,18,3,11,0.08,7.62,21.4,15.7,63.9,29.8,0.197,16.5,493.9,580.3,517.0,457.8,59.2,11.45,Moderate (10-25%)
2025-10-31 22:00:00,Shift_3_Night,BAL_NORTH_PIT,21.8121,80.1843,24,24,4,11,0.92,7.56,21.3,11.3,69.2,31.8,0.249,13.1,369.5,379.0,588.3,479.7,108.6,18.46,Moderate (10-25%)
2025-11-01 06:00:00,Shift_1_Morning,BAL_DEEP_LEVEL_3,21.8064,80.1876,18,19,3,16,1.12,7.37,21.5,17.7,66.8,22.1,0.343,21.0,436.2,441.4,434.9,347.2,87.7,20.17,Moderate (10-25%)
2025-11-01 14:00:00,Shift_2_Evening,BAL_NORTH_PIT,21.8121,80.1843,24,26,3,16,0.04,8.18,22.1,13.8,67.0,29.4,0.185,11.2,392.2,406.4,494.3,459.5,34.8,7.04,Normal (<10%)
2025-11-01 22:00:00,Shift_3_Night,BAL_SOUTH_PIT,21.8005,80.1901,22,22,4,12,1.35,7.57,17.5,5.9,61.0,27.3,0.172,11.2,403.6,496.3,418.3,364.7,53.6,12.81,Moderate (10-25%)
2025-11-02 06:00:00,Shift_1_Morning,UKWA_EXTENSION,21.7932,80.2015,19,22,4,15,0.22,7.5,21.7,6.9,54.0,25.8,0.227,26.5,537.4,408.4,525.1,445.5,79.6,15.16,Moderate (10-25%)
2025-11-02 14:00:00,Shift_2_Evening,BAL_SOUTH_PIT,21.8005,80.1901,19,20,3,12,1.13,7.66,19.0,3.5,62.8,31.0,0.224,0.2,393.7,391.1,510.1,425.7,84.4,16.55,Moderate (10-25%)
2025-11-02 22:00:00,Shift_3_Night,UKWA_EXTENSION,21.7932,80.2015,17,18,4,14,0.97,8.02,22.6,19.7,62.6,24.9,0.273,15.0,393.3,452.8,481.5,392.5,89.0,18.48,Moderate (10-25%)
2025-11-03 06:00:00,Shift_1_Morning,BAL_NORTH_PIT,21.8121,80.1843,26,27,2,16,0.37,8.0,20.5,5.4,68.9,27.1,0.181,2.7,444.6,434.7,504.3,473.2,31.1,6.17,Normal (<10%)
2025-11-03 14:00:00,Shift_2_Evening,BAL_SOUTH_PIT,21.8005,80.1901,18,20,2,16,1.12,7.93,18.9,2.3,55.2,27.0,0.19,6.0,488.6,569.3,579.3,537.6,41.7,7.2,Normal (<10%)
2025-11-03 22:00:00,Shift_3_Night,BAL_NORTH_PIT,21.8121,80.1843,21,22,3,12,1.04,7.56,20.6,9.3,70.7,25.4,0.228,13.3,419.9,496.6,439.3,359.5,79.8,18.17,Moderate (10-25%)
2025-11-04 06:00:00,Shift_1_Morning,UKWA_EXTENSION,21.7932,80.2015,23,24,3,12,0.87,7.55,20.6,9.3,63.8,26.1,0.266,17.2,406.8,407.1,404.5,321.0,83.5,20.64,Moderate (10-25%)
2025-11-04 14:00:00,Shift_2_Evening,BAL_DEEP_LEVEL_3,21.8064,80.1876,20,22,3,15,0.45,7.5,20.6,8.6,66.2,25.4,0.243,10.6,478.6,418.9,572.3,493.7,78.6,13.73,Moderate (10-25%)
2025-11-04 22:00:00,Shift_3_Night,BAL_DEEP_LEVEL_3,21.8064,80.1876,19,19,4,14,1.06,7.42,22.1,6.6,56.4,26.0,0.176,8.3,527.6,530.8,515.4,451.2,64.2,12.46,Moderate (10-25%)
2025-11-05 06:00:00,Shift_1_Morning,BAL_SOUTH_PIT,21.8005,80.1901,21,22,4,16,0.71,8.01,19.4,4.3,60.3,27.9,0.158,0.0,451.1,510.1,578.1,567.9,10.2,1.76,Normal (<10%)
2025-11-05 14:00:00,Shift_2_Evening,BAL_NORTH_PIT,21.8121,80.1843,18,18,4,16,0.61,7.49,20.3,1.3,57.5,26.9,0.113,2.9,473.8,511.4,519.4,421.6,97.8,18.83,Moderate (10-25%)
2025-11-05 22:00:00,Shift_3_Night,BAL_NORTH_PIT,21.8121,80.1843,21,22,4,16,0.77,7.87,21.2,6.3,73.4,26.6,0.215,7.7,505.0,467.0,562.0,520.8,41.2,7.33,Normal (<10%)
2025-11-06 06:00:00,Shift_1_Morning,BAL_SOUTH_PIT,21.8005,80.1901,22,23,4,14,0.46,7.35,20.3,3.4,59.3,24.7,0.218,8.1,359.6,449.2,485.9,413.6,72.3,14.88,Moderate (10-25%)
2025-11-06 14:00:00,Shift_2_Evening,BAL_DEEP_LEVEL_3,21.8064,80.1876,18,19,3,14,0.58,8.06,21.4,14.3,70.6,26.5,0.238,16.1,504.1,595.9,550.0,536.6,13.4,2.44,Normal (<10%)
2025-11-06 22:00:00,Shift_3_Night,UKWA_EXTENSION,21.7932,80.2015,17,18,3,12,0.15,7.24,20.5,13.2,70.6,23.3,0.249,7.2,337.3,340.3,582.6,472.8,109.8,18.85,Moderate (10-25%)
2025-11-07 06:00:00,Shift_1_Morning,BAL_SOUTH_PIT,21.8005,80.1901,17,18,4,16,2.01,7.52,21.8,6.8,68.2,25.8,0.193,12.1,322.1,432.1,514.4,387.0,127.4,24.77,Moderate (10-25%)
2025-11-07 14:00:00,Shift_2_Evening,UKWA_EXTENSION,21.7932,80.2015,22,22,3,12,0.09,7.95,20.7,6.1,61.3,24.9,0.266,8.6,489.0,415.7,436.2,413.8,22.4,5.14,Normal (<10%)
2025-11-07 22:00:00,Shift_3_Night,BAL_DEEP_LEVEL_3,21.8064,80.1876,18,18,3,14,0.61,8.13,21.8,3.5,71.0,29.2,0.187,4.4,511.6,543.1,453.8,384.2,69.6,15.34,Moderate (10-25%)
2025-11-08 06:00:00,Shift_1_Morning,BAL_NORTH_PIT,21.8121,80.1843,26,27,3,16,1.53,7.45,18.2,4.9,73.3,23.7,0.246,11.1,498.0,442.3,439.7,346.9,92.8,21.11,Moderate (10-25%)
2025-11-08 14:00:00,Shift_2_Evening,BAL_DEEP_LEVEL_3,21.8064,80.1876,24,24,3,16,0.63,7.57,21.9,3.9,65.5,27.1,0.208,2.8,484.7,561.2,449.4,370.7,78.7,17.51,Moderate (10-25%)
2025-11-08 22:00:00,Shift_3_Night,BAL_SOUTH_PIT,21.8005,80.1901,20,20,3,16,0.07,7.46,21.1,13.4,62.1,27.8,0.182,7.4,560.9,498.5,461.3,395.0,66.3,14.37,Moderate (10-25%)
2025-11-09 06:00:00,Shift_1_Morning,BAL_NORTH_PIT,21.8121,80.1843,20,22,2,14,0.86,8.01,20.6,8.2,60.0,28.6,0.237,14.8,474.0,458.0,511.0,416.2,94.8,18.55,Moderate (10-25%)
2025-11-09 14:00:00,Shift_2_Evening,BAL_SOUTH_PIT,21.8005,80.1901,17,17,4,12,0.5,7.57,24.7,19.7,69.3,26.7,0.295,19.7,493.4,580.0,517.6,424.7,92.9,17.95,Moderate (10-25%)
2025-11-09 22:00:00,Shift_3_Night,BAL_SOUTH_PIT,21.8005,80.1901,17,18,4,15,0.0,7.95,20.3,4.3,63.9,27.1,0.227,12.5,382.5,449.7,485.3,431.4,53.9,11.11,Moderate (10-25%)
2025-11-10 06:00:00,Shift_1_Morning,BAL_DEEP_LEVEL_3,21.8064,80.1876,25,26,3,13,0.41,7.6,21.9,8.1,63.9,28.7,0.21,2.3,436.9,576.3,523.1,446.1,77.0,14.72,Moderate (10-25%)
2025-11-10 14:00:00,Shift_2_Evening,BAL_SOUTH_PIT,21.8005,80.1901,21,23,3,12,1.32,7.4,22.0,20.2,60.7,22.6,0.289,23.9,255.0,505.5,416.3,316.2,100.1,24.05,Moderate (10-25%)
2025-11-10 22:00:00,Shift_3_Night,BAL_DEEP_LEVEL_3,21.8064,80.1876,18,19,3,16,0.05,7.53,20.4,5.2,63.5,28.9,0.168,4.1,411.5,367.8,417.6,338.9,78.7,18.85,Moderate (10-25%)
2025-11-11 06:00:00,Shift_1_Morning,BAL_NORTH_PIT,21.8121,80.1843,21,22,4,11,0.99,7.59,21.7,8.4,68.9,26.5,0.263,9.3,527.2,486.3,434.4,360.7,73.7,16.97,Moderate (10-25%)
2025-11-11 14:00:00,Shift_2_Evening,BAL_DEEP_LEVEL_3,21.8064,80.1876,24,25,3,11,0.02,8.07,21.7,14.9,69.5,27.4,0.218,12.1,447.7,515.3,503.6,464.4,39.2,7.78,Normal (<10%)
2025-11-11 22:00:00,Shift_3_Night,BAL_NORTH_PIT,21.8121,80.1843,21,21,3,16,0.86,8.19,21.1,2.5,59.7,29.6,0.152,0.0,435.9,451.5,442.8,373.3,69.5,15.7,Moderate (10-25%)
2025-11-12 06:00:00,Shift_1_Morning,BAL_DEEP_LEVEL_3,21.8064,80.1876,20,21,3,13,1.12,7.42,21.2,11.7,65.0,23.8,0.293,17.3,360.2,464.6,456.7,365.7,91.0,19.93,Moderate (10-25%)
2025-11-12 14:00:00,Shift_2_Evening,UKWA_EXTENSION,21.7932,80.2015,22,24,3,15,0.72,7.36,24.5,2.9,56.6,25.2,0.246,10.0,551.7,394.6,480.1,398.5,81.6,17.0,Moderate (10-25%)
2025-11-12 22:00:00,Shift_3_Night,UKWA_EXTENSION,21.7932,80.2015,23,24,4,16,1.02,7.4,19.9,4.5,60.5,27.5,0.218,7.7,515.7,526.5,562.4,489.6,72.8,12.94,Moderate (10-25%)
2025-11-13 06:00:00,Shift_1_Morning,BAL_SOUTH_PIT,21.8005,80.1901,19,20,4,14,0.17,8.07,18.7,7.1,62.8,28.8,0.239,14.4,472.4,502.8,402.8,362.5,40.3,10.0,Normal (<10%)
2025-11-13 14:00:00,Shift_2_Evening,BAL_DEEP_LEVEL_3,21.8064,80.1876,26,26,3,16,1.03,7.55,18.5,12.7,65.6,27.8,0.13,9.2,450.3,461.1,529.9,443.2,86.7,16.36,Moderate (10-25%)
2025-11-13 22:00:00,Shift_3_Night,BAL_DEEP_LEVEL_3,21.8064,80.1876,17,18,3,13,1.08,8.01,19.8,19.5,63.6,25.0,0.257,14.7,501.8,504.6,533.8,497.7,36.1,6.76,Normal (<10%)
2025-11-14 06:00:00,Shift_1_Morning,BAL_NORTH_PIT,21.8121,80.1843,27,27,3,10,0.87,7.89,20.2,1.7,56.6,26.7,0.196,8.3,570.8,424.4,559.7,467.2,92.5,16.53,Moderate (10-25%)
2025-11-14 14:00:00,Shift_2_Evening,BAL_SOUTH_PIT,21.8005,80.1901,22,24,3,14,0.76,8.08,20.2,8.5,68.1,28.7,0.231,8.6,543.6,413.0,586.6,542.8,43.8,7.47,Normal (<10%)
2025-11-14 22:00:00,Shift_3_Night,BAL_DEEP_LEVEL_3,21.8064,80.1876,20,21,3,12,0.57,7.88,20.2,3.1,59.0,23.6,0.123,12.5,437.9,355.5,404.0,332.1,71.9,17.8,Moderate (10-25%)
2025-11-15 06:00:00,Shift_1_Morning,BAL_SOUTH_PIT,21.8005,80.1901,26,26,4,14,0.61,7.62,20.0,0.7,58.0,28.7,0.178,5.8,402.4,403.8,430.8,359.1,71.7,16.64,Moderate (10-25%)
2025-11-15 14:00:00,Shift_2_Evening,UKWA_EXTENSION,21.7932,80.2015,27,27,4,12,0.42,7.79,19.7,2.9,64.3,30.9,0.123,6.6,417.9,536.4,577.2,505.4,71.8,12.44,Moderate (10-25%)
2025-11-15 22:00:00,Shift_3_Night,BAL_DEEP_LEVEL_3,21.8064,80.1876,16,19,4,14,0.69,8.04,20.0,5.4,66.0,26.5,0.215,18.4,399.8,460.8,491.7,443.0,48.7,9.9,Normal (<10%)
2025-11-16 06:00:00,Shift_1_Morning,BAL_DEEP_LEVEL_3,21.8064,80.1876,24,25,4,12,1.69,7.56,20.8,4.1,59.9,27.0,0.134,2.9,493.1,559.5,512.9,418.1,94.8,18.48,Moderate (10-25%)
2025-11-16 14:00:00,Shift_2_Evening,BAL_SOUTH_PIT,21.8005,80.1901,23,24,3,15,0.87,7.45,20.8,3.2,61.4,23.8,0.232,3.0,473.5,461.9,532.6,416.9,115.7,21.72,Moderate (10-25%)
2025-11-16 22:00:00,Shift_3_Night,BAL_DEEP_LEVEL_3,21.8064,80.1876,19,20,3,14,0.63,7.32,24.9,21.6,70.6,19.4,0.316,10.2,357.2,436.4,535.8,432.4,103.4,19.3,Moderate (10-25%)
2025-11-17 06:00:00,Shift_1_Morning,BAL_SOUTH_PIT,21.8005,80.1901,25,27,4,14,1.2,7.94,18.7,9.4,66.4,24.5,0.195,8.5,480.7,519.1,586.3,530.0,56.3,9.6,Normal (<10%)
2025-11-17 14:00:00,Shift_2_Evening,BAL_DEEP_LEVEL_3,21.8064,80.1876,18,18,2,12,0.4,7.39,19.7,1.7,63.1,26.2,0.176,8.1,520.1,473.0,599.4,532.2,67.2,11.21,Moderate (10-25%)
2025-11-17 22:00:00,Shift_3_Night,BAL_NORTH_PIT,21.8121,80.1843,25,25,3,14,0.45,7.36,20.4,3.6,62.9,23.8,0.228,13.1,447.5,580.8,544.0,442.0,102.0,18.75,Moderate (10-25%)
2025-11-18 06:00:00,Shift_1_Morning,BAL_SOUTH_PIT,21.8005,80.1901,21,22,3,14,1.1,7.67,20.6,8.3,59.5,28.4,0.228,11.6,377.3,608.5,457.4,379.5,77.9,17.03,Moderate (10-25%)
2025-11-18 14:00:00,Shift_2_Evening,BAL_DEEP_LEVEL_3,21.8064,80.1876,22,22,4,13,1.02,7.53,20.8,12.3,62.6,26.5,0.254,12.4,447.5,349.8,576.0,500.4,75.6,13.12,Moderate (10-25%)
2025-11-18 22:00:00,Shift_3_Night,UKWA_EXTENSION,21.7932,80.2015,17,18,3,14,0.77,7.54,19.4,3.5,62.4,27.5,0.243,5.9,384.6,359.6,409.8,334.7,75.1,18.33,Moderate (10-25%)
2025-11-19 06:00:00,Shift_1_Morning,BAL_DEEP_LEVEL_3,21.8064,80.1876,23,25,4,12,1.19,7.47,20.7,13.0,60.1,27.3,0.207,8.5,536.2,566.2,446.2,371.9,74.3,16.65,Moderate (10-25%)
2025-11-19 14:00:00,Shift_2_Evening,UKWA_EXTENSION,21.7932,80.2015,25,26,4,12,0.0,7.48,21.8,8.2,58.7,27.3,0.213,12.9,396.9,421.0,579.5,485.5,94.0,16.22,Moderate (10-25%)
2025-11-19 22:00:00,Shift_3_Night,UKWA_EXTENSION,21.7932,80.2015,21,23,3,14,1.22,7.6,19.9,9.0,62.9,26.6,0.212,11.9,519.4,450.1,451.2,341.8,109.4,24.25,Moderate (10-25%)
2025-11-20 06:00:00,Shift_1_Morning,BAL_NORTH_PIT,21.8121,80.1843,17,19,3,16,0.11,7.5,24.4,18.2,72.4,23.3,0.246,17.0,387.1,500.6,444.1,362.8,81.3,18.31,Moderate (10-25%)
2025-11-20 14:00:00,Shift_2_Evening,BAL_SOUTH_PIT,21.8005,80.1901,21,22,4,16,0.9,7.55,22.7,12.8,54.8,27.5,0.255,11.5,423.2,432.8,427.6,344.4,83.2,19.46,Moderate (10-25%)
2025-11-20 22:00:00,Shift_3_Night,BAL_DEEP_LEVEL_3,21.8064,80.1876,22,22,4,16,0.45,7.98,21.0,10.5,62.2,24.9,0.206,14.4,576.2,564.4,571.8,537.6,34.2,5.98,Normal (<10%)
2025-11-21 06:00:00,Shift_1_Morning,BAL_NORTH_PIT,21.8121,80.1843,21,22,3,12,1.23,7.47,20.1,9.5,65.8,25.1,0.211,13.4,477.2,450.1,500.0,400.5,99.5,19.9,Moderate (10-25%)
2025-11-21 14:00:00,Shift_2_Evening,BAL_DEEP_LEVEL_3,21.8064,80.1876,20,23,4,14,0.18,7.86,20.7,5.4,69.5,21.7,0.263,6.7,571.9,427.8,535.0,471.6,63.4,11.85,Moderate (10-25%)
2025-11-21 22:00:00,Shift_3_Night,UKWA_EXTENSION,21.7932,80.2015,23,24,4,14,1.09,7.3,19.4,7.9,72.9,21.4,0.272,8.9,510.2,496.7,447.8,359.0,88.8,19.83,Moderate (10-25%)
2025-11-22 06:00:00,Shift_1_Morning,BAL_SOUTH_PIT,21.8005,80.1901,18,18,4,14,0.46,7.97,20.1,4.9,60.5,28.3,0.158,3.1,454.4,423.4,551.6,493.9,57.7,10.46,Moderate (10-25%)
2025-11-22 14:00:00,Shift_2_Evening,BAL_DEEP_LEVEL_3,21.8064,80.1876,22,23,4,14,0.77,8.01,19.8,8.0,72.8,26.6,0.21,3.7,363.6,337.0,552.0,499.5,52.5,9.51,Normal (<10%)
2025-11-22 22:00:00,Shift_3_Night,BAL_DEEP_LEVEL_3,21.8064,80.1876,25,25,4,12,0.56,7.37,20.0,4.0,64.5,24.2,0.201,3.0,369.9,582.2,462.5,379.7,82.8,17.9,Moderate (10-25%)
2025-11-23 06:00:00,Shift_1_Morning,UKWA_EXTENSION,21.7932,80.2015,18,18,3,16,0.0,8.0,19.9,3.2,66.6,26.2,0.213,8.7,395.8,591.8,482.1,453.6,28.5,5.91,Normal (<10%)
2025-11-23 14:00:00,Shift_2_Evening,BAL_DEEP_LEVEL_3,21.8064,80.1876,21,22,4,10,1.93,8.01,20.6,12.0,58.5,28.4,0.174,12.0,433.9,417.1,441.9,372.7,69.2,15.66,Moderate (10-25%)
2025-11-23 22:00:00,Shift_3_Night,BAL_DEEP_LEVEL_3,21.8064,80.1876,21,21,3,14,0.13,7.78,20.8,9.0,66.6,21.8,0.243,7.6,408.9,527.1,595.3,521.6,73.7,12.38,Moderate (10-25%)
2025-11-24 06:00:00,Shift_1_Morning,UKWA_EXTENSION,21.7932,80.2015,19,20,4,14,0.82,7.41,21.9,19.4,72.2,23.4,0.312,15.6,559.5,512.2,529.1,460.1,69.0,13.04,Moderate (10-25%)
2025-11-24 14:00:00,Shift_2_Evening,BAL_NORTH_PIT,21.8121,80.1843,23,25,3,14,0.04,8.04,22.0,5.9,59.2,28.6,0.121,11.5,514.6,526.1,586.9,538.9,48.0,8.18,Normal (<10%)
2025-11-24 22:00:00,Shift_3_Night,UKWA_EXTENSION,21.7932,80.2015,18,19,4,15,1.16,8.04,22.5,7.4,52.0,28.5,0.279,16.5,496.4,522.8,460.7,401.6,59.1,12.83,Moderate (10-25%)
2025-11-25 06:00:00,Shift_1_Morning,BAL_NORTH_PIT,21.8121,80.1843,20,22,4,14,1.67,7.38,20.2,3.6,62.4,24.5,0.133,6.1,502.0,392.2,556.4,467.3,89.1,16.01,Moderate (10-25%)
2025-11-25 14:00:00,Shift_2_Evening,BAL_SOUTH_PIT,21.8005,80.1901,19,19,3,14,0.25,8.02,21.6,17.6,65.6,23.3,0.278,11.6,493.1,564.9,553.2,516.4,36.8,6.65,Normal (<10%)
2025-11-25 22:00:00,Shift_3_Night,BAL_NORTH_PIT,21.8121,80.1843,22,25,3,12,0.18,8.1,19.6,8.3,68.8,26.9,0.204,8.7,438.3,402.5,538.3,448.2,90.1,16.74,Moderate (10-25%)
2025-11-26 06:00:00,Shift_1_Morning,BAL_NORTH_PIT,21.8121,80.1843,18,18,4,14,0.83,8.08,23.5,10.0,61.2,28.3,0.207,13.2,513.8,602.1,593.1,478.9,114.2,19.25,Moderate (10-25%)
2025-11-26 14:00:00,Shift_2_Evening,BAL_SOUTH_PIT,21.8005,80.1901,19,20,3,15,0.32,7.49,19.8,8.0,59.9,28.8,0.18,5.5,470.9,401.5,478.7,436.0,42.7,8.92,Normal (<10%)
2025-11-26 22:00:00,Shift_3_Night,BAL_NORTH_PIT,21.8121,80.1843,17,18,2,12,1.48,7.95,19.9,2.3,55.8,27.6,0.186,5.5,497.8,366.6,426.1,368.5,57.6,13.52,Moderate (10-25%)
2025-11-27 06:00:00,Shift_1_Morning,UKWA_EXTENSION,21.7932,80.2015,18,19,3,14,1.83,7.44,20.0,10.8,60.7,24.4,0.244,13.2,479.5,567.9,534.3,429.5,104.8,19.61,Moderate (10-25%)
2025-11-27 14:00:00,Shift_2_Evening,BAL_NORTH_PIT,21.8121,80.1843,18,20,3,16,1.07,8.05,22.0,14.2,78.5,27.1,0.224,16.5,422.9,353.1,545.9,422.2,123.7,22.66,Moderate (10-25%)
2025-11-27 22:00:00,Shift_3_Night,BAL_SOUTH_PIT,21.8005,80.1901,23,23,3,12,1.28,8.02,19.8,1.1,54.1,27.2,0.13,1.2,409.5,428.4,515.0,447.9,67.1,13.03,Moderate (10-25%)
2025-11-28 06:00:00,Shift_1_Morning,UKWA_EXTENSION,21.7932,80.2015,24,25,4,14,0.75,8.06,18.9,9.3,55.6,27.1,0.185,6.6,459.0,540.9,441.4,388.5,52.9,11.98,Moderate (10-25%)
2025-11-28 14:00:00,Shift_2_Evening,BAL_SOUTH_PIT,21.8005,80.1901,23,24,4,13,0.82,8.01,21.3,13.3,63.5,25.8,0.217,11.3,400.7,414.4,500.9,426.3,74.6,14.89,Moderate (10-25%)
2025-11-28 22:00:00,Shift_3_Night,BAL_SOUTH_PIT,21.8005,80.1901,20,22,3,12,0.5,7.58,23.1,3.9,71.8,27.5,0.196,2.6,400.6,429.4,462.4,372.2,90.2,19.51,Moderate (10-25%)
2025-11-29 06:00:00,Shift_1_Morning,BAL_DEEP_LEVEL_3,21.8064,80.1876,21,22,4,16,1.06,8.01,22.5,11.4,68.2,25.0,0.189,4.5,347.0,381.4,485.5,397.8,87.7,18.06,Moderate (10-25%)
2025-11-29 14:00:00,Shift_2_Evening,BAL_DEEP_LEVEL_3,21.8064,80.1876,20,21,4,12,0.63,7.58,20.3,17.5,73.5,27.6,0.264,21.2,497.0,567.7,529.0,465.5,63.5,12.0,Moderate (10-25%)
2025-11-29 22:00:00,Shift_3_Night,BAL_SOUTH_PIT,21.8005,80.1901,17,17,3,11,0.0,8.09,21.1,10.6,62.6,26.6,0.258,11.5,494.8,507.4,549.0,527.1,21.9,3.99,Normal (<10%)
2025-11-30 06:00:00,Shift_1_Morning,BAL_SOUTH_PIT,21.8005,80.1901,19,20,4,16,0.89,7.42,19.7,3.8,55.9,23.9,0.257,3.0,411.2,497.7,446.4,368.6,77.8,17.43,Moderate (10-25%)
2025-11-30 14:00:00,Shift_2_Evening,BAL_SOUTH_PIT,21.8005,80.1901,18,18,4,16,0.43,7.82,20.9,2.9,60.6,24.9,0.204,4.7,527.1,420.5,481.1,433.3,47.8,9.94,Normal (<10%)
2025-11-30 22:00:00,Shift_3_Night,BAL_DEEP_LEVEL_3,21.8064,80.1876,21,22,3,14,1.48,8.15,20.7,3.2,62.6,28.0,0.229,9.8,477.5,514.5,453.8,374.1,79.7,17.56,Moderate (10-25%)
2025-12-01 06:00:00,Shift_1_Morning,BAL_DEEP_LEVEL_3,21.8064,80.1876,21,23,3,11,0.99,7.53,20.2,8.8,62.9,25.1,0.13,2.6,368.9,526.5,439.7,367.6,72.1,16.4,Moderate (10-25%)
2025-12-01 14:00:00,Shift_2_Evening,BAL_NORTH_PIT,21.8121,80.1843,17,17,4,14,0.54,7.33,21.2,14.9,63.9,23.1,0.252,14.1,355.9,323.5,556.7,448.1,108.6,19.51,Moderate (10-25%)
2025-12-01 22:00:00,Shift_3_Night,BAL_NORTH_PIT,21.8121,80.1843,23,26,4,16,1.25,7.43,18.2,3.8,64.5,24.4,0.191,11.8,456.4,404.6,581.9,480.6,101.3,17.41,Moderate (10-25%)
2025-12-02 06:00:00,Shift_1_Morning,BAL_SOUTH_PIT,21.8005,80.1901,24,27,3,12,1.1,7.58,20.5,5.1,60.0,26.3,0.237,13.0,511.8,486.9,474.0,433.1,40.9,8.63,Normal (<10%)
2025-12-02 14:00:00,Shift_2_Evening,UKWA_EXTENSION,21.7932,80.2015,20,22,4,12,0.99,7.97,20.7,2.3,56.8,26.4,0.191,1.8,562.2,540.6,550.3,501.5,48.8,8.87,Normal (<10%)
2025-12-02 22:00:00,Shift_3_Night,UKWA_EXTENSION,21.7932,80.2015,23,24,4,12,0.04,7.45,19.0,7.9,57.9,24.5,0.201,5.2,537.5,478.5,579.4,489.3,90.1,15.55,Moderate (10-25%)
2025-12-03 06:00:00,Shift_1_Morning,BAL_DEEP_LEVEL_3,21.8064,80.1876,18,20,4,16,0.47,7.64,17.6,5.3,62.6,28.1,0.153,1.9,494.7,516.3,569.2,507.5,61.7,10.84,Moderate (10-25%)
2025-12-03 14:00:00,Shift_2_Evening,BAL_DEEP_LEVEL_3,21.8064,80.1876,19,20,3,14,0.42,7.4,21.9,11.3,64.5,20.8,0.209,7.0,534.7,394.6,436.6,357.7,78.9,18.07,Moderate (10-25%)
2025-12-03 22:00:00,Shift_3_Night,BAL_DEEP_LEVEL_3,21.8064,80.1876,24,24,4,12,0.16,7.92,20.4,9.7,68.8,24.0,0.231,6.2,475.7,437.8,591.3,505.0,86.3,14.59,Moderate (10-25%)
2025-12-04 06:00:00,Shift_1_Morning,BAL_SOUTH_PIT,21.8005,80.1901,18,20,4,12,1.29,8.02,19.7,6.5,71.5,27.3,0.264,11.2,459.3,565.5,475.3,414.2,61.1,12.86,Moderate (10-25%)
2025-12-04 14:00:00,Shift_2_Evening,UKWA_EXTENSION,21.7932,80.2015,17,17,4,16,1.37,8.04,20.2,7.3,56.3,27.6,0.176,2.9,415.4,401.1,467.8,432.7,35.1,7.5,Normal (<10%)
2025-12-04 22:00:00,Shift_3_Night,BAL_NORTH_PIT,21.8121,80.1843,17,19,3,16,1.25,8.05,20.2,14.7,67.1,24.2,0.308,13.5,384.3,522.0,412.5,353.0,59.5,14.42,Moderate (10-25%)
2025-12-05 06:00:00,Shift_1_Morning,BAL_SOUTH_PIT,21.8005,80.1901,26,27,1,16,0.69,7.59,21.0,2.8,61.3,28.1,0.209,5.4,528.0,357.2,497.2,437.0,60.2,12.11,Moderate (10-25%)
2025-12-05 14:00:00,Shift_2_Evening,BAL_NORTH_PIT,21.8121,80.1843,16,18,4,12,0.08,8.02,21.6,14.1,57.1,26.2,0.21,10.0,514.3,396.3,421.8,395.2,26.6,6.31,Normal (<10%)
2025-12-05 22:00:00,Shift_3_Night,BAL_NORTH_PIT,21.8121,80.1843,23,23,3,13,1.24,7.55,21.7,8.3,61.3,25.1,0.259,5.8,376.5,389.7,449.7,393.0,56.7,12.61,Moderate (10-25%)
2025-12-06 06:00:00,Shift_1_Morning,BAL_SOUTH_PIT,21.8005,80.1901,19,20,3,14,0.43,7.97,21.9,6.7,70.3,26.9,0.18,2.5,424.2,456.3,463.4,422.9,40.5,8.74,Normal (<10%)
2025-12-06 14:00:00,Shift_2_Evening,BAL_NORTH_PIT,21.8121,80.1843,17,18,3,11,1.93,7.51,20.9,3.3,58.1,27.1,0.165,5.5,441.4,610.8,561.8,452.3,109.5,19.49,Moderate (10-25%)
2025-12-06 22:00:00,Shift_3_Night,UKWA_EXTENSION,21.7932,80.2015,17,19,4,14,1.35,7.51,20.3,4.2,59.1,25.7,0.198,11.5,383.7,486.9,575.1,476.0,99.1,17.23,Moderate (10-25%)
2025-12-07 06:00:00,Shift_1_Morning,BAL_NORTH_PIT,21.8121,80.1843,17,18,4,11,0.19,7.52,20.9,9.1,64.7,27.1,0.282,15.6,517.8,508.8,460.5,407.6,52.9,11.49,Moderate (10-25%)
2025-12-07 14:00:00,Shift_2_Evening,UKWA_EXTENSION,21.7932,80.2015,25,25,2,14,0.15,7.58,19.6,5.1,67.7,24.3,0.215,4.8,499.1,522.8,571.7,509.6,62.1,10.86,Moderate (10-25%)
2025-12-07 22:00:00,Shift_3_Night,UKWA_EXTENSION,21.7932,80.2015,26,26,3,12,1.86,7.56,20.7,3.7,60.0,25.9,0.214,9.5,523.1,574.7,571.4,467.8,103.6,18.13,Moderate (10-25%)
2025-12-08 06:00:00,Shift_1_Morning,UKWA_EXTENSION,21.7932,80.2015,16,18,3,14,0.58,8.0,18.0,5.6,62.8,27.1,0.173,4.6,565.6,482.4,552.9,527.8,25.1,4.54,Normal (<10%)
2025-12-08 14:00:00,Shift_2_Evening,BAL_DEEP_LEVEL_3,21.8064,80.1876,19,19,3,14,0.48,7.42,21.7,4.8,52.4,25.5,0.253,4.1,352.9,478.2,429.3,346.4,82.9,19.31,Moderate (10-25%)
2025-12-08 22:00:00,Shift_3_Night,BAL_NORTH_PIT,21.8121,80.1843,21,22,4,14,0.76,7.51,22.9,10.9,67.9,26.9,0.239,8.4,471.8,511.4,538.1,411.2,126.9,23.58,Moderate (10-25%)
2025-12-09 06:00:00,Shift_1_Morning,BAL_SOUTH_PIT,21.8005,80.1901,20,20,3,16,0.3,7.5,21.1,7.4,63.6,23.2,0.173,12.8,508.1,439.1,589.0,471.5,117.5,19.95,Moderate (10-25%)
2025-12-09 14:00:00,Shift_2_Evening,BAL_SOUTH_PIT,21.8005,80.1901,23,26,4,13,1.12,7.52,21.7,7.7,67.5,26.9,0.201,14.0,470.3,413.0,536.5,469.8,66.7,12.43,Moderate (10-25%)
2025-12-09 22:00:00,Shift_3_Night,BAL_NORTH_PIT,21.8121,80.1843,24,26,3,12,0.96,8.22,19.9,4.7,53.4,28.2,0.2,4.8,550.1,398.8,466.3,427.9,38.4,8.24,Normal (<10%)
2025-12-10 06:00:00,Shift_1_Morning,BAL_DEEP_LEVEL_3,21.8064,80.1876,24,26,3,12,0.74,7.95,21.3,6.0,61.3,25.7,0.179,6.1,504.3,414.9,500.1,461.0,39.1,7.82,Normal (<10%)
2025-12-10 14:00:00,Shift_2_Evening,BAL_DEEP_LEVEL_3,21.8064,80.1876,19,20,3,16,0.57,7.54,19.1,7.8,70.1,25.2,0.268,11.3,323.6,364.9,529.1,426.2,102.9,19.45,Moderate (10-25%)
2025-12-10 22:00:00,Shift_3_Night,UKWA_EXTENSION,21.7932,80.2015,21,22,4,14,0.6,7.61,21.2,10.8,61.0,28.1,0.206,3.0,545.8,426.3,502.1,450.7,51.4,10.24,Moderate (10-25%)
2025-12-11 06:00:00,Shift_1_Morning,BAL_NORTH_PIT,21.8121,80.1843,25,26,3,12,0.76,7.51,18.4,7.8,64.5,25.0,0.248,4.6,321.7,471.3,424.0,362.3,61.7,14.55,Moderate (10-25%)
2025-12-11 14:00:00,Shift_2_Evening,BAL_NORTH_PIT,21.8121,80.1843,22,22,4,16,0.12,7.73,19.2,7.9,61.7,30.4,0.218,11.5,546.9,471.4,462.4,451.7,10.7,2.31,Normal (<10%)
2025-12-11 22:00:00,Shift_3_Night,BAL_SOUTH_PIT,21.8005,80.1901,17,18,3,14,0.0,7.96,18.7,6.4,59.9,24.9,0.154,2.1,559.4,463.6,560.5,563.5,0.0,0.0,Normal (<10%)
2025-12-12 06:00:00,Shift_1_Morning,BAL_NORTH_PIT,21.8121,80.1843,19,20,3,11,0.71,8.03,20.7,0.3,65.5,27.4,0.088,0.0,514.2,577.1,572.3,552.6,19.7,3.44,Normal (<10%)
2025-12-12 14:00:00,Shift_2_Evening,BAL_DEEP_LEVEL_3,21.8064,80.1876,24,26,4,14,0.88,7.42,22.1,17.8,59.1,23.4,0.265,18.1,399.7,446.8,427.5,329.9,97.6,22.83,Moderate (10-25%)
2025-12-12 22:00:00,Shift_3_Night,BAL_NORTH_PIT,21.8121,80.1843,19,20,3,14,1.33,7.46,21.0,10.9,64.6,26.3,0.267,15.1,543.4,531.1,590.5,467.6,122.9,20.81,Moderate (10-25%)
2025-12-13 06:00:00,Shift_1_Morning,BAL_SOUTH_PIT,21.8005,80.1901,23,24,4,12,0.23,7.52,21.6,2.9,64.7,27.0,0.261,10.1,416.1,439.1,465.8,390.0,75.8,16.27,Moderate (10-25%)
2025-12-13 14:00:00,Shift_2_Evening,UKWA_EXTENSION,21.7932,80.2015,20,22,3,14,0.89,7.58,20.3,11.8,68.8,26.5,0.223,12.2,483.5,523.7,532.5,452.8,79.7,14.97,Moderate (10-25%)
2025-12-13 22:00:00,Shift_3_Night,BAL_SOUTH_PIT,21.8005,80.1901,27,28,4,12,0.31,7.53,21.6,8.0,63.3,26.7,0.211,10.0,301.2,365.6,550.4,439.3,111.1,20.19,Moderate (10-25%)
2025-12-14 06:00:00,Shift_1_Morning,BAL_SOUTH_PIT,21.8005,80.1901,19,22,4,11,1.72,8.13,22.0,13.1,69.7,27.9,0.232,9.7,553.7,434.4,562.4,507.9,54.5,9.69,Normal (<10%)
2025-12-14 14:00:00,Shift_2_Evening,UKWA_EXTENSION,21.7932,80.2015,16,17,4,12,0.63,7.99,20.8,9.1,65.0,25.2,0.273,13.3,574.8,521.0,589.1,551.8,37.3,6.33,Normal (<10%)
2025-12-14 22:00:00,Shift_3_Night,BAL_SOUTH_PIT,21.8005,80.1901,26,27,4,16,0.43,7.47,19.2,14.6,66.1,22.7,0.251,17.2,407.9,383.4,462.6,388.9,73.7,15.93,Moderate (10-25%)
2025-12-15 06:00:00,Shift_1_Morning,BAL_SOUTH_PIT,21.8005,80.1901,18,19,3,16,2.01,8.27,21.2,8.0,63.5,30.6,0.178,10.2,567.7,511.8,571.7,548.2,23.5,4.11,Normal (<10%)
2025-12-15 14:00:00,Shift_2_Evening,BAL_NORTH_PIT,21.8121,80.1843,19,19,4,14,0.46,8.04,21.1,7.9,67.0,25.8,0.182,10.2,432.8,472.2,426.3,390.2,36.1,8.47,Normal (<10%)
2025-12-15 22:00:00,Shift_3_Night,BAL_NORTH_PIT,21.8121,80.1843,22,24,4,12,1.2,7.93,20.9,15.9,68.8,22.6,0.254,21.5,312.0,305.8,541.0,416.9,124.1,22.94,Moderate (10-25%)
2025-12-16 06:00:00,Shift_1_Morning,UKWA_EXTENSION,21.7932,80.2015,25,26,4,12,0.0,7.43,20.6,7.2,59.0,23.3,0.241,19.5,453.6,492.1,548.4,492.5,55.9,10.19,Moderate (10-25%)
2025-12-16 14:00:00,Shift_2_Evening,BAL_NORTH_PIT,21.8121,80.1843,26,27,3,12,0.77,7.91,21.1,6.8,64.3,25.0,0.216,9.8,433.1,570.3,535.5,473.9,61.6,11.5,Moderate (10-25%)
2025-12-16 22:00:00,Shift_3_Night,BAL_NORTH_PIT,21.8121,80.1843,16,18,4,16,0.47,8.09,20.3,3.2,65.1,28.1,0.189,9.0,435.8,390.2,450.5,406.3,44.2,9.81,Normal (<10%)
2025-12-17 06:00:00,Shift_1_Morning,BAL_SOUTH_PIT,21.8005,80.1901,22,23,3,11,0.1,7.46,20.5,6.1,69.1,24.3,0.161,10.3,538.3,523.7,574.6,490.2,84.4,14.69,Moderate (10-25%)
2025-12-17 14:00:00,Shift_2_Evening,BAL_DEEP_LEVEL_3,21.8064,80.1876,23,24,3,14,0.58,8.01,20.4,4.1,56.6,25.4,0.163,10.0,437.5,376.0,433.8,412.3,21.5,4.96,Normal (<10%)
2025-12-17 22:00:00,Shift_3_Night,BAL_NORTH_PIT,21.8121,80.1843,23,24,3,13,0.38,7.49,21.6,5.8,65.3,28.0,0.234,8.7,401.5,558.8,410.7,374.7,36.0,8.77,Normal (<10%)
2025-12-18 06:00:00,Shift_1_Morning,BAL_DEEP_LEVEL_3,21.8064,80.1876,26,26,4,11,1.45,8.07,21.1,6.9,61.8,27.6,0.212,10.1,541.5,447.4,543.5,475.4,68.1,12.53,Moderate (10-25%)
2025-12-18 14:00:00,Shift_2_Evening,BAL_NORTH_PIT,21.8121,80.1843,19,21,3,14,1.29,7.42,23.4,42.6,74.3,19.3,0.346,35.8,501.3,514.8,495.1,389.1,106.0,21.41,Moderate (10-25%)
2025-12-18 22:00:00,Shift_3_Night,BAL_NORTH_PIT,21.8121,80.1843,24,26,2,14,0.45,7.39,20.9,4.1,57.4,25.3,0.183,6.3,561.7,440.6,569.8,500.4,69.4,12.18,Moderate (10-25%)
2025-12-19 06:00:00,Shift_1_Morning,UKWA_EXTENSION,21.7932,80.2015,19,21,3,14,1.39,8.02,21.5,14.0,64.9,24.6,0.277,6.0,480.2,305.7,476.7,374.8,101.9,21.38,Moderate (10-25%)
2025-12-19 14:00:00,Shift_2_Evening,UKWA_EXTENSION,21.7932,80.2015,21,21,4,12,0.29,8.06,20.7,3.7,65.2,26.4,0.275,7.2,437.6,436.6,433.7,401.0,32.7,7.54,Normal (<10%)
2025-12-19 22:00:00,Shift_3_Night,UKWA_EXTENSION,21.7932,80.2015,24,26,3,12,1.16,7.53,21.4,12.2,59.8,25.6,0.251,11.1,485.6,420.1,567.3,427.1,140.2,24.71,Moderate (10-25%)
2025-12-20 06:00:00,Shift_1_Morning,BAL_DEEP_LEVEL_3,21.8064,80.1876,17,18,4,12,1.61,7.42,18.1,7.3,71.0,25.2,0.25,6.9,472.2,523.0,509.8,420.9,88.9,17.44,Moderate (10-25%)
2025-12-20 14:00:00,Shift_2_Evening,BAL_SOUTH_PIT,21.8005,80.1901,18,20,3,10,0.39,8.07,18.9,9.5,56.2,24.8,0.23,13.6,379.6,417.7,437.8,431.0,6.8,1.55,Normal (<10%)
2025-12-20 22:00:00,Shift_3_Night,BAL_NORTH_PIT,21.8121,80.1843,17,17,4,13,1.06,7.93,20.6,5.0,65.1,23.7,0.187,2.8,480.6,323.6,544.1,450.3,93.8,17.24,Moderate (10-25%)
2025-12-21 06:00:00,Shift_1_Morning,BAL_NORTH_PIT,21.8121,80.1843,17,18,3,12,0.35,7.95,20.4,10.2,52.6,23.1,0.254,14.5,582.5,525.9,502.2,507.0,0.0,0.0,Normal (<10%)
2025-12-21 14:00:00,Shift_2_Evening,BAL_NORTH_PIT,21.8121,80.1843,17,18,3,16,0.71,7.91,20.5,4.6,61.4,25.6,0.222,6.4,535.1,453.1,520.9,509.5,11.4,2.19,Normal (<10%)
2025-12-21 22:00:00,Shift_3_Night,BAL_DEEP_LEVEL_3,21.8064,80.1876,22,24,3,14,0.45,7.63,20.4,3.8,64.4,28.0,0.205,13.6,499.9,549.2,492.2,437.6,54.6,11.09,Moderate (10-25%)
2025-12-22 06:00:00,Shift_1_Morning,UKWA_EXTENSION,21.7932,80.2015,25,26,4,16,0.9,7.56,23.2,12.5,68.6,24.6,0.233,24.6,564.3,538.9,565.7,486.6,79.1,13.98,Moderate (10-25%)
2025-12-22 14:00:00,Shift_2_Evening,BAL_SOUTH_PIT,21.8005,80.1901,21,22,3,12,0.09,7.56,21.4,11.7,64.0,25.6,0.223,17.7,560.8,497.7,565.9,497.8,68.1,12.03,Moderate (10-25%)
2025-12-22 22:00:00,Shift_3_Night,BAL_DEEP_LEVEL_3,21.8064,80.1876,17,18,3,16,0.58,8.12,21.4,20.5,66.7,24.4,0.289,21.7,446.6,378.3,541.9,477.9,64.0,11.81,Moderate (10-25%)
2025-12-23 06:00:00,Shift_1_Morning,UKWA_EXTENSION,21.7932,80.2015,22,24,4,12,0.81,8.28,19.7,7.8,67.4,27.5,0.277,9.1,350.6,518.2,421.1,390.6,30.5,7.24,Normal (<10%)
2025-12-23 14:00:00,Shift_2_Evening,BAL_DEEP_LEVEL_3,21.8064,80.1876,19,20,4,13,0.54,7.33,20.8,18.9,72.4,22.3,0.314,15.8,529.6,511.4,567.8,462.5,105.3,18.55,Moderate (10-25%)
2025-12-23 22:00:00,Shift_3_Night,BAL_SOUTH_PIT,21.8005,80.1901,23,25,3,12,1.36,7.43,19.0,7.0,69.3,24.6,0.196,17.0,387.2,477.1,534.2,430.6,103.6,19.39,Moderate (10-25%)
2025-12-24 06:00:00,Shift_1_Morning,UKWA_EXTENSION,21.7932,80.2015,23,23,4,12,1.34,7.44,19.8,5.8,54.4,27.5,0.138,13.7,505.6,325.9,539.4,443.4,96.0,17.8,Moderate (10-25%)
2025-12-24 14:00:00,Shift_2_Evening,BAL_DEEP_LEVEL_3,21.8064,80.1876,18,18,4,14,0.59,7.41,21.9,11.0,65.3,21.3,0.261,20.3,545.1,384.8,472.6,382.3,90.3,19.11,Moderate (10-25%)
2025-12-24 22:00:00,Shift_3_Night,BAL_SOUTH_PIT,21.8005,80.1901,20,24,4,14,0.71,7.39,22.1,4.5,52.0,25.3,0.223,10.5,410.9,485.0,575.9,485.8,90.1,15.65,Moderate (10-25%)
2025-12-25 06:00:00,Shift_1_Morning,BAL_NORTH_PIT,21.8121,80.1843,26,26,4,12,0.57,7.47,22.1,0.6,54.8,24.6,0.164,5.4,421.1,531.2,545.1,474.3,70.8,12.99,Moderate (10-25%)
2025-12-25 14:00:00,Shift_2_Evening,BAL_SOUTH_PIT,21.8005,80.1901,21,22,3,12,0.94,7.88,19.3,4.2,58.3,27.7,0.157,10.7,378.6,431.5,422.5,387.3,35.2,8.33,Normal (<10%)
2025-12-25 22:00:00,Shift_3_Night,BAL_NORTH_PIT,21.8121,80.1843,25,27,4,17,1.5,7.53,20.6,9.3,66.8,24.2,0.152,14.0,500.5,461.2,481.6,386.9,94.7,19.66,Moderate (10-25%)
2025-12-26 06:00:00,Shift_1_Morning,BAL_DEEP_LEVEL_3,21.8064,80.1876,22,23,3,16,0.0,7.51,20.8,12.6,60.9,27.9,0.182,10.3,421.6,425.5,577.3,509.9,67.4,11.68,Moderate (10-25%)
2025-12-26 14:00:00,Shift_2_Evening,UKWA_EXTENSION,21.7932,80.2015,21,22,3,15,0.43,7.55,19.6,2.6,60.3,27.2,0.175,9.7,381.2,500.9,409.4,383.1,26.3,6.42,Normal (<10%)
2025-12-26 22:00:00,Shift_3_Night,UKWA_EXTENSION,21.7932,80.2015,24,26,4,12,1.88,7.55,19.2,6.8,65.0,26.0,0.185,16.9,381.6,465.2,592.3,473.0,119.3,20.14,Moderate (10-25%)
2025-12-27 06:00:00,Shift_1_Morning,BAL_DEEP_LEVEL_3,21.8064,80.1876,26,26,3,16,1.45,7.56,22.2,14.0,63.5,25.6,0.252,12.7,583.8,403.6,535.8,448.0,87.8,16.39,Moderate (10-25%)
2025-12-27 14:00:00,Shift_2_Evening,UKWA_EXTENSION,21.7932,80.2015,21,22,3,13,0.91,7.46,19.9,7.7,53.7,24.1,0.205,10.1,439.2,432.4,526.3,451.8,74.5,14.16,Moderate (10-25%)
2025-12-27 22:00:00,Shift_3_Night,UKWA_EXTENSION,21.7932,80.2015,17,20,4,11,0.76,7.71,22.7,23.3,65.0,27.3,0.336,20.4,480.6,376.3,454.1,342.4,111.7,24.6,Moderate (10-25%)
2025-12-28 06:00:00,Shift_1_Morning,BAL_NORTH_PIT,21.8121,80.1843,17,18,3,16,1.15,8.02,18.2,9.7,63.2,26.7,0.232,5.6,520.1,560.5,449.8,393.0,56.8,12.63,Moderate (10-25%)
2025-12-28 14:00:00,Shift_2_Evening,BAL_DEEP_LEVEL_3,21.8064,80.1876,17,18,3,12,0.38,7.31,21.7,12.0,66.8,22.2,0.254,9.0,388.8,467.5,588.4,469.0,119.4,20.29,Moderate (10-25%)
2025-12-28 22:00:00,Shift_3_Night,BAL_SOUTH_PIT,21.8005,80.1901,22,24,4,14,0.0,7.9,20.9,3.8,60.0,25.6,0.142,2.5,477.3,435.0,459.7,414.0,45.7,9.94,Normal (<10%)
2025-12-29 06:00:00,Shift_1_Morning,BAL_NORTH_PIT,21.8121,80.1843,25,26,4,14,1.15,7.83,18.8,6.9,64.5,25.7,0.166,13.3,449.3,458.8,555.1,488.5,66.6,12.0,Moderate (10-25%)
2025-12-29 14:00:00,Shift_2_Evening,BAL_DEEP_LEVEL_3,21.8064,80.1876,21,22,4,14,0.82,8.0,19.4,2.3,65.5,27.4,0.151,5.2,527.5,471.0,478.6,441.7,36.9,7.71,Normal (<10%)
2025-12-29 22:00:00,Shift_3_Night,BAL_NORTH_PIT,21.8121,80.1843,21,22,2,15,1.56,7.49,20.0,2.8,67.4,25.0,0.205,21.5,472.6,475.2,427.9,326.3,101.6,23.74,Moderate (10-25%)
2025-12-30 06:00:00,Shift_1_Morning,BAL_SOUTH_PIT,21.8005,80.1901,20,22,4,15,0.45,7.45,21.6,22.8,67.6,23.9,0.291,17.2,437.6,380.6,402.1,343.1,59.0,14.67,Moderate (10-25%)
2025-12-30 14:00:00,Shift_2_Evening,BAL_SOUTH_PIT,21.8005,80.1901,16,17,3,12,0.35,7.7,20.0,2.1,55.5,29.3,0.143,3.6,430.5,491.7,508.9,457.1,51.8,10.18,Moderate (10-25%)
2025-12-30 22:00:00,Shift_3_Night,BAL_DEEP_LEVEL_3,21.8064,80.1876,24,24,3,14,0.26,7.55,22.7,4.5,56.3,26.3,0.182,7.5,483.1,549.0,595.2,522.3,72.9,12.25,Moderate (10-25%)
2025-12-31 06:00:00,Shift_1_Morning,BAL_SOUTH_PIT,21.8005,80.1901,22,24,4,14,1.36,7.57,19.7,8.0,55.9,28.2,0.143,3.1,522.6,527.5,473.8,414.5,59.3,12.52,Moderate (10-25%)
2025-12-31 14:00:00,Shift_2_Evening,BAL_NORTH_PIT,21.8121,80.1843,20,21,3,14,0.19,7.41,22.3,3.8,58.3,23.1,0.226,14.6,380.7,521.8,471.4,374.4,97.0,20.58,Moderate (10-25%)
2025-12-31 22:00:00,Shift_3_Night,BAL_SOUTH_PIT,21.8005,80.1901,21,23,3,12,0.6,7.4,20.5,7.6,65.4,23.5,0.251,5.4,560.9,550.8,468.8,405.3,63.5,13.55,Moderate (10-25%)
2026-01-01 06:00:00,Shift_1_Morning,BAL_NORTH_PIT,21.8121,80.1843,21,21,3,16,1.41,7.5,18.9,5.9,73.2,26.8,0.239,2.1,489.5,448.3,504.1,405.2,98.9,19.62,Moderate (10-25%)
2026-01-01 14:00:00,Shift_2_Evening,BAL_NORTH_PIT,21.8121,80.1843,22,22,3,13,1.07,7.52,21.0,3.8,63.7,29.2,0.185,13.0,425.3,361.9,488.1,367.4,120.7,24.73,Moderate (10-25%)
2026-01-01 22:00:00,Shift_3_Night,BAL_SOUTH_PIT,21.8005,80.1901,23,25,3,14,0.66,7.31,22.6,5.8,62.9,24.5,0.233,3.5,527.9,386.6,576.0,471.6,104.4,18.12,Moderate (10-25%)
2026-01-02 06:00:00,Shift_1_Morning,BAL_DEEP_LEVEL_3,21.8064,80.1876,26,26,4,14,1.41,7.98,20.4,8.7,69.0,23.8,0.276,8.0,522.1,487.6,501.1,479.6,21.5,4.29,Normal (<10%)
2026-01-02 14:00:00,Shift_2_Evening,UKWA_EXTENSION,21.7932,80.2015,23,24,4,16,0.43,7.5,19.7,6.9,59.2,25.0,0.201,13.6,317.8,488.5,501.6,410.8,90.8,18.1,Moderate (10-25%)
2026-01-02 22:00:00,Shift_3_Night,BAL_SOUTH_PIT,21.8005,80.1901,20,21,3,16,0.48,7.48,19.6,1.5,67.1,28.7,0.233,5.3,461.4,604.8,427.7,352.3,75.4,17.63,Moderate (10-25%)
2026-01-03 06:00:00,Shift_1_Morning,BAL_NORTH_PIT,21.8121,80.1843,18,20,3,12,0.3,7.42,17.8,8.4,67.2,24.6,0.174,7.5,455.8,568.5,596.5,531.4,65.1,10.91,Moderate (10-25%)
2026-01-03 14:00:00,Shift_2_Evening,BAL_NORTH_PIT,21.8121,80.1843,27,27,3,12,1.65,7.95,18.7,3.9,62.8,24.2,0.182,9.6,400.1,468.6,450.0,379.6,70.4,15.64,Moderate (10-25%)
2026-01-03 22:00:00,Shift_3_Night,BAL_SOUTH_PIT,21.8005,80.1901,20,20,3,16,0.11,7.48,21.9,5.5,73.7,24.7,0.242,3.6,368.9,419.5,414.7,355.0,59.7,14.4,Moderate (10-25%)
2026-01-04 06:00:00,Shift_1_Morning,BAL_DEEP_LEVEL_3,21.8064,80.1876,17,18,3,13,0.24,7.51,20.6,10.5,70.0,26.9,0.216,1.8,507.3,487.3,532.6,479.4,53.2,9.99,Normal (<10%)
2026-01-04 14:00:00,Shift_2_Evening,BAL_DEEP_LEVEL_3,21.8064,80.1876,21,22,3,14,0.61,8.06,21.2,5.0,63.8,27.4,0.246,11.8,591.9,507.7,519.1,476.1,43.0,8.28,Normal (<10%)
2026-01-04 22:00:00,Shift_3_Night,BAL_NORTH_PIT,21.8121,80.1843,20,20,3,14,0.56,7.61,21.3,0.3,61.8,29.3,0.223,7.3,421.5,551.1,483.0,424.8,58.2,12.05,Moderate (10-25%)
2026-01-05 06:00:00,Shift_1_Morning,BAL_NORTH_PIT,21.8121,80.1843,22,22,4,16,0.24,7.97,16.9,6.3,60.6,26.3,0.182,3.9,449.8,399.9,484.4,450.5,33.9,7.0,Normal (<10%)
2026-01-05 14:00:00,Shift_2_Evening,BAL_DEEP_LEVEL_3,21.8064,80.1876,21,23,4,13,0.86,7.95,19.6,5.2,61.2,25.2,0.155,3.8,526.0,601.7,557.0,470.3,86.7,15.57,Moderate (10-25%)
2026-01-05 22:00:00,Shift_3_Night,UKWA_EXTENSION,21.7932,80.2015,17,18,4,14,0.85,8.04,21.3,11.7,65.2,24.0,0.249,12.0,377.7,411.5,439.1,372.7,66.4,15.12,Moderate (10-25%)
2026-01-06 06:00:00,Shift_1_Morning,BAL_SOUTH_PIT,21.8005,80.1901,26,26,3,14,0.85,8.06,22.7,12.0,63.7,25.5,0.279,22.7,582.0,571.0,564.1,495.5,68.6,12.16,Moderate (10-25%)
2026-01-06 14:00:00,Shift_2_Evening,BAL_NORTH_PIT,21.8121,80.1843,20,22,4,15,0.47,7.46,20.4,17.5,64.8,24.7,0.24,16.3,434.0,474.6,529.7,417.4,112.3,21.2,Moderate (10-25%)
2026-01-06 22:00:00,Shift_3_Night,BAL_NORTH_PIT,21.8121,80.1843,24,26,2,12,1.27,8.08,20.2,11.8,58.6,25.8,0.233,16.6,460.7,456.6,483.8,401.9,81.9,16.93,Moderate (10-25%)
2026-01-07 06:00:00,Shift_1_Morning,BAL_DEEP_LEVEL_3,21.8064,80.1876,21,23,3,14,0.1,8.1,22.4,7.5,60.3,29.3,0.2,13.0,502.3,584.4,491.6,472.6,19.0,3.86,Normal (<10%)
2026-01-07 14:00:00,Shift_2_Evening,BAL_SOUTH_PIT,21.8005,80.1901,18,18,4,15,0.73,7.63,19.2,8.3,55.8,27.4,0.209,6.7,424.5,400.7,451.3,390.8,60.5,13.41,Moderate (10-25%)
2026-01-07 22:00:00,Shift_3_Night,BAL_DEEP_LEVEL_3,21.8064,80.1876,24,24,3,15,0.0,7.68,22.6,6.1,66.2,26.8,0.255,4.4,387.8,475.7,550.4,439.8,110.6,20.09,Moderate (10-25%)
2026-01-08 06:00:00,Shift_1_Morning,BAL_SOUTH_PIT,21.8005,80.1901,16,17,3,14,0.65,7.41,19.8,8.3,63.4,25.2,0.207,4.3,367.1,570.8,502.6,402.9,99.7,19.84,Moderate (10-25%)
2026-01-08 14:00:00,Shift_2_Evening,BAL_SOUTH_PIT,21.8005,80.1901,18,19,4,16,0.75,8.0,21.0,8.3,63.4,27.1,0.231,14.1,466.1,461.3,464.2,418.3,45.9,9.89,Normal (<10%)
2026-01-08 22:00:00,Shift_3_Night,BAL_SOUTH_PIT,21.8005,80.1901,18,19,3,15,0.87,7.5,20.1,0.0,66.0,29.0,0.182,7.7,384.7,400.0,519.2,430.7,88.5,17.05,Moderate (10-25%)
2026-01-09 06:00:00,Shift_1_Morning,BAL_NORTH_PIT,21.8121,80.1843,21,22,3,12,0.46,7.99,20.7,14.2,59.5,24.2,0.161,18.1,507.2,567.4,599.1,544.6,54.5,9.1,Normal (<10%)
2026-01-09 14:00:00,Shift_2_Evening,UKWA_EXTENSION,21.7932,80.2015,24,26,4,12,0.59,7.94,25.3,7.2,61.8,26.5,0.263,5.4,592.4,407.3,487.1,448.3,38.8,7.97,Normal (<10%)
2026-01-09 22:00:00,Shift_3_Night,BAL_DEEP_LEVEL_3,21.8064,80.1876,23,25,3,10,2.06,7.35,20.8,4.8,55.5,24.8,0.192,15.6,473.7,481.0,584.1,465.8,118.3,20.25,Moderate (10-25%)
2026-01-10 06:00:00,Shift_1_Morning,UKWA_EXTENSION,21.7932,80.2015,26,26,3,16,0.89,7.51,21.4,3.1,68.1,26.0,0.225,5.3,380.7,430.2,469.0,370.1,98.9,21.09,Moderate (10-25%)
2026-01-10 14:00:00,Shift_2_Evening,BAL_DEEP_LEVEL_3,21.8064,80.1876,25,26,3,14,0.31,7.42,19.0,4.9,64.3,26.9,0.11,10.0,426.4,509.8,410.9,343.4,67.5,16.43,Moderate (10-25%)
2026-01-10 22:00:00,Shift_3_Night,BAL_SOUTH_PIT,21.8005,80.1901,17,18,4,14,1.68,7.51,19.6,8.1,71.7,27.3,0.289,2.0,503.7,515.9,440.8,363.7,77.1,17.49,Moderate (10-25%)
2026-01-11 06:00:00,Shift_1_Morning,BAL_NORTH_PIT,21.8121,80.1843,22,22,4,12,0.98,7.42,20.4,5.5,70.5,23.3,0.208,6.4,569.2,400.6,483.7,373.2,110.5,22.84,Moderate (10-25%)
2026-01-11 14:00:00,Shift_2_Evening,UKWA_EXTENSION,21.7932,80.2015,25,26,2,14,1.21,7.39,23.6,15.6,62.0,23.7,0.18,19.2,522.3,476.5,443.9,355.1,88.8,20.0,Moderate (10-25%)
2026-01-11 22:00:00,Shift_3_Night,BAL_NORTH_PIT,21.8121,80.1843,20,22,3,16,0.39,8.02,19.5,4.9,57.9,27.1,0.13,0.5,510.8,470.9,400.0,359.2,40.8,10.2,Moderate (10-25%)
2026-01-12 06:00:00,Shift_1_Morning,BAL_DEEP_LEVEL_3,21.8064,80.1876,19,21,3,11,0.37,8.02,20.8,6.4,53.2,28.2,0.146,8.1,400.1,365.7,583.0,539.2,43.8,7.51,Normal (<10%)
2026-01-12 14:00:00,Shift_2_Evening,BAL_NORTH_PIT,21.8121,80.1843,25,26,3,12,0.41,7.56,19.4,9.4,57.9,29.1,0.164,8.1,592.5,422.4,568.8,474.2,94.6,16.63,Moderate (10-25%)
2026-01-12 22:00:00,Shift_3_Night,BAL_NORTH_PIT,21.8121,80.1843,20,21,2,15,0.32,8.22,20.3,6.7,60.6,30.4,0.162,11.3,464.3,514.9,548.5,530.4,18.1,3.3,Normal (<10%)
2026-01-13 06:00:00,Shift_1_Morning,UKWA_EXTENSION,21.7932,80.2015,19,19,3,15,0.4,8.03,21.7,4.9,52.9,27.0,0.204,10.4,495.6,450.0,433.6,368.5,65.1,15.01,Moderate (10-25%)
2026-01-13 14:00:00,Shift_2_Evening,BAL_SOUTH_PIT,21.8005,80.1901,22,22,3,12,1.04,8.05,18.1,7.8,58.2,27.9,0.233,17.5,402.3,524.7,424.1,372.4,51.7,12.19,Moderate (10-25%)
2026-01-13 22:00:00,Shift_3_Night,BAL_NORTH_PIT,21.8121,80.1843,27,27,3,11,0.0,7.89,20.8,9.0,63.9,24.1,0.247,17.5,486.4,318.3,413.5,378.4,35.1,8.49,Normal (<10%)
2026-01-14 06:00:00,Shift_1_Morning,BAL_SOUTH_PIT,21.8005,80.1901,20,21,3,14,1.19,7.87,21.6,4.8,67.5,21.9,0.248,9.0,526.3,460.1,544.8,494.1,50.7,9.31,Normal (<10%)
2026-01-14 14:00:00,Shift_2_Evening,BAL_DEEP_LEVEL_3,21.8064,80.1876,20,22,4,12,1.34,8.16,20.1,8.9,60.1,29.4,0.212,4.2,361.6,379.2,585.8,523.3,62.5,10.67,Moderate (10-25%)
2026-01-14 22:00:00,Shift_3_Night,BAL_NORTH_PIT,21.8121,80.1843,23,26,4,16,0.69,7.41,21.0,6.4,62.6,26.8,0.144,0.8,464.8,547.3,486.1,425.0,61.1,12.57,Moderate (10-25%)
2026-01-15 06:00:00,Shift_1_Morning,UKWA_EXTENSION,21.7932,80.2015,18,19,4,12,0.93,7.4,20.1,8.3,71.9,26.1,0.23,13.6,457.5,535.7,423.8,361.2,62.6,14.77,Moderate (10-25%)
2026-01-15 14:00:00,Shift_2_Evening,BAL_DEEP_LEVEL_3,21.8064,80.1876,26,27,3,11,0.05,7.5,18.4,3.2,51.9,26.5,0.129,3.1,441.0,464.1,502.5,459.5,43.0,8.56,Normal (<10%)
2026-01-15 22:00:00,Shift_3_Night,BAL_DEEP_LEVEL_3,21.8064,80.1876,20,20,3,14,1.01,7.99,20.8,4.5,67.1,27.6,0.133,3.0,448.2,457.4,469.8,404.6,65.2,13.88,Moderate (10-25%)
2026-01-16 06:00:00,Shift_1_Morning,UKWA_EXTENSION,21.7932,80.2015,21,21,3,14,2.28,7.41,22.3,12.2,68.2,25.4,0.297,0.2,433.0,525.8,475.0,357.0,118.0,24.84,Moderate (10-25%)
2026-01-16 14:00:00,Shift_2_Evening,BAL_NORTH_PIT,21.8121,80.1843,22,22,3,13,1.3,7.47,20.6,12.9,70.4,28.2,0.173,12.0,494.1,376.5,524.3,441.2,83.1,15.85,Moderate (10-25%)
2026-01-16 22:00:00,Shift_3_Night,BAL_NORTH_PIT,21.8121,80.1843,23,25,3,12,0.13,7.62,21.2,3.9,68.3,28.8,0.235,3.2,562.6,404.6,543.7,508.3,35.4,6.51,Normal (<10%)
2026-01-17 06:00:00,Shift_1_Morning,BAL_DEEP_LEVEL_3,21.8064,80.1876,18,19,2,14,0.59,7.92,22.6,3.1,57.9,27.5,0.142,0.0,459.3,525.8,422.1,375.0,47.1,11.16,Moderate (10-25%)
2026-01-17 14:00:00,Shift_2_Evening,BAL_NORTH_PIT,21.8121,80.1843,18,20,3,16,0.63,7.36,19.3,7.6,62.4,23.6,0.188,10.1,421.0,336.2,407.1,328.3,78.8,19.36,Moderate (10-25%)
2026-01-17 22:00:00,Shift_3_Night,BAL_SOUTH_PIT,21.8005,80.1901,19,19,3,14,0.0,8.09,19.3,5.3,55.9,26.9,0.23,1.1,515.6,561.5,598.9,571.4,27.5,4.59,Normal (<10%)
2026-01-18 06:00:00,Shift_1_Morning,UKWA_EXTENSION,21.7932,80.2015,22,23,4,13,0.81,7.55,21.3,6.8,61.5,28.2,0.23,13.8,502.3,501.8,446.5,368.6,77.9,17.45,Moderate (10-25%)
2026-01-18 14:00:00,Shift_2_Evening,BAL_SOUTH_PIT,21.8005,80.1901,24,24,4,16,0.81,7.44,19.9,8.5,62.6,23.4,0.162,9.4,534.8,494.4,410.8,356.7,54.1,13.17,Moderate (10-25%)
2026-01-18 22:00:00,Shift_3_Night,BAL_NORTH_PIT,21.8121,80.1843,16,17,3,14,0.55,7.34,22.2,0.0,62.7,25.3,0.192,2.9,511.0,473.4,438.0,387.0,51.0,11.64,Moderate (10-25%)
2026-01-19 06:00:00,Shift_1_Morning,BAL_DEEP_LEVEL_3,21.8064,80.1876,24,24,4,12,0.52,7.93,22.1,10.4,69.4,25.9,0.252,14.7,355.1,451.5,407.8,361.0,46.8,11.48,Moderate (10-25%)
2026-01-19 14:00:00,Shift_2_Evening,UKWA_EXTENSION,21.7932,80.2015,18,19,4,14,1.28,7.99,21.2,14.0,74.1,25.5,0.287,7.9,400.5,456.0,478.4,408.9,69.5,14.53,Moderate (10-25%)
2026-01-19 22:00:00,Shift_3_Night,BAL_NORTH_PIT,21.8121,80.1843,25,26,3,16,0.18,8.12,18.5,9.3,60.6,29.3,0.191,9.5,410.9,471.0,560.5,563.9,0.0,0.0,Normal (<10%)
2026-01-20 06:00:00,Shift_1_Morning,BAL_NORTH_PIT,21.8121,80.1843,17,17,3,14,0.12,7.9,21.7,1.4,67.2,25.5,0.161,0.0,430.6,519.7,468.2,425.3,42.9,9.16,Normal (<10%)
2026-01-20 14:00:00,Shift_2_Evening,BAL_DEEP_LEVEL_3,21.8064,80.1876,17,18,4,14,1.58,7.99,19.1,12.2,64.9,25.5,0.187,3.7,500.1,415.8,488.8,452.0,36.8,7.53,Normal (<10%)
2026-01-20 22:00:00,Shift_3_Night,BAL_DEEP_LEVEL_3,21.8064,80.1876,18,19,4,14,0.43,7.57,20.6,8.7,57.5,30.1,0.225,20.1,502.4,416.3,535.1,436.3,98.8,18.46,Moderate (10-25%)
2026-01-21 06:00:00,Shift_1_Morning,BAL_SOUTH_PIT,21.8005,80.1901,21,22,4,11,1.59,7.26,21.9,9.7,63.5,23.9,0.264,4.8,505.1,416.1,501.8,397.1,104.7,20.86,Moderate (10-25%)
2026-01-21 14:00:00,Shift_2_Evening,UKWA_EXTENSION,21.7932,80.2015,19,20,4,16,0.7,8.1,19.6,7.2,64.5,28.7,0.201,0.1,606.1,581.1,572.3,537.9,34.4,6.01,Normal (<10%)
2026-01-21 22:00:00,Shift_3_Night,UKWA_EXTENSION,21.7932,80.2015,19,20,4,14,1.32,7.88,19.9,7.6,58.5,25.1,0.178,0.0,458.3,390.9,573.2,477.1,96.1,16.77,Moderate (10-25%)
2026-01-22 06:00:00,Shift_1_Morning,BAL_DEEP_LEVEL_3,21.8064,80.1876,26,27,3,12,0.87,7.53,19.3,9.4,58.4,26.1,0.237,15.4,501.1,399.8,402.0,334.9,67.1,16.69,Moderate (10-25%)
2026-01-22 14:00:00,Shift_2_Evening,BAL_SOUTH_PIT,21.8005,80.1901,17,18,4,16,0.62,8.02,21.7,17.7,61.8,26.5,0.312,5.2,389.0,392.8,555.6,484.5,71.1,12.8,Moderate (10-25%)
2026-01-22 22:00:00,Shift_3_Night,UKWA_EXTENSION,21.7932,80.2015,19,19,4,15,1.07,7.61,22.4,7.5,61.6,27.4,0.233,11.9,438.6,526.6,492.1,406.1,86.0,17.48,Moderate (10-25%)
2026-01-23 06:00:00,Shift_1_Morning,BAL_DEEP_LEVEL_3,21.8064,80.1876,17,19,4,12,0.8,8.06,20.4,12.6,62.0,26.1,0.284,21.5,483.8,572.1,597.8,500.4,97.4,16.29,Moderate (10-25%)
2026-01-23 14:00:00,Shift_2_Evening,BAL_NORTH_PIT,21.8121,80.1843,22,24,3,12,0.49,7.26,20.5,13.6,72.6,21.9,0.305,15.1,465.1,419.5,496.6,400.7,95.9,19.31,Moderate (10-25%)
2026-01-23 22:00:00,Shift_3_Night,UKWA_EXTENSION,21.7932,80.2015,21,23,2,15,0.17,7.92,19.4,5.7,49.4,26.6,0.158,7.7,411.3,437.4,597.4,528.3,69.1,11.57,Moderate (10-25%)
2026-01-24 06:00:00,Shift_1_Morning,BAL_SOUTH_PIT,21.8005,80.1901,21,21,4,14,0.75,8.01,20.1,6.9,64.7,28.3,0.276,10.4,442.5,488.5,550.9,470.4,80.5,14.61,Moderate (10-25%)
2026-01-24 14:00:00,Shift_2_Evening,BAL_SOUTH_PIT,21.8005,80.1901,21,22,4,12,0.26,7.48,21.1,8.6,66.2,24.5,0.242,8.2,414.0,352.6,449.7,380.1,69.6,15.48,Moderate (10-25%)
2026-01-24 22:00:00,Shift_3_Night,BAL_SOUTH_PIT,21.8005,80.1901,20,20,3,12,0.88,7.55,21.0,11.9,60.6,26.3,0.221,8.6,409.7,486.0,507.7,440.2,67.5,13.3,Moderate (10-25%)
2026-01-25 06:00:00,Shift_1_Morning,BAL_NORTH_PIT,21.8121,80.1843,19,20,3,12,0.2,8.08,19.1,5.1,61.2,30.7,0.144,8.1,355.9,416.6,598.4,559.1,39.3,6.57,Normal (<10%)
2026-01-25 14:00:00,Shift_2_Evening,UKWA_EXTENSION,21.7932,80.2015,25,26,2,12,0.66,8.06,19.8,2.9,59.6,29.4,0.147,10.8,512.6,480.3,571.5,571.9,0.0,0.0,Normal (<10%)
2026-01-25 22:00:00,Shift_3_Night,UKWA_EXTENSION,21.7932,80.2015,19,20,4,12,1.76,7.48,23.1,6.9,62.7,26.1,0.155,10.7,362.3,380.3,419.5,301.6,117.9,28.1,Critical (>25%)
2026-01-26 06:00:00,Shift_1_Morning,BAL_NORTH_PIT,21.8121,80.1843,24,25,4,12,0.91,7.82,19.5,3.0,65.7,25.0,0.233,6.2,442.9,396.1,541.3,452.5,88.8,16.4,Moderate (10-25%)
2026-01-26 14:00:00,Shift_2_Evening,UKWA_EXTENSION,21.7932,80.2015,23,24,3,14,1.82,7.45,20.4,5.9,66.0,25.7,0.175,7.3,369.0,396.7,469.1,362.3,106.8,22.77,Moderate (10-25%)
2026-01-26 22:00:00,Shift_3_Night,BAL_NORTH_PIT,21.8121,80.1843,17,18,4,13,1.55,7.54,23.7,13.8,63.2,27.6,0.266,21.3,409.8,417.2,401.4,307.9,93.5,23.29,Moderate (10-25%)
2026-01-27 06:00:00,Shift_1_Morning,BAL_NORTH_PIT,21.8121,80.1843,20,20,2,14,1.01,7.89,19.2,10.7,56.0,26.0,0.171,3.9,491.5,463.5,480.7,426.2,54.5,11.34,Moderate (10-25%)
2026-01-27 14:00:00,Shift_2_Evening,BAL_NORTH_PIT,21.8121,80.1843,16,17,4,14,0.78,7.56,20.5,6.8,63.2,26.7,0.14,9.3,379.7,403.2,447.0,382.2,64.8,14.5,Moderate (10-25%)
2026-01-27 22:00:00,Shift_3_Night,BAL_SOUTH_PIT,21.8005,80.1901,17,18,4,16,0.19,7.59,19.5,5.7,58.4,28.9,0.185,9.1,481.0,524.2,563.8,498.9,64.9,11.51,Moderate (10-25%)
2026-01-28 06:00:00,Shift_1_Morning,UKWA_EXTENSION,21.7932,80.2015,20,21,3,16,1.41,8.01,19.6,5.8,60.2,27.5,0.181,14.8,473.5,431.0,467.5,424.3,43.2,9.24,Normal (<10%)
2026-01-28 14:00:00,Shift_2_Evening,BAL_NORTH_PIT,21.8121,80.1843,26,26,3,15,0.09,7.19,19.7,6.1,63.3,22.9,0.225,10.1,416.4,551.1,565.5,459.4,106.1,18.76,Moderate (10-25%)
2026-01-28 22:00:00,Shift_3_Night,UKWA_EXTENSION,21.7932,80.2015,23,23,2,11,1.21,7.37,19.5,7.5,61.0,25.1,0.236,8.6,333.1,377.2,400.1,306.2,93.9,23.47,Moderate (10-25%)
2026-01-29 06:00:00,Shift_1_Morning,BAL_SOUTH_PIT,21.8005,80.1901,23,24,4,12,0.28,7.69,19.6,10.5,65.8,29.4,0.229,0.0,553.6,500.6,461.6,402.4,59.2,12.82,Moderate (10-25%)
2026-01-29 14:00:00,Shift_2_Evening,BAL_NORTH_PIT,21.8121,80.1843,21,22,3,12,0.38,7.45,16.8,4.4,73.6,26.8,0.104,6.4,402.8,400.7,448.2,330.5,117.7,26.26,Critical (>25%)
2026-01-29 22:00:00,Shift_3_Night,BAL_DEEP_LEVEL_3,21.8064,80.1876,27,27,3,16,1.57,7.8,22.4,5.9,65.9,22.9,0.182,1.6,459.9,549.7,446.7,347.1,99.6,22.3,Moderate (10-25%)
2026-01-30 06:00:00,Shift_1_Morning,BAL_SOUTH_PIT,21.8005,80.1901,21,23,3,14,0.52,7.62,23.6,7.9,70.6,27.2,0.29,7.6,415.4,391.3,413.6,357.9,55.7,13.47,Moderate (10-25%)
2026-01-30 14:00:00,Shift_2_Evening,BAL_DEEP_LEVEL_3,21.8064,80.1876,21,22,3,12,0.06,8.0,19.8,7.5,66.0,26.0,0.227,4.2,531.9,535.1,437.4,435.0,2.4,0.55,Normal (<10%)
2026-01-30 22:00:00,Shift_3_Night,UKWA_EXTENSION,21.7932,80.2015,26,27,4,16,0.8,7.61,20.3,6.1,63.1,28.5,0.19,9.8,450.1,448.1,511.1,409.5,101.6,19.88,Moderate (10-25%)
2026-01-31 06:00:00,Shift_1_Morning,UKWA_EXTENSION,21.7932,80.2015,20,20,3,12,0.61,8.03,23.5,7.1,66.0,26.3,0.2,4.5,502.2,501.8,458.3,429.5,28.8,6.28,Normal (<10%)
2026-01-31 14:00:00,Shift_2_Evening,BAL_SOUTH_PIT,21.8005,80.1901,17,19,4,14,0.53,7.55,19.2,13.0,67.2,27.5,0.259,12.3,388.8,365.5,483.5,365.6,117.9,24.38,Moderate (10-25%)
2026-01-31 22:00:00,Shift_3_Night,UKWA_EXTENSION,21.7932,80.2015,17,18,3,14,1.46,8.04,19.3,7.2,66.8,26.2,0.193,2.2,414.0,332.6,475.4,395.2,80.2,16.87,Moderate (10-25%)
2026-02-01 06:00:00,Shift_1_Morning,BAL_DEEP_LEVEL_3,21.8064,80.1876,21,22,3,15,0.6,7.57,19.2,6.1,62.4,28.1,0.178,5.6,504.4,614.6,575.2,497.9,77.3,13.44,Moderate (10-25%)
2026-02-01 14:00:00,Shift_2_Evening,BAL_NORTH_PIT,21.8121,80.1843,22,25,3,11,0.11,7.73,22.9,3.0,57.7,34.4,0.286,7.9,359.2,410.5,581.1,516.1,65.0,11.19,Moderate (10-25%)
2026-02-01 22:00:00,Shift_3_Night,BAL_NORTH_PIT,21.8121,80.1843,16,18,4,11,0.68,7.6,20.4,8.2,56.8,29.0,0.253,6.2,481.1,518.8,498.6,465.2,33.4,6.7,Normal (<10%)
2026-02-02 06:00:00,Shift_1_Morning,BAL_NORTH_PIT,21.8121,80.1843,23,23,4,14,1.27,7.34,22.5,6.7,66.4,27.2,0.254,5.9,385.7,399.3,466.0,349.6,116.4,24.98,Moderate (10-25%)
2026-02-02 14:00:00,Shift_2_Evening,BAL_SOUTH_PIT,21.8005,80.1901,24,25,4,16,0.0,8.04,19.9,4.9,57.4,30.4,0.167,4.9,392.0,389.5,421.4,385.0,36.4,8.64,Normal (<10%)
2026-02-02 22:00:00,Shift_3_Night,UKWA_EXTENSION,21.7932,80.2015,18,19,3,15,0.41,8.11,24.6,11.3,69.2,28.1,0.254,7.2,568.7,547.8,590.7,568.6,22.1,3.74,Normal (<10%)
2026-02-03 06:00:00,Shift_1_Morning,BAL_DEEP_LEVEL_3,21.8064,80.1876,18,18,3,12,0.69,7.62,19.4,4.4,69.7,30.3,0.203,15.3,417.5,498.1,412.0,391.9,20.1,4.88,Normal (<10%)
2026-02-03 14:00:00,Shift_2_Evening,UKWA_EXTENSION,21.7932,80.2015,24,24,3,11,0.61,7.96,21.4,7.9,60.7,28.3,0.151,20.2,440.2,524.4,459.5,425.3,34.2,7.44,Normal (<10%)
2026-02-03 22:00:00,Shift_3_Night,UKWA_EXTENSION,21.7932,80.2015,20,21,3,16,1.27,7.62,18.8,4.2,67.7,31.5,0.209,15.1,543.3,410.5,459.6,384.3,75.3,16.38,Moderate (10-25%)
2026-02-04 06:00:00,Shift_1_Morning,UKWA_EXTENSION,21.7932,80.2015,14,18,3,14,0.27,7.59,20.6,8.7,65.4,28.7,0.281,6.7,392.8,390.8,464.1,407.1,57.0,12.28,Moderate (10-25%)
2026-02-04 14:00:00,Shift_2_Evening,BAL_NORTH_PIT,21.8121,80.1843,22,24,3,12,0.44,8.26,21.4,12.5,65.2,31.4,0.255,15.7,433.3,436.3,432.9,389.3,43.6,10.07,Moderate (10-25%)
2026-02-04 22:00:00,Shift_3_Night,BAL_DEEP_LEVEL_3,21.8064,80.1876,21,22,4,16,0.06,7.92,19.5,10.3,64.6,27.0,0.242,14.4,478.8,473.4,556.6,542.8,13.8,2.48,Normal (<10%)
2026-02-05 06:00:00,Shift_1_Morning,BAL_DEEP_LEVEL_3,21.8064,80.1876,22,24,4,15,0.9,7.95,18.2,2.3,56.9,30.4,0.113,2.3,522.9,513.4,424.5,398.1,26.4,6.22,Normal (<10%)
2026-02-05 14:00:00,Shift_2_Evening,UKWA_EXTENSION,21.7932,80.2015,16,18,4,15,0.3,7.47,22.1,16.6,60.9,26.7,0.229,16.2,459.6,462.6,527.0,423.9,103.1,19.56,Moderate (10-25%)
2026-02-05 22:00:00,Shift_3_Night,BAL_NORTH_PIT,21.8121,80.1843,20,22,3,16,0.0,7.45,19.8,3.6,54.3,27.4,0.176,0.0,516.9,506.1,424.8,393.6,31.2,7.34,Normal (<10%)
2026-02-06 06:00:00,Shift_1_Morning,BAL_NORTH_PIT,21.8121,80.1843,26,26,3,14,1.28,7.91,21.9,7.6,59.7,26.9,0.189,8.9,439.0,357.0,414.1,363.6,50.5,12.2,Moderate (10-25%)
2026-02-06 14:00:00,Shift_2_Evening,BAL_DEEP_LEVEL_3,21.8064,80.1876,16,18,3,14,0.88,7.22,20.2,6.0,74.2,24.6,0.247,4.2,557.4,531.0,581.9,491.3,90.6,15.57,Moderate (10-25%)
2026-02-06 22:00:00,Shift_3_Night,BAL_NORTH_PIT,21.8121,80.1843,23,24,4,12,0.79,7.96,20.6,2.0,53.5,27.2,0.135,0.0,447.8,491.0,438.0,394.0,44.0,10.05,Moderate (10-25%)
2026-02-07 06:00:00,Shift_1_Morning,BAL_NORTH_PIT,21.8121,80.1843,24,26,3,14,1.13,8.04,21.4,7.2,57.9,30.7,0.172,15.7,465.4,434.7,564.3,486.0,78.3,13.88,Moderate (10-25%)
2026-02-07 14:00:00,Shift_2_Evening,BAL_NORTH_PIT,21.8121,80.1843,22,22,3,16,0.95,7.95,16.9,2.1,57.3,29.0,0.183,5.7,486.7,566.1,508.9,486.7,22.2,4.36,Normal (<10%)
2026-02-07 22:00:00,Shift_3_Night,BAL_SOUTH_PIT,21.8005,80.1901,19,20,4,12,0.9,8.19,20.9,5.4,58.8,32.7,0.218,0.0,474.9,555.0,415.6,420.2,0.0,0.0,Normal (<10%)
2026-02-08 06:00:00,Shift_1_Morning,UKWA_EXTENSION,21.7932,80.2015,22,23,2,12,0.15,8.0,19.5,4.9,64.1,29.1,0.21,14.5,450.6,510.7,591.1,592.3,0.0,0.0,Normal (<10%)
2026-02-08 14:00:00,Shift_2_Evening,BAL_DEEP_LEVEL_3,21.8064,80.1876,24,24,4,16,0.46,8.13,19.5,1.5,57.2,31.3,0.123,3.0,432.2,457.1,449.4,420.0,29.4,6.54,Normal (<10%)
2026-02-08 22:00:00,Shift_3_Night,BAL_DEEP_LEVEL_3,21.8064,80.1876,17,18,3,14,0.64,7.53,19.8,2.5,61.1,28.4,0.166,9.6,321.2,343.0,571.9,420.7,151.2,26.44,Critical (>25%)
2026-02-09 06:00:00,Shift_1_Morning,BAL_SOUTH_PIT,21.8005,80.1901,19,19,3,14,1.54,7.58,21.1,6.7,60.0,28.7,0.221,8.3,430.6,426.1,433.8,345.3,88.5,20.4,Moderate (10-25%)
2026-02-09 14:00:00,Shift_2_Evening,UKWA_EXTENSION,21.7932,80.2015,18,19,3,12,0.0,8.03,19.5,7.2,60.1,27.6,0.204,4.1,520.6,575.4,570.8,553.2,17.6,3.08,Normal (<10%)
2026-02-09 22:00:00,Shift_3_Night,BAL_DEEP_LEVEL_3,21.8064,80.1876,25,26,4,12,0.68,8.14,21.1,8.9,65.1,30.2,0.256,15.6,523.2,393.5,402.6,371.2,31.4,7.8,Normal (<10%)
2026-02-10 06:00:00,Shift_1_Morning,BAL_NORTH_PIT,21.8121,80.1843,18,20,3,16,1.03,8.01,19.4,5.9,61.8,28.9,0.237,11.8,556.7,439.3,502.4,472.5,29.9,5.95,Normal (<10%)
2026-02-10 14:00:00,Shift_2_Evening,BAL_DEEP_LEVEL_3,21.8064,80.1876,19,20,4,14,0.42,7.55,18.1,6.0,73.4,27.2,0.255,10.4,555.3,500.0,553.9,515.2,38.7,6.99,Normal (<10%)
2026-02-10 22:00:00,Shift_3_Night,BAL_NORTH_PIT,21.8121,80.1843,17,18,4,14,0.97,8.04,19.4,5.7,61.7,29.1,0.172,8.2,575.6,429.2,587.0,557.0,30.0,5.11,Normal (<10%)
2026-02-11 06:00:00,Shift_1_Morning,BAL_SOUTH_PIT,21.8005,80.1901,18,19,3,16,0.87,7.97,19.3,5.3,63.6,28.6,0.332,19.7,445.9,541.7,581.8,517.6,64.2,11.03,Moderate (10-25%)
2026-02-11 14:00:00,Shift_2_Evening,BAL_NORTH_PIT,21.8121,80.1843,23,24,3,14,0.66,8.04,19.3,5.3,49.4,31.9,0.188,8.7,490.8,361.0,563.9,505.2,58.7,10.41,Moderate (10-25%)
2026-02-11 22:00:00,Shift_3_Night,BAL_DEEP_LEVEL_3,21.8064,80.1876,19,21,4,14,0.52,7.72,21.5,14.5,66.9,29.2,0.246,10.5,429.1,551.9,577.6,479.8,97.8,16.93,Moderate (10-25%)
2026-02-12 06:00:00,Shift_1_Morning,BAL_DEEP_LEVEL_3,21.8064,80.1876,18,18,3,16,0.49,7.97,21.2,4.8,52.2,31.8,0.143,5.4,531.5,531.6,439.8,405.0,34.8,7.91,Normal (<10%)
2026-02-12 14:00:00,Shift_2_Evening,BAL_DEEP_LEVEL_3,21.8064,80.1876,21,24,3,14,1.22,7.54,19.6,7.0,66.1,27.9,0.205,3.0,515.5,475.8,456.8,401.2,55.6,12.17,Moderate (10-25%)
2026-02-12 22:00:00,Shift_3_Night,BAL_SOUTH_PIT,21.8005,80.1901,16,17,3,12,0.34,7.63,19.5,3.4,63.0,29.0,0.19,12.1,455.4,411.3,457.8,418.4,39.4,8.61,Normal (<10%)
2026-02-13 06:00:00,Shift_1_Morning,BAL_SOUTH_PIT,21.8005,80.1901,18,19,3,13,1.58,8.11,20.3,3.7,66.0,33.1,0.166,0.3,439.2,545.9,475.4,378.9,96.5,20.3,Moderate (10-25%)
2026-02-13 14:00:00,Shift_2_Evening,UKWA_EXTENSION,21.7932,80.2015,26,26,4,12,1.09,7.5,18.3,3.5,58.5,28.3,0.138,14.0,369.7,559.6,478.7,416.0,62.7,13.1,Moderate (10-25%)
2026-02-13 22:00:00,Shift_3_Night,BAL_DEEP_LEVEL_3,21.8064,80.1876,25,27,3,12,0.59,7.26,20.2,14.1,65.6,25.7,0.255,13.3,395.1,354.8,508.9,387.9,121.0,23.78,Moderate (10-25%)
2026-02-14 06:00:00,Shift_1_Morning,BAL_NORTH_PIT,21.8121,80.1843,25,27,4,16,0.43,7.55,21.3,11.1,67.8,27.9,0.255,15.2,450.2,534.9,432.0,377.5,54.5,12.62,Moderate (10-25%)
2026-02-14 14:00:00,Shift_2_Evening,BAL_SOUTH_PIT,21.8005,80.1901,21,22,4,16,0.49,7.78,18.9,9.7,59.6,24.7,0.273,8.8,505.5,558.2,538.2,461.4,76.8,14.27,Moderate (10-25%)
2026-02-14 22:00:00,Shift_3_Night,BAL_DEEP_LEVEL_3,21.8064,80.1876,26,26,4,12,1.41,7.65,23.0,7.4,67.0,28.8,0.236,2.9,359.9,486.2,433.5,355.3,78.2,18.04,Moderate (10-25%)
2026-02-15 06:00:00,Shift_1_Morning,BAL_DEEP_LEVEL_3,21.8064,80.1876,24,25,3,14,0.6,8.02,19.4,5.7,66.4,30.3,0.244,7.5,363.9,472.6,462.1,408.0,54.1,11.71,Moderate (10-25%)
2026-02-15 14:00:00,Shift_2_Evening,BAL_SOUTH_PIT,21.8005,80.1901,20,21,3,14,1.03,8.1,22.8,5.0,62.4,31.7,0.166,4.9,514.8,380.2,500.7,430.4,70.3,14.04,Moderate (10-25%)
2026-02-15 22:00:00,Shift_3_Night,UKWA_EXTENSION,21.7932,80.2015,18,18,3,11,0.46,7.91,21.5,8.5,71.8,26.0,0.252,7.7,442.8,486.0,559.3,508.4,50.9,9.1,Normal (<10%)
2026-02-16 06:00:00,Shift_1_Morning,BAL_SOUTH_PIT,21.8005,80.1901,27,27,3,12,0.87,7.34,21.2,7.5,65.9,26.1,0.186,4.7,439.8,475.4,547.9,433.2,114.7,20.93,Moderate (10-25%)
2026-02-16 14:00:00,Shift_2_Evening,BAL_SOUTH_PIT,21.8005,80.1901,25,26,3,12,0.01,8.03,20.2,2.4,52.4,31.4,0.143,4.7,543.2,427.4,529.1,523.0,6.1,1.15,Normal (<10%)
2026-02-16 22:00:00,Shift_3_Night,BAL_NORTH_PIT,21.8121,80.1843,22,23,4,15,1.73,7.5,18.5,16.0,70.9,26.6,0.264,15.6,477.7,525.0,431.2,366.1,65.1,15.1,Moderate (10-25%)
2026-02-17 06:00:00,Shift_1_Morning,BAL_NORTH_PIT,21.8121,80.1843,26,26,3,14,0.25,7.45,19.0,6.8,60.8,29.4,0.231,10.1,377.9,575.3,509.4,438.0,71.4,14.02,Moderate (10-25%)
2026-02-17 14:00:00,Shift_2_Evening,UKWA_EXTENSION,21.7932,80.2015,20,23,3,16,0.95,7.51,24.3,30.5,73.8,25.0,0.289,27.6,432.1,420.5,417.5,322.2,95.3,22.83,Moderate (10-25%)
2026-02-17 22:00:00,Shift_3_Night,BAL_DEEP_LEVEL_3,21.8064,80.1876,27,27,3,15,0.73,7.78,20.2,3.2,63.1,33.0,0.151,7.0,445.0,504.3,475.5,445.0,30.5,6.41,Normal (<10%)
2026-02-18 06:00:00,Shift_1_Morning,BAL_SOUTH_PIT,21.8005,80.1901,20,23,4,12,1.58,8.08,22.0,7.1,51.3,28.0,0.216,10.5,414.9,534.7,482.7,429.5,53.2,11.02,Moderate (10-25%)
2026-02-18 14:00:00,Shift_2_Evening,UKWA_EXTENSION,21.7932,80.2015,22,24,3,12,0.92,8.1,22.6,4.9,67.1,28.2,0.235,4.4,429.9,445.8,408.0,381.4,26.6,6.52,Normal (<10%)
2026-02-18 22:00:00,Shift_3_Night,BAL_NORTH_PIT,21.8121,80.1843,19,19,4,16,0.63,7.58,18.7,1.0,59.8,31.8,0.185,2.2,493.8,407.3,454.8,369.9,84.9,18.67,Moderate (10-25%)
2026-02-19 06:00:00,Shift_1_Morning,BAL_SOUTH_PIT,21.8005,80.1901,17,19,4,14,1.46,8.15,21.2,5.9,62.8,30.6,0.267,7.5,367.2,405.8,591.1,496.0,95.1,16.09,Moderate (10-25%)
2026-02-19 14:00:00,Shift_2_Evening,BAL_DEEP_LEVEL_3,21.8064,80.1876,21,22,3,12,1.26,7.98,18.4,6.9,61.4,29.4,0.199,5.2,527.2,530.1,590.7,525.1,65.6,11.11,Moderate (10-25%)
2026-02-19 22:00:00,Shift_3_Night,BAL_NORTH_PIT,21.8121,80.1843,24,24,2,14,1.71,7.79,20.6,12.7,69.7,23.6,0.288,12.9,369.2,508.3,470.5,389.3,81.2,17.26,Moderate (10-25%)
2026-02-20 06:00:00,Shift_1_Morning,BAL_NORTH_PIT,21.8121,80.1843,20,22,4,12,0.87,7.48,19.5,4.5,57.7,27.0,0.193,11.9,474.6,506.3,408.6,328.3,80.3,19.65,Moderate (10-25%)
2026-02-20 14:00:00,Shift_2_Evening,BAL_NORTH_PIT,21.8121,80.1843,21,24,3,12,0.86,8.08,19.8,8.5,69.6,28.7,0.285,9.4,440.7,335.7,435.8,366.7,69.1,15.86,Moderate (10-25%)
2026-02-20 22:00:00,Shift_3_Night,UKWA_EXTENSION,21.7932,80.2015,25,25,4,14,1.31,7.4,19.2,6.2,55.9,29.8,0.24,8.0,512.3,372.1,478.4,394.1,84.3,17.62,Moderate (10-25%)
2026-02-21 06:00:00,Shift_1_Morning,BAL_DEEP_LEVEL_3,21.8064,80.1876,20,21,4,16,0.74,7.98,19.8,4.9,63.6,27.5,0.131,0.7,411.6,398.6,589.6,484.5,105.1,17.83,Moderate (10-25%)
2026-02-21 14:00:00,Shift_2_Evening,BAL_SOUTH_PIT,21.8005,80.1901,26,26,3,16,0.67,7.43,22.9,8.5,69.0,26.6,0.292,16.3,297.1,304.8,428.2,305.5,122.7,28.65,Critical (>25%)
2026-02-21 22:00:00,Shift_3_Night,UKWA_EXTENSION,21.7932,80.2015,20,22,4,15,0.19,7.65,20.7,5.8,66.5,28.2,0.219,3.2,341.1,335.0,552.7,464.3,88.4,15.99,Moderate (10-25%)
2026-02-22 06:00:00,Shift_1_Morning,UKWA_EXTENSION,21.7932,80.2015,22,24,3,16,1.73,7.57,19.2,2.3,62.5,30.0,0.214,0.3,488.2,333.8,421.7,387.6,34.1,8.09,Normal (<10%)
2026-02-22 14:00:00,Shift_2_Evening,UKWA_EXTENSION,21.7932,80.2015,21,23,4,16,0.34,8.07,21.9,4.5,60.7,29.8,0.16,16.4,556.8,569.7,596.3,567.3,29.0,4.86,Normal (<10%)
2026-02-22 22:00:00,Shift_3_Night,BAL_NORTH_PIT,21.8121,80.1843,21,22,4,14,1.08,7.56,20.8,8.4,61.4,29.7,0.258,14.2,374.2,429.3,476.3,380.9,95.4,20.03,Moderate (10-25%)
2026-02-23 06:00:00,Shift_1_Morning,BAL_DEEP_LEVEL_3,21.8064,80.1876,21,23,4,12,1.59,8.0,21.3,12.9,59.2,27.4,0.237,10.0,445.6,610.8,555.0,483.7,71.3,12.85,Moderate (10-25%)
2026-02-23 14:00:00,Shift_2_Evening,UKWA_EXTENSION,21.7932,80.2015,19,20,3,12,1.36,7.52,19.5,6.6,58.9,27.7,0.182,12.1,490.7,465.5,468.5,402.3,66.2,14.13,Moderate (10-25%)
2026-02-23 22:00:00,Shift_3_Night,BAL_SOUTH_PIT,21.8005,80.1901,23,24,4,12,1.15,7.88,19.1,4.3,57.8,26.6,0.169,6.4,529.9,409.4,525.5,468.6,56.9,10.83,Moderate (10-25%)
2026-02-24 06:00:00,Shift_1_Morning,BAL_DEEP_LEVEL_3,21.8064,80.1876,18,19,4,16,0.65,7.28,22.4,6.0,57.7,25.4,0.176,0.0,452.1,580.6,438.4,350.8,87.6,19.98,Moderate (10-25%)
2026-02-24 14:00:00,Shift_2_Evening,BAL_SOUTH_PIT,21.8005,80.1901,25,26,3,14,0.69,8.02,21.5,5.4,71.6,27.7,0.222,15.3,383.6,437.8,429.2,354.2,75.0,17.47,Moderate (10-25%)
2026-02-24 22:00:00,Shift_3_Night,BAL_DEEP_LEVEL_3,21.8064,80.1876,20,22,2,12,0.82,7.53,19.5,8.6,55.5,28.1,0.22,5.8,522.8,471.8,587.6,513.4,74.2,12.63,Moderate (10-25%)
2026-02-25 06:00:00,Shift_1_Morning,BAL_SOUTH_PIT,21.8005,80.1901,23,25,4,13,0.5,7.62,20.1,11.7,70.4,30.7,0.211,11.2,401.8,444.1,583.5,480.8,102.7,17.6,Moderate (10-25%)
2026-02-25 14:00:00,Shift_2_Evening,BAL_NORTH_PIT,21.8121,80.1843,19,20,3,14,0.37,7.66,20.6,6.7,57.0,30.5,0.221,7.1,479.2,417.1,577.5,516.5,61.0,10.56,Moderate (10-25%)
2026-02-25 22:00:00,Shift_3_Night,UKWA_EXTENSION,21.7932,80.2015,24,26,3,16,1.35,8.16,22.5,8.3,57.9,31.7,0.12,3.7,462.3,389.6,525.1,470.1,55.0,10.47,Moderate (10-25%)
2026-02-26 06:00:00,Shift_1_Morning,BAL_SOUTH_PIT,21.8005,80.1901,17,18,4,12,0.65,7.4,18.9,3.7,57.3,27.7,0.173,10.9,456.6,453.1,561.7,471.6,90.1,16.04,Moderate (10-25%)
2026-02-26 14:00:00,Shift_2_Evening,BAL_DEEP_LEVEL_3,21.8064,80.1876,17,20,3,12,1.65,7.46,20.1,22.3,60.7,25.1,0.19,23.6,481.3,466.1,413.8,303.4,110.4,26.68,Critical (>25%)
2026-02-26 22:00:00,Shift_3_Night,UKWA_EXTENSION,21.7932,80.2015,21,21,3,12,1.06,7.55,21.0,3.3,68.1,28.6,0.271,7.0,469.3,393.9,467.0,386.4,80.6,17.26,Moderate (10-25%)
2026-02-27 06:00:00,Shift_1_Morning,UKWA_EXTENSION,21.7932,80.2015,22,24,4,15,0.54,7.75,20.6,9.5,67.8,32.0,0.246,6.7,469.6,493.8,462.7,402.9,59.8,12.92,Moderate (10-25%)
2026-02-27 14:00:00,Shift_2_Evening,BAL_DEEP_LEVEL_3,21.8064,80.1876,19,20,3,12,0.28,8.15,19.4,24.3,66.5,30.7,0.278,19.4,512.1,504.0,527.1,505.1,22.0,4.17,Normal (<10%)
2026-02-27 22:00:00,Shift_3_Night,BAL_SOUTH_PIT,21.8005,80.1901,24,26,3,16,0.0,7.61,20.9,12.2,77.3,28.5,0.22,11.5,442.2,461.2,471.2,401.6,69.6,14.77,Moderate (10-25%)
2026-02-28 06:00:00,Shift_1_Morning,BAL_NORTH_PIT,21.8121,80.1843,21,22,4,12,1.04,7.46,21.4,18.0,67.5,25.9,0.325,15.2,511.8,364.5,429.7,341.9,87.8,20.43,Moderate (10-25%)
2026-02-28 14:00:00,Shift_2_Evening,BAL_NORTH_PIT,21.8121,80.1843,22,23,3,15,1.04,7.91,19.9,6.3,63.2,28.6,0.217,8.9,396.9,585.7,519.3,444.9,74.4,14.33,Moderate (10-25%)
2026-02-28 22:00:00,Shift_3_Night,BAL_SOUTH_PIT,21.8005,80.1901,23,24,3,16,0.43,8.08,22.4,1.6,58.4,32.1,0.203,8.8,399.0,434.9,562.9,512.0,50.9,9.04,Normal (<10%)
2026-03-01 06:00:00,Shift_1_Morning,UKWA_EXTENSION,21.7932,80.2015,17,18,4,11,0.17,7.89,21.0,5.6,58.7,29.8,0.187,5.5,456.0,436.9,476.4,447.6,28.8,6.05,Normal (<10%)
2026-03-01 14:00:00,Shift_2_Evening,UKWA_EXTENSION,21.7932,80.2015,25,26,3,14,0.81,7.48,19.8,5.8,59.2,31.8,0.183,7.0,442.5,418.2,426.5,390.3,36.2,8.49,Normal (<10%)
2026-03-01 22:00:00,Shift_3_Night,UKWA_EXTENSION,21.7932,80.2015,17,17,3,14,0.65,7.99,22.2,3.6,67.2,33.0,0.203,0.0,435.7,531.2,439.3,425.3,14.0,3.19,Normal (<10%)
2026-03-02 06:00:00,Shift_1_Morning,UKWA_EXTENSION,21.7932,80.2015,16,17,4,14,1.54,8.16,20.9,6.8,66.5,34.3,0.216,11.6,523.2,523.4,447.5,397.7,49.8,11.13,Moderate (10-25%)
2026-03-02 14:00:00,Shift_2_Evening,BAL_SOUTH_PIT,21.8005,80.1901,20,20,4,14,0.12,7.96,17.7,4.3,68.9,32.6,0.162,9.1,451.4,567.3,460.0,423.6,36.4,7.91,Normal (<10%)
2026-03-02 22:00:00,Shift_3_Night,UKWA_EXTENSION,21.7932,80.2015,22,22,3,16,0.08,7.26,21.8,11.8,59.4,29.5,0.213,7.1,420.4,379.1,528.6,419.5,109.1,20.64,Moderate (10-25%)
2026-03-03 06:00:00,Shift_1_Morning,BAL_DEEP_LEVEL_3,21.8064,80.1876,18,19,4,13,0.0,7.55,21.7,0.8,64.8,33.7,0.168,3.4,412.0,516.7,520.2,425.8,94.4,18.15,Moderate (10-25%)
2026-03-03 14:00:00,Shift_2_Evening,UKWA_EXTENSION,21.7932,80.2015,25,25,3,16,0.37,7.43,18.8,8.3,65.4,30.6,0.259,3.8,387.5,497.9,539.2,455.3,83.9,15.56,Moderate (10-25%)
2026-03-03 22:00:00,Shift_3_Night,BAL_NORTH_PIT,21.8121,80.1843,17,17,3,15,1.56,8.0,21.8,28.2,71.7,27.7,0.337,22.1,476.2,477.1,472.5,382.0,90.5,19.15,Moderate (10-25%)
2026-03-04 06:00:00,Shift_1_Morning,UKWA_EXTENSION,21.7932,80.2015,22,24,3,13,0.57,7.49,20.2,4.9,59.1,31.5,0.225,10.9,417.2,577.7,564.8,461.8,103.0,18.24,Moderate (10-25%)
2026-03-04 14:00:00,Shift_2_Evening,BAL_SOUTH_PIT,21.8005,80.1901,22,24,4,12,0.52,7.97,20.5,9.7,59.9,30.4,0.264,12.4,413.4,362.9,440.8,374.0,66.8,15.15,Moderate (10-25%)
2026-03-04 22:00:00,Shift_3_Night,BAL_NORTH_PIT,21.8121,80.1843,17,18,3,13,1.81,8.08,20.8,6.3,66.1,34.1,0.193,6.9,431.8,426.0,493.8,438.1,55.7,11.28,Moderate (10-25%)
2026-03-05 06:00:00,Shift_1_Morning,BAL_SOUTH_PIT,21.8005,80.1901,17,18,4,15,0.4,7.85,19.9,5.7,66.0,30.2,0.203,1.9,583.5,529.6,560.2,525.5,34.7,6.19,Normal (<10%)
2026-03-05 14:00:00,Shift_2_Evening,BAL_SOUTH_PIT,21.8005,80.1901,17,18,3,14,1.49,7.45,20.8,8.6,59.7,31.4,0.171,15.2,461.8,372.7,436.0,321.8,114.2,26.19,Critical (>25%)
2026-03-05 22:00:00,Shift_3_Night,BAL_NORTH_PIT,21.8121,80.1843,24,25,4,16,1.2,8.07,22.9,7.5,65.9,31.5,0.22,8.9,494.0,344.0,422.0,377.5,44.5,10.55,Moderate (10-25%)
2026-03-06 06:00:00,Shift_1_Morning,BAL_SOUTH_PIT,21.8005,80.1901,23,24,3,12,0.44,7.94,20.8,10.9,70.4,31.3,0.222,12.2,531.0,608.6,576.7,559.0,17.7,3.07,Normal (<10%)
2026-03-06 14:00:00,Shift_2_Evening,BAL_SOUTH_PIT,21.8005,80.1901,20,20,3,12,0.0,7.34,20.9,8.2,62.6,27.8,0.207,8.3,489.1,378.9,468.6,389.2,79.4,16.94,Moderate (10-25%)
2026-03-06 22:00:00,Shift_3_Night,UKWA_EXTENSION,21.7932,80.2015,24,24,4,12,0.66,8.07,19.0,4.0,55.5,32.9,0.247,3.3,519.4,444.6,536.8,484.7,52.1,9.71,Normal (<10%)
2026-03-07 06:00:00,Shift_1_Morning,BAL_DEEP_LEVEL_3,21.8064,80.1876,19,19,4,16,0.52,8.11,21.1,10.5,57.7,34.6,0.206,7.9,444.8,466.3,405.1,359.7,45.4,11.21,Moderate (10-25%)
2026-03-07 14:00:00,Shift_2_Evening,BAL_SOUTH_PIT,21.8005,80.1901,24,26,3,12,0.87,8.0,21.0,8.9,60.9,32.4,0.243,8.1,531.6,451.7,538.0,487.2,50.8,9.44,Normal (<10%)
2026-03-07 22:00:00,Shift_3_Night,BAL_SOUTH_PIT,21.8005,80.1901,16,17,4,11,1.38,7.3,21.2,5.2,59.8,28.4,0.096,5.5,378.0,477.7,463.2,383.3,79.9,17.25,Moderate (10-25%)
2026-03-08 06:00:00,Shift_1_Morning,BAL_SOUTH_PIT,21.8005,80.1901,25,26,3,14,0.83,8.07,21.2,10.4,64.6,30.7,0.243,16.2,336.2,411.5,411.1,352.0,59.1,14.38,Moderate (10-25%)
2026-03-08 14:00:00,Shift_2_Evening,UKWA_EXTENSION,21.7932,80.2015,23,24,4,14,0.24,7.33,21.4,13.1,65.3,27.9,0.267,7.9,444.0,379.0,522.0,403.7,118.3,22.66,Moderate (10-25%)
2026-03-08 22:00:00,Shift_3_Night,BAL_DEEP_LEVEL_3,21.8064,80.1876,21,22,4,16,0.7,7.53,20.7,12.0,63.9,30.5,0.257,3.3,457.4,396.7,448.2,390.1,58.1,12.96,Moderate (10-25%)
2026-03-09 06:00:00,Shift_1_Morning,BAL_NORTH_PIT,21.8121,80.1843,19,21,4,14,1.32,7.91,20.4,12.0,68.8,27.5,0.261,13.6,423.3,488.5,477.4,406.3,71.1,14.89,Moderate (10-25%)
2026-03-09 14:00:00,Shift_2_Evening,UKWA_EXTENSION,21.7932,80.2015,22,24,3,16,0.46,7.88,22.2,15.5,62.1,27.8,0.25,12.0,431.4,521.1,416.1,363.7,52.4,12.59,Moderate (10-25%)
2026-03-09 22:00:00,Shift_3_Night,UKWA_EXTENSION,21.7932,80.2015,19,22,3,12,1.28,7.96,21.3,7.1,68.0,28.2,0.179,7.0,511.4,445.6,429.4,378.8,50.6,11.78,Moderate (10-25%)
2026-03-10 06:00:00,Shift_1_Morning,BAL_DEEP_LEVEL_3,21.8064,80.1876,25,27,3,13,0.89,7.98,20.0,6.3,67.1,32.8,0.155,5.7,420.6,554.6,459.6,426.9,32.7,7.11,Normal (<10%)
2026-03-10 14:00:00,Shift_2_Evening,BAL_DEEP_LEVEL_3,21.8064,80.1876,17,20,4,14,1.42,7.44,20.2,2.3,66.8,32.0,0.204,3.5,344.8,502.4,418.0,313.8,104.2,24.93,Moderate (10-25%)
2026-03-10 22:00:00,Shift_3_Night,UKWA_EXTENSION,21.7932,80.2015,21,22,4,14,0.24,7.56,20.8,17.6,62.7,32.9,0.286,22.0,340.6,495.4,582.2,460.8,121.4,20.85,Moderate (10-25%)
2026-03-11 06:00:00,Shift_1_Morning,BAL_NORTH_PIT,21.8121,80.1843,25,26,3,16,0.0,7.96,20.4,8.5,62.5,31.6,0.157,0.0,412.9,344.3,401.2,362.7,38.5,9.6,Normal (<10%)
2026-03-11 14:00:00,Shift_2_Evening,UKWA_EXTENSION,21.7932,80.2015,21,21,4,12,0.2,7.6,21.9,5.1,66.4,32.8,0.203,4.6,465.8,491.5,496.8,433.9,62.9,12.66,Moderate (10-25%)
2026-03-11 22:00:00,Shift_3_Night,BAL_DEEP_LEVEL_3,21.8064,80.1876,18,21,3,15,0.82,8.03,20.8,4.5,62.5,33.4,0.2,8.9,397.1,460.8,424.6,386.4,38.2,9.0,Normal (<10%)
2026-03-12 06:00:00,Shift_1_Morning,BAL_NORTH_PIT,21.8121,80.1843,24,25,4,16,1.54,7.93,21.1,8.9,60.6,29.6,0.233,12.2,448.7,471.2,461.5,413.5,48.0,10.4,Moderate (10-25%)
2026-03-12 14:00:00,Shift_2_Evening,BAL_DEEP_LEVEL_3,21.8064,80.1876,23,24,4,14,0.4,7.91,21.8,5.3,60.4,28.6,0.245,9.5,591.9,441.8,585.2,531.5,53.7,9.18,Normal (<10%)
2026-03-12 22:00:00,Shift_3_Night,BAL_NORTH_PIT,21.8121,80.1843,24,26,4,16,0.33,7.84,20.7,6.6,60.0,29.1,0.19,5.0,529.8,357.4,432.3,394.4,37.9,8.77,Normal (<10%)
2026-03-13 06:00:00,Shift_1_Morning,BAL_SOUTH_PIT,21.8005,80.1901,25,25,4,12,1.02,7.53,21.5,1.9,56.3,33.5,0.188,4.1,452.4,521.5,593.2,504.0,89.2,15.04,Moderate (10-25%)
2026-03-13 14:00:00,Shift_2_Evening,BAL_DEEP_LEVEL_3,21.8064,80.1876,23,24,3,15,0.54,7.46,20.7,6.7,77.3,29.8,0.217,9.4,334.1,467.8,441.2,366.1,75.1,17.02,Moderate (10-25%)
2026-03-13 22:00:00,Shift_3_Night,BAL_DEEP_LEVEL_3,21.8064,80.1876,15,16,3,14,0.56,7.76,20.0,5.2,51.8,27.9,0.132,1.7,493.5,342.7,548.3,456.7,91.6,16.71,Moderate (10-25%)
2026-03-14 06:00:00,Shift_1_Morning,UKWA_EXTENSION,21.7932,80.2015,23,24,4,14,0.5,7.95,19.4,4.6,57.8,30.8,0.185,11.6,514.6,409.9,509.3,479.4,29.9,5.87,Normal (<10%)
2026-03-14 14:00:00,Shift_2_Evening,BAL_DEEP_LEVEL_3,21.8064,80.1876,24,24,3,11,1.65,7.41,20.6,8.7,66.7,30.5,0.204,8.6,537.9,475.5,576.9,447.6,129.3,22.41,Moderate (10-25%)
2026-03-14 22:00:00,Shift_3_Night,BAL_DEEP_LEVEL_3,21.8064,80.1876,20,21,3,15,1.88,7.66,19.7,4.4,59.7,34.1,0.157,9.2,470.4,559.5,510.8,436.6,74.2,14.53,Moderate (10-25%)
2026-03-15 06:00:00,Shift_1_Morning,BAL_SOUTH_PIT,21.8005,80.1901,24,24,3,15,0.72,7.33,19.7,4.9,61.2,32.7,0.229,11.4,400.0,349.2,506.9,385.1,121.8,24.03,Moderate (10-25%)
2026-03-15 14:00:00,Shift_2_Evening,BAL_DEEP_LEVEL_3,21.8064,80.1876,24,25,3,16,0.59,7.86,22.4,4.3,64.8,29.5,0.237,8.2,554.4,342.6,439.1,386.1,53.0,12.07,Moderate (10-25%)
2026-03-15 22:00:00,Shift_3_Night,BAL_SOUTH_PIT,21.8005,80.1901,20,21,4,15,0.6,7.61,21.5,1.7,67.9,34.4,0.177,0.0,390.1,494.9,433.2,365.9,67.3,15.54,Moderate (10-25%)
2026-03-16 06:00:00,Shift_1_Morning,BAL_SOUTH_PIT,21.8005,80.1901,22,25,4,16,0.46,8.14,19.9,10.3,62.7,31.6,0.251,15.3,540.3,525.5,583.3,600.1,0.0,0.0,Normal (<10%)
2026-03-16 14:00:00,Shift_2_Evening,BAL_SOUTH_PIT,21.8005,80.1901,17,18,3,16,0.13,7.93,19.5,6.0,68.3,31.0,0.242,13.1,498.5,496.4,465.6,419.4,46.2,9.92,Normal (<10%)
2026-03-16 22:00:00,Shift_3_Night,BAL_SOUTH_PIT,21.8005,80.1901,22,22,3,12,0.33,7.44,21.4,12.5,57.4,29.4,0.237,17.7,515.0,396.8,474.4,385.1,89.3,18.82,Moderate (10-25%)
2026-03-17 06:00:00,Shift_1_Morning,BAL_NORTH_PIT,21.8121,80.1843,21,22,3,12,0.62,8.06,20.2,5.9,59.5,33.1,0.179,4.3,459.1,448.5,552.0,535.7,16.3,2.95,Normal (<10%)
2026-03-17 14:00:00,Shift_2_Evening,UKWA_EXTENSION,21.7932,80.2015,24,25,3,16,0.65,7.27,19.7,13.2,67.4,29.3,0.22,16.0,543.9,552.8,467.8,412.9,54.9,11.74,Moderate (10-25%)
2026-03-17 22:00:00,Shift_3_Night,BAL_NORTH_PIT,21.8121,80.1843,16,18,4,16,0.26,7.81,22.3,11.4,73.9,27.7,0.246,2.3,398.7,427.0,590.4,516.4,74.0,12.53,Moderate (10-25%)
2026-03-18 06:00:00,Shift_1_Morning,BAL_DEEP_LEVEL_3,21.8064,80.1876,24,24,3,16,0.88,7.97,18.8,4.9,56.7,30.8,0.129,11.5,422.9,497.5,547.6,474.2,73.4,13.4,Moderate (10-25%)
2026-03-18 14:00:00,Shift_2_Evening,BAL_NORTH_PIT,21.8121,80.1843,20,20,4,14,0.52,8.15,23.9,5.9,58.7,32.5,0.303,14.8,463.7,430.3,519.5,447.1,72.4,13.94,Moderate (10-25%)
2026-03-18 22:00:00,Shift_3_Night,BAL_NORTH_PIT,21.8121,80.1843,24,24,3,14,0.79,7.96,22.7,15.1,69.9,28.9,0.373,19.3,406.9,374.2,576.2,474.1,102.1,17.72,Moderate (10-25%)
2026-03-19 06:00:00,Shift_1_Morning,BAL_DEEP_LEVEL_3,21.8064,80.1876,26,26,3,16,0.45,8.01,19.7,7.2,63.8,31.9,0.189,14.9,402.7,495.7,409.9,364.6,45.3,11.05,Moderate (10-25%)
2026-03-19 14:00:00,Shift_2_Evening,BAL_DEEP_LEVEL_3,21.8064,80.1876,16,17,4,14,0.5,8.11,21.7,3.9,58.5,34.2,0.219,7.2,380.9,501.2,451.4,396.4,55.0,12.18,Moderate (10-25%)
2026-03-19 22:00:00,Shift_3_Night,BAL_DEEP_LEVEL_3,21.8064,80.1876,21,22,4,16,0.87,7.71,21.7,6.3,58.4,33.0,0.268,2.0,454.9,531.6,493.0,410.2,82.8,16.8,Moderate (10-25%)
2026-03-20 06:00:00,Shift_1_Morning,BAL_NORTH_PIT,21.8121,80.1843,17,18,4,16,1.02,7.44,20.4,4.0,60.5,33.5,0.21,5.3,424.8,394.4,445.4,355.4,90.0,20.21,Moderate (10-25%)
2026-03-20 14:00:00,Shift_2_Evening,BAL_NORTH_PIT,21.8121,80.1843,26,26,3,16,1.7,8.0,22.3,22.9,70.1,31.0,0.298,23.0,505.6,425.8,548.8,478.1,70.7,12.88,Moderate (10-25%)
2026-03-20 22:00:00,Shift_3_Night,BAL_DEEP_LEVEL_3,21.8064,80.1876,17,19,3,16,0.51,7.68,21.3,6.7,60.8,34.9,0.205,5.7,575.4,598.2,583.8,500.2,83.6,14.32,Moderate (10-25%)
2026-03-21 06:00:00,Shift_1_Morning,UKWA_EXTENSION,21.7932,80.2015,25,26,3,15,0.46,7.85,21.2,13.2,71.7,26.1,0.256,14.8,385.4,362.8,484.8,424.0,60.8,12.54,Moderate (10-25%)
2026-03-21 14:00:00,Shift_2_Evening,UKWA_EXTENSION,21.7932,80.2015,18,19,3,16,0.0,7.6,20.7,32.5,70.4,31.3,0.376,26.0,441.6,374.0,468.4,400.0,68.4,14.6,Moderate (10-25%)
2026-03-21 22:00:00,Shift_3_Night,BAL_SOUTH_PIT,21.8005,80.1901,19,19,4,14,1.4,7.4,16.8,6.2,67.0,31.1,0.231,9.9,544.4,589.4,592.3,507.3,85.0,14.35,Moderate (10-25%)
2026-03-22 06:00:00,Shift_1_Morning,BAL_DEEP_LEVEL_3,21.8064,80.1876,17,18,3,12,0.62,8.01,19.6,6.3,65.1,31.7,0.25,13.3,412.2,582.6,489.0,461.1,27.9,5.71,Normal (<10%)
2026-03-22 14:00:00,Shift_2_Evening,BAL_SOUTH_PIT,21.8005,80.1901,18,19,3,16,0.1,7.48,21.2,3.1,59.2,33.8,0.152,3.6,297.6,491.2,497.8,423.2,74.6,14.99,Moderate (10-25%)
2026-03-22 22:00:00,Shift_3_Night,UKWA_EXTENSION,21.7932,80.2015,20,21,3,14,0.0,7.9,22.5,8.1,67.1,29.7,0.172,10.6,401.9,462.5,470.3,417.4,52.9,11.25,Moderate (10-25%)
2026-03-23 06:00:00,Shift_1_Morning,BAL_SOUTH_PIT,21.8005,80.1901,19,21,3,14,0.9,7.4,19.9,4.9,55.9,29.9,0.183,0.6,540.6,471.0,581.9,510.2,71.7,12.32,Moderate (10-25%)
2026-03-23 14:00:00,Shift_2_Evening,BAL_DEEP_LEVEL_3,21.8064,80.1876,18,18,3,15,1.07,8.03,20.7,6.4,60.6,32.3,0.205,11.0,400.5,520.8,513.8,405.8,108.0,21.02,Moderate (10-25%)
2026-03-23 22:00:00,Shift_3_Night,BAL_DEEP_LEVEL_3,21.8064,80.1876,20,22,3,13,0.7,7.6,20.4,4.1,60.4,31.8,0.196,8.1,577.6,529.5,552.4,527.1,25.3,4.58,Normal (<10%)
2026-03-24 06:00:00,Shift_1_Morning,BAL_DEEP_LEVEL_3,21.8064,80.1876,24,25,4,15,1.69,7.99,21.2,20.1,68.8,28.2,0.283,20.5,509.4,455.7,562.4,504.5,57.9,10.3,Moderate (10-25%)
2026-03-24 14:00:00,Shift_2_Evening,BAL_NORTH_PIT,21.8121,80.1843,16,17,3,14,1.07,7.51,21.7,4.7,65.5,32.7,0.229,20.8,371.5,347.6,468.4,391.9,76.5,16.33,Moderate (10-25%)
2026-03-24 22:00:00,Shift_3_Night,BAL_SOUTH_PIT,21.8005,80.1901,17,18,3,14,1.27,8.06,19.0,5.3,59.3,33.0,0.205,7.6,406.4,524.1,486.7,409.6,77.1,15.84,Moderate (10-25%)
2026-03-25 06:00:00,Shift_1_Morning,UKWA_EXTENSION,21.7932,80.2015,20,22,4,16,0.0,7.4,24.9,13.9,60.4,27.7,0.217,10.0,591.4,505.5,569.7,486.3,83.4,14.64,Moderate (10-25%)
2026-03-25 14:00:00,Shift_2_Evening,UKWA_EXTENSION,21.7932,80.2015,23,23,4,12,1.3,8.07,20.3,1.5,61.6,33.3,0.205,7.8,400.7,393.3,472.7,414.8,57.9,12.25,Moderate (10-25%)
2026-03-25 22:00:00,Shift_3_Night,UKWA_EXTENSION,21.7932,80.2015,16,18,4,16,0.89,7.58,19.1,6.8,54.4,32.2,0.159,8.7,505.7,377.0,558.8,476.7,82.1,14.69,Moderate (10-25%)
2026-03-26 06:00:00,Shift_1_Morning,BAL_NORTH_PIT,21.8121,80.1843,19,19,4,11,1.02,8.26,21.3,11.0,68.8,34.5,0.198,6.6,550.8,403.8,588.2,550.2,38.0,6.46,Normal (<10%)
2026-03-26 14:00:00,Shift_2_Evening,BAL_NORTH_PIT,21.8121,80.1843,23,26,3,14,0.61,7.46,22.3,19.1,66.7,28.2,0.316,16.1,484.3,404.6,524.6,438.9,85.7,16.34,Moderate (10-25%)
2026-03-26 22:00:00,Shift_3_Night,BAL_DEEP_LEVEL_3,21.8064,80.1876,19,21,3,10,0.13,7.95,21.8,5.7,56.6,32.7,0.172,0.0,534.9,517.2,548.3,484.2,64.1,11.69,Moderate (10-25%)
2026-03-27 06:00:00,Shift_1_Morning,UKWA_EXTENSION,21.7932,80.2015,21,23,4,16,1.44,8.08,23.2,9.2,59.5,31.9,0.263,24.3,409.4,415.4,561.0,481.1,79.9,14.24,Moderate (10-25%)
2026-03-27 14:00:00,Shift_2_Evening,BAL_NORTH_PIT,21.8121,80.1843,20,20,3,16,0.96,8.08,22.7,6.7,65.4,32.4,0.295,4.4,429.7,357.7,569.0,503.5,65.5,11.51,Moderate (10-25%)
2026-03-27 22:00:00,Shift_3_Night,BAL_DEEP_LEVEL_3,21.8064,80.1876,17,17,3,14,0.91,7.95,20.6,14.9,66.4,29.4,0.205,7.8,430.7,387.0,479.0,397.1,81.9,17.1,Moderate (10-25%)
2026-03-28 06:00:00,Shift_1_Morning,UKWA_EXTENSION,21.7932,80.2015,17,19,4,12,1.17,7.46,21.0,3.2,57.9,29.9,0.134,5.0,413.9,450.0,410.3,309.3,101.0,24.62,Moderate (10-25%)
2026-03-28 14:00:00,Shift_2_Evening,BAL_SOUTH_PIT,21.8005,80.1901,22,24,4,16,0.71,7.55,21.2,4.4,60.3,33.4,0.168,0.0,486.7,374.6,480.4,410.6,69.8,14.53,Moderate (10-25%)
2026-03-28 22:00:00,Shift_3_Night,BAL_DEEP_LEVEL_3,21.8064,80.1876,17,17,3,14,0.65,7.42,21.7,7.4,57.5,31.2,0.188,10.5,561.8,497.1,534.8,434.1,100.7,18.83,Moderate (10-25%)
2026-03-29 06:00:00,Shift_1_Morning,BAL_NORTH_PIT,21.8121,80.1843,19,22,3,11,0.69,7.96,21.0,11.2,64.8,30.1,0.293,15.9,436.1,426.2,490.1,431.5,58.6,11.96,Moderate (10-25%)
2026-03-29 14:00:00,Shift_2_Evening,BAL_NORTH_PIT,21.8121,80.1843,24,26,4,14,0.37,8.01,22.0,5.5,71.5,32.0,0.272,8.2,575.0,480.7,549.8,499.1,50.7,9.22,Normal (<10%)
2026-03-29 22:00:00,Shift_3_Night,BAL_DEEP_LEVEL_3,21.8064,80.1876,18,19,2,16,0.99,8.1,21.4,10.5,76.2,32.7,0.24,7.0,380.0,445.3,471.4,430.4,41.0,8.7,Normal (<10%)
2026-03-30 06:00:00,Shift_1_Morning,BAL_DEEP_LEVEL_3,21.8064,80.1876,21,22,4,14,0.97,7.94,19.0,6.3,62.5,33.3,0.25,11.3,507.9,420.5,526.9,462.3,64.6,12.26,Moderate (10-25%)
2026-03-30 14:00:00,Shift_2_Evening,BAL_NORTH_PIT,21.8121,80.1843,22,24,4,14,1.38,7.82,19.8,2.0,63.8,28.3,0.165,0.0,436.7,453.8,437.3,361.0,76.3,17.45,Moderate (10-25%)
2026-03-30 22:00:00,Shift_3_Night,BAL_SOUTH_PIT,21.8005,80.1901,23,26,3,16,0.98,7.31,18.5,3.8,64.5,29.4,0.248,2.6,559.2,566.6,549.9,469.6,80.3,14.6,Moderate (10-25%)
2026-03-31 06:00:00,Shift_1_Morning,UKWA_EXTENSION,21.7932,80.2015,16,18,2,15,1.44,7.37,20.0,2.8,53.9,31.0,0.173,4.5,551.3,524.8,509.1,394.8,114.3,22.45,Moderate (10-25%)
2026-03-31 14:00:00,Shift_2_Evening,BAL_SOUTH_PIT,21.8005,80.1901,19,20,4,13,1.45,7.37,21.8,2.6,56.3,30.2,0.223,15.8,398.6,488.1,440.8,330.8,110.0,24.95,Moderate (10-25%)
2026-03-31 22:00:00,Shift_3_Night,BAL_DEEP_LEVEL_3,21.8064,80.1876,20,21,3,12,0.45,7.98,21.5,8.4,51.6,31.0,0.232,2.4,431.1,450.3,458.4,382.4,76.0,16.58,Moderate (10-25%)
2026-04-01 06:00:00,Shift_1_Morning,BAL_SOUTH_PIT,21.8005,80.1901,17,18,3,12,1.48,7.88,17.0,4.6,64.8,33.8,0.185,5.4,513.9,474.8,549.7,495.2,54.5,9.91,Normal (<10%)
2026-04-01 14:00:00,Shift_2_Evening,BAL_NORTH_PIT,21.8121,80.1843,22,22,3,15,0.35,7.93,19.6,7.1,72.0,34.1,0.178,15.1,531.9,518.5,496.5,482.7,13.8,2.78,Normal (<10%)
2026-04-01 22:00:00,Shift_3_Night,BAL_DEEP_LEVEL_3,21.8064,80.1876,23,24,4,13,0.0,7.92,22.2,2.8,67.9,32.4,0.205,7.4,372.8,503.2,443.2,387.4,55.8,12.59,Moderate (10-25%)
2026-04-02 06:00:00,Shift_1_Morning,UKWA_EXTENSION,21.7932,80.2015,19,22,4,16,0.98,7.96,19.5,3.0,61.8,32.6,0.206,0.1,460.6,442.9,593.5,554.5,39.0,6.57,Normal (<10%)
2026-04-02 14:00:00,Shift_2_Evening,BAL_NORTH_PIT,21.8121,80.1843,20,23,3,12,0.92,8.13,20.7,3.5,62.1,36.5,0.207,8.1,514.4,560.1,543.0,494.2,48.8,8.99,Normal (<10%)
2026-04-02 22:00:00,Shift_3_Night,BAL_NORTH_PIT,21.8121,80.1843,18,20,4,16,1.28,8.07,20.9,18.6,64.0,33.6,0.25,22.3,554.2,538.0,591.4,517.1,74.3,12.56,Moderate (10-25%)
2026-04-03 06:00:00,Shift_1_Morning,UKWA_EXTENSION,21.7932,80.2015,18,18,3,14,0.38,7.5,21.6,5.9,68.1,35.5,0.2,11.0,381.3,513.9,485.4,421.8,63.6,13.1,Moderate (10-25%)
2026-04-03 14:00:00,Shift_2_Evening,UKWA_EXTENSION,21.7932,80.2015,25,26,4,16,0.05,7.45,19.0,10.6,65.7,32.1,0.253,12.2,361.6,482.5,495.0,434.1,60.9,12.3,Moderate (10-25%)
2026-04-03 22:00:00,Shift_3_Night,BAL_SOUTH_PIT,21.8005,80.1901,20,20,3,9,0.6,7.96,20.4,3.7,62.6,34.2,0.206,9.0,500.1,386.1,579.6,537.6,42.0,7.25,Normal (<10%)
2026-04-04 06:00:00,Shift_1_Morning,BAL_DEEP_LEVEL_3,21.8064,80.1876,18,20,4,14,0.57,8.03,20.2,8.7,58.7,32.9,0.214,8.5,494.2,546.4,505.0,488.7,16.3,3.23,Normal (<10%)
2026-04-04 14:00:00,Shift_2_Evening,UKWA_EXTENSION,21.7932,80.2015,17,18,4,12,1.08,8.06,21.2,4.6,66.0,33.7,0.259,4.0,425.5,402.0,541.5,467.4,74.1,13.68,Moderate (10-25%)
2026-04-04 22:00:00,Shift_3_Night,UKWA_EXTENSION,21.7932,80.2015,26,27,3,14,0.17,7.41,21.6,7.0,62.2,32.6,0.19,2.2,441.2,480.3,450.4,386.4,64.0,14.21,Moderate (10-25%)
2026-04-05 06:00:00,Shift_1_Morning,BAL_DEEP_LEVEL_3,21.8064,80.1876,26,26,4,12,0.61,7.5,21.3,0.7,63.0,35.5,0.189,0.0,409.1,469.2,489.3,393.8,95.5,19.52,Moderate (10-25%)
2026-04-05 14:00:00,Shift_2_Evening,UKWA_EXTENSION,21.7932,80.2015,20,21,4,11,1.27,7.8,21.2,0.3,65.9,31.5,0.134,6.6,483.6,334.6,424.7,385.9,38.8,9.14,Normal (<10%)
2026-04-05 22:00:00,Shift_3_Night,UKWA_EXTENSION,21.7932,80.2015,19,20,3,14,0.57,7.52,19.0,11.3,55.7,35.1,0.217,8.2,414.0,395.1,441.2,368.1,73.1,16.57,Moderate (10-25%)
2026-04-06 06:00:00,Shift_1_Morning,BAL_SOUTH_PIT,21.8005,80.1901,21,21,3,16,1.22,7.58,23.1,11.1,64.9,32.4,0.323,9.9,552.7,513.6,400.2,333.5,66.7,16.67,Moderate (10-25%)
2026-04-06 14:00:00,Shift_2_Evening,BAL_NORTH_PIT,21.8121,80.1843,25,26,3,13,0.47,7.47,21.6,3.9,59.7,34.7,0.181,13.1,542.0,508.8,407.9,357.7,50.2,12.31,Moderate (10-25%)
2026-04-06 22:00:00,Shift_3_Night,BAL_NORTH_PIT,21.8121,80.1843,19,19,4,12,0.19,8.18,20.5,6.1,61.3,37.0,0.263,8.1,558.3,483.0,595.5,592.4,3.1,0.52,Normal (<10%)
2026-04-07 06:00:00,Shift_1_Morning,BAL_NORTH_PIT,21.8121,80.1843,19,22,4,14,0.44,7.41,20.3,9.6,58.7,31.3,0.208,15.9,574.0,447.6,448.5,393.6,54.9,12.24,Moderate (10-25%)
2026-04-07 14:00:00,Shift_2_Evening,BAL_NORTH_PIT,21.8121,80.1843,17,18,4,14,1.65,7.52,20.2,11.9,60.8,34.8,0.234,19.6,513.4,427.7,532.7,385.0,147.7,27.73,Critical (>25%)
2026-04-07 22:00:00,Shift_3_Night,UKWA_EXTENSION,21.7932,80.2015,19,20,4,15,0.94,8.0,18.9,3.6,57.0,32.6,0.154,13.6,424.7,415.3,567.8,538.2,29.6,5.21,Normal (<10%)
2026-04-08 06:00:00,Shift_1_Morning,BAL_DEEP_LEVEL_3,21.8064,80.1876,17,18,3,12,0.93,7.99,21.2,10.9,68.8,32.9,0.248,2.5,516.2,546.5,510.1,493.6,16.5,3.23,Normal (<10%)
2026-04-08 14:00:00,Shift_2_Evening,BAL_DEEP_LEVEL_3,21.8064,80.1876,17,18,3,12,1.1,7.49,21.1,2.9,62.6,36.6,0.122,6.7,325.2,423.7,430.6,365.7,64.9,15.07,Moderate (10-25%)
2026-04-08 22:00:00,Shift_3_Night,BAL_SOUTH_PIT,21.8005,80.1901,20,20,3,16,1.95,8.01,20.2,7.3,65.0,31.9,0.214,12.0,377.2,503.9,545.6,463.8,81.8,14.99,Moderate (10-25%)
2026-04-09 06:00:00,Shift_1_Morning,BAL_SOUTH_PIT,21.8005,80.1901,18,19,3,14,1.3,7.58,18.7,5.8,53.3,37.2,0.229,3.6,524.6,469.2,520.1,465.0,55.1,10.59,Moderate (10-25%)
2026-04-09 14:00:00,Shift_2_Evening,UKWA_EXTENSION,21.7932,80.2015,24,26,3,10,1.79,7.64,19.8,10.2,73.8,34.5,0.275,16.0,467.5,464.1,546.3,453.3,93.0,17.02,Moderate (10-25%)
2026-04-09 22:00:00,Shift_3_Night,BAL_DEEP_LEVEL_3,21.8064,80.1876,17,18,2,12,0.77,8.0,17.0,15.0,62.0,33.4,0.161,12.2,544.6,438.6,553.9,522.2,31.7,5.72,Normal (<10%)
2026-04-10 06:00:00,Shift_1_Morning,BAL_DEEP_LEVEL_3,21.8064,80.1876,17,17,3,16,1.04,8.08,22.6,17.4,74.9,35.8,0.298,15.1,515.5,489.4,595.1,543.8,51.3,8.62,Normal (<10%)
2026-04-10 14:00:00,Shift_2_Evening,BAL_NORTH_PIT,21.8121,80.1843,23,24,2,11,0.27,7.43,20.3,1.8,66.8,32.9,0.266,5.8,508.3,525.2,514.7,459.8,54.9,10.67,Moderate (10-25%)
2026-04-10 22:00:00,Shift_3_Night,UKWA_EXTENSION,21.7932,80.2015,18,19,3,12,0.82,8.08,22.9,19.7,66.3,35.7,0.3,9.6,426.3,389.9,468.3,422.4,45.9,9.8,Normal (<10%)
2026-04-11 06:00:00,Shift_1_Morning,UKWA_EXTENSION,21.7932,80.2015,18,19,3,12,0.45,7.92,18.7,4.1,71.8,33.6,0.209,0.1,480.8,485.4,529.7,453.3,76.4,14.42,Moderate (10-25%)
2026-04-11 14:00:00,Shift_2_Evening,BAL_NORTH_PIT,21.8121,80.1843,18,19,2,15,0.45,7.61,23.3,2.6,65.6,36.4,0.205,4.6,509.3,500.2,413.7,356.8,56.9,13.75,Moderate (10-25%)
2026-04-11 22:00:00,Shift_3_Night,UKWA_EXTENSION,21.7932,80.2015,20,21,4,14,0.66,7.72,21.6,7.5,61.4,39.4,0.166,11.4,422.3,396.8,579.5,461.1,118.4,20.43,Moderate (10-25%)
2026-04-12 06:00:00,Shift_1_Morning,UKWA_EXTENSION,21.7932,80.2015,18,20,3,14,0.43,7.49,19.6,14.1,63.6,34.0,0.24,17.6,431.2,471.1,423.9,374.5,49.4,11.65,Moderate (10-25%)
2026-04-12 14:00:00,Shift_2_Evening,BAL_SOUTH_PIT,21.8005,80.1901,21,24,4,12,0.84,7.28,21.3,6.5,68.6,31.4,0.24,2.4,515.3,504.1,465.6,368.7,96.9,20.81,Moderate (10-25%)
2026-04-12 22:00:00,Shift_3_Night,BAL_DEEP_LEVEL_3,21.8064,80.1876,16,18,3,15,0.34,7.45,21.3,10.8,61.5,32.9,0.218,7.5,434.5,444.3,563.1,466.3,96.8,17.19,Moderate (10-25%)
2026-04-13 06:00:00,Shift_1_Morning,UKWA_EXTENSION,21.7932,80.2015,19,21,1,12,1.64,7.62,22.3,15.0,64.5,33.3,0.26,17.5,437.4,553.0,519.5,420.9,98.6,18.98,Moderate (10-25%)
2026-04-13 14:00:00,Shift_2_Evening,BAL_SOUTH_PIT,21.8005,80.1901,19,19,4,14,0.52,8.06,20.0,2.9,59.7,34.2,0.188,7.7,452.3,465.8,478.7,464.3,14.4,3.01,Normal (<10%)
2026-04-13 22:00:00,Shift_3_Night,BAL_DEEP_LEVEL_3,21.8064,80.1876,17,19,4,16,0.79,8.02,20.2,7.5,58.9,37.2,0.182,0.9,504.6,391.2,494.7,463.4,31.3,6.33,Normal (<10%)
2026-04-14 06:00:00,Shift_1_Morning,BAL_NORTH_PIT,21.8121,80.1843,25,26,3,14,0.76,7.6,19.1,13.0,61.2,37.6,0.204,6.8,560.2,464.4,570.9,522.5,48.4,8.48,Normal (<10%)
2026-04-14 14:00:00,Shift_2_Evening,BAL_SOUTH_PIT,21.8005,80.1901,24,24,4,14,1.48,8.05,22.4,3.5,70.4,36.1,0.189,14.0,421.0,515.1,468.0,380.5,87.5,18.7,Moderate (10-25%)
2026-04-14 22:00:00,Shift_3_Night,BAL_SOUTH_PIT,21.8005,80.1901,21,22,3,13,0.03,8.12,20.8,5.7,67.5,34.6,0.222,14.5,493.4,499.5,573.9,519.7,54.2,9.44,Normal (<10%)
2026-04-15 06:00:00,Shift_1_Morning,BAL_DEEP_LEVEL_3,21.8064,80.1876,18,20,4,16,1.08,7.59,22.6,11.2,66.3,34.2,0.278,8.4,365.1,523.6,417.6,318.4,99.2,23.75,Moderate (10-25%)
2026-04-15 14:00:00,Shift_2_Evening,BAL_NORTH_PIT,21.8121,80.1843,20,21,3,16,1.28,8.15,20.2,6.4,60.4,36.2,0.276,8.1,535.4,615.5,555.4,491.1,64.3,11.58,Moderate (10-25%)
2026-04-15 22:00:00,Shift_3_Night,BAL_SOUTH_PIT,21.8005,80.1901,22,24,4,12,0.03,8.04,21.0,7.9,61.6,34.2,0.251,9.1,558.1,549.1,569.5,548.6,20.9,3.67,Normal (<10%)
2026-04-16 06:00:00,Shift_1_Morning,UKWA_EXTENSION,21.7932,80.2015,19,20,1,15,0.4,7.59,16.4,4.4,59.4,36.0,0.19,3.0,357.8,485.9,436.4,381.8,54.6,12.51,Moderate (10-25%)
2026-04-16 14:00:00,Shift_2_Evening,UKWA_EXTENSION,21.7932,80.2015,23,24,4,11,0.5,7.97,20.8,6.3,72.3,34.4,0.23,7.3,482.5,397.1,486.1,454.5,31.6,6.5,Normal (<10%)
2026-04-16 22:00:00,Shift_3_Night,UKWA_EXTENSION,21.7932,80.2015,24,25,4,16,0.38,7.94,20.0,3.0,64.1,34.4,0.202,5.8,526.8,469.0,433.1,377.1,56.0,12.93,Moderate (10-25%)
2026-04-17 06:00:00,Shift_1_Morning,BAL_NORTH_PIT,21.8121,80.1843,17,17,3,16,0.21,7.67,18.9,7.4,67.2,39.0,0.221,6.1,565.0,496.1,541.3,496.1,45.2,8.35,Normal (<10%)
2026-04-17 14:00:00,Shift_2_Evening,BAL_SOUTH_PIT,21.8005,80.1901,19,20,4,13,0.81,8.02,19.2,2.3,61.7,35.7,0.149,0.0,478.7,342.0,507.1,451.8,55.3,10.91,Moderate (10-25%)
2026-04-17 22:00:00,Shift_3_Night,UKWA_EXTENSION,21.7932,80.2015,17,20,3,10,1.76,8.08,21.4,16.9,61.0,35.1,0.227,12.0,419.5,412.4,527.1,390.6,136.5,25.9,Critical (>25%)
2026-04-18 06:00:00,Shift_1_Morning,BAL_NORTH_PIT,21.8121,80.1843,25,27,3,12,0.29,8.01,21.3,5.4,64.0,35.8,0.199,9.4,542.7,457.8,439.3,420.3,19.0,4.33,Normal (<10%)
2026-04-18 14:00:00,Shift_2_Evening,UKWA_EXTENSION,21.7932,80.2015,17,18,4,15,0.36,7.44,21.9,19.4,61.2,33.5,0.234,13.5,437.3,333.7,442.3,375.7,66.6,15.06,Moderate (10-25%)
2026-04-18 22:00:00,Shift_3_Night,BAL_DEEP_LEVEL_3,21.8064,80.1876,19,20,3,12,1.24,7.5,21.0,9.9,69.5,32.8,0.238,0.0,476.8,421.8,408.3,326.1,82.2,20.13,Moderate (10-25%)
2026-04-19 06:00:00,Shift_1_Morning,BAL_SOUTH_PIT,21.8005,80.1901,20,20,2,16,0.49,8.14,18.3,5.1,58.7,37.9,0.208,3.2,309.6,373.7,464.4,417.0,47.4,10.21,Moderate (10-25%)
2026-04-19 14:00:00,Shift_2_Evening,BAL_SOUTH_PIT,21.8005,80.1901,20,22,3,14,1.24,8.06,21.1,15.1,62.5,34.9,0.282,15.2,537.9,408.7,511.9,456.5,55.4,10.82,Moderate (10-25%)
2026-04-19 22:00:00,Shift_3_Night,BAL_NORTH_PIT,21.8121,80.1843,24,25,4,11,0.18,7.33,24.2,8.6,68.8,31.8,0.245,6.6,361.4,408.0,571.6,453.9,117.7,20.59,Moderate (10-25%)
2026-04-20 06:00:00,Shift_1_Morning,BAL_NORTH_PIT,21.8121,80.1843,20,22,4,12,0.89,7.48,23.6,5.0,57.8,35.4,0.135,0.0,486.7,507.0,533.4,432.7,100.7,18.88,Moderate (10-25%)
2026-04-20 14:00:00,Shift_2_Evening,BAL_SOUTH_PIT,21.8005,80.1901,26,26,3,12,1.78,8.18,19.9,4.8,62.0,39.6,0.183,8.4,428.1,552.1,487.1,412.8,74.3,15.25,Moderate (10-25%)
2026-04-20 22:00:00,Shift_3_Night,UKWA_EXTENSION,21.7932,80.2015,16,18,4,12,1.06,7.48,19.9,5.4,50.8,33.6,0.256,8.2,583.6,515.5,590.6,492.9,97.7,16.54,Moderate (10-25%)
2026-04-21 06:00:00,Shift_1_Morning,UKWA_EXTENSION,21.7932,80.2015,25,26,4,12,0.69,7.82,20.6,11.1,63.8,29.8,0.24,9.8,469.2,479.2,543.8,506.4,37.4,6.88,Normal (<10%)
2026-04-21 14:00:00,Shift_2_Evening,BAL_DEEP_LEVEL_3,21.8064,80.1876,26,26,3,14,0.06,8.19,21.6,1.8,66.6,36.3,0.252,9.1,471.4,403.8,586.0,579.2,6.8,1.16,Normal (<10%)
2026-04-21 22:00:00,Shift_3_Night,UKWA_EXTENSION,21.7932,80.2015,26,27,3,15,0.92,7.57,21.2,5.3,59.2,35.9,0.19,4.5,445.0,538.4,505.5,404.4,101.1,20.0,Moderate (10-25%)
2026-04-22 06:00:00,Shift_1_Morning,BAL_NORTH_PIT,21.8121,80.1843,20,22,3,14,1.18,7.49,21.8,6.9,66.8,34.6,0.199,2.4,521.4,374.0,451.8,358.2,93.6,20.72,Moderate (10-25%)
2026-04-22 14:00:00,Shift_2_Evening,BAL_NORTH_PIT,21.8121,80.1843,17,18,2,13,0.63,7.96,20.1,16.2,66.0,32.1,0.28,22.1,437.5,528.6,410.6,355.2,55.4,13.49,Moderate (10-25%)
2026-04-22 22:00:00,Shift_3_Night,UKWA_EXTENSION,21.7932,80.2015,23,24,3,14,0.57,8.11,21.4,19.1,72.0,35.6,0.294,11.3,540.0,539.9,545.2,482.2,63.0,11.56,Moderate (10-25%)
2026-04-23 06:00:00,Shift_1_Morning,BAL_NORTH_PIT,21.8121,80.1843,18,19,3,14,1.37,7.45,17.6,6.0,57.6,34.9,0.146,7.8,510.2,430.5,424.3,380.4,43.9,10.35,Moderate (10-25%)
2026-04-23 14:00:00,Shift_2_Evening,BAL_SOUTH_PIT,21.8005,80.1901,24,24,3,16,0.77,8.11,20.3,4.8,61.0,36.8,0.181,9.4,434.3,479.7,460.6,402.8,57.8,12.55,Moderate (10-25%)
2026-04-23 22:00:00,Shift_3_Night,BAL_SOUTH_PIT,21.8005,80.1901,19,22,4,14,0.46,7.55,21.0,9.3,57.5,33.5,0.245,7.4,573.9,516.7,506.5,462.6,43.9,8.67,Normal (<10%)
2026-04-24 06:00:00,Shift_1_Morning,UKWA_EXTENSION,21.7932,80.2015,17,17,3,13,0.38,7.52,21.0,8.5,62.0,37.4,0.206,10.1,387.1,423.8,512.9,422.8,90.1,17.57,Moderate (10-25%)
2026-04-24 14:00:00,Shift_2_Evening,BAL_SOUTH_PIT,21.8005,80.1901,22,23,3,16,0.17,7.51,19.9,15.3,65.5,32.8,0.32,13.0,407.7,452.1,520.1,439.9,80.2,15.42,Moderate (10-25%)
2026-04-24 22:00:00,Shift_3_Night,BAL_SOUTH_PIT,21.8005,80.1901,21,22,4,13,1.77,7.48,21.1,12.9,70.3,35.1,0.262,12.6,456.7,535.7,433.3,341.2,92.1,21.26,Moderate (10-25%)
2026-04-25 06:00:00,Shift_1_Morning,BAL_DEEP_LEVEL_3,21.8064,80.1876,19,20,3,12,2.02,7.6,20.3,12.6,60.8,35.2,0.185,4.3,425.0,498.0,475.9,388.6,87.3,18.34,Moderate (10-25%)
2026-04-25 14:00:00,Shift_2_Evening,BAL_DEEP_LEVEL_3,21.8064,80.1876,27,28,3,16,0.67,7.91,20.1,5.3,60.7,34.8,0.13,1.5,577.8,562.4,523.4,488.6,34.8,6.65,Normal (<10%)
2026-04-25 22:00:00,Shift_3_Night,BAL_SOUTH_PIT,21.8005,80.1901,22,24,3,12,0.43,7.34,20.2,13.5,62.4,30.5,0.289,16.8,522.2,481.5,594.0,520.9,73.1,12.31,Moderate (10-25%)
2026-04-26 06:00:00,Shift_1_Morning,UKWA_EXTENSION,21.7932,80.2015,17,19,3,13,0.0,7.56,22.9,19.0,66.6,36.1,0.263,15.9,452.6,463.0,545.5,481.4,64.1,11.75,Moderate (10-25%)
2026-04-26 14:00:00,Shift_2_Evening,BAL_DEEP_LEVEL_3,21.8064,80.1876,20,22,4,14,0.32,7.56,19.3,5.4,72.5,36.8,0.18,8.1,417.6,500.5,584.5,494.5,90.0,15.4,Moderate (10-25%)
2026-04-26 22:00:00,Shift_3_Night,BAL_NORTH_PIT,21.8121,80.1843,21,21,3,12,0.61,7.55,21.8,6.7,47.3,36.5,0.298,6.1,421.8,406.9,552.4,462.0,90.4,16.36,Moderate (10-25%)
2026-04-27 06:00:00,Shift_1_Morning,BAL_NORTH_PIT,21.8121,80.1843,19,20,4,14,0.95,7.54,18.7,5.8,62.4,34.7,0.203,13.7,575.6,444.2,518.3,423.1,95.2,18.37,Moderate (10-25%)
2026-04-27 14:00:00,Shift_2_Evening,BAL_NORTH_PIT,21.8121,80.1843,24,24,4,12,1.18,7.47,21.7,5.7,68.6,36.6,0.199,8.5,460.4,534.4,438.4,352.4,86.0,19.62,Moderate (10-25%)
2026-04-27 22:00:00,Shift_3_Night,UKWA_EXTENSION,21.7932,80.2015,23,26,3,14,0.78,7.58,24.9,30.7,68.9,34.2,0.402,24.5,468.4,445.9,533.3,431.6,101.7,19.07,Moderate (10-25%)
2026-04-28 06:00:00,Shift_1_Morning,BAL_SOUTH_PIT,21.8005,80.1901,17,17,2,16,0.0,8.0,19.5,6.2,65.5,34.3,0.211,10.8,453.8,495.9,524.7,489.5,35.2,6.71,Normal (<10%)
2026-04-28 14:00:00,Shift_2_Evening,BAL_NORTH_PIT,21.8121,80.1843,25,27,3,14,0.16,7.95,21.7,12.1,71.2,33.1,0.27,23.3,452.6,375.0,520.5,461.5,59.0,11.34,Moderate (10-25%)
2026-04-28 22:00:00,Shift_3_Night,UKWA_EXTENSION,21.7932,80.2015,24,26,3,16,0.88,7.97,22.0,12.4,63.2,34.7,0.211,3.4,469.4,423.5,498.0,447.3,50.7,10.18,Moderate (10-25%)
2026-04-29 06:00:00,Shift_1_Morning,BAL_DEEP_LEVEL_3,21.8064,80.1876,19,20,3,16,0.7,8.2,21.3,12.5,61.0,35.0,0.231,8.7,577.1,544.0,505.7,487.6,18.1,3.58,Normal (<10%)
2026-04-29 14:00:00,Shift_2_Evening,BAL_SOUTH_PIT,21.8005,80.1901,18,20,4,12,0.41,7.33,21.8,15.0,70.6,32.0,0.291,19.4,377.1,432.0,466.9,341.4,125.5,26.88,Critical (>25%)
2026-04-29 22:00:00,Shift_3_Night,BAL_DEEP_LEVEL_3,21.8064,80.1876,20,20,3,14,1.46,8.05,19.7,17.2,67.9,35.3,0.222,9.2,372.9,453.1,503.9,434.9,69.0,13.69,Moderate (10-25%)
2026-04-30 06:00:00,Shift_1_Morning,UKWA_EXTENSION,21.7932,80.2015,23,24,4,11,0.97,7.33,21.3,2.0,62.0,32.0,0.152,0.0,451.7,388.1,439.5,352.1,87.4,19.89,Moderate (10-25%)
2026-04-30 14:00:00,Shift_2_Evening,BAL_NORTH_PIT,21.8121,80.1843,19,20,4,14,1.17,7.99,17.0,5.9,65.4,32.1,0.208,1.5,556.5,469.2,561.0,509.9,51.1,9.11,Normal (<10%)
2026-04-30 22:00:00,Shift_3_Night,BAL_NORTH_PIT,21.8121,80.1843,20,20,3,15,0.51,7.96,19.4,1.8,66.9,34.8,0.214,4.8,460.3,425.2,437.2,424.8,12.4,2.84,Normal (<10%)
2026-05-01 06:00:00,Shift_1_Morning,UKWA_EXTENSION,21.7932,80.2015,20,20,4,14,0.55,7.29,21.4,11.1,65.3,31.3,0.29,2.5,501.2,395.3,417.0,321.4,95.6,22.93,Moderate (10-25%)
2026-05-01 14:00:00,Shift_2_Evening,BAL_NORTH_PIT,21.8121,80.1843,22,22,4,11,0.67,7.54,19.4,13.6,65.2,35.0,0.194,11.4,393.4,396.3,487.2,406.0,81.2,16.67,Moderate (10-25%)
2026-05-01 22:00:00,Shift_3_Night,BAL_SOUTH_PIT,21.8005,80.1901,23,24,2,12,1.14,7.96,19.0,6.9,65.5,36.8,0.222,0.0,398.5,516.6,531.7,489.1,42.6,8.01,Normal (<10%)
2026-05-02 06:00:00,Shift_1_Morning,UKWA_EXTENSION,21.7932,80.2015,17,18,3,16,0.43,7.79,19.2,4.8,58.8,36.4,0.126,7.6,452.3,373.3,487.5,429.1,58.4,11.98,Moderate (10-25%)
2026-05-02 14:00:00,Shift_2_Evening,BAL_DEEP_LEVEL_3,21.8064,80.1876,25,27,3,16,0.6,8.08,23.3,5.1,68.4,38.1,0.192,6.5,467.4,370.4,455.4,382.6,72.8,15.99,Moderate (10-25%)
2026-05-02 22:00:00,Shift_3_Night,UKWA_EXTENSION,21.7932,80.2015,18,18,4,12,1.76,8.14,20.2,4.2,57.6,40.9,0.174,3.3,423.5,469.6,511.6,442.3,69.3,13.55,Moderate (10-25%)
2026-05-03 06:00:00,Shift_1_Morning,BAL_SOUTH_PIT,21.8005,80.1901,24,24,3,16,0.24,7.65,21.0,16.6,65.3,38.4,0.284,22.0,562.3,531.2,469.4,446.5,22.9,4.88,Normal (<10%)
2026-05-03 14:00:00,Shift_2_Evening,BAL_SOUTH_PIT,21.8005,80.1901,21,22,3,16,0.82,8.04,18.9,6.0,65.1,36.5,0.145,7.0,616.1,511.0,586.6,583.6,3.0,0.51,Normal (<10%)
2026-05-03 22:00:00,Shift_3_Night,UKWA_EXTENSION,21.7932,80.2015,25,26,3,12,0.3,8.0,22.3,12.7,60.5,35.3,0.269,5.5,584.4,448.0,584.5,528.2,56.3,9.63,Normal (<10%)
2026-05-04 06:00:00,Shift_1_Morning,UKWA_EXTENSION,21.7932,80.2015,20,20,3,12,0.48,8.13,18.4,6.3,66.3,40.6,0.181,2.6,443.9,455.2,500.5,498.7,1.8,0.36,Normal (<10%)
2026-05-04 14:00:00,Shift_2_Evening,BAL_NORTH_PIT,21.8121,80.1843,22,24,3,10,0.93,8.17,20.4,3.2,63.8,39.0,0.209,7.9,529.0,361.5,465.6,441.7,23.9,5.13,Normal (<10%)
2026-05-04 22:00:00,Shift_3_Night,BAL_SOUTH_PIT,21.8005,80.1901,24,26,3,11,0.4,8.11,19.9,14.2,71.4,38.6,0.254,17.6,415.2,579.0,547.4,458.1,89.3,16.31,Moderate (10-25%)
2026-05-05 06:00:00,Shift_1_Morning,UKWA_EXTENSION,21.7932,80.2015,24,25,4,12,1.09,7.41,20.8,8.2,66.1,34.9,0.238,4.8,313.5,339.5,407.3,312.8,94.5,23.2,Moderate (10-25%)
2026-05-05 14:00:00,Shift_2_Evening,UKWA_EXTENSION,21.7932,80.2015,17,18,4,14,0.57,7.52,20.8,7.5,62.5,38.1,0.232,0.8,496.2,432.1,495.0,458.8,36.2,7.31,Normal (<10%)
2026-05-05 22:00:00,Shift_3_Night,BAL_SOUTH_PIT,21.8005,80.1901,25,26,2,14,0.0,7.54,21.8,10.2,66.2,37.2,0.214,17.7,403.9,442.7,467.3,393.1,74.2,15.88,Moderate (10-25%)
2026-05-06 06:00:00,Shift_1_Morning,UKWA_EXTENSION,21.7932,80.2015,27,27,3,11,0.38,7.32,20.7,6.0,65.8,33.4,0.26,9.3,571.3,576.0,584.1,540.0,44.1,7.55,Normal (<10%)
2026-05-06 14:00:00,Shift_2_Evening,BAL_NORTH_PIT,21.8121,80.1843,17,18,4,14,1.04,7.55,22.3,8.6,73.5,38.1,0.22,5.4,350.5,363.7,402.4,297.7,104.7,26.02,Critical (>25%)
2026-05-06 22:00:00,Shift_3_Night,BAL_SOUTH_PIT,21.8005,80.1901,17,20,3,16,0.99,8.23,21.2,12.3,64.2,37.3,0.231,7.2,469.1,571.4,510.6,439.2,71.4,13.98,Moderate (10-25%)
2026-05-07 06:00:00,Shift_1_Morning,BAL_NORTH_PIT,21.8121,80.1843,21,22,3,12,2.2,7.56,25.4,36.3,71.7,31.8,0.369,29.2,433.7,432.4,548.1,420.6,127.5,23.26,Moderate (10-25%)
2026-05-07 14:00:00,Shift_2_Evening,BAL_NORTH_PIT,21.8121,80.1843,25,26,3,16,0.0,7.65,20.9,10.1,62.1,38.6,0.16,4.7,542.1,434.8,497.0,459.7,37.3,7.51,Normal (<10%)
2026-05-07 22:00:00,Shift_3_Night,BAL_NORTH_PIT,21.8121,80.1843,22,24,2,12,0.04,8.02,22.3,6.1,64.6,38.3,0.249,8.5,408.4,434.1,417.1,373.2,43.9,10.53,Moderate (10-25%)
2026-05-08 06:00:00,Shift_1_Morning,BAL_NORTH_PIT,21.8121,80.1843,23,24,3,14,0.64,7.49,19.8,9.8,58.8,34.7,0.231,4.2,582.1,592.3,594.5,546.1,48.4,8.14,Normal (<10%)
2026-05-08 14:00:00,Shift_2_Evening,BAL_SOUTH_PIT,21.8005,80.1901,24,26,2,16,1.14,7.54,23.4,11.8,64.0,36.3,0.259,17.8,396.7,526.4,503.6,391.0,112.6,22.36,Moderate (10-25%)
2026-05-08 22:00:00,Shift_3_Night,BAL_NORTH_PIT,21.8121,80.1843,25,26,3,16,0.2,7.42,20.6,6.2,58.8,36.1,0.222,11.4,422.7,404.5,522.8,416.5,106.3,20.33,Moderate (10-25%)
2026-05-09 06:00:00,Shift_1_Morning,BAL_NORTH_PIT,21.8121,80.1843,24,26,3,14,0.51,7.4,18.8,3.5,57.9,36.4,0.152,9.6,387.2,512.7,447.3,385.3,62.0,13.86,Moderate (10-25%)
2026-05-09 14:00:00,Shift_2_Evening,UKWA_EXTENSION,21.7932,80.2015,23,23,4,13,0.78,8.13,20.5,0.5,65.5,39.4,0.187,5.7,318.3,369.9,496.7,433.8,62.9,12.66,Moderate (10-25%)
2026-05-09 22:00:00,Shift_3_Night,BAL_SOUTH_PIT,21.8005,80.1901,25,26,4,16,0.28,8.14,19.4,8.8,63.1,38.3,0.182,7.1,406.1,431.4,485.8,458.0,27.8,5.72,Normal (<10%)
2026-05-10 06:00:00,Shift_1_Morning,BAL_SOUTH_PIT,21.8005,80.1901,24,25,4,16,0.15,7.4,21.8,10.5,59.8,35.0,0.209,4.8,469.1,462.6,415.0,354.1,60.9,14.67,Moderate (10-25%)
2026-05-10 14:00:00,Shift_2_Evening,BAL_DEEP_LEVEL_3,21.8064,80.1876,21,21,3,16,0.97,8.1,18.8,6.8,62.4,39.5,0.201,11.6,373.3,449.8,421.2,369.9,51.3,12.18,Moderate (10-25%)
2026-05-10 22:00:00,Shift_3_Night,BAL_SOUTH_PIT,21.8005,80.1901,18,18,3,15,1.17,7.49,18.8,0.0,59.2,37.3,0.143,1.7,403.9,319.5,567.5,503.4,64.1,11.3,Moderate (10-25%)
2026-05-11 06:00:00,Shift_1_Morning,BAL_SOUTH_PIT,21.8005,80.1901,18,19,4,15,0.0,8.03,20.2,11.0,64.5,34.3,0.213,21.1,561.1,523.4,448.0,409.3,38.7,8.64,Normal (<10%)
2026-05-11 14:00:00,Shift_2_Evening,BAL_DEEP_LEVEL_3,21.8064,80.1876,24,25,4,12,0.37,8.05,20.2,1.3,53.8,39.3,0.155,7.4,553.4,482.9,439.0,417.5,21.5,4.9,Normal (<10%)
2026-05-11 22:00:00,Shift_3_Night,BAL_SOUTH_PIT,21.8005,80.1901,23,24,4,16,1.56,8.1,21.2,5.1,57.7,40.5,0.18,0.0,392.8,533.1,501.0,431.9,69.1,13.79,Moderate (10-25%)
2026-05-12 06:00:00,Shift_1_Morning,BAL_SOUTH_PIT,21.8005,80.1901,25,26,3,11,1.35,8.01,20.0,11.1,57.2,35.4,0.248,7.7,490.3,645.9,553.7,506.8,46.9,8.47,Normal (<10%)
2026-05-12 14:00:00,Shift_2_Evening,BAL_SOUTH_PIT,21.8005,80.1901,19,19,4,12,0.85,8.14,19.9,7.3,59.7,40.3,0.236,11.7,401.6,533.3,412.4,374.8,37.6,9.12,Normal (<10%)
2026-05-12 22:00:00,Shift_3_Night,BAL_SOUTH_PIT,21.8005,80.1901,18,19,4,16,1.42,8.03,19.9,3.3,58.3,38.7,0.127,4.2,568.8,545.2,515.4,490.1,25.3,4.91,Normal (<10%)
2026-05-13 06:00:00,Shift_1_Morning,BAL_DEEP_LEVEL_3,21.8064,80.1876,23,23,3,16,0.84,8.06,21.7,9.3,57.9,36.6,0.146,12.9,506.4,367.7,423.8,387.8,36.0,8.49,Normal (<10%)
2026-05-13 14:00:00,Shift_2_Evening,BAL_SOUTH_PIT,21.8005,80.1901,19,21,3,14,0.2,7.92,21.2,2.5,66.2,35.1,0.23,3.1,472.2,468.8,407.3,360.3,47.0,11.54,Moderate (10-25%)
2026-05-13 22:00:00,Shift_3_Night,BAL_SOUTH_PIT,21.8005,80.1901,23,23,4,14,0.19,8.22,19.2,10.8,73.6,38.3,0.237,7.6,471.3,510.0,410.5,380.6,29.9,7.28,Normal (<10%)
2026-05-14 06:00:00,Shift_1_Morning,BAL_DEEP_LEVEL_3,21.8064,80.1876,20,20,4,12,0.03,8.05,17.8,3.2,66.0,38.4,0.184,4.4,488.1,505.0,566.8,531.6,35.2,6.21,Normal (<10%)
2026-05-14 14:00:00,Shift_2_Evening,UKWA_EXTENSION,21.7932,80.2015,24,26,3,15,0.44,8.07,19.8,7.3,60.1,38.0,0.194,6.6,479.6,429.8,423.6,381.7,41.9,9.89,Normal (<10%)
2026-05-14 22:00:00,Shift_3_Night,BAL_NORTH_PIT,21.8121,80.1843,17,18,4,13,0.58,7.34,21.7,13.0,66.2,34.8,0.259,12.0,366.0,526.6,409.0,338.8,70.2,17.16,Moderate (10-25%)
2026-05-15 06:00:00,Shift_1_Morning,UKWA_EXTENSION,21.7932,80.2015,17,19,4,14,1.51,7.92,18.4,9.9,63.5,36.4,0.253,12.8,499.3,476.4,487.6,426.3,61.3,12.57,Moderate (10-25%)
2026-05-15 14:00:00,Shift_2_Evening,BAL_DEEP_LEVEL_3,21.8064,80.1876,24,26,3,14,1.11,7.62,19.7,6.1,60.5,36.8,0.23,8.8,461.3,535.3,568.8,493.3,75.5,13.27,Moderate (10-25%)
2026-05-15 22:00:00,Shift_3_Night,BAL_NORTH_PIT,21.8121,80.1843,16,17,4,13,0.98,8.03,21.5,2.7,69.2,35.9,0.221,0.0,421.5,456.4,452.5,376.8,75.7,16.73,Moderate (10-25%)
2026-05-16 06:00:00,Shift_1_Morning,BAL_DEEP_LEVEL_3,21.8064,80.1876,25,26,4,13,1.03,7.31,22.1,10.4,74.2,33.9,0.218,12.3,436.6,448.2,484.3,381.5,102.8,21.23,Moderate (10-25%)
2026-05-16 14:00:00,Shift_2_Evening,BAL_DEEP_LEVEL_3,21.8064,80.1876,27,27,3,15,0.26,7.6,21.7,10.8,58.6,37.0,0.24,9.9,566.8,515.8,408.0,368.3,39.7,9.73,Normal (<10%)
2026-05-16 22:00:00,Shift_3_Night,BAL_SOUTH_PIT,21.8005,80.1901,22,22,4,14,0.38,7.45,19.7,3.6,69.0,36.2,0.194,4.6,456.5,396.2,489.8,431.3,58.5,11.94,Moderate (10-25%)
2026-05-17 06:00:00,Shift_1_Morning,BAL_NORTH_PIT,21.8121,80.1843,17,19,3,12,0.24,8.14,22.4,8.3,60.7,39.5,0.227,0.0,519.5,525.8,515.5,446.8,68.7,13.33,Moderate (10-25%)
2026-05-17 14:00:00,Shift_2_Evening,BAL_SOUTH_PIT,21.8005,80.1901,19,19,3,13,0.77,7.99,18.1,4.8,60.0,38.8,0.176,0.0,530.2,441.7,514.2,503.8,10.4,2.02,Normal (<10%)
2026-05-17 22:00:00,Shift_3_Night,BAL_NORTH_PIT,21.8121,80.1843,21,22,4,13,0.6,8.02,20.6,6.6,64.5,35.6,0.25,8.6,530.7,426.7,466.5,447.0,19.5,4.18,Normal (<10%)
2026-05-18 06:00:00,Shift_1_Morning,BAL_DEEP_LEVEL_3,21.8064,80.1876,16,18,3,14,0.34,8.12,19.8,3.3,69.7,36.5,0.159,9.1,439.6,505.6,463.1,450.9,12.2,2.63,Normal (<10%)
2026-05-18 14:00:00,Shift_2_Evening,BAL_DEEP_LEVEL_3,21.8064,80.1876,17,18,4,13,1.24,7.41,20.0,10.9,65.8,34.7,0.215,14.8,413.8,552.9,421.3,362.9,58.4,13.86,Moderate (10-25%)
2026-05-18 22:00:00,Shift_3_Night,UKWA_EXTENSION,21.7932,80.2015,24,24,3,12,0.91,7.9,19.8,2.5,64.8,34.6,0.231,4.6,496.3,472.8,473.4,427.0,46.4,9.8,Normal (<10%)
2026-05-19 06:00:00,Shift_1_Morning,BAL_NORTH_PIT,21.8121,80.1843,16,17,3,14,0.5,7.98,20.8,6.5,68.8,35.9,0.261,5.8,552.0,481.4,419.9,379.2,40.7,9.69,Normal (<10%)
2026-05-19 14:00:00,Shift_2_Evening,BAL_SOUTH_PIT,21.8005,80.1901,24,27,4,12,2.25,8.08,20.0,4.6,68.4,38.0,0.264,3.2,512.2,524.1,553.3,488.3,65.0,11.75,Moderate (10-25%)
2026-05-19 22:00:00,Shift_3_Night,UKWA_EXTENSION,21.7932,80.2015,18,18,3,12,0.4,7.87,19.8,6.3,65.6,33.6,0.203,0.0,447.1,439.7,593.3,545.5,47.8,8.06,Normal (<10%)
2026-05-20 06:00:00,Shift_1_Morning,UKWA_EXTENSION,21.7932,80.2015,20,22,4,16,0.0,7.83,23.7,7.7,68.8,36.5,0.276,13.7,425.3,536.3,594.0,508.0,86.0,14.48,Moderate (10-25%)
2026-05-20 14:00:00,Shift_2_Evening,UKWA_EXTENSION,21.7932,80.2015,23,24,4,11,0.66,8.08,20.3,2.6,60.2,38.3,0.228,12.2,416.8,545.7,573.0,538.3,34.7,6.06,Normal (<10%)
2026-05-20 22:00:00,Shift_3_Night,BAL_SOUTH_PIT,21.8005,80.1901,25,25,4,12,0.02,7.94,20.0,12.7,55.5,35.1,0.243,12.2,473.4,433.8,520.2,501.1,19.1,3.67,Normal (<10%)
2026-05-21 06:00:00,Shift_1_Morning,UKWA_EXTENSION,21.7932,80.2015,25,26,3,14,0.15,7.96,20.8,5.4,72.5,36.3,0.169,1.1,499.0,599.3,540.2,524.6,15.6,2.89,Normal (<10%)
2026-05-21 14:00:00,Shift_2_Evening,BAL_SOUTH_PIT,21.8005,80.1901,20,21,4,12,0.35,7.31,20.2,10.3,58.4,34.6,0.212,11.4,408.2,502.3,457.0,379.7,77.3,16.91,Moderate (10-25%)
2026-05-21 22:00:00,Shift_3_Night,UKWA_EXTENSION,21.7932,80.2015,23,24,4,16,0.6,7.43,21.2,5.5,61.0,35.1,0.229,4.9,478.1,502.1,526.2,403.1,123.1,23.39,Moderate (10-25%)
2026-05-22 06:00:00,Shift_1_Morning,BAL_SOUTH_PIT,21.8005,80.1901,25,25,3,12,1.53,8.0,20.2,6.6,61.5,39.8,0.152,0.0,458.8,505.0,491.1,400.3,90.8,18.49,Moderate (10-25%)
2026-05-22 14:00:00,Shift_2_Evening,BAL_DEEP_LEVEL_3,21.8064,80.1876,21,24,3,14,0.0,8.09,19.6,6.8,60.0,36.9,0.181,7.1,523.6,442.0,496.4,466.8,29.6,5.96,Normal (<10%)
2026-05-22 22:00:00,Shift_3_Night,BAL_DEEP_LEVEL_3,21.8064,80.1876,19,20,2,16,1.31,7.92,20.9,24.0,64.3,31.7,0.253,11.9,431.4,513.7,551.6,470.9,80.7,14.63,Moderate (10-25%)
2026-05-23 06:00:00,Shift_1_Morning,BAL_DEEP_LEVEL_3,21.8064,80.1876,21,23,4,16,0.68,8.17,20.4,2.2,63.7,38.4,0.155,2.5,452.1,510.6,456.4,405.2,51.2,11.22,Moderate (10-25%)
2026-05-23 14:00:00,Shift_2_Evening,BAL_DEEP_LEVEL_3,21.8064,80.1876,24,24,3,16,0.89,7.43,18.8,0.3,64.4,36.4,0.21,14.6,445.4,480.9,463.6,391.5,72.1,15.55,Moderate (10-25%)
2026-05-23 22:00:00,Shift_3_Night,BAL_DEEP_LEVEL_3,21.8064,80.1876,21,22,2,15,0.14,7.43,23.2,12.6,69.0,35.2,0.273,11.6,488.7,544.5,584.9,509.8,75.1,12.84,Moderate (10-25%)
2026-05-24 06:00:00,Shift_1_Morning,UKWA_EXTENSION,21.7932,80.2015,25,26,3,12,0.0,8.15,19.2,8.9,66.4,38.4,0.224,21.7,320.4,417.8,411.2,374.8,36.4,8.85,Normal (<10%)
2026-05-24 14:00:00,Shift_2_Evening,UKWA_EXTENSION,21.7932,80.2015,20,22,4,12,0.1,7.52,19.4,17.9,63.7,36.5,0.244,7.6,458.1,469.9,497.1,420.2,76.9,15.47,Moderate (10-25%)
2026-05-24 22:00:00,Shift_3_Night,UKWA_EXTENSION,21.7932,80.2015,26,26,4,15,1.02,7.44,20.9,6.9,62.9,36.0,0.326,6.5,597.2,449.6,582.6,467.9,114.7,19.69,Moderate (10-25%)
2026-05-25 06:00:00,Shift_1_Morning,BAL_SOUTH_PIT,21.8005,80.1901,18,20,4,12,1.58,7.98,21.1,4.2,68.7,36.2,0.229,4.8,525.9,436.2,522.1,468.5,53.6,10.27,Moderate (10-25%)
2026-05-25 14:00:00,Shift_2_Evening,BAL_SOUTH_PIT,21.8005,80.1901,24,26,3,16,0.68,8.14,21.6,20.6,64.1,37.6,0.261,25.2,549.0,405.2,509.3,445.6,63.7,12.51,Moderate (10-25%)
2026-05-25 22:00:00,Shift_3_Night,BAL_SOUTH_PIT,21.8005,80.1901,25,25,3,14,0.3,8.15,21.6,10.9,62.0,38.2,0.248,7.6,452.1,388.9,449.9,429.7,20.2,4.49,Normal (<10%)
2026-05-26 06:00:00,Shift_1_Morning,BAL_SOUTH_PIT,21.8005,80.1901,18,18,3,16,1.26,7.42,20.6,8.1,67.9,34.9,0.208,3.1,444.8,491.7,468.7,384.1,84.6,18.05,Moderate (10-25%)
2026-05-26 14:00:00,Shift_2_Evening,BAL_DEEP_LEVEL_3,21.8064,80.1876,26,26,3,14,0.07,7.5,20.2,9.2,62.8,36.3,0.145,6.7,534.2,533.1,570.4,513.0,57.4,10.06,Moderate (10-25%)
2026-05-26 22:00:00,Shift_3_Night,BAL_DEEP_LEVEL_3,21.8064,80.1876,19,21,2,15,0.5,8.01,19.4,16.0,63.2,36.2,0.263,11.4,545.3,362.2,511.8,485.5,26.3,5.14,Normal (<10%)
2026-05-27 06:00:00,Shift_1_Morning,BAL_DEEP_LEVEL_3,21.8064,80.1876,25,25,4,13,0.51,7.9,22.2,2.5,58.5,37.8,0.18,6.5,380.2,473.4,502.9,426.5,76.4,15.19,Moderate (10-25%)
2026-05-27 14:00:00,Shift_2_Evening,BAL_NORTH_PIT,21.8121,80.1843,23,26,3,14,1.14,7.49,22.9,9.7,69.3,35.0,0.253,3.8,455.9,494.1,419.9,340.5,79.4,18.91,Moderate (10-25%)
2026-05-27 22:00:00,Shift_3_Night,UKWA_EXTENSION,21.7932,80.2015,18,20,3,14,0.28,7.5,20.3,10.8,66.8,36.0,0.232,6.5,489.9,517.2,403.2,339.8,63.4,15.72,Moderate (10-25%)
2026-05-28 06:00:00,Shift_1_Morning,BAL_SOUTH_PIT,21.8005,80.1901,26,27,2,14,2.33,8.11,19.0,9.0,64.8,38.4,0.207,19.1,458.4,443.7,592.7,486.2,106.5,17.97,Moderate (10-25%)
2026-05-28 14:00:00,Shift_2_Evening,BAL_SOUTH_PIT,21.8005,80.1901,23,26,3,12,1.71,7.62,19.8,2.8,56.9,41.3,0.213,5.7,406.8,315.4,475.4,364.2,111.2,23.39,Moderate (10-25%)
2026-05-28 22:00:00,Shift_3_Night,BAL_DEEP_LEVEL_3,21.8064,80.1876,23,23,3,12,0.55,7.97,19.6,5.1,64.2,37.1,0.254,2.3,449.3,484.1,520.6,470.9,49.7,9.55,Normal (<10%)
2026-05-29 06:00:00,Shift_1_Morning,BAL_SOUTH_PIT,21.8005,80.1901,18,18,3,14,1.24,7.98,20.7,2.4,60.3,36.6,0.16,5.8,439.0,378.1,415.9,388.6,27.3,6.56,Normal (<10%)
2026-05-29 14:00:00,Shift_2_Evening,BAL_SOUTH_PIT,21.8005,80.1901,23,26,4,14,0.32,7.57,21.9,8.2,59.2,36.7,0.187,0.0,560.9,442.9,536.6,445.2,91.4,17.03,Moderate (10-25%)
2026-05-29 22:00:00,Shift_3_Night,UKWA_EXTENSION,21.7932,80.2015,22,24,3,12,0.02,7.44,22.5,8.4,61.8,36.6,0.309,17.9,522.4,535.2,586.5,514.7,71.8,12.24,Moderate (10-25%)
2026-05-30 06:00:00,Shift_1_Morning,BAL_DEEP_LEVEL_3,21.8064,80.1876,17,20,3,12,0.41,7.56,19.8,3.4,65.1,37.9,0.147,17.9,455.1,481.0,515.1,431.5,83.6,16.23,Moderate (10-25%)
2026-05-30 14:00:00,Shift_2_Evening,UKWA_EXTENSION,21.7932,80.2015,22,25,4,12,2.04,7.99,22.7,10.0,69.3,35.1,0.154,8.2,461.9,493.3,425.2,338.4,86.8,20.41,Moderate (10-25%)
2026-05-30 22:00:00,Shift_3_Night,BAL_NORTH_PIT,21.8121,80.1843,22,23,2,13,1.47,7.9,18.5,6.7,57.1,37.3,0.181,4.4,526.9,438.9,516.3,471.1,45.2,8.75,Normal (<10%)
2026-05-31 06:00:00,Shift_1_Morning,BAL_NORTH_PIT,21.8121,80.1843,22,24,3,11,1.74,7.9,21.6,3.4,57.8,36.5,0.203,3.9,505.1,466.5,553.3,463.0,90.3,16.32,Moderate (10-25%)
2026-05-31 14:00:00,Shift_2_Evening,BAL_NORTH_PIT,21.8121,80.1843,23,24,3,14,1.1,8.14,24.8,15.0,70.5,35.6,0.317,14.8,497.9,423.8,481.3,408.2,73.1,15.19,Moderate (10-25%)
2026-05-31 22:00:00,Shift_3_Night,BAL_DEEP_LEVEL_3,21.8064,80.1876,21,21,3,11,0.53,7.98,19.2,4.2,61.2,35.1,0.242,6.7,481.4,564.4,576.0,554.5,21.5,3.73,Normal (<10%)
2026-06-01 06:00:00,Shift_1_Morning,BAL_SOUTH_PIT,21.8005,80.1901,16,17,3,16,1.6,8.16,18.6,12.6,68.8,36.1,0.278,21.1,484.3,428.8,529.7,464.4,65.3,12.33,Moderate (10-25%)
2026-06-01 14:00:00,Shift_2_Evening,BAL_DEEP_LEVEL_3,21.8064,80.1876,24,25,3,16,0.93,7.45,20.8,11.9,60.7,36.3,0.164,19.6,570.1,485.9,579.8,499.9,79.9,13.78,Moderate (10-25%)
2026-06-01 22:00:00,Shift_3_Night,BAL_DEEP_LEVEL_3,21.8064,80.1876,20,22,3,12,0.96,8.03,25.2,60.4,81.4,30.5,0.466,41.6,426.0,531.0,524.7,438.1,86.6,16.5,Moderate (10-25%)
2026-06-02 06:00:00,Shift_1_Morning,BAL_SOUTH_PIT,21.8005,80.1901,21,25,4,11,1.15,8.24,32.1,99.8,83.5,28.5,0.694,74.1,400.4,425.6,426.3,342.1,84.2,19.75,Moderate (10-25%)
2026-06-02 14:00:00,Shift_2_Evening,UKWA_EXTENSION,21.7932,80.2015,21,22,3,16,0.12,7.89,20.7,19.1,70.1,34.4,0.307,14.0,542.4,418.1,461.9,399.9,62.0,13.42,Moderate (10-25%)
2026-06-02 22:00:00,Shift_3_Night,BAL_NORTH_PIT,21.8121,80.1843,21,23,3,15,1.28,7.81,21.8,12.4,54.1,33.1,0.24,17.7,362.6,396.0,440.4,369.5,70.9,16.1,Moderate (10-25%)
2026-06-03 06:00:00,Shift_1_Morning,UKWA_EXTENSION,21.7932,80.2015,26,26,3,14,0.73,7.63,20.6,19.2,69.3,38.2,0.177,23.5,456.8,432.9,581.8,491.6,90.2,15.5,Moderate (10-25%)
2026-06-03 14:00:00,Shift_2_Evening,BAL_NORTH_PIT,21.8121,80.1843,24,26,4,12,0.14,7.92,23.9,37.3,72.8,33.3,0.366,29.0,549.1,526.6,552.1,507.5,44.6,8.08,Normal (<10%)
2026-06-03 22:00:00,Shift_3_Night,BAL_DEEP_LEVEL_3,21.8064,80.1876,19,20,3,12,0.05,7.5,21.3,24.5,71.7,33.8,0.364,22.7,385.9,282.7,535.3,440.0,95.3,17.8,Moderate (10-25%)
2026-06-04 06:00:00,Shift_1_Morning,BAL_NORTH_PIT,21.8121,80.1843,24,26,2,14,0.44,7.44,19.6,11.2,67.2,36.5,0.274,17.8,457.2,388.9,460.2,396.6,63.6,13.82,Moderate (10-25%)
2026-06-04 14:00:00,Shift_2_Evening,BAL_DEEP_LEVEL_3,21.8064,80.1876,16,17,3,12,0.86,8.03,26.9,49.0,67.6,32.5,0.418,35.0,529.3,579.9,436.8,376.5,60.3,13.8,Moderate (10-25%)
2026-06-04 22:00:00,Shift_3_Night,UKWA_EXTENSION,21.7932,80.2015,21,22,2,13,1.13,7.9,22.1,4.8,70.1,37.0,0.179,0.0,520.2,538.3,551.3,510.5,40.8,7.4,Normal (<10%)
2026-06-05 06:00:00,Shift_1_Morning,BAL_DEEP_LEVEL_3,21.8064,80.1876,21,24,3,16,0.29,7.48,21.2,27.0,70.1,35.1,0.327,17.7,459.2,401.3,494.8,395.9,98.9,19.99,Moderate (10-25%)
2026-06-05 14:00:00,Shift_2_Evening,UKWA_EXTENSION,21.7932,80.2015,18,20,3,15,0.79,7.54,25.5,64.2,82.9,30.8,0.492,54.6,475.4,308.5,445.2,333.8,111.4,25.02,Critical (>25%)
2026-06-05 22:00:00,Shift_3_Night,BAL_SOUTH_PIT,21.8005,80.1901,23,24,3,16,0.55,7.9,21.6,25.5,65.9,31.2,0.358,24.1,545.3,479.3,523.3,503.3,20.0,3.82,Normal (<10%)
2026-06-06 06:00:00,Shift_1_Morning,BAL_SOUTH_PIT,21.8005,80.1901,19,19,3,14,1.12,7.43,23.7,48.5,77.4,31.8,0.468,42.0,509.9,443.1,408.1,336.2,71.9,17.62,Moderate (10-25%)
2026-06-06 14:00:00,Shift_2_Evening,BAL_SOUTH_PIT,21.8005,80.1901,21,24,3,13,1.93,7.97,28.3,62.1,74.2,26.4,0.548,53.2,382.3,472.5,465.2,377.6,87.6,18.83,Moderate (10-25%)
2026-06-06 22:00:00,Shift_3_Night,BAL_DEEP_LEVEL_3,21.8064,80.1876,20,21,3,16,1.77,7.86,25.1,53.5,77.9,28.7,0.464,34.8,473.2,422.7,493.7,408.8,84.9,17.2,Moderate (10-25%)
2026-06-07 06:00:00,Shift_1_Morning,BAL_SOUTH_PIT,21.8005,80.1901,17,18,4,14,0.43,7.46,25.1,38.1,69.8,31.5,0.444,27.2,472.6,434.0,429.6,340.5,89.1,20.74,Moderate (10-25%)
2026-06-07 14:00:00,Shift_2_Evening,BAL_NORTH_PIT,21.8121,80.1843,24,25,4,14,0.08,8.01,21.0,18.6,92.1,34.3,0.285,17.8,438.9,575.5,596.9,588.4,8.5,1.42,Normal (<10%)
2026-06-07 22:00:00,Shift_3_Night,UKWA_EXTENSION,21.7932,80.2015,22,26,4,16,0.94,7.96,33.0,100.0,93.9,21.2,0.674,67.7,385.4,457.0,441.8,320.3,121.5,27.5,Critical (>25%)
2026-06-08 06:00:00,Shift_1_Morning,UKWA_EXTENSION,21.7932,80.2015,23,26,4,16,1.55,7.97,29.1,82.3,92.4,25.9,0.684,59.3,393.5,488.3,426.1,343.6,82.5,19.36,Moderate (10-25%)
2026-06-08 14:00:00,Shift_2_Evening,BAL_NORTH_PIT,21.8121,80.1843,23,23,3,14,1.02,7.5,19.2,15.2,63.1,38.0,0.207,17.2,483.5,409.4,440.7,323.5,117.2,26.59,Critical (>25%)
2026-06-08 22:00:00,Shift_3_Night,BAL_DEEP_LEVEL_3,21.8064,80.1876,18,19,4,12,1.08,7.43,20.6,7.5,64.7,36.7,0.177,0.0,504.2,476.9,553.8,488.2,65.6,11.85,Moderate (10-25%)
2026-06-09 06:00:00,Shift_1_Morning,BAL_DEEP_LEVEL_3,21.8064,80.1876,20,20,4,14,0.47,7.57,20.1,6.1,67.2,38.5,0.178,3.0,404.1,431.8,485.1,391.6,93.5,19.27,Moderate (10-25%)
2026-06-09 14:00:00,Shift_2_Evening,UKWA_EXTENSION,21.7932,80.2015,27,27,4,12,0.28,8.14,20.6,6.3,59.1,40.9,0.277,1.0,456.5,550.9,513.1,480.7,32.4,6.31,Normal (<10%)
2026-06-09 22:00:00,Shift_3_Night,BAL_SOUTH_PIT,21.8005,80.1901,25,27,3,11,0.0,7.45,22.2,28.9,66.4,33.2,0.329,20.1,411.3,425.9,404.2,315.6,88.6,21.92,Moderate (10-25%)
2026-06-10 06:00:00,Shift_1_Morning,BAL_DEEP_LEVEL_3,21.8064,80.1876,24,24,3,15,0.79,7.55,20.8,4.2,68.3,38.1,0.211,2.5,389.4,417.8,406.9,343.7,63.2,15.53,Moderate (10-25%)
2026-06-10 14:00:00,Shift_2_Evening,BAL_DEEP_LEVEL_3,21.8064,80.1876,17,18,4,13,1.04,7.48,22.4,22.4,66.8,34.7,0.286,15.0,522.1,443.0,489.2,397.5,91.7,18.74,Moderate (10-25%)
2026-06-10 22:00:00,Shift_3_Night,BAL_NORTH_PIT,21.8121,80.1843,22,25,4,14,2.24,8.04,28.1,69.3,77.3,32.0,0.528,53.8,479.1,425.2,563.3,467.9,95.4,16.94,Moderate (10-25%)
2026-06-11 06:00:00,Shift_1_Morning,BAL_NORTH_PIT,21.8121,80.1843,23,24,2,11,0.0,8.16,22.3,15.0,62.9,37.8,0.256,9.3,483.1,536.0,577.0,529.7,47.3,8.2,Normal (<10%)
2026-06-11 14:00:00,Shift_2_Evening,BAL_SOUTH_PIT,21.8005,80.1901,16,20,3,14,1.43,7.55,24.6,52.1,70.1,32.8,0.452,45.1,426.0,557.0,417.3,297.8,119.5,28.64,Critical (>25%)
2026-06-11 22:00:00,Shift_3_Night,BAL_DEEP_LEVEL_3,21.8064,80.1876,17,20,4,16,1.75,7.32,25.6,67.7,71.4,23.9,0.58,51.1,471.5,505.8,507.7,358.3,149.4,29.43,Critical (>25%)
2026-06-12 06:00:00,Shift_1_Morning,BAL_DEEP_LEVEL_3,21.8064,80.1876,23,26,4,13,0.33,7.55,22.2,16.8,59.5,35.3,0.305,21.1,557.1,391.2,582.6,530.2,52.4,8.99,Normal (<10%)
2026-06-12 14:00:00,Shift_2_Evening,BAL_NORTH_PIT,21.8121,80.1843,23,26,3,16,0.87,8.12,27.4,73.9,84.1,28.6,0.592,52.4,445.4,486.2,477.6,418.1,59.5,12.46,Moderate (10-25%)
2026-06-12 22:00:00,Shift_3_Night,BAL_DEEP_LEVEL_3,21.8064,80.1876,24,26,4,13,1.4,7.48,24.7,47.4,78.2,30.9,0.396,31.4,535.3,438.5,565.9,462.3,103.6,18.31,Moderate (10-25%)
2026-06-13 06:00:00,Shift_1_Morning,UKWA_EXTENSION,21.7932,80.2015,18,18,4,16,0.6,8.1,22.1,27.1,82.6,34.9,0.356,25.1,455.3,480.5,426.7,373.5,53.2,12.47,Moderate (10-25%)
2026-06-13 14:00:00,Shift_2_Evening,BAL_NORTH_PIT,21.8121,80.1843,24,25,4,11,1.65,7.93,21.2,11.3,63.6,36.1,0.158,7.5,477.1,604.1,587.1,482.7,104.4,17.78,Moderate (10-25%)
2026-06-13 22:00:00,Shift_3_Night,BAL_SOUTH_PIT,21.8005,80.1901,23,24,3,14,1.2,7.85,22.7,28.7,62.1,32.0,0.304,26.8,433.3,574.6,550.3,486.0,64.3,11.68,Moderate (10-25%)
2026-06-14 06:00:00,Shift_1_Morning,BAL_NORTH_PIT,21.8121,80.1843,15,19,4,10,1.56,7.51,35.0,100.0,95.1,19.7,0.834,81.6,562.1,528.1,588.3,420.7,167.6,28.49,Critical (>25%)
2026-06-14 14:00:00,Shift_2_Evening,BAL_DEEP_LEVEL_3,21.8064,80.1876,17,18,4,12,0.68,7.32,27.4,47.9,79.4,27.1,0.432,36.2,426.1,500.9,535.3,411.0,124.3,23.22,Moderate (10-25%)
2026-06-14 22:00:00,Shift_3_Night,BAL_SOUTH_PIT,21.8005,80.1901,19,20,3,14,0.77,7.98,20.7,6.5,68.1,38.2,0.207,12.4,544.0,413.7,472.7,413.7,59.0,12.48,Moderate (10-25%)
2026-06-15 06:00:00,Shift_1_Morning,BAL_NORTH_PIT,21.8121,80.1843,17,18,4,14,0.73,8.13,24.6,37.9,75.8,36.1,0.37,33.6,508.7,522.6,587.6,516.9,70.7,12.03,Moderate (10-25%)
2026-06-15 14:00:00,Shift_2_Evening,UKWA_EXTENSION,21.7932,80.2015,17,20,3,12,1.1,7.81,22.0,29.8,72.7,30.2,0.307,27.3,475.0,567.4,455.1,349.6,105.5,23.18,Moderate (10-25%)
2026-06-15 22:00:00,Shift_3_Night,UKWA_EXTENSION,21.7932,80.2015,23,26,4,16,0.36,7.87,25.1,49.1,76.6,28.6,0.448,34.2,387.7,371.5,466.4,394.8,71.6,15.35,Moderate (10-25%)
2026-06-16 06:00:00,Shift_1_Morning,BAL_NORTH_PIT,21.8121,80.1843,23,26,4,14,1.04,7.4,27.9,82.2,88.7,24.5,0.61,58.3,431.6,416.0,540.2,429.2,111.0,20.55,Moderate (10-25%)
2026-06-16 14:00:00,Shift_2_Evening,UKWA_EXTENSION,21.7932,80.2015,21,23,3,16,2.04,7.49,25.2,43.7,68.2,34.3,0.386,33.5,527.4,573.6,553.1,437.8,115.3,20.85,Moderate (10-25%)
2026-06-16 22:00:00,Shift_3_Night,UKWA_EXTENSION,21.7932,80.2015,22,26,3,16,2.28,7.96,31.5,100.0,82.4,22.1,0.758,73.7,468.1,500.5,585.9,424.2,161.7,27.6,Critical (>25%)
2026-06-17 06:00:00,Shift_1_Morning,UKWA_EXTENSION,21.7932,80.2015,17,20,3,16,1.91,8.14,27.9,72.2,93.5,33.5,0.548,48.8,457.8,549.9,441.0,362.8,78.2,17.73,Moderate (10-25%)
2026-06-17 14:00:00,Shift_2_Evening,BAL_SOUTH_PIT,21.8005,80.1901,23,25,3,13,2.02,8.1,23.8,58.4,78.9,31.9,0.498,44.4,422.9,550.6,559.6,446.0,113.6,20.3,Moderate (10-25%)
2026-06-17 22:00:00,Shift_3_Night,UKWA_EXTENSION,21.7932,80.2015,18,20,3,13,0.79,7.55,22.3,8.2,66.0,38.7,0.238,5.5,458.8,472.1,547.7,448.9,98.8,18.04,Moderate (10-25%)
2026-06-18 06:00:00,Shift_1_Morning,UKWA_EXTENSION,21.7932,80.2015,19,23,4,12,2.8,8.01,31.8,100.0,76.7,24.8,0.716,71.8,365.0,486.2,412.8,325.1,87.7,21.25,Moderate (10-25%)
2026-06-18 14:00:00,Shift_2_Evening,UKWA_EXTENSION,21.7932,80.2015,20,24,4,14,1.52,7.54,30.4,100.0,98.0,21.2,0.716,66.1,420.0,572.5,477.4,347.0,130.4,27.31,Critical (>25%)
2026-06-18 22:00:00,Shift_3_Night,BAL_SOUTH_PIT,21.8005,80.1901,23,24,4,14,0.0,7.91,23.1,14.2,72.0,36.3,0.258,9.9,463.1,411.0,456.6,418.4,38.2,8.37,Normal (<10%)
2026-06-19 06:00:00,Shift_1_Morning,BAL_NORTH_PIT,21.8121,80.1843,18,18,4,13,0.56,7.59,22.8,17.2,58.4,36.1,0.25,14.4,400.0,369.2,460.9,349.6,111.3,24.15,Moderate (10-25%)
2026-06-19 14:00:00,Shift_2_Evening,BAL_DEEP_LEVEL_3,21.8064,80.1876,19,20,4,12,0.65,7.39,18.7,16.1,64.3,35.7,0.216,14.3,382.8,504.4,596.6,491.4,105.2,17.63,Moderate (10-25%)
2026-06-19 22:00:00,Shift_3_Night,UKWA_EXTENSION,21.7932,80.2015,16,19,4,16,1.55,8.08,26.3,73.0,84.0,28.1,0.559,50.7,564.2,401.4,528.6,451.6,77.0,14.57,Moderate (10-25%)
2026-06-20 06:00:00,Shift_1_Morning,BAL_NORTH_PIT,21.8121,80.1843,18,20,3,14,2.1,7.62,28.4,77.8,77.3,28.1,0.553,52.6,400.6,384.6,543.5,384.6,158.9,29.24,Critical (>25%)
2026-06-20 14:00:00,Shift_2_Evening,UKWA_EXTENSION,21.7932,80.2015,25,26,3,16,1.05,7.52,21.8,10.0,67.8,39.1,0.258,10.8,398.5,406.4,595.3,489.9,105.4,17.71,Moderate (10-25%)
2026-06-20 22:00:00,Shift_3_Night,BAL_SOUTH_PIT,21.8005,80.1901,17,18,3,14,1.92,7.48,29.5,82.1,90.9,25.5,0.623,61.4,387.3,383.3,475.4,323.3,152.1,31.99,Critical (>25%)
2026-06-21 06:00:00,Shift_1_Morning,BAL_NORTH_PIT,21.8121,80.1843,19,19,4,14,1.19,7.54,21.6,11.2,65.8,35.9,0.234,15.0,463.1,406.6,560.4,451.4,109.0,19.45,Moderate (10-25%)
2026-06-21 14:00:00,Shift_2_Evening,BAL_SOUTH_PIT,21.8005,80.1901,17,19,3,14,1.1,7.71,26.5,63.2,72.4,26.0,0.49,47.1,398.9,383.3,486.9,375.7,111.2,22.84,Moderate (10-25%)
2026-06-21 22:00:00,Shift_3_Night,UKWA_EXTENSION,21.7932,80.2015,26,26,2,14,0.33,8.03,23.5,21.2,62.0,34.8,0.293,17.8,505.3,503.4,573.9,508.2,65.7,11.45,Moderate (10-25%)
2026-06-22 06:00:00,Shift_1_Morning,UKWA_EXTENSION,21.7932,80.2015,18,19,4,12,0.36,7.99,21.2,15.2,65.4,37.7,0.291,12.2,391.1,440.7,436.1,401.3,34.8,7.98,Normal (<10%)
2026-06-22 14:00:00,Shift_2_Evening,BAL_SOUTH_PIT,21.8005,80.1901,22,26,4,12,1.3,7.99,19.8,10.5,62.4,37.4,0.259,13.5,603.8,546.0,589.5,555.1,34.4,5.84,Normal (<10%)
2026-06-22 22:00:00,Shift_3_Night,BAL_DEEP_LEVEL_3,21.8064,80.1876,22,23,3,16,1.08,8.07,19.3,9.7,63.0,36.8,0.232,16.3,473.3,352.8,443.8,404.6,39.2,8.83,Normal (<10%)
2026-06-23 06:00:00,Shift_1_Morning,BAL_SOUTH_PIT,21.8005,80.1901,17,19,3,13,1.69,7.49,28.6,67.4,80.0,29.3,0.577,50.3,512.4,470.5,465.2,312.9,152.3,32.74,Critical (>25%)
2026-06-23 14:00:00,Shift_2_Evening,UKWA_EXTENSION,21.7932,80.2015,22,22,3,14,0.77,7.39,24.9,45.6,67.5,30.2,0.497,33.7,518.8,538.9,551.2,434.7,116.5,21.14,Moderate (10-25%)
2026-06-23 22:00:00,Shift_3_Night,BAL_SOUTH_PIT,21.8005,80.1901,22,24,3,14,0.62,7.49,19.6,5.6,68.4,34.5,0.263,12.7,410.1,523.5,478.8,423.5,55.3,11.55,Moderate (10-25%)
2026-06-24 06:00:00,Shift_1_Morning,BAL_DEEP_LEVEL_3,21.8064,80.1876,16,17,3,12,0.22,7.51,20.4,4.5,66.4,37.6,0.196,11.6,540.0,472.2,521.6,458.5,63.1,12.1,Moderate (10-25%)
2026-06-24 14:00:00,Shift_2_Evening,BAL_SOUTH_PIT,21.8005,80.1901,21,23,4,14,0.67,8.01,21.8,3.8,65.0,38.6,0.218,0.0,478.8,403.3,488.9,435.6,53.3,10.9,Moderate (10-25%)
2026-06-24 22:00:00,Shift_3_Night,BAL_DEEP_LEVEL_3,21.8064,80.1876,20,23,3,14,0.85,8.02,24.4,47.8,78.3,31.6,0.468,43.0,527.5,465.6,548.5,489.9,58.6,10.68,Moderate (10-25%)
2026-06-25 06:00:00,Shift_1_Morning,BAL_DEEP_LEVEL_3,21.8064,80.1876,24,24,4,14,1.35,7.6,21.5,34.3,70.7,34.5,0.427,31.0,494.4,533.2,445.7,381.7,64.0,14.36,Moderate (10-25%)
2026-06-25 14:00:00,Shift_2_Evening,BAL_SOUTH_PIT,21.8005,80.1901,24,25,3,13,1.09,7.89,20.5,7.2,59.7,37.5,0.206,10.3,371.2,483.1,411.7,360.8,50.9,12.36,Moderate (10-25%)
2026-06-25 22:00:00,Shift_3_Night,BAL_SOUTH_PIT,21.8005,80.1901,20,23,3,14,1.15,7.52,22.8,43.9,68.0,33.6,0.391,28.5,465.4,471.9,460.0,344.2,115.8,25.17,Critical (>25%)
2026-06-26 06:00:00,Shift_1_Morning,BAL_NORTH_PIT,21.8121,80.1843,23,26,3,14,0.6,7.63,22.5,10.7,70.6,39.4,0.171,13.6,501.8,426.8,494.9,403.0,91.9,18.57,Moderate (10-25%)
2026-06-26 14:00:00,Shift_2_Evening,UKWA_EXTENSION,21.7932,80.2015,22,24,4,15,2.74,7.83,30.5,100.0,91.1,20.3,0.732,71.2,393.1,350.7,433.6,314.5,119.1,27.47,Critical (>25%)
2026-06-26 22:00:00,Shift_3_Night,BAL_DEEP_LEVEL_3,21.8064,80.1876,15,17,4,13,2.23,8.02,29.8,87.9,79.0,25.9,0.592,68.8,530.6,542.2,471.0,339.1,131.9,28.0,Critical (>25%)
2026-06-27 06:00:00,Shift_1_Morning,BAL_NORTH_PIT,21.8121,80.1843,20,22,3,12,1.79,7.94,26.1,59.9,78.6,28.1,0.501,45.9,446.6,395.0,480.0,401.1,78.9,16.44,Moderate (10-25%)
2026-06-27 14:00:00,Shift_2_Evening,BAL_SOUTH_PIT,21.8005,80.1901,20,23,4,12,2.05,7.96,35.0,100.0,83.7,17.0,0.848,93.8,452.3,454.2,411.5,315.2,96.3,23.4,Moderate (10-25%)
2026-06-27 22:00:00,Shift_3_Night,UKWA_EXTENSION,21.7932,80.2015,24,26,3,14,0.52,7.91,26.2,65.7,81.4,26.1,0.544,42.7,478.1,521.3,516.7,422.1,94.6,18.31,Moderate (10-25%)
2026-06-28 06:00:00,Shift_1_Morning,BAL_NORTH_PIT,21.8121,80.1843,22,25,3,16,1.66,7.98,25.3,47.9,76.8,30.7,0.446,37.1,510.8,496.0,576.9,452.4,124.5,21.58,Moderate (10-25%)
2026-06-28 14:00:00,Shift_2_Evening,BAL_DEEP_LEVEL_3,21.8064,80.1876,18,20,3,13,0.57,8.18,22.6,35.9,66.9,36.0,0.238,28.8,411.3,566.4,430.3,393.8,36.5,8.48,Normal (<10%)
2026-06-28 22:00:00,Shift_3_Night,BAL_NORTH_PIT,21.8121,80.1843,16,17,3,16,1.81,7.37,24.4,12.7,60.7,34.7,0.239,10.4,395.6,465.5,519.6,363.1,156.5,30.12,Critical (>25%)
2026-06-29 06:00:00,Shift_1_Morning,BAL_DEEP_LEVEL_3,21.8064,80.1876,18,20,4,12,1.21,7.88,22.1,15.2,68.5,36.1,0.253,7.8,574.5,489.8,532.9,423.3,109.6,20.57,Moderate (10-25%)
2026-06-29 14:00:00,Shift_2_Evening,BAL_SOUTH_PIT,21.8005,80.1901,20,22,1,14,0.23,7.37,22.5,17.4,67.2,33.4,0.319,28.4,443.2,538.4,483.9,382.8,101.1,20.89,Moderate (10-25%)
2026-06-29 22:00:00,Shift_3_Night,UKWA_EXTENSION,21.7932,80.2015,22,23,4,12,0.71,7.67,23.7,39.9,63.8,35.4,0.344,26.4,459.7,378.8,540.2,444.9,95.3,17.64,Moderate (10-25%)
2026-06-30 06:00:00,Shift_1_Morning,UKWA_EXTENSION,21.7932,80.2015,22,25,4,12,0.96,7.95,20.4,7.1,68.0,37.0,0.166,5.4,450.5,511.2,482.1,454.4,27.7,5.75,Normal (<10%)
2026-06-30 14:00:00,Shift_2_Evening,UKWA_EXTENSION,21.7932,80.2015,26,27,3,12,0.33,7.5,20.5,15.1,59.7,38.6,0.176,9.5,329.9,431.0,500.9,433.4,67.5,13.48,Moderate (10-25%)
2026-06-30 22:00:00,Shift_3_Night,BAL_SOUTH_PIT,21.8005,80.1901,22,25,4,16,0.75,7.96,18.9,15.6,58.4,38.3,0.255,11.3,427.6,441.4,401.5,353.0,48.5,12.08,Moderate (10-25%)
2026-07-01 06:00:00,Shift_1_Morning,BAL_DEEP_LEVEL_3,21.8064,80.1876,22,23,3,14,0.38,7.41,21.1,19.1,74.0,32.7,0.234,18.6,436.6,371.9,538.3,449.5,88.8,16.5,Moderate (10-25%)
2026-07-01 14:00:00,Shift_2_Evening,BAL_SOUTH_PIT,21.8005,80.1901,15,18,4,15,1.4,7.48,23.4,30.6,74.3,34.1,0.325,16.7,391.3,447.9,532.3,407.5,124.8,23.45,Moderate (10-25%)
2026-07-01 22:00:00,Shift_3_Night,UKWA_EXTENSION,21.7932,80.2015,18,20,4,14,0.69,7.75,25.3,60.2,77.1,34.9,0.499,47.3,477.7,521.3,407.7,339.0,68.7,16.85,Moderate (10-25%)
2026-07-02 06:00:00,Shift_1_Morning,BAL_SOUTH_PIT,21.8005,80.1901,19,22,3,16,1.48,8.14,28.4,76.2,78.4,26.7,0.559,59.4,472.0,558.1,473.7,363.6,110.1,23.24,Moderate (10-25%)
2026-07-02 14:00:00,Shift_2_Evening,BAL_SOUTH_PIT,21.8005,80.1901,21,24,3,14,0.75,7.41,26.9,54.4,72.5,29.8,0.492,39.9,455.0,484.8,595.8,442.5,153.3,25.73,Critical (>25%)
2026-07-02 22:00:00,Shift_3_Night,BAL_SOUTH_PIT,21.8005,80.1901,25,26,3,14,0.98,7.56,23.0,25.5,65.9,33.2,0.317,21.7,407.6,472.4,484.1,395.6,88.5,18.28,Moderate (10-25%)
2026-07-03 06:00:00,Shift_1_Morning,BAL_DEEP_LEVEL_3,21.8064,80.1876,22,23,4,16,0.66,7.42,24.1,38.0,77.1,31.1,0.363,22.6,543.7,420.7,500.4,438.0,62.4,12.47,Moderate (10-25%)
2026-07-03 14:00:00,Shift_2_Evening,BAL_NORTH_PIT,21.8121,80.1843,21,22,4,16,1.79,7.82,22.4,14.8,73.3,32.0,0.305,7.5,467.6,482.9,582.0,489.4,92.6,15.91,Moderate (10-25%)
2026-07-03 22:00:00,Shift_3_Night,BAL_NORTH_PIT,21.8121,80.1843,19,23,4,14,1.36,7.6,32.6,93.7,91.6,22.3,0.727,68.4,518.1,457.6,543.5,431.0,112.5,20.7,Moderate (10-25%)
2026-07-04 06:00:00,Shift_1_Morning,BAL_SOUTH_PIT,21.8005,80.1901,20,20,3,12,0.17,8.12,21.8,11.3,69.0,38.4,0.28,15.7,413.7,369.5,516.4,484.4,32.0,6.2,Normal (<10%)
2026-07-04 14:00:00,Shift_2_Evening,BAL_NORTH_PIT,21.8121,80.1843,25,27,3,12,0.42,7.6,20.3,10.2,62.9,38.3,0.229,8.5,532.2,538.7,559.6,488.8,70.8,12.65,Moderate (10-25%)
2026-07-04 22:00:00,Shift_3_Night,BAL_NORTH_PIT,21.8121,80.1843,18,20,2,14,2.11,7.45,23.0,50.9,72.0,28.4,0.433,32.7,467.5,354.6,572.9,391.2,181.7,31.72,Critical (>25%)
2026-07-05 06:00:00,Shift_1_Morning,BAL_SOUTH_PIT,21.8005,80.1901,23,25,3,12,0.61,7.48,20.9,7.8,56.7,36.8,0.209,2.2,468.4,527.1,491.4,439.4,52.0,10.58,Moderate (10-25%)
2026-07-05 14:00:00,Shift_2_Evening,BAL_SOUTH_PIT,21.8005,80.1901,22,25,4,14,0.1,8.07,20.6,19.4,68.8,36.9,0.3,9.8,402.2,377.2,495.0,472.1,22.9,4.63,Normal (<10%)
2026-07-05 22:00:00,Shift_3_Night,UKWA_EXTENSION,21.7932,80.2015,23,24,3,12,1.12,7.54,20.7,3.1,64.8,36.6,0.132,8.3,505.0,442.8,477.2,393.4,83.8,17.56,Moderate (10-25%)
2026-07-06 06:00:00,Shift_1_Morning,BAL_NORTH_PIT,21.8121,80.1843,24,24,3,12,0.85,7.46,23.6,12.8,63.2,31.5,0.289,10.4,547.1,537.3,593.3,523.5,69.8,11.76,Moderate (10-25%)
2026-07-06 14:00:00,Shift_2_Evening,BAL_DEEP_LEVEL_3,21.8064,80.1876,23,25,4,12,0.0,7.34,22.2,12.9,72.1,32.8,0.324,6.6,556.3,396.6,539.4,460.1,79.3,14.7,Moderate (10-25%)
2026-07-06 22:00:00,Shift_3_Night,BAL_SOUTH_PIT,21.8005,80.1901,25,26,4,14,0.32,7.51,21.9,2.4,60.9,36.5,0.237,7.0,423.3,465.6,416.6,331.6,85.0,20.4,Moderate (10-25%)
2026-07-07 06:00:00,Shift_1_Morning,UKWA_EXTENSION,21.7932,80.2015,21,24,4,12,0.72,8.11,28.5,67.6,82.3,30.6,0.53,57.3,493.7,560.1,572.6,493.1,79.5,13.88,Moderate (10-25%)
2026-07-07 14:00:00,Shift_2_Evening,BAL_DEEP_LEVEL_3,21.8064,80.1876,20,24,4,14,0.85,7.38,28.3,90.7,88.0,21.4,0.699,67.8,410.8,566.6,496.1,364.6,131.5,26.51,Critical (>25%)
2026-07-07 22:00:00,Shift_3_Night,BAL_NORTH_PIT,21.8121,80.1843,21,22,3,12,1.29,7.56,21.6,26.6,74.2,35.4,0.293,21.5,479.6,404.2,413.8,346.5,67.3,16.26,Moderate (10-25%)
2026-07-08 06:00:00,Shift_1_Morning,UKWA_EXTENSION,21.7932,80.2015,19,24,4,13,1.91,7.53,32.8,100.0,95.6,19.8,0.817,88.9,554.2,403.5,509.9,381.6,128.3,25.16,Critical (>25%)
2026-07-08 14:00:00,Shift_2_Evening,BAL_SOUTH_PIT,21.8005,80.1901,20,20,3,12,1.28,7.58,20.2,9.0,63.0,36.0,0.222,17.7,579.8,577.6,483.4,407.5,75.9,15.7,Moderate (10-25%)
2026-07-08 22:00:00,Shift_3_Night,BAL_DEEP_LEVEL_3,21.8064,80.1876,20,21,4,12,1.42,8.09,23.6,21.7,69.2,35.5,0.331,18.3,425.3,447.1,575.5,456.4,119.1,20.7,Moderate (10-25%)
2026-07-09 06:00:00,Shift_1_Morning,BAL_SOUTH_PIT,21.8005,80.1901,19,20,3,15,0.53,7.43,21.5,14.6,59.7,33.3,0.238,11.2,454.2,465.3,440.8,362.4,78.4,17.79,Moderate (10-25%)
2026-07-09 14:00:00,Shift_2_Evening,BAL_NORTH_PIT,21.8121,80.1843,19,21,3,16,1.08,7.34,26.2,60.5,68.0,25.1,0.514,43.7,552.4,355.5,565.3,464.9,100.4,17.76,Moderate (10-25%)
2026-07-09 22:00:00,Shift_3_Night,BAL_DEEP_LEVEL_3,21.8064,80.1876,21,22,4,14,0.54,7.95,22.3,33.3,67.6,31.3,0.331,24.4,582.3,563.0,511.5,444.6,66.9,13.08,Moderate (10-25%)
2026-07-10 06:00:00,Shift_1_Morning,BAL_NORTH_PIT,21.8121,80.1843,24,26,3,14,1.57,7.59,25.2,58.2,76.7,29.4,0.466,37.2,520.3,515.4,410.9,331.0,79.9,19.45,Moderate (10-25%)
2026-07-10 14:00:00,Shift_2_Evening,BAL_NORTH_PIT,21.8121,80.1843,20,23,4,14,1.39,7.45,29.9,91.2,90.2,23.2,0.625,69.2,468.3,510.8,594.4,452.7,141.7,23.84,Moderate (10-25%)
2026-07-10 22:00:00,Shift_3_Night,UKWA_EXTENSION,21.7932,80.2015,17,18,4,13,1.2,7.43,25.4,36.1,71.7,30.8,0.44,32.2,390.0,440.8,502.5,359.2,143.3,28.52,Critical (>25%)
2026-07-11 06:00:00,Shift_1_Morning,BAL_SOUTH_PIT,21.8005,80.1901,21,22,3,16,1.83,7.82,22.9,24.5,66.6,31.7,0.327,22.2,410.6,451.0,458.2,351.0,107.2,23.4,Moderate (10-25%)
2026-07-11 14:00:00,Shift_2_Evening,BAL_DEEP_LEVEL_3,21.8064,80.1876,20,21,4,13,1.36,7.68,26.0,66.1,66.4,29.0,0.526,46.3,457.0,514.5,493.9,392.5,101.4,20.53,Moderate (10-25%)
2026-07-11 22:00:00,Shift_3_Night,BAL_NORTH_PIT,21.8121,80.1843,19,20,4,13,0.0,8.08,22.0,17.4,69.7,35.7,0.301,15.4,453.6,435.3,571.6,520.0,51.6,9.03,Normal (<10%)
2026-07-12 06:00:00,Shift_1_Morning,BAL_NORTH_PIT,21.8121,80.1843,20,22,4,12,0.98,8.08,20.1,20.9,67.7,35.7,0.254,11.3,469.3,470.8,461.0,406.9,54.1,11.74,Moderate (10-25%)
2026-07-12 14:00:00,Shift_2_Evening,BAL_DEEP_LEVEL_3,21.8064,80.1876,22,25,4,13,1.9,8.1,25.9,54.5,80.1,31.5,0.393,41.7,530.1,428.3,438.5,360.5,78.0,17.79,Moderate (10-25%)
2026-07-12 22:00:00,Shift_3_Night,BAL_NORTH_PIT,21.8121,80.1843,19,20,3,16,1.46,8.06,22.1,37.6,73.1,33.1,0.406,28.7,438.5,545.4,425.8,380.5,45.3,10.64,Moderate (10-25%)
2026-07-13 06:00:00,Shift_1_Morning,UKWA_EXTENSION,21.7932,80.2015,19,20,3,13,0.84,7.98,18.5,14.6,71.1,35.5,0.214,14.4,496.5,519.4,459.6,444.4,15.2,3.31,Normal (<10%)
2026-07-13 14:00:00,Shift_2_Evening,UKWA_EXTENSION,21.7932,80.2015,21,21,3,12,0.21,7.98,21.7,21.6,65.6,33.1,0.315,13.0,442.8,412.0,556.0,500.3,55.7,10.02,Moderate (10-25%)
2026-07-13 22:00:00,Shift_3_Night,UKWA_EXTENSION,21.7932,80.2015,18,20,4,12,1.01,7.96,23.8,36.4,72.4,31.4,0.349,29.8,346.0,490.2,494.3,343.6,150.7,30.49,Critical (>25%)
2026-07-14 06:00:00,Shift_1_Morning,UKWA_EXTENSION,21.7932,80.2015,21,23,4,14,0.71,7.76,22.7,33.5,72.5,36.0,0.306,26.2,471.3,473.6,445.5,368.0,77.5,17.4,Moderate (10-25%)
2026-07-14 14:00:00,Shift_2_Evening,BAL_NORTH_PIT,21.8121,80.1843,21,22,4,16,0.92,7.56,22.6,9.5,67.5,38.7,0.25,16.6,578.2,449.8,433.2,348.2,85.0,19.62,Moderate (10-25%)
2026-07-14 22:00:00,Shift_3_Night,BAL_DEEP_LEVEL_3,21.8064,80.1876,16,19,4,10,1.95,7.95,33.7,100.0,94.7,20.8,0.752,71.5,489.7,474.0,466.5,354.3,112.2,24.05,Moderate (10-25%)
2026-07-15 06:00:00,Shift_1_Morning,BAL_DEEP_LEVEL_3,21.8064,80.1876,22,24,4,10,1.78,8.05,28.1,79.8,87.2,26.4,0.617,60.7,550.1,443.9,588.0,468.1,119.9,20.39,Moderate (10-25%)
2026-07-15 14:00:00,Shift_2_Evening,BAL_DEEP_LEVEL_3,21.8064,80.1876,19,22,4,16,1.28,7.9,23.6,37.3,74.3,28.9,0.403,30.3,396.0,404.9,468.6,370.7,97.9,20.89,Moderate (10-25%)
2026-07-15 22:00:00,Shift_3_Night,BAL_DEEP_LEVEL_3,21.8064,80.1876,17,18,4,11,0.48,8.15,24.3,41.1,73.0,32.9,0.416,32.5,555.6,612.5,597.6,562.4,35.2,5.89,Normal (<10%)
2026-07-16 06:00:00,Shift_1_Morning,BAL_SOUTH_PIT,21.8005,80.1901,20,22,3,14,0.89,7.93,26.9,64.6,83.6,27.8,0.466,46.6,509.1,464.6,497.0,409.9,87.1,17.53,Moderate (10-25%)
2026-07-16 14:00:00,Shift_2_Evening,BAL_DEEP_LEVEL_3,21.8064,80.1876,24,24,4,14,0.36,8.05,20.3,8.3,54.3,38.0,0.171,8.9,453.0,508.1,435.8,395.4,40.4,9.27,Normal (<10%)
2026-07-16 22:00:00,Shift_3_Night,BAL_SOUTH_PIT,21.8005,80.1901,20,22,3,12,0.51,7.61,21.0,16.1,62.9,37.1,0.241,15.7,556.8,381.1,578.2,512.8,65.4,11.31,Moderate (10-25%)
2026-07-17 06:00:00,Shift_1_Morning,BAL_SOUTH_PIT,21.8005,80.1901,18,19,3,16,0.6,7.54,22.3,29.5,77.6,31.8,0.351,22.4,561.5,396.4,492.1,394.0,98.1,19.93,Moderate (10-25%)
2026-07-17 14:00:00,Shift_2_Evening,UKWA_EXTENSION,21.7932,80.2015,22,25,3,12,1.74,8.01,26.3,56.2,74.0,28.7,0.444,42.2,514.9,488.2,541.9,430.8,111.1,20.5,Moderate (10-25%)
2026-07-17 22:00:00,Shift_3_Night,BAL_SOUTH_PIT,21.8005,80.1901,24,24,3,15,0.43,8.0,21.2,5.3,63.3,36.5,0.224,12.8,606.5,532.2,596.7,541.1,55.6,9.32,Normal (<10%)
2026-07-18 06:00:00,Shift_1_Morning,BAL_NORTH_PIT,21.8121,80.1843,14,18,3,10,2.68,7.99,35.0,100.0,98.0,15.0,0.889,92.9,447.3,519.6,410.0,322.8,87.2,21.27,Moderate (10-25%)
2026-07-18 14:00:00,Shift_2_Evening,BAL_SOUTH_PIT,21.8005,80.1901,17,18,3,13,0.53,7.44,22.8,35.9,71.2,29.3,0.349,32.4,514.3,484.8,419.3,347.5,71.8,17.12,Moderate (10-25%)
2026-07-18 22:00:00,Shift_3_Night,UKWA_EXTENSION,21.7932,80.2015,20,22,3,15,0.22,7.96,21.6,29.8,65.2,31.9,0.26,14.8,456.0,580.2,544.1,529.6,14.5,2.66,Normal (<10%)
2026-07-19 06:00:00,Shift_1_Morning,BAL_SOUTH_PIT,21.8005,80.1901,18,20,3,14,1.04,7.65,21.7,19.5,74.2,34.1,0.3,17.1,472.3,377.0,456.4,349.2,107.2,23.49,Moderate (10-25%)
2026-07-19 14:00:00,Shift_2_Evening,BAL_NORTH_PIT,21.8121,80.1843,16,17,2,12,0.99,7.49,20.9,15.9,66.6,34.9,0.358,12.5,517.9,508.4,436.9,376.6,60.3,13.8,Moderate (10-25%)
2026-07-19 22:00:00,Shift_3_Night,BAL_NORTH_PIT,21.8121,80.1843,20,22,3,16,1.68,7.42,26.0,62.5,78.6,28.6,0.512,43.7,416.0,414.0,407.9,267.4,140.5,34.44,Critical (>25%)
2026-07-20 06:00:00,Shift_1_Morning,BAL_NORTH_PIT,21.8121,80.1843,19,22,3,10,1.36,7.95,31.6,100.0,82.7,21.1,0.775,81.7,483.3,505.2,404.4,304.1,100.3,24.8,Moderate (10-25%)
2026-07-20 14:00:00,Shift_2_Evening,UKWA_EXTENSION,21.7932,80.2015,25,27,4,12,1.19,8.11,23.5,29.2,70.3,35.3,0.376,19.9,505.1,458.0,554.9,437.0,117.9,21.25,Moderate (10-25%)
2026-07-20 22:00:00,Shift_3_Night,UKWA_EXTENSION,21.7932,80.2015,20,25,3,11,2.78,7.57,35.0,100.0,98.0,15.0,0.915,94.0,449.8,515.6,426.9,305.0,121.9,28.55,Critical (>25%)
2026-07-21 06:00:00,Shift_1_Morning,BAL_DEEP_LEVEL_3,21.8064,80.1876,17,20,2,12,0.93,7.56,28.6,69.9,80.5,28.4,0.522,55.8,456.5,540.3,493.5,389.1,104.4,21.16,Moderate (10-25%)
2026-07-21 14:00:00,Shift_2_Evening,UKWA_EXTENSION,21.7932,80.2015,22,25,3,16,0.64,7.47,20.5,16.4,58.4,34.8,0.206,14.0,575.6,415.9,521.2,442.7,78.5,15.06,Moderate (10-25%)
2026-07-21 22:00:00,Shift_3_Night,BAL_NORTH_PIT,21.8121,80.1843,17,21,4,14,0.98,7.56,27.3,65.2,79.2,28.5,0.562,50.7,493.1,445.3,485.7,342.9,142.8,29.4,Critical (>25%)
2026-07-22 06:00:00,Shift_1_Morning,BAL_NORTH_PIT,21.8121,80.1843,18,19,4,12,1.54,7.94,23.8,25.7,66.2,33.5,0.322,14.9,466.6,516.1,405.4,328.2,77.2,19.04,Moderate (10-25%)
2026-07-22 14:00:00,Shift_2_Evening,UKWA_EXTENSION,21.7932,80.2015,24,24,3,11,0.25,7.47,21.6,23.8,67.1,33.5,0.323,27.2,563.3,520.9,556.7,485.2,71.5,12.84,Moderate (10-25%)
2026-07-22 22:00:00,Shift_3_Night,BAL_SOUTH_PIT,21.8005,80.1901,22,23,4,16,0.57,8.1,23.3,5.9,60.4,39.6,0.222,4.3,443.9,379.7,402.1,344.6,57.5,14.3,Moderate (10-25%)
2026-07-23 06:00:00,Shift_1_Morning,UKWA_EXTENSION,21.7932,80.2015,23,26,3,15,1.06,7.59,25.5,51.1,85.1,30.7,0.466,40.4,447.8,387.5,552.4,430.7,121.7,22.03,Moderate (10-25%)
2026-07-23 14:00:00,Shift_2_Evening,UKWA_EXTENSION,21.7932,80.2015,17,17,3,11,0.88,7.9,21.4,9.3,65.4,35.3,0.178,8.3,425.1,495.9,578.7,534.9,43.8,7.57,Normal (<10%)
2026-07-23 22:00:00,Shift_3_Night,BAL_NORTH_PIT,21.8121,80.1843,15,19,3,13,2.71,7.41,32.3,100.0,82.2,23.8,0.769,78.3,446.9,500.1,486.6,324.5,162.1,33.31,Critical (>25%)
2026-07-24 06:00:00,Shift_1_Morning,BAL_DEEP_LEVEL_3,21.8064,80.1876,17,21,3,11,0.76,8.01,30.7,75.4,83.4,27.2,0.563,56.5,470.2,465.2,507.1,395.7,111.4,21.97,Moderate (10-25%)
2026-07-24 14:00:00,Shift_2_Evening,BAL_NORTH_PIT,21.8121,80.1843,20,21,4,15,0.49,8.17,19.6,13.8,65.6,37.2,0.267,9.5,396.5,410.1,495.4,452.4,43.0,8.68,Normal (<10%)
2026-07-24 22:00:00,Shift_3_Night,BAL_DEEP_LEVEL_3,21.8064,80.1876,21,22,3,12,0.21,7.81,23.6,19.8,73.0,31.3,0.314,16.4,331.5,505.5,477.8,430.8,47.0,9.84,Normal (<10%)
2026-07-25 06:00:00,Shift_1_Morning,BAL_NORTH_PIT,21.8121,80.1843,25,26,3,15,0.46,7.53,22.2,23.6,66.7,36.2,0.264,22.2,579.5,502.6,577.5,510.4,67.1,11.62,Moderate (10-25%)
2026-07-25 14:00:00,Shift_2_Evening,UKWA_EXTENSION,21.7932,80.2015,23,26,3,11,2.09,7.86,26.2,51.5,75.8,29.2,0.49,40.4,442.4,584.2,578.8,410.6,168.2,29.06,Critical (>25%)
2026-07-25 22:00:00,Shift_3_Night,BAL_NORTH_PIT,21.8121,80.1843,18,20,3,14,0.0,7.44,20.5,21.2,76.9,33.3,0.293,28.3,475.2,464.3,467.2,417.9,49.3,10.55,Moderate (10-25%)
2026-07-26 06:00:00,Shift_1_Morning,BAL_NORTH_PIT,21.8121,80.1843,21,23,4,12,0.63,7.96,23.8,29.8,65.1,31.0,0.389,22.3,433.4,501.3,523.0,441.8,81.2,15.53,Moderate (10-25%)
2026-07-26 14:00:00,Shift_2_Evening,BAL_NORTH_PIT,21.8121,80.1843,16,17,3,15,0.35,7.96,19.8,9.9,68.2,34.4,0.242,1.8,583.6,525.7,585.4,552.5,32.9,5.62,Normal (<10%)
2026-07-26 22:00:00,Shift_3_Night,UKWA_EXTENSION,21.7932,80.2015,17,18,3,16,0.21,7.45,23.2,8.0,64.4,35.9,0.216,9.8,432.9,601.6,592.4,473.6,118.8,20.05,Moderate (10-25%)
2026-07-27 06:00:00,Shift_1_Morning,UKWA_EXTENSION,21.7932,80.2015,19,20,4,16,0.48,8.0,18.2,5.1,60.0,38.1,0.243,22.2,427.0,438.2,501.8,462.1,39.7,7.91,Normal (<10%)
2026-07-27 14:00:00,Shift_2_Evening,UKWA_EXTENSION,21.7932,80.2015,19,20,3,11,0.54,7.95,19.4,8.4,60.3,37.2,0.223,12.4,563.2,485.7,490.6,416.6,74.0,15.08,Moderate (10-25%)
2026-07-27 22:00:00,Shift_3_Night,UKWA_EXTENSION,21.7932,80.2015,17,20,4,16,0.76,7.35,25.1,63.5,87.4,23.0,0.528,42.4,546.0,368.0,455.7,336.0,119.7,26.27,Critical (>25%)
2026-07-28 06:00:00,Shift_1_Morning,BAL_DEEP_LEVEL_3,21.8064,80.1876,15,19,4,12,2.18,8.08,31.0,95.5,92.4,25.2,0.675,69.0,498.5,421.2,591.8,481.5,110.3,18.64,Moderate (10-25%)
2026-07-28 14:00:00,Shift_2_Evening,BAL_DEEP_LEVEL_3,21.8064,80.1876,17,18,3,14,0.9,8.08,25.8,27.7,73.5,36.0,0.38,25.6,467.3,522.9,428.6,372.5,56.1,13.09,Moderate (10-25%)
2026-07-28 22:00:00,Shift_3_Night,BAL_SOUTH_PIT,21.8005,80.1901,19,21,4,13,0.89,8.08,25.3,41.2,78.9,29.4,0.47,31.4,382.2,535.9,516.0,414.5,101.5,19.67,Moderate (10-25%)
2026-07-29 06:00:00,Shift_1_Morning,UKWA_EXTENSION,21.7932,80.2015,17,20,4,15,0.58,7.85,20.2,9.3,65.6,34.3,0.231,14.8,331.0,387.1,456.5,388.3,68.2,14.94,Moderate (10-25%)
2026-07-29 14:00:00,Shift_2_Evening,BAL_DEEP_LEVEL_3,21.8064,80.1876,20,23,4,15,1.64,7.53,22.9,41.8,67.3,33.5,0.367,32.5,443.2,348.7,455.8,354.2,101.6,22.29,Moderate (10-25%)
2026-07-29 22:00:00,Shift_3_Night,BAL_NORTH_PIT,21.8121,80.1843,24,24,3,12,1.33,8.07,21.2,7.6,56.1,36.2,0.263,17.6,545.4,505.6,481.0,445.9,35.1,7.3,Normal (<10%)
2026-07-30 06:00:00,Shift_1_Morning,UKWA_EXTENSION,21.7932,80.2015,17,19,3,13,1.61,7.9,26.8,49.4,84.2,27.5,0.487,42.1,441.7,484.8,599.8,481.4,118.4,19.74,Moderate (10-25%)
2026-07-30 14:00:00,Shift_2_Evening,BAL_SOUTH_PIT,21.8005,80.1901,21,23,4,16,1.45,8.0,28.2,77.6,85.7,26.4,0.593,54.9,440.6,375.1,411.0,306.8,104.2,25.35,Critical (>25%)
2026-07-30 22:00:00,Shift_3_Night,BAL_SOUTH_PIT,21.8005,80.1901,21,22,3,16,0.12,7.99,21.2,16.0,67.0,34.4,0.268,12.8,414.2,411.1,515.7,448.7,67.0,12.99,Moderate (10-25%)
2026-07-31 06:00:00,Shift_1_Morning,BAL_SOUTH_PIT,21.8005,80.1901,22,26,4,16,1.53,8.18,26.7,68.8,90.5,29.5,0.562,46.8,359.4,365.1,416.5,355.0,61.5,14.77,Moderate (10-25%)
2026-07-31 14:00:00,Shift_2_Evening,BAL_NORTH_PIT,21.8121,80.1843,18,20,2,12,0.27,8.19,19.8,2.4,55.3,41.4,0.145,2.8,461.1,542.3,430.9,406.4,24.5,5.69,Normal (<10%)
2026-07-31 22:00:00,Shift_3_Night,BAL_DEEP_LEVEL_3,21.8064,80.1876,24,25,3,16,0.52,7.83,23.6,22.4,54.6,31.3,0.286,19.2,477.1,403.8,487.9,401.0,86.9,17.81,Moderate (10-25%)
2026-08-01 06:00:00,Shift_1_Morning,BAL_NORTH_PIT,21.8121,80.1843,19,20,3,14,0.65,8.25,21.9,20.1,55.9,36.3,0.203,17.8,445.0,496.3,502.1,461.5,40.6,8.09,Normal (<10%)
2026-08-01 14:00:00,Shift_2_Evening,UKWA_EXTENSION,21.7932,80.2015,19,21,4,14,0.22,7.41,21.4,25.0,66.4,31.0,0.338,26.7,449.4,505.0,451.8,379.8,72.0,15.94,Moderate (10-25%)
2026-08-01 22:00:00,Shift_3_Night,BAL_SOUTH_PIT,21.8005,80.1901,19,19,3,14,0.55,7.6,21.1,9.5,64.7,36.7,0.235,3.6,462.0,453.7,463.3,382.2,81.1,17.5,Moderate (10-25%)
2026-08-02 06:00:00,Shift_1_Morning,BAL_NORTH_PIT,21.8121,80.1843,21,24,3,15,1.74,7.6,23.8,31.5,78.3,32.2,0.401,27.4,402.8,465.2,417.4,280.7,136.7,32.75,Critical (>25%)
2026-08-02 14:00:00,Shift_2_Evening,BAL_NORTH_PIT,21.8121,80.1843,25,26,3,16,0.65,7.4,22.7,25.6,73.8,31.5,0.36,18.6,342.6,426.3,460.6,350.3,110.3,23.95,Moderate (10-25%)
2026-08-02 22:00:00,Shift_3_Night,BAL_DEEP_LEVEL_3,21.8064,80.1876,17,19,3,14,0.53,8.05,20.1,10.5,51.2,35.9,0.197,8.8,593.0,510.5,593.3,560.3,33.0,5.56,Normal (<10%)
2026-08-03 06:00:00,Shift_1_Morning,BAL_DEEP_LEVEL_3,21.8064,80.1876,18,19,3,14,1.31,7.99,26.1,58.0,92.0,28.6,0.48,57.8,486.6,541.2,588.9,440.7,148.2,25.17,Critical (>25%)
2026-08-03 14:00:00,Shift_2_Evening,BAL_SOUTH_PIT,21.8005,80.1901,21,23,3,14,1.71,7.56,23.8,64.9,77.9,27.0,0.512,48.3,523.7,546.5,467.0,366.6,100.4,21.5,Moderate (10-25%)
2026-08-03 22:00:00,Shift_3_Night,BAL_NORTH_PIT,21.8121,80.1843,23,25,3,13,0.97,7.52,21.9,21.9,75.4,32.2,0.353,31.3,550.1,492.4,514.2,433.3,80.9,15.73,Moderate (10-25%)
2026-08-04 06:00:00,Shift_1_Morning,BAL_NORTH_PIT,21.8121,80.1843,17,18,4,15,0.8,7.62,21.7,14.1,68.2,35.7,0.285,8.2,463.6,479.3,581.9,517.5,64.4,11.07,Moderate (10-25%)
2026-08-04 14:00:00,Shift_2_Evening,BAL_DEEP_LEVEL_3,21.8064,80.1876,25,26,4,11,1.46,8.01,21.5,15.2,65.7,32.7,0.257,5.8,403.8,394.4,401.2,317.7,83.5,20.81,Moderate (10-25%)
2026-08-04 22:00:00,Shift_3_Night,BAL_NORTH_PIT,21.8121,80.1843,15,18,2,16,1.96,7.98,33.2,100.0,91.6,17.0,0.746,84.4,507.5,530.4,562.1,455.2,106.9,19.02,Moderate (10-25%)
2026-08-05 06:00:00,Shift_1_Morning,BAL_NORTH_PIT,21.8121,80.1843,23,25,3,14,1.13,7.61,24.3,46.1,68.3,29.7,0.352,35.8,489.1,522.2,589.7,488.0,101.7,17.25,Moderate (10-25%)
2026-08-05 14:00:00,Shift_2_Evening,BAL_NORTH_PIT,21.8121,80.1843,17,18,3,16,0.22,7.56,21.0,31.1,63.7,31.6,0.317,24.5,377.8,501.2,418.3,370.6,47.7,11.4,Moderate (10-25%)
2026-08-05 22:00:00,Shift_3_Night,BAL_DEEP_LEVEL_3,21.8064,80.1876,22,24,3,12,0.66,7.57,23.0,13.5,63.8,37.5,0.242,16.8,423.2,533.0,432.3,361.6,70.7,16.35,Moderate (10-25%)
2026-08-06 06:00:00,Shift_1_Morning,BAL_SOUTH_PIT,21.8005,80.1901,19,21,4,14,1.38,7.43,22.2,38.1,64.7,31.8,0.323,18.2,512.8,473.8,592.1,489.6,102.5,17.31,Moderate (10-25%)
2026-08-06 14:00:00,Shift_2_Evening,UKWA_EXTENSION,21.7932,80.2015,26,27,3,11,0.87,7.4,19.2,13.8,73.4,31.4,0.267,6.3,421.5,466.3,507.5,419.1,88.4,17.42,Moderate (10-25%)
2026-08-06 22:00:00,Shift_3_Night,BAL_SOUTH_PIT,21.8005,80.1901,18,24,3,16,2.22,7.94,35.0,100.0,95.7,15.0,0.849,100.0,441.5,475.7,402.8,294.6,108.2,26.86,Critical (>25%)
2026-08-07 06:00:00,Shift_1_Morning,UKWA_EXTENSION,21.7932,80.2015,24,26,3,16,0.82,7.44,26.5,65.4,90.4,22.1,0.516,40.1,521.6,372.9,451.5,371.5,80.0,17.72,Moderate (10-25%)
2026-08-07 14:00:00,Shift_2_Evening,BAL_NORTH_PIT,21.8121,80.1843,25,25,3,12,0.34,8.08,20.4,5.5,60.4,35.1,0.2,7.2,516.7,503.9,490.0,444.1,45.9,9.37,Normal (<10%)
2026-08-07 22:00:00,Shift_3_Night,BAL_SOUTH_PIT,21.8005,80.1901,24,26,4,14,1.88,7.6,27.0,35.4,68.9,30.9,0.338,26.1,433.8,376.5,538.6,424.9,113.7,21.11,Moderate (10-25%)
2026-08-08 06:00:00,Shift_1_Morning,UKWA_EXTENSION,21.7932,80.2015,16,18,4,14,1.56,7.48,21.4,18.9,70.1,32.0,0.298,11.7,480.3,562.0,546.6,451.8,94.8,17.34,Moderate (10-25%)
2026-08-08 14:00:00,Shift_2_Evening,BAL_DEEP_LEVEL_3,21.8064,80.1876,27,27,3,14,0.61,8.14,19.4,14.3,63.8,35.3,0.277,7.9,410.3,532.4,599.1,549.4,49.7,8.3,Normal (<10%)
2026-08-08 22:00:00,Shift_3_Night,BAL_DEEP_LEVEL_3,21.8064,80.1876,18,21,3,13,0.95,7.64,31.1,73.9,88.4,26.4,0.587,55.6,382.1,402.1,457.5,321.3,136.2,29.77,Critical (>25%)
2026-08-09 06:00:00,Shift_1_Morning,BAL_SOUTH_PIT,21.8005,80.1901,24,25,3,15,1.03,8.02,24.1,42.0,80.7,30.4,0.402,35.3,548.8,484.5,507.6,432.4,75.2,14.81,Moderate (10-25%)
2026-08-09 14:00:00,Shift_2_Evening,BAL_SOUTH_PIT,21.8005,80.1901,17,18,3,14,0.62,7.92,23.3,17.3,72.9,30.3,0.315,12.4,431.3,586.9,506.7,433.2,73.5,14.51,Moderate (10-25%)
2026-08-09 22:00:00,Shift_3_Night,BAL_NORTH_PIT,21.8121,80.1843,26,26,3,16,1.21,7.66,21.3,17.1,73.5,36.9,0.289,18.4,351.8,418.1,481.1,357.9,123.2,25.61,Critical (>25%)
2026-08-10 06:00:00,Shift_1_Morning,BAL_SOUTH_PIT,21.8005,80.1901,15,18,3,16,2.66,7.49,29.7,83.8,90.0,23.0,0.625,68.6,421.2,452.4,433.8,290.7,143.1,32.99,Critical (>25%)
2026-08-10 14:00:00,Shift_2_Evening,BAL_NORTH_PIT,21.8121,80.1843,22,24,3,12,0.94,8.01,24.3,35.2,68.6,31.8,0.348,31.5,533.9,508.3,595.5,534.7,60.8,10.21,Moderate (10-25%)
2026-08-10 22:00:00,Shift_3_Night,BAL_NORTH_PIT,21.8121,80.1843,17,20,3,16,0.41,7.97,22.0,26.0,75.0,30.3,0.293,25.8,566.9,547.0,570.7,519.4,51.3,8.99,Normal (<10%)
2026-08-11 06:00:00,Shift_1_Morning,BAL_DEEP_LEVEL_3,21.8064,80.1876,18,19,4,16,1.66,7.41,21.1,14.3,68.5,33.0,0.248,21.3,527.6,410.1,499.7,392.6,107.1,21.43,Moderate (10-25%)
2026-08-11 14:00:00,Shift_2_Evening,BAL_DEEP_LEVEL_3,21.8064,80.1876,20,21,3,15,0.53,7.85,21.3,23.0,63.5,31.3,0.215,14.9,435.0,451.4,520.6,426.3,94.3,18.11,Moderate (10-25%)
2026-08-11 22:00:00,Shift_3_Night,UKWA_EXTENSION,21.7932,80.2015,19,21,3,14,1.24,7.56,32.8,97.3,88.2,23.4,0.726,64.7,347.5,440.1,445.5,325.1,120.4,27.03,Critical (>25%)
2026-08-12 06:00:00,Shift_1_Morning,BAL_DEEP_LEVEL_3,21.8064,80.1876,21,23,4,16,0.31,7.92,23.1,29.0,69.2,30.9,0.341,20.2,462.5,520.0,508.8,471.6,37.2,7.31,Normal (<10%)
2026-08-12 14:00:00,Shift_2_Evening,BAL_DEEP_LEVEL_3,21.8064,80.1876,24,26,4,14,1.36,7.81,22.3,20.7,73.6,37.6,0.323,23.0,529.9,408.4,539.0,445.8,93.2,17.29,Moderate (10-25%)
2026-08-12 22:00:00,Shift_3_Night,BAL_SOUTH_PIT,21.8005,80.1901,19,19,4,13,1.62,7.89,20.6,24.5,69.1,29.8,0.284,15.1,507.9,447.7,503.0,421.3,81.7,16.24,Moderate (10-25%)
2026-08-13 06:00:00,Shift_1_Morning,BAL_DEEP_LEVEL_3,21.8064,80.1876,20,24,4,12,1.2,7.87,27.3,70.1,82.7,24.3,0.585,45.0,402.1,327.2,598.1,480.0,118.1,19.75,Moderate (10-25%)
2026-08-13 14:00:00,Shift_2_Evening,UKWA_EXTENSION,21.7932,80.2015,26,26,4,14,1.66,7.55,24.0,31.3,71.8,29.4,0.409,27.5,574.3,537.3,522.3,446.9,75.4,14.44,Moderate (10-25%)
2026-08-13 22:00:00,Shift_3_Night,BAL_SOUTH_PIT,21.8005,80.1901,23,24,4,13,0.0,8.15,22.3,14.1,64.6,34.9,0.267,12.0,407.7,515.5,474.2,458.5,15.7,3.31,Normal (<10%)
2026-08-14 06:00:00,Shift_1_Morning,UKWA_EXTENSION,21.7932,80.2015,24,27,3,12,0.87,8.01,26.1,52.6,71.0,28.2,0.502,46.6,498.6,555.9,554.4,475.5,78.9,14.23,Moderate (10-25%)
2026-08-14 14:00:00,Shift_2_Evening,BAL_DEEP_LEVEL_3,21.8064,80.1876,23,26,3,16,0.5,8.06,23.2,31.1,74.9,30.1,0.339,26.8,480.0,526.1,434.1,358.9,75.2,17.32,Moderate (10-25%)
2026-08-14 22:00:00,Shift_3_Night,UKWA_EXTENSION,21.7932,80.2015,21,23,4,16,0.93,7.82,25.1,49.3,71.0,24.4,0.454,41.2,369.4,404.6,476.9,394.8,82.1,17.22,Moderate (10-25%)
2026-08-15 06:00:00,Shift_1_Morning,BAL_SOUTH_PIT,21.8005,80.1901,20,24,3,14,2.11,7.93,31.8,96.5,90.8,18.4,0.755,68.4,480.2,548.5,469.4,351.2,118.2,25.18,Critical (>25%)
2026-08-15 14:00:00,Shift_2_Evening,BAL_NORTH_PIT,21.8121,80.1843,24,26,4,12,0.76,7.89,21.5,22.2,64.7,31.6,0.262,19.0,444.2,385.9,486.4,400.5,85.9,17.66,Moderate (10-25%)
2026-08-15 22:00:00,Shift_3_Night,UKWA_EXTENSION,21.7932,80.2015,19,20,3,12,0.0,7.81,22.1,12.3,69.5,30.3,0.255,18.0,566.0,461.3,556.4,489.6,66.8,12.01,Moderate (10-25%)
2026-08-16 06:00:00,Shift_1_Morning,UKWA_EXTENSION,21.7932,80.2015,15,20,3,10,2.72,7.51,35.0,100.0,92.4,15.7,0.813,100.0,511.5,519.1,496.8,363.4,133.4,26.85,Critical (>25%)
2026-08-16 14:00:00,Shift_2_Evening,BAL_SOUTH_PIT,21.8005,80.1901,21,24,4,16,1.41,7.78,21.6,29.6,65.1,30.1,0.297,26.0,359.6,483.1,558.8,464.3,94.5,16.91,Moderate (10-25%)
2026-08-16 22:00:00,Shift_3_Night,BAL_SOUTH_PIT,21.8005,80.1901,16,18,3,12,1.11,7.87,23.7,37.0,75.9,28.7,0.336,26.1,387.5,499.4,515.3,399.1,116.2,22.55,Moderate (10-25%)
2026-08-17 06:00:00,Shift_1_Morning,UKWA_EXTENSION,21.7932,80.2015,21,22,3,11,0.79,7.45,25.6,57.8,73.9,25.6,0.475,43.7,382.0,456.9,468.4,367.7,100.7,21.5,Moderate (10-25%)
2026-08-17 14:00:00,Shift_2_Evening,BAL_DEEP_LEVEL_3,21.8064,80.1876,21,22,3,14,1.0,7.92,25.0,41.4,74.6,28.4,0.403,28.4,549.1,535.8,562.0,503.9,58.1,10.34,Moderate (10-25%)
2026-08-17 22:00:00,Shift_3_Night,UKWA_EXTENSION,21.7932,80.2015,19,20,4,12,0.0,8.04,22.6,15.2,72.8,32.4,0.322,5.6,456.4,515.7,447.7,413.9,33.8,7.55,Normal (<10%)
2026-08-18 06:00:00,Shift_1_Morning,BAL_SOUTH_PIT,21.8005,80.1901,19,22,4,11,0.65,7.53,26.8,70.2,79.4,25.0,0.584,57.8,427.5,506.8,444.9,344.9,100.0,22.48,Moderate (10-25%)
2026-08-18 14:00:00,Shift_2_Evening,BAL_NORTH_PIT,21.8121,80.1843,22,25,4,14,1.24,8.09,29.8,82.3,85.2,27.3,0.582,57.6,393.8,421.6,500.9,400.1,100.8,20.12,Moderate (10-25%)
2026-08-18 22:00:00,Shift_3_Night,BAL_NORTH_PIT,21.8121,80.1843,16,18,4,15,0.81,8.08,24.8,36.1,70.7,30.7,0.435,33.0,480.7,494.3,452.2,378.5,73.7,16.3,Moderate (10-25%)
2026-08-19 06:00:00,Shift_1_Morning,BAL_DEEP_LEVEL_3,21.8064,80.1876,23,25,4,11,0.69,7.61,24.8,43.1,74.7,31.2,0.379,33.8,522.2,390.4,401.8,334.8,67.0,16.67,Moderate (10-25%)
2026-08-19 14:00:00,Shift_2_Evening,UKWA_EXTENSION,21.7932,80.2015,18,19,3,11,0.91,7.5,20.3,17.1,65.4,33.1,0.259,17.7,344.4,323.9,529.7,439.8,89.9,16.97,Moderate (10-25%)
2026-08-19 22:00:00,Shift_3_Night,BAL_NORTH_PIT,21.8121,80.1843,20,21,3,16,1.66,8.03,20.2,4.9,67.7,34.5,0.234,12.3,400.5,479.2,502.2,429.5,72.7,14.48,Moderate (10-25%)
2026-08-20 06:00:00,Shift_1_Morning,UKWA_EXTENSION,21.7932,80.2015,20,24,3,14,1.0,8.05,23.9,28.1,65.9,33.0,0.3,26.5,446.3,510.0,489.1,406.9,82.2,16.81,Moderate (10-25%)
2026-08-20 14:00:00,Shift_2_Evening,BAL_SOUTH_PIT,21.8005,80.1901,16,17,4,12,0.66,7.51,19.3,14.0,71.6,32.2,0.274,21.7,346.5,451.9,593.4,503.5,89.9,15.15,Moderate (10-25%)
2026-08-20 22:00:00,Shift_3_Night,BAL_NORTH_PIT,21.8121,80.1843,21,25,4,13,3.47,7.96,35.0,100.0,98.0,15.0,0.873,88.3,535.3,533.9,514.2,363.1,151.1,29.39,Critical (>25%)
2026-08-21 06:00:00,Shift_1_Morning,BAL_DEEP_LEVEL_3,21.8064,80.1876,20,22,3,12,2.06,7.47,27.0,76.8,84.3,22.1,0.549,56.3,535.4,567.5,572.7,455.7,117.0,20.43,Moderate (10-25%)
2026-08-21 14:00:00,Shift_2_Evening,BAL_SOUTH_PIT,21.8005,80.1901,20,22,3,11,1.08,7.42,25.8,62.1,76.0,26.9,0.466,44.3,480.5,466.5,427.9,340.4,87.5,20.45,Moderate (10-25%)
2026-08-21 22:00:00,Shift_3_Night,BAL_DEEP_LEVEL_3,21.8064,80.1876,24,26,3,14,1.18,7.54,21.2,22.2,67.8,34.1,0.257,20.4,356.5,433.9,513.8,412.9,100.9,19.64,Moderate (10-25%)
2026-08-22 06:00:00,Shift_1_Morning,BAL_SOUTH_PIT,21.8005,80.1901,21,22,3,11,0.93,7.99,22.2,12.0,65.3,32.3,0.347,11.8,531.8,505.7,573.6,497.3,76.3,13.3,Moderate (10-25%)
2026-08-22 14:00:00,Shift_2_Evening,BAL_NORTH_PIT,21.8121,80.1843,20,24,3,12,2.1,7.43,34.5,100.0,98.0,15.0,0.791,96.3,503.8,396.8,516.6,366.2,150.4,29.11,Critical (>25%)
2026-08-22 22:00:00,Shift_3_Night,BAL_DEEP_LEVEL_3,21.8064,80.1876,20,21,3,16,1.11,7.43,21.7,26.6,68.1,31.5,0.332,28.8,496.3,503.8,543.6,405.7,137.9,25.37,Critical (>25%)
2026-08-23 06:00:00,Shift_1_Morning,BAL_DEEP_LEVEL_3,21.8064,80.1876,20,22,4,15,1.05,7.38,21.6,7.2,71.1,32.2,0.313,1.0,440.4,388.9,474.4,367.5,106.9,22.53,Moderate (10-25%)
2026-08-23 14:00:00,Shift_2_Evening,BAL_SOUTH_PIT,21.8005,80.1901,18,19,2,11,1.23,8.1,25.3,37.7,73.4,33.9,0.385,30.2,389.3,487.9,418.5,348.0,70.5,16.85,Moderate (10-25%)
2026-08-23 22:00:00,Shift_3_Night,BAL_DEEP_LEVEL_3,21.8064,80.1876,17,20,3,14,2.08,8.01,27.5,73.3,84.0,26.0,0.595,53.1,454.0,415.9,491.6,360.8,130.8,26.61,Critical (>25%)
2026-08-24 06:00:00,Shift_1_Morning,BAL_SOUTH_PIT,21.8005,80.1901,22,24,3,12,0.91,7.91,26.8,51.7,76.1,26.8,0.457,34.8,430.8,447.7,478.9,428.4,50.5,10.54,Moderate (10-25%)
2026-08-24 14:00:00,Shift_2_Evening,BAL_SOUTH_PIT,21.8005,80.1901,25,27,4,13,0.71,7.58,20.9,1.2,59.7,36.3,0.15,12.2,549.4,462.2,573.4,486.5,86.9,15.16,Moderate (10-25%)
2026-08-24 22:00:00,Shift_3_Night,BAL_SOUTH_PIT,21.8005,80.1901,20,22,3,16,0.76,7.94,26.9,64.0,84.2,24.8,0.502,44.2,422.9,434.7,448.8,349.1,99.7,22.21,Moderate (10-25%)
2026-08-25 06:00:00,Shift_1_Morning,BAL_SOUTH_PIT,21.8005,80.1901,18,19,4,12,0.85,7.86,19.7,15.3,62.8,31.4,0.268,11.0,509.8,507.6,593.3,533.7,59.6,10.05,Moderate (10-25%)
2026-08-25 14:00:00,Shift_2_Evening,BAL_NORTH_PIT,21.8121,80.1843,23,23,3,13,1.6,7.6,20.5,5.7,68.1,36.6,0.247,6.5,452.4,538.5,591.6,495.8,95.8,16.19,Moderate (10-25%)
2026-08-25 22:00:00,Shift_3_Night,BAL_SOUTH_PIT,21.8005,80.1901,20,24,4,15,2.06,7.45,32.1,100.0,98.0,17.1,0.78,78.9,540.1,438.2,449.5,350.9,98.6,21.94,Moderate (10-25%)
2026-08-26 06:00:00,Shift_1_Morning,UKWA_EXTENSION,21.7932,80.2015,22,24,3,16,0.57,7.96,26.2,65.7,77.8,23.4,0.552,56.0,445.9,525.3,469.6,388.1,81.5,17.36,Moderate (10-25%)
2026-08-26 14:00:00,Shift_2_Evening,BAL_DEEP_LEVEL_3,21.8064,80.1876,22,26,3,14,1.55,8.0,23.6,48.9,81.2,30.6,0.394,41.4,439.2,514.6,579.1,451.7,127.4,22.0,Moderate (10-25%)
2026-08-26 22:00:00,Shift_3_Night,UKWA_EXTENSION,21.7932,80.2015,18,20,4,12,0.43,7.61,24.3,33.8,77.9,31.5,0.412,27.3,413.7,452.9,593.3,466.5,126.8,21.37,Moderate (10-25%)
2026-08-27 06:00:00,Shift_1_Morning,BAL_NORTH_PIT,21.8121,80.1843,15,17,4,14,1.95,8.0,30.9,98.0,96.5,20.3,0.786,69.0,474.3,419.2,488.7,403.3,85.4,17.47,Moderate (10-25%)
2026-08-27 14:00:00,Shift_2_Evening,UKWA_EXTENSION,21.7932,80.2015,18,21,3,14,0.61,7.38,27.1,82.9,83.8,19.7,0.707,61.1,334.2,357.5,464.2,365.0,99.2,21.37,Moderate (10-25%)
2026-08-27 22:00:00,Shift_3_Night,BAL_DEEP_LEVEL_3,21.8064,80.1876,14,16,3,12,1.43,7.55,26.7,58.3,78.5,29.1,0.514,44.3,419.1,415.9,505.2,362.9,142.3,28.17,Critical (>25%)
2026-08-28 06:00:00,Shift_1_Morning,UKWA_EXTENSION,21.7932,80.2015,17,20,3,15,0.23,7.95,25.2,36.1,71.9,30.5,0.385,41.9,481.6,528.1,537.6,458.3,79.3,14.75,Moderate (10-25%)
2026-08-28 14:00:00,Shift_2_Evening,BAL_NORTH_PIT,21.8121,80.1843,17,20,3,16,1.22,8.19,33.0,100.0,98.0,20.2,0.833,74.8,442.8,362.2,454.7,390.6,64.1,14.1,Moderate (10-25%)
2026-08-28 22:00:00,Shift_3_Night,BAL_SOUTH_PIT,21.8005,80.1901,12,18,3,14,4.67,8.0,35.0,100.0,95.1,15.0,0.862,93.6,508.7,527.6,547.3,397.5,149.8,27.37,Critical (>25%)
2026-08-29 06:00:00,Shift_1_Morning,UKWA_EXTENSION,21.7932,80.2015,22,23,4,14,1.33,7.78,20.4,7.6,62.0,32.0,0.204,5.2,350.3,408.4,410.3,329.1,81.2,19.79,Moderate (10-25%)
2026-08-29 14:00:00,Shift_2_Evening,BAL_NORTH_PIT,21.8121,80.1843,17,19,3,10,1.32,7.54,30.7,98.3,85.6,21.2,0.745,72.4,472.9,380.7,409.9,291.2,118.7,28.96,Critical (>25%)
2026-08-29 22:00:00,Shift_3_Night,BAL_NORTH_PIT,21.8121,80.1843,20,22,4,12,1.7,8.19,22.0,34.0,65.7,34.6,0.315,25.4,556.8,500.0,477.3,405.2,72.1,15.11,Moderate (10-25%)
2026-08-30 06:00:00,Shift_1_Morning,BAL_DEEP_LEVEL_3,21.8064,80.1876,17,18,3,16,0.17,8.16,23.7,35.3,68.4,33.2,0.35,27.4,494.1,474.6,470.7,439.1,31.6,6.71,Normal (<10%)
2026-08-30 14:00:00,Shift_2_Evening,BAL_DEEP_LEVEL_3,21.8064,80.1876,18,20,3,12,1.33,8.18,23.9,57.3,81.1,28.9,0.521,42.6,525.6,511.7,463.1,367.1,96.0,20.73,Moderate (10-25%)
2026-08-30 22:00:00,Shift_3_Night,UKWA_EXTENSION,21.7932,80.2015,23,24,3,13,0.17,7.4,22.1,12.7,58.8,30.7,0.256,13.7,561.8,458.8,498.2,432.5,65.7,13.19,Moderate (10-25%)
2026-08-31 06:00:00,Shift_1_Morning,BAL_SOUTH_PIT,21.8005,80.1901,17,19,3,14,1.03,8.09,25.8,43.4,71.7,29.9,0.401,26.6,449.2,455.5,464.1,375.1,89.0,19.18,Moderate (10-25%)
2026-08-31 14:00:00,Shift_2_Evening,BAL_NORTH_PIT,21.8121,80.1843,19,24,3,14,2.69,7.93,31.1,100.0,83.2,18.7,0.78,76.0,533.3,480.4,438.5,315.2,123.3,28.12,Critical (>25%)
2026-08-31 22:00:00,Shift_3_Night,UKWA_EXTENSION,21.7932,80.2015,20,23,4,16,0.15,7.52,22.3,19.4,74.6,33.5,0.319,23.9,375.1,432.9,461.9,363.8,98.1,21.24,Moderate (10-25%)
2026-09-01 06:00:00,Shift_1_Morning,BAL_NORTH_PIT,21.8121,80.1843,24,26,4,16,0.79,7.37,21.6,18.7,67.1,29.7,0.249,11.5,485.8,445.1,595.0,496.7,98.3,16.52,Moderate (10-25%)
2026-09-01 14:00:00,Shift_2_Evening,BAL_NORTH_PIT,21.8121,80.1843,15,17,3,13,2.26,7.44,31.0,97.7,93.4,17.7,0.74,71.2,477.0,493.9,482.2,352.6,129.6,26.88,Critical (>25%)
2026-09-01 22:00:00,Shift_3_Night,BAL_SOUTH_PIT,21.8005,80.1901,19,22,3,12,0.75,7.43,20.0,23.9,61.8,29.4,0.271,20.2,507.4,489.2,488.9,428.7,60.2,12.31,Moderate (10-25%)
2026-09-02 06:00:00,Shift_1_Morning,BAL_SOUTH_PIT,21.8005,80.1901,22,23,4,16,0.0,7.59,21.8,21.1,73.4,30.8,0.34,21.9,407.5,488.6,515.3,424.0,91.3,17.72,Moderate (10-25%)
2026-09-02 14:00:00,Shift_2_Evening,UKWA_EXTENSION,21.7932,80.2015,23,24,3,14,0.15,8.08,21.8,17.8,73.8,31.4,0.292,22.8,485.6,511.0,596.7,516.6,80.1,13.42,Moderate (10-25%)
2026-09-02 22:00:00,Shift_3_Night,BAL_SOUTH_PIT,21.8005,80.1901,21,24,3,12,0.29,7.53,24.2,33.5,72.1,27.1,0.406,32.8,387.7,438.9,448.3,358.1,90.2,20.12,Moderate (10-25%)
2026-09-03 06:00:00,Shift_1_Morning,BAL_SOUTH_PIT,21.8005,80.1901,16,17,3,15,1.16,7.36,22.4,47.8,73.0,24.3,0.421,24.2,438.3,481.3,536.3,412.1,124.2,23.16,Moderate (10-25%)
2026-09-03 14:00:00,Shift_2_Evening,UKWA_EXTENSION,21.7932,80.2015,21,23,3,13,0.63,7.47,29.6,67.2,86.1,22.5,0.627,64.2,501.2,354.7,543.2,407.3,135.9,25.02,Critical (>25%)
2026-09-03 22:00:00,Shift_3_Night,BAL_SOUTH_PIT,21.8005,80.1901,21,24,3,15,1.64,7.43,23.3,30.9,74.9,27.7,0.369,15.6,479.7,501.4,521.5,367.8,153.7,29.47,Critical (>25%)
2026-09-04 06:00:00,Shift_1_Morning,BAL_DEEP_LEVEL_3,21.8064,80.1876,20,23,3,16,0.71,7.59,24.3,53.5,80.7,26.8,0.422,49.9,421.7,425.9,417.7,339.5,78.2,18.72,Moderate (10-25%)
2026-09-04 14:00:00,Shift_2_Evening,BAL_NORTH_PIT,21.8121,80.1843,25,27,3,12,0.88,7.62,23.4,46.1,76.3,27.7,0.361,28.1,435.4,496.4,535.4,377.1,158.3,29.57,Critical (>25%)
2026-09-04 22:00:00,Shift_3_Night,BAL_NORTH_PIT,21.8121,80.1843,20,22,3,12,2.09,7.61,23.9,25.8,73.0,30.0,0.27,14.5,377.9,490.5,412.8,318.4,94.4,22.87,Moderate (10-25%)
2026-09-05 06:00:00,Shift_1_Morning,BAL_NORTH_PIT,21.8121,80.1843,19,23,3,15,1.75,7.42,24.9,52.4,73.9,23.3,0.456,38.2,482.0,503.9,519.2,396.8,122.4,23.57,Moderate (10-25%)
2026-09-05 14:00:00,Shift_2_Evening,BAL_NORTH_PIT,21.8121,80.1843,23,26,3,12,2.45,7.73,26.5,72.9,87.6,16.2,0.567,54.2,400.3,498.3,547.9,405.3,142.6,26.03,Critical (>25%)
2026-09-05 22:00:00,Shift_3_Night,UKWA_EXTENSION,21.7932,80.2015,23,24,3,13,0.16,7.82,20.3,23.4,65.5,27.0,0.275,18.8,532.9,402.1,442.2,395.1,47.1,10.65,Moderate (10-25%)
2026-09-06 06:00:00,Shift_1_Morning,BAL_NORTH_PIT,21.8121,80.1843,19,20,2,14,0.56,8.14,18.7,8.1,50.4,31.0,0.18,11.7,404.8,474.4,568.3,470.3,98.0,17.24,Moderate (10-25%)
2026-09-06 14:00:00,Shift_2_Evening,BAL_NORTH_PIT,21.8121,80.1843,24,24,4,14,0.71,7.46,20.3,10.5,62.6,29.9,0.197,13.5,387.8,311.2,406.1,305.6,100.5,24.75,Moderate (10-25%)
2026-09-06 22:00:00,Shift_3_Night,BAL_NORTH_PIT,21.8121,80.1843,18,20,4,10,1.13,7.42,19.7,16.3,63.1,29.3,0.229,23.8,456.3,532.1,568.8,456.9,111.9,19.67,Moderate (10-25%)
2026-09-07 06:00:00,Shift_1_Morning,BAL_NORTH_PIT,21.8121,80.1843,23,24,4,16,1.08,7.66,19.6,13.9,66.3,36.1,0.278,9.1,406.0,490.8,492.1,445.9,46.2,9.39,Normal (<10%)
2026-09-07 14:00:00,Shift_2_Evening,BAL_DEEP_LEVEL_3,21.8064,80.1876,20,22,4,11,1.47,8.13,28.1,62.0,84.8,24.6,0.548,45.9,447.8,539.6,443.5,373.2,70.3,15.85,Moderate (10-25%)
2026-09-07 22:00:00,Shift_3_Night,BAL_NORTH_PIT,21.8121,80.1843,21,22,4,12,0.09,7.5,20.9,1.6,64.0,32.0,0.242,3.9,424.1,375.8,426.8,362.9,63.9,14.97,Moderate (10-25%)
2026-09-08 06:00:00,Shift_1_Morning,BAL_DEEP_LEVEL_3,21.8064,80.1876,18,20,3,12,1.2,7.47,26.7,68.7,91.0,20.5,0.543,55.2,558.0,451.5,590.7,448.2,142.5,24.12,Moderate (10-25%)
2026-09-08 14:00:00,Shift_2_Evening,UKWA_EXTENSION,21.7932,80.2015,17,18,3,15,0.13,7.49,21.6,13.9,63.7,32.2,0.277,9.5,451.1,372.2,414.5,350.6,63.9,15.42,Moderate (10-25%)
2026-09-08 22:00:00,Shift_3_Night,BAL_SOUTH_PIT,21.8005,80.1901,15,17,4,13,0.37,8.02,20.7,24.3,58.5,28.7,0.273,19.9,494.9,421.2,439.8,403.2,36.6,8.32,Normal (<10%)
2026-09-09 06:00:00,Shift_1_Morning,BAL_NORTH_PIT,21.8121,80.1843,21,24,3,12,1.55,8.16,23.0,39.2,75.1,31.1,0.401,41.9,463.0,493.7,469.6,393.0,76.6,16.31,Moderate (10-25%)
2026-09-09 14:00:00,Shift_2_Evening,BAL_SOUTH_PIT,21.8005,80.1901,25,26,4,16,2.1,7.54,22.1,17.7,64.3,29.6,0.334,15.5,417.4,483.3,524.0,378.8,145.2,27.71,Critical (>25%)
2026-09-09 22:00:00,Shift_3_Night,BAL_SOUTH_PIT,21.8005,80.1901,21,24,4,13,2.21,8.07,29.4,81.2,80.0,22.7,0.6,56.6,511.5,455.7,509.0,425.3,83.7,16.44,Moderate (10-25%)
2026-09-10 06:00:00,Shift_1_Morning,UKWA_EXTENSION,21.7932,80.2015,19,21,4,12,0.38,7.62,19.5,7.0,61.9,33.3,0.254,16.0,384.6,493.5,425.1,370.4,54.7,12.87,Moderate (10-25%)
2026-09-10 14:00:00,Shift_2_Evening,BAL_SOUTH_PIT,21.8005,80.1901,17,19,2,14,0.61,7.38,22.3,22.8,64.7,26.6,0.304,7.3,385.0,497.7,457.9,350.4,107.5,23.48,Moderate (10-25%)
2026-09-10 22:00:00,Shift_3_Night,BAL_DEEP_LEVEL_3,21.8064,80.1876,20,23,3,14,0.85,8.08,31.3,96.1,85.6,20.8,0.659,77.1,423.4,571.9,447.8,374.0,73.8,16.48,Moderate (10-25%)
2026-09-11 06:00:00,Shift_1_Morning,BAL_SOUTH_PIT,21.8005,80.1901,21,24,3,14,1.73,7.97,25.2,48.3,82.5,26.3,0.42,34.3,539.7,420.5,442.7,374.1,68.6,15.5,Moderate (10-25%)
2026-09-11 14:00:00,Shift_2_Evening,BAL_SOUTH_PIT,21.8005,80.1901,24,26,3,13,0.39,7.75,23.5,17.9,68.8,25.2,0.324,13.7,523.7,565.1,482.2,428.0,54.2,11.24,Moderate (10-25%)
2026-09-11 22:00:00,Shift_3_Night,BAL_SOUTH_PIT,21.8005,80.1901,20,24,4,15,0.48,7.79,20.8,18.8,66.4,26.3,0.282,20.0,424.2,441.2,540.8,475.6,65.2,12.06,Moderate (10-25%)
2026-09-12 06:00:00,Shift_1_Morning,BAL_NORTH_PIT,21.8121,80.1843,21,23,2,15,1.01,7.4,26.1,51.5,85.5,22.1,0.494,45.0,366.6,367.0,443.5,351.7,91.8,20.7,Moderate (10-25%)
2026-09-12 14:00:00,Shift_2_Evening,BAL_NORTH_PIT,21.8121,80.1843,20,24,4,16,1.39,7.55,31.6,100.0,90.8,16.6,0.727,86.0,416.6,439.5,473.3,340.0,133.3,28.16,Critical (>25%)
2026-09-12 22:00:00,Shift_3_Night,BAL_DEEP_LEVEL_3,21.8064,80.1876,17,18,3,15,1.41,8.01,26.4,74.1,76.0,20.7,0.54,58.9,448.8,557.5,478.2,376.0,102.2,21.37,Moderate (10-25%)
2026-09-13 06:00:00,Shift_1_Morning,BAL_DEEP_LEVEL_3,21.8064,80.1876,26,26,4,16,0.77,8.02,21.6,14.8,58.5,28.0,0.233,15.8,422.8,362.8,595.3,507.8,87.5,14.7,Moderate (10-25%)
2026-09-13 14:00:00,Shift_2_Evening,BAL_NORTH_PIT,21.8121,80.1843,18,24,3,10,2.99,7.7,35.0,100.0,94.8,15.0,0.886,88.8,469.1,469.4,590.9,441.0,149.9,25.37,Critical (>25%)
2026-09-13 22:00:00,Shift_3_Night,BAL_DEEP_LEVEL_3,21.8064,80.1876,16,17,4,11,1.22,7.37,19.2,1.5,54.4,30.2,0.194,4.6,577.3,493.3,560.0,492.9,67.1,11.98,Moderate (10-25%)
2026-09-14 06:00:00,Shift_1_Morning,BAL_NORTH_PIT,21.8121,80.1843,22,23,4,15,0.63,7.5,20.4,2.7,56.6,30.9,0.214,3.8,371.7,503.1,448.3,382.6,65.7,14.66,Moderate (10-25%)
2026-09-14 14:00:00,Shift_2_Evening,UKWA_EXTENSION,21.7932,80.2015,23,27,4,12,2.56,7.53,29.2,82.8,84.5,20.0,0.654,56.7,424.6,516.3,413.6,278.0,135.6,32.79,Critical (>25%)
2026-09-14 22:00:00,Shift_3_Night,BAL_SOUTH_PIT,21.8005,80.1901,19,21,3,16,0.52,7.93,19.8,14.4,71.0,28.7,0.253,19.4,492.1,427.6,463.4,448.7,14.7,3.17,Normal (<10%)
2026-09-15 06:00:00,Shift_1_Morning,BAL_SOUTH_PIT,21.8005,80.1901,17,19,4,16,0.48,8.0,18.3,4.0,69.3,31.0,0.266,7.7,419.3,480.5,453.4,400.6,52.8,11.65,Moderate (10-25%)
2026-09-15 14:00:00,Shift_2_Evening,BAL_DEEP_LEVEL_3,21.8064,80.1876,17,19,3,14,0.0,7.84,21.6,13.7,68.0,27.4,0.241,17.9,475.4,546.2,501.2,442.5,58.7,11.71,Moderate (10-25%)
2026-09-15 22:00:00,Shift_3_Night,BAL_NORTH_PIT,21.8121,80.1843,20,20,3,15,0.8,7.64,22.5,30.7,70.7,31.0,0.339,29.1,424.1,411.7,555.5,433.5,122.0,21.96,Moderate (10-25%)
2026-09-16 06:00:00,Shift_1_Morning,BAL_NORTH_PIT,21.8121,80.1843,16,18,3,16,1.29,7.43,28.1,61.9,76.8,22.5,0.545,48.3,541.9,479.2,571.7,456.3,115.4,20.19,Moderate (10-25%)
2026-09-16 14:00:00,Shift_2_Evening,BAL_DEEP_LEVEL_3,21.8064,80.1876,19,20,4,13,0.46,8.2,24.2,36.4,75.1,31.6,0.426,30.7,387.3,418.1,569.0,485.6,83.4,14.66,Moderate (10-25%)
2026-09-16 22:00:00,Shift_3_Night,BAL_NORTH_PIT,21.8121,80.1843,19,21,3,12,0.22,8.0,18.6,11.2,71.3,31.6,0.21,15.3,421.7,469.0,471.9,461.8,10.1,2.14,Normal (<10%)
2026-09-17 06:00:00,Shift_1_Morning,UKWA_EXTENSION,21.7932,80.2015,18,20,3,15,0.99,8.1,25.2,33.3,71.8,26.8,0.307,20.1,417.2,476.8,537.4,459.1,78.3,14.57,Moderate (10-25%)
2026-09-17 14:00:00,Shift_2_Evening,BAL_SOUTH_PIT,21.8005,80.1901,20,26,4,15,3.29,7.49,35.0,100.0,92.7,15.0,0.852,92.5,408.7,528.7,462.6,297.9,164.7,35.6,Critical (>25%)
2026-09-17 22:00:00,Shift_3_Night,BAL_DEEP_LEVEL_3,21.8064,80.1876,18,20,4,14,0.75,8.0,23.8,43.8,72.1,26.7,0.356,33.1,484.8,543.4,412.2,351.2,61.0,14.8,Moderate (10-25%)
2026-09-18 06:00:00,Shift_1_Morning,BAL_DEEP_LEVEL_3,21.8064,80.1876,19,22,4,15,0.91,7.44,20.4,22.4,67.2,28.5,0.268,21.8,529.8,452.1,540.3,443.1,97.2,17.99,Moderate (10-25%)
2026-09-18 14:00:00,Shift_2_Evening,BAL_NORTH_PIT,21.8121,80.1843,20,27,3,15,3.18,8.01,35.0,100.0,97.9,15.0,0.875,98.5,374.6,538.3,402.0,310.2,91.8,22.84,Moderate (10-25%)
2026-09-18 22:00:00,Shift_3_Night,BAL_DEEP_LEVEL_3,21.8064,80.1876,16,18,3,11,0.9,8.03,26.8,78.2,80.2,20.5,0.569,55.8,385.8,528.9,481.8,409.3,72.5,15.05,Moderate (10-25%)
2026-09-19 06:00:00,Shift_1_Morning,UKWA_EXTENSION,21.7932,80.2015,25,25,3,13,0.31,7.92,20.9,5.9,65.8,29.5,0.185,3.2,491.7,397.6,465.9,400.6,65.3,14.02,Moderate (10-25%)
2026-09-19 14:00:00,Shift_2_Evening,BAL_NORTH_PIT,21.8121,80.1843,17,18,4,16,0.77,7.49,20.1,1.0,63.9,32.2,0.146,8.0,426.2,535.7,538.7,468.2,70.5,13.09,Moderate (10-25%)
2026-09-19 22:00:00,Shift_3_Night,BAL_NORTH_PIT,21.8121,80.1843,26,26,4,15,0.74,7.44,21.9,12.6,67.3,29.5,0.298,10.4,466.4,404.0,553.2,459.6,93.6,16.92,Moderate (10-25%)
2026-09-20 06:00:00,Shift_1_Morning,BAL_NORTH_PIT,21.8121,80.1843,16,20,3,11,1.48,7.73,26.6,71.3,77.2,24.0,0.586,66.7,435.2,335.1,460.8,320.9,139.9,30.36,Critical (>25%)
2026-09-20 14:00:00,Shift_2_Evening,BAL_NORTH_PIT,21.8121,80.1843,21,23,3,16,0.0,7.49,21.2,10.2,63.2,31.4,0.197,7.8,503.4,416.3,562.3,466.8,95.5,16.98,Moderate (10-25%)
2026-09-20 22:00:00,Shift_3_Night,UKWA_EXTENSION,21.7932,80.2015,22,24,3,10,0.17,7.65,25.4,45.8,71.5,28.6,0.376,38.0,355.0,446.3,458.8,358.2,100.6,21.93,Moderate (10-25%)
2026-09-21 06:00:00,Shift_1_Morning,BAL_NORTH_PIT,21.8121,80.1843,24,24,4,12,0.25,7.48,22.5,9.8,63.1,31.1,0.225,12.5,371.7,417.3,489.3,362.8,126.5,25.85,Critical (>25%)
2026-09-21 14:00:00,Shift_2_Evening,BAL_DEEP_LEVEL_3,21.8064,80.1876,23,25,3,12,0.6,8.03,24.7,69.7,79.4,21.4,0.529,54.1,449.9,381.9,545.4,452.9,92.5,16.96,Moderate (10-25%)
2026-09-21 22:00:00,Shift_3_Night,UKWA_EXTENSION,21.7932,80.2015,16,18,3,10,1.06,7.37,19.4,16.6,73.1,28.6,0.311,18.4,390.2,591.9,538.6,445.2,93.4,17.34,Moderate (10-25%)
2026-09-22 06:00:00,Shift_1_Morning,BAL_SOUTH_PIT,21.8005,80.1901,19,22,4,15,1.79,7.96,33.6,100.0,95.0,15.0,0.783,83.0,463.4,512.5,597.5,469.3,128.2,21.46,Moderate (10-25%)
2026-09-22 14:00:00,Shift_2_Evening,BAL_SOUTH_PIT,21.8005,80.1901,20,24,3,16,1.32,7.52,32.4,95.0,81.5,18.1,0.729,66.2,530.5,510.8,445.0,345.0,100.0,22.47,Moderate (10-25%)
2026-09-22 22:00:00,Shift_3_Night,BAL_DEEP_LEVEL_3,21.8064,80.1876,17,18,3,12,1.34,8.16,21.5,3.4,56.3,33.8,0.224,2.3,389.1,409.2,532.5,456.3,76.2,14.31,Moderate (10-25%)
2026-09-23 06:00:00,Shift_1_Morning,BAL_DEEP_LEVEL_3,21.8064,80.1876,17,18,3,16,1.28,8.02,21.9,28.9,76.1,28.8,0.3,15.4,561.9,550.7,521.9,441.6,80.3,15.39,Moderate (10-25%)
2026-09-23 14:00:00,Shift_2_Evening,UKWA_EXTENSION,21.7932,80.2015,20,22,3,16,0.23,7.64,19.6,4.4,61.1,33.0,0.167,5.8,556.5,462.9,583.0,513.3,69.7,11.96,Moderate (10-25%)
2026-09-23 22:00:00,Shift_3_Night,BAL_SOUTH_PIT,21.8005,80.1901,19,22,4,11,0.82,8.06,24.4,66.6,78.4,22.3,0.517,48.0,469.2,391.9,431.3,351.8,79.5,18.43,Moderate (10-25%)
2026-09-24 06:00:00,Shift_1_Morning,BAL_SOUTH_PIT,21.8005,80.1901,26,26,4,13,0.34,7.66,26.5,39.4,78.6,28.1,0.342,18.8,501.6,451.0,550.4,464.0,86.4,15.7,Moderate (10-25%)
2026-09-24 14:00:00,Shift_2_Evening,BAL_SOUTH_PIT,21.8005,80.1901,23,24,4,14,0.31,7.49,21.3,5.1,61.4,32.5,0.178,3.7,441.5,418.5,513.7,419.5,94.2,18.34,Moderate (10-25%)
2026-09-24 22:00:00,Shift_3_Night,BAL_SOUTH_PIT,21.8005,80.1901,20,21,4,14,1.43,7.74,20.8,4.1,56.6,34.7,0.205,4.4,497.6,324.7,454.9,373.6,81.3,17.87,Moderate (10-25%)
2026-09-25 06:00:00,Shift_1_Morning,BAL_SOUTH_PIT,21.8005,80.1901,23,24,3,16,1.92,7.45,22.5,21.6,63.4,28.3,0.28,25.0,348.3,443.8,494.9,368.5,126.4,25.54,Critical (>25%)
2026-09-25 14:00:00,Shift_2_Evening,BAL_NORTH_PIT,21.8121,80.1843,16,18,3,16,1.22,7.92,27.7,73.7,86.6,17.6,0.609,52.4,464.7,506.2,466.8,351.7,115.1,24.66,Moderate (10-25%)
2026-09-25 22:00:00,Shift_3_Night,BAL_DEEP_LEVEL_3,21.8064,80.1876,20,23,4,10,1.02,7.38,28.3,69.4,93.3,20.0,0.605,52.2,555.1,440.4,515.9,387.8,128.1,24.83,Moderate (10-25%)
2026-09-26 06:00:00,Shift_1_Morning,BAL_NORTH_PIT,21.8121,80.1843,15,19,4,10,1.72,8.23,32.4,100.0,96.4,21.0,0.787,73.2,521.4,474.2,577.8,479.6,98.2,17.0,Moderate (10-25%)
2026-09-26 14:00:00,Shift_2_Evening,BAL_SOUTH_PIT,21.8005,80.1901,24,26,4,14,0.71,8.08,22.2,25.6,66.8,29.1,0.301,24.0,473.6,568.3,513.9,456.6,57.3,11.15,Moderate (10-25%)
2026-09-26 22:00:00,Shift_3_Night,UKWA_EXTENSION,21.7932,80.2015,22,22,3,11,0.33,7.97,17.5,1.9,59.5,33.0,0.115,2.8,459.3,511.0,526.3,495.3,31.0,5.89,Normal (<10%)
2026-09-27 06:00:00,Shift_1_Morning,UKWA_EXTENSION,21.7932,80.2015,17,22,3,15,1.64,7.62,35.0,100.0,95.4,15.0,0.839,97.2,559.0,526.4,503.7,374.7,129.0,25.61,Critical (>25%)
2026-09-27 14:00:00,Shift_2_Evening,BAL_SOUTH_PIT,21.8005,80.1901,22,23,3,13,0.09,8.07,20.9,2.8,51.4,34.0,0.15,1.8,534.9,478.3,410.2,373.4,36.8,8.97,Normal (<10%)
2026-09-27 22:00:00,Shift_3_Night,BAL_SOUTH_PIT,21.8005,80.1901,19,23,3,11,1.06,7.7,28.3,99.8,90.6,20.0,0.698,68.1,512.2,482.9,446.6,347.9,98.7,22.1,Moderate (10-25%)
2026-09-28 06:00:00,Shift_1_Morning,UKWA_EXTENSION,21.7932,80.2015,24,26,4,15,0.13,7.85,20.0,21.9,69.9,26.9,0.294,19.7,559.3,435.9,498.4,459.2,39.2,7.87,Normal (<10%)
2026-09-28 14:00:00,Shift_2_Evening,BAL_NORTH_PIT,21.8121,80.1843,24,24,4,14,0.27,7.47,22.1,0.1,70.6,30.7,0.19,0.4,493.9,516.6,462.0,395.8,66.2,14.33,Moderate (10-25%)
2026-09-28 22:00:00,Shift_3_Night,BAL_NORTH_PIT,21.8121,80.1843,21,23,4,14,0.62,7.45,25.6,33.2,76.2,25.6,0.307,27.7,361.2,398.3,436.4,315.1,121.3,27.8,Critical (>25%)
2026-09-29 06:00:00,Shift_1_Morning,BAL_SOUTH_PIT,21.8005,80.1901,22,26,4,16,2.94,7.3,34.2,100.0,98.0,15.0,0.859,99.4,466.9,433.4,500.8,378.5,122.3,24.42,Moderate (10-25%)
2026-09-29 14:00:00,Shift_2_Evening,BAL_NORTH_PIT,21.8121,80.1843,17,22,3,12,1.93,7.61,35.0,100.0,98.0,15.0,0.832,97.5,391.2,414.4,464.6,324.8,139.8,30.09,Critical (>25%)
2026-09-29 22:00:00,Shift_3_Night,UKWA_EXTENSION,21.7932,80.2015,18,18,3,12,0.19,7.97,20.8,8.0,70.1,31.0,0.214,7.0,467.9,488.9,451.6,396.9,54.7,12.11,Moderate (10-25%)
2026-09-30 06:00:00,Shift_1_Morning,BAL_NORTH_PIT,21.8121,80.1843,19,21,4,16,1.29,8.07,21.4,14.5,63.7,32.4,0.197,10.8,531.7,403.3,492.8,418.0,74.8,15.18,Moderate (10-25%)
2026-09-30 14:00:00,Shift_2_Evening,BAL_SOUTH_PIT,21.8005,80.1901,16,18,3,15,2.13,7.74,24.6,54.9,79.5,27.6,0.5,41.6,421.6,380.8,426.7,328.6,98.1,22.99,Moderate (10-25%)
2026-09-30 22:00:00,Shift_3_Night,UKWA_EXTENSION,21.7932,80.2015,19,19,4,16,1.13,7.96,22.1,45.1,66.1,26.4,0.397,37.5,424.7,420.8,585.5,497.2,88.3,15.08,Moderate (10-25%)
2026-10-01 06:00:00,Shift_1_Morning,BAL_NORTH_PIT,21.8121,80.1843,22,24,4,12,0.8,7.46,21.4,7.0,64.7,27.3,0.219,5.9,405.4,395.2,573.5,502.2,71.3,12.43,Moderate (10-25%)
2026-10-01 14:00:00,Shift_2_Evening,BAL_DEEP_LEVEL_3,21.8064,80.1876,21,23,4,11,1.17,7.51,21.0,14.5,68.5,28.2,0.246,14.2,394.3,547.9,541.5,422.6,118.9,21.96,Moderate (10-25%)
2026-10-01 22:00:00,Shift_3_Night,UKWA_EXTENSION,21.7932,80.2015,16,17,3,16,0.79,8.1,20.1,5.8,62.5,32.4,0.234,2.0,536.0,450.2,421.2,390.7,30.5,7.24,Normal (<10%)
2026-10-02 06:00:00,Shift_1_Morning,UKWA_EXTENSION,21.7932,80.2015,20,21,3,13,0.58,7.44,23.1,12.1,57.4,27.0,0.229,14.9,312.0,535.4,555.2,468.1,87.1,15.69,Moderate (10-25%)
2026-10-02 14:00:00,Shift_2_Evening,BAL_DEEP_LEVEL_3,21.8064,80.1876,23,24,4,16,0.07,7.44,18.9,5.7,69.7,25.7,0.212,7.7,532.8,390.7,561.6,473.0,88.6,15.78,Moderate (10-25%)
2026-10-02 22:00:00,Shift_3_Night,BAL_DEEP_LEVEL_3,21.8064,80.1876,19,21,3,14,1.1,7.61,20.1,9.9,65.6,29.9,0.197,6.5,504.4,569.3,553.6,493.5,60.1,10.86,Moderate (10-25%)
2026-10-03 06:00:00,Shift_1_Morning,UKWA_EXTENSION,21.7932,80.2015,23,25,4,13,0.95,7.54,19.9,7.6,71.6,28.7,0.204,1.8,525.7,426.2,422.8,362.0,60.8,14.38,Moderate (10-25%)
2026-10-03 14:00:00,Shift_2_Evening,BAL_DEEP_LEVEL_3,21.8064,80.1876,17,18,3,15,0.93,7.3,20.6,0.9,65.1,26.9,0.159,7.9,515.3,464.2,528.8,421.1,107.7,20.37,Moderate (10-25%)
2026-10-03 22:00:00,Shift_3_Night,BAL_SOUTH_PIT,21.8005,80.1901,25,25,4,12,0.75,7.88,20.3,8.1,70.1,24.3,0.193,7.7,475.6,463.8,566.9,470.9,96.0,16.93,Moderate (10-25%)
2026-10-04 06:00:00,Shift_1_Morning,BAL_SOUTH_PIT,21.8005,80.1901,23,23,4,12,0.63,8.15,19.5,2.7,68.4,31.5,0.181,2.9,403.2,446.1,515.5,486.9,28.6,5.55,Normal (<10%)
2026-10-04 14:00:00,Shift_2_Evening,BAL_SOUTH_PIT,21.8005,80.1901,16,18,3,16,0.95,8.04,22.5,5.0,59.7,29.0,0.184,0.8,573.5,479.3,529.3,503.9,25.4,4.8,Normal (<10%)
2026-10-04 22:00:00,Shift_3_Night,UKWA_EXTENSION,21.7932,80.2015,26,26,3,14,1.74,7.42,19.7,11.3,61.8,28.0,0.269,13.4,428.9,498.4,491.7,396.1,95.6,19.44,Moderate (10-25%)
2026-10-05 06:00:00,Shift_1_Morning,BAL_DEEP_LEVEL_3,21.8064,80.1876,21,25,4,14,1.25,7.48,19.7,10.1,62.6,27.3,0.255,21.1,414.3,459.1,505.7,418.2,87.5,17.3,Moderate (10-25%)
2026-10-05 14:00:00,Shift_2_Evening,BAL_DEEP_LEVEL_3,21.8064,80.1876,21,24,3,12,1.08,7.5,22.6,13.6,59.5,29.2,0.201,19.3,470.7,369.0,406.9,330.2,76.7,18.85,Moderate (10-25%)
2026-10-05 22:00:00,Shift_3_Night,BAL_NORTH_PIT,21.8121,80.1843,25,27,4,16,0.16,7.57,19.2,13.2,74.5,26.5,0.256,14.7,429.4,476.6,527.8,476.8,51.0,9.66,Normal (<10%)
2026-10-06 06:00:00,Shift_1_Morning,BAL_NORTH_PIT,21.8121,80.1843,23,23,3,15,1.31,7.36,20.4,11.9,65.6,25.6,0.291,9.9,516.2,532.7,416.3,361.8,54.5,13.09,Moderate (10-25%)
2026-10-06 14:00:00,Shift_2_Evening,BAL_DEEP_LEVEL_3,21.8064,80.1876,24,26,3,16,0.55,7.42,21.8,9.1,66.5,25.8,0.211,7.0,476.7,375.2,487.0,356.2,130.8,26.86,Critical (>25%)
2026-10-06 22:00:00,Shift_3_Night,BAL_DEEP_LEVEL_3,21.8064,80.1876,18,20,4,16,1.2,8.03,23.1,8.5,57.4,28.5,0.179,15.7,517.8,497.5,458.5,403.7,54.8,11.95,Moderate (10-25%)
2026-10-07 06:00:00,Shift_1_Morning,BAL_DEEP_LEVEL_3,21.8064,80.1876,22,22,3,16,0.46,7.49,23.1,2.1,66.6,32.1,0.221,0.0,440.3,490.8,509.1,418.1,91.0,17.87,Moderate (10-25%)
2026-10-07 14:00:00,Shift_2_Evening,UKWA_EXTENSION,21.7932,80.2015,25,26,3,12,0.62,8.06,20.6,4.7,61.5,28.4,0.204,9.4,474.6,405.5,426.7,395.6,31.1,7.29,Normal (<10%)
2026-10-07 22:00:00,Shift_3_Night,BAL_DEEP_LEVEL_3,21.8064,80.1876,22,22,3,16,1.56,7.38,20.3,5.8,69.9,26.0,0.201,10.3,512.4,535.0,538.3,431.4,106.9,19.86,Moderate (10-25%)
2026-10-08 06:00:00,Shift_1_Morning,BAL_NORTH_PIT,21.8121,80.1843,22,22,4,14,1.01,8.04,21.7,3.2,59.6,28.2,0.189,0.0,463.6,439.5,559.0,508.8,50.2,8.98,Normal (<10%)
2026-10-08 14:00:00,Shift_2_Evening,UKWA_EXTENSION,21.7932,80.2015,25,27,4,14,0.27,7.61,19.1,13.3,70.5,29.3,0.213,10.9,443.9,503.8,432.7,385.8,46.9,10.84,Moderate (10-25%)
2026-10-08 22:00:00,Shift_3_Night,BAL_DEEP_LEVEL_3,21.8064,80.1876,19,19,4,14,1.09,8.05,20.6,19.7,72.0,27.0,0.289,15.5,558.2,432.4,420.9,350.3,70.6,16.77,Moderate (10-25%)
2026-10-09 06:00:00,Shift_1_Morning,BAL_NORTH_PIT,21.8121,80.1843,17,20,4,14,0.4,8.01,20.8,9.4,61.7,27.6,0.198,8.3,519.6,491.9,429.1,364.1,65.0,15.15,Moderate (10-25%)
2026-10-09 14:00:00,Shift_2_Evening,UKWA_EXTENSION,21.7932,80.2015,19,21,3,14,0.84,7.49,19.4,5.7,70.2,30.3,0.228,8.5,471.0,460.4,575.4,507.1,68.3,11.87,Moderate (10-25%)
2026-10-09 22:00:00,Shift_3_Night,BAL_DEEP_LEVEL_3,21.8064,80.1876,24,26,4,16,0.97,7.42,19.7,6.7,69.7,28.3,0.22,9.2,397.5,415.4,505.6,397.1,108.5,21.46,Moderate (10-25%)
2026-10-10 06:00:00,Shift_1_Morning,BAL_DEEP_LEVEL_3,21.8064,80.1876,21,21,3,16,0.15,7.99,21.2,7.1,65.9,27.3,0.175,8.0,470.4,378.2,493.5,482.3,11.2,2.27,Normal (<10%)
2026-10-10 14:00:00,Shift_2_Evening,BAL_DEEP_LEVEL_3,21.8064,80.1876,26,26,3,11,0.71,7.63,22.1,11.5,59.9,30.9,0.204,4.2,397.5,391.9,421.3,360.2,61.1,14.5,Moderate (10-25%)
2026-10-10 22:00:00,Shift_3_Night,UKWA_EXTENSION,21.7932,80.2015,25,26,4,14,0.4,7.49,20.3,11.7,69.1,27.0,0.253,13.4,506.1,453.4,529.9,419.6,110.3,20.82,Moderate (10-25%)
2026-10-11 06:00:00,Shift_1_Morning,BAL_NORTH_PIT,21.8121,80.1843,22,24,3,12,1.39,7.41,19.4,7.0,62.6,26.2,0.154,4.7,441.5,464.3,573.6,452.1,121.5,21.18,Moderate (10-25%)
2026-10-11 14:00:00,Shift_2_Evening,BAL_NORTH_PIT,21.8121,80.1843,23,23,3,11,0.42,7.95,21.3,5.2,64.4,26.7,0.251,13.4,580.9,486.5,565.6,533.6,32.0,5.66,Normal (<10%)
2026-10-11 22:00:00,Shift_3_Night,BAL_SOUTH_PIT,21.8005,80.1901,24,24,3,9,1.16,7.52,18.9,9.4,64.3,27.1,0.248,18.1,521.2,512.3,525.2,441.2,84.0,15.99,Moderate (10-25%)
2026-10-12 06:00:00,Shift_1_Morning,BAL_DEEP_LEVEL_3,21.8064,80.1876,24,26,2,14,0.21,7.96,24.0,13.9,66.3,27.7,0.272,17.3,392.0,436.0,415.1,356.8,58.3,14.04,Moderate (10-25%)
2026-10-12 14:00:00,Shift_2_Evening,BAL_SOUTH_PIT,21.8005,80.1901,16,16,4,12,1.08,8.05,19.5,13.6,60.2,27.9,0.282,19.1,358.2,507.3,422.5,354.4,68.1,16.12,Moderate (10-25%)
2026-10-12 22:00:00,Shift_3_Night,BAL_SOUTH_PIT,21.8005,80.1901,21,25,3,12,0.78,7.55,19.8,4.9,54.4,32.0,0.173,7.0,539.6,513.8,409.9,359.9,50.0,12.2,Moderate (10-25%)
2026-10-13 06:00:00,Shift_1_Morning,BAL_NORTH_PIT,21.8121,80.1843,19,21,3,12,0.26,8.09,19.1,1.8,53.0,31.4,0.163,2.7,525.2,392.8,451.5,425.8,25.7,5.69,Normal (<10%)
2026-10-13 14:00:00,Shift_2_Evening,UKWA_EXTENSION,21.7932,80.2015,19,21,3,16,0.06,7.64,18.9,18.2,68.1,28.5,0.24,11.4,456.6,424.6,427.1,385.9,41.2,9.65,Normal (<10%)
2026-10-13 22:00:00,Shift_3_Night,UKWA_EXTENSION,21.7932,80.2015,17,20,3,12,0.89,7.6,18.1,8.6,51.1,30.0,0.179,15.6,448.5,506.9,452.0,390.9,61.1,13.52,Moderate (10-25%)
2026-10-14 06:00:00,Shift_1_Morning,BAL_NORTH_PIT,21.8121,80.1843,18,19,3,14,0.57,7.91,21.4,6.9,66.3,29.4,0.187,16.6,456.8,447.7,477.0,416.8,60.2,12.62,Moderate (10-25%)
2026-10-14 14:00:00,Shift_2_Evening,UKWA_EXTENSION,21.7932,80.2015,21,22,4,16,0.81,7.91,18.6,9.6,67.0,26.7,0.258,10.9,562.7,454.2,588.6,549.9,38.7,6.57,Normal (<10%)
2026-10-14 22:00:00,Shift_3_Night,BAL_SOUTH_PIT,21.8005,80.1901,24,26,3,14,0.67,7.99,23.5,10.2,64.0,27.0,0.256,17.1,501.9,529.5,522.1,473.1,49.0,9.39,Normal (<10%)
2026-10-15 06:00:00,Shift_1_Morning,BAL_DEEP_LEVEL_3,21.8064,80.1876,23,24,3,16,1.25,7.95,20.6,3.4,68.7,28.8,0.253,5.5,321.6,304.8,567.0,464.8,102.2,18.02,Moderate (10-25%)
2026-10-15 14:00:00,Shift_2_Evening,BAL_NORTH_PIT,21.8121,80.1843,19,20,2,14,1.42,7.89,21.1,6.6,61.7,27.9,0.2,6.3,553.8,504.4,542.1,490.4,51.7,9.54,Normal (<10%)
2026-10-15 22:00:00,Shift_3_Night,BAL_DEEP_LEVEL_3,21.8064,80.1876,19,20,2,11,0.72,7.46,21.3,18.3,68.0,25.3,0.27,12.1,353.1,453.2,422.5,324.4,98.1,23.22,Moderate (10-25%)
2026-10-16 06:00:00,Shift_1_Morning,UKWA_EXTENSION,21.7932,80.2015,21,23,4,16,0.0,7.95,21.7,4.5,52.6,28.8,0.206,2.6,505.8,541.0,547.2,529.4,17.8,3.25,Normal (<10%)
2026-10-16 14:00:00,Shift_2_Evening,BAL_DEEP_LEVEL_3,21.8064,80.1876,20,23,4,16,1.03,7.43,22.3,6.0,53.1,25.7,0.247,13.8,455.7,387.2,455.0,344.7,110.3,24.24,Moderate (10-25%)
2026-10-16 22:00:00,Shift_3_Night,UKWA_EXTENSION,21.7932,80.2015,23,23,4,16,1.07,7.47,20.5,3.7,62.0,28.5,0.239,7.9,406.0,528.8,527.8,448.9,78.9,14.95,Moderate (10-25%)
2026-10-17 06:00:00,Shift_1_Morning,UKWA_EXTENSION,21.7932,80.2015,23,26,3,16,0.67,8.12,21.5,10.3,66.7,30.1,0.269,12.4,475.1,414.6,468.2,384.3,83.9,17.92,Moderate (10-25%)
2026-10-17 14:00:00,Shift_2_Evening,BAL_SOUTH_PIT,21.8005,80.1901,19,19,4,13,1.4,8.02,18.9,15.2,70.1,28.4,0.259,14.6,418.9,493.0,599.5,517.1,82.4,13.74,Moderate (10-25%)
2026-10-17 22:00:00,Shift_3_Night,UKWA_EXTENSION,21.7932,80.2015,17,19,4,15,0.86,8.25,23.2,10.4,64.2,30.3,0.262,9.5,515.2,556.1,452.7,429.5,23.2,5.12,Normal (<10%)
2026-10-18 06:00:00,Shift_1_Morning,BAL_SOUTH_PIT,21.8005,80.1901,18,18,4,11,1.8,8.02,25.6,31.4,73.5,23.6,0.415,23.6,377.8,479.1,455.8,356.3,99.5,21.83,Moderate (10-25%)
2026-10-18 14:00:00,Shift_2_Evening,BAL_SOUTH_PIT,21.8005,80.1901,22,22,2,11,0.5,7.97,23.4,11.6,68.5,27.7,0.275,15.5,443.2,463.8,586.1,499.6,86.5,14.76,Moderate (10-25%)
2026-10-18 22:00:00,Shift_3_Night,BAL_SOUTH_PIT,21.8005,80.1901,17,18,2,14,1.03,7.5,19.4,6.5,60.9,31.0,0.151,7.8,489.5,392.4,404.9,339.8,65.1,16.08,Moderate (10-25%)
2026-10-19 06:00:00,Shift_1_Morning,BAL_NORTH_PIT,21.8121,80.1843,26,26,4,14,0.15,7.53,19.2,2.8,64.3,30.0,0.183,10.0,458.6,364.7,539.3,427.8,111.5,20.67,Moderate (10-25%)
2026-10-19 14:00:00,Shift_2_Evening,BAL_NORTH_PIT,21.8121,80.1843,16,17,4,15,0.62,7.54,20.0,6.2,57.4,29.0,0.182,0.0,529.3,576.9,545.1,482.7,62.4,11.45,Moderate (10-25%)
2026-10-19 22:00:00,Shift_3_Night,UKWA_EXTENSION,21.7932,80.2015,21,22,3,16,1.15,8.21,19.6,5.6,54.6,33.4,0.233,4.2,452.4,380.5,567.3,487.3,80.0,14.1,Moderate (10-25%)
2026-10-20 06:00:00,Shift_1_Morning,BAL_SOUTH_PIT,21.8005,80.1901,19,19,3,11,0.57,7.92,19.5,9.7,62.6,26.7,0.274,7.7,447.8,549.0,594.9,565.4,29.5,4.96,Normal (<10%)
2026-10-20 14:00:00,Shift_2_Evening,BAL_NORTH_PIT,21.8121,80.1843,19,21,3,12,0.62,7.59,21.1,9.5,67.5,29.7,0.204,7.8,426.0,398.1,595.1,497.2,97.9,16.45,Moderate (10-25%)
2026-10-20 22:00:00,Shift_3_Night,BAL_SOUTH_PIT,21.8005,80.1901,23,26,3,14,0.87,8.02,20.8,17.3,62.7,28.5,0.258,18.7,385.6,545.7,413.1,362.9,50.2,12.15,Moderate (10-25%)
2026-10-21 06:00:00,Shift_1_Morning,BAL_DEEP_LEVEL_3,21.8064,80.1876,23,25,4,12,1.13,7.84,20.5,9.6,66.7,26.0,0.201,18.5,566.5,569.2,564.4,482.5,81.9,14.51,Moderate (10-25%)
2026-10-21 14:00:00,Shift_2_Evening,BAL_DEEP_LEVEL_3,21.8064,80.1876,26,26,4,16,1.88,8.08,21.8,14.4,61.2,27.3,0.273,0.7,515.8,580.6,529.3,479.8,49.5,9.35,Normal (<10%)
2026-10-21 22:00:00,Shift_3_Night,BAL_DEEP_LEVEL_3,21.8064,80.1876,21,21,4,11,1.11,7.63,19.9,3.1,58.6,31.3,0.171,7.6,395.3,372.0,529.5,435.0,94.5,17.85,Moderate (10-25%)
2026-10-22 06:00:00,Shift_1_Morning,UKWA_EXTENSION,21.7932,80.2015,19,19,4,14,0.76,7.91,20.0,14.7,66.8,27.5,0.247,13.8,336.7,373.1,425.7,337.4,88.3,20.74,Moderate (10-25%)
2026-10-22 14:00:00,Shift_2_Evening,BAL_SOUTH_PIT,21.8005,80.1901,18,20,4,16,0.51,7.5,21.3,7.6,58.9,31.5,0.126,4.7,326.9,387.0,530.0,419.7,110.3,20.81,Moderate (10-25%)
2026-10-22 22:00:00,Shift_3_Night,BAL_DEEP_LEVEL_3,21.8064,80.1876,24,25,3,14,0.58,7.83,19.2,4.4,59.5,25.4,0.219,3.1,535.1,551.7,596.5,564.6,31.9,5.35,Normal (<10%)
2026-10-23 06:00:00,Shift_1_Morning,BAL_NORTH_PIT,21.8121,80.1843,26,26,3,16,0.09,7.87,19.3,10.2,52.5,28.3,0.266,11.3,598.9,558.8,582.4,559.2,23.2,3.98,Normal (<10%)
2026-10-23 14:00:00,Shift_2_Evening,BAL_DEEP_LEVEL_3,21.8064,80.1876,22,23,4,14,0.0,7.6,23.5,13.3,70.9,28.0,0.309,8.0,418.2,463.8,487.8,424.0,63.8,13.08,Moderate (10-25%)
2026-10-23 22:00:00,Shift_3_Night,BAL_DEEP_LEVEL_3,21.8064,80.1876,18,18,4,16,0.11,7.95,18.4,8.2,63.5,27.7,0.231,13.6,401.8,495.5,408.0,366.0,42.0,10.29,Moderate (10-25%)
2026-10-24 06:00:00,Shift_1_Morning,BAL_DEEP_LEVEL_3,21.8064,80.1876,22,23,3,14,1.51,7.89,22.8,7.2,59.0,29.0,0.243,5.3,470.0,471.9,472.5,416.3,56.2,11.89,Moderate (10-25%)
2026-10-24 14:00:00,Shift_2_Evening,UKWA_EXTENSION,21.7932,80.2015,17,19,4,14,0.5,8.02,19.7,10.0,72.9,27.9,0.22,2.6,425.6,425.0,565.3,541.1,24.2,4.28,Normal (<10%)
2026-10-24 22:00:00,Shift_3_Night,BAL_NORTH_PIT,21.8121,80.1843,17,17,3,11,0.03,7.45,22.5,13.0,61.4,26.6,0.24,10.6,471.2,403.8,540.3,421.6,118.7,21.97,Moderate (10-25%)
2026-10-25 06:00:00,Shift_1_Morning,BAL_SOUTH_PIT,21.8005,80.1901,19,20,4,14,1.5,7.95,23.3,20.0,64.8,25.2,0.279,25.2,442.7,492.3,491.9,421.2,70.7,14.37,Moderate (10-25%)
2026-10-25 14:00:00,Shift_2_Evening,BAL_NORTH_PIT,21.8121,80.1843,21,24,4,15,1.57,8.07,22.0,2.5,57.1,30.7,0.21,2.8,455.5,526.4,411.0,376.4,34.6,8.42,Normal (<10%)
2026-10-25 22:00:00,Shift_3_Night,BAL_SOUTH_PIT,21.8005,80.1901,21,23,2,12,1.88,7.88,23.8,4.2,68.6,27.2,0.227,4.0,489.7,471.7,485.4,403.1,82.3,16.96,Moderate (10-25%)
2026-10-26 06:00:00,Shift_1_Morning,UKWA_EXTENSION,21.7932,80.2015,17,18,3,13,0.57,7.91,18.9,3.3,68.6,27.2,0.169,9.6,404.0,308.7,493.8,434.7,59.1,11.97,Moderate (10-25%)
2026-10-26 14:00:00,Shift_2_Evening,UKWA_EXTENSION,21.7932,80.2015,18,18,3,16,0.88,8.02,20.7,3.8,71.3,29.8,0.268,6.5,472.9,432.3,585.7,495.7,90.0,15.37,Moderate (10-25%)
2026-10-26 22:00:00,Shift_3_Night,UKWA_EXTENSION,21.7932,80.2015,23,24,4,11,1.12,7.6,21.0,1.7,69.6,29.3,0.225,13.1,539.0,473.6,528.2,442.8,85.4,16.17,Moderate (10-25%)
2026-10-27 06:00:00,Shift_1_Morning,UKWA_EXTENSION,21.7932,80.2015,22,23,4,14,0.88,7.62,18.9,18.1,63.0,29.7,0.273,11.7,471.5,422.0,462.3,384.3,78.0,16.87,Moderate (10-25%)
2026-10-27 14:00:00,Shift_2_Evening,BAL_SOUTH_PIT,21.8005,80.1901,24,24,3,14,0.84,7.93,20.3,2.8,70.5,28.0,0.176,4.5,471.2,441.5,505.1,460.8,44.3,8.77,Normal (<10%)
2026-10-27 22:00:00,Shift_3_Night,BAL_DEEP_LEVEL_3,21.8064,80.1876,22,22,3,16,0.96,8.09,22.0,4.8,61.3,32.1,0.2,10.1,392.0,486.0,413.2,373.7,39.5,9.56,Normal (<10%)
2026-10-28 06:00:00,Shift_1_Morning,BAL_SOUTH_PIT,21.8005,80.1901,17,18,4,12,0.2,7.42,19.8,6.6,55.9,26.7,0.233,9.4,561.4,543.8,594.5,524.0,70.5,11.86,Moderate (10-25%)
2026-10-28 14:00:00,Shift_2_Evening,BAL_NORTH_PIT,21.8121,80.1843,19,19,3,11,0.3,8.18,23.5,3.6,60.0,32.8,0.19,7.0,377.9,356.3,472.0,403.1,68.9,14.6,Moderate (10-25%)
2026-10-28 22:00:00,Shift_3_Night,UKWA_EXTENSION,21.7932,80.2015,24,24,3,12,0.92,7.89,21.8,2.3,62.1,31.2,0.129,6.8,465.8,473.1,495.6,401.9,93.7,18.91,Moderate (10-25%)
2026-10-29 06:00:00,Shift_1_Morning,UKWA_EXTENSION,21.7932,80.2015,22,22,3,12,1.27,8.13,24.0,0.1,57.4,30.4,0.109,0.0,386.1,491.1,471.1,410.7,60.4,12.82,Moderate (10-25%)
2026-10-29 14:00:00,Shift_2_Evening,BAL_NORTH_PIT,21.8121,80.1843,18,20,2,14,1.91,7.93,23.6,18.0,68.3,24.5,0.322,15.6,543.5,523.1,536.5,453.9,82.6,15.4,Moderate (10-25%)
2026-10-29 22:00:00,Shift_3_Night,BAL_SOUTH_PIT,21.8005,80.1901,20,22,3,16,0.02,8.2,23.0,5.6,65.3,34.5,0.155,6.0,425.7,509.9,532.4,455.3,77.1,14.48,Moderate (10-25%)
2026-10-30 06:00:00,Shift_1_Morning,BAL_DEEP_LEVEL_3,21.8064,80.1876,19,19,4,12,0.33,8.06,19.4,3.0,63.9,30.0,0.186,0.7,506.3,512.0,543.1,528.9,14.2,2.61,Normal (<10%)
2026-10-30 14:00:00,Shift_2_Evening,BAL_DEEP_LEVEL_3,21.8064,80.1876,21,23,4,14,0.81,7.9,21.7,0.8,65.3,27.8,0.201,0.0,343.9,386.3,453.6,400.7,52.9,11.66,Moderate (10-25%)
2026-10-30 22:00:00,Shift_3_Night,BAL_NORTH_PIT,21.8121,80.1843,16,18,3,12,0.04,7.95,21.1,4.6,62.4,27.6,0.242,3.5,419.6,435.4,463.1,373.3,89.8,19.39,Moderate (10-25%)
2026-10-31 06:00:00,Shift_1_Morning,BAL_DEEP_LEVEL_3,21.8064,80.1876,22,23,3,13,0.85,7.58,21.0,3.8,58.6,32.5,0.161,0.0,447.8,403.3,425.1,339.4,85.7,20.16,Moderate (10-25%)
2026-10-31 14:00:00,Shift_2_Evening,BAL_SOUTH_PIT,21.8005,80.1901,18,19,3,12,0.66,7.61,18.8,2.9,53.0,29.9,0.097,0.6,489.1,542.2,531.1,513.3,17.8,3.35,Normal (<10%)
2026-10-31 22:00:00,Shift_3_Night,BAL_SOUTH_PIT,21.8005,80.1901,21,22,4,14,0.29,7.99,22.1,5.0,61.7,30.5,0.192,4.7,422.1,396.4,408.0,363.5,44.5,10.91,Moderate (10-25%)
2026-11-01 06:00:00,Shift_1_Morning,BAL_NORTH_PIT,21.8121,80.1843,24,25,4,12,0.61,8.0,20.0,10.5,60.0,25.0,0.164,8.4,538.3,645.6,519.5,531.9,0.0,0.0,Normal (<10%)
2026-11-01 14:00:00,Shift_2_Evening,BAL_SOUTH_PIT,21.8005,80.1901,18,20,4,15,0.55,8.08,17.0,2.4,60.2,26.9,0.093,5.0,532.4,465.2,573.9,546.8,27.1,4.72,Normal (<10%)
2026-11-01 22:00:00,Shift_3_Night,UKWA_EXTENSION,21.7932,80.2015,18,19,4,16,0.92,8.01,19.3,6.3,52.9,25.7,0.2,12.9,416.3,491.4,578.2,539.2,39.0,6.75,Normal (<10%)
2026-11-02 06:00:00,Shift_1_Morning,BAL_NORTH_PIT,21.8121,80.1843,16,17,4,16,0.63,7.37,19.1,4.5,54.9,25.1,0.232,6.8,518.7,501.7,489.8,417.5,72.3,14.76,Moderate (10-25%)
2026-11-02 14:00:00,Shift_2_Evening,BAL_SOUTH_PIT,21.8005,80.1901,25,26,2,16,0.34,7.42,21.1,5.6,66.4,24.1,0.254,10.3,345.2,494.4,491.9,394.5,97.4,19.8,Moderate (10-25%)
2026-11-02 22:00:00,Shift_3_Night,BAL_NORTH_PIT,21.8121,80.1843,20,22,4,14,0.31,7.52,20.3,4.9,54.4,26.5,0.158,8.3,448.8,485.6,415.4,336.8,78.6,18.92,Moderate (10-25%)
2026-11-03 06:00:00,Shift_1_Morning,BAL_DEEP_LEVEL_3,21.8064,80.1876,19,20,3,16,0.55,7.62,19.9,12.1,63.2,26.7,0.226,0.0,553.2,574.5,534.2,490.6,43.6,8.16,Normal (<10%)
2026-11-03 14:00:00,Shift_2_Evening,BAL_SOUTH_PIT,21.8005,80.1901,20,20,2,12,1.82,8.16,22.3,5.1,59.4,28.0,0.251,1.3,588.0,551.9,564.3,484.5,79.8,14.14,Moderate (10-25%)
2026-11-03 22:00:00,Shift_3_Night,UKWA_EXTENSION,21.7932,80.2015,17,20,3,16,1.18,8.08,21.9,8.6,60.9,25.7,0.226,12.9,524.3,556.1,448.9,382.9,66.0,14.7,Moderate (10-25%)
2026-11-04 06:00:00,Shift_1_Morning,BAL_SOUTH_PIT,21.8005,80.1901,20,20,4,16,0.43,8.03,22.3,1.8,62.8,27.7,0.198,5.1,419.3,501.1,484.3,405.2,79.1,16.33,Moderate (10-25%)
2026-11-04 14:00:00,Shift_2_Evening,BAL_NORTH_PIT,21.8121,80.1843,22,24,3,14,0.38,7.57,19.8,6.9,63.3,26.9,0.24,9.9,381.8,307.7,567.8,479.2,88.6,15.6,Moderate (10-25%)
2026-11-04 22:00:00,Shift_3_Night,BAL_NORTH_PIT,21.8121,80.1843,18,18,3,12,0.85,7.93,20.0,4.0,64.8,22.8,0.147,14.8,566.6,487.5,575.4,551.4,24.0,4.17,Normal (<10%)
2026-11-05 06:00:00,Shift_1_Morning,BAL_SOUTH_PIT,21.8005,80.1901,21,23,4,14,0.46,7.98,21.5,15.5,59.3,25.6,0.207,15.4,475.1,546.9,448.6,403.0,45.6,10.16,Moderate (10-25%)
2026-11-05 14:00:00,Shift_2_Evening,UKWA_EXTENSION,21.7932,80.2015,22,23,3,13,1.24,7.42,18.8,7.7,58.5,26.4,0.182,11.2,386.5,508.4,510.1,410.5,99.6,19.53,Moderate (10-25%)
2026-11-05 22:00:00,Shift_3_Night,UKWA_EXTENSION,21.7932,80.2015,19,22,4,16,0.79,7.38,19.4,8.4,69.0,24.0,0.201,13.3,453.7,405.3,438.5,383.7,54.8,12.5,Moderate (10-25%)
2026-11-06 06:00:00,Shift_1_Morning,UKWA_EXTENSION,21.7932,80.2015,18,18,4,12,0.08,7.53,21.4,19.5,64.8,23.9,0.274,13.1,437.3,453.3,420.4,333.4,87.0,20.69,Moderate (10-25%)
2026-11-06 14:00:00,Shift_2_Evening,BAL_NORTH_PIT,21.8121,80.1843,22,23,3,12,1.64,7.52,22.4,22.4,69.2,25.6,0.31,15.1,579.6,580.5,582.2,515.2,67.0,11.51,Moderate (10-25%)
2026-11-06 22:00:00,Shift_3_Night,BAL_SOUTH_PIT,21.8005,80.1901,21,24,3,14,0.08,7.57,18.3,6.1,60.2,26.2,0.183,8.4,475.1,477.2,564.1,476.7,87.4,15.49,Moderate (10-25%)
2026-11-07 06:00:00,Shift_1_Morning,BAL_DEEP_LEVEL_3,21.8064,80.1876,21,22,3,14,1.23,8.05,18.1,4.7,65.8,26.8,0.206,12.7,595.5,423.6,552.0,511.0,41.0,7.43,Normal (<10%)
2026-11-07 14:00:00,Shift_2_Evening,BAL_NORTH_PIT,21.8121,80.1843,24,25,3,12,0.0,8.02,18.5,6.2,49.3,27.9,0.179,0.0,457.8,340.9,409.8,388.6,21.2,5.17,Normal (<10%)
2026-11-07 22:00:00,Shift_3_Night,UKWA_EXTENSION,21.7932,80.2015,23,25,3,14,0.79,7.56,23.5,6.7,69.1,28.4,0.237,10.2,473.5,462.0,568.7,485.4,83.3,14.65,Moderate (10-25%)
2026-11-08 06:00:00,Shift_1_Morning,BAL_SOUTH_PIT,21.8005,80.1901,24,25,4,12,1.15,8.0,20.8,6.9,59.8,27.8,0.165,5.0,445.5,392.1,487.6,398.6,89.0,18.25,Moderate (10-25%)
2026-11-08 14:00:00,Shift_2_Evening,UKWA_EXTENSION,21.7932,80.2015,18,19,4,12,0.21,8.04,19.6,18.4,59.0,26.3,0.231,14.6,451.0,506.5,468.5,436.4,32.1,6.85,Normal (<10%)
2026-11-08 22:00:00,Shift_3_Night,BAL_DEEP_LEVEL_3,21.8064,80.1876,21,23,3,12,0.46,7.93,17.8,5.7,57.1,27.1,0.198,10.4,402.8,574.0,509.3,458.8,50.5,9.92,Normal (<10%)
2026-11-09 06:00:00,Shift_1_Morning,UKWA_EXTENSION,21.7932,80.2015,18,20,4,14,0.0,8.04,19.7,8.0,62.3,25.5,0.192,6.1,451.7,550.4,418.3,407.6,10.7,2.56,Normal (<10%)
2026-11-09 14:00:00,Shift_2_Evening,UKWA_EXTENSION,21.7932,80.2015,18,20,3,14,0.09,7.57,19.9,5.2,63.2,29.3,0.221,11.1,427.6,431.3,551.3,467.7,83.6,15.16,Moderate (10-25%)
2026-11-09 22:00:00,Shift_3_Night,BAL_DEEP_LEVEL_3,21.8064,80.1876,17,18,3,11,1.61,7.93,23.2,7.1,63.9,21.7,0.208,8.1,396.8,546.1,516.5,389.4,127.1,24.61,Moderate (10-25%)
2026-11-10 06:00:00,Shift_1_Morning,BAL_SOUTH_PIT,21.8005,80.1901,21,21,3,13,1.27,8.01,20.5,2.6,55.6,29.3,0.118,1.1,366.8,436.8,437.3,383.3,54.0,12.35,Moderate (10-25%)
2026-11-10 14:00:00,Shift_2_Evening,BAL_NORTH_PIT,21.8121,80.1843,19,19,4,16,1.01,7.94,18.2,4.3,66.3,24.9,0.173,12.6,409.9,471.9,437.6,386.2,51.4,11.75,Moderate (10-25%)
2026-11-10 22:00:00,Shift_3_Night,BAL_SOUTH_PIT,21.8005,80.1901,21,22,3,16,0.35,7.45,20.9,7.0,60.3,26.4,0.173,0.0,359.6,522.7,436.8,395.1,41.7,9.55,Normal (<10%)
2026-11-11 06:00:00,Shift_1_Morning,BAL_DEEP_LEVEL_3,21.8064,80.1876,19,20,3,14,1.16,7.89,22.3,9.4,58.8,27.3,0.142,6.2,399.0,496.9,411.4,359.7,51.7,12.57,Moderate (10-25%)
2026-11-11 14:00:00,Shift_2_Evening,UKWA_EXTENSION,21.7932,80.2015,16,17,4,16,0.12,7.63,18.6,9.3,62.3,28.9,0.173,0.0,455.8,485.9,517.6,446.2,71.4,13.79,Moderate (10-25%)
2026-11-11 22:00:00,Shift_3_Night,BAL_SOUTH_PIT,21.8005,80.1901,20,20,3,14,0.41,7.61,21.0,19.1,70.8,26.4,0.311,12.4,430.9,457.7,568.1,506.2,61.9,10.9,Moderate (10-25%)
2026-11-12 06:00:00,Shift_1_Morning,BAL_NORTH_PIT,21.8121,80.1843,18,20,4,16,0.96,7.55,19.6,2.9,60.1,29.7,0.128,5.6,437.2,361.5,403.5,338.6,64.9,16.08,Moderate (10-25%)
2026-11-12 14:00:00,Shift_2_Evening,BAL_DEEP_LEVEL_3,21.8064,80.1876,20,21,3,14,0.0,7.7,20.9,19.2,63.8,26.0,0.258,20.6,423.8,470.6,409.8,368.1,41.7,10.18,Moderate (10-25%)
2026-11-12 22:00:00,Shift_3_Night,BAL_SOUTH_PIT,21.8005,80.1901,17,18,3,14,0.85,7.98,18.9,5.0,60.8,25.0,0.201,5.2,425.1,469.6,514.6,443.4,71.2,13.84,Moderate (10-25%)
2026-11-13 06:00:00,Shift_1_Morning,BAL_NORTH_PIT,21.8121,80.1843,24,25,4,11,0.73,7.8,20.2,7.0,70.0,30.9,0.251,6.9,485.9,516.6,563.9,501.0,62.9,11.15,Moderate (10-25%)
2026-11-13 14:00:00,Shift_2_Evening,BAL_DEEP_LEVEL_3,21.8064,80.1876,22,22,2,13,0.85,7.48,21.1,11.6,70.0,25.0,0.236,10.3,432.1,452.3,465.3,400.3,65.0,13.97,Moderate (10-25%)
2026-11-13 22:00:00,Shift_3_Night,BAL_NORTH_PIT,21.8121,80.1843,25,27,4,14,1.38,7.53,21.5,6.8,65.3,26.5,0.221,4.3,367.1,395.6,469.9,382.3,87.6,18.64,Moderate (10-25%)
2026-11-14 06:00:00,Shift_1_Morning,BAL_DEEP_LEVEL_3,21.8064,80.1876,24,25,3,12,1.58,7.46,20.3,14.2,65.7,26.4,0.216,14.5,467.7,533.9,519.3,379.5,139.8,26.92,Critical (>25%)
2026-11-14 14:00:00,Shift_2_Evening,UKWA_EXTENSION,21.7932,80.2015,20,20,4,14,1.22,7.54,20.4,2.0,72.1,29.2,0.131,4.8,413.7,556.3,454.8,387.8,67.0,14.73,Moderate (10-25%)
2026-11-14 22:00:00,Shift_3_Night,BAL_SOUTH_PIT,21.8005,80.1901,20,22,4,11,0.56,8.08,20.7,9.5,65.9,26.3,0.25,13.5,476.5,521.9,405.3,360.6,44.7,11.03,Moderate (10-25%)
2026-11-15 06:00:00,Shift_1_Morning,BAL_NORTH_PIT,21.8121,80.1843,20,20,4,16,0.25,7.49,20.0,3.9,63.1,27.4,0.183,4.2,561.7,499.4,547.0,493.4,53.6,9.8,Normal (<10%)
2026-11-15 14:00:00,Shift_2_Evening,BAL_DEEP_LEVEL_3,21.8064,80.1876,20,22,3,16,0.8,8.18,20.4,9.7,64.1,26.4,0.259,6.2,517.8,555.0,525.1,467.9,57.2,10.89,Moderate (10-25%)
2026-11-15 22:00:00,Shift_3_Night,BAL_NORTH_PIT,21.8121,80.1843,24,26,3,13,0.82,8.02,20.3,8.7,64.4,25.1,0.178,5.3,329.5,368.0,516.2,464.8,51.4,9.96,Normal (<10%)
2026-11-16 06:00:00,Shift_1_Morning,BAL_NORTH_PIT,21.8121,80.1843,19,20,4,12,1.16,7.53,20.7,9.4,50.4,25.2,0.276,12.4,442.5,525.1,548.3,467.9,80.4,14.66,Moderate (10-25%)
2026-11-16 14:00:00,Shift_2_Evening,BAL_SOUTH_PIT,21.8005,80.1901,19,20,4,12,0.13,7.91,20.3,12.4,70.2,24.0,0.236,5.6,526.7,366.8,535.0,476.1,58.9,11.01,Moderate (10-25%)
2026-11-16 22:00:00,Shift_3_Night,UKWA_EXTENSION,21.7932,80.2015,22,22,4,16,0.0,8.04,19.0,6.3,56.2,26.8,0.171,13.3,530.2,427.3,441.2,428.6,12.6,2.86,Normal (<10%)
2026-11-17 06:00:00,Shift_1_Morning,BAL_NORTH_PIT,21.8121,80.1843,23,25,3,14,0.52,7.99,20.6,3.1,57.8,27.9,0.182,4.0,409.4,516.1,470.5,423.9,46.6,9.9,Normal (<10%)
2026-11-17 14:00:00,Shift_2_Evening,BAL_DEEP_LEVEL_3,21.8064,80.1876,20,20,3,16,0.49,7.44,21.5,4.9,55.4,26.3,0.146,3.5,385.0,392.5,425.2,361.1,64.1,15.08,Moderate (10-25%)
2026-11-17 22:00:00,Shift_3_Night,BAL_DEEP_LEVEL_3,21.8064,80.1876,25,25,3,12,0.23,7.42,19.4,3.7,58.7,27.3,0.194,8.0,334.5,455.3,426.0,330.0,96.0,22.54,Moderate (10-25%)
2026-11-18 06:00:00,Shift_1_Morning,UKWA_EXTENSION,21.7932,80.2015,20,20,4,11,1.05,7.77,21.3,14.5,63.8,30.1,0.228,3.5,424.5,440.4,535.2,426.7,108.5,20.27,Moderate (10-25%)
2026-11-18 14:00:00,Shift_2_Evening,BAL_DEEP_LEVEL_3,21.8064,80.1876,16,17,4,11,1.15,7.47,18.3,5.8,67.9,24.7,0.175,13.8,568.5,573.8,571.7,484.4,87.3,15.27,Moderate (10-25%)
2026-11-18 22:00:00,Shift_3_Night,UKWA_EXTENSION,21.7932,80.2015,16,18,4,15,1.76,7.35,19.1,3.7,68.1,26.0,0.174,11.0,466.3,594.6,592.5,481.2,111.3,18.78,Moderate (10-25%)
2026-11-19 06:00:00,Shift_1_Morning,BAL_DEEP_LEVEL_3,21.8064,80.1876,22,24,3,12,0.2,7.43,23.1,10.0,73.9,23.6,0.208,7.3,486.7,521.9,525.7,472.2,53.5,10.18,Moderate (10-25%)
2026-11-19 14:00:00,Shift_2_Evening,BAL_SOUTH_PIT,21.8005,80.1901,20,22,3,14,0.16,7.49,21.6,8.7,63.9,26.9,0.173,6.7,403.1,500.2,436.8,370.9,65.9,15.09,Moderate (10-25%)
2026-11-19 22:00:00,Shift_3_Night,BAL_NORTH_PIT,21.8121,80.1843,19,19,3,12,0.94,8.05,20.9,8.3,63.9,26.1,0.326,12.4,512.5,477.2,421.1,395.5,25.6,6.08,Normal (<10%)
2026-11-20 06:00:00,Shift_1_Morning,BAL_SOUTH_PIT,21.8005,80.1901,18,19,4,12,0.31,8.06,22.7,11.8,67.2,28.6,0.204,5.9,434.3,526.5,562.6,489.8,72.8,12.94,Moderate (10-25%)
2026-11-20 14:00:00,Shift_2_Evening,BAL_NORTH_PIT,21.8121,80.1843,19,20,4,12,1.72,7.57,21.1,9.1,61.5,27.4,0.296,8.1,475.0,429.0,515.8,409.3,106.5,20.65,Moderate (10-25%)
2026-11-20 22:00:00,Shift_3_Night,BAL_NORTH_PIT,21.8121,80.1843,21,23,3,13,0.71,7.94,21.2,8.2,58.2,24.9,0.187,5.5,540.0,414.5,523.7,463.0,60.7,11.59,Moderate (10-25%)
2026-11-21 06:00:00,Shift_1_Morning,BAL_NORTH_PIT,21.8121,80.1843,18,19,4,16,0.83,7.53,21.3,17.0,63.7,25.2,0.208,20.5,431.3,522.1,556.3,463.3,93.0,16.72,Moderate (10-25%)
2026-11-21 14:00:00,Shift_2_Evening,BAL_SOUTH_PIT,21.8005,80.1901,24,26,2,11,0.0,7.41,18.7,24.2,68.1,26.5,0.295,15.9,404.2,391.0,540.7,463.3,77.4,14.31,Moderate (10-25%)
2026-11-21 22:00:00,Shift_3_Night,BAL_NORTH_PIT,21.8121,80.1843,21,21,3,12,0.45,7.44,21.4,17.4,56.1,22.8,0.25,20.9,493.8,422.6,566.9,471.6,95.3,16.81,Moderate (10-25%)
2026-11-22 06:00:00,Shift_1_Morning,BAL_SOUTH_PIT,21.8005,80.1901,25,25,3,16,1.42,7.91,18.3,2.7,67.1,24.8,0.136,0.0,368.8,482.4,411.2,350.0,61.2,14.88,Moderate (10-25%)
2026-11-22 14:00:00,Shift_2_Evening,UKWA_EXTENSION,21.7932,80.2015,20,20,4,16,0.28,7.38,20.2,0.9,63.2,24.4,0.242,8.3,396.1,410.3,549.5,472.4,77.1,14.03,Moderate (10-25%)
2026-11-22 22:00:00,Shift_3_Night,BAL_DEEP_LEVEL_3,21.8064,80.1876,25,26,2,13,0.46,7.61,21.7,9.3,67.7,26.2,0.215,5.4,389.4,411.8,570.2,472.7,97.5,17.1,Moderate (10-25%)
2026-11-23 06:00:00,Shift_1_Morning,BAL_DEEP_LEVEL_3,21.8064,80.1876,19,22,4,16,0.54,7.57,20.5,12.3,56.5,25.9,0.193,19.0,397.4,595.9,457.2,377.5,79.7,17.43,Moderate (10-25%)
2026-11-23 14:00:00,Shift_2_Evening,BAL_NORTH_PIT,21.8121,80.1843,16,18,4,16,1.0,7.6,22.6,5.8,58.8,28.4,0.175,7.1,438.8,408.5,528.1,431.3,96.8,18.33,Moderate (10-25%)
2026-11-23 22:00:00,Shift_3_Night,BAL_SOUTH_PIT,21.8005,80.1901,21,22,3,14,0.94,8.0,20.6,7.3,60.8,26.8,0.21,1.5,477.9,457.1,462.8,439.0,23.8,5.14,Normal (<10%)
2026-11-24 06:00:00,Shift_1_Morning,BAL_DEEP_LEVEL_3,21.8064,80.1876,24,24,3,16,0.93,7.58,20.9,11.0,63.9,24.9,0.222,7.2,504.4,514.3,591.6,521.8,69.8,11.8,Moderate (10-25%)
2026-11-24 14:00:00,Shift_2_Evening,BAL_SOUTH_PIT,21.8005,80.1901,21,23,4,15,0.86,7.82,22.2,20.9,66.4,21.4,0.295,19.1,508.7,329.8,406.7,371.7,35.0,8.61,Normal (<10%)
2026-11-24 22:00:00,Shift_3_Night,BAL_SOUTH_PIT,21.8005,80.1901,25,26,4,12,0.0,8.09,19.4,5.9,67.0,27.0,0.184,0.9,429.8,488.6,516.0,464.7,51.3,9.94,Normal (<10%)
2026-11-25 06:00:00,Shift_1_Morning,BAL_NORTH_PIT,21.8121,80.1843,20,20,3,16,0.76,7.52,20.1,7.1,62.8,25.7,0.174,1.2,365.7,392.6,433.3,367.1,66.2,15.28,Moderate (10-25%)
2026-11-25 14:00:00,Shift_2_Evening,BAL_DEEP_LEVEL_3,21.8064,80.1876,18,18,4,11,0.39,7.56,20.4,13.8,63.9,26.7,0.326,9.9,498.0,355.7,542.4,461.9,80.5,14.84,Moderate (10-25%)
2026-11-25 22:00:00,Shift_3_Night,BAL_NORTH_PIT,21.8121,80.1843,25,27,4,16,0.55,8.04,20.4,3.8,73.5,26.2,0.205,2.9,495.3,468.3,435.2,398.3,36.9,8.48,Normal (<10%)
2026-11-26 06:00:00,Shift_1_Morning,BAL_NORTH_PIT,21.8121,80.1843,21,22,3,16,1.07,7.9,21.2,13.5,62.2,23.2,0.17,16.7,497.2,490.5,447.1,363.3,83.8,18.74,Moderate (10-25%)
2026-11-26 14:00:00,Shift_2_Evening,BAL_DEEP_LEVEL_3,21.8064,80.1876,22,23,3,15,1.14,7.85,19.6,0.0,55.7,26.8,0.189,3.9,413.7,526.2,498.9,453.7,45.2,9.06,Normal (<10%)
2026-11-26 22:00:00,Shift_3_Night,BAL_DEEP_LEVEL_3,21.8064,80.1876,17,18,4,12,1.07,7.93,20.1,1.6,51.3,28.4,0.119,0.0,388.2,474.4,583.0,470.4,112.6,19.31,Moderate (10-25%)
2026-11-27 06:00:00,Shift_1_Morning,UKWA_EXTENSION,21.7932,80.2015,24,24,4,12,0.92,7.56,22.4,5.7,63.7,27.6,0.193,13.9,524.8,524.3,442.3,395.3,47.0,10.63,Moderate (10-25%)
2026-11-27 14:00:00,Shift_2_Evening,UKWA_EXTENSION,21.7932,80.2015,18,18,4,12,0.41,8.07,18.8,8.4,65.9,26.6,0.187,6.2,408.2,404.8,428.8,389.8,39.0,9.1,Normal (<10%)
2026-11-27 22:00:00,Shift_3_Night,BAL_SOUTH_PIT,21.8005,80.1901,17,17,3,16,0.71,7.86,19.2,0.8,54.7,25.6,0.102,2.5,509.8,555.1,551.8,486.0,65.8,11.92,Moderate (10-25%)
2026-11-28 06:00:00,Shift_1_Morning,BAL_DEEP_LEVEL_3,21.8064,80.1876,22,25,3,12,0.42,7.9,20.8,4.5,65.5,24.6,0.218,14.9,559.9,395.2,500.1,437.2,62.9,12.58,Moderate (10-25%)
2026-11-28 14:00:00,Shift_2_Evening,UKWA_EXTENSION,21.7932,80.2015,23,23,3,16,1.23,7.93,21.8,10.6,64.8,24.8,0.224,13.0,456.2,569.1,582.4,508.5,73.9,12.69,Moderate (10-25%)
2026-11-28 22:00:00,Shift_3_Night,BAL_SOUTH_PIT,21.8005,80.1901,21,22,3,14,0.64,7.46,22.3,7.3,54.1,27.3,0.191,11.6,434.8,454.0,429.3,350.3,79.0,18.4,Moderate (10-25%)
2026-11-29 06:00:00,Shift_1_Morning,BAL_SOUTH_PIT,21.8005,80.1901,22,22,3,12,1.2,7.36,20.5,13.6,68.1,23.4,0.247,19.1,499.7,427.4,529.2,419.9,109.3,20.65,Moderate (10-25%)
2026-11-29 14:00:00,Shift_2_Evening,BAL_SOUTH_PIT,21.8005,80.1901,17,18,3,16,1.32,7.36,17.0,7.0,60.8,24.9,0.158,8.8,548.4,407.0,446.6,342.6,104.0,23.29,Moderate (10-25%)
2026-11-29 22:00:00,Shift_3_Night,UKWA_EXTENSION,21.7932,80.2015,22,23,3,16,1.3,7.92,19.4,6.6,58.0,24.6,0.24,10.7,393.3,456.5,431.4,341.6,89.8,20.82,Moderate (10-25%)
2026-11-30 06:00:00,Shift_1_Morning,BAL_DEEP_LEVEL_3,21.8064,80.1876,21,22,3,14,0.46,8.01,20.4,5.7,66.0,28.2,0.162,8.4,514.8,469.1,536.7,461.8,74.9,13.96,Moderate (10-25%)
2026-11-30 14:00:00,Shift_2_Evening,BAL_NORTH_PIT,21.8121,80.1843,21,22,4,14,1.28,7.38,19.9,2.9,66.8,25.4,0.208,3.6,407.5,552.5,518.7,434.7,84.0,16.19,Moderate (10-25%)
2026-11-30 22:00:00,Shift_3_Night,BAL_SOUTH_PIT,21.8005,80.1901,17,19,4,14,1.53,7.49,22.6,7.2,59.0,23.8,0.215,14.2,579.4,514.9,551.0,484.8,66.2,12.01,Moderate (10-25%)
2026-12-01 06:00:00,Shift_1_Morning,UKWA_EXTENSION,21.7932,80.2015,18,20,4,12,1.01,8.11,21.0,15.0,66.8,24.1,0.233,20.6,497.1,442.2,461.9,407.1,54.8,11.86,Moderate (10-25%)
2026-12-01 14:00:00,Shift_2_Evening,UKWA_EXTENSION,21.7932,80.2015,18,20,3,14,0.0,7.37,20.9,7.5,63.2,23.7,0.167,0.0,573.4,550.4,489.6,445.6,44.0,8.99,Normal (<10%)
2026-12-01 22:00:00,Shift_3_Night,BAL_NORTH_PIT,21.8121,80.1843,23,25,2,16,0.43,7.98,21.7,16.2,65.5,25.3,0.298,15.4,508.2,359.9,481.1,438.6,42.5,8.83,Normal (<10%)
2026-12-02 06:00:00,Shift_1_Morning,BAL_NORTH_PIT,21.8121,80.1843,18,19,3,11,2.55,8.1,20.1,5.6,60.2,28.9,0.16,3.6,552.4,498.4,596.8,546.2,50.6,8.48,Normal (<10%)
2026-12-02 14:00:00,Shift_2_Evening,UKWA_EXTENSION,21.7932,80.2015,23,24,4,15,0.31,7.96,20.9,7.0,62.6,26.0,0.196,7.2,535.8,406.6,458.4,444.1,14.3,3.12,Normal (<10%)
2026-12-02 22:00:00,Shift_3_Night,BAL_DEEP_LEVEL_3,21.8064,80.1876,22,24,4,16,0.24,7.94,20.3,12.2,69.7,23.7,0.276,5.6,512.4,413.5,459.0,399.4,59.6,12.98,Moderate (10-25%)
2026-12-03 06:00:00,Shift_1_Morning,BAL_NORTH_PIT,21.8121,80.1843,20,21,3,12,0.43,8.12,21.2,8.9,66.6,28.5,0.225,6.0,351.8,452.4,470.9,423.0,47.9,10.17,Moderate (10-25%)
2026-12-03 14:00:00,Shift_2_Evening,UKWA_EXTENSION,21.7932,80.2015,25,26,4,15,1.05,7.97,23.5,28.7,59.8,21.4,0.291,14.9,494.3,447.8,512.9,456.3,56.6,11.04,Moderate (10-25%)
2026-12-03 22:00:00,Shift_3_Night,BAL_NORTH_PIT,21.8121,80.1843,21,22,4,14,0.76,7.61,20.5,11.5,53.2,26.9,0.239,13.5,442.7,330.4,450.5,394.9,55.6,12.34,Moderate (10-25%)
2026-12-04 06:00:00,Shift_1_Morning,BAL_DEEP_LEVEL_3,21.8064,80.1876,22,23,3,12,1.01,7.54,18.2,2.4,52.0,26.0,0.161,8.5,481.8,378.1,583.1,518.6,64.5,11.06,Moderate (10-25%)
2026-12-04 14:00:00,Shift_2_Evening,BAL_SOUTH_PIT,21.8005,80.1901,19,20,4,12,0.77,7.47,19.0,3.1,54.9,25.7,0.189,0.0,574.6,525.4,453.1,403.8,49.3,10.88,Moderate (10-25%)
2026-12-04 22:00:00,Shift_3_Night,BAL_NORTH_PIT,21.8121,80.1843,21,21,4,12,0.81,8.05,20.0,12.4,61.4,24.5,0.264,13.6,480.3,513.4,579.2,548.9,30.3,5.23,Normal (<10%)
2026-12-05 06:00:00,Shift_1_Morning,BAL_DEEP_LEVEL_3,21.8064,80.1876,25,26,3,12,0.3,7.53,19.9,8.9,60.6,28.1,0.185,8.8,392.9,424.2,420.7,338.1,82.6,19.63,Moderate (10-25%)
2026-12-05 14:00:00,Shift_2_Evening,UKWA_EXTENSION,21.7932,80.2015,17,19,4,12,0.36,8.1,22.6,7.4,62.3,29.1,0.188,7.7,427.1,484.6,531.3,452.8,78.5,14.78,Moderate (10-25%)
2026-12-05 22:00:00,Shift_3_Night,BAL_NORTH_PIT,21.8121,80.1843,26,27,3,14,0.49,7.95,20.5,8.9,63.6,24.7,0.24,6.7,492.5,376.9,581.4,559.8,21.6,3.72,Normal (<10%)
2026-12-06 06:00:00,Shift_1_Morning,BAL_NORTH_PIT,21.8121,80.1843,21,22,3,12,0.76,8.0,20.1,5.2,63.4,26.3,0.209,4.3,461.2,433.4,433.7,410.8,22.9,5.28,Normal (<10%)
2026-12-06 14:00:00,Shift_2_Evening,UKWA_EXTENSION,21.7932,80.2015,21,22,4,15,0.27,7.99,19.4,3.6,67.2,25.5,0.213,7.9,432.3,526.7,593.7,586.1,7.6,1.28,Normal (<10%)
2026-12-06 22:00:00,Shift_3_Night,BAL_SOUTH_PIT,21.8005,80.1901,20,20,3,14,0.02,7.57,21.4,12.1,56.6,23.2,0.222,13.8,488.4,481.6,490.6,425.2,65.4,13.33,Moderate (10-25%)
2026-12-07 06:00:00,Shift_1_Morning,UKWA_EXTENSION,21.7932,80.2015,16,17,3,16,0.47,7.4,20.4,6.0,64.5,23.4,0.226,14.8,475.5,446.5,589.1,480.8,108.3,18.38,Moderate (10-25%)
2026-12-07 14:00:00,Shift_2_Evening,BAL_NORTH_PIT,21.8121,80.1843,18,19,4,14,0.05,7.6,22.3,15.6,68.0,26.5,0.29,5.7,548.3,574.9,535.4,473.1,62.3,11.64,Moderate (10-25%)
2026-12-07 22:00:00,Shift_3_Night,UKWA_EXTENSION,21.7932,80.2015,18,18,3,13,0.13,8.05,20.1,3.9,56.1,27.6,0.173,16.7,449.0,393.3,460.3,449.3,11.0,2.39,Normal (<10%)
2026-12-08 06:00:00,Shift_1_Morning,BAL_DEEP_LEVEL_3,21.8064,80.1876,17,17,4,12,0.84,7.37,20.2,10.3,66.9,22.7,0.242,17.0,486.6,503.9,437.7,357.2,80.5,18.39,Moderate (10-25%)
2026-12-08 14:00:00,Shift_2_Evening,UKWA_EXTENSION,21.7932,80.2015,18,19,4,14,0.71,7.62,22.9,9.1,67.9,27.0,0.303,20.4,315.6,413.2,460.7,365.8,94.9,20.6,Moderate (10-25%)
2026-12-08 22:00:00,Shift_3_Night,BAL_NORTH_PIT,21.8121,80.1843,21,23,4,16,0.9,7.72,22.4,2.2,64.0,28.1,0.223,0.0,299.6,421.0,418.6,359.1,59.5,14.21,Moderate (10-25%)
2026-12-09 06:00:00,Shift_1_Morning,UKWA_EXTENSION,21.7932,80.2015,24,26,3,12,1.15,8.1,22.8,13.9,53.1,25.1,0.229,17.3,458.1,510.0,428.8,373.7,55.1,12.85,Moderate (10-25%)
2026-12-09 14:00:00,Shift_2_Evening,BAL_SOUTH_PIT,21.8005,80.1901,19,21,2,13,1.38,7.64,23.7,6.5,67.3,28.8,0.157,6.9,496.5,316.5,420.9,330.5,90.4,21.48,Moderate (10-25%)
2026-12-09 22:00:00,Shift_3_Night,UKWA_EXTENSION,21.7932,80.2015,17,18,3,12,1.22,8.01,20.4,6.6,64.6,24.9,0.231,6.6,344.3,465.5,484.6,429.7,54.9,11.33,Moderate (10-25%)
2026-12-10 06:00:00,Shift_1_Morning,BAL_SOUTH_PIT,21.8005,80.1901,22,23,3,12,1.62,7.33,21.9,8.8,66.4,23.8,0.239,10.3,405.2,567.7,559.1,426.0,133.1,23.81,Moderate (10-25%)
2026-12-10 14:00:00,Shift_2_Evening,BAL_DEEP_LEVEL_3,21.8064,80.1876,26,27,4,15,1.73,7.82,21.9,15.4,49.9,19.5,0.297,20.8,577.8,539.0,428.3,375.5,52.8,12.33,Moderate (10-25%)
2026-12-10 22:00:00,Shift_3_Night,BAL_SOUTH_PIT,21.8005,80.1901,22,23,2,14,0.56,7.53,19.6,4.7,58.1,26.5,0.113,3.3,343.5,430.4,426.1,323.5,102.6,24.08,Moderate (10-25%)
2026-12-11 06:00:00,Shift_1_Morning,UKWA_EXTENSION,21.7932,80.2015,23,24,3,16,0.87,7.44,20.6,3.6,54.8,26.3,0.141,13.4,535.4,549.6,528.7,417.3,111.4,21.07,Moderate (10-25%)
2026-12-11 14:00:00,Shift_2_Evening,BAL_NORTH_PIT,21.8121,80.1843,21,24,4,14,0.15,7.41,22.0,11.3,70.6,24.2,0.198,16.3,410.7,497.4,439.4,360.2,79.2,18.02,Moderate (10-25%)
2026-12-11 22:00:00,Shift_3_Night,BAL_SOUTH_PIT,21.8005,80.1901,24,25,4,13,0.56,7.99,18.2,9.6,57.9,25.4,0.248,1.0,449.1,410.2,419.5,406.1,13.4,3.19,Normal (<10%)
2026-12-12 06:00:00,Shift_1_Morning,BAL_DEEP_LEVEL_3,21.8064,80.1876,17,18,4,12,0.24,7.56,21.5,7.9,69.9,26.9,0.259,3.5,546.6,468.6,433.4,374.3,59.1,13.64,Moderate (10-25%)
2026-12-12 14:00:00,Shift_2_Evening,BAL_SOUTH_PIT,21.8005,80.1901,23,24,3,12,1.28,7.35,21.9,2.4,66.5,24.3,0.233,9.1,497.9,471.1,584.7,467.4,117.3,20.06,Moderate (10-25%)
2026-12-12 22:00:00,Shift_3_Night,BAL_SOUTH_PIT,21.8005,80.1901,22,24,3,16,0.45,7.96,20.7,7.6,65.1,23.0,0.194,4.1,443.9,556.2,564.3,522.4,41.9,7.43,Normal (<10%)
2026-12-13 06:00:00,Shift_1_Morning,BAL_SOUTH_PIT,21.8005,80.1901,25,26,3,16,0.1,8.15,20.5,2.7,66.8,28.2,0.127,8.2,444.0,444.1,470.8,437.4,33.4,7.09,Normal (<10%)
2026-12-13 14:00:00,Shift_2_Evening,BAL_DEEP_LEVEL_3,21.8064,80.1876,20,20,3,14,1.34,7.89,19.6,8.7,59.2,24.1,0.192,12.0,528.9,607.7,531.2,443.9,87.3,16.43,Moderate (10-25%)
2026-12-13 22:00:00,Shift_3_Night,UKWA_EXTENSION,21.7932,80.2015,26,26,3,12,1.69,8.09,19.2,6.2,59.5,27.7,0.232,8.7,399.3,406.1,507.5,455.4,52.1,10.27,Moderate (10-25%)
2026-12-14 06:00:00,Shift_1_Morning,BAL_SOUTH_PIT,21.8005,80.1901,18,18,3,14,0.57,7.45,22.0,3.7,68.2,24.6,0.295,7.7,452.1,610.1,535.4,460.7,74.7,13.95,Moderate (10-25%)
2026-12-14 14:00:00,Shift_2_Evening,BAL_SOUTH_PIT,21.8005,80.1901,20,22,3,16,0.74,7.55,20.8,12.8,60.8,25.1,0.275,11.8,416.4,379.3,536.5,446.1,90.4,16.85,Moderate (10-25%)
2026-12-14 22:00:00,Shift_3_Night,BAL_NORTH_PIT,21.8121,80.1843,22,22,4,14,0.13,8.11,21.3,3.7,55.5,26.5,0.185,13.4,542.5,468.3,525.7,480.6,45.1,8.58,Normal (<10%)
2026-12-15 06:00:00,Shift_1_Morning,BAL_DEEP_LEVEL_3,21.8064,80.1876,23,24,4,12,0.1,7.57,19.6,2.5,60.6,28.3,0.17,3.0,523.5,383.4,453.2,429.2,24.0,5.3,Normal (<10%)
2026-12-15 14:00:00,Shift_2_Evening,BAL_SOUTH_PIT,21.8005,80.1901,24,24,2,15,0.52,8.09,20.0,2.9,58.2,28.4,0.196,6.5,329.5,342.2,407.8,359.3,48.5,11.89,Moderate (10-25%)
2026-12-15 22:00:00,Shift_3_Night,BAL_DEEP_LEVEL_3,21.8064,80.1876,20,24,3,12,0.88,7.38,22.9,8.2,73.1,24.4,0.233,15.6,502.3,448.3,491.1,416.8,74.3,15.13,Moderate (10-25%)
2026-12-16 06:00:00,Shift_1_Morning,BAL_SOUTH_PIT,21.8005,80.1901,20,21,4,16,0.0,8.11,21.5,9.6,68.6,25.3,0.274,14.4,382.1,385.0,578.2,477.4,100.8,17.43,Moderate (10-25%)
2026-12-16 14:00:00,Shift_2_Evening,UKWA_EXTENSION,21.7932,80.2015,19,21,3,16,0.58,7.41,21.6,6.3,60.0,24.8,0.184,7.7,418.2,506.9,513.9,417.7,96.2,18.72,Moderate (10-25%)
2026-12-16 22:00:00,Shift_3_Night,UKWA_EXTENSION,21.7932,80.2015,17,18,3,12,0.54,8.03,21.0,5.3,58.6,25.3,0.236,7.3,473.6,583.2,566.5,558.5,8.0,1.41,Normal (<10%)
2026-12-17 06:00:00,Shift_1_Morning,BAL_SOUTH_PIT,21.8005,80.1901,20,21,3,12,0.71,8.03,20.7,3.3,63.5,26.7,0.183,0.0,477.2,468.3,598.3,543.0,55.3,9.24,Normal (<10%)
2026-12-17 14:00:00,Shift_2_Evening,UKWA_EXTENSION,21.7932,80.2015,19,20,3,14,1.03,7.55,21.1,3.1,67.5,30.5,0.177,0.0,475.1,435.0,432.7,326.2,106.5,24.61,Moderate (10-25%)
2026-12-17 22:00:00,Shift_3_Night,BAL_SOUTH_PIT,21.8005,80.1901,24,24,3,16,0.14,7.53,18.9,7.3,64.4,27.3,0.188,6.2,417.9,294.6,538.4,444.8,93.6,17.38,Moderate (10-25%)
2026-12-18 06:00:00,Shift_1_Morning,UKWA_EXTENSION,21.7932,80.2015,17,18,3,12,2.03,7.42,19.1,5.3,57.3,24.3,0.173,9.3,491.4,487.3,534.9,437.7,97.2,18.17,Moderate (10-25%)
2026-12-18 14:00:00,Shift_2_Evening,BAL_NORTH_PIT,21.8121,80.1843,18,19,3,12,0.42,7.87,20.8,5.5,56.3,23.5,0.216,3.3,472.3,501.4,596.0,568.3,27.7,4.65,Normal (<10%)
2026-12-18 22:00:00,Shift_3_Night,BAL_NORTH_PIT,21.8121,80.1843,24,25,4,14,0.41,7.59,21.0,2.8,58.8,27.8,0.118,11.0,427.0,537.3,597.1,512.9,84.2,14.1,Moderate (10-25%)
2026-12-19 06:00:00,Shift_1_Morning,BAL_NORTH_PIT,21.8121,80.1843,19,20,3,16,0.04,8.02,21.7,5.4,64.0,26.6,0.21,8.4,439.5,563.4,537.3,518.7,18.6,3.46,Normal (<10%)
2026-12-19 14:00:00,Shift_2_Evening,BAL_DEEP_LEVEL_3,21.8064,80.1876,19,20,4,12,0.51,7.61,21.1,8.7,61.7,25.3,0.266,6.2,494.0,385.7,448.7,391.0,57.7,12.86,Moderate (10-25%)
2026-12-19 22:00:00,Shift_3_Night,BAL_DEEP_LEVEL_3,21.8064,80.1876,21,22,3,13,0.37,7.5,20.4,4.2,67.5,26.3,0.203,8.9,505.4,549.0,559.7,477.5,82.2,14.69,Moderate (10-25%)
2026-12-20 06:00:00,Shift_1_Morning,BAL_NORTH_PIT,21.8121,80.1843,17,18,4,14,0.22,7.86,23.3,19.0,69.3,19.3,0.27,13.2,468.6,444.0,421.4,382.5,38.9,9.23,Normal (<10%)
2026-12-20 14:00:00,Shift_2_Evening,BAL_DEEP_LEVEL_3,21.8064,80.1876,23,23,4,16,0.65,8.1,21.4,7.6,64.5,25.1,0.229,12.6,571.0,390.3,556.1,527.9,28.2,5.07,Normal (<10%)
2026-12-20 22:00:00,Shift_3_Night,UKWA_EXTENSION,21.7932,80.2015,22,24,4,14,0.92,7.46,21.9,23.1,70.9,24.7,0.315,21.0,286.8,456.3,582.0,442.1,139.9,24.04,Moderate (10-25%)
2026-12-21 06:00:00,Shift_1_Morning,BAL_SOUTH_PIT,21.8005,80.1901,19,20,3,14,1.0,8.03,21.1,4.5,54.8,26.7,0.188,7.8,402.6,572.5,476.6,415.9,60.7,12.74,Moderate (10-25%)
2026-12-21 14:00:00,Shift_2_Evening,BAL_SOUTH_PIT,21.8005,80.1901,22,22,3,14,0.22,7.94,19.3,3.4,59.5,27.1,0.181,7.7,518.1,373.4,526.1,459.7,66.4,12.62,Moderate (10-25%)
2026-12-21 22:00:00,Shift_3_Night,BAL_SOUTH_PIT,21.8005,80.1901,20,22,4,12,1.19,7.66,20.0,5.3,57.3,27.7,0.201,3.4,421.1,416.8,486.0,415.7,70.3,14.47,Moderate (10-25%)
2026-12-22 06:00:00,Shift_1_Morning,BAL_NORTH_PIT,21.8121,80.1843,22,22,3,12,0.86,7.91,22.9,6.3,65.3,21.8,0.262,11.3,487.6,514.5,487.6,425.2,62.4,12.8,Moderate (10-25%)
2026-12-22 14:00:00,Shift_2_Evening,BAL_DEEP_LEVEL_3,21.8064,80.1876,20,20,4,11,0.43,7.47,20.9,5.4,58.4,24.1,0.252,1.4,538.3,438.3,462.1,407.4,54.7,11.84,Moderate (10-25%)
2026-12-22 22:00:00,Shift_3_Night,UKWA_EXTENSION,21.7932,80.2015,18,19,4,14,0.75,7.51,22.0,15.8,66.2,27.8,0.25,14.4,552.2,548.7,552.4,483.4,69.0,12.49,Moderate (10-25%)
2026-12-23 06:00:00,Shift_1_Morning,UKWA_EXTENSION,21.7932,80.2015,23,24,3,14,0.67,7.89,20.6,3.9,62.0,22.7,0.236,1.9,459.8,554.3,587.2,543.2,44.0,7.49,Normal (<10%)
2026-12-23 14:00:00,Shift_2_Evening,BAL_NORTH_PIT,21.8121,80.1843,19,22,4,13,0.54,7.53,19.2,3.1,65.2,28.6,0.167,14.1,440.2,513.6,588.2,507.5,80.7,13.72,Moderate (10-25%)
2026-12-23 22:00:00,Shift_3_Night,UKWA_EXTENSION,21.7932,80.2015,19,20,3,13,1.24,8.16,21.0,12.4,58.9,27.9,0.228,18.1,404.0,420.7,435.0,358.9,76.1,17.49,Moderate (10-25%)
2026-12-24 06:00:00,Shift_1_Morning,UKWA_EXTENSION,21.7932,80.2015,22,24,3,16,1.68,7.45,22.7,7.8,66.3,24.8,0.255,10.8,522.7,378.0,574.9,468.7,106.2,18.47,Moderate (10-25%)
2026-12-24 14:00:00,Shift_2_Evening,UKWA_EXTENSION,21.7932,80.2015,22,24,3,12,1.31,8.04,20.4,5.5,56.4,26.1,0.196,2.3,513.5,497.9,547.5,504.5,43.0,7.85,Normal (<10%)
2026-12-24 22:00:00,Shift_3_Night,UKWA_EXTENSION,21.7932,80.2015,23,23,4,11,0.04,7.73,21.7,6.2,58.5,20.7,0.193,11.6,429.3,476.0,450.6,431.3,19.3,4.28,Normal (<10%)
2026-12-25 06:00:00,Shift_1_Morning,BAL_DEEP_LEVEL_3,21.8064,80.1876,23,23,3,16,0.04,8.0,21.4,8.6,62.5,26.3,0.199,2.5,420.6,496.3,413.5,371.9,41.6,10.06,Moderate (10-25%)
2026-12-25 14:00:00,Shift_2_Evening,UKWA_EXTENSION,21.7932,80.2015,25,26,3,15,1.79,7.97,20.0,8.9,70.7,25.9,0.258,11.6,528.0,495.6,453.6,380.2,73.4,16.18,Moderate (10-25%)
2026-12-25 22:00:00,Shift_3_Night,BAL_SOUTH_PIT,21.8005,80.1901,17,18,4,12,0.61,7.92,20.1,7.8,58.7,25.0,0.186,6.4,552.7,530.6,582.4,513.6,68.8,11.81,Moderate (10-25%)
2026-12-26 06:00:00,Shift_1_Morning,BAL_NORTH_PIT,21.8121,80.1843,22,24,4,16,0.17,7.61,21.6,12.2,55.6,27.9,0.188,6.2,533.1,469.7,526.6,465.0,61.6,11.7,Moderate (10-25%)
2026-12-26 14:00:00,Shift_2_Evening,BAL_DEEP_LEVEL_3,21.8064,80.1876,17,18,3,14,0.17,7.47,20.6,7.1,57.4,25.3,0.176,0.0,462.5,500.2,544.2,478.1,66.1,12.15,Moderate (10-25%)
2026-12-26 22:00:00,Shift_3_Night,UKWA_EXTENSION,21.7932,80.2015,25,26,3,14,0.24,7.98,21.9,10.8,62.8,27.4,0.206,14.1,450.3,452.4,451.4,421.3,30.1,6.67,Normal (<10%)
2026-12-27 06:00:00,Shift_1_Morning,BAL_DEEP_LEVEL_3,21.8064,80.1876,21,22,3,16,1.7,7.46,20.1,10.6,73.4,24.7,0.255,11.7,524.7,470.3,543.9,473.6,70.3,12.93,Moderate (10-25%)
2026-12-27 14:00:00,Shift_2_Evening,UKWA_EXTENSION,21.7932,80.2015,19,19,3,12,0.17,7.81,21.3,18.2,68.1,23.6,0.29,12.9,484.2,462.6,405.6,367.2,38.4,9.47,Normal (<10%)
2026-12-27 22:00:00,Shift_3_Night,BAL_SOUTH_PIT,21.8005,80.1901,17,18,3,14,0.37,7.89,19.8,4.4,58.7,23.3,0.175,16.9,548.9,496.4,475.1,420.7,54.4,11.45,Moderate (10-25%)
2026-12-28 06:00:00,Shift_1_Morning,BAL_NORTH_PIT,21.8121,80.1843,17,17,4,14,1.56,7.6,19.3,5.2,60.7,27.9,0.119,7.5,491.0,533.2,525.4,450.5,74.9,14.26,Moderate (10-25%)
2026-12-28 14:00:00,Shift_2_Evening,UKWA_EXTENSION,21.7932,80.2015,15,18,4,14,0.78,7.29,21.1,5.8,70.3,23.8,0.194,11.8,372.5,538.6,429.2,312.7,116.5,27.14,Critical (>25%)
2026-12-28 22:00:00,Shift_3_Night,UKWA_EXTENSION,21.7932,80.2015,24,24,4,12,1.65,7.92,19.8,10.5,62.9,24.3,0.208,3.4,421.5,506.5,564.6,478.0,86.6,15.34,Moderate (10-25%)
2026-12-29 06:00:00,Shift_1_Morning,UKWA_EXTENSION,21.7932,80.2015,18,18,3,14,0.5,7.96,21.9,6.4,63.2,25.3,0.244,0.4,413.9,392.8,447.0,387.9,59.1,13.22,Moderate (10-25%)
2026-12-29 14:00:00,Shift_2_Evening,UKWA_EXTENSION,21.7932,80.2015,20,22,4,14,0.48,8.17,19.5,14.5,63.6,26.0,0.256,19.2,431.3,326.4,530.5,487.7,42.8,8.07,Normal (<10%)
2026-12-29 22:00:00,Shift_3_Night,BAL_NORTH_PIT,21.8121,80.1843,21,22,4,12,1.11,8.08,19.8,3.0,65.8,26.8,0.177,0.0,489.9,533.3,481.0,445.1,35.9,7.46,Normal (<10%)
2026-12-30 06:00:00,Shift_1_Morning,BAL_NORTH_PIT,21.8121,80.1843,25,26,4,14,0.99,7.94,21.0,3.3,59.6,24.3,0.23,7.9,458.2,466.7,519.2,444.7,74.5,14.35,Moderate (10-25%)
2026-12-30 14:00:00,Shift_2_Evening,BAL_SOUTH_PIT,21.8005,80.1901,22,22,2,13,1.16,8.13,23.7,6.7,70.2,26.3,0.291,9.9,415.2,424.9,421.5,343.9,77.6,18.41,Moderate (10-25%)
2026-12-30 22:00:00,Shift_3_Night,BAL_NORTH_PIT,21.8121,80.1843,22,24,3,14,1.55,7.43,20.8,12.8,71.1,22.9,0.297,4.7,391.6,421.7,403.4,311.6,91.8,22.76,Moderate (10-25%)
2026-12-31 06:00:00,Shift_1_Morning,UKWA_EXTENSION,21.7932,80.2015,23,23,3,14,1.01,8.1,19.6,5.4,64.2,27.4,0.121,5.0,601.9,549.2,581.9,559.7,22.2,3.82,Normal (<10%)
2026-12-31 14:00:00,Shift_2_Evening,BAL_SOUTH_PIT,21.8005,80.1901,17,19,3,12,1.14,7.86,21.5,12.2,63.9,23.7,0.244,8.8,435.6,442.7,453.9,392.4,61.5,13.55,Moderate (10-25%)
2026-12-31 22:00:00,Shift_3_Night,BAL_SOUTH_PIT,21.8005,80.1901,17,18,3,12,0.5,7.61,21.2,15.7,59.9,24.5,0.297,21.9,536.3,564.8,563.9,488.5,75.4,13.37,Moderate (10-25%)
2027-01-01 06:00:00,Shift_1_Morning,BAL_SOUTH_PIT,21.8005,80.1901,21,22,3,16,0.56,7.96,20.4,9.1,61.9,23.1,0.193,14.5,534.1,593.1,599.9,547.8,52.1,8.68,Normal (<10%)
2027-01-01 14:00:00,Shift_2_Evening,UKWA_EXTENSION,21.7932,80.2015,23,24,3,11,0.67,7.9,21.4,3.4,58.9,24.9,0.182,5.1,402.6,510.4,442.3,366.3,76.0,17.18,Moderate (10-25%)
2027-01-01 22:00:00,Shift_3_Night,BAL_DEEP_LEVEL_3,21.8064,80.1876,19,22,4,15,0.09,7.48,21.4,21.9,63.4,26.7,0.26,11.7,392.2,568.9,453.0,363.6,89.4,19.74,Moderate (10-25%)
2027-01-02 06:00:00,Shift_1_Morning,UKWA_EXTENSION,21.7932,80.2015,25,25,4,12,1.11,8.03,21.9,5.2,60.8,28.1,0.163,1.5,487.7,425.1,532.6,438.8,93.8,17.61,Moderate (10-25%)
2027-01-02 14:00:00,Shift_2_Evening,BAL_NORTH_PIT,21.8121,80.1843,18,20,3,15,0.61,7.45,19.7,3.7,65.7,24.8,0.212,6.5,580.0,572.6,593.1,515.4,77.7,13.1,Moderate (10-25%)
2027-01-02 22:00:00,Shift_3_Night,BAL_NORTH_PIT,21.8121,80.1843,18,18,4,13,0.18,8.06,19.2,5.0,59.0,28.5,0.184,0.0,473.7,566.8,583.2,583.1,0.1,0.02,Normal (<10%)
2027-01-03 06:00:00,Shift_1_Morning,UKWA_EXTENSION,21.7932,80.2015,20,20,3,12,0.2,7.44,21.4,17.8,59.2,24.1,0.292,28.3,535.6,420.6,500.6,451.3,49.3,9.85,Normal (<10%)
2027-01-03 14:00:00,Shift_2_Evening,UKWA_EXTENSION,21.7932,80.2015,18,19,4,14,0.4,7.56,19.7,5.1,57.2,28.6,0.178,9.3,500.5,514.1,559.0,498.6,60.4,10.81,Moderate (10-25%)
2027-01-03 22:00:00,Shift_3_Night,BAL_SOUTH_PIT,21.8005,80.1901,25,26,4,15,0.03,7.54,18.7,2.1,69.3,29.1,0.172,0.0,300.4,300.9,427.1,373.3,53.8,12.6,Moderate (10-25%)
2027-01-04 06:00:00,Shift_1_Morning,UKWA_EXTENSION,21.7932,80.2015,16,18,3,14,0.37,7.99,19.5,9.3,66.3,26.4,0.238,24.2,541.4,473.6,595.5,574.2,21.3,3.58,Normal (<10%)
2027-01-04 14:00:00,Shift_2_Evening,BAL_SOUTH_PIT,21.8005,80.1901,20,20,4,15,0.99,7.96,20.0,5.1,57.4,26.8,0.163,3.9,497.8,521.8,592.9,550.3,42.6,7.19,Normal (<10%)
2027-01-04 22:00:00,Shift_3_Night,BAL_NORTH_PIT,21.8121,80.1843,19,20,3,16,1.02,7.52,19.8,8.8,69.3,28.5,0.145,12.2,327.2,327.2,432.7,313.4,119.3,27.57,Critical (>25%)
2027-01-05 06:00:00,Shift_1_Morning,BAL_SOUTH_PIT,21.8005,80.1901,19,19,3,12,0.19,7.56,19.2,5.5,61.7,28.2,0.202,11.2,450.3,320.3,459.9,436.4,23.5,5.11,Normal (<10%)
2027-01-05 14:00:00,Shift_2_Evening,UKWA_EXTENSION,21.7932,80.2015,20,20,4,12,0.93,8.21,21.6,4.6,72.0,30.7,0.16,7.2,572.7,322.8,420.0,381.2,38.8,9.24,Normal (<10%)
2027-01-05 22:00:00,Shift_3_Night,BAL_NORTH_PIT,21.8121,80.1843,22,22,3,13,1.12,8.09,19.0,1.2,63.1,28.6,0.237,0.0,481.0,489.3,454.3,410.6,43.7,9.62,Normal (<10%)
2027-01-06 06:00:00,Shift_1_Morning,BAL_DEEP_LEVEL_3,21.8064,80.1876,21,22,4,12,0.0,8.1,21.4,16.2,69.5,25.5,0.261,13.9,422.4,450.2,563.2,543.1,20.1,3.57,Normal (<10%)
2027-01-06 14:00:00,Shift_2_Evening,BAL_SOUTH_PIT,21.8005,80.1901,21,21,3,14,1.06,8.31,20.3,5.6,66.6,29.9,0.218,24.2,582.2,391.8,475.7,441.6,34.1,7.17,Normal (<10%)
2027-01-06 22:00:00,Shift_3_Night,BAL_NORTH_PIT,21.8121,80.1843,18,18,4,16,1.52,8.05,21.1,5.4,70.6,27.8,0.228,7.2,421.1,552.9,417.7,401.3,16.4,3.93,Normal (<10%)
2027-01-07 06:00:00,Shift_1_Morning,BAL_SOUTH_PIT,21.8005,80.1901,21,21,4,14,0.4,7.55,21.2,12.2,62.5,28.0,0.221,9.2,484.1,516.8,468.4,391.6,76.8,16.4,Moderate (10-25%)
2027-01-07 14:00:00,Shift_2_Evening,BAL_NORTH_PIT,21.8121,80.1843,19,20,4,14,1.0,8.07,21.8,11.6,73.5,26.4,0.28,8.6,456.1,439.2,596.3,549.1,47.2,7.92,Normal (<10%)
2027-01-07 22:00:00,Shift_3_Night,BAL_NORTH_PIT,21.8121,80.1843,21,22,3,16,1.11,7.4,19.7,3.6,60.0,26.0,0.203,4.0,479.0,385.5,525.9,426.2,99.7,18.96,Moderate (10-25%)
2027-01-08 06:00:00,Shift_1_Morning,BAL_SOUTH_PIT,21.8005,80.1901,26,26,3,12,0.32,7.96,20.2,6.3,60.6,25.2,0.195,10.8,457.3,495.5,483.2,446.0,37.2,7.7,Normal (<10%)
2027-01-08 14:00:00,Shift_2_Evening,BAL_DEEP_LEVEL_3,21.8064,80.1876,16,17,3,16,0.74,7.45,19.6,4.4,63.7,24.8,0.265,0.3,453.5,433.2,433.3,348.5,84.8,19.57,Moderate (10-25%)
2027-01-08 22:00:00,Shift_3_Night,BAL_NORTH_PIT,21.8121,80.1843,22,24,3,12,0.0,7.56,21.1,13.4,71.8,23.9,0.252,3.9,575.2,447.1,597.2,519.5,77.7,13.01,Moderate (10-25%)
2027-01-09 06:00:00,Shift_1_Morning,BAL_NORTH_PIT,21.8121,80.1843,22,23,3,14,0.0,7.98,23.3,4.0,60.6,26.4,0.199,6.2,477.9,539.0,564.2,541.8,22.4,3.97,Normal (<10%)
2027-01-09 14:00:00,Shift_2_Evening,BAL_NORTH_PIT,21.8121,80.1843,24,26,3,16,0.5,7.51,18.7,5.1,71.4,27.7,0.207,7.2,384.7,382.1,456.3,388.9,67.4,14.77,Moderate (10-25%)
2027-01-09 22:00:00,Shift_3_Night,BAL_DEEP_LEVEL_3,21.8064,80.1876,20,22,3,14,0.72,7.61,18.8,10.6,71.8,26.2,0.251,13.1,473.9,438.8,414.0,367.3,46.7,11.28,Moderate (10-25%)
2027-01-10 06:00:00,Shift_1_Morning,BAL_DEEP_LEVEL_3,21.8064,80.1876,22,24,4,16,0.36,7.59,19.6,9.1,63.4,27.5,0.207,5.4,509.9,527.3,411.3,342.3,69.0,16.78,Moderate (10-25%)
2027-01-10 14:00:00,Shift_2_Evening,UKWA_EXTENSION,21.7932,80.2015,23,24,3,12,0.33,7.48,18.8,4.8,56.3,28.2,0.188,4.2,423.3,512.4,424.1,336.1,88.0,20.75,Moderate (10-25%)
2027-01-10 22:00:00,Shift_3_Night,BAL_SOUTH_PIT,21.8005,80.1901,23,25,4,16,1.0,7.93,22.1,31.6,75.9,22.8,0.34,37.0,383.7,415.5,516.2,407.6,108.6,21.04,Moderate (10-25%)
2027-01-11 06:00:00,Shift_1_Morning,BAL_DEEP_LEVEL_3,21.8064,80.1876,22,25,4,16,0.0,7.61,20.6,10.2,53.1,26.3,0.192,13.4,504.0,491.3,585.8,512.6,73.2,12.5,Moderate (10-25%)
2027-01-11 14:00:00,Shift_2_Evening,BAL_SOUTH_PIT,21.8005,80.1901,21,22,4,12,1.14,8.08,17.5,4.9,66.1,27.4,0.154,0.9,513.0,368.4,499.3,463.6,35.7,7.15,Normal (<10%)
2027-01-11 22:00:00,Shift_3_Night,UKWA_EXTENSION,21.7932,80.2015,25,26,3,14,0.24,7.34,22.2,2.3,58.7,23.6,0.224,6.4,414.2,532.4,568.6,478.6,90.0,15.83,Moderate (10-25%)
2027-01-12 06:00:00,Shift_1_Morning,BAL_SOUTH_PIT,21.8005,80.1901,26,26,4,15,0.62,7.97,20.4,10.4,71.0,24.0,0.234,7.3,392.7,474.7,489.2,456.7,32.5,6.64,Normal (<10%)
2027-01-12 14:00:00,Shift_2_Evening,BAL_DEEP_LEVEL_3,21.8064,80.1876,17,19,3,12,1.03,8.02,20.1,8.0,57.2,26.2,0.265,17.7,375.8,521.0,541.7,497.1,44.6,8.23,Normal (<10%)
2027-01-12 22:00:00,Shift_3_Night,BAL_SOUTH_PIT,21.8005,80.1901,18,18,1,12,0.52,8.08,20.2,9.4,60.6,25.0,0.225,11.0,461.0,472.4,546.4,493.2,53.2,9.74,Normal (<10%)
2027-01-13 06:00:00,Shift_1_Morning,BAL_DEEP_LEVEL_3,21.8064,80.1876,22,24,4,13,0.41,7.59,19.6,6.9,65.1,27.4,0.191,13.6,428.3,443.7,434.8,362.4,72.4,16.65,Moderate (10-25%)
2027-01-13 14:00:00,Shift_2_Evening,BAL_SOUTH_PIT,21.8005,80.1901,18,20,4,14,0.51,8.03,21.4,3.0,64.5,27.7,0.164,0.0,431.9,401.2,472.2,438.1,34.1,7.22,Normal (<10%)
2027-01-13 22:00:00,Shift_3_Night,BAL_DEEP_LEVEL_3,21.8064,80.1876,22,22,4,12,1.0,8.06,19.9,7.6,61.7,25.6,0.266,4.4,530.0,424.8,527.5,484.6,42.9,8.13,Normal (<10%)
2027-01-14 06:00:00,Shift_1_Morning,BAL_DEEP_LEVEL_3,21.8064,80.1876,18,18,3,16,1.07,7.51,20.2,1.6,62.0,26.0,0.265,0.0,421.4,447.3,414.1,351.8,62.3,15.04,Moderate (10-25%)
2027-01-14 14:00:00,Shift_2_Evening,BAL_SOUTH_PIT,21.8005,80.1901,21,22,3,14,0.07,7.93,19.4,3.6,67.9,25.6,0.196,18.5,401.7,458.4,472.3,450.0,22.3,4.72,Normal (<10%)
2027-01-14 22:00:00,Shift_3_Night,UKWA_EXTENSION,21.7932,80.2015,19,21,3,14,0.9,7.47,21.1,13.2,70.1,25.0,0.242,19.4,478.4,517.2,507.0,411.2,95.8,18.9,Moderate (10-25%)
2027-01-15 06:00:00,Shift_1_Morning,BAL_NORTH_PIT,21.8121,80.1843,17,19,3,12,0.12,7.5,20.1,7.1,60.7,25.0,0.177,13.4,573.7,419.8,599.2,559.6,39.6,6.61,Normal (<10%)
2027-01-15 14:00:00,Shift_2_Evening,UKWA_EXTENSION,21.7932,80.2015,21,21,3,16,0.49,8.0,20.6,9.5,63.3,26.0,0.307,5.2,476.4,470.9,494.9,427.4,67.5,13.64,Moderate (10-25%)
2027-01-15 22:00:00,Shift_3_Night,BAL_SOUTH_PIT,21.8005,80.1901,18,19,3,12,1.15,7.31,21.4,11.9,58.3,23.8,0.275,17.1,440.4,419.9,563.2,457.2,106.0,18.82,Moderate (10-25%)
2027-01-16 06:00:00,Shift_1_Morning,UKWA_EXTENSION,21.7932,80.2015,19,19,3,15,1.11,7.46,19.4,7.6,65.1,24.7,0.191,0.0,539.0,511.2,486.4,402.4,84.0,17.27,Moderate (10-25%)
2027-01-16 14:00:00,Shift_2_Evening,BAL_DEEP_LEVEL_3,21.8064,80.1876,21,21,3,13,1.06,7.51,21.4,7.5,67.1,28.5,0.225,11.8,425.5,452.2,559.3,457.9,101.4,18.13,Moderate (10-25%)
2027-01-16 22:00:00,Shift_3_Night,BAL_NORTH_PIT,21.8121,80.1843,22,24,4,16,1.05,7.97,21.2,19.5,68.3,24.4,0.308,15.9,446.9,534.5,519.1,459.3,59.8,11.52,Moderate (10-25%)
2027-01-17 06:00:00,Shift_1_Morning,BAL_SOUTH_PIT,21.8005,80.1901,26,27,3,16,0.63,7.48,20.0,5.5,58.1,26.8,0.18,6.3,455.2,419.2,577.3,484.6,92.7,16.06,Moderate (10-25%)
2027-01-17 14:00:00,Shift_2_Evening,BAL_SOUTH_PIT,21.8005,80.1901,22,24,3,14,2.02,7.55,20.4,5.9,71.1,28.2,0.205,2.7,519.7,316.0,482.2,376.0,106.2,22.02,Moderate (10-25%)
2027-01-17 22:00:00,Shift_3_Night,BAL_SOUTH_PIT,21.8005,80.1901,19,19,3,12,0.4,7.39,20.4,5.2,52.0,24.4,0.171,14.3,496.1,546.3,520.9,434.1,86.8,16.66,Moderate (10-25%)
2027-01-18 06:00:00,Shift_1_Morning,BAL_NORTH_PIT,21.8121,80.1843,25,25,3,14,0.54,7.84,19.7,6.7,67.7,23.7,0.171,2.3,546.5,503.6,526.0,493.8,32.2,6.12,Normal (<10%)
2027-01-18 14:00:00,Shift_2_Evening,BAL_DEEP_LEVEL_3,21.8064,80.1876,19,21,4,14,0.97,7.47,21.5,8.8,66.1,25.9,0.178,13.3,549.6,431.0,483.5,413.1,70.4,14.56,Moderate (10-25%)
2027-01-18 22:00:00,Shift_3_Night,BAL_SOUTH_PIT,21.8005,80.1901,19,20,3,15,0.18,8.08,20.1,8.5,64.8,27.0,0.144,4.1,403.1,553.2,428.9,427.5,1.4,0.33,Normal (<10%)
2027-01-19 06:00:00,Shift_1_Morning,UKWA_EXTENSION,21.7932,80.2015,18,19,4,15,0.11,7.67,18.4,13.8,60.5,28.0,0.197,17.3,468.4,451.3,418.7,370.7,48.0,11.46,Moderate (10-25%)
2027-01-19 14:00:00,Shift_2_Evening,BAL_SOUTH_PIT,21.8005,80.1901,19,22,2,14,1.0,8.08,20.1,11.9,63.9,27.6,0.235,18.9,354.8,346.1,403.3,319.5,83.8,20.78,Moderate (10-25%)
2027-01-19 22:00:00,Shift_3_Night,BAL_SOUTH_PIT,21.8005,80.1901,22,23,3,16,0.77,7.85,21.1,11.0,65.2,24.2,0.223,9.0,494.4,504.5,574.7,516.4,58.3,10.14,Moderate (10-25%)
2027-01-20 06:00:00,Shift_1_Morning,BAL_SOUTH_PIT,21.8005,80.1901,20,21,3,12,0.57,7.98,18.9,9.4,63.5,26.0,0.213,10.8,421.0,518.0,447.3,375.8,71.5,15.98,Moderate (10-25%)
2027-01-20 14:00:00,Shift_2_Evening,BAL_SOUTH_PIT,21.8005,80.1901,21,21,4,14,0.55,7.53,19.9,8.3,54.2,27.4,0.155,14.7,416.1,427.3,442.3,400.7,41.6,9.41,Normal (<10%)
2027-01-20 22:00:00,Shift_3_Night,BAL_DEEP_LEVEL_3,21.8064,80.1876,18,20,4,12,1.32,7.52,19.7,13.7,74.1,25.0,0.253,19.1,402.1,491.6,547.2,461.2,86.0,15.72,Moderate (10-25%)
2027-01-21 06:00:00,Shift_1_Morning,UKWA_EXTENSION,21.7932,80.2015,22,23,4,16,0.22,7.55,23.7,11.1,68.0,27.5,0.239,5.7,406.3,535.5,464.0,373.9,90.1,19.42,Moderate (10-25%)
2027-01-21 14:00:00,Shift_2_Evening,BAL_DEEP_LEVEL_3,21.8064,80.1876,16,19,4,16,1.29,7.91,20.0,2.9,61.1,28.8,0.189,5.3,407.4,379.1,501.2,397.8,103.4,20.63,Moderate (10-25%)
2027-01-21 22:00:00,Shift_3_Night,UKWA_EXTENSION,21.7932,80.2015,22,22,4,11,0.14,7.51,18.4,3.0,62.5,27.6,0.199,10.1,438.1,447.7,432.5,362.6,69.9,16.16,Moderate (10-25%)
2027-01-22 06:00:00,Shift_1_Morning,BAL_SOUTH_PIT,21.8005,80.1901,22,24,3,14,0.66,7.54,20.9,18.1,74.4,26.9,0.216,9.5,501.7,502.2,591.9,507.2,84.7,14.31,Moderate (10-25%)
2027-01-22 14:00:00,Shift_2_Evening,BAL_NORTH_PIT,21.8121,80.1843,25,27,3,14,2.1,8.08,20.1,8.5,61.0,26.7,0.239,8.2,486.3,526.5,570.3,481.9,88.4,15.5,Moderate (10-25%)
2027-01-22 22:00:00,Shift_3_Night,BAL_DEEP_LEVEL_3,21.8064,80.1876,19,21,3,13,0.19,7.42,21.9,11.8,59.1,24.4,0.222,8.4,463.1,533.3,572.8,498.6,74.2,12.95,Moderate (10-25%)
2027-01-23 06:00:00,Shift_1_Morning,BAL_NORTH_PIT,21.8121,80.1843,17,20,4,12,0.69,7.47,17.1,2.7,65.7,25.9,0.172,12.9,409.6,352.4,481.4,422.3,59.1,12.28,Moderate (10-25%)
2027-01-23 14:00:00,Shift_2_Evening,BAL_DEEP_LEVEL_3,21.8064,80.1876,22,23,4,14,1.23,7.73,22.0,8.6,65.2,21.4,0.151,5.7,324.1,386.7,552.5,432.0,120.5,21.81,Moderate (10-25%)
2027-01-23 22:00:00,Shift_3_Night,BAL_SOUTH_PIT,21.8005,80.1901,22,25,3,13,1.06,7.94,21.0,2.7,57.1,25.9,0.205,6.1,361.0,410.5,428.8,371.3,57.5,13.41,Moderate (10-25%)
2027-01-24 06:00:00,Shift_1_Morning,BAL_DEEP_LEVEL_3,21.8064,80.1876,20,21,4,15,0.45,7.45,19.6,4.4,67.8,27.1,0.203,6.7,433.8,508.0,401.7,363.1,38.6,9.61,Normal (<10%)
2027-01-24 14:00:00,Shift_2_Evening,BAL_SOUTH_PIT,21.8005,80.1901,17,19,4,16,0.55,7.9,19.9,0.4,64.0,26.5,0.215,9.3,459.2,321.7,404.0,368.2,35.8,8.86,Normal (<10%)
2027-01-24 22:00:00,Shift_3_Night,BAL_DEEP_LEVEL_3,21.8064,80.1876,19,20,4,14,0.67,7.52,21.7,20.4,62.6,24.4,0.253,23.4,487.5,504.6,517.3,446.2,71.1,13.74,Moderate (10-25%)
2027-01-25 06:00:00,Shift_1_Morning,BAL_SOUTH_PIT,21.8005,80.1901,26,26,4,12,0.0,7.49,20.3,1.5,65.1,26.5,0.243,6.0,569.4,425.7,491.1,429.2,61.9,12.6,Moderate (10-25%)
2027-01-25 14:00:00,Shift_2_Evening,BAL_SOUTH_PIT,21.8005,80.1901,19,22,3,14,0.96,7.27,21.0,3.6,65.1,23.1,0.188,3.6,409.3,557.5,503.6,440.6,63.0,12.51,Moderate (10-25%)
2027-01-25 22:00:00,Shift_3_Night,UKWA_EXTENSION,21.7932,80.2015,26,27,3,16,0.3,7.52,19.8,6.5,62.5,27.2,0.161,9.0,363.8,473.6,401.5,328.7,72.8,18.13,Moderate (10-25%)
2027-01-26 06:00:00,Shift_1_Morning,BAL_SOUTH_PIT,21.8005,80.1901,17,20,3,12,0.0,7.41,19.8,1.6,63.5,26.6,0.159,7.2,461.6,579.4,484.5,415.0,69.5,14.34,Moderate (10-25%)
2027-01-26 14:00:00,Shift_2_Evening,UKWA_EXTENSION,21.7932,80.2015,21,22,4,12,1.62,8.05,18.5,7.1,66.1,26.8,0.207,11.1,398.5,449.9,543.6,490.9,52.7,9.69,Normal (<10%)
2027-01-26 22:00:00,Shift_3_Night,BAL_SOUTH_PIT,21.8005,80.1901,23,24,4,15,0.43,7.87,19.3,6.1,66.6,24.7,0.141,3.5,501.2,456.5,488.5,443.9,44.6,9.13,Normal (<10%)
2027-01-27 06:00:00,Shift_1_Morning,BAL_NORTH_PIT,21.8121,80.1843,22,22,4,16,0.29,7.5,21.2,11.5,67.0,26.7,0.286,7.7,496.3,508.7,546.4,470.2,76.2,13.95,Moderate (10-25%)
2027-01-27 14:00:00,Shift_2_Evening,BAL_SOUTH_PIT,21.8005,80.1901,18,20,4,12,1.36,7.97,20.3,7.3,61.5,26.1,0.181,7.8,436.2,484.1,446.6,365.7,80.9,18.11,Moderate (10-25%)
2027-01-27 22:00:00,Shift_3_Night,BAL_NORTH_PIT,21.8121,80.1843,19,20,3,11,0.22,8.03,18.8,5.1,63.0,26.9,0.178,6.5,402.4,494.6,562.6,514.4,48.2,8.57,Normal (<10%)
2027-01-28 06:00:00,Shift_1_Morning,BAL_NORTH_PIT,21.8121,80.1843,19,21,3,12,0.59,7.51,19.6,13.3,70.4,25.7,0.218,9.3,469.9,485.9,517.7,481.7,36.0,6.95,Normal (<10%)
2027-01-28 14:00:00,Shift_2_Evening,BAL_SOUTH_PIT,21.8005,80.1901,20,22,3,15,0.52,7.97,22.4,11.5,67.2,25.6,0.21,15.0,446.6,404.8,442.2,375.2,67.0,15.15,Moderate (10-25%)
2027-01-28 22:00:00,Shift_3_Night,BAL_NORTH_PIT,21.8121,80.1843,21,22,4,16,0.84,7.85,22.0,9.1,62.0,22.2,0.194,10.1,451.3,452.8,447.3,404.4,42.9,9.59,Normal (<10%)
2027-01-29 06:00:00,Shift_1_Morning,UKWA_EXTENSION,21.7932,80.2015,20,20,4,11,0.22,7.35,20.4,6.6,64.5,23.4,0.273,10.9,569.7,406.6,525.6,441.7,83.9,15.96,Moderate (10-25%)
2027-01-29 14:00:00,Shift_2_Evening,BAL_DEEP_LEVEL_3,21.8064,80.1876,18,19,3,14,1.04,7.44,20.9,19.2,76.6,23.5,0.35,15.5,537.6,498.0,566.0,444.0,122.0,21.55,Moderate (10-25%)
2027-01-29 22:00:00,Shift_3_Night,BAL_SOUTH_PIT,21.8005,80.1901,22,22,3,12,1.07,7.5,19.3,4.8,64.7,29.8,0.158,6.8,425.4,460.8,483.1,385.3,97.8,20.24,Moderate (10-25%)
2027-01-30 06:00:00,Shift_1_Morning,BAL_NORTH_PIT,21.8121,80.1843,20,23,3,12,0.63,7.44,23.2,24.3,70.5,21.6,0.332,25.6,498.8,509.2,451.7,382.9,68.8,15.23,Moderate (10-25%)
2027-01-30 14:00:00,Shift_2_Evening,BAL_SOUTH_PIT,21.8005,80.1901,22,23,3,11,1.23,7.56,20.5,9.2,71.0,27.2,0.263,18.2,583.8,498.9,573.4,439.0,134.4,23.44,Moderate (10-25%)
2027-01-30 22:00:00,Shift_3_Night,UKWA_EXTENSION,21.7932,80.2015,26,26,4,16,0.89,7.47,20.8,5.2,59.6,26.7,0.195,8.7,444.8,435.1,533.9,471.4,62.5,11.71,Moderate (10-25%)
2027-01-31 06:00:00,Shift_1_Morning,BAL_SOUTH_PIT,21.8005,80.1901,22,24,3,12,1.54,7.4,18.2,5.4,63.7,26.9,0.162,8.2,570.3,520.9,489.6,424.1,65.5,13.38,Moderate (10-25%)
2027-01-31 14:00:00,Shift_2_Evening,BAL_SOUTH_PIT,21.8005,80.1901,19,19,4,12,0.98,7.97,20.6,5.3,72.5,25.1,0.2,15.2,424.1,403.0,497.6,432.4,65.2,13.1,Moderate (10-25%)
2027-01-31 22:00:00,Shift_3_Night,BAL_NORTH_PIT,21.8121,80.1843,20,21,3,11,0.69,7.52,19.4,3.2,65.0,28.7,0.185,0.0,407.2,514.1,440.9,359.5,81.4,18.46,Moderate (10-25%)
2027-02-01 06:00:00,Shift_1_Morning,UKWA_EXTENSION,21.7932,80.2015,19,20,3,15,0.19,8.03,21.9,5.6,72.1,30.4,0.218,9.2,490.3,530.4,525.4,481.1,44.3,8.43,Normal (<10%)
2027-02-01 14:00:00,Shift_2_Evening,BAL_DEEP_LEVEL_3,21.8064,80.1876,18,19,3,14,0.25,8.19,22.6,24.0,68.3,30.5,0.31,21.3,472.4,402.5,471.7,447.2,24.5,5.19,Normal (<10%)
2027-02-01 22:00:00,Shift_3_Night,BAL_DEEP_LEVEL_3,21.8064,80.1876,18,20,4,14,0.85,7.43,20.2,9.0,61.0,29.4,0.221,4.8,554.2,543.8,599.1,487.4,111.7,18.64,Moderate (10-25%)
2027-02-02 06:00:00,Shift_1_Morning,BAL_NORTH_PIT,21.8121,80.1843,22,22,4,16,0.26,7.99,19.2,8.2,69.6,28.4,0.231,9.9,560.4,546.5,496.0,475.5,20.5,4.13,Normal (<10%)
2027-02-02 14:00:00,Shift_2_Evening,BAL_SOUTH_PIT,21.8005,80.1901,26,26,1,16,0.81,8.04,20.1,7.0,54.2,30.3,0.178,8.3,479.9,502.2,497.2,476.2,21.0,4.22,Normal (<10%)
2027-02-02 22:00:00,Shift_3_Night,BAL_NORTH_PIT,21.8121,80.1843,19,20,4,12,1.74,8.0,20.1,9.9,63.6,28.1,0.188,10.7,535.8,459.4,513.2,415.8,97.4,18.98,Moderate (10-25%)
2027-02-03 06:00:00,Shift_1_Morning,BAL_NORTH_PIT,21.8121,80.1843,25,25,3,12,0.87,7.45,20.3,2.5,66.3,26.2,0.146,7.0,539.0,445.3,583.4,481.9,101.5,17.4,Moderate (10-25%)
2027-02-03 14:00:00,Shift_2_Evening,BAL_NORTH_PIT,21.8121,80.1843,23,24,4,13,0.63,7.85,19.6,4.0,64.9,27.0,0.206,13.7,457.6,469.4,560.2,474.6,85.6,15.28,Moderate (10-25%)
2027-02-03 22:00:00,Shift_3_Night,BAL_SOUTH_PIT,21.8005,80.1901,20,21,3,13,0.32,7.95,21.7,7.9,53.4,27.8,0.229,5.1,467.8,396.5,490.2,421.2,69.0,14.08,Moderate (10-25%)
2027-02-04 06:00:00,Shift_1_Morning,UKWA_EXTENSION,21.7932,80.2015,22,24,3,12,0.77,7.39,20.6,4.8,56.5,28.5,0.203,0.6,482.6,552.0,543.7,460.8,82.9,15.25,Moderate (10-25%)
2027-02-04 14:00:00,Shift_2_Evening,BAL_NORTH_PIT,21.8121,80.1843,17,18,3,16,1.47,7.83,23.5,15.2,66.1,25.6,0.267,19.4,431.2,413.2,517.2,431.5,85.7,16.57,Moderate (10-25%)
2027-02-04 22:00:00,Shift_3_Night,BAL_SOUTH_PIT,21.8005,80.1901,17,18,4,17,1.03,7.92,21.5,3.7,64.1,26.9,0.151,13.0,514.2,501.0,498.5,435.0,63.5,12.74,Moderate (10-25%)
2027-02-05 06:00:00,Shift_1_Morning,UKWA_EXTENSION,21.7932,80.2015,21,21,3,16,0.79,7.9,18.4,9.8,65.3,30.1,0.243,15.9,362.6,567.5,438.5,371.0,67.5,15.39,Moderate (10-25%)
2027-02-05 14:00:00,Shift_2_Evening,BAL_NORTH_PIT,21.8121,80.1843,18,20,3,14,0.26,8.06,21.3,2.2,61.2,31.0,0.103,8.7,559.0,444.3,492.8,448.3,44.5,9.03,Normal (<10%)
2027-02-05 22:00:00,Shift_3_Night,BAL_DEEP_LEVEL_3,21.8064,80.1876,17,18,4,14,0.33,8.06,19.5,3.3,65.3,28.7,0.129,11.0,438.4,411.4,449.2,421.1,28.1,6.26,Normal (<10%)
2027-02-06 06:00:00,Shift_1_Morning,UKWA_EXTENSION,21.7932,80.2015,20,22,3,15,0.31,7.41,20.0,7.4,65.0,25.9,0.221,12.8,448.4,525.9,583.0,497.1,85.9,14.73,Moderate (10-25%)
2027-02-06 14:00:00,Shift_2_Evening,BAL_NORTH_PIT,21.8121,80.1843,16,18,2,11,1.1,7.97,21.4,4.7,61.9,26.2,0.217,11.2,493.8,504.2,467.1,387.5,79.6,17.04,Moderate (10-25%)
2027-02-06 22:00:00,Shift_3_Night,UKWA_EXTENSION,21.7932,80.2015,21,23,3,11,0.59,7.31,22.0,10.0,67.5,25.9,0.261,7.2,526.5,556.5,590.5,486.7,103.8,17.58,Moderate (10-25%)
2027-02-07 06:00:00,Shift_1_Morning,UKWA_EXTENSION,21.7932,80.2015,20,20,3,16,0.21,7.95,20.2,1.5,58.1,28.4,0.117,0.0,478.6,566.9,506.6,483.4,23.2,4.58,Normal (<10%)
2027-02-07 14:00:00,Shift_2_Evening,UKWA_EXTENSION,21.7932,80.2015,19,22,4,14,1.29,7.54,20.4,9.4,67.6,27.7,0.253,6.0,508.7,440.8,526.3,436.6,89.7,17.04,Moderate (10-25%)
2027-02-07 22:00:00,Shift_3_Night,UKWA_EXTENSION,21.7932,80.2015,23,25,3,12,1.31,7.58,20.5,10.5,60.9,28.5,0.228,7.9,417.7,467.4,508.6,394.9,113.7,22.36,Moderate (10-25%)
2027-02-08 06:00:00,Shift_1_Morning,UKWA_EXTENSION,21.7932,80.2015,18,18,3,16,0.56,7.43,21.7,21.0,70.0,25.0,0.291,21.4,499.8,469.4,425.9,361.9,64.0,15.03,Moderate (10-25%)
2027-02-08 14:00:00,Shift_2_Evening,UKWA_EXTENSION,21.7932,80.2015,23,26,3,14,0.58,8.11,20.0,7.6,64.9,31.2,0.193,11.9,503.6,530.6,475.2,436.9,38.3,8.06,Normal (<10%)
2027-02-08 22:00:00,Shift_3_Night,BAL_NORTH_PIT,21.8121,80.1843,24,26,3,16,0.0,7.85,22.5,0.0,59.5,25.5,0.177,6.8,419.7,381.0,419.8,360.2,59.6,14.2,Moderate (10-25%)
2027-02-09 06:00:00,Shift_1_Morning,BAL_DEEP_LEVEL_3,21.8064,80.1876,25,26,4,14,0.28,7.88,20.7,1.8,65.9,25.6,0.203,7.6,452.7,507.1,524.6,482.6,42.0,8.01,Normal (<10%)
2027-02-09 14:00:00,Shift_2_Evening,BAL_SOUTH_PIT,21.8005,80.1901,19,22,3,14,0.96,8.07,21.9,12.4,73.1,29.1,0.296,18.5,470.7,296.3,489.4,400.8,88.6,18.1,Moderate (10-25%)
2027-02-09 22:00:00,Shift_3_Night,UKWA_EXTENSION,21.7932,80.2015,17,19,4,12,1.61,8.17,22.0,23.8,62.3,28.5,0.285,13.5,598.0,586.1,555.6,494.8,60.8,10.94,Moderate (10-25%)
2027-02-10 06:00:00,Shift_1_Morning,BAL_SOUTH_PIT,21.8005,80.1901,23,25,4,14,0.23,7.55,21.2,3.3,67.8,30.2,0.201,9.1,541.3,476.1,444.1,408.8,35.3,7.95,Normal (<10%)
2027-02-10 14:00:00,Shift_2_Evening,BAL_NORTH_PIT,21.8121,80.1843,21,22,4,16,0.9,7.5,21.9,13.0,70.3,27.0,0.228,7.9,462.0,446.8,432.9,392.1,40.8,9.42,Normal (<10%)
2027-02-10 22:00:00,Shift_3_Night,UKWA_EXTENSION,21.7932,80.2015,25,26,4,13,0.54,7.28,19.3,5.0,60.8,27.9,0.148,4.1,406.5,474.9,481.3,366.8,114.5,23.79,Moderate (10-25%)
2027-02-11 06:00:00,Shift_1_Morning,BAL_DEEP_LEVEL_3,21.8064,80.1876,19,20,3,12,0.05,7.8,23.9,14.3,69.3,24.8,0.246,8.1,472.9,557.7,585.3,497.1,88.2,15.07,Moderate (10-25%)
2027-02-11 14:00:00,Shift_2_Evening,BAL_SOUTH_PIT,21.8005,80.1901,17,20,3,14,0.81,8.01,20.3,21.6,65.3,28.4,0.267,23.0,555.5,468.0,542.1,507.6,34.5,6.36,Normal (<10%)
2027-02-11 22:00:00,Shift_3_Night,UKWA_EXTENSION,21.7932,80.2015,18,21,3,16,1.68,7.46,22.2,31.2,77.4,24.5,0.324,23.0,477.3,404.4,483.8,349.5,134.3,27.76,Critical (>25%)
2027-02-12 06:00:00,Shift_1_Morning,BAL_NORTH_PIT,21.8121,80.1843,19,20,4,16,1.38,7.89,21.1,19.7,54.4,25.8,0.252,17.5,441.5,423.2,503.5,419.6,83.9,16.66,Moderate (10-25%)
2027-02-12 14:00:00,Shift_2_Evening,BAL_DEEP_LEVEL_3,21.8064,80.1876,25,26,3,16,1.32,8.01,21.8,15.8,72.4,26.6,0.218,20.9,492.1,472.2,416.8,387.0,29.8,7.15,Normal (<10%)
2027-02-12 22:00:00,Shift_3_Night,BAL_SOUTH_PIT,21.8005,80.1901,22,23,4,14,0.93,7.51,19.9,3.2,56.5,31.1,0.214,2.5,551.5,499.7,596.9,506.8,90.1,15.09,Moderate (10-25%)
2027-02-13 06:00:00,Shift_1_Morning,BAL_SOUTH_PIT,21.8005,80.1901,24,24,3,14,0.88,7.59,20.6,11.8,65.8,29.2,0.266,8.7,512.2,501.5,533.3,452.8,80.5,15.09,Moderate (10-25%)
2027-02-13 14:00:00,Shift_2_Evening,UKWA_EXTENSION,21.7932,80.2015,23,23,3,12,0.84,8.01,20.7,9.8,59.0,27.9,0.222,8.0,442.1,519.3,457.1,384.4,72.7,15.9,Moderate (10-25%)
2027-02-13 22:00:00,Shift_3_Night,BAL_DEEP_LEVEL_3,21.8064,80.1876,17,18,4,14,0.0,8.12,19.3,14.0,71.9,27.0,0.219,8.8,419.6,448.4,517.2,493.9,23.3,4.51,Normal (<10%)
2027-02-14 06:00:00,Shift_1_Morning,BAL_DEEP_LEVEL_3,21.8064,80.1876,17,18,3,12,1.25,7.5,21.6,4.4,61.2,29.4,0.167,1.3,388.4,496.8,421.9,312.1,109.8,26.03,Critical (>25%)
2027-02-14 14:00:00,Shift_2_Evening,BAL_DEEP_LEVEL_3,21.8064,80.1876,25,26,4,16,0.96,7.99,20.8,3.8,59.3,31.0,0.137,0.0,452.3,334.3,593.2,508.3,84.9,14.31,Moderate (10-25%)
2027-02-14 22:00:00,Shift_3_Night,BAL_DEEP_LEVEL_3,21.8064,80.1876,24,24,4,12,0.61,7.61,20.1,9.2,69.6,28.6,0.209,0.9,417.9,506.7,435.0,354.0,81.0,18.62,Moderate (10-25%)
2027-02-15 06:00:00,Shift_1_Morning,BAL_NORTH_PIT,21.8121,80.1843,19,19,4,14,0.0,7.4,20.1,8.5,67.4,25.7,0.205,8.6,530.3,394.1,529.6,453.7,75.9,14.33,Moderate (10-25%)
2027-02-15 14:00:00,Shift_2_Evening,BAL_DEEP_LEVEL_3,21.8064,80.1876,25,26,3,15,1.19,7.78,21.2,12.2,62.1,32.2,0.136,6.7,508.9,414.6,449.1,414.4,34.7,7.73,Normal (<10%)
2027-02-15 22:00:00,Shift_3_Night,BAL_SOUTH_PIT,21.8005,80.1901,24,24,4,12,1.7,8.04,19.5,6.2,57.0,31.2,0.139,10.5,423.1,482.2,543.5,481.4,62.1,11.43,Moderate (10-25%)
2027-02-16 06:00:00,Shift_1_Morning,BAL_SOUTH_PIT,21.8005,80.1901,17,18,4,16,0.4,7.54,21.7,3.4,55.7,28.0,0.131,5.3,551.7,564.4,555.4,495.0,60.4,10.88,Moderate (10-25%)
2027-02-16 14:00:00,Shift_2_Evening,BAL_NORTH_PIT,21.8121,80.1843,22,24,4,16,0.54,7.55,20.8,3.8,69.1,28.9,0.211,6.5,387.4,567.9,534.7,463.2,71.5,13.37,Moderate (10-25%)
2027-02-16 22:00:00,Shift_3_Night,BAL_SOUTH_PIT,21.8005,80.1901,21,21,3,12,1.77,8.19,19.2,2.0,64.7,30.7,0.212,3.4,345.3,347.3,522.9,448.8,74.1,14.17,Moderate (10-25%)
2027-02-17 06:00:00,Shift_1_Morning,BAL_SOUTH_PIT,21.8005,80.1901,22,23,3,14,1.14,7.58,19.2,5.4,63.6,30.8,0.206,13.4,559.0,460.8,578.5,536.3,42.2,7.29,Normal (<10%)
2027-02-17 14:00:00,Shift_2_Evening,BAL_DEEP_LEVEL_3,21.8064,80.1876,20,22,4,15,0.0,7.84,21.2,17.9,69.5,24.2,0.25,16.7,408.4,433.2,415.7,374.7,41.0,9.86,Normal (<10%)
2027-02-17 22:00:00,Shift_3_Night,BAL_SOUTH_PIT,21.8005,80.1901,26,26,3,12,0.71,8.14,20.5,9.2,53.8,30.5,0.169,10.1,392.0,404.6,466.2,401.8,64.4,13.81,Moderate (10-25%)
2027-02-18 06:00:00,Shift_1_Morning,BAL_NORTH_PIT,21.8121,80.1843,23,24,3,16,0.08,7.97,20.6,0.0,59.4,29.1,0.187,8.3,402.2,459.9,449.7,427.8,21.9,4.87,Normal (<10%)
2027-02-18 14:00:00,Shift_2_Evening,BAL_DEEP_LEVEL_3,21.8064,80.1876,23,24,4,14,1.03,7.51,18.5,6.2,62.2,29.7,0.22,10.8,588.3,597.3,597.6,532.7,64.9,10.86,Moderate (10-25%)
2027-02-18 22:00:00,Shift_3_Night,UKWA_EXTENSION,21.7932,80.2015,20,20,4,12,0.0,7.37,20.7,9.2,69.1,27.6,0.256,6.1,501.2,494.8,477.9,417.3,60.6,12.68,Moderate (10-25%)
2027-02-19 06:00:00,Shift_1_Morning,BAL_DEEP_LEVEL_3,21.8064,80.1876,21,25,3,12,1.56,8.05,17.6,2.2,54.5,31.7,0.172,0.0,499.2,487.5,546.5,452.1,94.4,17.27,Moderate (10-25%)
2027-02-19 14:00:00,Shift_2_Evening,BAL_NORTH_PIT,21.8121,80.1843,23,24,4,14,1.01,7.93,21.5,7.6,68.8,28.0,0.224,12.5,526.1,438.7,536.9,470.5,66.4,12.37,Moderate (10-25%)
2027-02-19 22:00:00,Shift_3_Night,BAL_DEEP_LEVEL_3,21.8064,80.1876,21,23,3,12,1.49,8.01,19.0,3.7,70.3,31.1,0.181,11.7,364.6,325.5,442.4,369.1,73.3,16.57,Moderate (10-25%)
2027-02-20 06:00:00,Shift_1_Morning,BAL_DEEP_LEVEL_3,21.8064,80.1876,21,21,3,16,1.24,7.47,19.5,1.5,53.3,28.2,0.164,3.9,415.5,555.0,447.8,362.3,85.5,19.09,Moderate (10-25%)
2027-02-20 14:00:00,Shift_2_Evening,BAL_NORTH_PIT,21.8121,80.1843,19,20,4,14,0.38,8.19,19.2,14.8,66.0,30.7,0.246,14.9,437.4,539.6,456.3,440.3,16.0,3.51,Normal (<10%)
2027-02-20 22:00:00,Shift_3_Night,BAL_DEEP_LEVEL_3,21.8064,80.1876,19,19,4,14,0.63,8.2,21.2,9.6,68.4,33.2,0.273,11.2,413.5,395.7,482.2,407.2,75.0,15.55,Moderate (10-25%)
2027-02-21 06:00:00,Shift_1_Morning,BAL_NORTH_PIT,21.8121,80.1843,25,25,4,14,1.45,8.0,21.1,7.8,67.9,26.1,0.217,13.9,506.0,466.1,446.9,438.4,8.5,1.9,Normal (<10%)
2027-02-21 14:00:00,Shift_2_Evening,BAL_NORTH_PIT,21.8121,80.1843,25,25,4,16,0.91,7.51,21.1,23.8,57.2,26.0,0.296,30.5,531.9,363.4,403.9,322.7,81.2,20.1,Moderate (10-25%)
2027-02-21 22:00:00,Shift_3_Night,UKWA_EXTENSION,21.7932,80.2015,22,22,3,12,1.21,7.96,20.3,4.3,64.5,27.0,0.197,4.8,546.9,597.6,575.9,533.0,42.9,7.45,Normal (<10%)
2027-02-22 06:00:00,Shift_1_Morning,BAL_SOUTH_PIT,21.8005,80.1901,24,24,3,12,0.08,7.61,19.8,12.1,64.8,29.6,0.305,22.8,356.9,453.9,593.1,509.7,83.4,14.06,Moderate (10-25%)
2027-02-22 14:00:00,Shift_2_Evening,BAL_SOUTH_PIT,21.8005,80.1901,26,26,3,14,0.27,7.47,20.9,3.3,61.0,30.5,0.239,14.3,421.9,431.8,468.3,415.5,52.8,11.27,Moderate (10-25%)
2027-02-22 22:00:00,Shift_3_Night,BAL_DEEP_LEVEL_3,21.8064,80.1876,20,21,3,16,0.91,7.96,20.0,4.6,72.9,28.5,0.183,12.3,522.7,446.4,467.7,457.1,10.6,2.27,Normal (<10%)
2027-02-23 06:00:00,Shift_1_Morning,BAL_DEEP_LEVEL_3,21.8064,80.1876,23,24,4,16,1.04,8.1,20.8,7.3,61.7,30.0,0.22,10.0,465.6,430.7,401.4,350.8,50.6,12.61,Moderate (10-25%)
2027-02-23 14:00:00,Shift_2_Evening,UKWA_EXTENSION,21.7932,80.2015,18,19,4,16,0.86,7.95,21.1,5.7,64.4,29.1,0.177,13.9,480.6,544.7,536.1,482.9,53.2,9.92,Normal (<10%)
2027-02-23 22:00:00,Shift_3_Night,UKWA_EXTENSION,21.7932,80.2015,20,21,4,14,0.27,7.5,20.5,2.6,62.0,28.7,0.216,0.6,380.6,395.2,565.1,471.0,94.1,16.65,Moderate (10-25%)
2027-02-24 06:00:00,Shift_1_Morning,UKWA_EXTENSION,21.7932,80.2015,27,27,2,12,0.84,7.34,20.4,5.6,63.8,26.8,0.19,1.3,348.1,466.6,429.3,326.0,103.3,24.06,Moderate (10-25%)
2027-02-24 14:00:00,Shift_2_Evening,BAL_NORTH_PIT,21.8121,80.1843,19,20,4,15,0.4,7.57,21.7,8.2,68.0,29.6,0.306,3.3,423.9,555.9,431.9,372.5,59.4,13.75,Moderate (10-25%)
2027-02-24 22:00:00,Shift_3_Night,UKWA_EXTENSION,21.7932,80.2015,19,19,3,12,0.03,8.19,19.4,9.5,68.6,33.2,0.239,6.5,538.1,596.9,558.0,551.3,6.7,1.2,Normal (<10%)
2027-02-25 06:00:00,Shift_1_Morning,UKWA_EXTENSION,21.7932,80.2015,20,20,4,16,0.17,7.57,22.4,3.9,59.0,30.5,0.198,6.0,456.8,542.7,523.3,455.8,67.5,12.9,Moderate (10-25%)
2027-02-25 14:00:00,Shift_2_Evening,BAL_DEEP_LEVEL_3,21.8064,80.1876,20,22,4,15,1.42,8.15,23.4,19.3,67.2,29.5,0.248,14.0,537.2,550.6,409.0,357.9,51.1,12.49,Moderate (10-25%)
2027-02-25 22:00:00,Shift_3_Night,UKWA_EXTENSION,21.7932,80.2015,21,22,3,14,0.37,7.92,18.3,5.2,63.0,30.5,0.145,3.5,552.6,525.3,524.5,506.2,18.3,3.49,Normal (<10%)
2027-02-26 06:00:00,Shift_1_Morning,BAL_NORTH_PIT,21.8121,80.1843,23,24,4,14,0.36,8.02,22.2,10.6,56.7,26.2,0.228,2.3,484.6,456.9,461.8,434.1,27.7,6.0,Normal (<10%)
2027-02-26 14:00:00,Shift_2_Evening,BAL_NORTH_PIT,21.8121,80.1843,20,22,3,14,1.65,7.41,22.3,14.9,61.8,25.7,0.311,18.6,460.4,299.6,473.7,342.1,131.6,27.78,Critical (>25%)
2027-02-26 22:00:00,Shift_3_Night,BAL_DEEP_LEVEL_3,21.8064,80.1876,22,23,3,11,0.92,7.48,18.7,7.1,67.1,27.5,0.216,15.8,282.7,400.6,553.9,463.5,90.4,16.32,Moderate (10-25%)
2027-02-27 06:00:00,Shift_1_Morning,UKWA_EXTENSION,21.7932,80.2015,20,22,4,14,1.53,7.58,19.9,8.7,61.0,29.5,0.182,4.5,604.9,562.5,562.2,516.6,45.6,8.11,Normal (<10%)
2027-02-27 14:00:00,Shift_2_Evening,UKWA_EXTENSION,21.7932,80.2015,25,26,4,14,1.93,8.01,21.1,9.1,76.4,29.0,0.187,14.2,498.2,511.9,480.1,390.5,89.6,18.66,Moderate (10-25%)
2027-02-27 22:00:00,Shift_3_Night,BAL_NORTH_PIT,21.8121,80.1843,19,20,3,16,0.29,7.36,20.8,8.3,69.0,27.2,0.262,10.0,331.5,417.6,589.4,482.4,107.0,18.15,Moderate (10-25%)
2027-02-28 06:00:00,Shift_1_Morning,UKWA_EXTENSION,21.7932,80.2015,25,25,3,14,0.6,7.37,19.3,10.5,66.9,25.4,0.252,16.2,407.7,421.2,481.3,401.4,79.9,16.6,Moderate (10-25%)
2027-02-28 14:00:00,Shift_2_Evening,UKWA_EXTENSION,21.7932,80.2015,23,24,4,11,0.93,7.86,21.1,5.1,70.2,27.5,0.155,5.8,372.8,460.8,554.4,490.9,63.5,11.45,Moderate (10-25%)
2027-02-28 22:00:00,Shift_3_Night,UKWA_EXTENSION,21.7932,80.2015,22,24,3,14,0.02,8.05,21.6,6.6,66.5,28.5,0.265,5.6,543.6,513.3,496.8,483.2,13.6,2.74,Normal (<10%)
2027-03-01 06:00:00,Shift_1_Morning,BAL_SOUTH_PIT,21.8005,80.1901,17,18,4,12,0.49,7.71,19.1,11.7,66.8,32.1,0.278,15.0,527.9,439.2,579.5,543.1,36.4,6.28,Normal (<10%)
2027-03-01 14:00:00,Shift_2_Evening,BAL_DEEP_LEVEL_3,21.8064,80.1876,21,22,3,14,0.62,8.14,20.3,9.8,57.9,33.3,0.29,10.4,563.6,463.9,581.6,552.3,29.3,5.04,Normal (<10%)
2027-03-01 22:00:00,Shift_3_Night,BAL_SOUTH_PIT,21.8005,80.1901,20,21,4,12,0.3,7.31,21.1,4.6,64.3,29.5,0.146,3.1,468.0,383.8,417.5,333.3,84.2,20.17,Moderate (10-25%)
2027-03-02 06:00:00,Shift_1_Morning,BAL_DEEP_LEVEL_3,21.8064,80.1876,24,26,4,16,0.25,8.14,22.4,9.5,71.7,34.6,0.229,9.6,573.2,568.8,587.3,550.8,36.5,6.21,Normal (<10%)
2027-03-02 14:00:00,Shift_2_Evening,BAL_NORTH_PIT,21.8121,80.1843,19,22,4,14,0.66,8.09,20.3,17.1,63.1,34.3,0.259,21.6,513.9,511.2,565.1,549.5,15.6,2.76,Normal (<10%)
2027-03-02 22:00:00,Shift_3_Night,UKWA_EXTENSION,21.7932,80.2015,25,26,3,13,0.7,7.35,21.0,19.2,57.4,27.2,0.217,15.6,440.3,408.1,558.3,430.2,128.1,22.94,Moderate (10-25%)
2027-03-03 06:00:00,Shift_1_Morning,BAL_DEEP_LEVEL_3,21.8064,80.1876,20,22,3,14,1.06,7.97,21.4,13.1,60.3,28.1,0.255,18.5,347.3,465.4,440.2,387.0,53.2,12.09,Moderate (10-25%)
2027-03-03 14:00:00,Shift_2_Evening,BAL_SOUTH_PIT,21.8005,80.1901,18,20,3,14,0.56,8.11,20.5,11.9,73.7,30.7,0.225,5.7,382.6,363.4,561.0,519.2,41.8,7.45,Normal (<10%)
2027-03-03 22:00:00,Shift_3_Night,UKWA_EXTENSION,21.7932,80.2015,24,25,3,14,0.48,8.06,20.8,16.8,66.9,29.8,0.269,17.1,434.2,459.7,570.0,525.3,44.7,7.84,Normal (<10%)
2027-03-04 06:00:00,Shift_1_Morning,BAL_NORTH_PIT,21.8121,80.1843,22,22,3,12,0.59,7.37,22.7,10.8,71.0,29.4,0.22,10.3,502.1,399.4,457.8,384.4,73.4,16.03,Moderate (10-25%)
2027-03-04 14:00:00,Shift_2_Evening,BAL_DEEP_LEVEL_3,21.8064,80.1876,17,19,3,14,0.32,8.06,23.0,9.9,65.1,31.5,0.262,6.2,437.5,553.0,590.5,536.0,54.5,9.23,Normal (<10%)
2027-03-04 22:00:00,Shift_3_Night,BAL_DEEP_LEVEL_3,21.8064,80.1876,16,18,4,16,0.5,7.79,20.2,9.0,60.4,27.2,0.145,7.8,531.1,378.7,410.0,365.5,44.5,10.85,Moderate (10-25%)
2027-03-05 06:00:00,Shift_1_Morning,BAL_DEEP_LEVEL_3,21.8064,80.1876,18,19,4,12,0.89,7.48,20.4,16.1,77.3,31.5,0.277,12.7,461.3,440.0,430.0,388.2,41.8,9.72,Normal (<10%)
2027-03-05 14:00:00,Shift_2_Evening,UKWA_EXTENSION,21.7932,80.2015,23,25,4,12,0.61,7.61,22.0,12.4,63.2,33.3,0.193,21.7,481.6,424.2,507.5,466.2,41.3,8.14,Normal (<10%)
2027-03-05 22:00:00,Shift_3_Night,BAL_SOUTH_PIT,21.8005,80.1901,18,20,3,14,0.41,8.0,19.9,7.6,62.3,33.7,0.229,14.2,540.3,394.3,515.2,505.2,10.0,1.94,Normal (<10%)
2027-03-06 06:00:00,Shift_1_Morning,BAL_SOUTH_PIT,21.8005,80.1901,17,18,3,12,0.59,7.95,18.4,5.3,64.7,29.1,0.193,16.4,375.1,532.0,529.0,480.6,48.4,9.15,Normal (<10%)
2027-03-06 14:00:00,Shift_2_Evening,BAL_DEEP_LEVEL_3,21.8064,80.1876,24,26,3,10,1.52,8.09,22.9,23.0,66.7,32.1,0.271,23.6,400.5,370.9,403.4,322.9,80.5,19.96,Moderate (10-25%)
2027-03-06 22:00:00,Shift_3_Night,BAL_NORTH_PIT,21.8121,80.1843,23,26,3,16,0.75,7.6,20.5,10.7,67.3,32.7,0.234,0.9,543.2,425.0,592.1,516.1,76.0,12.84,Moderate (10-25%)
2027-03-07 06:00:00,Shift_1_Morning,BAL_NORTH_PIT,21.8121,80.1843,17,19,2,12,0.0,8.13,20.2,14.2,68.6,31.6,0.297,13.6,408.9,505.9,408.9,373.8,35.1,8.58,Normal (<10%)
2027-03-07 14:00:00,Shift_2_Evening,BAL_SOUTH_PIT,21.8005,80.1901,18,18,2,14,0.67,7.59,17.9,8.0,65.7,32.9,0.204,6.7,430.8,350.7,428.6,387.8,40.8,9.52,Normal (<10%)
2027-03-07 22:00:00,Shift_3_Night,BAL_NORTH_PIT,21.8121,80.1843,22,23,4,15,0.44,7.61,20.5,5.1,59.1,33.1,0.165,14.8,391.5,392.5,402.8,349.4,53.4,13.26,Moderate (10-25%)
2027-03-08 06:00:00,Shift_1_Morning,BAL_SOUTH_PIT,21.8005,80.1901,22,24,4,15,0.69,8.07,20.2,0.7,53.0,33.7,0.149,6.7,408.3,432.8,513.4,474.1,39.3,7.65,Normal (<10%)
2027-03-08 14:00:00,Shift_2_Evening,BAL_DEEP_LEVEL_3,21.8064,80.1876,18,18,3,16,0.82,8.03,19.5,3.5,57.8,34.0,0.157,8.0,429.9,461.2,586.5,527.8,58.7,10.01,Moderate (10-25%)
2027-03-08 22:00:00,Shift_3_Night,BAL_SOUTH_PIT,21.8005,80.1901,20,22,4,16,0.0,7.51,22.0,20.3,64.5,27.2,0.343,21.9,404.7,449.3,533.2,397.9,135.3,25.38,Critical (>25%)
2027-03-09 06:00:00,Shift_1_Morning,BAL_SOUTH_PIT,21.8005,80.1901,25,25,4,16,0.91,7.98,20.3,4.2,62.6,34.1,0.157,4.1,511.1,651.4,564.5,556.8,7.7,1.36,Normal (<10%)
2027-03-09 14:00:00,Shift_2_Evening,BAL_DEEP_LEVEL_3,21.8064,80.1876,25,26,4,14,0.7,7.88,21.2,11.9,60.5,29.7,0.202,18.8,528.4,349.7,402.7,357.1,45.6,11.32,Moderate (10-25%)
2027-03-09 22:00:00,Shift_3_Night,BAL_NORTH_PIT,21.8121,80.1843,20,21,4,14,1.07,7.4,20.5,5.9,56.9,30.0,0.275,8.5,388.6,418.3,508.4,427.0,81.4,16.01,Moderate (10-25%)
2027-03-10 06:00:00,Shift_1_Morning,BAL_SOUTH_PIT,21.8005,80.1901,19,20,3,13,0.72,7.97,21.0,6.8,57.6,32.6,0.204,15.1,367.3,397.3,491.9,417.9,74.0,15.04,Moderate (10-25%)
2027-03-10 14:00:00,Shift_2_Evening,BAL_SOUTH_PIT,21.8005,80.1901,20,22,3,15,0.33,7.52,19.0,11.5,66.6,31.8,0.215,3.6,471.5,529.7,499.8,467.7,32.1,6.42,Normal (<10%)
2027-03-10 22:00:00,Shift_3_Night,BAL_DEEP_LEVEL_3,21.8064,80.1876,17,18,3,16,0.42,8.14,19.6,10.7,67.8,32.7,0.281,15.2,382.3,432.9,414.4,371.8,42.6,10.28,Moderate (10-25%)
2027-03-11 06:00:00,Shift_1_Morning,BAL_NORTH_PIT,21.8121,80.1843,24,26,3,16,1.02,7.5,20.2,6.7,60.3,30.9,0.165,4.8,398.3,394.6,536.9,433.4,103.5,19.28,Moderate (10-25%)
2027-03-11 14:00:00,Shift_2_Evening,BAL_SOUTH_PIT,21.8005,80.1901,25,27,4,11,1.1,7.6,23.0,26.4,67.7,31.7,0.317,23.7,492.7,529.9,500.6,410.3,90.3,18.04,Moderate (10-25%)
2027-03-11 22:00:00,Shift_3_Night,BAL_DEEP_LEVEL_3,21.8064,80.1876,20,21,3,14,0.71,8.11,20.0,3.7,65.2,32.0,0.19,0.0,504.3,494.6,553.0,482.4,70.6,12.77,Moderate (10-25%)
2027-03-12 06:00:00,Shift_1_Morning,BAL_SOUTH_PIT,21.8005,80.1901,23,23,3,12,0.35,7.48,21.9,8.7,64.7,30.8,0.232,13.3,442.1,496.1,497.1,421.2,75.9,15.27,Moderate (10-25%)
2027-03-12 14:00:00,Shift_2_Evening,UKWA_EXTENSION,21.7932,80.2015,18,18,4,16,1.09,7.56,22.5,6.4,69.7,30.4,0.215,9.1,366.9,401.5,429.9,356.8,73.1,17.0,Moderate (10-25%)
2027-03-12 22:00:00,Shift_3_Night,BAL_DEEP_LEVEL_3,21.8064,80.1876,16,18,4,12,0.13,7.98,20.4,7.0,62.9,31.7,0.168,4.2,509.1,498.4,529.7,500.0,29.7,5.61,Normal (<10%)
2027-03-13 06:00:00,Shift_1_Morning,BAL_NORTH_PIT,21.8121,80.1843,20,20,3,12,0.73,8.13,16.4,5.5,58.6,34.1,0.194,0.0,539.8,536.9,434.5,450.5,0.0,0.0,Normal (<10%)
2027-03-13 14:00:00,Shift_2_Evening,BAL_NORTH_PIT,21.8121,80.1843,18,18,3,14,0.16,8.06,20.5,13.4,71.3,29.6,0.249,12.1,304.4,316.8,574.5,485.9,88.6,15.42,Moderate (10-25%)
2027-03-13 22:00:00,Shift_3_Night,BAL_NORTH_PIT,21.8121,80.1843,21,21,4,14,0.5,7.38,19.8,11.1,63.7,28.1,0.247,12.0,549.8,510.1,522.6,421.6,101.0,19.33,Moderate (10-25%)
2027-03-14 06:00:00,Shift_1_Morning,BAL_NORTH_PIT,21.8121,80.1843,23,25,4,13,0.99,7.52,20.7,3.2,58.9,32.4,0.19,0.0,470.6,416.8,431.4,346.2,85.2,19.75,Moderate (10-25%)
2027-03-14 14:00:00,Shift_2_Evening,BAL_SOUTH_PIT,21.8005,80.1901,20,20,3,14,0.03,7.66,22.7,10.9,69.8,33.3,0.24,9.7,362.5,405.7,592.5,501.4,91.1,15.38,Moderate (10-25%)
2027-03-14 22:00:00,Shift_3_Night,BAL_SOUTH_PIT,21.8005,80.1901,17,18,3,12,1.14,7.98,21.7,7.4,71.8,28.2,0.254,12.8,511.1,452.1,503.7,472.4,31.3,6.21,Normal (<10%)
2027-03-15 06:00:00,Shift_1_Morning,BAL_NORTH_PIT,21.8121,80.1843,23,25,3,11,0.38,7.54,21.6,3.3,62.2,32.4,0.143,13.2,384.6,510.4,414.6,353.3,61.3,14.79,Moderate (10-25%)
2027-03-15 14:00:00,Shift_2_Evening,BAL_NORTH_PIT,21.8121,80.1843,22,24,3,13,0.69,7.55,20.5,1.2,58.8,32.7,0.233,4.2,524.3,430.7,525.4,451.0,74.4,14.16,Moderate (10-25%)
2027-03-15 22:00:00,Shift_3_Night,BAL_NORTH_PIT,21.8121,80.1843,19,20,4,12,0.54,7.9,22.3,4.2,70.3,31.6,0.231,11.1,505.6,525.2,450.6,425.0,25.6,5.68,Normal (<10%)
2027-03-16 06:00:00,Shift_1_Morning,BAL_SOUTH_PIT,21.8005,80.1901,18,19,3,12,1.64,7.55,20.4,2.2,63.6,34.2,0.154,6.6,558.4,579.5,560.7,471.8,88.9,15.86,Moderate (10-25%)
2027-03-16 14:00:00,Shift_2_Evening,BAL_NORTH_PIT,21.8121,80.1843,22,24,4,15,0.22,7.86,21.5,9.5,65.3,28.4,0.226,7.3,516.5,509.7,563.6,488.7,74.9,13.29,Moderate (10-25%)
2027-03-16 22:00:00,Shift_3_Night,BAL_NORTH_PIT,21.8121,80.1843,22,22,4,11,1.68,7.94,19.4,17.5,63.4,30.8,0.227,13.3,445.8,468.5,595.8,530.9,64.9,10.89,Moderate (10-25%)
2027-03-17 06:00:00,Shift_1_Morning,UKWA_EXTENSION,21.7932,80.2015,19,20,4,13,0.06,8.11,19.9,17.7,72.2,31.2,0.234,8.5,515.9,439.1,500.4,482.6,17.8,3.56,Normal (<10%)
2027-03-17 14:00:00,Shift_2_Evening,UKWA_EXTENSION,21.7932,80.2015,25,27,3,14,0.99,7.54,19.4,7.1,57.1,29.0,0.151,5.0,540.6,459.7,491.0,426.3,64.7,13.18,Moderate (10-25%)
2027-03-17 22:00:00,Shift_3_Night,BAL_NORTH_PIT,21.8121,80.1843,22,25,3,12,1.25,7.47,19.9,4.0,56.4,33.6,0.186,4.0,463.0,572.9,550.7,490.6,60.1,10.91,Moderate (10-25%)
2027-03-18 06:00:00,Shift_1_Morning,BAL_DEEP_LEVEL_3,21.8064,80.1876,19,19,4,14,1.45,7.54,19.6,8.8,73.4,32.3,0.231,10.9,440.6,474.9,426.5,350.0,76.5,17.94,Moderate (10-25%)
2027-03-18 14:00:00,Shift_2_Evening,BAL_NORTH_PIT,21.8121,80.1843,20,22,3,13,0.8,7.99,17.8,1.4,56.9,32.9,0.14,2.3,403.1,504.2,509.4,471.5,37.9,7.44,Normal (<10%)
2027-03-18 22:00:00,Shift_3_Night,UKWA_EXTENSION,21.7932,80.2015,23,24,4,11,1.8,8.0,19.7,5.7,66.3,32.3,0.157,13.6,531.3,517.8,509.2,435.3,73.9,14.51,Moderate (10-25%)
2027-03-19 06:00:00,Shift_1_Morning,BAL_DEEP_LEVEL_3,21.8064,80.1876,20,20,3,11,0.34,8.07,19.5,3.8,69.4,33.2,0.212,15.5,343.9,387.1,417.9,363.4,54.5,13.04,Moderate (10-25%)
2027-03-19 14:00:00,Shift_2_Evening,BAL_DEEP_LEVEL_3,21.8064,80.1876,20,20,3,12,1.92,7.43,18.3,3.4,63.3,31.1,0.207,4.7,548.3,428.0,483.6,388.7,94.9,19.62,Moderate (10-25%)
2027-03-19 22:00:00,Shift_3_Night,BAL_NORTH_PIT,21.8121,80.1843,20,21,4,14,0.85,7.5,18.9,4.1,58.2,32.0,0.212,6.5,604.0,485.3,570.7,517.7,53.0,9.29,Normal (<10%)
2027-03-20 06:00:00,Shift_1_Morning,UKWA_EXTENSION,21.7932,80.2015,20,22,3,15,0.21,7.47,20.5,8.6,66.6,30.2,0.239,15.1,451.7,483.1,571.2,473.7,97.5,17.07,Moderate (10-25%)
2027-03-20 14:00:00,Shift_2_Evening,UKWA_EXTENSION,21.7932,80.2015,24,26,4,16,0.4,7.34,19.2,13.7,71.8,28.2,0.241,17.2,438.7,442.3,419.8,350.0,69.8,16.63,Moderate (10-25%)
2027-03-20 22:00:00,Shift_3_Night,BAL_DEEP_LEVEL_3,21.8064,80.1876,20,23,3,11,0.57,7.41,20.8,5.5,64.3,29.6,0.159,9.1,523.7,419.7,418.1,348.8,69.3,16.57,Moderate (10-25%)
2027-03-21 06:00:00,Shift_1_Morning,BAL_NORTH_PIT,21.8121,80.1843,24,26,3,14,0.2,8.16,22.4,13.1,61.5,31.8,0.235,8.5,469.0,471.2,452.5,408.3,44.2,9.77,Normal (<10%)
2027-03-21 14:00:00,Shift_2_Evening,BAL_SOUTH_PIT,21.8005,80.1901,19,20,4,13,0.72,7.54,20.6,5.7,64.9,32.5,0.19,5.4,473.3,574.9,575.0,479.7,95.3,16.57,Moderate (10-25%)
2027-03-21 22:00:00,Shift_3_Night,BAL_SOUTH_PIT,21.8005,80.1901,23,23,3,11,1.12,7.87,19.2,0.0,53.8,32.3,0.168,1.7,528.2,518.7,425.8,377.6,48.2,11.32,Moderate (10-25%)
2027-03-22 06:00:00,Shift_1_Morning,UKWA_EXTENSION,21.7932,80.2015,22,22,3,15,1.36,7.85,18.9,2.8,57.9,28.7,0.242,11.0,502.0,465.9,544.0,458.7,85.3,15.68,Moderate (10-25%)
2027-03-22 14:00:00,Shift_2_Evening,BAL_SOUTH_PIT,21.8005,80.1901,22,24,3,12,2.17,7.49,21.3,8.4,62.9,30.6,0.232,11.5,416.7,510.8,420.2,324.1,96.1,22.87,Moderate (10-25%)
2027-03-22 22:00:00,Shift_3_Night,UKWA_EXTENSION,21.7932,80.2015,25,26,3,14,1.89,8.16,21.0,8.4,64.5,31.5,0.263,7.5,356.7,522.6,524.6,447.0,77.6,14.79,Moderate (10-25%)
2027-03-23 06:00:00,Shift_1_Morning,UKWA_EXTENSION,21.7932,80.2015,25,26,4,14,0.18,7.48,24.7,16.8,61.6,28.0,0.334,18.6,442.1,458.3,471.2,386.9,84.3,17.89,Moderate (10-25%)
2027-03-23 14:00:00,Shift_2_Evening,UKWA_EXTENSION,21.7932,80.2015,21,22,4,16,0.63,7.63,21.2,2.1,61.8,33.2,0.146,1.8,424.5,454.2,557.8,481.9,75.9,13.61,Moderate (10-25%)
2027-03-23 22:00:00,Shift_3_Night,BAL_SOUTH_PIT,21.8005,80.1901,20,20,4,12,0.11,8.04,21.1,5.8,67.2,32.8,0.276,5.8,459.2,400.0,446.7,441.8,4.9,1.1,Normal (<10%)
2027-03-24 06:00:00,Shift_1_Morning,UKWA_EXTENSION,21.7932,80.2015,22,22,3,16,1.39,7.55,21.8,4.4,60.9,30.9,0.2,12.5,516.6,480.2,527.8,410.2,117.6,22.28,Moderate (10-25%)
2027-03-24 14:00:00,Shift_2_Evening,BAL_DEEP_LEVEL_3,21.8064,80.1876,26,26,2,16,0.73,7.37,19.6,4.0,51.8,31.0,0.153,0.0,322.2,290.8,447.1,345.4,101.7,22.75,Moderate (10-25%)
2027-03-24 22:00:00,Shift_3_Night,BAL_NORTH_PIT,21.8121,80.1843,23,24,3,12,0.1,8.09,20.2,4.5,63.0,33.1,0.201,0.7,533.9,517.5,542.7,506.6,36.1,6.65,Normal (<10%)
2027-03-25 06:00:00,Shift_1_Morning,BAL_NORTH_PIT,21.8121,80.1843,26,27,3,14,1.25,7.97,21.0,15.6,73.9,30.6,0.242,6.7,458.0,579.1,574.7,506.6,68.1,11.85,Moderate (10-25%)
2027-03-25 14:00:00,Shift_2_Evening,UKWA_EXTENSION,21.7932,80.2015,19,21,4,15,0.79,8.09,20.8,3.8,65.1,34.5,0.176,8.3,552.3,506.9,425.4,411.9,13.5,3.17,Normal (<10%)
2027-03-25 22:00:00,Shift_3_Night,BAL_NORTH_PIT,21.8121,80.1843,19,20,4,11,1.19,7.92,20.8,7.5,64.2,30.1,0.285,4.5,506.7,558.6,573.3,489.3,84.0,14.65,Moderate (10-25%)
2027-03-26 06:00:00,Shift_1_Morning,BAL_SOUTH_PIT,21.8005,80.1901,24,25,4,16,0.63,8.02,18.9,10.8,63.0,32.5,0.271,5.2,495.9,595.7,518.7,494.1,24.6,4.74,Normal (<10%)
2027-03-26 14:00:00,Shift_2_Evening,BAL_SOUTH_PIT,21.8005,80.1901,17,19,4,14,0.87,8.04,21.1,23.3,70.0,31.8,0.293,15.4,450.4,558.1,425.4,393.4,32.0,7.52,Normal (<10%)
2027-03-26 22:00:00,Shift_3_Night,BAL_NORTH_PIT,21.8121,80.1843,17,20,4,14,1.36,7.48,18.0,8.2,63.7,33.2,0.193,17.5,455.6,461.5,485.5,407.0,78.5,16.17,Moderate (10-25%)
2027-03-27 06:00:00,Shift_1_Morning,BAL_SOUTH_PIT,21.8005,80.1901,17,19,3,11,0.15,7.54,19.0,6.6,66.2,31.6,0.169,4.4,426.2,345.5,432.2,363.0,69.2,16.01,Moderate (10-25%)
2027-03-27 14:00:00,Shift_2_Evening,BAL_NORTH_PIT,21.8121,80.1843,25,27,4,14,0.89,7.47,21.3,13.5,60.8,27.7,0.244,7.1,572.7,494.9,540.1,472.2,67.9,12.57,Moderate (10-25%)
2027-03-27 22:00:00,Shift_3_Night,BAL_NORTH_PIT,21.8121,80.1843,20,20,3,12,0.61,7.94,21.5,5.3,63.5,30.7,0.201,0.6,377.5,462.9,551.8,485.8,66.0,11.96,Moderate (10-25%)
2027-03-28 06:00:00,Shift_1_Morning,BAL_NORTH_PIT,21.8121,80.1843,17,18,4,13,0.31,7.66,19.3,4.1,58.5,35.5,0.152,8.7,426.3,360.7,421.2,381.9,39.3,9.33,Normal (<10%)
2027-03-28 14:00:00,Shift_2_Evening,UKWA_EXTENSION,21.7932,80.2015,26,27,4,12,0.21,8.1,23.1,8.7,67.4,29.8,0.295,7.6,600.3,519.7,501.2,479.6,21.6,4.31,Normal (<10%)
2027-03-28 22:00:00,Shift_3_Night,BAL_NORTH_PIT,21.8121,80.1843,17,18,4,14,0.16,7.42,21.6,15.6,57.3,29.1,0.332,16.2,409.0,561.7,562.9,470.4,92.5,16.43,Moderate (10-25%)
2027-03-29 06:00:00,Shift_1_Morning,UKWA_EXTENSION,21.7932,80.2015,18,19,4,12,0.03,8.06,18.8,2.6,59.2,30.4,0.146,19.3,563.5,477.5,587.2,542.1,45.1,7.68,Normal (<10%)
2027-03-29 14:00:00,Shift_2_Evening,BAL_NORTH_PIT,21.8121,80.1843,19,22,3,12,1.4,7.43,22.2,14.0,67.8,31.3,0.231,7.9,428.6,500.2,502.7,394.5,108.2,21.52,Moderate (10-25%)
2027-03-29 22:00:00,Shift_3_Night,BAL_NORTH_PIT,21.8121,80.1843,24,24,3,16,1.77,7.88,21.0,9.6,67.3,30.1,0.218,7.2,466.7,512.4,590.1,474.4,115.7,19.61,Moderate (10-25%)
2027-03-30 06:00:00,Shift_1_Morning,BAL_NORTH_PIT,21.8121,80.1843,18,18,3,13,1.11,8.1,19.5,5.8,63.1,32.3,0.186,5.7,456.4,430.7,507.1,438.7,68.4,13.49,Moderate (10-25%)
2027-03-30 14:00:00,Shift_2_Evening,BAL_SOUTH_PIT,21.8005,80.1901,20,21,3,12,0.48,7.83,21.6,5.8,52.3,29.6,0.236,9.2,534.9,532.6,478.8,430.3,48.5,10.13,Moderate (10-25%)
2027-03-30 22:00:00,Shift_3_Night,UKWA_EXTENSION,21.7932,80.2015,25,25,4,16,1.34,8.09,22.0,7.5,66.1,33.4,0.189,0.0,480.1,532.0,569.6,502.0,67.6,11.87,Moderate (10-25%)
2027-03-31 06:00:00,Shift_1_Morning,UKWA_EXTENSION,21.7932,80.2015,16,17,4,11,1.3,7.47,23.3,26.9,78.2,28.1,0.372,23.4,450.8,531.9,498.6,373.3,125.3,25.13,Critical (>25%)
2027-03-31 14:00:00,Shift_2_Evening,BAL_NORTH_PIT,21.8121,80.1843,18,20,3,16,1.61,7.48,21.3,10.4,61.4,30.7,0.289,12.6,439.9,548.7,494.4,396.0,98.4,19.9,Moderate (10-25%)
2027-03-31 22:00:00,Shift_3_Night,BAL_NORTH_PIT,21.8121,80.1843,21,21,3,16,0.97,8.04,19.5,7.7,61.2,33.5,0.188,0.7,482.5,585.7,498.1,446.2,51.9,10.42,Moderate (10-25%)
2027-04-01 06:00:00,Shift_1_Morning,BAL_SOUTH_PIT,21.8005,80.1901,17,18,4,16,0.38,8.06,20.3,9.9,67.6,33.8,0.215,10.6,443.7,560.4,569.4,516.3,53.1,9.33,Normal (<10%)
2027-04-01 14:00:00,Shift_2_Evening,BAL_SOUTH_PIT,21.8005,80.1901,17,18,2,12,0.65,7.92,20.6,16.5,71.7,31.0,0.316,22.8,487.1,476.5,566.4,504.4,62.0,10.95,Moderate (10-25%)
2027-04-01 22:00:00,Shift_3_Night,BAL_SOUTH_PIT,21.8005,80.1901,18,19,4,12,1.13,7.57,21.4,11.4,68.4,37.8,0.204,15.6,534.6,454.7,480.7,414.4,66.3,13.79,Moderate (10-25%)
2027-04-02 06:00:00,Shift_1_Morning,UKWA_EXTENSION,21.7932,80.2015,25,27,4,14,1.38,8.01,22.1,9.3,68.5,34.1,0.207,6.3,463.3,437.3,466.7,397.7,69.0,14.78,Moderate (10-25%)
2027-04-02 14:00:00,Shift_2_Evening,UKWA_EXTENSION,21.7932,80.2015,18,18,4,14,1.65,7.87,19.6,3.2,55.2,33.7,0.135,0.0,484.3,407.0,498.4,442.4,56.0,11.24,Moderate (10-25%)
2027-04-02 22:00:00,Shift_3_Night,UKWA_EXTENSION,21.7932,80.2015,22,24,4,16,0.92,7.48,20.7,5.4,61.4,33.3,0.211,8.6,491.4,538.0,514.6,430.5,84.1,16.34,Moderate (10-25%)
2027-04-03 06:00:00,Shift_1_Morning,BAL_NORTH_PIT,21.8121,80.1843,19,21,3,15,1.78,8.14,22.7,10.7,67.2,38.9,0.183,18.6,502.8,497.1,447.7,402.6,45.1,10.07,Moderate (10-25%)
2027-04-03 14:00:00,Shift_2_Evening,UKWA_EXTENSION,21.7932,80.2015,17,17,4,12,0.32,8.17,24.0,21.0,68.9,34.6,0.401,27.8,576.4,462.5,558.8,529.7,29.1,5.21,Normal (<10%)
2027-04-03 22:00:00,Shift_3_Night,BAL_DEEP_LEVEL_3,21.8064,80.1876,17,18,3,14,0.33,7.57,18.8,12.9,64.9,34.1,0.21,7.0,472.1,386.2,497.3,430.4,66.9,13.45,Moderate (10-25%)
2027-04-04 06:00:00,Shift_1_Morning,BAL_DEEP_LEVEL_3,21.8064,80.1876,26,26,3,14,0.48,7.88,22.5,7.0,63.5,33.8,0.187,20.1,460.6,395.8,466.8,397.7,69.1,14.8,Moderate (10-25%)
2027-04-04 14:00:00,Shift_2_Evening,BAL_SOUTH_PIT,21.8005,80.1901,20,23,4,12,1.28,8.05,19.4,10.1,62.0,33.7,0.199,11.6,430.1,402.5,421.4,377.1,44.3,10.51,Moderate (10-25%)
2027-04-04 22:00:00,Shift_3_Night,UKWA_EXTENSION,21.7932,80.2015,20,20,3,13,1.14,7.59,17.8,6.0,61.5,37.1,0.157,0.0,395.6,364.1,447.8,364.2,83.6,18.67,Moderate (10-25%)
2027-04-05 06:00:00,Shift_1_Morning,BAL_DEEP_LEVEL_3,21.8064,80.1876,16,17,4,13,0.22,8.07,21.2,5.0,58.0,37.0,0.23,5.1,576.4,550.9,589.9,533.2,56.7,9.61,Normal (<10%)
2027-04-05 14:00:00,Shift_2_Evening,BAL_SOUTH_PIT,21.8005,80.1901,19,20,4,16,0.8,7.58,19.1,4.7,58.8,38.8,0.162,1.9,380.0,504.7,461.0,400.6,60.4,13.1,Moderate (10-25%)
2027-04-05 22:00:00,Shift_3_Night,UKWA_EXTENSION,21.7932,80.2015,19,21,4,14,0.9,8.04,22.5,6.2,61.7,36.2,0.164,7.3,441.2,427.3,433.8,366.9,66.9,15.42,Moderate (10-25%)
2027-04-06 06:00:00,Shift_1_Morning,BAL_NORTH_PIT,21.8121,80.1843,16,17,4,16,0.83,7.99,19.8,6.5,63.0,34.6,0.177,1.3,518.9,496.0,492.1,413.8,78.3,15.91,Moderate (10-25%)
2027-04-06 14:00:00,Shift_2_Evening,BAL_DEEP_LEVEL_3,21.8064,80.1876,19,21,3,13,1.11,7.94,19.2,3.6,65.0,31.8,0.2,10.9,472.7,388.8,461.4,406.2,55.2,11.96,Moderate (10-25%)
2027-04-06 22:00:00,Shift_3_Night,BAL_NORTH_PIT,21.8121,80.1843,19,20,4,15,1.65,7.81,20.6,9.8,62.1,31.1,0.16,13.4,493.0,533.4,407.0,360.3,46.7,11.47,Moderate (10-25%)
2027-04-07 06:00:00,Shift_1_Morning,UKWA_EXTENSION,21.7932,80.2015,16,17,4,12,1.33,8.03,17.5,8.7,71.8,33.9,0.277,20.7,405.8,412.4,464.6,399.7,64.9,13.97,Moderate (10-25%)
2027-04-07 14:00:00,Shift_2_Evening,BAL_DEEP_LEVEL_3,21.8064,80.1876,17,18,4,16,0.08,7.52,20.2,4.3,68.3,35.0,0.227,6.0,405.8,509.8,508.8,434.4,74.4,14.62,Moderate (10-25%)
2027-04-07 22:00:00,Shift_3_Night,UKWA_EXTENSION,21.7932,80.2015,23,25,4,16,0.41,8.06,18.9,10.7,60.6,34.9,0.243,9.2,428.3,506.0,510.3,482.7,27.6,5.41,Normal (<10%)
2027-04-08 06:00:00,Shift_1_Morning,BAL_NORTH_PIT,21.8121,80.1843,24,25,4,16,1.22,7.87,20.9,3.4,62.0,34.5,0.163,0.0,466.9,497.7,471.3,406.9,64.4,13.66,Moderate (10-25%)
2027-04-08 14:00:00,Shift_2_Evening,BAL_DEEP_LEVEL_3,21.8064,80.1876,17,17,3,16,0.35,7.56,20.3,2.7,68.8,35.1,0.257,8.5,467.4,477.0,489.5,427.2,62.3,12.73,Moderate (10-25%)
2027-04-08 22:00:00,Shift_3_Night,BAL_NORTH_PIT,21.8121,80.1843,22,22,2,14,0.91,7.71,20.7,11.2,60.1,38.4,0.209,12.0,436.6,524.4,593.1,522.1,71.0,11.97,Moderate (10-25%)
2027-04-09 06:00:00,Shift_1_Morning,UKWA_EXTENSION,21.7932,80.2015,24,25,4,12,0.82,8.01,18.6,5.5,59.2,34.9,0.174,5.6,542.4,515.2,475.5,455.3,20.2,4.25,Normal (<10%)
2027-04-09 14:00:00,Shift_2_Evening,UKWA_EXTENSION,21.7932,80.2015,19,21,4,12,1.33,7.49,19.1,9.3,68.9,33.8,0.165,7.9,467.4,521.9,451.6,380.4,71.2,15.77,Moderate (10-25%)
2027-04-09 22:00:00,Shift_3_Night,BAL_NORTH_PIT,21.8121,80.1843,21,24,4,12,0.61,8.03,22.6,9.1,68.4,33.5,0.272,5.6,401.7,525.1,448.7,369.9,78.8,17.56,Moderate (10-25%)
2027-04-10 06:00:00,Shift_1_Morning,BAL_DEEP_LEVEL_3,21.8064,80.1876,21,25,4,12,1.54,7.7,19.2,2.4,67.1,38.5,0.212,10.2,398.3,526.2,491.6,424.2,67.4,13.71,Moderate (10-25%)
2027-04-10 14:00:00,Shift_2_Evening,BAL_NORTH_PIT,21.8121,80.1843,24,26,3,14,0.25,7.4,21.5,7.6,65.9,34.3,0.244,12.2,503.4,422.8,551.9,462.2,89.7,16.25,Moderate (10-25%)
2027-04-10 22:00:00,Shift_3_Night,UKWA_EXTENSION,21.7932,80.2015,24,24,4,13,0.58,8.02,20.8,15.1,65.8,32.6,0.315,13.6,467.9,537.0,441.2,407.2,34.0,7.71,Normal (<10%)
2027-04-11 06:00:00,Shift_1_Morning,BAL_NORTH_PIT,21.8121,80.1843,23,24,4,16,1.4,7.42,19.1,10.4,56.6,33.7,0.179,15.2,397.7,484.0,541.9,409.3,132.6,24.47,Moderate (10-25%)
2027-04-11 14:00:00,Shift_2_Evening,UKWA_EXTENSION,21.7932,80.2015,17,19,3,13,1.78,7.95,17.9,1.4,61.7,35.6,0.148,0.0,407.6,443.9,404.2,359.1,45.1,11.16,Moderate (10-25%)
2027-04-11 22:00:00,Shift_3_Night,BAL_NORTH_PIT,21.8121,80.1843,25,26,3,16,1.48,7.5,20.6,3.4,69.1,34.6,0.184,4.8,472.4,406.2,483.8,377.8,106.0,21.91,Moderate (10-25%)
2027-04-12 06:00:00,Shift_1_Morning,BAL_DEEP_LEVEL_3,21.8064,80.1876,23,24,4,11,0.89,7.63,21.1,8.9,69.5,34.3,0.218,5.5,507.9,448.0,555.2,485.2,70.0,12.61,Moderate (10-25%)
2027-04-12 14:00:00,Shift_2_Evening,BAL_DEEP_LEVEL_3,21.8064,80.1876,21,22,3,10,0.42,7.68,20.4,6.0,68.7,37.8,0.209,9.9,384.7,510.1,467.7,422.5,45.2,9.66,Normal (<10%)
2027-04-12 22:00:00,Shift_3_Night,BAL_NORTH_PIT,21.8121,80.1843,24,24,2,12,1.27,8.04,22.8,3.3,66.3,33.8,0.169,5.0,484.8,543.2,512.7,455.5,57.2,11.16,Moderate (10-25%)
2027-04-13 06:00:00,Shift_1_Morning,BAL_NORTH_PIT,21.8121,80.1843,16,18,3,12,0.92,7.96,19.4,12.6,74.1,31.9,0.168,13.7,458.1,397.3,441.0,398.2,42.8,9.71,Normal (<10%)
2027-04-13 14:00:00,Shift_2_Evening,BAL_DEEP_LEVEL_3,21.8064,80.1876,25,26,4,11,0.08,7.75,19.2,20.2,60.3,34.8,0.31,17.7,491.4,408.6,548.4,488.3,60.1,10.96,Moderate (10-25%)
2027-04-13 22:00:00,Shift_3_Night,UKWA_EXTENSION,21.7932,80.2015,21,22,3,11,1.15,7.96,19.8,5.2,63.8,34.1,0.215,1.0,496.2,432.0,410.5,347.1,63.4,15.44,Moderate (10-25%)
2027-04-14 06:00:00,Shift_1_Morning,BAL_DEEP_LEVEL_3,21.8064,80.1876,18,18,4,14,1.31,7.94,21.2,2.9,56.4,34.0,0.142,9.6,527.9,476.2,570.5,531.2,39.3,6.89,Normal (<10%)
2027-04-14 14:00:00,Shift_2_Evening,UKWA_EXTENSION,21.7932,80.2015,17,18,2,11,1.53,7.82,21.4,11.9,73.7,28.9,0.312,18.7,469.2,423.3,439.6,382.7,56.9,12.94,Moderate (10-25%)
2027-04-14 22:00:00,Shift_3_Night,BAL_NORTH_PIT,21.8121,80.1843,20,20,3,16,0.97,7.64,20.1,4.8,59.3,37.9,0.213,11.2,501.0,509.9,574.9,485.4,89.5,15.57,Moderate (10-25%)
2027-04-15 06:00:00,Shift_1_Morning,BAL_NORTH_PIT,21.8121,80.1843,20,20,4,11,0.81,8.1,21.0,3.5,66.7,36.7,0.167,3.7,492.8,548.4,470.5,385.1,85.4,18.15,Moderate (10-25%)
2027-04-15 14:00:00,Shift_2_Evening,UKWA_EXTENSION,21.7932,80.2015,21,22,4,12,0.77,7.74,18.8,4.0,58.9,40.1,0.17,5.4,434.0,364.1,544.5,490.0,54.5,10.01,Moderate (10-25%)
2027-04-15 22:00:00,Shift_3_Night,BAL_NORTH_PIT,21.8121,80.1843,25,26,3,16,0.5,7.36,20.2,4.9,65.2,31.8,0.198,13.5,416.8,543.9,463.8,354.1,109.7,23.65,Moderate (10-25%)
2027-04-16 06:00:00,Shift_1_Morning,UKWA_EXTENSION,21.7932,80.2015,22,22,3,10,0.37,7.65,20.7,9.3,63.7,36.3,0.197,6.9,339.8,351.6,581.2,501.2,80.0,13.76,Moderate (10-25%)
2027-04-16 14:00:00,Shift_2_Evening,BAL_SOUTH_PIT,21.8005,80.1901,18,19,3,14,0.32,7.51,17.4,3.2,60.9,36.7,0.122,13.0,462.4,396.3,425.3,361.3,64.0,15.05,Moderate (10-25%)
2027-04-16 22:00:00,Shift_3_Night,BAL_DEEP_LEVEL_3,21.8064,80.1876,19,19,4,14,0.38,7.58,19.7,7.9,65.4,34.1,0.201,15.1,533.7,397.9,435.7,387.9,47.8,10.97,Moderate (10-25%)
2027-04-17 06:00:00,Shift_1_Morning,BAL_SOUTH_PIT,21.8005,80.1901,18,19,4,16,1.05,7.84,22.0,12.9,70.2,30.2,0.257,20.6,428.7,526.0,498.6,408.8,89.8,18.01,Moderate (10-25%)
2027-04-17 14:00:00,Shift_2_Evening,UKWA_EXTENSION,21.7932,80.2015,17,17,4,12,0.6,8.15,20.5,4.2,62.4,38.2,0.26,7.8,465.6,468.7,416.4,390.1,26.3,6.32,Normal (<10%)
2027-04-17 22:00:00,Shift_3_Night,BAL_DEEP_LEVEL_3,21.8064,80.1876,20,20,3,16,0.55,7.58,23.2,17.0,71.8,33.7,0.294,4.4,341.6,411.6,439.2,330.7,108.5,24.7,Moderate (10-25%)
2027-04-18 06:00:00,Shift_1_Morning,UKWA_EXTENSION,21.7932,80.2015,18,19,4,12,0.11,8.0,20.2,8.0,68.3,34.2,0.194,13.8,447.2,533.2,588.8,545.7,43.1,7.32,Normal (<10%)
2027-04-18 14:00:00,Shift_2_Evening,BAL_DEEP_LEVEL_3,21.8064,80.1876,26,27,4,12,0.63,8.06,18.9,8.9,63.2,34.8,0.271,11.5,500.1,435.6,595.3,556.4,38.9,6.53,Normal (<10%)
2027-04-18 22:00:00,Shift_3_Night,BAL_DEEP_LEVEL_3,21.8064,80.1876,16,18,3,12,0.46,7.92,20.3,5.4,72.3,34.8,0.179,9.9,381.2,522.6,475.3,438.2,37.1,7.81,Normal (<10%)
2027-04-19 06:00:00,Shift_1_Morning,BAL_DEEP_LEVEL_3,21.8064,80.1876,17,20,4,17,1.04,7.94,21.7,10.6,68.7,32.9,0.258,24.3,376.5,419.5,584.7,480.1,104.6,17.89,Moderate (10-25%)
2027-04-19 14:00:00,Shift_2_Evening,BAL_DEEP_LEVEL_3,21.8064,80.1876,21,22,4,12,1.9,7.95,23.5,2.9,61.0,34.2,0.239,5.4,454.7,462.4,509.0,427.1,81.9,16.09,Moderate (10-25%)
2027-04-19 22:00:00,Shift_3_Night,UKWA_EXTENSION,21.7932,80.2015,18,18,4,12,0.26,7.81,22.1,7.6,68.8,30.6,0.334,6.9,399.1,469.4,453.9,393.8,60.1,13.24,Moderate (10-25%)
2027-04-20 06:00:00,Shift_1_Morning,BAL_DEEP_LEVEL_3,21.8064,80.1876,26,26,4,16,0.0,8.09,20.0,10.1,68.6,33.6,0.237,3.9,409.5,565.8,540.5,516.4,24.1,4.46,Normal (<10%)
2027-04-20 14:00:00,Shift_2_Evening,BAL_DEEP_LEVEL_3,21.8064,80.1876,24,26,4,14,0.44,7.62,19.8,8.6,66.0,37.0,0.207,15.3,477.7,466.0,531.8,474.2,57.6,10.83,Moderate (10-25%)
2027-04-20 22:00:00,Shift_3_Night,BAL_SOUTH_PIT,21.8005,80.1901,15,16,4,14,1.51,7.43,20.9,17.3,67.6,30.8,0.27,14.0,459.1,477.0,597.8,493.1,104.7,17.51,Moderate (10-25%)
2027-04-21 06:00:00,Shift_1_Morning,BAL_NORTH_PIT,21.8121,80.1843,23,24,3,16,1.28,7.53,21.1,3.3,44.7,34.9,0.159,8.9,477.4,531.5,453.0,360.0,93.0,20.53,Moderate (10-25%)
2027-04-21 14:00:00,Shift_2_Evening,BAL_NORTH_PIT,21.8121,80.1843,17,18,3,14,0.73,7.97,19.9,4.5,57.0,33.1,0.177,11.5,431.7,437.6,534.4,476.4,58.0,10.85,Moderate (10-25%)
2027-04-21 22:00:00,Shift_3_Night,BAL_SOUTH_PIT,21.8005,80.1901,21,23,4,13,1.11,8.03,17.9,15.0,67.9,32.5,0.214,20.1,459.9,509.0,410.4,377.6,32.8,7.99,Normal (<10%)
2027-04-22 06:00:00,Shift_1_Morning,BAL_SOUTH_PIT,21.8005,80.1901,24,27,3,14,0.96,7.44,22.2,16.1,61.4,29.5,0.264,1.5,534.6,499.9,422.7,373.0,49.7,11.76,Moderate (10-25%)
2027-04-22 14:00:00,Shift_2_Evening,UKWA_EXTENSION,21.7932,80.2015,19,20,4,17,1.58,7.91,18.6,6.9,66.4,31.8,0.209,4.7,551.9,382.5,400.8,380.7,20.1,5.01,Normal (<10%)
2027-04-22 22:00:00,Shift_3_Night,UKWA_EXTENSION,21.7932,80.2015,20,20,3,10,0.82,8.11,20.6,5.9,67.6,35.7,0.231,6.0,459.7,410.8,599.9,507.4,92.5,15.42,Moderate (10-25%)
2027-04-23 06:00:00,Shift_1_Morning,UKWA_EXTENSION,21.7932,80.2015,16,17,3,11,0.41,7.49,22.2,24.1,66.6,33.7,0.266,12.7,489.7,507.9,560.5,456.3,104.2,18.59,Moderate (10-25%)
2027-04-23 14:00:00,Shift_2_Evening,BAL_SOUTH_PIT,21.8005,80.1901,19,20,4,12,0.62,7.7,22.4,16.6,56.0,37.1,0.189,13.0,587.5,388.3,557.3,429.7,127.6,22.9,Moderate (10-25%)
2027-04-23 22:00:00,Shift_3_Night,BAL_SOUTH_PIT,21.8005,80.1901,16,18,4,16,0.83,7.5,19.6,8.1,59.9,35.1,0.249,0.0,375.8,449.5,501.9,452.5,49.4,9.84,Normal (<10%)
2027-04-24 06:00:00,Shift_1_Morning,BAL_DEEP_LEVEL_3,21.8064,80.1876,20,23,3,14,1.78,7.91,21.9,4.2,65.7,35.2,0.197,9.5,512.2,418.9,460.0,394.4,65.6,14.26,Moderate (10-25%)
2027-04-24 14:00:00,Shift_2_Evening,UKWA_EXTENSION,21.7932,80.2015,19,20,3,16,0.36,8.12,23.4,19.2,73.0,31.1,0.239,15.1,539.5,470.9,430.3,402.1,28.2,6.55,Normal (<10%)
2027-04-24 22:00:00,Shift_3_Night,UKWA_EXTENSION,21.7932,80.2015,22,23,3,11,0.63,8.06,19.2,7.0,52.7,36.6,0.215,4.2,563.8,472.0,456.9,420.6,36.3,7.94,Normal (<10%)
2027-04-25 06:00:00,Shift_1_Morning,UKWA_EXTENSION,21.7932,80.2015,21,22,3,12,0.64,7.57,23.0,17.2,66.3,34.8,0.235,4.8,412.9,488.2,475.2,395.0,80.2,16.88,Moderate (10-25%)
2027-04-25 14:00:00,Shift_2_Evening,BAL_NORTH_PIT,21.8121,80.1843,26,27,4,12,1.11,7.62,21.4,2.8,54.8,38.3,0.173,17.0,426.9,546.3,551.3,475.9,75.4,13.68,Moderate (10-25%)
2027-04-25 22:00:00,Shift_3_Night,BAL_DEEP_LEVEL_3,21.8064,80.1876,19,20,3,13,1.36,7.93,20.5,14.8,67.0,30.0,0.281,11.4,523.5,493.0,507.9,424.1,83.8,16.5,Moderate (10-25%)
2027-04-26 06:00:00,Shift_1_Morning,UKWA_EXTENSION,21.7932,80.2015,18,19,4,14,1.71,7.49,19.3,7.3,61.7,34.2,0.201,13.2,446.8,532.5,415.5,327.3,88.2,21.23,Moderate (10-25%)
2027-04-26 14:00:00,Shift_2_Evening,UKWA_EXTENSION,21.7932,80.2015,23,24,3,12,1.33,7.48,20.7,4.7,74.7,33.2,0.217,5.4,323.9,434.7,403.6,313.1,90.5,22.42,Moderate (10-25%)
2027-04-26 22:00:00,Shift_3_Night,UKWA_EXTENSION,21.7932,80.2015,21,22,4,12,0.52,7.87,21.7,6.7,60.6,31.3,0.225,18.7,430.2,317.9,420.5,365.4,55.1,13.1,Moderate (10-25%)
2027-04-27 06:00:00,Shift_1_Morning,BAL_NORTH_PIT,21.8121,80.1843,26,26,4,10,1.41,7.47,20.3,9.0,67.8,37.1,0.139,10.5,375.5,403.7,482.1,385.8,96.3,19.98,Moderate (10-25%)
2027-04-27 14:00:00,Shift_2_Evening,BAL_NORTH_PIT,21.8121,80.1843,18,18,4,11,0.48,7.63,20.6,4.2,67.0,36.4,0.154,6.9,459.5,454.8,586.6,512.7,73.9,12.6,Moderate (10-25%)
2027-04-27 22:00:00,Shift_3_Night,BAL_SOUTH_PIT,21.8005,80.1901,22,22,3,16,0.65,7.52,19.9,10.1,63.2,35.7,0.227,3.8,498.9,476.6,527.5,442.4,85.1,16.13,Moderate (10-25%)
2027-04-28 06:00:00,Shift_1_Morning,BAL_DEEP_LEVEL_3,21.8064,80.1876,19,20,3,12,1.13,7.87,20.4,7.2,65.8,32.6,0.258,20.0,465.5,495.3,560.4,481.7,78.7,14.04,Moderate (10-25%)
2027-04-28 14:00:00,Shift_2_Evening,BAL_SOUTH_PIT,21.8005,80.1901,24,27,4,15,0.49,7.84,19.6,11.2,63.8,30.4,0.202,9.4,523.6,427.4,493.3,440.7,52.6,10.66,Moderate (10-25%)
2027-04-28 22:00:00,Shift_3_Night,BAL_DEEP_LEVEL_3,21.8064,80.1876,27,27,4,12,1.23,7.67,19.4,8.8,59.6,36.6,0.216,11.3,440.8,514.4,472.3,420.9,51.4,10.88,Moderate (10-25%)
2027-04-29 06:00:00,Shift_1_Morning,BAL_NORTH_PIT,21.8121,80.1843,18,18,3,12,0.93,7.99,22.0,8.0,59.9,34.3,0.208,6.6,458.5,531.1,421.7,387.4,34.3,8.13,Normal (<10%)
2027-04-29 14:00:00,Shift_2_Evening,UKWA_EXTENSION,21.7932,80.2015,22,25,3,14,1.13,7.94,19.6,6.5,61.1,34.3,0.185,5.7,557.9,413.3,575.2,511.2,64.0,11.13,Moderate (10-25%)
2027-04-29 22:00:00,Shift_3_Night,BAL_SOUTH_PIT,21.8005,80.1901,21,22,3,16,0.54,7.97,20.2,12.7,58.3,34.3,0.203,13.4,332.0,489.5,556.6,474.7,81.9,14.71,Moderate (10-25%)
2027-04-30 06:00:00,Shift_1_Morning,UKWA_EXTENSION,21.7932,80.2015,16,18,2,11,0.89,7.35,20.2,8.4,59.9,34.9,0.116,0.0,433.8,405.8,433.6,334.6,99.0,22.83,Moderate (10-25%)
2027-04-30 14:00:00,Shift_2_Evening,BAL_SOUTH_PIT,21.8005,80.1901,20,22,4,15,1.71,8.14,20.1,2.3,59.4,39.1,0.156,16.2,443.7,367.0,502.5,455.0,47.5,9.45,Normal (<10%)
2027-04-30 22:00:00,Shift_3_Night,BAL_NORTH_PIT,21.8121,80.1843,21,22,2,11,0.44,7.46,18.5,4.0,63.8,35.0,0.22,6.6,412.3,451.4,497.5,420.3,77.2,15.52,Moderate (10-25%)
2027-05-01 06:00:00,Shift_1_Morning,BAL_NORTH_PIT,21.8121,80.1843,19,20,3,16,0.64,7.64,18.2,0.0,62.6,41.4,0.147,2.9,505.8,453.8,525.0,449.5,75.5,14.38,Moderate (10-25%)
2027-05-01 14:00:00,Shift_2_Evening,BAL_NORTH_PIT,21.8121,80.1843,25,26,3,14,1.09,8.01,20.3,8.3,64.6,37.6,0.27,9.5,532.6,487.8,589.2,536.3,52.9,8.98,Normal (<10%)
2027-05-01 22:00:00,Shift_3_Night,BAL_SOUTH_PIT,21.8005,80.1901,20,20,3,14,2.03,7.64,21.7,5.6,58.7,38.7,0.205,0.0,494.0,465.0,516.0,447.9,68.1,13.2,Moderate (10-25%)
2027-05-02 06:00:00,Shift_1_Morning,BAL_DEEP_LEVEL_3,21.8064,80.1876,24,25,3,11,0.71,8.03,20.8,2.3,64.6,35.8,0.204,7.1,512.9,497.7,508.0,442.9,65.1,12.81,Moderate (10-25%)
2027-05-02 14:00:00,Shift_2_Evening,BAL_SOUTH_PIT,21.8005,80.1901,22,24,3,16,1.35,8.09,21.4,13.5,68.3,36.6,0.248,16.3,520.5,484.5,410.1,367.9,42.2,10.29,Moderate (10-25%)
2027-05-02 22:00:00,Shift_3_Night,BAL_DEEP_LEVEL_3,21.8064,80.1876,19,19,3,11,1.25,7.57,19.8,11.7,62.5,35.6,0.197,12.0,490.4,405.0,412.6,337.0,75.6,18.32,Moderate (10-25%)
2027-05-03 06:00:00,Shift_1_Morning,BAL_SOUTH_PIT,21.8005,80.1901,22,23,4,14,1.32,7.56,21.1,9.7,60.3,36.0,0.262,13.5,363.2,435.4,437.5,349.0,88.5,20.23,Moderate (10-25%)
2027-05-03 14:00:00,Shift_2_Evening,BAL_SOUTH_PIT,21.8005,80.1901,21,24,3,12,0.81,8.03,23.0,10.6,61.8,37.2,0.216,13.9,427.6,516.5,406.5,363.6,42.9,10.55,Moderate (10-25%)
2027-05-03 22:00:00,Shift_3_Night,BAL_NORTH_PIT,21.8121,80.1843,19,19,4,12,1.32,7.98,19.2,7.4,61.6,36.3,0.187,2.8,518.9,431.3,548.7,509.0,39.7,7.24,Normal (<10%)
2027-05-04 06:00:00,Shift_1_Morning,UKWA_EXTENSION,21.7932,80.2015,17,19,4,16,1.47,8.19,19.2,6.0,68.4,40.6,0.234,10.4,577.1,551.5,544.7,496.3,48.4,8.89,Normal (<10%)
2027-05-04 14:00:00,Shift_2_Evening,UKWA_EXTENSION,21.7932,80.2015,19,20,3,16,1.0,7.91,19.3,12.2,68.2,35.1,0.202,12.4,498.2,488.3,427.2,386.2,41.0,9.6,Normal (<10%)
2027-05-04 22:00:00,Shift_3_Night,BAL_DEEP_LEVEL_3,21.8064,80.1876,21,24,3,12,0.71,7.5,21.8,18.4,65.9,35.9,0.209,21.5,559.0,489.4,567.2,476.5,90.7,15.99,Moderate (10-25%)
2027-05-05 06:00:00,Shift_1_Morning,UKWA_EXTENSION,21.7932,80.2015,26,26,4,16,1.0,7.5,21.3,7.6,74.3,34.5,0.26,15.3,395.3,453.4,431.0,357.1,73.9,17.15,Moderate (10-25%)
2027-05-05 14:00:00,Shift_2_Evening,BAL_SOUTH_PIT,21.8005,80.1901,21,22,4,13,1.59,7.54,21.2,8.8,63.8,36.0,0.176,10.3,496.4,453.8,460.2,396.6,63.6,13.82,Moderate (10-25%)
2027-05-05 22:00:00,Shift_3_Night,BAL_SOUTH_PIT,21.8005,80.1901,22,22,4,15,0.62,7.96,21.0,5.2,70.9,33.5,0.301,3.2,370.8,353.1,449.8,384.0,65.8,14.63,Moderate (10-25%)
2027-05-06 06:00:00,Shift_1_Morning,BAL_NORTH_PIT,21.8121,80.1843,22,26,4,14,1.0,7.53,19.0,10.3,71.3,36.8,0.291,12.7,395.3,388.7,474.5,407.3,67.2,14.16,Moderate (10-25%)
2027-05-06 14:00:00,Shift_2_Evening,BAL_NORTH_PIT,21.8121,80.1843,19,20,3,12,1.89,7.48,20.0,0.2,68.4,39.1,0.241,8.4,430.7,404.5,450.9,359.5,91.4,20.27,Moderate (10-25%)
2027-05-06 22:00:00,Shift_3_Night,UKWA_EXTENSION,21.7932,80.2015,15,16,2,12,1.24,7.34,20.6,7.5,64.1,34.9,0.201,8.6,404.7,439.4,497.8,411.9,85.9,17.26,Moderate (10-25%)
2027-05-07 06:00:00,Shift_1_Morning,BAL_DEEP_LEVEL_3,21.8064,80.1876,17,18,2,11,0.28,7.5,21.7,10.0,65.3,36.6,0.276,8.7,457.7,433.9,481.5,414.8,66.7,13.85,Moderate (10-25%)
2027-05-07 14:00:00,Shift_2_Evening,UKWA_EXTENSION,21.7932,80.2015,17,20,4,12,0.91,7.89,25.2,20.6,67.0,32.5,0.257,25.2,360.3,501.2,597.3,477.9,119.4,19.99,Moderate (10-25%)
2027-05-07 22:00:00,Shift_3_Night,UKWA_EXTENSION,21.7932,80.2015,21,22,4,12,0.54,7.33,22.1,21.3,71.7,31.6,0.281,15.9,498.9,420.1,411.2,349.1,62.1,15.1,Moderate (10-25%)
2027-05-08 06:00:00,Shift_1_Morning,UKWA_EXTENSION,21.7932,80.2015,17,18,1,14,0.45,7.51,22.6,19.0,62.1,37.2,0.25,14.3,404.4,446.5,428.4,341.1,87.3,20.38,Moderate (10-25%)
2027-05-08 14:00:00,Shift_2_Evening,UKWA_EXTENSION,21.7932,80.2015,25,26,4,15,0.71,7.55,20.1,6.6,63.7,37.0,0.26,12.9,429.8,411.0,410.6,343.6,67.0,16.32,Moderate (10-25%)
2027-05-08 22:00:00,Shift_3_Night,BAL_SOUTH_PIT,21.8005,80.1901,17,18,3,12,0.83,7.55,22.4,25.6,76.6,35.4,0.277,20.8,499.9,550.9,525.2,426.0,99.2,18.89,Moderate (10-25%)
2027-05-09 06:00:00,Shift_1_Morning,BAL_DEEP_LEVEL_3,21.8064,80.1876,23,27,3,14,1.35,8.06,20.2,13.5,68.9,38.0,0.254,13.4,537.9,532.7,410.9,356.4,54.5,13.26,Moderate (10-25%)
2027-05-09 14:00:00,Shift_2_Evening,BAL_SOUTH_PIT,21.8005,80.1901,17,19,4,16,1.09,7.81,21.8,15.1,69.5,34.3,0.232,9.6,524.2,483.5,567.3,434.0,133.3,23.5,Moderate (10-25%)
2027-05-09 22:00:00,Shift_3_Night,BAL_DEEP_LEVEL_3,21.8064,80.1876,22,22,4,11,0.87,7.36,17.7,4.3,56.2,35.6,0.205,9.3,476.4,354.8,502.4,416.4,86.0,17.12,Moderate (10-25%)
2027-05-10 06:00:00,Shift_1_Morning,BAL_NORTH_PIT,21.8121,80.1843,20,20,3,12,0.5,8.2,21.8,6.6,61.9,39.7,0.206,9.9,400.5,418.4,505.4,458.6,46.8,9.26,Normal (<10%)
2027-05-10 14:00:00,Shift_2_Evening,UKWA_EXTENSION,21.7932,80.2015,15,16,3,15,0.3,7.9,19.8,18.1,68.5,33.1,0.274,19.7,465.4,460.5,512.3,476.6,35.7,6.97,Normal (<10%)
2027-05-10 22:00:00,Shift_3_Night,BAL_SOUTH_PIT,21.8005,80.1901,18,18,4,13,1.13,8.06,20.4,14.2,64.4,37.6,0.22,10.1,532.9,546.0,434.2,377.3,56.9,13.1,Moderate (10-25%)
2027-05-11 06:00:00,Shift_1_Morning,BAL_DEEP_LEVEL_3,21.8064,80.1876,18,19,3,15,0.23,7.93,21.0,9.9,57.6,35.2,0.169,8.7,381.5,440.5,439.5,383.8,55.7,12.67,Moderate (10-25%)
2027-05-11 14:00:00,Shift_2_Evening,BAL_NORTH_PIT,21.8121,80.1843,24,26,3,12,0.12,7.51,18.8,4.4,66.4,37.6,0.215,6.7,501.2,430.7,463.8,407.7,56.1,12.1,Moderate (10-25%)
2027-05-11 22:00:00,Shift_3_Night,BAL_NORTH_PIT,21.8121,80.1843,18,18,3,16,0.45,7.94,19.9,2.2,67.2,37.7,0.186,12.0,458.3,389.2,518.7,486.8,31.9,6.15,Normal (<10%)
2027-05-12 06:00:00,Shift_1_Morning,UKWA_EXTENSION,21.7932,80.2015,24,24,3,13,0.47,8.06,20.4,10.7,62.0,35.5,0.17,12.6,384.5,394.8,442.0,400.6,41.4,9.37,Normal (<10%)
2027-05-12 14:00:00,Shift_2_Evening,BAL_DEEP_LEVEL_3,21.8064,80.1876,23,27,3,16,0.67,7.51,22.4,15.1,69.3,33.7,0.232,9.9,475.2,437.5,423.3,349.6,73.7,17.41,Moderate (10-25%)
2027-05-12 22:00:00,Shift_3_Night,BAL_SOUTH_PIT,21.8005,80.1901,24,26,3,14,0.7,7.46,18.9,0.7,71.5,36.8,0.197,11.1,435.7,370.0,594.0,508.1,85.9,14.46,Moderate (10-25%)
2027-05-13 06:00:00,Shift_1_Morning,UKWA_EXTENSION,21.7932,80.2015,23,27,4,16,0.3,7.39,20.6,2.1,69.9,36.4,0.232,12.1,465.4,447.8,404.4,350.5,53.9,13.33,Moderate (10-25%)
2027-05-13 14:00:00,Shift_2_Evening,BAL_SOUTH_PIT,21.8005,80.1901,22,24,4,16,0.0,7.53,20.6,1.7,61.3,38.1,0.217,2.9,543.7,403.1,560.5,481.7,78.8,14.06,Moderate (10-25%)
2027-05-13 22:00:00,Shift_3_Night,BAL_NORTH_PIT,21.8121,80.1843,23,23,3,16,1.16,7.88,20.1,5.0,57.7,33.9,0.261,2.9,580.4,398.9,557.6,532.7,24.9,4.47,Normal (<10%)
2027-05-14 06:00:00,Shift_1_Morning,BAL_SOUTH_PIT,21.8005,80.1901,21,22,3,12,0.4,7.54,19.5,5.0,64.1,38.9,0.236,0.0,448.3,360.6,459.4,365.7,93.7,20.4,Moderate (10-25%)
2027-05-14 14:00:00,Shift_2_Evening,BAL_SOUTH_PIT,21.8005,80.1901,21,22,4,15,1.43,8.26,20.7,5.0,74.7,42.0,0.233,12.5,471.4,547.4,427.1,397.0,30.1,7.05,Normal (<10%)
2027-05-14 22:00:00,Shift_3_Night,UKWA_EXTENSION,21.7932,80.2015,21,22,3,15,0.82,8.14,18.6,2.8,69.1,38.1,0.191,0.0,316.3,312.4,429.1,383.4,45.7,10.65,Moderate (10-25%)
2027-05-15 06:00:00,Shift_1_Morning,BAL_SOUTH_PIT,21.8005,80.1901,19,19,4,16,0.49,7.57,20.5,4.2,63.2,37.3,0.25,5.1,574.4,394.2,539.5,503.3,36.2,6.71,Normal (<10%)
2027-05-15 14:00:00,Shift_2_Evening,UKWA_EXTENSION,21.7932,80.2015,23,24,3,12,0.99,7.49,19.2,4.4,71.7,36.3,0.234,3.4,530.4,567.1,528.6,453.3,75.3,14.25,Moderate (10-25%)
2027-05-15 22:00:00,Shift_3_Night,BAL_NORTH_PIT,21.8121,80.1843,18,20,4,15,1.39,7.81,20.1,6.0,68.2,34.0,0.206,20.9,347.5,480.9,556.5,451.4,105.1,18.89,Moderate (10-25%)
2027-05-16 06:00:00,Shift_1_Morning,UKWA_EXTENSION,21.7932,80.2015,20,20,4,12,0.47,7.87,20.9,5.8,53.1,37.0,0.122,8.7,580.3,525.9,587.5,523.7,63.8,10.86,Moderate (10-25%)
2027-05-16 14:00:00,Shift_2_Evening,UKWA_EXTENSION,21.7932,80.2015,23,24,4,16,0.72,7.63,21.6,4.9,68.9,38.9,0.223,9.1,452.7,469.5,538.4,437.5,100.9,18.74,Moderate (10-25%)
2027-05-16 22:00:00,Shift_3_Night,BAL_DEEP_LEVEL_3,21.8064,80.1876,21,24,3,14,0.51,7.42,18.6,3.8,62.3,35.9,0.136,9.7,435.1,500.9,431.2,360.9,70.3,16.3,Moderate (10-25%)
2027-05-17 06:00:00,Shift_1_Morning,BAL_SOUTH_PIT,21.8005,80.1901,22,23,3,16,0.55,7.43,19.0,12.2,59.6,34.8,0.193,13.6,332.9,399.3,448.7,349.2,99.5,22.18,Moderate (10-25%)
2027-05-17 14:00:00,Shift_2_Evening,BAL_NORTH_PIT,21.8121,80.1843,17,18,3,12,0.75,7.98,19.1,12.0,64.8,34.1,0.183,9.1,509.0,405.1,568.4,495.9,72.5,12.76,Moderate (10-25%)
2027-05-17 22:00:00,Shift_3_Night,UKWA_EXTENSION,21.7932,80.2015,19,21,4,12,0.48,7.89,24.3,12.3,67.1,35.9,0.247,7.9,517.7,430.4,441.9,364.0,77.9,17.63,Moderate (10-25%)
2027-05-18 06:00:00,Shift_1_Morning,BAL_NORTH_PIT,21.8121,80.1843,20,23,4,12,0.81,7.38,20.3,8.8,59.3,36.0,0.208,8.7,514.1,489.9,414.5,361.4,53.1,12.81,Moderate (10-25%)
2027-05-18 14:00:00,Shift_2_Evening,BAL_DEEP_LEVEL_3,21.8064,80.1876,22,23,3,12,1.91,7.99,20.3,4.9,62.3,36.9,0.19,2.2,591.1,476.7,540.7,464.3,76.4,14.13,Moderate (10-25%)
2027-05-18 22:00:00,Shift_3_Night,BAL_SOUTH_PIT,21.8005,80.1901,19,21,3,15,0.0,7.41,21.5,9.8,62.2,35.5,0.205,16.7,500.3,512.7,480.5,420.8,59.7,12.42,Moderate (10-25%)
2027-05-19 06:00:00,Shift_1_Morning,UKWA_EXTENSION,21.7932,80.2015,22,22,4,12,1.09,7.93,22.1,6.9,67.0,35.6,0.211,0.7,521.9,453.4,584.0,509.6,74.4,12.74,Moderate (10-25%)
2027-05-19 14:00:00,Shift_2_Evening,BAL_SOUTH_PIT,21.8005,80.1901,20,21,3,15,0.99,7.92,17.8,6.4,60.1,34.4,0.152,8.1,532.7,469.4,530.1,498.3,31.8,6.0,Normal (<10%)
2027-05-19 22:00:00,Shift_3_Night,BAL_DEEP_LEVEL_3,21.8064,80.1876,18,18,3,14,1.58,7.55,21.0,4.6,54.5,36.4,0.237,12.8,463.1,326.2,418.1,329.3,88.8,21.24,Moderate (10-25%)
2027-05-20 06:00:00,Shift_1_Morning,BAL_DEEP_LEVEL_3,21.8064,80.1876,18,18,3,12,1.35,7.48,20.9,6.7,61.4,36.3,0.204,2.8,426.3,450.6,589.6,486.8,102.8,17.44,Moderate (10-25%)
2027-05-20 14:00:00,Shift_2_Evening,BAL_NORTH_PIT,21.8121,80.1843,25,26,3,12,0.34,7.48,18.9,10.1,59.5,35.9,0.236,10.8,352.9,304.7,451.7,385.3,66.4,14.7,Moderate (10-25%)
2027-05-20 22:00:00,Shift_3_Night,UKWA_EXTENSION,21.7932,80.2015,25,26,3,12,1.13,8.06,20.0,11.2,58.2,37.3,0.236,8.9,504.8,353.0,467.4,435.6,31.8,6.8,Normal (<10%)
2027-05-21 06:00:00,Shift_1_Morning,BAL_NORTH_PIT,21.8121,80.1843,21,22,3,16,1.4,7.99,21.8,16.2,72.1,36.9,0.232,32.3,479.6,481.2,480.5,402.7,77.8,16.19,Moderate (10-25%)
2027-05-21 14:00:00,Shift_2_Evening,BAL_DEEP_LEVEL_3,21.8064,80.1876,20,20,3,14,0.38,7.47,19.2,7.0,68.0,35.7,0.242,4.8,368.4,374.0,410.2,332.0,78.2,19.06,Moderate (10-25%)
2027-05-21 22:00:00,Shift_3_Night,BAL_SOUTH_PIT,21.8005,80.1901,23,25,4,16,0.79,8.05,20.2,9.0,59.1,36.5,0.217,1.2,421.6,544.5,499.3,441.7,57.6,11.54,Moderate (10-25%)
2027-05-22 06:00:00,Shift_1_Morning,BAL_NORTH_PIT,21.8121,80.1843,19,20,4,14,0.52,7.57,21.4,13.8,57.9,37.7,0.19,14.0,402.6,409.5,424.7,350.7,74.0,17.42,Moderate (10-25%)
2027-05-22 14:00:00,Shift_2_Evening,BAL_NORTH_PIT,21.8121,80.1843,18,19,2,12,1.45,7.99,22.4,15.1,66.9,33.0,0.358,9.7,521.1,567.4,480.2,421.9,58.3,12.14,Moderate (10-25%)
2027-05-22 22:00:00,Shift_3_Night,BAL_SOUTH_PIT,21.8005,80.1901,21,22,4,15,0.13,7.51,21.9,9.6,58.5,36.5,0.285,12.4,551.6,440.6,470.1,398.0,72.1,15.34,Moderate (10-25%)
2027-05-23 06:00:00,Shift_1_Morning,BAL_NORTH_PIT,21.8121,80.1843,19,20,4,15,0.79,7.92,19.0,0.9,60.3,35.7,0.159,1.2,395.8,564.6,554.6,500.5,54.1,9.75,Normal (<10%)
2027-05-23 14:00:00,Shift_2_Evening,BAL_SOUTH_PIT,21.8005,80.1901,17,19,4,14,0.53,7.91,21.3,14.6,66.0,34.6,0.272,13.8,506.4,499.3,560.6,496.3,64.3,11.47,Moderate (10-25%)
2027-05-23 22:00:00,Shift_3_Night,UKWA_EXTENSION,21.7932,80.2015,17,18,4,15,0.84,8.08,19.6,16.7,68.0,36.1,0.293,11.2,430.3,505.1,430.7,386.8,43.9,10.19,Moderate (10-25%)
2027-05-24 06:00:00,Shift_1_Morning,BAL_SOUTH_PIT,21.8005,80.1901,21,21,3,12,0.71,8.04,20.3,2.1,62.9,38.4,0.165,0.6,360.4,520.6,473.3,418.1,55.2,11.66,Moderate (10-25%)
2027-05-24 14:00:00,Shift_2_Evening,UKWA_EXTENSION,21.7932,80.2015,20,21,3,16,1.17,7.55,20.2,7.4,60.4,38.0,0.211,12.5,335.0,505.2,474.7,410.2,64.5,13.59,Moderate (10-25%)
2027-05-24 22:00:00,Shift_3_Night,BAL_SOUTH_PIT,21.8005,80.1901,24,26,4,14,0.72,8.03,21.7,8.5,65.0,37.4,0.227,11.7,431.4,522.3,430.3,390.9,39.4,9.16,Normal (<10%)
2027-05-25 06:00:00,Shift_1_Morning,BAL_DEEP_LEVEL_3,21.8064,80.1876,22,25,4,15,0.4,7.5,19.7,16.9,72.8,37.5,0.288,13.8,529.0,445.2,559.7,505.3,54.4,9.72,Normal (<10%)
2027-05-25 14:00:00,Shift_2_Evening,BAL_DEEP_LEVEL_3,21.8064,80.1876,24,25,4,11,1.28,7.57,20.4,8.9,54.0,38.6,0.243,0.0,370.0,529.8,541.4,446.3,95.1,17.57,Moderate (10-25%)
2027-05-25 22:00:00,Shift_3_Night,UKWA_EXTENSION,21.7932,80.2015,18,18,4,13,0.82,7.59,19.3,16.2,68.5,36.2,0.283,18.6,467.4,377.2,438.1,396.2,41.9,9.56,Normal (<10%)
2027-05-26 06:00:00,Shift_1_Morning,UKWA_EXTENSION,21.7932,80.2015,24,24,3,15,1.21,7.59,22.4,24.6,63.0,34.7,0.344,20.9,564.2,416.2,473.3,413.1,60.2,12.72,Moderate (10-25%)
2027-05-26 14:00:00,Shift_2_Evening,BAL_DEEP_LEVEL_3,21.8064,80.1876,26,27,3,15,0.57,7.99,19.1,3.8,68.6,37.7,0.209,9.4,533.2,520.3,421.2,375.9,45.3,10.75,Moderate (10-25%)
2027-05-26 22:00:00,Shift_3_Night,UKWA_EXTENSION,21.7932,80.2015,18,18,4,16,0.95,7.64,21.6,7.1,68.0,40.2,0.271,0.0,404.1,529.3,525.6,451.7,73.9,14.06,Moderate (10-25%)
2027-05-27 06:00:00,Shift_1_Morning,BAL_SOUTH_PIT,21.8005,80.1901,21,21,3,14,2.46,8.02,18.4,1.1,65.5,38.9,0.221,5.3,367.7,358.8,424.3,356.9,67.4,15.88,Moderate (10-25%)
2027-05-27 14:00:00,Shift_2_Evening,BAL_SOUTH_PIT,21.8005,80.1901,18,18,3,12,0.16,8.06,21.9,9.2,58.8,37.1,0.186,12.3,480.8,535.4,597.2,564.0,33.2,5.56,Normal (<10%)
2027-05-27 22:00:00,Shift_3_Night,BAL_DEEP_LEVEL_3,21.8064,80.1876,19,20,4,13,2.09,8.03,19.4,4.5,64.6,37.8,0.191,7.9,464.5,495.4,556.1,452.7,103.4,18.59,Moderate (10-25%)
2027-05-28 06:00:00,Shift_1_Morning,BAL_NORTH_PIT,21.8121,80.1843,20,21,4,16,0.65,8.02,20.3,3.2,64.3,37.9,0.191,0.8,473.0,417.2,478.0,405.6,72.4,15.15,Moderate (10-25%)
2027-05-28 14:00:00,Shift_2_Evening,BAL_SOUTH_PIT,21.8005,80.1901,19,20,4,11,0.43,7.43,22.1,11.4,52.7,36.7,0.216,13.2,419.6,497.3,515.7,428.3,87.4,16.95,Moderate (10-25%)
2027-05-28 22:00:00,Shift_3_Night,UKWA_EXTENSION,21.7932,80.2015,18,18,3,13,0.65,8.07,22.3,10.9,66.9,36.9,0.276,6.4,456.6,553.0,582.3,482.3,100.0,17.17,Moderate (10-25%)
2027-05-29 06:00:00,Shift_1_Morning,BAL_NORTH_PIT,21.8121,80.1843,23,26,3,16,0.92,7.78,20.8,6.8,65.9,41.5,0.189,8.4,473.3,392.3,510.8,449.1,61.7,12.08,Moderate (10-25%)
2027-05-29 14:00:00,Shift_2_Evening,BAL_NORTH_PIT,21.8121,80.1843,20,20,3,14,0.36,7.96,20.1,16.2,58.3,33.9,0.202,20.2,483.8,517.4,434.9,402.7,32.2,7.4,Normal (<10%)
2027-05-29 22:00:00,Shift_3_Night,BAL_SOUTH_PIT,21.8005,80.1901,23,24,3,14,0.13,8.01,19.9,6.8,66.3,37.8,0.233,7.1,412.7,365.8,475.7,465.8,9.9,2.08,Normal (<10%)
2027-05-30 06:00:00,Shift_1_Morning,BAL_SOUTH_PIT,21.8005,80.1901,19,21,4,11,0.58,7.46,21.2,12.6,65.4,33.6,0.281,16.0,491.1,422.7,568.6,485.1,83.5,14.69,Moderate (10-25%)
2027-05-30 14:00:00,Shift_2_Evening,BAL_NORTH_PIT,21.8121,80.1843,21,22,3,16,0.67,7.95,21.0,7.0,69.8,36.1,0.262,5.2,555.2,501.8,528.8,493.6,35.2,6.66,Normal (<10%)
2027-05-30 22:00:00,Shift_3_Night,BAL_NORTH_PIT,21.8121,80.1843,20,21,3,13,0.5,8.15,21.3,3.8,61.4,38.7,0.237,7.6,518.4,538.4,530.1,514.7,15.4,2.91,Normal (<10%)
2027-05-31 06:00:00,Shift_1_Morning,BAL_DEEP_LEVEL_3,21.8064,80.1876,24,24,3,16,1.6,7.93,23.3,14.3,65.4,34.4,0.212,6.8,475.5,575.3,573.4,483.8,89.6,15.63,Moderate (10-25%)
2027-05-31 14:00:00,Shift_2_Evening,UKWA_EXTENSION,21.7932,80.2015,24,24,3,12,0.0,7.95,18.8,6.1,65.0,36.8,0.217,4.7,447.7,416.8,578.8,540.6,38.2,6.6,Normal (<10%)
2027-05-31 22:00:00,Shift_3_Night,BAL_DEEP_LEVEL_3,21.8064,80.1876,17,18,2,14,0.16,7.84,19.5,5.6,48.9,35.2,0.223,8.1,487.3,399.6,584.0,530.3,53.7,9.2,Normal (<10%)
2027-06-01 06:00:00,Shift_1_Morning,BAL_SOUTH_PIT,21.8005,80.1901,21,22,4,14,0.28,7.42,20.5,9.3,62.1,33.5,0.251,11.7,322.4,479.0,419.0,310.2,108.8,25.97,Critical (>25%)
2027-06-01 14:00:00,Shift_2_Evening,BAL_DEEP_LEVEL_3,21.8064,80.1876,18,19,3,13,1.59,7.83,26.1,42.9,75.4,28.9,0.435,37.5,427.2,462.1,508.8,414.6,94.2,18.51,Moderate (10-25%)
2027-06-01 22:00:00,Shift_3_Night,BAL_DEEP_LEVEL_3,21.8064,80.1876,21,23,3,14,1.97,8.06,26.8,36.6,62.1,33.2,0.453,24.4,502.9,451.9,548.1,458.8,89.3,16.29,Moderate (10-25%)
2027-06-02 06:00:00,Shift_1_Morning,BAL_DEEP_LEVEL_3,21.8064,80.1876,20,20,4,14,0.47,7.78,21.3,3.5,65.7,42.0,0.199,2.1,461.8,572.8,551.4,508.6,42.8,7.76,Normal (<10%)
2027-06-02 14:00:00,Shift_2_Evening,BAL_DEEP_LEVEL_3,21.8064,80.1876,16,17,4,12,0.62,7.96,23.2,23.6,69.4,32.8,0.308,20.7,426.2,498.3,521.3,445.5,75.8,14.54,Moderate (10-25%)
2027-06-02 22:00:00,Shift_3_Night,UKWA_EXTENSION,21.7932,80.2015,17,21,2,14,1.92,7.33,35.0,100.0,93.7,20.0,0.796,86.1,521.9,420.3,433.4,301.7,131.7,30.39,Critical (>25%)
2027-06-03 06:00:00,Shift_1_Morning,UKWA_EXTENSION,21.7932,80.2015,18,20,4,15,1.47,8.09,28.6,69.4,85.5,30.4,0.599,45.7,405.1,572.4,559.5,425.2,134.3,24.0,Moderate (10-25%)
2027-06-03 14:00:00,Shift_2_Evening,BAL_NORTH_PIT,21.8121,80.1843,22,24,4,13,0.89,7.93,28.2,77.8,82.7,25.4,0.625,53.7,552.2,423.3,544.0,431.0,113.0,20.77,Moderate (10-25%)
2027-06-03 22:00:00,Shift_3_Night,BAL_SOUTH_PIT,21.8005,80.1901,23,23,4,15,1.64,7.63,21.2,14.1,65.8,37.9,0.242,8.5,515.3,431.6,417.2,336.1,81.1,19.44,Moderate (10-25%)
2027-06-04 06:00:00,Shift_1_Morning,BAL_DEEP_LEVEL_3,21.8064,80.1876,22,23,4,16,1.43,7.97,18.9,9.0,67.7,36.1,0.229,5.4,464.4,469.3,492.8,436.6,56.2,11.4,Moderate (10-25%)
2027-06-04 14:00:00,Shift_2_Evening,BAL_NORTH_PIT,21.8121,80.1843,24,26,3,12,0.99,7.94,21.0,12.9,66.4,35.8,0.298,17.9,460.4,406.5,434.8,377.0,57.8,13.29,Moderate (10-25%)
2027-06-04 22:00:00,Shift_3_Night,BAL_NORTH_PIT,21.8121,80.1843,19,19,3,13,0.85,7.48,22.4,22.6,59.0,34.4,0.289,15.3,490.8,513.0,467.5,371.5,96.0,20.53,Moderate (10-25%)
2027-06-05 06:00:00,Shift_1_Morning,BAL_NORTH_PIT,21.8121,80.1843,23,24,4,11,0.13,7.58,20.5,14.9,66.0,37.3,0.239,7.0,372.3,494.4,403.6,322.5,81.1,20.09,Moderate (10-25%)
2027-06-05 14:00:00,Shift_2_Evening,UKWA_EXTENSION,21.7932,80.2015,24,27,4,16,1.65,7.98,21.1,13.2,64.9,35.4,0.197,12.3,396.5,466.8,480.1,388.3,91.8,19.12,Moderate (10-25%)
2027-06-05 22:00:00,Shift_3_Night,BAL_DEEP_LEVEL_3,21.8064,80.1876,15,18,3,12,0.56,7.45,23.8,25.6,73.7,34.5,0.289,16.0,475.3,456.4,510.0,397.6,112.4,22.04,Moderate (10-25%)
2027-06-06 06:00:00,Shift_1_Morning,BAL_DEEP_LEVEL_3,21.8064,80.1876,16,18,4,16,0.67,7.98,21.7,14.9,63.9,36.3,0.233,11.6,578.4,450.6,523.9,441.7,82.2,15.69,Moderate (10-25%)
2027-06-06 14:00:00,Shift_2_Evening,BAL_SOUTH_PIT,21.8005,80.1901,23,23,3,12,0.77,7.37,24.1,42.9,69.3,29.8,0.403,39.1,568.9,566.6,532.7,431.2,101.5,19.05,Moderate (10-25%)
2027-06-06 22:00:00,Shift_3_Night,BAL_DEEP_LEVEL_3,21.8064,80.1876,23,24,4,12,0.86,8.04,21.6,12.5,59.9,37.5,0.26,3.8,383.0,403.3,567.3,530.6,36.7,6.47,Normal (<10%)
2027-06-07 06:00:00,Shift_1_Morning,BAL_DEEP_LEVEL_3,21.8064,80.1876,21,22,3,14,0.87,7.32,23.3,26.6,75.7,31.1,0.322,25.1,484.9,435.1,443.1,333.7,109.4,24.69,Moderate (10-25%)
2027-06-07 14:00:00,Shift_2_Evening,BAL_NORTH_PIT,21.8121,80.1843,27,27,4,16,0.1,7.46,18.9,2.6,64.7,37.5,0.236,13.9,399.3,474.0,424.1,398.5,25.6,6.04,Normal (<10%)
2027-06-07 22:00:00,Shift_3_Night,BAL_SOUTH_PIT,21.8005,80.1901,25,26,3,15,1.58,7.58,21.3,28.0,75.8,34.2,0.258,24.6,508.7,531.5,570.3,444.8,125.5,22.01,Moderate (10-25%)
2027-06-08 06:00:00,Shift_1_Morning,BAL_DEEP_LEVEL_3,21.8064,80.1876,27,27,3,14,0.78,7.53,22.4,14.7,72.6,38.1,0.243,9.7,511.4,452.1,431.3,353.7,77.6,17.99,Moderate (10-25%)
2027-06-08 14:00:00,Shift_2_Evening,UKWA_EXTENSION,21.7932,80.2015,17,20,3,12,2.09,7.56,35.0,100.0,89.7,21.8,0.761,76.0,562.3,415.5,595.0,446.3,148.7,24.99,Moderate (10-25%)
2027-06-08 22:00:00,Shift_3_Night,BAL_DEEP_LEVEL_3,21.8064,80.1876,16,19,3,13,0.79,7.49,27.8,55.6,74.1,29.4,0.51,46.5,443.9,444.2,568.5,436.6,131.9,23.2,Moderate (10-25%)
2027-06-09 06:00:00,Shift_1_Morning,BAL_NORTH_PIT,21.8121,80.1843,19,20,4,12,0.98,7.62,23.3,34.3,71.3,35.8,0.4,27.0,398.6,379.3,500.2,363.9,136.3,27.25,Critical (>25%)
2027-06-09 14:00:00,Shift_2_Evening,UKWA_EXTENSION,21.7932,80.2015,22,24,4,11,0.32,7.59,18.6,12.5,68.5,38.4,0.261,14.6,523.5,553.7,596.3,540.6,55.7,9.34,Normal (<10%)
2027-06-09 22:00:00,Shift_3_Night,BAL_NORTH_PIT,21.8121,80.1843,21,22,4,12,1.24,7.54,22.9,34.4,63.8,33.4,0.352,23.1,468.9,313.9,419.5,327.0,92.5,22.05,Moderate (10-25%)
2027-06-10 06:00:00,Shift_1_Morning,BAL_DEEP_LEVEL_3,21.8064,80.1876,19,20,4,14,1.4,8.09,29.0,78.5,87.6,29.2,0.656,56.0,489.4,533.5,460.6,373.5,87.1,18.91,Moderate (10-25%)
2027-06-10 14:00:00,Shift_2_Evening,UKWA_EXTENSION,21.7932,80.2015,25,26,4,11,0.42,7.58,21.3,9.6,65.5,35.6,0.208,11.4,490.3,442.3,527.6,459.2,68.4,12.96,Moderate (10-25%)
2027-06-10 22:00:00,Shift_3_Night,BAL_SOUTH_PIT,21.8005,80.1901,21,22,3,13,1.58,7.96,26.2,29.2,65.2,34.6,0.355,30.3,503.9,462.4,470.0,384.0,86.0,18.3,Moderate (10-25%)
2027-06-11 06:00:00,Shift_1_Morning,BAL_SOUTH_PIT,21.8005,80.1901,25,27,3,13,0.89,7.37,26.4,62.6,73.7,27.3,0.45,37.8,493.0,487.5,585.7,429.4,156.3,26.69,Critical (>25%)
2027-06-11 14:00:00,Shift_2_Evening,UKWA_EXTENSION,21.7932,80.2015,17,18,4,11,1.25,8.04,26.8,73.5,84.9,29.3,0.551,56.8,541.8,370.7,413.1,350.4,62.7,15.18,Moderate (10-25%)
2027-06-11 22:00:00,Shift_3_Night,UKWA_EXTENSION,21.7932,80.2015,22,25,4,12,1.06,8.05,25.6,62.4,89.6,31.5,0.479,52.6,475.2,415.0,509.9,409.6,100.3,19.67,Moderate (10-25%)
2027-06-12 06:00:00,Shift_1_Morning,BAL_NORTH_PIT,21.8121,80.1843,21,25,3,13,1.75,7.61,30.9,100.0,90.2,24.0,0.717,69.1,437.8,497.8,518.2,419.5,98.7,19.05,Moderate (10-25%)
2027-06-12 14:00:00,Shift_2_Evening,UKWA_EXTENSION,21.7932,80.2015,16,17,3,16,1.28,7.41,28.0,90.2,89.9,22.7,0.655,74.1,421.2,488.7,530.5,415.8,114.7,21.62,Moderate (10-25%)
2027-06-12 22:00:00,Shift_3_Night,BAL_NORTH_PIT,21.8121,80.1843,23,24,4,14,1.3,7.91,23.7,31.2,67.6,33.0,0.295,20.9,518.6,384.0,451.1,362.2,88.9,19.71,Moderate (10-25%)
2027-06-13 06:00:00,Shift_1_Morning,BAL_DEEP_LEVEL_3,21.8064,80.1876,22,23,4,14,1.68,8.05,21.2,34.6,72.7,32.7,0.387,26.0,556.6,481.7,472.9,432.7,40.2,8.5,Normal (<10%)
2027-06-13 14:00:00,Shift_2_Evening,BAL_NORTH_PIT,21.8121,80.1843,18,20,4,15,1.4,7.49,27.2,66.3,77.9,28.1,0.541,46.4,386.3,438.7,568.7,425.0,143.7,25.27,Critical (>25%)
2027-06-13 22:00:00,Shift_3_Night,UKWA_EXTENSION,21.7932,80.2015,18,18,3,11,0.68,7.31,26.0,56.5,76.5,26.7,0.5,48.5,463.7,448.0,439.0,343.6,95.4,21.73,Moderate (10-25%)
2027-06-14 06:00:00,Shift_1_Morning,UKWA_EXTENSION,21.7932,80.2015,18,24,2,14,3.89,7.54,35.0,100.0,98.0,15.0,0.891,92.5,508.3,398.7,565.4,369.7,195.7,34.61,Critical (>25%)
2027-06-14 14:00:00,Shift_2_Evening,BAL_DEEP_LEVEL_3,21.8064,80.1876,17,18,3,16,1.96,7.81,19.4,7.5,62.9,34.7,0.188,14.3,514.0,471.2,512.5,430.0,82.5,16.1,Moderate (10-25%)
2027-06-14 22:00:00,Shift_3_Night,UKWA_EXTENSION,21.7932,80.2015,21,22,3,14,1.43,7.41,20.1,24.3,60.0,35.0,0.295,31.1,523.4,528.5,552.4,443.3,109.1,19.75,Moderate (10-25%)
2027-06-15 06:00:00,Shift_1_Morning,UKWA_EXTENSION,21.7932,80.2015,20,22,4,16,0.16,7.64,21.1,22.7,71.0,37.9,0.297,25.1,435.3,511.4,542.7,448.8,93.9,17.3,Moderate (10-25%)
2027-06-15 14:00:00,Shift_2_Evening,BAL_SOUTH_PIT,21.8005,80.1901,25,26,4,14,0.35,7.68,21.2,17.7,73.3,37.9,0.348,8.4,382.8,542.0,441.5,351.4,90.1,20.41,Moderate (10-25%)
2027-06-15 22:00:00,Shift_3_Night,BAL_SOUTH_PIT,21.8005,80.1901,19,20,4,14,0.69,7.38,22.0,19.1,69.4,34.4,0.236,21.4,525.5,412.7,513.8,407.0,106.8,20.79,Moderate (10-25%)
2027-06-16 06:00:00,Shift_1_Morning,BAL_DEEP_LEVEL_3,21.8064,80.1876,20,25,3,12,1.82,7.47,27.2,63.6,78.5,28.5,0.49,54.7,503.6,447.5,573.5,406.4,167.1,29.14,Critical (>25%)
2027-06-16 14:00:00,Shift_2_Evening,BAL_NORTH_PIT,21.8121,80.1843,24,25,3,14,0.0,8.0,20.6,8.5,57.7,36.2,0.154,7.3,388.6,343.9,486.4,417.8,68.6,14.1,Moderate (10-25%)
2027-06-16 22:00:00,Shift_3_Night,BAL_SOUTH_PIT,21.8005,80.1901,20,21,4,12,0.72,8.18,23.9,54.8,73.6,31.7,0.536,39.0,425.3,436.9,593.3,515.2,78.1,13.16,Moderate (10-25%)
2027-06-17 06:00:00,Shift_1_Morning,BAL_NORTH_PIT,21.8121,80.1843,15,18,4,14,2.57,7.45,26.5,52.5,76.0,31.0,0.444,38.1,447.1,494.2,490.4,350.7,139.7,28.49,Critical (>25%)
2027-06-17 14:00:00,Shift_2_Evening,UKWA_EXTENSION,21.7932,80.2015,23,25,3,15,0.85,7.45,17.4,11.6,61.8,38.2,0.227,16.1,401.3,486.8,428.6,345.7,82.9,19.34,Moderate (10-25%)
2027-06-17 22:00:00,Shift_3_Night,BAL_SOUTH_PIT,21.8005,80.1901,25,27,4,11,0.49,8.15,22.8,12.6,62.1,38.3,0.203,7.2,555.9,413.6,477.9,434.8,43.1,9.02,Normal (<10%)
2027-06-18 06:00:00,Shift_1_Morning,BAL_DEEP_LEVEL_3,21.8064,80.1876,23,23,3,12,1.23,7.46,25.4,47.1,81.0,32.2,0.427,37.2,532.7,463.8,590.3,458.2,132.1,22.38,Moderate (10-25%)
2027-06-18 14:00:00,Shift_2_Evening,BAL_DEEP_LEVEL_3,21.8064,80.1876,16,18,4,15,1.21,8.07,26.7,74.2,89.2,26.1,0.622,62.5,418.5,428.5,463.9,360.0,103.9,22.4,Moderate (10-25%)
2027-06-18 22:00:00,Shift_3_Night,BAL_DEEP_LEVEL_3,21.8064,80.1876,17,20,4,12,1.06,7.35,25.0,66.4,86.8,25.8,0.497,45.9,540.2,480.3,573.6,390.4,183.2,31.94,Critical (>25%)
2027-06-19 06:00:00,Shift_1_Morning,BAL_SOUTH_PIT,21.8005,80.1901,18,19,3,15,1.03,7.98,30.0,100.0,89.0,21.7,0.768,89.7,498.4,498.8,576.3,498.1,78.2,13.57,Moderate (10-25%)
2027-06-19 14:00:00,Shift_2_Evening,BAL_NORTH_PIT,21.8121,80.1843,23,27,3,14,1.67,7.83,33.2,100.0,88.5,18.0,0.802,79.0,472.1,507.9,470.0,365.2,104.8,22.3,Moderate (10-25%)
2027-06-19 22:00:00,Shift_3_Night,UKWA_EXTENSION,21.7932,80.2015,21,21,3,12,0.41,7.39,24.0,38.5,72.8,30.6,0.364,25.5,536.1,409.5,416.7,334.0,82.7,19.85,Moderate (10-25%)
2027-06-20 06:00:00,Shift_1_Morning,BAL_NORTH_PIT,21.8121,80.1843,24,26,3,15,2.21,8.08,34.7,100.0,95.4,21.4,0.778,73.4,478.9,444.1,544.9,424.4,120.5,22.11,Moderate (10-25%)
2027-06-20 14:00:00,Shift_2_Evening,BAL_NORTH_PIT,21.8121,80.1843,20,24,4,14,1.78,7.5,28.2,77.5,85.0,27.4,0.631,49.7,389.9,506.1,462.3,308.4,153.9,33.29,Critical (>25%)
2027-06-20 22:00:00,Shift_3_Night,UKWA_EXTENSION,21.7932,80.2015,22,26,2,13,1.51,7.97,26.5,76.6,85.9,24.5,0.596,57.2,483.3,429.1,556.6,424.0,132.6,23.82,Moderate (10-25%)
2027-06-21 06:00:00,Shift_1_Morning,UKWA_EXTENSION,21.7932,80.2015,21,22,4,12,1.34,7.43,21.6,8.2,70.9,36.5,0.21,9.4,562.0,423.5,488.5,399.0,89.5,18.32,Moderate (10-25%)
2027-06-21 14:00:00,Shift_2_Evening,BAL_SOUTH_PIT,21.8005,80.1901,20,24,4,14,1.95,7.48,34.4,100.0,92.0,21.9,0.82,78.8,450.6,497.6,497.1,354.9,142.2,28.61,Critical (>25%)
2027-06-21 22:00:00,Shift_3_Night,BAL_SOUTH_PIT,21.8005,80.1901,17,18,4,16,0.04,7.53,22.8,31.2,75.3,33.5,0.412,24.7,573.3,412.9,555.6,452.3,103.3,18.59,Moderate (10-25%)
2027-06-22 06:00:00,Shift_1_Morning,BAL_SOUTH_PIT,21.8005,80.1901,24,25,3,12,1.99,8.1,26.1,57.8,81.8,30.4,0.461,37.3,393.7,385.9,476.5,371.5,105.0,22.04,Moderate (10-25%)
2027-06-22 14:00:00,Shift_2_Evening,BAL_SOUTH_PIT,21.8005,80.1901,18,19,4,12,0.36,7.24,19.5,15.0,65.9,31.6,0.244,16.0,515.8,491.3,488.6,422.4,66.2,13.55,Moderate (10-25%)
2027-06-22 22:00:00,Shift_3_Night,BAL_SOUTH_PIT,21.8005,80.1901,16,18,3,12,0.75,7.42,25.1,25.6,73.5,35.5,0.305,18.0,359.1,552.0,475.2,356.9,118.3,24.89,Moderate (10-25%)
2027-06-23 06:00:00,Shift_1_Morning,UKWA_EXTENSION,21.7932,80.2015,21,22,3,16,0.37,7.52,21.7,19.1,63.3,37.9,0.35,20.6,426.5,409.1,473.5,411.1,62.4,13.18,Moderate (10-25%)
2027-06-23 14:00:00,Shift_2_Evening,BAL_NORTH_PIT,21.8121,80.1843,19,20,4,12,0.14,7.99,21.4,14.0,60.2,36.4,0.236,18.0,470.5,546.1,505.2,470.6,34.6,6.85,Normal (<10%)
2027-06-23 22:00:00,Shift_3_Night,BAL_SOUTH_PIT,21.8005,80.1901,24,26,4,14,0.62,7.54,21.3,5.5,64.6,40.1,0.213,0.0,382.1,515.9,561.8,472.0,89.8,15.98,Moderate (10-25%)
2027-06-24 06:00:00,Shift_1_Morning,BAL_SOUTH_PIT,21.8005,80.1901,22,24,4,14,0.33,8.03,27.4,61.8,72.4,28.8,0.519,49.8,510.0,414.6,472.4,393.7,78.7,16.66,Moderate (10-25%)
2027-06-24 14:00:00,Shift_2_Evening,BAL_NORTH_PIT,21.8121,80.1843,23,23,3,14,1.18,7.97,19.2,4.8,63.9,37.9,0.144,4.7,522.5,361.0,504.9,445.8,59.1,11.71,Moderate (10-25%)
2027-06-24 22:00:00,Shift_3_Night,BAL_SOUTH_PIT,21.8005,80.1901,20,22,4,14,0.12,7.95,26.0,30.8,65.9,31.7,0.401,25.0,403.0,440.5,534.1,463.2,70.9,13.27,Moderate (10-25%)
2027-06-25 06:00:00,Shift_1_Morning,BAL_NORTH_PIT,21.8121,80.1843,23,24,4,16,0.35,7.48,20.6,19.5,74.7,32.9,0.301,18.2,439.4,422.8,453.9,358.9,95.0,20.93,Moderate (10-25%)
2027-06-25 14:00:00,Shift_2_Evening,BAL_NORTH_PIT,21.8121,80.1843,21,21,3,16,0.89,7.61,24.1,31.3,68.3,34.9,0.375,21.7,524.5,527.0,455.5,352.6,102.9,22.59,Moderate (10-25%)
2027-06-25 22:00:00,Shift_3_Night,UKWA_EXTENSION,21.7932,80.2015,23,26,4,16,0.94,7.93,22.8,27.6,76.1,32.9,0.289,19.7,543.1,460.3,586.7,498.2,88.5,15.08,Moderate (10-25%)
2027-06-26 06:00:00,Shift_1_Morning,BAL_DEEP_LEVEL_3,21.8064,80.1876,21,22,2,16,1.91,7.49,24.4,14.6,64.2,37.2,0.233,17.6,420.4,543.2,544.7,410.8,133.9,24.58,Moderate (10-25%)
2027-06-26 14:00:00,Shift_2_Evening,UKWA_EXTENSION,21.7932,80.2015,17,17,4,12,1.58,7.52,24.1,25.1,68.0,35.7,0.342,24.8,417.3,381.1,515.4,387.9,127.5,24.74,Moderate (10-25%)
2027-06-26 22:00:00,Shift_3_Night,BAL_DEEP_LEVEL_3,21.8064,80.1876,17,20,4,12,1.53,8.16,26.6,57.9,83.2,31.6,0.525,43.5,404.0,555.1,529.5,437.8,91.7,17.32,Moderate (10-25%)
2027-06-27 06:00:00,Shift_1_Morning,BAL_DEEP_LEVEL_3,21.8064,80.1876,22,25,2,14,0.39,7.97,20.3,9.0,65.1,35.7,0.225,6.7,433.6,507.6,405.9,371.8,34.1,8.4,Normal (<10%)
2027-06-27 14:00:00,Shift_2_Evening,BAL_DEEP_LEVEL_3,21.8064,80.1876,23,24,4,12,0.91,7.6,19.1,7.7,62.9,38.2,0.17,9.9,563.4,510.4,523.6,461.6,62.0,11.84,Moderate (10-25%)
2027-06-27 22:00:00,Shift_3_Night,BAL_SOUTH_PIT,21.8005,80.1901,21,22,3,16,0.0,8.12,20.9,14.6,63.8,40.2,0.236,15.4,376.5,439.7,501.9,451.4,50.5,10.06,Moderate (10-25%)
2027-06-28 06:00:00,Shift_1_Morning,UKWA_EXTENSION,21.7932,80.2015,19,26,3,7,2.66,7.49,35.0,100.0,93.2,15.0,0.874,97.7,486.9,388.6,509.1,374.2,134.9,26.5,Critical (>25%)
2027-06-28 14:00:00,Shift_2_Evening,BAL_DEEP_LEVEL_3,21.8064,80.1876,22,22,4,16,0.18,7.98,24.5,30.8,84.4,34.1,0.392,21.0,386.3,562.2,471.9,427.0,44.9,9.51,Normal (<10%)
2027-06-28 22:00:00,Shift_3_Night,BAL_NORTH_PIT,21.8121,80.1843,23,26,4,16,0.87,7.47,25.2,24.6,61.0,36.6,0.304,18.9,370.0,437.1,416.3,317.3,99.0,23.78,Moderate (10-25%)
2027-06-29 06:00:00,Shift_1_Morning,BAL_SOUTH_PIT,21.8005,80.1901,16,17,4,16,0.37,7.47,21.4,19.9,60.7,34.8,0.26,15.9,404.9,390.7,438.7,366.3,72.4,16.5,Moderate (10-25%)
2027-06-29 14:00:00,Shift_2_Evening,UKWA_EXTENSION,21.7932,80.2015,23,26,3,14,1.33,8.09,24.2,35.4,78.4,35.0,0.378,16.6,570.6,596.6,590.1,511.1,79.0,13.39,Moderate (10-25%)
2027-06-29 22:00:00,Shift_3_Night,BAL_DEEP_LEVEL_3,21.8064,80.1876,18,18,3,12,0.5,7.52,19.6,6.8,68.0,37.2,0.195,7.6,491.0,474.6,481.7,398.0,83.7,17.38,Moderate (10-25%)
2027-06-30 06:00:00,Shift_1_Morning,BAL_NORTH_PIT,21.8121,80.1843,23,23,3,15,1.46,7.52,21.6,11.7,60.0,38.7,0.225,11.3,534.3,476.2,493.3,379.2,114.1,23.13,Moderate (10-25%)
2027-06-30 14:00:00,Shift_2_Evening,UKWA_EXTENSION,21.7932,80.2015,18,20,3,14,1.41,7.89,25.1,44.4,66.8,31.0,0.428,31.4,427.3,532.9,410.5,344.5,66.0,16.08,Moderate (10-25%)
2027-06-30 22:00:00,Shift_3_Night,UKWA_EXTENSION,21.7932,80.2015,23,25,4,14,0.64,7.4,23.1,23.1,74.2,31.1,0.278,24.8,311.6,458.1,407.5,329.1,78.4,19.24,Moderate (10-25%)
2027-07-01 06:00:00,Shift_1_Morning,BAL_SOUTH_PIT,21.8005,80.1901,21,22,4,12,0.05,7.71,21.7,7.9,58.0,40.8,0.231,7.9,496.3,514.1,543.4,490.9,52.5,9.66,Normal (<10%)
2027-07-01 14:00:00,Shift_2_Evening,UKWA_EXTENSION,21.7932,80.2015,22,23,2,12,0.95,7.48,24.6,46.6,72.5,29.5,0.43,41.4,578.9,450.1,507.6,419.9,87.7,17.28,Moderate (10-25%)
2027-07-01 22:00:00,Shift_3_Night,BAL_SOUTH_PIT,21.8005,80.1901,23,27,4,13,1.43,7.92,32.9,100.0,93.3,17.9,0.789,93.0,417.6,336.1,501.7,366.9,134.8,26.87,Critical (>25%)
2027-07-02 06:00:00,Shift_1_Morning,BAL_DEEP_LEVEL_3,21.8064,80.1876,23,23,2,12,0.67,8.14,23.2,25.1,63.1,35.7,0.298,23.6,452.4,537.6,448.6,417.9,30.7,6.84,Normal (<10%)
2027-07-02 14:00:00,Shift_2_Evening,BAL_SOUTH_PIT,21.8005,80.1901,20,23,4,16,1.94,8.03,25.8,45.9,80.2,31.9,0.431,37.5,439.5,478.7,549.0,434.3,114.7,20.89,Moderate (10-25%)
2027-07-02 22:00:00,Shift_3_Night,BAL_NORTH_PIT,21.8121,80.1843,22,24,3,15,1.84,8.06,33.2,100.0,93.1,20.5,0.774,79.0,439.7,386.6,433.6,335.4,98.2,22.65,Moderate (10-25%)
2027-07-03 06:00:00,Shift_1_Morning,BAL_SOUTH_PIT,21.8005,80.1901,19,24,4,13,1.87,7.99,29.2,88.6,83.5,22.5,0.602,62.7,430.8,433.0,438.0,299.2,138.8,31.69,Critical (>25%)
2027-07-03 14:00:00,Shift_2_Evening,BAL_NORTH_PIT,21.8121,80.1843,19,21,3,16,0.61,7.47,21.2,37.8,69.5,30.4,0.396,28.4,431.9,480.6,492.1,376.7,115.4,23.45,Moderate (10-25%)
2027-07-03 22:00:00,Shift_3_Night,BAL_SOUTH_PIT,21.8005,80.1901,15,18,4,16,1.35,7.48,24.1,53.2,82.1,29.7,0.403,34.2,402.3,315.3,457.3,364.4,92.9,20.31,Moderate (10-25%)
2027-07-04 06:00:00,Shift_1_Morning,UKWA_EXTENSION,21.7932,80.2015,17,17,3,16,0.9,7.36,19.9,10.9,63.2,34.7,0.247,16.5,534.1,514.4,449.5,410.6,38.9,8.65,Normal (<10%)
2027-07-04 14:00:00,Shift_2_Evening,BAL_DEEP_LEVEL_3,21.8064,80.1876,20,21,4,14,0.68,7.99,24.4,25.7,71.4,35.4,0.28,22.1,391.0,532.2,529.0,423.7,105.3,19.91,Moderate (10-25%)
2027-07-04 22:00:00,Shift_3_Night,BAL_NORTH_PIT,21.8121,80.1843,22,24,3,14,0.53,7.53,24.2,22.0,69.4,35.0,0.37,27.4,448.2,500.3,530.2,395.3,134.9,25.44,Critical (>25%)
2027-07-05 06:00:00,Shift_1_Morning,BAL_SOUTH_PIT,21.8005,80.1901,19,22,3,13,0.68,8.19,21.5,14.8,56.6,39.5,0.23,11.9,435.1,511.8,564.9,539.5,25.4,4.5,Normal (<10%)
2027-07-05 14:00:00,Shift_2_Evening,BAL_SOUTH_PIT,21.8005,80.1901,23,25,3,11,0.82,7.51,21.6,24.7,72.9,34.9,0.336,22.1,516.6,417.7,483.5,403.0,80.5,16.65,Moderate (10-25%)
2027-07-05 22:00:00,Shift_3_Night,BAL_SOUTH_PIT,21.8005,80.1901,25,25,3,16,0.11,7.77,20.5,9.0,70.0,33.6,0.251,11.1,448.7,548.8,414.6,363.8,50.8,12.25,Moderate (10-25%)
2027-07-06 06:00:00,Shift_1_Morning,UKWA_EXTENSION,21.7932,80.2015,18,20,4,11,0.6,7.49,24.1,43.3,83.1,32.0,0.429,28.8,543.5,472.5,454.7,351.2,103.5,22.76,Moderate (10-25%)
2027-07-06 14:00:00,Shift_2_Evening,UKWA_EXTENSION,21.7932,80.2015,17,17,2,12,1.75,7.77,23.8,39.0,64.1,39.1,0.434,28.7,545.6,489.1,596.0,450.5,145.5,24.41,Moderate (10-25%)
2027-07-06 22:00:00,Shift_3_Night,BAL_NORTH_PIT,21.8121,80.1843,19,22,3,12,1.55,8.09,24.6,43.4,59.3,33.7,0.402,30.9,527.8,420.9,519.3,446.2,73.1,14.08,Moderate (10-25%)
2027-07-07 06:00:00,Shift_1_Morning,BAL_NORTH_PIT,21.8121,80.1843,27,27,4,16,1.43,7.42,21.0,6.8,67.0,35.7,0.276,8.0,406.1,405.9,541.9,432.3,109.6,20.23,Moderate (10-25%)
2027-07-07 14:00:00,Shift_2_Evening,UKWA_EXTENSION,21.7932,80.2015,23,25,4,16,0.2,7.56,21.4,15.3,62.4,36.1,0.217,12.6,428.6,418.1,401.5,313.2,88.3,21.99,Moderate (10-25%)
2027-07-07 22:00:00,Shift_3_Night,BAL_NORTH_PIT,21.8121,80.1843,25,26,3,13,0.74,7.93,21.2,30.7,62.1,33.2,0.288,23.6,439.2,463.9,503.6,424.9,78.7,15.63,Moderate (10-25%)
2027-07-08 06:00:00,Shift_1_Morning,BAL_DEEP_LEVEL_3,21.8064,80.1876,15,19,3,13,2.37,7.36,35.0,100.0,95.7,15.0,0.855,94.3,538.0,492.8,407.5,315.9,91.6,22.48,Moderate (10-25%)
2027-07-08 14:00:00,Shift_2_Evening,BAL_DEEP_LEVEL_3,21.8064,80.1876,17,18,3,12,0.85,7.47,21.8,10.2,61.8,34.5,0.257,12.0,394.3,456.0,513.8,428.4,85.4,16.62,Moderate (10-25%)
2027-07-08 22:00:00,Shift_3_Night,UKWA_EXTENSION,21.7932,80.2015,23,25,3,12,0.0,8.01,21.7,9.7,58.6,37.9,0.221,14.9,573.6,579.2,584.2,527.9,56.3,9.64,Normal (<10%)
2027-07-09 06:00:00,Shift_1_Morning,BAL_NORTH_PIT,21.8121,80.1843,21,25,4,15,2.64,7.81,32.7,100.0,91.9,17.1,0.783,89.3,365.9,576.2,593.7,420.0,173.7,29.26,Critical (>25%)
2027-07-09 14:00:00,Shift_2_Evening,BAL_SOUTH_PIT,21.8005,80.1901,19,19,4,12,0.0,7.89,22.5,8.0,68.2,33.9,0.225,8.0,512.5,492.5,508.1,460.2,47.9,9.43,Normal (<10%)
2027-07-09 22:00:00,Shift_3_Night,BAL_DEEP_LEVEL_3,21.8064,80.1876,14,19,3,10,1.35,8.0,34.3,100.0,94.2,19.6,0.821,88.9,385.4,554.6,491.6,398.3,93.3,18.98,Moderate (10-25%)
2027-07-10 06:00:00,Shift_1_Morning,UKWA_EXTENSION,21.7932,80.2015,24,26,4,14,1.45,7.96,26.5,34.8,72.6,31.2,0.364,19.4,509.5,612.4,589.0,482.0,107.0,18.17,Moderate (10-25%)
2027-07-10 14:00:00,Shift_2_Evening,BAL_NORTH_PIT,21.8121,80.1843,20,21,4,13,2.05,7.54,23.5,26.2,73.2,34.2,0.377,30.5,487.3,518.5,534.7,443.4,91.3,17.07,Moderate (10-25%)
2027-07-10 22:00:00,Shift_3_Night,UKWA_EXTENSION,21.7932,80.2015,24,25,4,14,0.41,7.88,19.9,8.6,54.2,34.1,0.152,5.4,447.6,516.9,413.0,380.3,32.7,7.92,Normal (<10%)
2027-07-11 06:00:00,Shift_1_Morning,BAL_SOUTH_PIT,21.8005,80.1901,18,20,3,16,0.62,8.07,20.6,28.8,70.5,35.3,0.361,22.1,512.0,523.5,493.1,411.4,81.7,16.57,Moderate (10-25%)
2027-07-11 14:00:00,Shift_2_Evening,BAL_DEEP_LEVEL_3,21.8064,80.1876,24,26,3,12,0.68,7.38,22.3,23.3,69.4,32.7,0.295,23.8,364.5,400.4,448.0,352.5,95.5,21.32,Moderate (10-25%)
2027-07-11 22:00:00,Shift_3_Night,UKWA_EXTENSION,21.7932,80.2015,19,21,3,15,0.68,7.66,27.1,67.7,80.3,29.5,0.531,49.5,430.3,402.0,494.0,386.3,107.7,21.8,Moderate (10-25%)
2027-07-12 06:00:00,Shift_1_Morning,UKWA_EXTENSION,21.7932,80.2015,23,27,3,14,2.53,7.33,27.8,70.2,77.8,25.1,0.525,53.7,467.3,498.6,491.1,333.9,157.2,32.01,Critical (>25%)
2027-07-12 14:00:00,Shift_2_Evening,UKWA_EXTENSION,21.7932,80.2015,17,20,4,12,0.92,7.39,24.1,43.1,71.6,29.3,0.469,34.8,504.3,422.0,516.4,410.7,105.7,20.47,Moderate (10-25%)
2027-07-12 22:00:00,Shift_3_Night,BAL_SOUTH_PIT,21.8005,80.1901,23,25,4,14,1.16,7.54,23.9,48.7,73.6,31.8,0.405,39.4,537.5,505.6,471.4,379.4,92.0,19.52,Moderate (10-25%)
2027-07-13 06:00:00,Shift_1_Morning,UKWA_EXTENSION,21.7932,80.2015,16,19,4,12,0.43,8.17,22.5,16.8,70.7,37.5,0.247,13.4,515.2,362.2,432.9,396.2,36.7,8.48,Normal (<10%)
2027-07-13 14:00:00,Shift_2_Evening,BAL_SOUTH_PIT,21.8005,80.1901,17,18,3,14,0.0,7.53,22.8,30.2,78.7,32.7,0.375,18.9,519.1,451.0,500.7,415.8,84.9,16.96,Moderate (10-25%)
2027-07-13 22:00:00,Shift_3_Night,BAL_SOUTH_PIT,21.8005,80.1901,17,18,4,16,0.09,8.06,21.8,22.1,74.0,33.1,0.295,22.1,424.8,597.9,566.0,503.6,62.4,11.02,Moderate (10-25%)
2027-07-14 06:00:00,Shift_1_Morning,BAL_SOUTH_PIT,21.8005,80.1901,19,21,4,16,0.98,7.5,26.4,60.3,71.5,30.6,0.514,46.5,536.1,539.7,532.8,446.7,86.1,16.16,Moderate (10-25%)
2027-07-14 14:00:00,Shift_2_Evening,BAL_DEEP_LEVEL_3,21.8064,80.1876,18,19,3,12,1.57,7.9,22.3,24.4,63.0,31.7,0.281,18.9,455.3,477.4,467.7,386.4,81.3,17.38,Moderate (10-25%)
2027-07-14 22:00:00,Shift_3_Night,BAL_DEEP_LEVEL_3,21.8064,80.1876,22,23,3,12,1.77,7.45,26.0,62.5,82.9,29.5,0.539,59.4,550.7,549.1,587.1,451.6,135.5,23.08,Moderate (10-25%)
2027-07-15 06:00:00,Shift_1_Morning,UKWA_EXTENSION,21.7932,80.2015,18,20,4,13,0.85,7.88,31.1,90.1,96.8,20.8,0.752,65.0,482.6,594.6,582.4,469.3,113.1,19.42,Moderate (10-25%)
2027-07-15 14:00:00,Shift_2_Evening,UKWA_EXTENSION,21.7932,80.2015,25,26,3,13,1.73,7.87,24.3,33.8,67.5,32.1,0.383,23.5,471.5,456.2,441.9,368.5,73.4,16.61,Moderate (10-25%)
2027-07-15 22:00:00,Shift_3_Night,BAL_DEEP_LEVEL_3,21.8064,80.1876,23,25,4,15,1.17,8.04,22.6,6.6,64.7,38.5,0.252,6.0,437.3,333.6,407.9,352.1,55.8,13.68,Moderate (10-25%)
2027-07-16 06:00:00,Shift_1_Morning,BAL_NORTH_PIT,21.8121,80.1843,20,20,3,12,0.7,7.89,19.4,27.0,63.9,33.3,0.306,11.3,459.9,467.2,548.3,482.5,65.8,12.0,Moderate (10-25%)
2027-07-16 14:00:00,Shift_2_Evening,BAL_DEEP_LEVEL_3,21.8064,80.1876,21,23,3,11,0.37,8.03,22.8,24.0,68.5,35.3,0.25,25.7,453.7,499.8,565.5,529.2,36.3,6.42,Normal (<10%)
2027-07-16 22:00:00,Shift_3_Night,BAL_SOUTH_PIT,21.8005,80.1901,17,20,3,14,1.05,7.87,28.9,59.6,75.7,25.4,0.454,46.6,436.3,577.2,593.6,473.3,120.3,20.27,Moderate (10-25%)
2027-07-17 06:00:00,Shift_1_Morning,BAL_DEEP_LEVEL_3,21.8064,80.1876,17,20,4,13,1.57,8.03,35.0,100.0,96.1,17.3,0.914,97.7,471.7,318.4,578.0,453.6,124.4,21.52,Moderate (10-25%)
2027-07-17 14:00:00,Shift_2_Evening,BAL_SOUTH_PIT,21.8005,80.1901,26,26,4,14,1.77,7.95,25.9,37.9,66.2,31.3,0.417,29.5,486.2,460.6,520.1,390.7,129.4,24.88,Moderate (10-25%)
2027-07-17 22:00:00,Shift_3_Night,UKWA_EXTENSION,21.7932,80.2015,19,20,4,12,0.12,8.14,23.1,34.2,63.6,34.8,0.359,26.1,478.7,465.0,506.0,446.1,59.9,11.84,Moderate (10-25%)
2027-07-18 06:00:00,Shift_1_Morning,BAL_NORTH_PIT,21.8121,80.1843,20,23,3,12,0.3,8.03,23.2,42.8,88.8,30.0,0.418,37.7,419.1,370.6,405.6,356.5,49.1,12.11,Moderate (10-25%)
2027-07-18 14:00:00,Shift_2_Evening,UKWA_EXTENSION,21.7932,80.2015,16,19,3,16,0.08,7.62,18.9,10.1,63.6,38.3,0.211,5.0,548.3,546.4,449.3,408.4,40.9,9.1,Normal (<10%)
2027-07-18 22:00:00,Shift_3_Night,BAL_SOUTH_PIT,21.8005,80.1901,21,24,4,11,0.98,7.92,20.8,10.8,76.8,30.7,0.307,8.4,529.4,464.8,491.9,445.8,46.1,9.37,Normal (<10%)
2027-07-19 06:00:00,Shift_1_Morning,BAL_SOUTH_PIT,21.8005,80.1901,20,25,4,12,1.13,8.01,35.0,100.0,98.0,17.1,0.901,89.9,452.7,509.0,525.7,420.4,105.3,20.03,Moderate (10-25%)
2027-07-19 14:00:00,Shift_2_Evening,BAL_SOUTH_PIT,21.8005,80.1901,24,26,4,14,0.46,7.4,25.9,45.0,66.4,30.0,0.378,39.8,556.6,472.4,511.5,408.8,102.7,20.08,Moderate (10-25%)
2027-07-19 22:00:00,Shift_3_Night,BAL_NORTH_PIT,21.8121,80.1843,16,18,3,10,0.38,7.96,20.8,3.8,63.5,36.0,0.167,4.3,440.4,540.3,548.5,492.6,55.9,10.19,Moderate (10-25%)
2027-07-20 06:00:00,Shift_1_Morning,BAL_DEEP_LEVEL_3,21.8064,80.1876,23,23,3,12,0.86,7.97,20.7,9.7,57.0,36.1,0.145,7.9,394.8,414.5,456.0,395.7,60.3,13.22,Moderate (10-25%)
2027-07-20 14:00:00,Shift_2_Evening,UKWA_EXTENSION,21.7932,80.2015,19,20,4,14,1.32,7.43,23.4,45.8,73.8,29.8,0.411,31.8,541.4,542.2,513.0,401.1,111.9,21.81,Moderate (10-25%)
2027-07-20 22:00:00,Shift_3_Night,UKWA_EXTENSION,21.7932,80.2015,15,18,3,13,2.25,7.38,30.6,78.2,76.8,24.9,0.611,52.6,428.8,406.0,417.6,285.4,132.2,31.66,Critical (>25%)
2027-07-21 06:00:00,Shift_1_Morning,BAL_DEEP_LEVEL_3,21.8064,80.1876,24,26,4,14,1.51,7.86,26.3,70.5,74.1,26.4,0.496,54.2,425.5,392.2,482.7,379.9,102.8,21.3,Moderate (10-25%)
2027-07-21 14:00:00,Shift_2_Evening,UKWA_EXTENSION,21.7932,80.2015,19,19,4,16,0.54,7.27,21.5,18.0,62.5,32.1,0.26,13.8,470.2,491.5,550.0,453.4,96.6,17.56,Moderate (10-25%)
2027-07-21 22:00:00,Shift_3_Night,BAL_NORTH_PIT,21.8121,80.1843,23,26,3,16,2.24,7.89,31.7,92.2,86.3,22.0,0.694,70.0,583.0,392.5,538.7,434.8,103.9,19.29,Moderate (10-25%)
2027-07-22 06:00:00,Shift_1_Morning,UKWA_EXTENSION,21.7932,80.2015,19,20,3,12,0.28,8.06,22.4,25.2,70.3,34.9,0.342,21.8,512.1,513.5,598.1,562.0,36.1,6.04,Normal (<10%)
2027-07-22 14:00:00,Shift_2_Evening,BAL_SOUTH_PIT,21.8005,80.1901,23,27,4,14,0.77,7.84,22.8,45.1,69.8,30.7,0.411,36.4,558.0,489.7,455.6,378.9,76.7,16.83,Moderate (10-25%)
2027-07-22 22:00:00,Shift_3_Night,BAL_DEEP_LEVEL_3,21.8064,80.1876,25,27,3,16,0.38,7.36,25.0,48.2,75.1,29.7,0.375,28.4,454.2,534.9,499.6,381.2,118.4,23.7,Moderate (10-25%)
2027-07-23 06:00:00,Shift_1_Morning,BAL_NORTH_PIT,21.8121,80.1843,26,27,4,16,1.23,8.18,19.5,10.7,70.7,38.9,0.26,8.4,528.8,364.5,465.9,439.1,26.8,5.75,Normal (<10%)
2027-07-23 14:00:00,Shift_2_Evening,BAL_DEEP_LEVEL_3,21.8064,80.1876,16,20,3,14,2.11,7.94,35.0,100.0,96.6,16.8,0.854,99.7,460.5,358.3,488.1,382.6,105.5,21.61,Moderate (10-25%)
2027-07-23 22:00:00,Shift_3_Night,BAL_NORTH_PIT,21.8121,80.1843,19,21,4,16,0.93,7.53,22.4,12.8,64.0,36.8,0.192,7.7,505.8,402.6,571.4,489.8,81.6,14.28,Moderate (10-25%)
2027-07-24 06:00:00,Shift_1_Morning,BAL_SOUTH_PIT,21.8005,80.1901,19,19,4,12,0.46,8.06,21.5,14.4,68.2,35.2,0.309,9.8,565.6,553.9,536.8,494.8,42.0,7.82,Normal (<10%)
2027-07-24 14:00:00,Shift_2_Evening,BAL_DEEP_LEVEL_3,21.8064,80.1876,16,19,3,11,0.92,8.07,31.0,100.0,83.7,24.4,0.686,78.0,477.5,487.5,576.5,473.1,103.4,17.94,Moderate (10-25%)
2027-07-24 22:00:00,Shift_3_Night,UKWA_EXTENSION,21.7932,80.2015,18,21,3,16,1.52,7.85,24.6,27.9,74.7,31.2,0.311,19.9,364.1,403.0,440.7,347.3,93.4,21.19,Moderate (10-25%)
2027-07-25 06:00:00,Shift_1_Morning,BAL_NORTH_PIT,21.8121,80.1843,16,18,3,13,0.7,7.98,24.7,46.5,69.3,30.3,0.446,34.3,450.3,486.6,574.7,456.7,118.0,20.53,Moderate (10-25%)
2027-07-25 14:00:00,Shift_2_Evening,BAL_DEEP_LEVEL_3,21.8064,80.1876,19,21,4,14,0.8,7.84,19.0,26.1,76.5,32.1,0.27,27.3,498.7,429.9,412.0,359.8,52.2,12.67,Moderate (10-25%)
2027-07-25 22:00:00,Shift_3_Night,UKWA_EXTENSION,21.7932,80.2015,16,18,3,16,0.79,8.24,21.3,18.7,70.0,36.7,0.285,21.2,497.1,480.2,577.7,559.2,18.5,3.2,Normal (<10%)
2027-07-26 06:00:00,Shift_1_Morning,BAL_DEEP_LEVEL_3,21.8064,80.1876,20,23,4,14,1.41,7.34,31.1,100.0,95.3,17.9,0.749,77.6,496.9,481.1,465.8,342.2,123.6,26.53,Critical (>25%)
2027-07-26 14:00:00,Shift_2_Evening,BAL_DEEP_LEVEL_3,21.8064,80.1876,24,25,4,12,0.57,7.9,22.7,2.8,64.0,35.2,0.156,0.0,510.1,411.4,462.9,407.8,55.1,11.9,Moderate (10-25%)
2027-07-26 22:00:00,Shift_3_Night,BAL_DEEP_LEVEL_3,21.8064,80.1876,21,24,3,12,1.25,7.9,29.5,86.9,88.0,21.7,0.654,70.6,530.1,453.2,502.4,404.1,98.3,19.57,Moderate (10-25%)
2027-07-27 06:00:00,Shift_1_Morning,BAL_NORTH_PIT,21.8121,80.1843,15,17,3,14,0.65,7.35,21.7,19.6,62.4,32.9,0.249,17.4,575.3,397.2,588.1,517.0,71.1,12.09,Moderate (10-25%)
2027-07-27 14:00:00,Shift_2_Evening,UKWA_EXTENSION,21.7932,80.2015,17,20,3,13,2.34,8.14,32.5,100.0,87.0,22.0,0.725,73.2,417.3,364.6,409.6,292.2,117.4,28.66,Critical (>25%)
2027-07-27 22:00:00,Shift_3_Night,BAL_SOUTH_PIT,21.8005,80.1901,23,23,3,12,0.11,8.24,20.9,14.2,75.3,40.7,0.273,0.6,410.9,336.4,470.4,441.9,28.5,6.06,Normal (<10%)
2027-07-28 06:00:00,Shift_1_Morning,BAL_NORTH_PIT,21.8121,80.1843,15,17,3,16,0.25,7.45,23.9,29.3,70.6,33.2,0.296,26.2,446.2,430.6,571.3,453.6,117.7,20.6,Moderate (10-25%)
2027-07-28 14:00:00,Shift_2_Evening,BAL_NORTH_PIT,21.8121,80.1843,17,18,3,9,2.18,7.37,26.0,83.5,79.1,23.0,0.56,56.9,427.5,410.3,479.2,324.5,154.7,32.28,Critical (>25%)
2027-07-28 22:00:00,Shift_3_Night,BAL_NORTH_PIT,21.8121,80.1843,21,25,4,16,0.26,7.28,20.5,25.4,71.5,28.4,0.328,17.6,444.1,376.5,439.8,330.1,109.7,24.94,Moderate (10-25%)
2027-07-29 06:00:00,Shift_1_Morning,BAL_SOUTH_PIT,21.8005,80.1901,24,26,3,14,0.5,7.48,26.3,43.0,76.2,30.0,0.443,33.0,445.4,497.9,485.0,408.8,76.2,15.71,Moderate (10-25%)
2027-07-29 14:00:00,Shift_2_Evening,UKWA_EXTENSION,21.7932,80.2015,16,20,4,16,1.81,7.47,30.7,75.4,82.7,25.2,0.589,62.1,536.6,470.0,477.1,372.6,104.5,21.9,Moderate (10-25%)
2027-07-29 22:00:00,Shift_3_Night,UKWA_EXTENSION,21.7932,80.2015,19,20,4,14,1.88,7.43,27.6,60.3,74.3,27.1,0.466,36.7,495.9,535.9,583.1,409.1,174.0,29.84,Critical (>25%)
2027-07-30 06:00:00,Shift_1_Morning,UKWA_EXTENSION,21.7932,80.2015,23,26,3,16,2.11,7.52,28.7,81.7,88.9,28.7,0.608,63.5,523.6,564.0,552.4,386.9,165.5,29.96,Critical (>25%)
2027-07-30 14:00:00,Shift_2_Evening,BAL_DEEP_LEVEL_3,21.8064,80.1876,20,21,3,15,0.9,8.04,23.0,32.0,75.7,31.3,0.359,22.8,565.8,418.2,501.0,425.2,75.8,15.13,Moderate (10-25%)
2027-07-30 22:00:00,Shift_3_Night,BAL_DEEP_LEVEL_3,21.8064,80.1876,17,18,3,16,0.52,8.03,21.9,17.9,69.0,35.3,0.301,5.8,480.8,576.8,597.7,559.0,38.7,6.47,Normal (<10%)
2027-07-31 06:00:00,Shift_1_Morning,BAL_DEEP_LEVEL_3,21.8064,80.1876,21,22,3,12,1.53,7.97,21.3,5.1,62.0,36.9,0.152,0.0,345.6,413.0,493.1,403.4,89.7,18.19,Moderate (10-25%)
2027-07-31 14:00:00,Shift_2_Evening,BAL_SOUTH_PIT,21.8005,80.1901,23,25,4,14,0.13,7.39,18.1,15.2,60.8,34.2,0.205,22.2,368.1,418.2,411.6,331.1,80.5,19.56,Moderate (10-25%)
2027-07-31 22:00:00,Shift_3_Night,BAL_DEEP_LEVEL_3,21.8064,80.1876,19,20,3,13,0.34,8.07,22.4,10.7,67.9,34.5,0.263,10.5,416.7,405.5,452.5,394.7,57.8,12.77,Moderate (10-25%)
2027-08-01 06:00:00,Shift_1_Morning,BAL_SOUTH_PIT,21.8005,80.1901,21,23,3,16,0.96,7.5,23.6,37.0,70.0,29.8,0.344,24.8,525.3,531.7,487.2,408.9,78.3,16.07,Moderate (10-25%)
2027-08-01 14:00:00,Shift_2_Evening,UKWA_EXTENSION,21.7932,80.2015,17,18,4,14,0.16,8.09,19.7,11.3,57.5,36.1,0.191,7.8,386.6,328.6,431.4,396.2,35.2,8.16,Normal (<10%)
2027-08-01 22:00:00,Shift_3_Night,BAL_DEEP_LEVEL_3,21.8064,80.1876,19,20,4,14,1.68,8.08,18.2,5.2,68.0,37.0,0.211,5.9,487.9,391.4,589.5,484.6,104.9,17.79,Moderate (10-25%)
2027-08-02 06:00:00,Shift_1_Morning,BAL_DEEP_LEVEL_3,21.8064,80.1876,22,24,3,12,0.65,7.86,19.9,3.6,58.8,33.2,0.279,5.0,423.9,486.3,553.4,467.6,85.8,15.5,Moderate (10-25%)
2027-08-02 14:00:00,Shift_2_Evening,BAL_NORTH_PIT,21.8121,80.1843,18,20,3,14,1.22,7.86,26.0,46.7,66.5,27.7,0.477,45.8,444.4,465.9,453.7,353.9,99.8,22.0,Moderate (10-25%)
2027-08-02 22:00:00,Shift_3_Night,BAL_SOUTH_PIT,21.8005,80.1901,18,20,3,14,0.92,7.42,27.2,48.2,82.2,24.4,0.447,35.9,331.2,443.1,518.2,378.2,140.0,27.02,Critical (>25%)
2027-08-03 06:00:00,Shift_1_Morning,UKWA_EXTENSION,21.7932,80.2015,21,21,4,16,0.25,7.39,20.5,11.9,57.0,31.9,0.233,10.3,402.9,454.9,544.3,481.5,62.8,11.54,Moderate (10-25%)
2027-08-03 14:00:00,Shift_2_Evening,BAL_NORTH_PIT,21.8121,80.1843,20,21,4,16,1.28,8.08,28.4,78.0,82.2,28.1,0.572,55.1,339.9,441.2,588.3,462.7,125.6,21.35,Moderate (10-25%)
2027-08-03 22:00:00,Shift_3_Night,BAL_NORTH_PIT,21.8121,80.1843,23,23,3,16,0.25,7.54,21.4,4.6,57.2,37.0,0.176,9.3,436.4,488.1,576.3,504.8,71.5,12.41,Moderate (10-25%)
2027-08-04 06:00:00,Shift_1_Morning,UKWA_EXTENSION,21.7932,80.2015,20,26,4,11,2.57,7.61,35.0,100.0,91.6,15.0,0.829,94.8,525.2,435.6,503.0,330.4,172.6,34.31,Critical (>25%)
2027-08-04 14:00:00,Shift_2_Evening,BAL_NORTH_PIT,21.8121,80.1843,19,21,3,12,0.17,8.04,21.7,32.3,82.5,31.0,0.354,22.4,484.9,606.9,554.9,500.3,54.6,9.84,Normal (<10%)
2027-08-04 22:00:00,Shift_3_Night,BAL_SOUTH_PIT,21.8005,80.1901,18,19,4,15,0.28,7.52,20.8,6.5,63.2,33.5,0.21,6.8,356.5,395.2,512.4,440.9,71.5,13.95,Moderate (10-25%)
2027-08-05 06:00:00,Shift_1_Morning,BAL_SOUTH_PIT,21.8005,80.1901,20,21,3,16,1.55,7.62,27.0,62.5,81.9,27.3,0.489,49.2,524.2,517.8,510.5,427.8,82.7,16.2,Moderate (10-25%)
2027-08-05 14:00:00,Shift_2_Evening,BAL_DEEP_LEVEL_3,21.8064,80.1876,22,23,3,16,0.49,7.55,25.5,58.7,83.3,29.2,0.545,49.3,447.4,529.8,422.9,319.2,103.7,24.52,Moderate (10-25%)
2027-08-05 22:00:00,Shift_3_Night,BAL_NORTH_PIT,21.8121,80.1843,26,27,3,10,0.82,7.51,21.0,23.6,65.9,33.2,0.344,18.5,473.6,383.3,425.2,347.5,77.7,18.27,Moderate (10-25%)
2027-08-06 06:00:00,Shift_1_Morning,BAL_DEEP_LEVEL_3,21.8064,80.1876,22,25,3,15,0.59,8.15,28.8,66.5,87.0,25.4,0.56,45.1,524.8,550.3,505.9,408.3,97.6,19.29,Moderate (10-25%)
2027-08-06 14:00:00,Shift_2_Evening,BAL_NORTH_PIT,21.8121,80.1843,19,20,4,13,0.43,8.01,23.7,10.9,66.6,33.2,0.252,12.4,357.6,470.5,453.8,383.2,70.6,15.56,Moderate (10-25%)
2027-08-06 22:00:00,Shift_3_Night,BAL_SOUTH_PIT,21.8005,80.1901,21,22,4,12,0.67,7.47,23.5,24.7,72.6,31.2,0.329,8.7,471.0,485.7,404.2,342.1,62.1,15.36,Moderate (10-25%)
2027-08-07 06:00:00,Shift_1_Morning,BAL_SOUTH_PIT,21.8005,80.1901,23,25,3,16,1.25,7.92,18.7,4.7,60.1,33.1,0.213,10.1,501.4,451.2,544.6,503.6,41.0,7.53,Normal (<10%)
2027-08-07 14:00:00,Shift_2_Evening,BAL_SOUTH_PIT,21.8005,80.1901,22,23,4,16,1.48,8.07,20.1,12.7,66.4,35.6,0.259,9.2,511.9,524.1,406.5,361.0,45.5,11.19,Moderate (10-25%)
2027-08-07 22:00:00,Shift_3_Night,BAL_NORTH_PIT,21.8121,80.1843,19,21,3,15,0.96,8.12,20.7,9.3,64.3,35.0,0.217,6.0,488.4,560.4,519.1,476.2,42.9,8.26,Normal (<10%)
2027-08-08 06:00:00,Shift_1_Morning,BAL_SOUTH_PIT,21.8005,80.1901,17,21,3,11,1.81,7.49,33.8,100.0,97.8,16.6,0.724,86.9,455.9,517.4,507.8,411.3,96.5,19.0,Moderate (10-25%)
2027-08-08 14:00:00,Shift_2_Evening,BAL_NORTH_PIT,21.8121,80.1843,23,25,4,12,1.63,7.63,19.7,7.7,60.7,35.7,0.21,12.5,414.4,586.0,593.8,488.4,105.4,17.75,Moderate (10-25%)
2027-08-08 22:00:00,Shift_3_Night,BAL_DEEP_LEVEL_3,21.8064,80.1876,22,24,3,13,1.53,7.8,24.2,29.7,81.9,26.7,0.418,21.8,471.4,556.8,496.8,395.7,101.1,20.35,Moderate (10-25%)
2027-08-09 06:00:00,Shift_1_Morning,BAL_NORTH_PIT,21.8121,80.1843,21,22,4,12,0.67,7.99,22.1,39.0,74.0,30.6,0.362,22.9,523.2,463.5,412.7,355.8,56.9,13.79,Moderate (10-25%)
2027-08-09 14:00:00,Shift_2_Evening,BAL_DEEP_LEVEL_3,21.8064,80.1876,20,25,4,11,1.26,7.5,35.0,100.0,91.9,17.4,0.802,87.5,490.0,588.3,510.3,364.4,145.9,28.59,Critical (>25%)
2027-08-09 22:00:00,Shift_3_Night,BAL_NORTH_PIT,21.8121,80.1843,18,27,2,16,4.42,7.93,35.0,100.0,94.0,15.0,0.871,93.3,530.5,518.0,568.2,411.3,156.9,27.61,Critical (>25%)
2027-08-10 06:00:00,Shift_1_Morning,BAL_DEEP_LEVEL_3,21.8064,80.1876,22,23,3,14,1.53,7.74,29.6,79.3,85.7,28.0,0.615,52.9,519.3,545.1,599.4,497.3,102.1,17.03,Moderate (10-25%)
2027-08-10 14:00:00,Shift_2_Evening,BAL_SOUTH_PIT,21.8005,80.1901,16,19,3,14,1.42,7.99,35.0,100.0,91.4,16.7,0.827,96.2,504.9,446.0,486.1,401.0,85.1,17.51,Moderate (10-25%)
2027-08-10 22:00:00,Shift_3_Night,BAL_DEEP_LEVEL_3,21.8064,80.1876,20,23,3,14,1.19,7.46,25.0,55.9,80.5,26.6,0.46,40.9,529.7,550.0,464.1,382.7,81.4,17.54,Moderate (10-25%)
2027-08-11 06:00:00,Shift_1_Morning,BAL_SOUTH_PIT,21.8005,80.1901,22,26,4,14,1.58,7.5,35.0,100.0,95.1,15.3,0.87,89.8,564.2,461.7,581.3,431.3,150.0,25.8,Critical (>25%)
2027-08-11 14:00:00,Shift_2_Evening,BAL_SOUTH_PIT,21.8005,80.1901,19,23,4,12,0.84,7.3,25.6,54.7,87.6,25.9,0.524,44.4,433.0,522.3,438.2,330.2,108.0,24.65,Moderate (10-25%)
2027-08-11 22:00:00,Shift_3_Night,BAL_DEEP_LEVEL_3,21.8064,80.1876,18,19,3,14,0.5,7.42,20.0,9.9,60.9,35.7,0.206,10.4,357.2,399.9,523.1,440.8,82.3,15.73,Moderate (10-25%)
2027-08-12 06:00:00,Shift_1_Morning,BAL_NORTH_PIT,21.8121,80.1843,17,19,3,13,0.29,8.1,20.6,18.2,65.9,32.7,0.226,20.3,434.6,429.0,481.1,429.8,51.3,10.66,Moderate (10-25%)
2027-08-12 14:00:00,Shift_2_Evening,BAL_NORTH_PIT,21.8121,80.1843,17,18,4,14,1.66,7.44,27.8,56.4,77.7,26.8,0.539,42.8,419.3,452.0,408.2,287.7,120.5,29.52,Critical (>25%)
2027-08-12 22:00:00,Shift_3_Night,UKWA_EXTENSION,21.7932,80.2015,24,25,4,14,0.66,7.92,21.0,21.0,76.6,33.1,0.258,12.7,553.1,493.5,469.5,444.5,25.0,5.32,Normal (<10%)
2027-08-13 06:00:00,Shift_1_Morning,BAL_NORTH_PIT,21.8121,80.1843,24,26,4,15,1.1,7.63,19.9,19.4,58.4,36.4,0.259,21.1,464.5,394.4,453.0,364.0,89.0,19.65,Moderate (10-25%)
2027-08-13 14:00:00,Shift_2_Evening,UKWA_EXTENSION,21.7932,80.2015,19,20,4,12,0.57,7.63,21.9,31.6,71.5,32.2,0.335,28.6,484.0,490.4,537.2,432.1,105.1,19.56,Moderate (10-25%)
2027-08-13 22:00:00,Shift_3_Night,BAL_NORTH_PIT,21.8121,80.1843,22,24,2,12,2.03,8.05,34.3,100.0,93.9,19.2,0.772,71.9,499.0,513.2,589.8,439.8,150.0,25.43,Critical (>25%)
2027-08-14 06:00:00,Shift_1_Morning,BAL_NORTH_PIT,21.8121,80.1843,21,21,4,12,0.71,7.95,20.4,9.1,59.3,35.5,0.235,10.4,512.4,553.2,453.6,455.2,0.0,0.0,Normal (<10%)
2027-08-14 14:00:00,Shift_2_Evening,BAL_SOUTH_PIT,21.8005,80.1901,17,19,4,10,2.34,7.98,32.0,85.2,98.0,22.9,0.597,65.9,440.8,401.3,562.3,436.8,125.5,22.32,Moderate (10-25%)
2027-08-14 22:00:00,Shift_3_Night,UKWA_EXTENSION,21.7932,80.2015,18,19,3,15,0.6,7.42,26.1,53.2,73.1,26.7,0.45,38.4,435.2,479.7,411.1,329.4,81.7,19.87,Moderate (10-25%)
2027-08-15 06:00:00,Shift_1_Morning,BAL_NORTH_PIT,21.8121,80.1843,21,26,4,14,2.29,7.4,33.9,100.0,93.0,19.4,0.777,82.0,403.6,393.2,507.6,329.1,178.5,35.17,Critical (>25%)
2027-08-15 14:00:00,Shift_2_Evening,UKWA_EXTENSION,21.7932,80.2015,23,26,3,13,0.76,7.9,26.9,68.5,90.1,22.1,0.573,50.2,448.2,548.5,414.1,346.4,67.7,16.35,Moderate (10-25%)
2027-08-15 22:00:00,Shift_3_Night,BAL_SOUTH_PIT,21.8005,80.1901,20,24,3,13,0.91,7.44,29.9,71.6,81.0,23.6,0.587,42.6,582.1,400.6,586.8,497.1,89.7,15.29,Moderate (10-25%)
2027-08-16 06:00:00,Shift_1_Morning,BAL_SOUTH_PIT,21.8005,80.1901,18,19,4,13,0.55,7.9,21.9,28.4,70.9,29.9,0.312,20.2,597.3,531.9,553.3,505.7,47.6,8.6,Normal (<10%)
2027-08-16 14:00:00,Shift_2_Evening,UKWA_EXTENSION,21.7932,80.2015,16,18,3,16,1.73,7.34,21.7,15.0,64.4,30.8,0.275,7.8,553.6,568.2,531.6,404.3,127.3,23.95,Moderate (10-25%)
2027-08-16 22:00:00,Shift_3_Night,BAL_SOUTH_PIT,21.8005,80.1901,22,23,4,16,0.53,7.52,23.0,34.1,72.0,28.2,0.412,29.7,457.0,584.2,564.8,473.4,91.4,16.18,Moderate (10-25%)
2027-08-17 06:00:00,Shift_1_Morning,BAL_DEEP_LEVEL_3,21.8064,80.1876,20,20,3,12,1.52,7.52,23.2,49.0,79.5,30.3,0.396,31.5,493.4,544.8,529.5,411.1,118.4,22.36,Moderate (10-25%)
2027-08-17 14:00:00,Shift_2_Evening,BAL_DEEP_LEVEL_3,21.8064,80.1876,14,17,4,11,2.31,8.17,30.5,100.0,88.5,21.6,0.692,72.6,549.9,490.6,593.8,479.4,114.4,19.27,Moderate (10-25%)
2027-08-17 22:00:00,Shift_3_Night,BAL_SOUTH_PIT,21.8005,80.1901,20,21,3,12,0.96,7.43,25.9,51.0,63.5,26.2,0.451,33.3,358.7,424.3,542.8,387.1,155.7,28.68,Critical (>25%)
2027-08-18 06:00:00,Shift_1_Morning,BAL_DEEP_LEVEL_3,21.8064,80.1876,22,25,3,16,0.0,8.03,20.7,13.9,65.4,33.5,0.258,7.2,412.9,560.1,584.9,523.9,61.0,10.43,Moderate (10-25%)
2027-08-18 14:00:00,Shift_2_Evening,BAL_NORTH_PIT,21.8121,80.1843,17,18,4,16,0.47,8.03,22.4,32.5,70.6,31.1,0.363,20.0,532.7,569.2,503.4,448.9,54.5,10.83,Moderate (10-25%)
2027-08-18 22:00:00,Shift_3_Night,UKWA_EXTENSION,21.7932,80.2015,20,20,4,16,0.48,7.47,20.5,27.4,70.1,31.0,0.357,24.7,403.3,444.5,423.4,337.1,86.3,20.38,Moderate (10-25%)
2027-08-19 06:00:00,Shift_1_Morning,BAL_NORTH_PIT,21.8121,80.1843,16,17,3,16,1.25,8.07,21.5,5.1,61.1,37.6,0.189,6.9,561.7,456.7,505.6,447.4,58.2,11.51,Moderate (10-25%)
2027-08-19 14:00:00,Shift_2_Evening,UKWA_EXTENSION,21.7932,80.2015,21,22,4,16,1.26,8.08,22.0,14.5,61.7,36.0,0.264,6.1,326.3,405.3,425.4,342.3,83.1,19.53,Moderate (10-25%)
2027-08-19 22:00:00,Shift_3_Night,BAL_SOUTH_PIT,21.8005,80.1901,25,26,4,14,1.35,7.53,20.7,6.7,61.3,35.2,0.182,15.5,420.5,442.8,518.5,449.5,69.0,13.31,Moderate (10-25%)
2027-08-20 06:00:00,Shift_1_Morning,BAL_NORTH_PIT,21.8121,80.1843,24,26,3,10,1.11,7.97,29.1,73.8,92.3,22.8,0.598,55.0,400.9,551.8,496.5,405.1,91.4,18.41,Moderate (10-25%)
2027-08-20 14:00:00,Shift_2_Evening,BAL_SOUTH_PIT,21.8005,80.1901,22,23,3,14,0.74,7.96,24.7,29.1,70.4,30.5,0.363,27.7,403.3,345.1,524.5,440.0,84.5,16.11,Moderate (10-25%)
2027-08-20 22:00:00,Shift_3_Night,BAL_SOUTH_PIT,21.8005,80.1901,18,20,4,12,0.96,7.36,22.2,22.9,70.8,29.0,0.269,10.4,445.4,382.6,402.0,314.5,87.5,21.77,Moderate (10-25%)
2027-08-21 06:00:00,Shift_1_Morning,UKWA_EXTENSION,21.7932,80.2015,19,22,4,12,1.65,7.42,32.3,100.0,85.6,18.8,0.753,79.1,437.9,544.4,439.0,293.3,145.7,33.19,Critical (>25%)
2027-08-21 14:00:00,Shift_2_Evening,UKWA_EXTENSION,21.7932,80.2015,19,21,3,14,1.0,7.44,22.3,19.7,65.0,30.9,0.237,17.6,443.3,499.4,498.3,409.9,88.4,17.74,Moderate (10-25%)
2027-08-21 22:00:00,Shift_3_Night,UKWA_EXTENSION,21.7932,80.2015,24,24,3,16,0.71,7.89,22.3,0.5,55.7,37.0,0.177,0.7,535.4,573.8,590.1,528.0,62.1,10.52,Moderate (10-25%)
2027-08-22 06:00:00,Shift_1_Morning,BAL_NORTH_PIT,21.8121,80.1843,18,21,3,16,1.33,8.04,22.3,18.0,73.1,33.6,0.223,7.9,512.0,429.2,476.7,421.0,55.7,11.68,Moderate (10-25%)
2027-08-22 14:00:00,Shift_2_Evening,BAL_DEEP_LEVEL_3,21.8064,80.1876,16,17,3,16,0.4,7.62,20.8,5.5,53.7,36.9,0.138,1.7,428.5,361.3,484.9,408.2,76.7,15.82,Moderate (10-25%)
2027-08-22 22:00:00,Shift_3_Night,UKWA_EXTENSION,21.7932,80.2015,24,25,3,13,1.59,7.91,20.7,7.3,66.4,33.6,0.247,5.8,502.7,438.4,542.9,419.5,123.4,22.73,Moderate (10-25%)
2027-08-23 06:00:00,Shift_1_Morning,UKWA_EXTENSION,21.7932,80.2015,18,18,3,13,1.26,7.53,20.2,3.2,62.8,34.6,0.159,12.7,520.2,410.5,520.8,426.4,94.4,18.13,Moderate (10-25%)
2027-08-23 14:00:00,Shift_2_Evening,BAL_NORTH_PIT,21.8121,80.1843,14,16,3,16,0.33,7.4,24.1,36.0,72.4,28.0,0.329,36.2,482.6,433.7,459.8,354.4,105.4,22.92,Moderate (10-25%)
2027-08-23 22:00:00,Shift_3_Night,UKWA_EXTENSION,21.7932,80.2015,19,20,3,16,0.47,7.47,21.0,8.9,52.1,35.0,0.241,10.8,485.4,528.5,482.2,419.6,62.6,12.98,Moderate (10-25%)
2027-08-24 06:00:00,Shift_1_Morning,BAL_NORTH_PIT,21.8121,80.1843,20,21,3,14,1.04,7.93,22.3,28.8,59.5,31.0,0.307,13.4,575.5,522.4,443.5,397.5,46.0,10.37,Moderate (10-25%)
2027-08-24 14:00:00,Shift_2_Evening,BAL_SOUTH_PIT,21.8005,80.1901,21,24,3,14,2.12,8.06,27.4,62.9,81.9,27.6,0.538,50.1,486.4,469.2,593.2,505.7,87.5,14.75,Moderate (10-25%)
2027-08-24 22:00:00,Shift_3_Night,UKWA_EXTENSION,21.7932,80.2015,17,19,3,15,0.23,7.43,26.5,35.1,66.9,26.3,0.329,35.2,440.2,391.5,426.1,339.4,86.7,20.35,Moderate (10-25%)
2027-08-25 06:00:00,Shift_1_Morning,UKWA_EXTENSION,21.7932,80.2015,15,17,4,10,1.39,7.6,30.6,99.7,87.6,23.0,0.699,75.3,364.8,375.9,474.4,335.2,139.2,29.34,Critical (>25%)
2027-08-25 14:00:00,Shift_2_Evening,BAL_SOUTH_PIT,21.8005,80.1901,15,17,3,12,0.97,7.98,22.7,32.1,69.2,29.7,0.382,20.7,513.4,493.7,405.2,341.3,63.9,15.77,Moderate (10-25%)
2027-08-25 22:00:00,Shift_3_Night,BAL_SOUTH_PIT,21.8005,80.1901,25,27,3,12,1.49,7.44,19.9,21.2,63.0,30.0,0.331,19.0,441.5,457.1,444.4,363.5,80.9,18.2,Moderate (10-25%)
2027-08-26 06:00:00,Shift_1_Morning,BAL_SOUTH_PIT,21.8005,80.1901,19,22,3,14,0.82,7.87,25.3,70.6,74.6,21.8,0.469,49.0,455.5,556.5,556.1,478.6,77.5,13.94,Moderate (10-25%)
2027-08-26 14:00:00,Shift_2_Evening,UKWA_EXTENSION,21.7932,80.2015,25,26,4,12,1.19,7.53,22.6,7.1,63.4,34.4,0.193,10.4,453.3,418.3,440.2,337.3,102.9,23.38,Moderate (10-25%)
2027-08-26 22:00:00,Shift_3_Night,BAL_DEEP_LEVEL_3,21.8064,80.1876,17,17,3,12,0.51,7.59,24.3,10.6,56.6,37.1,0.254,10.8,446.3,471.3,416.0,342.9,73.1,17.57,Moderate (10-25%)
2027-08-27 06:00:00,Shift_1_Morning,BAL_DEEP_LEVEL_3,21.8064,80.1876,24,24,4,16,0.43,8.03,21.8,26.3,66.1,33.5,0.29,13.7,409.8,461.0,494.9,436.9,58.0,11.72,Moderate (10-25%)
2027-08-27 14:00:00,Shift_2_Evening,BAL_DEEP_LEVEL_3,21.8064,80.1876,19,21,3,16,2.3,8.22,23.1,41.3,70.3,34.8,0.423,30.3,499.6,483.8,402.0,308.4,93.6,23.28,Moderate (10-25%)
2027-08-27 22:00:00,Shift_3_Night,UKWA_EXTENSION,21.7932,80.2015,20,23,3,12,1.98,8.14,30.2,94.8,90.4,22.5,0.733,81.3,489.3,421.9,417.0,339.8,77.2,18.51,Moderate (10-25%)
2027-08-28 06:00:00,Shift_1_Morning,BAL_SOUTH_PIT,21.8005,80.1901,17,20,4,11,2.41,7.97,30.0,96.9,98.0,19.8,0.75,70.9,513.9,500.8,561.5,431.7,129.8,23.12,Moderate (10-25%)
2027-08-28 14:00:00,Shift_2_Evening,UKWA_EXTENSION,21.7932,80.2015,23,24,3,15,0.0,7.97,24.5,25.9,63.1,30.0,0.295,20.9,402.7,529.0,554.3,479.1,75.2,13.57,Moderate (10-25%)
2027-08-28 22:00:00,Shift_3_Night,BAL_SOUTH_PIT,21.8005,80.1901,24,26,4,12,0.39,7.55,24.8,42.5,75.9,28.0,0.393,35.5,389.4,324.3,583.0,460.9,122.1,20.94,Moderate (10-25%)
2027-08-29 06:00:00,Shift_1_Morning,UKWA_EXTENSION,21.7932,80.2015,16,18,3,16,2.09,7.42,24.3,30.1,70.4,30.0,0.273,21.5,488.4,535.2,570.9,440.7,130.2,22.81,Moderate (10-25%)
2027-08-29 14:00:00,Shift_2_Evening,UKWA_EXTENSION,21.7932,80.2015,22,25,3,16,2.04,8.12,29.7,100.0,93.5,20.0,0.697,70.0,465.2,522.3,536.6,456.6,80.0,14.91,Moderate (10-25%)
2027-08-29 22:00:00,Shift_3_Night,BAL_SOUTH_PIT,21.8005,80.1901,21,23,3,14,2.46,8.04,29.0,78.4,84.6,22.7,0.659,51.8,435.1,444.5,410.5,317.7,92.8,22.61,Moderate (10-25%)
2027-08-30 06:00:00,Shift_1_Morning,BAL_DEEP_LEVEL_3,21.8064,80.1876,19,23,3,14,2.14,7.53,33.9,100.0,98.0,16.8,0.853,94.3,394.9,414.4,556.6,373.2,183.4,32.95,Critical (>25%)
2027-08-30 14:00:00,Shift_2_Evening,BAL_SOUTH_PIT,21.8005,80.1901,17,18,4,16,0.73,7.57,21.5,7.6,68.5,36.2,0.276,3.2,454.9,451.5,569.1,535.3,33.8,5.94,Normal (<10%)
2027-08-30 22:00:00,Shift_3_Night,BAL_NORTH_PIT,21.8121,80.1843,23,26,4,14,0.41,8.17,27.7,68.8,86.1,27.3,0.606,40.5,515.6,581.3,559.8,470.2,89.6,16.01,Moderate (10-25%)
2027-08-31 06:00:00,Shift_1_Morning,BAL_NORTH_PIT,21.8121,80.1843,22,23,4,13,1.61,8.02,21.2,24.8,61.5,30.8,0.303,23.0,517.2,500.6,501.7,440.2,61.5,12.26,Moderate (10-25%)
2027-08-31 14:00:00,Shift_2_Evening,BAL_SOUTH_PIT,21.8005,80.1901,19,20,3,14,2.04,7.49,19.5,12.1,64.5,31.8,0.202,10.7,502.6,431.6,446.6,356.5,90.1,20.17,Moderate (10-25%)
2027-08-31 22:00:00,Shift_3_Night,UKWA_EXTENSION,21.7932,80.2015,16,18,2,11,0.92,8.15,32.0,93.9,87.9,23.2,0.69,69.3,404.0,424.0,569.1,463.7,105.4,18.52,Moderate (10-25%)
2027-09-01 06:00:00,Shift_1_Morning,BAL_NORTH_PIT,21.8121,80.1843,16,18,4,14,0.1,7.6,20.9,0.6,57.7,33.2,0.223,1.6,515.8,493.1,545.4,492.8,52.6,9.64,Normal (<10%)
2027-09-01 14:00:00,Shift_2_Evening,BAL_NORTH_PIT,21.8121,80.1843,17,20,4,10,2.22,7.47,33.7,100.0,89.7,15.4,0.777,77.3,447.7,512.1,596.2,428.6,167.6,28.11,Critical (>25%)
2027-09-01 22:00:00,Shift_3_Night,UKWA_EXTENSION,21.7932,80.2015,24,26,3,14,0.54,8.0,19.6,9.3,64.1,31.0,0.225,8.8,566.4,558.6,431.1,429.1,2.0,0.46,Normal (<10%)
2027-09-02 06:00:00,Shift_1_Morning,UKWA_EXTENSION,21.7932,80.2015,20,22,3,12,0.85,7.52,25.2,62.5,83.2,22.7,0.55,48.0,428.0,402.9,445.1,330.0,115.1,25.86,Critical (>25%)
2027-09-02 14:00:00,Shift_2_Evening,BAL_DEEP_LEVEL_3,21.8064,80.1876,25,26,4,16,0.79,7.54,19.7,14.2,69.1,32.9,0.247,17.7,422.6,520.7,442.4,378.0,64.4,14.56,Moderate (10-25%)
2027-09-02 22:00:00,Shift_3_Night,UKWA_EXTENSION,21.7932,80.2015,20,21,4,14,1.96,7.36,21.3,24.3,72.3,28.3,0.306,14.0,415.0,520.3,558.5,438.7,119.8,21.45,Moderate (10-25%)
2027-09-03 06:00:00,Shift_1_Morning,BAL_SOUTH_PIT,21.8005,80.1901,22,24,3,12,0.6,7.85,22.4,16.0,66.8,28.6,0.23,13.2,368.5,368.3,437.4,403.6,33.8,7.73,Normal (<10%)
2027-09-03 14:00:00,Shift_2_Evening,BAL_SOUTH_PIT,21.8005,80.1901,23,25,3,11,1.5,7.41,24.6,40.3,73.9,23.9,0.417,32.2,441.0,408.2,413.3,310.7,102.6,24.82,Moderate (10-25%)
2027-09-03 22:00:00,Shift_3_Night,BAL_DEEP_LEVEL_3,21.8064,80.1876,18,19,2,16,0.0,7.9,22.5,20.4,65.3,27.6,0.301,19.2,457.7,475.0,599.7,509.5,90.2,15.04,Moderate (10-25%)
2027-09-04 06:00:00,Shift_1_Morning,BAL_NORTH_PIT,21.8121,80.1843,17,18,4,15,1.29,7.44,26.6,63.5,80.0,22.5,0.566,48.2,428.9,497.3,405.0,327.5,77.5,19.14,Moderate (10-25%)
2027-09-04 14:00:00,Shift_2_Evening,BAL_NORTH_PIT,21.8121,80.1843,21,22,2,16,0.48,7.56,21.7,2.5,58.0,35.1,0.183,2.9,499.7,433.5,567.0,483.0,84.0,14.81,Moderate (10-25%)
2027-09-04 22:00:00,Shift_3_Night,UKWA_EXTENSION,21.7932,80.2015,21,22,4,11,0.0,7.48,22.8,13.1,64.7,28.4,0.249,11.4,516.2,504.6,473.1,391.8,81.3,17.18,Moderate (10-25%)
2027-09-05 06:00:00,Shift_1_Morning,BAL_SOUTH_PIT,21.8005,80.1901,17,18,3,12,0.6,7.52,23.0,8.3,66.9,33.0,0.3,9.2,462.4,470.3,568.3,493.9,74.4,13.09,Moderate (10-25%)
2027-09-05 14:00:00,Shift_2_Evening,BAL_NORTH_PIT,21.8121,80.1843,23,24,4,11,0.6,7.38,22.7,31.3,78.3,24.8,0.329,32.1,540.7,569.4,510.9,422.1,88.8,17.38,Moderate (10-25%)
2027-09-05 22:00:00,Shift_3_Night,BAL_DEEP_LEVEL_3,21.8064,80.1876,17,19,3,12,0.26,7.95,22.5,50.1,74.5,25.4,0.367,41.8,388.5,507.4,580.3,489.6,90.7,15.63,Moderate (10-25%)
2027-09-06 06:00:00,Shift_1_Morning,BAL_DEEP_LEVEL_3,21.8064,80.1876,21,25,4,11,0.3,8.06,26.5,60.9,76.0,27.4,0.48,44.7,445.9,563.9,585.2,533.7,51.5,8.8,Normal (<10%)
2027-09-06 14:00:00,Shift_2_Evening,BAL_SOUTH_PIT,21.8005,80.1901,25,27,3,14,0.13,7.56,21.7,15.4,69.8,29.6,0.208,18.5,425.2,517.0,401.8,333.2,68.6,17.07,Moderate (10-25%)
2027-09-06 22:00:00,Shift_3_Night,BAL_DEEP_LEVEL_3,21.8064,80.1876,19,20,4,14,0.27,7.93,22.3,22.8,57.3,29.3,0.275,25.7,482.6,467.8,415.1,360.0,55.1,13.27,Moderate (10-25%)
2027-09-07 06:00:00,Shift_1_Morning,BAL_DEEP_LEVEL_3,21.8064,80.1876,23,25,3,12,1.48,8.02,27.6,70.8,87.4,21.5,0.59,47.3,382.3,439.8,450.1,356.1,94.0,20.88,Moderate (10-25%)
2027-09-07 14:00:00,Shift_2_Evening,BAL_SOUTH_PIT,21.8005,80.1901,16,17,3,12,1.4,7.72,22.2,9.5,56.6,35.5,0.215,14.3,542.1,376.1,533.9,403.7,130.2,24.39,Moderate (10-25%)
2027-09-07 22:00:00,Shift_3_Night,UKWA_EXTENSION,21.7932,80.2015,20,21,4,12,0.33,8.0,21.0,14.0,69.3,29.2,0.318,20.9,533.0,536.4,577.7,542.1,35.6,6.16,Normal (<10%)
2027-09-08 06:00:00,Shift_1_Morning,UKWA_EXTENSION,21.7932,80.2015,21,23,3,12,1.02,7.93,23.8,31.9,68.7,23.6,0.347,27.4,541.2,417.2,492.0,418.0,74.0,15.04,Moderate (10-25%)
2027-09-08 14:00:00,Shift_2_Evening,BAL_DEEP_LEVEL_3,21.8064,80.1876,16,18,3,12,0.57,7.98,21.8,10.5,65.3,30.1,0.201,13.9,353.3,390.9,521.4,435.0,86.4,16.57,Moderate (10-25%)
2027-09-08 22:00:00,Shift_3_Night,UKWA_EXTENSION,21.7932,80.2015,26,26,4,14,0.34,8.01,17.0,2.8,72.2,32.6,0.143,3.9,534.9,519.3,437.7,422.6,15.1,3.45,Normal (<10%)
2027-09-09 06:00:00,Shift_1_Morning,UKWA_EXTENSION,21.7932,80.2015,17,19,4,14,1.01,7.48,20.8,11.6,59.4,32.9,0.179,8.4,533.9,454.4,561.0,471.4,89.6,15.97,Moderate (10-25%)
2027-09-09 14:00:00,Shift_2_Evening,BAL_DEEP_LEVEL_3,21.8064,80.1876,23,25,3,11,0.98,8.0,31.4,66.4,76.4,23.0,0.494,51.5,462.6,526.8,593.5,488.2,105.3,17.74,Moderate (10-25%)
2027-09-09 22:00:00,Shift_3_Night,UKWA_EXTENSION,21.7932,80.2015,19,20,4,14,0.77,7.36,21.9,3.6,61.3,32.3,0.108,0.0,458.3,384.1,453.7,378.7,75.0,16.53,Moderate (10-25%)
2027-09-10 06:00:00,Shift_1_Morning,BAL_DEEP_LEVEL_3,21.8064,80.1876,25,26,4,16,1.33,7.4,20.6,12.6,72.4,28.5,0.257,11.1,494.1,490.9,499.0,419.2,79.8,15.99,Moderate (10-25%)
2027-09-10 14:00:00,Shift_2_Evening,BAL_NORTH_PIT,21.8121,80.1843,24,24,3,14,0.73,7.99,21.1,22.0,68.2,28.6,0.235,15.9,405.7,327.2,417.2,360.5,56.7,13.59,Moderate (10-25%)
2027-09-10 22:00:00,Shift_3_Night,BAL_SOUTH_PIT,21.8005,80.1901,25,27,4,16,0.35,7.48,20.1,14.6,66.2,30.4,0.228,5.5,504.8,320.0,511.8,443.2,68.6,13.4,Moderate (10-25%)
2027-09-11 06:00:00,Shift_1_Morning,BAL_SOUTH_PIT,21.8005,80.1901,19,20,3,15,1.71,7.94,18.1,12.9,65.2,29.7,0.175,2.7,572.8,460.1,500.6,450.1,50.5,10.09,Moderate (10-25%)
2027-09-11 14:00:00,Shift_2_Evening,UKWA_EXTENSION,21.7932,80.2015,20,24,3,11,1.6,7.48,29.1,96.9,84.5,19.3,0.698,72.3,431.8,515.5,428.9,356.8,72.1,16.81,Moderate (10-25%)
2027-09-11 22:00:00,Shift_3_Night,UKWA_EXTENSION,21.7932,80.2015,26,26,3,15,0.97,8.01,20.3,4.3,63.8,30.1,0.253,2.0,474.9,416.2,488.4,455.3,33.1,6.78,Normal (<10%)
2027-09-12 06:00:00,Shift_1_Morning,UKWA_EXTENSION,21.7932,80.2015,16,17,3,12,0.01,8.09,22.3,33.0,69.4,30.1,0.359,25.7,496.4,536.1,466.8,417.6,49.2,10.54,Moderate (10-25%)
2027-09-12 14:00:00,Shift_2_Evening,BAL_SOUTH_PIT,21.8005,80.1901,19,20,4,14,0.03,7.49,22.5,23.8,74.2,30.4,0.306,15.0,393.4,523.0,504.4,386.5,117.9,23.37,Moderate (10-25%)
2027-09-12 22:00:00,Shift_3_Night,BAL_NORTH_PIT,21.8121,80.1843,18,21,3,14,0.74,8.04,27.3,49.7,80.6,25.8,0.44,23.1,411.0,415.5,517.1,416.5,100.6,19.45,Moderate (10-25%)
2027-09-13 06:00:00,Shift_1_Morning,BAL_NORTH_PIT,21.8121,80.1843,17,18,3,15,1.2,7.95,23.9,24.5,63.8,28.8,0.398,25.5,451.9,435.9,401.7,302.8,98.9,24.62,Moderate (10-25%)
2027-09-13 14:00:00,Shift_2_Evening,BAL_SOUTH_PIT,21.8005,80.1901,23,24,3,13,0.75,8.06,20.9,9.3,62.3,31.4,0.194,16.0,536.2,431.9,552.2,521.9,30.3,5.49,Normal (<10%)
2027-09-13 22:00:00,Shift_3_Night,BAL_NORTH_PIT,21.8121,80.1843,16,20,3,12,2.33,8.04,32.8,100.0,93.8,15.7,0.745,77.6,527.4,470.1,542.6,412.0,130.6,24.07,Moderate (10-25%)
2027-09-14 06:00:00,Shift_1_Morning,BAL_SOUTH_PIT,21.8005,80.1901,21,21,4,12,0.89,7.59,22.5,31.5,65.8,29.7,0.342,29.9,437.3,371.7,473.3,372.8,100.5,21.23,Moderate (10-25%)
2027-09-14 14:00:00,Shift_2_Evening,BAL_NORTH_PIT,21.8121,80.1843,18,20,4,16,1.31,7.57,22.8,41.5,67.3,26.9,0.316,31.4,381.0,403.0,410.6,323.6,87.0,21.19,Moderate (10-25%)
2027-09-14 22:00:00,Shift_3_Night,BAL_DEEP_LEVEL_3,21.8064,80.1876,25,26,3,16,0.46,7.56,25.8,31.7,68.3,29.2,0.318,22.2,482.6,450.1,551.0,439.4,111.6,20.25,Moderate (10-25%)
2027-09-15 06:00:00,Shift_1_Morning,BAL_DEEP_LEVEL_3,21.8064,80.1876,17,20,4,12,2.15,7.99,33.6,100.0,93.4,16.3,0.749,73.7,565.6,409.4,591.0,467.6,123.4,20.88,Moderate (10-25%)
2027-09-15 14:00:00,Shift_2_Evening,BAL_SOUTH_PIT,21.8005,80.1901,19,21,3,16,1.38,7.52,27.2,78.9,90.6,20.4,0.588,60.8,312.0,289.0,448.0,316.7,131.3,29.31,Critical (>25%)
2027-09-15 22:00:00,Shift_3_Night,BAL_NORTH_PIT,21.8121,80.1843,17,23,4,14,2.75,8.11,35.0,100.0,96.4,15.0,0.876,90.9,489.9,459.7,464.7,356.4,108.3,23.31,Moderate (10-25%)
2027-09-16 06:00:00,Shift_1_Morning,UKWA_EXTENSION,21.7932,80.2015,24,26,2,14,0.62,7.93,21.8,35.0,82.8,27.1,0.3,30.6,458.6,449.9,436.8,398.6,38.2,8.75,Normal (<10%)
2027-09-16 14:00:00,Shift_2_Evening,BAL_NORTH_PIT,21.8121,80.1843,18,19,4,11,2.11,7.94,22.3,31.9,67.7,26.7,0.37,30.2,525.8,563.7,515.4,447.4,68.0,13.19,Moderate (10-25%)
2027-09-16 22:00:00,Shift_3_Night,BAL_DEEP_LEVEL_3,21.8064,80.1876,18,18,3,16,1.77,7.52,25.3,39.7,77.3,25.9,0.379,30.6,353.4,369.8,431.0,329.3,101.7,23.6,Moderate (10-25%)
2027-09-17 06:00:00,Shift_1_Morning,BAL_DEEP_LEVEL_3,21.8064,80.1876,21,25,4,12,2.04,7.54,31.6,100.0,84.5,18.8,0.692,80.1,515.9,458.8,471.2,355.1,116.1,24.64,Moderate (10-25%)
2027-09-17 14:00:00,Shift_2_Evening,BAL_NORTH_PIT,21.8121,80.1843,19,21,3,15,2.5,7.42,33.6,94.4,98.0,16.3,0.767,65.6,417.7,486.9,539.4,334.8,204.6,37.93,Critical (>25%)
2027-09-17 22:00:00,Shift_3_Night,BAL_NORTH_PIT,21.8121,80.1843,23,25,4,16,0.87,7.49,21.3,15.2,73.1,30.5,0.277,11.8,390.4,507.4,512.0,403.4,108.6,21.21,Moderate (10-25%)
2027-09-18 06:00:00,Shift_1_Morning,UKWA_EXTENSION,21.7932,80.2015,14,17,4,12,0.99,7.99,30.2,97.3,93.5,18.2,0.698,71.4,474.2,423.7,477.3,360.9,116.4,24.39,Moderate (10-25%)
2027-09-18 14:00:00,Shift_2_Evening,UKWA_EXTENSION,21.7932,80.2015,17,19,4,12,1.19,7.28,19.4,11.5,56.0,28.1,0.265,2.2,414.5,525.1,484.0,403.5,80.5,16.63,Moderate (10-25%)
2027-09-18 22:00:00,Shift_3_Night,BAL_NORTH_PIT,21.8121,80.1843,19,20,3,12,0.68,7.48,23.8,47.5,77.4,25.1,0.364,35.7,455.5,497.3,512.4,412.0,100.4,19.59,Moderate (10-25%)
2027-09-19 06:00:00,Shift_1_Morning,BAL_NORTH_PIT,21.8121,80.1843,15,16,3,11,2.09,7.48,20.4,14.5,62.1,29.4,0.255,17.1,387.1,542.8,401.2,330.9,70.3,17.52,Moderate (10-25%)
2027-09-19 14:00:00,Shift_2_Evening,BAL_NORTH_PIT,21.8121,80.1843,19,20,4,12,1.79,7.48,21.7,26.9,70.8,28.5,0.314,19.2,420.5,525.1,415.7,337.7,78.0,18.76,Moderate (10-25%)
2027-09-19 22:00:00,Shift_3_Night,BAL_NORTH_PIT,21.8121,80.1843,25,27,3,14,1.99,8.14,26.6,67.9,74.0,25.3,0.54,50.4,571.6,536.0,576.3,471.5,104.8,18.18,Moderate (10-25%)
2027-09-20 06:00:00,Shift_1_Morning,BAL_SOUTH_PIT,21.8005,80.1901,18,20,3,12,0.38,7.38,22.2,7.8,64.9,30.2,0.21,13.9,428.6,367.5,415.6,362.3,53.3,12.82,Moderate (10-25%)
2027-09-20 14:00:00,Shift_2_Evening,BAL_NORTH_PIT,21.8121,80.1843,19,20,3,15,0.62,7.42,24.9,27.9,68.8,27.0,0.328,20.2,558.9,509.4,541.4,463.4,78.0,14.41,Moderate (10-25%)
2027-09-20 22:00:00,Shift_3_Night,UKWA_EXTENSION,21.7932,80.2015,20,23,4,16,0.81,7.24,24.3,34.3,67.9,23.9,0.392,27.8,425.7,559.8,584.0,451.5,132.5,22.69,Moderate (10-25%)
2027-09-21 06:00:00,Shift_1_Morning,BAL_DEEP_LEVEL_3,21.8064,80.1876,20,22,3,15,0.29,7.95,21.6,8.0,66.4,29.3,0.182,7.6,387.9,425.3,454.1,410.4,43.7,9.62,Normal (<10%)
2027-09-21 14:00:00,Shift_2_Evening,BAL_SOUTH_PIT,21.8005,80.1901,16,18,3,13,1.54,7.46,23.4,19.0,66.2,28.7,0.319,14.4,377.9,449.5,474.1,378.9,95.2,20.08,Moderate (10-25%)
2027-09-21 22:00:00,Shift_3_Night,BAL_NORTH_PIT,21.8121,80.1843,16,18,4,11,0.83,7.45,22.4,26.5,68.4,28.6,0.297,18.8,523.2,443.6,513.8,424.5,89.3,17.38,Moderate (10-25%)
2027-09-22 06:00:00,Shift_1_Morning,BAL_DEEP_LEVEL_3,21.8064,80.1876,18,18,3,14,0.46,7.61,22.6,12.6,68.6,31.3,0.215,2.9,403.2,384.3,576.3,467.7,108.6,18.84,Moderate (10-25%)
2027-09-22 14:00:00,Shift_2_Evening,BAL_SOUTH_PIT,21.8005,80.1901,21,24,3,14,0.48,8.09,23.9,46.1,84.4,26.7,0.439,41.5,544.8,454.7,588.4,496.1,92.3,15.69,Moderate (10-25%)
2027-09-22 22:00:00,Shift_3_Night,BAL_DEEP_LEVEL_3,21.8064,80.1876,18,20,3,16,1.34,8.01,31.6,86.1,88.6,19.3,0.67,63.1,454.3,416.3,547.9,433.8,114.1,20.82,Moderate (10-25%)
2027-09-23 06:00:00,Shift_1_Morning,BAL_NORTH_PIT,21.8121,80.1843,23,23,4,15,1.07,7.46,18.3,11.4,55.3,30.7,0.191,9.8,466.9,314.3,417.3,336.1,81.2,19.46,Moderate (10-25%)
2027-09-23 14:00:00,Shift_2_Evening,BAL_NORTH_PIT,21.8121,80.1843,23,24,4,16,0.81,7.6,21.6,16.7,57.2,33.2,0.257,15.9,468.0,369.9,533.8,451.6,82.2,15.4,Moderate (10-25%)
2027-09-23 22:00:00,Shift_3_Night,UKWA_EXTENSION,21.7932,80.2015,20,22,3,16,1.09,8.0,19.9,19.9,67.4,30.0,0.285,16.7,484.0,445.0,482.1,415.0,67.1,13.92,Moderate (10-25%)
2027-09-24 06:00:00,Shift_1_Morning,BAL_NORTH_PIT,21.8121,80.1843,25,26,3,16,0.47,7.92,26.0,39.4,78.2,23.7,0.391,32.4,544.0,454.2,494.1,414.6,79.5,16.09,Moderate (10-25%)
2027-09-24 14:00:00,Shift_2_Evening,BAL_NORTH_PIT,21.8121,80.1843,24,26,4,12,1.89,7.83,21.2,23.1,68.9,27.2,0.312,21.8,488.1,380.3,409.8,351.5,58.3,14.23,Moderate (10-25%)
2027-09-24 22:00:00,Shift_3_Night,BAL_SOUTH_PIT,21.8005,80.1901,23,23,4,12,0.16,7.96,20.4,3.7,64.3,31.0,0.203,3.5,447.8,524.5,438.2,431.5,6.7,1.53,Normal (<10%)
2027-09-25 06:00:00,Shift_1_Morning,UKWA_EXTENSION,21.7932,80.2015,22,23,4,16,1.17,8.08,24.9,43.7,73.4,25.7,0.432,42.6,495.0,451.3,558.1,458.3,99.8,17.88,Moderate (10-25%)
2027-09-25 14:00:00,Shift_2_Evening,BAL_SOUTH_PIT,21.8005,80.1901,18,21,4,10,1.59,7.73,31.1,95.8,96.0,21.5,0.758,77.3,568.3,476.1,490.8,384.2,106.6,21.72,Moderate (10-25%)
2027-09-25 22:00:00,Shift_3_Night,BAL_DEEP_LEVEL_3,21.8064,80.1876,22,24,4,14,1.28,7.51,20.5,23.3,70.7,28.0,0.251,19.5,492.4,477.0,460.3,374.6,85.7,18.62,Moderate (10-25%)
2027-09-26 06:00:00,Shift_1_Morning,BAL_NORTH_PIT,21.8121,80.1843,21,21,3,16,0.94,7.42,23.2,20.4,62.7,28.0,0.264,16.0,436.5,535.0,476.8,384.9,91.9,19.27,Moderate (10-25%)
2027-09-26 14:00:00,Shift_2_Evening,BAL_DEEP_LEVEL_3,21.8064,80.1876,19,23,4,11,1.66,7.38,34.5,100.0,96.0,15.0,0.784,90.3,503.8,408.2,570.9,423.1,147.8,25.89,Critical (>25%)
2027-09-26 22:00:00,Shift_3_Night,BAL_SOUTH_PIT,21.8005,80.1901,22,24,3,11,0.85,8.06,26.4,63.1,70.9,24.5,0.444,42.8,395.3,501.3,549.8,440.8,109.0,19.83,Moderate (10-25%)
2027-09-27 06:00:00,Shift_1_Morning,BAL_NORTH_PIT,21.8121,80.1843,15,19,3,16,1.86,7.82,26.1,73.3,85.3,17.9,0.577,61.7,532.3,418.5,454.5,359.9,94.6,20.81,Moderate (10-25%)
2027-09-27 14:00:00,Shift_2_Evening,BAL_NORTH_PIT,21.8121,80.1843,16,18,4,13,0.32,8.06,24.3,38.5,71.6,26.5,0.399,24.0,493.9,388.1,423.5,362.7,60.8,14.36,Moderate (10-25%)
2027-09-27 22:00:00,Shift_3_Night,BAL_SOUTH_PIT,21.8005,80.1901,15,19,2,16,3.04,8.08,35.0,100.0,96.0,15.0,0.897,100.0,408.1,432.8,450.4,328.4,122.0,27.09,Critical (>25%)
2027-09-28 06:00:00,Shift_1_Morning,BAL_SOUTH_PIT,21.8005,80.1901,24,26,4,13,0.99,8.04,23.4,49.0,76.0,25.0,0.339,34.3,586.7,438.0,584.2,495.8,88.4,15.13,Moderate (10-25%)
2027-09-28 14:00:00,Shift_2_Evening,BAL_SOUTH_PIT,21.8005,80.1901,20,24,4,13,1.44,7.48,28.1,71.2,82.3,21.8,0.508,44.2,473.9,414.3,516.3,405.2,111.1,21.52,Moderate (10-25%)
2027-09-28 22:00:00,Shift_3_Night,BAL_SOUTH_PIT,21.8005,80.1901,24,27,3,14,1.47,7.56,25.4,54.4,85.5,23.7,0.525,47.5,445.1,456.3,506.7,406.9,99.8,19.7,Moderate (10-25%)
2027-09-29 06:00:00,Shift_1_Morning,BAL_SOUTH_PIT,21.8005,80.1901,22,24,3,12,1.58,7.52,28.5,60.9,79.6,21.9,0.437,49.9,474.6,526.6,519.3,395.7,123.6,23.8,Moderate (10-25%)
2027-09-29 14:00:00,Shift_2_Evening,BAL_NORTH_PIT,21.8121,80.1843,19,20,3,15,0.06,7.42,22.8,16.1,67.4,28.6,0.289,23.3,508.7,528.4,473.2,410.7,62.5,13.21,Moderate (10-25%)
2027-09-29 22:00:00,Shift_3_Night,BAL_SOUTH_PIT,21.8005,80.1901,20,22,4,12,0.73,7.69,21.6,23.2,75.0,30.8,0.383,26.8,395.2,523.8,561.4,488.0,73.4,13.07,Moderate (10-25%)
2027-09-30 06:00:00,Shift_1_Morning,BAL_NORTH_PIT,21.8121,80.1843,22,24,3,14,1.53,7.96,27.9,56.9,86.9,23.7,0.485,43.6,481.4,432.8,504.7,421.2,83.5,16.54,Moderate (10-25%)
2027-09-30 14:00:00,Shift_2_Evening,BAL_NORTH_PIT,21.8121,80.1843,22,26,3,12,1.74,8.08,23.9,23.0,67.9,30.8,0.304,19.8,486.5,488.8,423.3,366.7,56.6,13.37,Moderate (10-25%)
2027-09-30 22:00:00,Shift_3_Night,BAL_SOUTH_PIT,21.8005,80.1901,24,26,3,12,2.18,7.76,24.2,43.9,70.5,24.4,0.36,30.4,431.6,470.0,425.8,314.9,110.9,26.05,Critical (>25%)
2027-10-01 06:00:00,Shift_1_Morning,BAL_SOUTH_PIT,21.8005,80.1901,23,23,3,14,0.93,8.13,20.9,3.7,60.7,31.7,0.219,16.4,406.8,579.3,507.4,439.0,68.4,13.48,Moderate (10-25%)
2027-10-01 14:00:00,Shift_2_Evening,UKWA_EXTENSION,21.7932,80.2015,24,26,4,14,0.86,8.15,21.9,15.5,68.3,28.1,0.305,16.4,414.6,554.1,587.3,513.1,74.2,12.63,Moderate (10-25%)
2027-10-01 22:00:00,Shift_3_Night,BAL_NORTH_PIT,21.8121,80.1843,26,26,4,12,0.43,7.5,21.3,9.5,63.6,25.5,0.233,5.8,420.6,401.3,461.7,423.4,38.3,8.3,Normal (<10%)
2027-10-02 06:00:00,Shift_1_Morning,BAL_SOUTH_PIT,21.8005,80.1901,20,20,4,14,0.5,7.56,21.2,5.0,55.0,27.9,0.257,5.7,459.0,378.2,573.9,484.7,89.2,15.54,Moderate (10-25%)
2027-10-02 14:00:00,Shift_2_Evening,BAL_SOUTH_PIT,21.8005,80.1901,25,26,4,14,0.74,7.56,20.4,4.2,67.9,29.2,0.206,3.5,459.9,548.8,552.8,510.1,42.7,7.72,Normal (<10%)
2027-10-02 22:00:00,Shift_3_Night,BAL_SOUTH_PIT,21.8005,80.1901,18,18,3,14,1.81,7.94,16.2,5.8,66.4,26.0,0.226,6.7,517.3,383.2,449.6,400.6,49.0,10.9,Moderate (10-25%)
2027-10-03 06:00:00,Shift_1_Morning,UKWA_EXTENSION,21.7932,80.2015,17,18,4,16,1.27,8.05,21.3,7.4,69.2,28.4,0.247,4.3,409.0,345.2,407.3,347.8,59.5,14.61,Moderate (10-25%)
2027-10-03 14:00:00,Shift_2_Evening,UKWA_EXTENSION,21.7932,80.2015,23,23,3,12,1.9,7.92,19.6,6.1,70.7,27.1,0.25,13.4,429.3,462.0,420.4,343.4,77.0,18.32,Moderate (10-25%)
2027-10-03 22:00:00,Shift_3_Night,BAL_DEEP_LEVEL_3,21.8064,80.1876,16,17,3,12,1.98,7.94,19.1,6.1,62.7,27.7,0.164,3.0,595.5,505.6,545.7,472.9,72.8,13.34,Moderate (10-25%)
2027-10-04 06:00:00,Shift_1_Morning,BAL_NORTH_PIT,21.8121,80.1843,16,17,3,16,0.98,7.61,18.9,3.6,63.5,31.3,0.18,5.0,463.6,585.0,439.9,379.3,60.6,13.78,Moderate (10-25%)
2027-10-04 14:00:00,Shift_2_Evening,BAL_DEEP_LEVEL_3,21.8064,80.1876,17,18,4,12,0.35,8.1,20.8,1.5,67.4,29.8,0.233,4.8,488.3,453.5,474.3,438.9,35.4,7.46,Normal (<10%)
2027-10-04 22:00:00,Shift_3_Night,BAL_SOUTH_PIT,21.8005,80.1901,22,24,3,12,0.6,7.43,20.2,7.3,57.7,26.6,0.204,4.7,436.8,470.8,500.3,433.1,67.2,13.43,Moderate (10-25%)
2027-10-05 06:00:00,Shift_1_Morning,UKWA_EXTENSION,21.7932,80.2015,19,20,4,14,0.28,7.93,22.5,14.4,64.7,28.1,0.285,12.8,484.2,411.8,545.1,470.2,74.9,13.74,Moderate (10-25%)
2027-10-05 14:00:00,Shift_2_Evening,UKWA_EXTENSION,21.7932,80.2015,24,26,4,16,1.26,7.44,18.4,10.6,62.8,27.7,0.178,7.9,456.8,535.3,422.6,340.9,81.7,19.33,Moderate (10-25%)
2027-10-05 22:00:00,Shift_3_Night,BAL_DEEP_LEVEL_3,21.8064,80.1876,17,17,3,12,0.91,8.07,20.3,0.0,66.8,30.4,0.176,9.8,552.2,425.0,481.3,465.4,15.9,3.3,Normal (<10%)
2027-10-06 06:00:00,Shift_1_Morning,UKWA_EXTENSION,21.7932,80.2015,26,26,3,12,0.21,7.9,19.2,5.3,59.5,28.8,0.183,8.0,403.2,501.1,497.0,488.2,8.8,1.77,Normal (<10%)
2027-10-06 14:00:00,Shift_2_Evening,BAL_SOUTH_PIT,21.8005,80.1901,21,24,3,16,1.05,7.54,22.9,23.8,63.2,28.4,0.206,17.4,455.7,488.6,508.2,409.3,98.9,19.46,Moderate (10-25%)
2027-10-06 22:00:00,Shift_3_Night,UKWA_EXTENSION,21.7932,80.2015,22,23,4,12,0.37,7.57,17.9,9.4,61.8,29.1,0.206,3.0,435.9,477.2,563.7,505.6,58.1,10.31,Moderate (10-25%)
2027-10-07 06:00:00,Shift_1_Morning,BAL_DEEP_LEVEL_3,21.8064,80.1876,21,22,2,11,0.76,7.99,19.7,8.2,65.4,29.8,0.213,19.7,509.0,394.4,434.3,390.2,44.1,10.15,Moderate (10-25%)
2027-10-07 14:00:00,Shift_2_Evening,BAL_SOUTH_PIT,21.8005,80.1901,21,22,2,14,0.5,7.6,20.9,16.3,65.7,28.2,0.265,13.6,321.8,482.2,561.6,467.1,94.5,16.83,Moderate (10-25%)
2027-10-07 22:00:00,Shift_3_Night,BAL_DEEP_LEVEL_3,21.8064,80.1876,20,20,3,15,0.22,7.97,19.7,1.7,53.4,30.9,0.138,7.4,508.2,516.1,538.6,503.1,35.5,6.59,Normal (<10%)
2027-10-08 06:00:00,Shift_1_Morning,UKWA_EXTENSION,21.7932,80.2015,16,18,4,13,0.0,7.98,21.5,21.2,61.4,24.7,0.263,13.5,441.0,558.1,511.2,457.2,54.0,10.56,Moderate (10-25%)
2027-10-08 14:00:00,Shift_2_Evening,BAL_DEEP_LEVEL_3,21.8064,80.1876,25,27,4,13,0.25,7.4,21.3,9.5,64.3,26.6,0.235,16.2,374.7,447.8,539.9,451.7,88.2,16.34,Moderate (10-25%)
2027-10-08 22:00:00,Shift_3_Night,BAL_DEEP_LEVEL_3,21.8064,80.1876,20,22,3,16,1.58,8.1,21.2,1.6,64.2,30.6,0.217,3.7,395.0,420.7,482.4,419.2,63.2,13.1,Moderate (10-25%)
2027-10-09 06:00:00,Shift_1_Morning,BAL_NORTH_PIT,21.8121,80.1843,22,24,4,12,0.58,7.92,21.1,9.9,64.5,27.4,0.25,16.5,412.2,467.0,427.7,372.3,55.4,12.95,Moderate (10-25%)
2027-10-09 14:00:00,Shift_2_Evening,UKWA_EXTENSION,21.7932,80.2015,24,24,4,17,0.95,7.53,19.9,7.7,61.3,28.2,0.251,7.9,495.0,452.4,533.2,443.5,89.7,16.82,Moderate (10-25%)
2027-10-09 22:00:00,Shift_3_Night,UKWA_EXTENSION,21.7932,80.2015,22,22,3,12,0.61,7.99,19.3,11.1,68.2,25.9,0.19,10.8,561.6,431.6,504.9,465.2,39.7,7.86,Normal (<10%)
2027-10-10 06:00:00,Shift_1_Morning,BAL_DEEP_LEVEL_3,21.8064,80.1876,22,23,3,12,0.49,7.89,20.9,0.2,64.2,28.1,0.203,0.0,465.9,536.0,527.9,494.7,33.2,6.29,Normal (<10%)
2027-10-10 14:00:00,Shift_2_Evening,BAL_NORTH_PIT,21.8121,80.1843,17,18,3,14,0.35,7.94,21.1,5.5,64.9,27.6,0.204,11.2,503.9,398.4,467.6,412.7,54.9,11.74,Moderate (10-25%)
2027-10-10 22:00:00,Shift_3_Night,UKWA_EXTENSION,21.7932,80.2015,18,18,3,14,1.1,8.14,19.4,2.8,64.9,30.6,0.233,5.2,398.4,537.6,581.4,503.5,77.9,13.4,Moderate (10-25%)
2027-10-11 06:00:00,Shift_1_Morning,BAL_SOUTH_PIT,21.8005,80.1901,20,20,4,14,0.75,7.52,20.0,9.1,72.8,30.0,0.237,12.4,446.3,565.2,517.5,444.7,72.8,14.07,Moderate (10-25%)
2027-10-11 14:00:00,Shift_2_Evening,BAL_DEEP_LEVEL_3,21.8064,80.1876,16,17,4,16,1.31,7.4,22.0,14.2,60.2,25.8,0.21,8.9,408.0,443.4,417.1,332.7,84.4,20.23,Moderate (10-25%)
2027-10-11 22:00:00,Shift_3_Night,UKWA_EXTENSION,21.7932,80.2015,20,21,4,16,0.8,7.53,22.1,9.8,62.7,27.7,0.245,11.1,490.2,534.5,490.0,411.6,78.4,16.0,Moderate (10-25%)
2027-10-12 06:00:00,Shift_1_Morning,BAL_SOUTH_PIT,21.8005,80.1901,21,22,4,12,0.58,7.99,18.3,16.3,65.2,24.5,0.273,12.7,555.2,433.0,551.3,532.6,18.7,3.39,Normal (<10%)
2027-10-12 14:00:00,Shift_2_Evening,UKWA_EXTENSION,21.7932,80.2015,19,19,3,14,0.37,7.85,21.4,9.3,71.0,31.7,0.25,18.4,530.9,487.0,558.8,505.6,53.2,9.52,Normal (<10%)
2027-10-12 22:00:00,Shift_3_Night,BAL_SOUTH_PIT,21.8005,80.1901,19,21,4,16,0.93,7.53,23.0,12.5,63.4,29.3,0.271,2.7,425.5,308.1,498.9,384.0,114.9,23.03,Moderate (10-25%)
2027-10-13 06:00:00,Shift_1_Morning,BAL_DEEP_LEVEL_3,21.8064,80.1876,18,20,4,12,0.79,7.46,18.9,3.3,57.2,28.3,0.108,13.7,548.9,459.7,578.9,500.7,78.2,13.51,Moderate (10-25%)
2027-10-13 14:00:00,Shift_2_Evening,UKWA_EXTENSION,21.7932,80.2015,19,21,4,16,0.45,8.14,21.5,9.0,63.5,31.2,0.221,12.3,422.4,407.5,453.5,402.4,51.1,11.27,Moderate (10-25%)
2027-10-13 22:00:00,Shift_3_Night,UKWA_EXTENSION,21.7932,80.2015,23,24,4,12,0.27,7.32,19.4,2.4,62.4,25.2,0.169,2.8,374.3,502.8,482.1,421.0,61.1,12.67,Moderate (10-25%)
2027-10-14 06:00:00,Shift_1_Morning,BAL_NORTH_PIT,21.8121,80.1843,19,20,3,14,0.64,7.51,20.8,14.7,71.7,26.3,0.263,20.7,458.9,434.9,579.7,490.1,89.6,15.46,Moderate (10-25%)
2027-10-14 14:00:00,Shift_2_Evening,BAL_DEEP_LEVEL_3,21.8064,80.1876,22,25,3,16,0.26,8.2,20.5,8.8,62.7,30.2,0.23,11.7,425.5,537.4,579.3,512.3,67.0,11.57,Moderate (10-25%)
2027-10-14 22:00:00,Shift_3_Night,BAL_SOUTH_PIT,21.8005,80.1901,17,18,3,16,0.88,7.99,21.9,9.8,60.2,28.9,0.176,6.1,418.1,536.7,537.1,481.3,55.8,10.39,Moderate (10-25%)
2027-10-15 06:00:00,Shift_1_Morning,UKWA_EXTENSION,21.7932,80.2015,21,22,3,16,1.83,7.83,21.3,16.0,61.5,24.6,0.265,13.3,581.0,601.2,571.8,478.9,92.9,16.25,Moderate (10-25%)
2027-10-15 14:00:00,Shift_2_Evening,UKWA_EXTENSION,21.7932,80.2015,21,22,4,14,1.22,7.96,21.4,11.9,62.9,26.1,0.299,11.2,375.9,516.1,417.8,373.8,44.0,10.53,Moderate (10-25%)
2027-10-15 22:00:00,Shift_3_Night,BAL_SOUTH_PIT,21.8005,80.1901,17,20,3,12,0.03,8.15,20.6,7.7,76.8,31.0,0.242,10.7,579.2,427.8,573.0,549.9,23.1,4.03,Normal (<10%)
2027-10-16 06:00:00,Shift_1_Morning,BAL_DEEP_LEVEL_3,21.8064,80.1876,17,19,4,14,0.0,8.04,21.1,1.3,65.0,30.1,0.215,1.8,452.5,446.8,464.1,440.8,23.3,5.02,Normal (<10%)
2027-10-16 14:00:00,Shift_2_Evening,BAL_NORTH_PIT,21.8121,80.1843,17,20,3,16,2.06,7.42,23.2,5.4,66.3,27.7,0.205,6.7,440.2,356.3,435.7,320.1,115.6,26.53,Critical (>25%)
2027-10-16 22:00:00,Shift_3_Night,BAL_NORTH_PIT,21.8121,80.1843,21,22,3,14,1.82,7.43,21.8,18.3,67.1,26.1,0.312,18.6,436.0,445.4,447.9,353.8,94.1,21.01,Moderate (10-25%)
2027-10-17 06:00:00,Shift_1_Morning,UKWA_EXTENSION,21.7932,80.2015,25,26,4,12,1.33,7.94,21.6,10.2,64.1,26.7,0.178,11.0,408.0,523.7,483.6,420.1,63.5,13.13,Moderate (10-25%)
2027-10-17 14:00:00,Shift_2_Evening,BAL_SOUTH_PIT,21.8005,80.1901,20,22,3,14,1.29,8.04,18.7,5.7,65.6,31.3,0.195,10.4,527.8,510.5,450.2,407.7,42.5,9.44,Normal (<10%)
2027-10-17 22:00:00,Shift_3_Night,UKWA_EXTENSION,21.7932,80.2015,19,21,3,16,1.17,7.63,18.8,2.5,65.0,30.9,0.157,1.5,423.7,420.1,464.1,376.3,87.8,18.92,Moderate (10-25%)
2027-10-18 06:00:00,Shift_1_Morning,BAL_SOUTH_PIT,21.8005,80.1901,24,26,3,16,0.33,8.11,17.7,2.7,63.5,31.3,0.185,4.2,495.8,543.8,427.0,424.4,2.6,0.61,Normal (<10%)
2027-10-18 14:00:00,Shift_2_Evening,BAL_NORTH_PIT,21.8121,80.1843,20,21,4,16,0.73,8.05,19.1,2.7,62.5,30.3,0.218,6.7,457.9,483.2,459.2,432.3,26.9,5.86,Normal (<10%)
2027-10-18 22:00:00,Shift_3_Night,BAL_DEEP_LEVEL_3,21.8064,80.1876,26,26,4,16,0.05,7.37,23.0,10.7,62.1,25.2,0.229,11.9,552.1,510.1,514.5,421.4,93.1,18.1,Moderate (10-25%)
2027-10-19 06:00:00,Shift_1_Morning,BAL_SOUTH_PIT,21.8005,80.1901,21,21,2,11,0.09,7.87,21.9,8.4,66.9,28.2,0.276,5.8,448.8,460.2,488.4,432.7,55.7,11.4,Moderate (10-25%)
2027-10-19 14:00:00,Shift_2_Evening,BAL_NORTH_PIT,21.8121,80.1843,27,27,4,13,1.12,8.05,19.2,11.3,63.9,29.3,0.203,4.5,434.9,503.7,469.3,405.0,64.3,13.7,Moderate (10-25%)
2027-10-19 22:00:00,Shift_3_Night,UKWA_EXTENSION,21.7932,80.2015,17,18,4,12,0.69,7.37,19.2,6.2,73.5,26.5,0.239,5.8,616.1,482.6,549.3,475.1,74.2,13.51,Moderate (10-25%)
2027-10-20 06:00:00,Shift_1_Morning,BAL_SOUTH_PIT,21.8005,80.1901,26,27,4,13,0.72,7.48,20.7,15.0,70.6,26.7,0.221,6.6,548.9,575.3,578.7,485.7,93.0,16.07,Moderate (10-25%)
2027-10-20 14:00:00,Shift_2_Evening,BAL_DEEP_LEVEL_3,21.8064,80.1876,19,20,4,15,1.59,7.53,22.4,4.2,60.0,30.6,0.208,7.2,404.1,474.5,551.4,431.0,120.4,21.84,Moderate (10-25%)
2027-10-20 22:00:00,Shift_3_Night,UKWA_EXTENSION,21.7932,80.2015,23,23,4,13,1.64,7.39,20.2,5.6,56.7,29.1,0.176,4.4,454.5,484.5,466.4,351.8,114.6,24.57,Moderate (10-25%)
2027-10-21 06:00:00,Shift_1_Morning,UKWA_EXTENSION,21.7932,80.2015,19,20,3,14,0.73,7.4,19.9,7.1,60.9,27.6,0.231,19.0,397.4,521.9,548.9,443.1,105.8,19.27,Moderate (10-25%)
2027-10-21 14:00:00,Shift_2_Evening,BAL_NORTH_PIT,21.8121,80.1843,25,25,3,16,1.41,7.99,20.3,1.4,56.3,27.8,0.187,2.5,403.2,473.6,430.4,385.7,44.7,10.39,Moderate (10-25%)
2027-10-21 22:00:00,Shift_3_Night,BAL_SOUTH_PIT,21.8005,80.1901,19,23,3,16,0.2,8.05,21.7,13.2,62.1,28.8,0.233,10.9,405.5,540.5,426.1,408.6,17.5,4.11,Normal (<10%)
2027-10-22 06:00:00,Shift_1_Morning,UKWA_EXTENSION,21.7932,80.2015,23,25,4,14,0.55,8.11,22.7,13.4,60.4,29.3,0.238,20.2,379.0,336.8,469.1,384.0,85.1,18.14,Moderate (10-25%)
2027-10-22 14:00:00,Shift_2_Evening,BAL_DEEP_LEVEL_3,21.8064,80.1876,25,26,3,14,0.94,8.06,19.9,15.7,64.1,27.9,0.272,15.1,456.6,513.5,561.5,524.4,37.1,6.61,Normal (<10%)
2027-10-22 22:00:00,Shift_3_Night,BAL_SOUTH_PIT,21.8005,80.1901,18,20,3,16,0.18,8.01,19.6,1.7,62.4,27.6,0.22,8.4,498.4,431.8,449.3,457.3,0.0,0.0,Normal (<10%)
2027-10-23 06:00:00,Shift_1_Morning,BAL_DEEP_LEVEL_3,21.8064,80.1876,22,22,3,11,0.75,7.43,20.1,3.5,62.7,26.3,0.171,4.0,451.3,475.2,412.7,349.4,63.3,15.34,Moderate (10-25%)
2027-10-23 14:00:00,Shift_2_Evening,UKWA_EXTENSION,21.7932,80.2015,20,21,4,13,1.62,7.89,19.8,4.0,61.4,29.3,0.187,1.4,346.0,463.6,426.3,365.6,60.7,14.24,Moderate (10-25%)
2027-10-23 22:00:00,Shift_3_Night,BAL_DEEP_LEVEL_3,21.8064,80.1876,17,18,4,16,0.0,7.95,20.8,5.4,58.4,29.3,0.187,15.1,413.4,533.3,571.7,543.4,28.3,4.95,Normal (<10%)
2027-10-24 06:00:00,Shift_1_Morning,BAL_NORTH_PIT,21.8121,80.1843,17,18,3,12,0.27,8.04,19.3,9.4,70.3,28.8,0.229,8.1,509.3,539.3,526.8,490.7,36.1,6.85,Normal (<10%)
2027-10-24 14:00:00,Shift_2_Evening,BAL_DEEP_LEVEL_3,21.8064,80.1876,23,25,4,12,1.4,8.03,22.0,3.4,65.1,28.5,0.236,6.9,431.3,421.3,450.6,402.4,48.2,10.7,Moderate (10-25%)
2027-10-24 22:00:00,Shift_3_Night,BAL_SOUTH_PIT,21.8005,80.1901,26,26,2,12,0.5,7.79,23.9,13.7,64.1,24.4,0.302,20.9,493.8,443.4,511.1,431.6,79.5,15.55,Moderate (10-25%)
2027-10-25 06:00:00,Shift_1_Morning,BAL_DEEP_LEVEL_3,21.8064,80.1876,24,25,4,14,1.14,7.42,19.7,6.1,58.0,28.3,0.208,6.6,427.6,432.4,505.5,427.3,78.2,15.47,Moderate (10-25%)
2027-10-25 14:00:00,Shift_2_Evening,BAL_DEEP_LEVEL_3,21.8064,80.1876,22,23,4,16,1.58,8.12,21.2,10.1,57.2,29.7,0.179,4.2,372.9,508.1,531.1,485.5,45.6,8.59,Normal (<10%)
2027-10-25 22:00:00,Shift_3_Night,BAL_NORTH_PIT,21.8121,80.1843,24,26,3,12,1.31,8.01,19.0,4.2,54.6,30.1,0.218,0.7,451.0,477.3,446.6,416.8,29.8,6.67,Normal (<10%)
2027-10-26 06:00:00,Shift_1_Morning,BAL_DEEP_LEVEL_3,21.8064,80.1876,17,19,3,16,1.65,7.86,24.8,20.4,72.8,24.8,0.284,18.7,464.6,440.3,572.9,454.7,118.2,20.63,Moderate (10-25%)
2027-10-26 14:00:00,Shift_2_Evening,BAL_DEEP_LEVEL_3,21.8064,80.1876,23,25,3,13,0.65,8.24,22.3,18.6,72.6,30.4,0.35,13.6,461.7,510.0,461.9,427.8,34.1,7.38,Normal (<10%)
2027-10-26 22:00:00,Shift_3_Night,UKWA_EXTENSION,21.7932,80.2015,24,26,4,14,1.46,8.0,22.0,10.6,62.7,26.6,0.26,10.8,457.7,554.8,538.8,454.0,84.8,15.74,Moderate (10-25%)
2027-10-27 06:00:00,Shift_1_Morning,UKWA_EXTENSION,21.7932,80.2015,16,17,4,12,0.93,8.04,20.4,16.3,73.5,27.9,0.299,25.0,538.8,483.7,403.2,349.1,54.1,13.42,Moderate (10-25%)
2027-10-27 14:00:00,Shift_2_Evening,BAL_SOUTH_PIT,21.8005,80.1901,25,26,3,15,0.93,7.54,20.2,6.1,66.4,30.6,0.192,10.2,433.9,501.5,474.5,393.2,81.3,17.13,Moderate (10-25%)
2027-10-27 22:00:00,Shift_3_Night,UKWA_EXTENSION,21.7932,80.2015,24,26,3,14,0.37,7.96,22.3,10.3,66.2,27.5,0.232,13.5,508.7,417.1,470.3,430.3,40.0,8.51,Normal (<10%)
2027-10-28 06:00:00,Shift_1_Morning,UKWA_EXTENSION,21.7932,80.2015,18,20,3,14,1.76,7.43,18.0,2.5,65.7,30.9,0.185,5.1,397.2,488.4,508.7,402.6,106.1,20.86,Moderate (10-25%)
2027-10-28 14:00:00,Shift_2_Evening,UKWA_EXTENSION,21.7932,80.2015,18,19,3,16,0.67,7.71,18.3,6.4,65.7,31.8,0.125,3.5,475.8,385.2,414.5,390.3,24.2,5.84,Normal (<10%)
2027-10-28 22:00:00,Shift_3_Night,UKWA_EXTENSION,21.7932,80.2015,24,24,3,15,1.32,8.1,20.0,8.1,64.6,27.8,0.192,12.7,452.3,393.8,558.0,490.8,67.2,12.04,Moderate (10-25%)
2027-10-29 06:00:00,Shift_1_Morning,BAL_NORTH_PIT,21.8121,80.1843,24,25,3,12,0.91,8.08,23.2,22.4,67.6,26.2,0.346,21.8,404.5,441.0,443.6,356.9,86.7,19.54,Moderate (10-25%)
2027-10-29 14:00:00,Shift_2_Evening,UKWA_EXTENSION,21.7932,80.2015,19,19,3,16,1.55,8.06,20.3,6.0,62.1,29.1,0.182,1.3,406.6,479.3,535.4,459.3,76.1,14.21,Moderate (10-25%)
2027-10-29 22:00:00,Shift_3_Night,BAL_NORTH_PIT,21.8121,80.1843,20,22,4,12,0.59,7.4,19.7,6.7,55.1,28.1,0.176,2.2,565.0,561.1,560.6,472.1,88.5,15.79,Moderate (10-25%)
2027-10-30 06:00:00,Shift_1_Morning,BAL_NORTH_PIT,21.8121,80.1843,21,21,4,14,0.94,8.13,20.0,11.8,59.2,31.6,0.215,9.9,498.5,551.0,512.4,493.5,18.9,3.69,Normal (<10%)
2027-10-30 14:00:00,Shift_2_Evening,UKWA_EXTENSION,21.7932,80.2015,17,20,4,15,0.26,7.92,21.4,18.6,77.7,24.7,0.397,21.8,570.9,528.8,548.2,509.9,38.3,6.99,Normal (<10%)
2027-10-30 22:00:00,Shift_3_Night,BAL_DEEP_LEVEL_3,21.8064,80.1876,16,17,4,12,0.27,8.03,22.1,3.4,58.0,30.2,0.182,1.7,419.1,476.0,532.4,480.8,51.6,9.69,Normal (<10%)
2027-10-31 06:00:00,Shift_1_Morning,BAL_NORTH_PIT,21.8121,80.1843,22,23,4,12,0.0,7.34,20.5,10.4,52.8,29.2,0.171,5.8,398.6,490.1,471.1,405.3,65.8,13.97,Moderate (10-25%)
2027-10-31 14:00:00,Shift_2_Evening,BAL_DEEP_LEVEL_3,21.8064,80.1876,24,25,4,12,0.27,7.3,20.2,7.2,67.9,24.5,0.256,2.5,429.2,582.4,561.8,462.2,99.6,17.73,Moderate (10-25%)
2027-10-31 22:00:00,Shift_3_Night,BAL_DEEP_LEVEL_3,21.8064,80.1876,18,19,3,11,0.68,8.03,20.3,3.6,63.9,29.5,0.204,7.3,397.5,459.7,458.9,397.8,61.1,13.31,Moderate (10-25%)
2027-11-01 06:00:00,Shift_1_Morning,UKWA_EXTENSION,21.7932,80.2015,24,26,4,12,0.75,7.42,19.8,5.9,64.3,24.9,0.187,15.5,437.4,452.1,514.2,410.2,104.0,20.23,Moderate (10-25%)
2027-11-01 14:00:00,Shift_2_Evening,BAL_SOUTH_PIT,21.8005,80.1901,18,19,4,12,0.51,7.8,18.8,6.8,61.6,22.6,0.18,9.6,434.2,429.2,549.1,454.3,94.8,17.26,Moderate (10-25%)
2027-11-01 22:00:00,Shift_3_Night,UKWA_EXTENSION,21.7932,80.2015,22,24,3,12,0.0,7.55,18.5,14.2,70.6,23.4,0.24,16.0,457.6,538.6,475.8,404.2,71.6,15.05,Moderate (10-25%)
2027-11-02 06:00:00,Shift_1_Morning,BAL_SOUTH_PIT,21.8005,80.1901,19,21,4,14,0.95,8.21,19.8,8.1,71.9,30.6,0.26,5.9,319.5,485.4,460.6,414.1,46.5,10.1,Moderate (10-25%)
2027-11-02 14:00:00,Shift_2_Evening,BAL_SOUTH_PIT,21.8005,80.1901,23,24,4,12,1.1,7.64,21.5,5.7,60.8,27.7,0.21,0.0,395.7,528.1,491.9,420.2,71.7,14.58,Moderate (10-25%)
2027-11-02 22:00:00,Shift_3_Night,UKWA_EXTENSION,21.7932,80.2015,24,24,2,14,0.54,7.97,20.2,10.6,67.0,25.3,0.216,9.6,472.0,467.5,563.6,499.5,64.1,11.37,Moderate (10-25%)
2027-11-03 06:00:00,Shift_1_Morning,UKWA_EXTENSION,21.7932,80.2015,18,19,3,14,1.37,8.0,20.3,15.2,70.9,25.6,0.247,14.5,516.6,470.6,586.0,473.5,112.5,19.2,Moderate (10-25%)
2027-11-03 14:00:00,Shift_2_Evening,BAL_SOUTH_PIT,21.8005,80.1901,20,21,3,12,0.33,7.59,21.3,19.3,63.8,24.7,0.245,9.4,468.0,455.4,509.0,421.0,88.0,17.29,Moderate (10-25%)
2027-11-03 22:00:00,Shift_3_Night,UKWA_EXTENSION,21.7932,80.2015,16,18,3,14,0.13,7.61,21.1,2.6,69.2,27.7,0.179,0.5,508.8,434.3,532.3,471.9,60.4,11.35,Moderate (10-25%)
2027-11-04 06:00:00,Shift_1_Morning,BAL_SOUTH_PIT,21.8005,80.1901,26,26,3,14,0.04,7.47,23.6,20.6,73.5,23.4,0.278,10.1,460.1,487.0,580.7,501.1,79.6,13.71,Moderate (10-25%)
2027-11-04 14:00:00,Shift_2_Evening,BAL_DEEP_LEVEL_3,21.8064,80.1876,26,26,3,13,0.96,7.5,17.5,2.4,55.4,27.2,0.154,5.1,385.2,537.6,419.7,358.7,61.0,14.53,Moderate (10-25%)
2027-11-04 22:00:00,Shift_3_Night,UKWA_EXTENSION,21.7932,80.2015,22,24,4,14,0.49,7.53,19.2,12.5,72.1,24.7,0.191,9.7,360.7,511.2,446.4,363.3,83.1,18.62,Moderate (10-25%)
2027-11-05 06:00:00,Shift_1_Morning,BAL_DEEP_LEVEL_3,21.8064,80.1876,21,23,4,15,0.0,8.06,20.5,14.1,59.8,27.0,0.233,16.3,458.6,523.4,541.8,519.2,22.6,4.17,Normal (<10%)
2027-11-05 14:00:00,Shift_2_Evening,BAL_NORTH_PIT,21.8121,80.1843,21,21,2,12,0.0,7.99,21.7,2.0,60.3,25.9,0.19,3.5,414.9,602.0,564.7,528.0,36.7,6.5,Normal (<10%)
2027-11-05 22:00:00,Shift_3_Night,BAL_DEEP_LEVEL_3,21.8064,80.1876,19,21,3,12,1.67,7.49,18.6,4.5,65.3,27.0,0.165,10.2,563.3,581.7,571.4,497.8,73.6,12.88,Moderate (10-25%)
2027-11-06 06:00:00,Shift_1_Morning,BAL_DEEP_LEVEL_3,21.8064,80.1876,18,19,3,16,0.04,8.14,18.7,2.6,66.5,29.4,0.179,2.3,465.5,486.3,483.0,450.9,32.1,6.65,Normal (<10%)
2027-11-06 14:00:00,Shift_2_Evening,BAL_SOUTH_PIT,21.8005,80.1901,17,17,3,14,1.1,8.12,20.9,13.0,65.5,28.5,0.245,9.0,492.2,374.6,417.9,378.9,39.0,9.33,Normal (<10%)
2027-11-06 22:00:00,Shift_3_Night,BAL_DEEP_LEVEL_3,21.8064,80.1876,21,21,3,12,1.37,7.55,21.1,4.4,60.0,27.9,0.241,8.6,432.9,475.6,487.6,411.2,76.4,15.67,Moderate (10-25%)
2027-11-07 06:00:00,Shift_1_Morning,UKWA_EXTENSION,21.7932,80.2015,17,18,4,14,1.39,8.17,19.9,8.2,62.8,27.7,0.208,9.2,537.0,544.7,446.1,389.0,57.1,12.8,Moderate (10-25%)
2027-11-07 14:00:00,Shift_2_Evening,BAL_SOUTH_PIT,21.8005,80.1901,21,22,3,16,0.24,7.96,20.6,2.4,60.0,28.0,0.17,13.1,357.0,372.9,458.2,398.3,59.9,13.07,Moderate (10-25%)
2027-11-07 22:00:00,Shift_3_Night,BAL_NORTH_PIT,21.8121,80.1843,16,18,3,13,0.36,7.66,21.7,2.9,65.9,29.0,0.201,8.8,462.1,476.2,554.5,451.2,103.3,18.63,Moderate (10-25%)
2027-11-08 06:00:00,Shift_1_Morning,UKWA_EXTENSION,21.7932,80.2015,19,20,4,16,0.48,7.55,22.0,29.5,69.8,22.0,0.394,21.6,465.7,345.4,415.1,330.5,84.6,20.38,Moderate (10-25%)
2027-11-08 14:00:00,Shift_2_Evening,BAL_NORTH_PIT,21.8121,80.1843,21,24,3,14,0.93,8.33,19.5,9.6,61.7,29.7,0.255,5.7,510.0,556.7,565.5,534.5,31.0,5.48,Normal (<10%)
2027-11-08 22:00:00,Shift_3_Night,BAL_DEEP_LEVEL_3,21.8064,80.1876,25,25,3,16,0.46,7.38,21.8,23.0,62.1,19.0,0.392,26.1,476.7,349.4,485.5,373.1,112.4,23.15,Moderate (10-25%)
2027-11-09 06:00:00,Shift_1_Morning,UKWA_EXTENSION,21.7932,80.2015,22,26,3,16,1.15,7.93,21.1,6.8,60.8,24.6,0.22,5.7,547.4,466.9,519.2,481.7,37.5,7.22,Normal (<10%)
2027-11-09 14:00:00,Shift_2_Evening,UKWA_EXTENSION,21.7932,80.2015,26,26,4,16,0.16,7.54,20.4,2.9,61.4,28.2,0.172,0.0,430.1,389.3,417.9,379.1,38.8,9.28,Normal (<10%)
2027-11-09 22:00:00,Shift_3_Night,BAL_NORTH_PIT,21.8121,80.1843,22,23,3,14,0.72,7.54,20.5,5.1,57.5,25.7,0.183,2.5,436.8,324.9,467.5,384.3,83.2,17.8,Moderate (10-25%)
2027-11-10 06:00:00,Shift_1_Morning,UKWA_EXTENSION,21.7932,80.2015,18,18,3,16,0.98,7.7,20.1,9.2,56.7,30.7,0.259,9.5,509.3,435.6,417.9,352.3,65.6,15.7,Moderate (10-25%)
2027-11-10 14:00:00,Shift_2_Evening,UKWA_EXTENSION,21.7932,80.2015,25,25,4,12,1.59,7.43,23.1,8.6,69.0,22.4,0.259,0.0,449.3,508.6,592.3,469.4,122.9,20.75,Moderate (10-25%)
2027-11-10 22:00:00,Shift_3_Night,UKWA_EXTENSION,21.7932,80.2015,20,22,4,12,0.35,8.09,20.2,12.4,58.8,26.6,0.209,4.7,523.1,544.5,561.5,554.4,7.1,1.26,Normal (<10%)
2027-11-11 06:00:00,Shift_1_Morning,BAL_DEEP_LEVEL_3,21.8064,80.1876,18,18,3,13,1.57,7.62,18.8,4.1,57.0,26.7,0.263,10.1,378.3,481.0,491.9,415.2,76.7,15.59,Moderate (10-25%)
2027-11-11 14:00:00,Shift_2_Evening,BAL_NORTH_PIT,21.8121,80.1843,22,24,3,16,0.41,7.57,20.6,1.0,70.5,28.7,0.236,6.1,326.9,466.6,444.7,347.0,97.7,21.97,Moderate (10-25%)
2027-11-11 22:00:00,Shift_3_Night,UKWA_EXTENSION,21.7932,80.2015,27,27,4,16,0.59,7.9,20.3,5.8,68.2,25.5,0.186,6.5,466.5,619.7,586.7,486.7,100.0,17.04,Moderate (10-25%)
2027-11-12 06:00:00,Shift_1_Morning,BAL_SOUTH_PIT,21.8005,80.1901,15,17,4,12,1.08,8.14,19.3,8.2,67.7,28.4,0.197,14.2,476.3,548.1,468.9,416.1,52.8,11.26,Moderate (10-25%)
2027-11-12 14:00:00,Shift_2_Evening,BAL_SOUTH_PIT,21.8005,80.1901,23,24,4,12,1.0,8.12,20.1,11.3,67.5,25.7,0.252,8.3,347.9,382.5,432.2,376.2,56.0,12.96,Moderate (10-25%)
2027-11-12 22:00:00,Shift_3_Night,BAL_SOUTH_PIT,21.8005,80.1901,18,20,4,12,0.14,8.06,19.2,6.8,70.5,25.5,0.242,7.0,457.7,399.6,512.6,447.7,64.9,12.66,Moderate (10-25%)
2027-11-13 06:00:00,Shift_1_Morning,BAL_SOUTH_PIT,21.8005,80.1901,24,26,3,14,0.8,7.52,21.3,8.0,68.0,26.7,0.25,8.4,441.7,520.9,588.8,492.5,96.3,16.36,Moderate (10-25%)
2027-11-13 14:00:00,Shift_2_Evening,BAL_DEEP_LEVEL_3,21.8064,80.1876,19,20,3,12,2.05,8.02,19.3,6.0,61.6,26.1,0.207,6.4,557.2,384.2,400.8,328.0,72.8,18.16,Moderate (10-25%)
2027-11-13 22:00:00,Shift_3_Night,UKWA_EXTENSION,21.7932,80.2015,19,20,3,14,2.01,7.49,21.5,17.2,61.6,24.0,0.295,13.1,497.9,404.0,447.6,348.3,99.3,22.18,Moderate (10-25%)
2027-11-14 06:00:00,Shift_1_Morning,BAL_NORTH_PIT,21.8121,80.1843,26,26,4,14,0.88,8.06,19.2,15.0,58.7,26.5,0.201,19.5,486.0,460.5,587.7,534.0,53.7,9.14,Normal (<10%)
2027-11-14 14:00:00,Shift_2_Evening,UKWA_EXTENSION,21.7932,80.2015,21,22,3,16,0.45,7.5,22.9,8.7,63.5,25.6,0.196,18.1,337.1,384.6,434.2,375.0,59.2,13.63,Moderate (10-25%)
2027-11-14 22:00:00,Shift_3_Night,BAL_DEEP_LEVEL_3,21.8064,80.1876,20,20,3,14,0.45,7.92,18.1,0.4,55.0,24.7,0.124,5.8,482.8,574.0,422.6,398.5,24.1,5.7,Normal (<10%)
2027-11-15 06:00:00,Shift_1_Morning,BAL_SOUTH_PIT,21.8005,80.1901,21,23,2,14,0.44,7.4,21.4,4.2,58.5,23.8,0.182,8.2,471.3,514.4,514.0,431.7,82.3,16.01,Moderate (10-25%)
2027-11-15 14:00:00,Shift_2_Evening,BAL_DEEP_LEVEL_3,21.8064,80.1876,21,22,3,14,0.57,7.42,22.5,16.2,64.8,22.6,0.257,9.7,441.5,522.3,572.4,494.4,78.0,13.63,Moderate (10-25%)
2027-11-15 22:00:00,Shift_3_Night,UKWA_EXTENSION,21.7932,80.2015,19,20,4,14,1.32,8.02,22.4,25.3,76.3,22.8,0.31,13.3,470.4,493.3,495.4,435.5,59.9,12.09,Moderate (10-25%)
2027-11-16 06:00:00,Shift_1_Morning,BAL_NORTH_PIT,21.8121,80.1843,18,20,3,13,0.98,7.5,25.4,35.6,64.8,22.1,0.417,20.1,342.1,359.4,598.9,445.0,153.9,25.7,Critical (>25%)
2027-11-16 14:00:00,Shift_2_Evening,BAL_DEEP_LEVEL_3,21.8064,80.1876,24,26,3,12,0.5,7.52,21.9,12.9,65.6,25.8,0.233,17.1,541.9,422.3,535.8,454.9,80.9,15.1,Moderate (10-25%)
2027-11-16 22:00:00,Shift_3_Night,BAL_NORTH_PIT,21.8121,80.1843,25,26,3,13,0.04,7.55,20.1,7.8,57.5,28.6,0.212,16.7,381.9,479.5,414.8,379.5,35.3,8.51,Normal (<10%)
2027-11-17 06:00:00,Shift_1_Morning,BAL_DEEP_LEVEL_3,21.8064,80.1876,18,19,3,16,1.03,7.44,19.2,12.9,62.7,22.9,0.255,11.5,552.8,490.4,598.6,488.0,110.6,18.48,Moderate (10-25%)
2027-11-17 14:00:00,Shift_2_Evening,BAL_NORTH_PIT,21.8121,80.1843,25,28,3,13,0.62,8.15,21.6,7.0,69.6,28.2,0.282,21.7,509.5,525.9,481.6,411.1,70.5,14.64,Moderate (10-25%)
2027-11-17 22:00:00,Shift_3_Night,BAL_NORTH_PIT,21.8121,80.1843,26,27,4,16,0.09,7.47,21.2,9.1,60.7,24.5,0.265,17.7,476.8,390.0,457.5,385.9,71.6,15.65,Moderate (10-25%)
2027-11-18 06:00:00,Shift_1_Morning,BAL_SOUTH_PIT,21.8005,80.1901,18,18,4,16,1.27,7.46,20.1,9.7,62.0,28.1,0.253,11.2,464.1,459.2,511.6,413.5,98.1,19.18,Moderate (10-25%)
2027-11-18 14:00:00,Shift_2_Evening,BAL_NORTH_PIT,21.8121,80.1843,21,22,3,12,0.57,8.05,19.1,3.5,62.5,27.8,0.161,0.0,491.8,465.2,460.9,451.7,9.2,2.0,Normal (<10%)
2027-11-18 22:00:00,Shift_3_Night,BAL_SOUTH_PIT,21.8005,80.1901,18,18,4,16,0.85,7.82,19.8,3.5,65.6,23.5,0.198,4.0,544.4,327.2,417.3,376.9,40.4,9.68,Normal (<10%)
2027-11-19 06:00:00,Shift_1_Morning,UKWA_EXTENSION,21.7932,80.2015,24,25,3,14,1.98,7.92,20.5,6.4,60.2,25.8,0.195,14.3,453.0,467.6,400.3,349.3,51.0,12.74,Moderate (10-25%)
2027-11-19 14:00:00,Shift_2_Evening,UKWA_EXTENSION,21.7932,80.2015,20,21,3,15,1.35,7.6,20.6,3.6,68.0,28.7,0.201,14.0,450.5,465.0,489.9,363.6,126.3,25.78,Critical (>25%)
2027-11-19 22:00:00,Shift_3_Night,BAL_SOUTH_PIT,21.8005,80.1901,18,18,3,12,1.57,7.33,20.9,14.4,63.7,22.1,0.276,16.1,441.5,401.9,567.4,429.4,138.0,24.32,Moderate (10-25%)
2027-11-20 06:00:00,Shift_1_Morning,BAL_SOUTH_PIT,21.8005,80.1901,17,18,3,14,1.27,8.11,19.3,2.6,64.4,29.5,0.192,6.0,342.7,502.5,514.5,479.1,35.4,6.88,Normal (<10%)
2027-11-20 14:00:00,Shift_2_Evening,BAL_DEEP_LEVEL_3,21.8064,80.1876,17,17,2,15,1.4,7.65,19.4,17.6,65.7,28.9,0.237,16.1,523.8,537.9,599.8,489.2,110.6,18.44,Moderate (10-25%)
2027-11-20 22:00:00,Shift_3_Night,BAL_DEEP_LEVEL_3,21.8064,80.1876,25,26,3,14,0.59,7.96,18.9,10.3,66.7,26.8,0.175,2.8,476.2,435.5,457.4,409.0,48.4,10.58,Moderate (10-25%)
2027-11-21 06:00:00,Shift_1_Morning,BAL_DEEP_LEVEL_3,21.8064,80.1876,19,20,4,16,0.86,7.53,20.3,23.3,76.9,24.5,0.237,21.2,384.3,372.4,456.1,377.8,78.3,17.17,Moderate (10-25%)
2027-11-21 14:00:00,Shift_2_Evening,UKWA_EXTENSION,21.7932,80.2015,17,18,2,12,1.23,8.11,21.2,22.2,66.0,28.2,0.264,22.2,403.1,347.9,431.9,357.4,74.5,17.25,Moderate (10-25%)
2027-11-21 22:00:00,Shift_3_Night,BAL_DEEP_LEVEL_3,21.8064,80.1876,22,23,3,12,0.46,7.45,19.7,3.6,62.7,26.7,0.189,5.0,413.0,504.4,432.8,381.3,51.5,11.9,Moderate (10-25%)
2027-11-22 06:00:00,Shift_1_Morning,BAL_NORTH_PIT,21.8121,80.1843,24,25,3,12,1.72,8.09,20.8,1.2,59.8,27.2,0.176,0.0,483.3,449.5,457.0,390.4,66.6,14.57,Moderate (10-25%)
2027-11-22 14:00:00,Shift_2_Evening,BAL_NORTH_PIT,21.8121,80.1843,23,23,3,16,0.39,7.43,23.4,19.2,64.7,23.5,0.289,15.9,450.5,502.5,558.6,461.6,97.0,17.36,Moderate (10-25%)
2027-11-22 22:00:00,Shift_3_Night,BAL_DEEP_LEVEL_3,21.8064,80.1876,18,19,3,12,0.64,7.95,19.9,10.1,60.1,25.4,0.191,13.0,511.8,474.6,581.2,539.1,42.1,7.24,Normal (<10%)
2027-11-23 06:00:00,Shift_1_Morning,BAL_NORTH_PIT,21.8121,80.1843,19,21,3,16,1.53,7.42,19.0,5.0,63.0,24.9,0.206,0.0,513.4,453.8,595.0,472.2,122.8,20.64,Moderate (10-25%)
2027-11-23 14:00:00,Shift_2_Evening,UKWA_EXTENSION,21.7932,80.2015,17,18,2,12,0.48,7.53,20.8,6.3,60.5,27.0,0.224,8.5,463.6,475.1,446.5,362.3,84.2,18.86,Moderate (10-25%)
2027-11-23 22:00:00,Shift_3_Night,BAL_NORTH_PIT,21.8121,80.1843,21,21,3,16,1.1,7.62,18.7,4.3,59.4,26.3,0.214,0.0,569.1,464.0,576.3,527.5,48.8,8.47,Normal (<10%)
2027-11-24 06:00:00,Shift_1_Morning,UKWA_EXTENSION,21.7932,80.2015,20,22,2,14,0.55,7.98,21.6,4.8,45.8,29.4,0.123,3.8,429.2,438.3,465.7,405.9,59.8,12.84,Moderate (10-25%)
2027-11-24 14:00:00,Shift_2_Evening,BAL_SOUTH_PIT,21.8005,80.1901,25,26,4,15,0.0,7.37,23.0,4.2,70.3,25.0,0.22,5.1,363.2,522.8,422.6,349.8,72.8,17.23,Moderate (10-25%)
2027-11-24 22:00:00,Shift_3_Night,BAL_SOUTH_PIT,21.8005,80.1901,21,22,3,15,0.0,7.39,21.9,21.6,76.1,20.1,0.305,22.3,494.0,465.3,574.0,504.0,70.0,12.2,Moderate (10-25%)
2027-11-25 06:00:00,Shift_1_Morning,BAL_SOUTH_PIT,21.8005,80.1901,21,23,3,16,0.08,7.54,16.8,2.4,65.6,28.1,0.139,2.5,430.0,403.8,527.2,464.4,62.8,11.91,Moderate (10-25%)
2027-11-25 14:00:00,Shift_2_Evening,BAL_SOUTH_PIT,21.8005,80.1901,20,24,4,14,1.67,8.18,20.2,5.0,60.3,29.3,0.328,11.6,418.4,446.6,432.9,381.8,51.1,11.8,Moderate (10-25%)
2027-11-25 22:00:00,Shift_3_Night,BAL_NORTH_PIT,21.8121,80.1843,26,26,4,10,1.32,7.54,19.1,2.6,55.9,29.6,0.202,0.5,504.8,415.8,486.0,434.8,51.2,10.53,Moderate (10-25%)
2027-11-26 06:00:00,Shift_1_Morning,BAL_DEEP_LEVEL_3,21.8064,80.1876,25,25,3,12,1.06,7.96,21.5,8.3,56.3,27.9,0.234,5.1,387.7,576.6,457.5,436.5,21.0,4.59,Normal (<10%)
2027-11-26 14:00:00,Shift_2_Evening,BAL_NORTH_PIT,21.8121,80.1843,24,26,4,14,0.16,7.58,22.9,13.5,68.6,28.6,0.243,15.9,546.0,496.9,547.4,480.3,67.1,12.26,Moderate (10-25%)
2027-11-26 22:00:00,Shift_3_Night,UKWA_EXTENSION,21.7932,80.2015,20,21,3,12,0.97,7.98,20.7,8.1,69.8,25.4,0.219,17.4,433.9,353.4,490.7,424.0,66.7,13.59,Moderate (10-25%)
2027-11-27 06:00:00,Shift_1_Morning,BAL_NORTH_PIT,21.8121,80.1843,23,25,4,14,0.98,7.96,19.2,2.6,63.2,26.9,0.171,0.6,558.9,589.2,597.9,573.2,24.7,4.13,Normal (<10%)
2027-11-27 14:00:00,Shift_2_Evening,BAL_NORTH_PIT,21.8121,80.1843,23,24,4,12,1.84,7.4,21.8,13.3,69.2,23.4,0.252,11.5,404.6,500.0,410.9,308.1,102.8,25.02,Critical (>25%)
2027-11-27 22:00:00,Shift_3_Night,UKWA_EXTENSION,21.7932,80.2015,17,17,3,15,0.22,8.14,20.5,4.7,64.9,30.0,0.161,8.1,403.1,413.5,471.0,456.8,14.2,3.01,Normal (<10%)
2027-11-28 06:00:00,Shift_1_Morning,BAL_SOUTH_PIT,21.8005,80.1901,16,17,3,16,0.7,7.75,24.1,15.7,61.9,18.9,0.218,9.8,450.6,394.1,496.4,401.3,95.1,19.16,Moderate (10-25%)
2027-11-28 14:00:00,Shift_2_Evening,BAL_SOUTH_PIT,21.8005,80.1901,23,24,4,16,2.17,7.58,20.3,9.2,67.5,26.2,0.155,6.3,498.3,358.0,500.6,396.9,103.7,20.72,Moderate (10-25%)
2027-11-28 22:00:00,Shift_3_Night,BAL_SOUTH_PIT,21.8005,80.1901,16,17,3,13,0.34,7.95,20.6,6.2,67.5,25.3,0.236,7.2,496.6,534.6,463.2,404.9,58.3,12.59,Moderate (10-25%)
2027-11-29 06:00:00,Shift_1_Morning,BAL_DEEP_LEVEL_3,21.8064,80.1876,26,27,3,13,0.63,7.96,20.6,5.8,58.8,25.8,0.2,4.4,441.4,556.4,545.8,481.7,64.1,11.74,Moderate (10-25%)
2027-11-29 14:00:00,Shift_2_Evening,UKWA_EXTENSION,21.7932,80.2015,23,24,3,12,0.0,8.17,22.9,11.4,69.0,28.3,0.26,9.1,514.5,586.8,574.9,570.4,4.5,0.78,Normal (<10%)
2027-11-29 22:00:00,Shift_3_Night,UKWA_EXTENSION,21.7932,80.2015,19,20,3,14,0.77,7.93,22.4,11.1,63.5,26.4,0.172,9.6,442.0,481.1,587.7,515.7,72.0,12.25,Moderate (10-25%)
2027-11-30 06:00:00,Shift_1_Morning,BAL_NORTH_PIT,21.8121,80.1843,20,21,4,11,0.85,7.43,22.2,6.1,61.7,24.9,0.204,12.7,518.2,507.2,561.0,462.7,98.3,17.52,Moderate (10-25%)
2027-11-30 14:00:00,Shift_2_Evening,BAL_DEEP_LEVEL_3,21.8064,80.1876,18,20,3,16,0.11,7.99,20.5,11.2,65.9,24.3,0.258,1.8,554.1,465.4,570.1,578.1,0.0,0.0,Normal (<10%)
2027-11-30 22:00:00,Shift_3_Night,BAL_SOUTH_PIT,21.8005,80.1901,25,26,3,12,0.42,8.04,20.0,5.4,64.0,27.0,0.195,11.5,524.8,409.6,510.1,474.5,35.6,6.98,Normal (<10%)
2027-12-01 06:00:00,Shift_1_Morning,BAL_DEEP_LEVEL_3,21.8064,80.1876,23,24,3,12,0.5,7.46,22.9,8.9,68.4,23.8,0.176,13.0,616.3,448.3,565.2,471.8,93.4,16.53,Moderate (10-25%)
2027-12-01 14:00:00,Shift_2_Evening,UKWA_EXTENSION,21.7932,80.2015,20,22,3,17,0.27,7.34,23.0,18.0,62.2,22.5,0.262,21.7,468.4,466.7,460.7,360.7,100.0,21.71,Moderate (10-25%)
2027-12-01 22:00:00,Shift_3_Night,UKWA_EXTENSION,21.7932,80.2015,18,19,4,16,0.47,7.91,21.0,13.9,67.6,25.4,0.217,17.6,415.7,380.9,479.7,408.3,71.4,14.88,Moderate (10-25%)
2027-12-02 06:00:00,Shift_1_Morning,BAL_NORTH_PIT,21.8121,80.1843,23,25,3,14,0.45,7.63,18.9,7.6,57.7,29.3,0.239,6.4,517.4,482.4,463.4,393.7,69.7,15.04,Moderate (10-25%)
2027-12-02 14:00:00,Shift_2_Evening,BAL_NORTH_PIT,21.8121,80.1843,24,25,3,12,0.93,7.51,18.0,10.4,62.6,26.9,0.196,8.6,413.1,409.2,493.5,407.0,86.5,17.53,Moderate (10-25%)
2027-12-02 22:00:00,Shift_3_Night,UKWA_EXTENSION,21.7932,80.2015,17,18,4,14,1.35,7.55,21.4,1.1,62.3,26.0,0.189,7.3,481.0,487.6,457.1,370.9,86.2,18.86,Moderate (10-25%)
2027-12-03 06:00:00,Shift_1_Morning,BAL_SOUTH_PIT,21.8005,80.1901,20,22,3,12,0.86,7.47,18.5,5.3,68.3,24.9,0.227,5.9,397.0,475.1,592.3,487.4,104.9,17.71,Moderate (10-25%)
2027-12-03 14:00:00,Shift_2_Evening,BAL_SOUTH_PIT,21.8005,80.1901,21,23,3,11,0.38,7.43,20.5,4.7,60.8,26.3,0.116,7.2,489.2,356.0,462.6,400.3,62.3,13.47,Moderate (10-25%)
2027-12-03 22:00:00,Shift_3_Night,BAL_DEEP_LEVEL_3,21.8064,80.1876,18,19,3,16,0.34,7.67,19.9,4.7,61.9,27.4,0.163,0.0,404.3,449.8,419.6,366.6,53.0,12.63,Moderate (10-25%)
2027-12-04 06:00:00,Shift_1_Morning,UKWA_EXTENSION,21.7932,80.2015,20,22,3,15,1.86,7.48,19.3,11.7,71.5,23.7,0.228,18.7,525.6,465.2,505.4,441.6,63.8,12.62,Moderate (10-25%)
2027-12-04 14:00:00,Shift_2_Evening,UKWA_EXTENSION,21.7932,80.2015,18,20,2,12,1.66,7.46,20.4,15.8,63.3,24.4,0.24,7.3,367.0,387.5,411.4,327.7,83.7,20.35,Moderate (10-25%)
2027-12-04 22:00:00,Shift_3_Night,BAL_SOUTH_PIT,21.8005,80.1901,22,23,2,14,1.73,7.61,22.6,7.1,61.5,25.5,0.237,14.8,501.1,462.6,422.1,330.4,91.7,21.72,Moderate (10-25%)
2027-12-05 06:00:00,Shift_1_Morning,BAL_SOUTH_PIT,21.8005,80.1901,21,24,3,14,0.98,7.93,22.8,33.0,61.6,22.1,0.368,29.8,433.5,466.1,443.9,382.0,61.9,13.94,Moderate (10-25%)
2027-12-05 14:00:00,Shift_2_Evening,UKWA_EXTENSION,21.7932,80.2015,22,24,3,10,0.73,7.94,20.8,6.5,61.7,24.6,0.186,6.9,388.3,493.2,492.9,436.6,56.3,11.42,Moderate (10-25%)
2027-12-05 22:00:00,Shift_3_Night,BAL_NORTH_PIT,21.8121,80.1843,19,20,4,16,1.67,8.0,22.3,11.5,58.9,26.3,0.155,4.3,423.7,334.1,486.7,429.0,57.7,11.86,Moderate (10-25%)
2027-12-06 06:00:00,Shift_1_Morning,UKWA_EXTENSION,21.7932,80.2015,18,20,4,12,0.88,8.0,21.1,5.9,62.5,25.8,0.21,5.8,454.2,484.7,559.9,522.4,37.5,6.7,Normal (<10%)
2027-12-06 14:00:00,Shift_2_Evening,UKWA_EXTENSION,21.7932,80.2015,23,24,4,16,1.81,8.03,20.1,6.3,65.1,27.3,0.234,12.8,460.8,442.8,547.9,476.2,71.7,13.09,Moderate (10-25%)
2027-12-06 22:00:00,Shift_3_Night,BAL_SOUTH_PIT,21.8005,80.1901,23,24,3,16,1.28,7.71,21.2,0.2,56.1,27.3,0.208,7.6,498.4,433.7,485.3,442.7,42.6,8.78,Normal (<10%)
2027-12-07 06:00:00,Shift_1_Morning,BAL_SOUTH_PIT,21.8005,80.1901,22,22,4,12,0.45,7.53,21.1,18.0,61.5,26.5,0.233,12.2,409.7,511.8,466.7,402.9,63.8,13.67,Moderate (10-25%)
2027-12-07 14:00:00,Shift_2_Evening,BAL_NORTH_PIT,21.8121,80.1843,20,21,3,12,0.25,7.76,21.9,6.3,55.4,23.8,0.205,1.0,440.2,474.0,463.3,413.3,50.0,10.79,Moderate (10-25%)
2027-12-07 22:00:00,Shift_3_Night,BAL_NORTH_PIT,21.8121,80.1843,19,20,4,14,0.51,8.03,21.2,13.3,63.2,25.4,0.256,6.9,409.3,558.2,554.8,533.7,21.1,3.8,Normal (<10%)
2027-12-08 06:00:00,Shift_1_Morning,BAL_DEEP_LEVEL_3,21.8064,80.1876,17,18,4,16,0.04,7.5,17.0,8.1,58.7,26.5,0.205,11.2,407.9,392.7,410.4,367.9,42.5,10.36,Moderate (10-25%)
2027-12-08 14:00:00,Shift_2_Evening,UKWA_EXTENSION,21.7932,80.2015,16,17,4,16,0.1,8.0,20.4,3.9,73.7,26.3,0.274,6.1,417.6,490.3,402.6,372.6,30.0,7.45,Normal (<10%)
2027-12-08 22:00:00,Shift_3_Night,BAL_SOUTH_PIT,21.8005,80.1901,20,22,3,12,0.95,7.52,21.6,5.7,70.6,24.8,0.215,0.9,455.0,478.6,559.1,459.2,99.9,17.87,Moderate (10-25%)
2027-12-09 06:00:00,Shift_1_Morning,BAL_NORTH_PIT,21.8121,80.1843,23,26,3,14,0.52,8.0,19.5,3.7,69.2,25.9,0.198,1.3,554.3,490.0,495.4,426.3,69.1,13.95,Moderate (10-25%)
2027-12-09 14:00:00,Shift_2_Evening,BAL_DEEP_LEVEL_3,21.8064,80.1876,18,18,3,14,0.84,7.49,19.8,24.1,63.2,23.5,0.344,26.4,507.2,440.5,426.2,325.6,100.6,23.6,Moderate (10-25%)
2027-12-09 22:00:00,Shift_3_Night,BAL_DEEP_LEVEL_3,21.8064,80.1876,19,20,4,12,0.28,8.06,18.3,0.1,60.0,25.7,0.142,1.9,455.2,505.0,447.1,424.5,22.6,5.05,Normal (<10%)
2027-12-10 06:00:00,Shift_1_Morning,BAL_SOUTH_PIT,21.8005,80.1901,26,26,3,16,0.95,7.45,21.2,17.7,59.2,24.5,0.18,15.2,568.7,439.5,586.5,477.7,108.8,18.55,Moderate (10-25%)
2027-12-10 14:00:00,Shift_2_Evening,BAL_SOUTH_PIT,21.8005,80.1901,18,20,3,15,0.12,7.91,20.0,13.9,74.4,23.0,0.209,19.2,582.4,533.3,571.9,539.0,32.9,5.75,Normal (<10%)
2027-12-10 22:00:00,Shift_3_Night,BAL_DEEP_LEVEL_3,21.8064,80.1876,21,21,2,14,1.58,8.3,21.8,28.4,73.5,27.6,0.302,23.2,396.5,449.9,542.0,480.3,61.7,11.38,Moderate (10-25%)
2027-12-11 06:00:00,Shift_1_Morning,BAL_NORTH_PIT,21.8121,80.1843,19,20,3,14,0.17,7.43,19.7,5.0,56.2,24.1,0.181,0.0,465.7,491.5,496.4,417.3,79.1,15.93,Moderate (10-25%)
2027-12-11 14:00:00,Shift_2_Evening,BAL_DEEP_LEVEL_3,21.8064,80.1876,16,17,3,15,0.57,7.51,23.4,18.3,69.0,23.0,0.32,17.2,442.6,535.1,504.1,389.8,114.3,22.67,Moderate (10-25%)
2027-12-11 22:00:00,Shift_3_Night,UKWA_EXTENSION,21.7932,80.2015,23,23,1,14,0.5,7.85,20.0,4.1,55.0,22.5,0.158,14.3,377.2,492.1,595.0,482.2,112.8,18.96,Moderate (10-25%)
2027-12-12 06:00:00,Shift_1_Morning,UKWA_EXTENSION,21.7932,80.2015,19,20,3,12,0.38,8.01,21.6,1.4,59.4,25.8,0.119,12.9,594.0,579.7,593.2,545.7,47.5,8.01,Normal (<10%)
2027-12-12 14:00:00,Shift_2_Evening,BAL_SOUTH_PIT,21.8005,80.1901,18,19,3,16,1.21,7.41,21.6,7.3,63.7,24.8,0.256,7.3,355.5,471.9,443.1,329.5,113.6,25.64,Critical (>25%)
2027-12-12 22:00:00,Shift_3_Night,BAL_NORTH_PIT,21.8121,80.1843,24,25,3,13,0.83,7.46,21.6,20.1,70.4,22.2,0.251,29.4,504.0,564.8,562.2,470.5,91.7,16.31,Moderate (10-25%)
2027-12-13 06:00:00,Shift_1_Morning,BAL_NORTH_PIT,21.8121,80.1843,19,20,4,14,0.28,7.6,18.8,0.9,66.0,27.4,0.2,6.7,567.5,555.5,439.4,427.4,12.0,2.73,Normal (<10%)
2027-12-13 14:00:00,Shift_2_Evening,UKWA_EXTENSION,21.7932,80.2015,23,26,4,16,1.33,8.05,20.4,10.3,65.0,27.1,0.269,19.9,473.6,424.8,442.7,395.5,47.2,10.66,Moderate (10-25%)
2027-12-13 22:00:00,Shift_3_Night,BAL_DEEP_LEVEL_3,21.8064,80.1876,19,19,3,14,0.27,8.06,21.6,6.0,62.4,26.0,0.229,12.1,490.2,543.9,535.2,513.9,21.3,3.98,Normal (<10%)
2027-12-14 06:00:00,Shift_1_Morning,BAL_SOUTH_PIT,21.8005,80.1901,19,20,2,13,1.39,7.32,19.3,1.7,46.5,25.1,0.201,8.8,377.6,531.9,481.0,383.4,97.6,20.29,Moderate (10-25%)
2027-12-14 14:00:00,Shift_2_Evening,BAL_DEEP_LEVEL_3,21.8064,80.1876,19,20,4,12,0.17,8.18,19.9,6.3,69.0,27.9,0.106,4.3,362.3,483.2,586.3,521.0,65.3,11.14,Moderate (10-25%)
2027-12-14 22:00:00,Shift_3_Night,BAL_DEEP_LEVEL_3,21.8064,80.1876,26,26,4,14,0.9,7.88,20.8,11.1,61.0,23.0,0.255,6.2,545.7,436.1,417.8,403.6,14.2,3.4,Normal (<10%)
2027-12-15 06:00:00,Shift_1_Morning,BAL_DEEP_LEVEL_3,21.8064,80.1876,19,20,3,14,1.8,7.65,23.8,6.4,63.6,27.1,0.221,10.3,567.6,407.4,502.3,401.3,101.0,20.11,Moderate (10-25%)
2027-12-15 14:00:00,Shift_2_Evening,BAL_NORTH_PIT,21.8121,80.1843,24,26,3,12,0.07,8.1,21.5,10.5,76.7,26.4,0.289,8.8,549.8,566.2,583.7,575.5,8.2,1.4,Normal (<10%)
2027-12-15 22:00:00,Shift_3_Night,UKWA_EXTENSION,21.7932,80.2015,20,21,4,16,0.27,7.56,19.1,8.0,57.0,26.6,0.169,5.4,512.3,434.6,580.8,470.6,110.2,18.97,Moderate (10-25%)
2027-12-16 06:00:00,Shift_1_Morning,BAL_NORTH_PIT,21.8121,80.1843,21,23,4,12,1.14,7.41,22.6,19.8,66.9,23.4,0.254,12.0,540.2,476.0,431.3,346.2,85.1,19.73,Moderate (10-25%)
2027-12-16 14:00:00,Shift_2_Evening,UKWA_EXTENSION,21.7932,80.2015,24,24,3,11,1.69,8.02,20.4,5.1,65.3,26.2,0.217,4.1,466.2,405.3,473.3,406.6,66.7,14.09,Moderate (10-25%)
2027-12-16 22:00:00,Shift_3_Night,BAL_SOUTH_PIT,21.8005,80.1901,23,25,3,14,0.17,7.95,20.5,13.9,71.5,21.1,0.304,12.2,547.9,563.9,523.8,487.6,36.2,6.91,Normal (<10%)
2027-12-17 06:00:00,Shift_1_Morning,BAL_SOUTH_PIT,21.8005,80.1901,23,24,4,14,0.0,7.5,18.2,10.5,63.4,25.3,0.237,13.1,448.9,483.2,431.9,359.3,72.6,16.81,Moderate (10-25%)
2027-12-17 14:00:00,Shift_2_Evening,BAL_DEEP_LEVEL_3,21.8064,80.1876,19,20,4,12,0.05,7.48,20.9,4.2,69.1,23.3,0.21,2.1,578.0,487.6,593.6,535.8,57.8,9.74,Normal (<10%)
2027-12-17 22:00:00,Shift_3_Night,UKWA_EXTENSION,21.7932,80.2015,17,17,3,14,0.0,7.3,22.4,15.4,63.1,22.2,0.23,9.6,485.3,558.1,582.9,513.2,69.7,11.96,Moderate (10-25%)
2027-12-18 06:00:00,Shift_1_Morning,UKWA_EXTENSION,21.7932,80.2015,17,18,4,14,0.48,8.11,18.5,7.9,66.5,27.8,0.171,0.0,545.3,352.6,433.4,444.4,0.0,0.0,Normal (<10%)
2027-12-18 14:00:00,Shift_2_Evening,UKWA_EXTENSION,21.7932,80.2015,18,20,3,14,0.4,7.49,20.7,14.4,67.4,25.1,0.185,13.5,401.3,495.3,424.2,381.6,42.6,10.04,Moderate (10-25%)
2027-12-18 22:00:00,Shift_3_Night,BAL_DEEP_LEVEL_3,21.8064,80.1876,22,24,3,15,1.03,7.45,20.4,11.9,64.5,24.0,0.256,10.4,374.4,448.9,417.1,352.1,65.0,15.58,Moderate (10-25%)
2027-12-19 06:00:00,Shift_1_Morning,BAL_DEEP_LEVEL_3,21.8064,80.1876,21,22,3,14,1.21,7.44,18.7,5.6,64.5,23.2,0.184,7.0,552.6,586.4,581.9,534.9,47.0,8.08,Normal (<10%)
2027-12-19 14:00:00,Shift_2_Evening,BAL_SOUTH_PIT,21.8005,80.1901,18,18,4,13,0.71,7.54,20.7,9.1,60.6,25.8,0.205,10.0,378.7,452.4,438.7,393.9,44.8,10.21,Moderate (10-25%)
2027-12-19 22:00:00,Shift_3_Night,BAL_NORTH_PIT,21.8121,80.1843,22,24,3,14,0.59,7.91,22.8,8.1,62.0,24.7,0.18,9.3,533.7,470.2,483.3,409.3,74.0,15.31,Moderate (10-25%)
2027-12-20 06:00:00,Shift_1_Morning,UKWA_EXTENSION,21.7932,80.2015,25,26,4,16,1.34,7.77,21.0,8.8,57.0,22.3,0.209,11.0,513.6,566.7,489.8,432.5,57.3,11.7,Moderate (10-25%)
2027-12-20 14:00:00,Shift_2_Evening,UKWA_EXTENSION,21.7932,80.2015,23,24,4,12,1.17,7.54,21.7,6.1,61.8,26.1,0.246,4.1,436.6,364.7,519.8,402.0,117.8,22.66,Moderate (10-25%)
2027-12-20 22:00:00,Shift_3_Night,BAL_NORTH_PIT,21.8121,80.1843,16,18,4,14,1.26,8.05,23.1,27.6,76.3,20.3,0.33,25.6,532.0,398.8,414.3,360.7,53.6,12.94,Moderate (10-25%)
2027-12-21 06:00:00,Shift_1_Morning,UKWA_EXTENSION,21.7932,80.2015,22,23,4,16,1.19,7.98,22.2,0.8,63.2,26.5,0.195,5.5,430.5,360.6,445.4,377.4,68.0,15.27,Moderate (10-25%)
2027-12-21 14:00:00,Shift_2_Evening,BAL_DEEP_LEVEL_3,21.8064,80.1876,22,22,2,12,0.65,7.89,19.1,1.3,63.7,24.4,0.182,7.4,432.3,430.3,586.3,516.4,69.9,11.92,Moderate (10-25%)
2027-12-21 22:00:00,Shift_3_Night,BAL_DEEP_LEVEL_3,21.8064,80.1876,18,18,3,15,0.64,7.51,19.7,1.0,52.9,25.7,0.156,0.0,368.0,403.2,581.7,482.1,99.6,17.12,Moderate (10-25%)
2027-12-22 06:00:00,Shift_1_Morning,UKWA_EXTENSION,21.7932,80.2015,18,20,4,11,0.68,7.85,19.5,1.9,63.9,24.6,0.202,3.3,579.0,403.9,556.3,465.8,90.5,16.27,Moderate (10-25%)
2027-12-22 14:00:00,Shift_2_Evening,BAL_DEEP_LEVEL_3,21.8064,80.1876,16,17,2,12,0.72,7.9,20.4,6.9,63.7,23.3,0.235,3.2,490.1,470.3,403.9,328.4,75.5,18.69,Moderate (10-25%)
2027-12-22 22:00:00,Shift_3_Night,BAL_DEEP_LEVEL_3,21.8064,80.1876,26,26,3,16,1.28,7.42,21.9,11.5,67.2,24.0,0.21,14.4,417.6,428.0,465.4,378.5,86.9,18.67,Moderate (10-25%)
2027-12-23 06:00:00,Shift_1_Morning,UKWA_EXTENSION,21.7932,80.2015,23,24,4,17,0.01,7.58,21.9,8.0,71.5,26.7,0.256,8.4,458.2,432.0,525.6,444.4,81.2,15.45,Moderate (10-25%)
2027-12-23 14:00:00,Shift_2_Evening,BAL_SOUTH_PIT,21.8005,80.1901,17,17,3,15,0.91,7.96,20.5,11.8,62.4,25.1,0.231,8.9,473.6,440.7,455.0,417.6,37.4,8.22,Normal (<10%)
2027-12-23 22:00:00,Shift_3_Night,BAL_NORTH_PIT,21.8121,80.1843,24,26,1,13,0.4,7.96,19.3,3.9,60.8,23.9,0.187,6.5,411.8,480.4,581.9,529.5,52.4,9.0,Normal (<10%)
2027-12-24 06:00:00,Shift_1_Morning,BAL_DEEP_LEVEL_3,21.8064,80.1876,19,20,4,12,0.13,7.7,20.1,9.0,68.9,27.5,0.242,18.6,460.5,539.2,526.8,443.5,83.3,15.81,Moderate (10-25%)
2027-12-24 14:00:00,Shift_2_Evening,BAL_SOUTH_PIT,21.8005,80.1901,22,22,4,14,1.0,7.54,19.1,2.3,58.0,29.9,0.179,6.5,441.3,505.9,414.4,333.9,80.5,19.43,Moderate (10-25%)
2027-12-24 22:00:00,Shift_3_Night,BAL_DEEP_LEVEL_3,21.8064,80.1876,18,20,3,15,1.25,7.53,18.2,10.0,63.5,27.8,0.176,8.6,496.0,433.3,581.8,477.3,104.5,17.96,Moderate (10-25%)
2027-12-25 06:00:00,Shift_1_Morning,BAL_DEEP_LEVEL_3,21.8064,80.1876,19,20,3,14,0.4,7.46,23.4,11.6,54.7,25.9,0.243,8.2,516.7,462.1,591.6,477.7,113.9,19.25,Moderate (10-25%)
2027-12-25 14:00:00,Shift_2_Evening,BAL_NORTH_PIT,21.8121,80.1843,21,22,3,12,1.6,7.94,20.2,9.8,62.0,25.0,0.197,5.9,351.0,455.8,415.5,343.3,72.2,17.38,Moderate (10-25%)
2027-12-25 22:00:00,Shift_3_Night,BAL_DEEP_LEVEL_3,21.8064,80.1876,21,23,4,12,1.3,7.28,20.3,3.0,67.7,21.8,0.199,1.5,541.4,467.9,506.5,416.6,89.9,17.75,Moderate (10-25%)
2027-12-26 06:00:00,Shift_1_Morning,BAL_NORTH_PIT,21.8121,80.1843,16,17,3,15,0.32,8.1,20.8,3.1,64.5,27.1,0.18,6.8,497.7,454.9,460.7,439.6,21.1,4.58,Normal (<10%)
2027-12-26 14:00:00,Shift_2_Evening,BAL_NORTH_PIT,21.8121,80.1843,21,22,3,12,0.0,8.04,20.9,18.5,72.5,23.3,0.355,20.3,516.9,520.3,478.6,450.6,28.0,5.85,Normal (<10%)
2027-12-26 22:00:00,Shift_3_Night,BAL_NORTH_PIT,21.8121,80.1843,18,19,4,14,0.59,7.98,19.9,6.5,68.5,25.0,0.22,8.1,472.5,534.6,435.9,411.6,24.3,5.57,Normal (<10%)
2027-12-27 06:00:00,Shift_1_Morning,BAL_SOUTH_PIT,21.8005,80.1901,22,24,4,16,0.98,7.49,21.7,7.1,69.2,23.8,0.239,10.9,408.4,530.9,515.6,442.0,73.6,14.27,Moderate (10-25%)
2027-12-27 14:00:00,Shift_2_Evening,UKWA_EXTENSION,21.7932,80.2015,18,19,4,14,0.41,7.57,21.4,4.0,60.8,28.3,0.208,10.9,548.3,462.3,591.6,502.1,89.5,15.13,Moderate (10-25%)
2027-12-27 22:00:00,Shift_3_Night,BAL_SOUTH_PIT,21.8005,80.1901,24,26,4,15,0.12,7.84,17.4,1.2,66.0,21.0,0.195,10.2,541.4,385.7,500.6,434.5,66.1,13.2,Moderate (10-25%)
2027-12-28 06:00:00,Shift_1_Morning,UKWA_EXTENSION,21.7932,80.2015,19,20,4,11,0.44,7.94,19.2,13.5,75.7,24.8,0.226,7.3,385.4,381.7,416.6,361.3,55.3,13.27,Moderate (10-25%)
2027-12-28 14:00:00,Shift_2_Evening,UKWA_EXTENSION,21.7932,80.2015,17,18,4,16,0.73,7.89,20.3,4.1,62.5,25.4,0.216,10.5,426.4,416.1,524.0,459.7,64.3,12.27,Moderate (10-25%)
2027-12-28 22:00:00,Shift_3_Night,BAL_NORTH_PIT,21.8121,80.1843,25,26,3,15,0.93,8.18,21.0,7.3,56.7,31.4,0.218,17.2,398.2,414.3,468.0,406.5,61.5,13.14,Moderate (10-25%)
2027-12-29 06:00:00,Shift_1_Morning,BAL_DEEP_LEVEL_3,21.8064,80.1876,25,27,3,14,1.01,8.09,23.4,11.1,61.5,26.2,0.223,17.8,540.4,476.2,571.2,516.9,54.3,9.51,Normal (<10%)
2027-12-29 14:00:00,Shift_2_Evening,BAL_NORTH_PIT,21.8121,80.1843,18,18,3,13,1.36,7.28,20.5,9.4,67.2,20.9,0.275,19.7,441.0,523.1,486.9,373.9,113.0,23.21,Moderate (10-25%)
2027-12-29 22:00:00,Shift_3_Night,BAL_DEEP_LEVEL_3,21.8064,80.1876,21,22,4,12,0.27,7.35,19.6,8.8,56.6,23.1,0.165,8.4,333.2,454.8,438.6,384.8,53.8,12.27,Moderate (10-25%)
2027-12-30 06:00:00,Shift_1_Morning,UKWA_EXTENSION,21.7932,80.2015,19,22,4,12,0.73,7.49,19.6,5.1,58.7,26.7,0.171,10.3,458.4,396.3,438.2,381.2,57.0,13.01,Moderate (10-25%)
2027-12-30 14:00:00,Shift_2_Evening,BAL_NORTH_PIT,21.8121,80.1843,21,21,4,16,1.17,7.95,17.5,3.8,60.5,25.4,0.186,17.7,389.4,503.9,553.8,491.8,62.0,11.2,Moderate (10-25%)
2027-12-30 22:00:00,Shift_3_Night,BAL_DEEP_LEVEL_3,21.8064,80.1876,20,22,3,14,0.63,7.87,19.5,7.8,63.9,22.2,0.222,3.2,443.2,372.8,453.1,392.0,61.1,13.48,Moderate (10-25%)
2027-12-31 06:00:00,Shift_1_Morning,BAL_SOUTH_PIT,21.8005,80.1901,24,25,3,13,1.08,7.69,17.1,3.6,71.8,29.2,0.243,4.4,438.6,524.4,553.4,479.7,73.7,13.32,Moderate (10-25%)
2027-12-31 14:00:00,Shift_2_Evening,BAL_DEEP_LEVEL_3,21.8064,80.1876,16,18,3,16,0.1,7.53,22.4,1.5,65.4,26.6,0.189,0.0,428.4,451.6,441.2,393.7,47.5,10.77,Moderate (10-25%)
2027-12-31 22:00:00,Shift_3_Night,BAL_NORTH_PIT,21.8121,80.1843,21,22,4,12,0.68,8.05,22.5,16.6,59.9,24.2,0.224,15.3,483.8,481.8,464.3,411.1,53.2,11.46,Moderate (10-25%)
2028-01-01 06:00:00,Shift_1_Morning,BAL_SOUTH_PIT,21.8005,80.1901,23,24,4,12,0.0,7.43,20.5,12.0,84.1,21.9,0.279,13.3,475.8,384.6,493.1,409.7,83.4,16.91,Moderate (10-25%)
2028-01-01 14:00:00,Shift_2_Evening,BAL_DEEP_LEVEL_3,21.8064,80.1876,22,25,2,14,0.8,7.57,19.1,13.7,64.0,30.0,0.232,10.8,542.8,541.1,588.6,504.5,84.1,14.29,Moderate (10-25%)
2028-01-01 22:00:00,Shift_3_Night,BAL_DEEP_LEVEL_3,21.8064,80.1876,25,26,4,15,0.88,7.46,21.6,20.1,57.5,25.7,0.247,12.8,418.9,370.7,586.3,442.0,144.3,24.61,Moderate (10-25%)
2028-01-02 06:00:00,Shift_1_Morning,BAL_DEEP_LEVEL_3,21.8064,80.1876,21,22,4,12,0.4,7.97,22.1,3.7,56.2,27.8,0.15,1.0,522.1,421.0,441.4,418.2,23.2,5.26,Normal (<10%)
2028-01-02 14:00:00,Shift_2_Evening,BAL_DEEP_LEVEL_3,21.8064,80.1876,18,20,4,13,0.01,8.06,21.8,10.0,58.9,27.1,0.28,10.9,529.8,527.3,471.6,452.2,19.4,4.11,Normal (<10%)
2028-01-02 22:00:00,Shift_3_Night,BAL_DEEP_LEVEL_3,21.8064,80.1876,22,24,4,10,1.34,7.34,21.7,5.0,56.5,25.2,0.214,6.5,392.6,319.5,429.9,348.2,81.7,19.0,Moderate (10-25%)
2028-01-03 06:00:00,Shift_1_Morning,BAL_SOUTH_PIT,21.8005,80.1901,22,22,3,11,0.48,8.16,20.2,17.0,68.1,26.3,0.248,13.2,471.9,545.2,502.0,496.9,5.1,1.02,Normal (<10%)
2028-01-03 14:00:00,Shift_2_Evening,UKWA_EXTENSION,21.7932,80.2015,17,18,4,14,1.18,7.52,19.2,12.8,51.6,26.5,0.267,9.8,534.0,391.0,492.1,398.3,93.8,19.06,Moderate (10-25%)
2028-01-03 22:00:00,Shift_3_Night,BAL_SOUTH_PIT,21.8005,80.1901,21,22,4,16,1.81,7.63,20.3,11.7,69.8,27.7,0.286,12.4,445.4,455.3,580.2,473.8,106.4,18.34,Moderate (10-25%)
2028-01-04 06:00:00,Shift_1_Morning,BAL_SOUTH_PIT,21.8005,80.1901,19,21,3,16,0.27,7.89,17.2,0.8,66.7,23.9,0.24,7.4,590.3,536.1,586.0,562.7,23.3,3.98,Normal (<10%)
2028-01-04 14:00:00,Shift_2_Evening,BAL_SOUTH_PIT,21.8005,80.1901,19,19,4,12,1.85,7.91,22.0,4.3,60.3,25.4,0.175,5.9,415.9,572.4,476.7,431.1,45.6,9.57,Normal (<10%)
2028-01-04 22:00:00,Shift_3_Night,UKWA_EXTENSION,21.7932,80.2015,23,23,3,14,0.78,7.88,21.6,24.2,73.2,21.3,0.318,22.0,510.7,508.5,498.3,436.3,62.0,12.44,Moderate (10-25%)
2028-01-05 06:00:00,Shift_1_Morning,BAL_NORTH_PIT,21.8121,80.1843,23,24,4,16,0.49,7.53,20.7,7.7,57.6,26.2,0.205,10.0,501.8,413.0,579.2,463.6,115.6,19.96,Moderate (10-25%)
2028-01-05 14:00:00,Shift_2_Evening,UKWA_EXTENSION,21.7932,80.2015,20,20,4,12,0.28,7.51,20.3,8.5,60.9,25.3,0.312,13.2,482.7,468.4,561.3,473.8,87.5,15.59,Moderate (10-25%)
2028-01-05 22:00:00,Shift_3_Night,BAL_SOUTH_PIT,21.8005,80.1901,20,21,3,15,0.67,7.45,18.6,11.5,68.1,22.7,0.336,12.1,368.5,532.3,400.7,349.5,51.2,12.78,Moderate (10-25%)
2028-01-06 06:00:00,Shift_1_Morning,BAL_DEEP_LEVEL_3,21.8064,80.1876,22,24,4,14,0.32,7.9,21.3,4.8,60.6,27.1,0.146,4.7,521.0,557.8,464.0,436.4,27.6,5.95,Normal (<10%)
2028-01-06 14:00:00,Shift_2_Evening,BAL_DEEP_LEVEL_3,21.8064,80.1876,20,22,3,12,0.24,7.37,20.5,13.2,63.2,25.2,0.305,12.4,407.7,330.8,484.4,392.9,91.5,18.89,Moderate (10-25%)
2028-01-06 22:00:00,Shift_3_Night,BAL_SOUTH_PIT,21.8005,80.1901,23,23,3,12,0.92,7.5,20.8,7.5,63.4,25.0,0.21,11.4,532.7,444.0,445.9,370.1,75.8,17.0,Moderate (10-25%)
2028-01-07 06:00:00,Shift_1_Morning,BAL_DEEP_LEVEL_3,21.8064,80.1876,26,27,3,12,0.18,7.45,21.4,6.0,69.8,27.0,0.214,3.2,457.9,353.9,439.9,377.0,62.9,14.3,Moderate (10-25%)
2028-01-07 14:00:00,Shift_2_Evening,BAL_SOUTH_PIT,21.8005,80.1901,22,24,3,16,0.55,7.43,20.7,5.1,69.5,25.5,0.198,2.1,440.7,428.0,407.6,350.9,56.7,13.91,Moderate (10-25%)
2028-01-07 22:00:00,Shift_3_Night,BAL_DEEP_LEVEL_3,21.8064,80.1876,23,24,3,16,0.0,8.15,19.6,6.9,66.4,28.2,0.29,9.1,396.8,498.8,528.7,502.4,26.3,4.97,Normal (<10%)
2028-01-08 06:00:00,Shift_1_Morning,UKWA_EXTENSION,21.7932,80.2015,22,25,4,16,1.51,7.99,20.3,11.0,62.0,24.6,0.211,19.5,484.4,382.6,452.5,381.8,70.7,15.62,Moderate (10-25%)
2028-01-08 14:00:00,Shift_2_Evening,BAL_NORTH_PIT,21.8121,80.1843,18,19,4,15,1.55,8.13,18.5,5.5,65.0,28.2,0.196,10.4,384.2,523.4,410.5,363.1,47.4,11.55,Moderate (10-25%)
2028-01-08 22:00:00,Shift_3_Night,BAL_NORTH_PIT,21.8121,80.1843,25,26,3,14,1.31,7.45,21.0,4.1,58.1,27.0,0.191,5.6,468.3,422.7,446.2,356.8,89.4,20.04,Moderate (10-25%)
2028-01-09 06:00:00,Shift_1_Morning,UKWA_EXTENSION,21.7932,80.2015,18,19,3,12,0.73,7.52,19.0,6.5,67.8,26.1,0.181,13.1,464.2,550.0,560.4,501.1,59.3,10.58,Moderate (10-25%)
2028-01-09 14:00:00,Shift_2_Evening,UKWA_EXTENSION,21.7932,80.2015,22,25,3,12,1.14,7.49,20.7,6.1,68.3,25.4,0.237,6.2,546.2,422.5,570.3,476.2,94.1,16.5,Moderate (10-25%)
2028-01-09 22:00:00,Shift_3_Night,BAL_SOUTH_PIT,21.8005,80.1901,18,19,3,14,0.31,7.83,20.0,4.2,71.9,23.4,0.181,9.1,448.1,544.1,496.6,433.5,63.1,12.71,Moderate (10-25%)
2028-01-10 06:00:00,Shift_1_Morning,BAL_SOUTH_PIT,21.8005,80.1901,17,17,3,14,0.3,8.14,21.9,5.2,58.5,25.1,0.145,2.4,384.6,417.1,483.2,479.8,3.4,0.7,Normal (<10%)
2028-01-10 14:00:00,Shift_2_Evening,BAL_SOUTH_PIT,21.8005,80.1901,18,18,3,12,1.07,7.99,18.5,6.7,58.0,27.1,0.152,10.1,446.0,518.4,595.6,516.4,79.2,13.3,Moderate (10-25%)
2028-01-10 22:00:00,Shift_3_Night,BAL_DEEP_LEVEL_3,21.8064,80.1876,17,18,3,15,0.0,8.07,19.3,8.5,66.5,28.0,0.179,9.1,446.4,402.4,440.1,396.2,43.9,9.98,Normal (<10%)
2028-01-11 06:00:00,Shift_1_Morning,BAL_SOUTH_PIT,21.8005,80.1901,23,25,3,16,0.38,7.92,22.7,13.8,64.0,24.9,0.252,9.9,563.2,392.5,443.1,379.0,64.1,14.47,Moderate (10-25%)
2028-01-11 14:00:00,Shift_2_Evening,UKWA_EXTENSION,21.7932,80.2015,17,19,3,12,0.29,7.48,20.0,8.9,69.6,26.7,0.231,13.8,408.5,372.5,458.4,373.1,85.3,18.61,Moderate (10-25%)
2028-01-11 22:00:00,Shift_3_Night,BAL_NORTH_PIT,21.8121,80.1843,21,21,3,12,0.8,7.91,21.7,6.7,70.5,24.2,0.266,11.1,545.6,396.3,434.6,405.2,29.4,6.76,Normal (<10%)
2028-01-12 06:00:00,Shift_1_Morning,BAL_DEEP_LEVEL_3,21.8064,80.1876,17,18,3,13,0.84,8.12,20.0,5.1,70.4,30.7,0.183,15.5,535.6,393.6,475.9,410.9,65.0,13.66,Moderate (10-25%)
2028-01-12 14:00:00,Shift_2_Evening,BAL_SOUTH_PIT,21.8005,80.1901,23,24,3,14,0.18,8.03,20.8,11.9,65.4,25.1,0.203,13.2,498.3,591.2,582.2,550.0,32.2,5.53,Normal (<10%)
2028-01-12 22:00:00,Shift_3_Night,BAL_DEEP_LEVEL_3,21.8064,80.1876,17,18,4,12,0.91,7.54,23.2,4.0,67.9,26.5,0.227,5.8,439.1,434.3,523.1,414.4,108.7,20.78,Moderate (10-25%)
2028-01-13 06:00:00,Shift_1_Morning,BAL_DEEP_LEVEL_3,21.8064,80.1876,19,20,4,14,0.28,8.14,20.5,6.5,60.4,28.4,0.145,9.9,557.1,453.8,482.4,449.2,33.2,6.88,Normal (<10%)
2028-01-13 14:00:00,Shift_2_Evening,BAL_SOUTH_PIT,21.8005,80.1901,24,24,3,16,0.47,8.12,24.0,17.1,67.5,26.7,0.241,17.3,375.8,514.3,586.9,481.9,105.0,17.89,Moderate (10-25%)
2028-01-13 22:00:00,Shift_3_Night,BAL_DEEP_LEVEL_3,21.8064,80.1876,24,24,4,10,1.79,8.08,21.7,9.9,63.4,27.1,0.197,6.5,514.3,520.6,409.7,357.1,52.6,12.84,Moderate (10-25%)
2028-01-14 06:00:00,Shift_1_Morning,BAL_NORTH_PIT,21.8121,80.1843,17,18,4,16,0.45,7.36,20.1,15.6,65.9,22.6,0.252,15.4,526.6,469.4,442.1,350.5,91.6,20.72,Moderate (10-25%)
2028-01-14 14:00:00,Shift_2_Evening,UKWA_EXTENSION,21.7932,80.2015,18,20,4,14,0.54,7.43,19.8,4.1,71.9,24.5,0.261,14.2,492.5,547.7,513.2,440.4,72.8,14.19,Moderate (10-25%)
2028-01-14 22:00:00,Shift_3_Night,UKWA_EXTENSION,21.7932,80.2015,22,23,4,14,0.37,7.9,17.3,7.9,57.7,24.2,0.256,11.3,573.2,407.7,523.1,499.1,24.0,4.59,Normal (<10%)
2028-01-15 06:00:00,Shift_1_Morning,BAL_NORTH_PIT,21.8121,80.1843,23,25,4,14,0.57,8.07,20.2,4.3,62.4,25.3,0.186,6.8,425.1,566.4,407.9,339.8,68.1,16.7,Moderate (10-25%)
2028-01-15 14:00:00,Shift_2_Evening,BAL_DEEP_LEVEL_3,21.8064,80.1876,20,22,3,11,1.14,8.02,20.8,4.6,63.9,27.6,0.271,0.8,529.3,493.5,480.6,446.8,33.8,7.03,Normal (<10%)
2028-01-15 22:00:00,Shift_3_Night,BAL_SOUTH_PIT,21.8005,80.1901,24,26,4,16,0.45,7.86,22.5,7.8,67.1,22.9,0.205,10.4,528.5,535.4,529.8,440.7,89.1,16.82,Moderate (10-25%)
2028-01-16 06:00:00,Shift_1_Morning,BAL_DEEP_LEVEL_3,21.8064,80.1876,19,19,3,12,1.95,7.48,21.1,10.0,59.7,25.0,0.247,5.8,439.2,554.1,539.6,466.1,73.5,13.62,Moderate (10-25%)
2028-01-16 14:00:00,Shift_2_Evening,BAL_NORTH_PIT,21.8121,80.1843,17,17,3,16,1.52,7.85,20.8,6.6,61.2,23.4,0.209,8.3,456.0,334.5,527.6,436.6,91.0,17.25,Moderate (10-25%)
2028-01-16 22:00:00,Shift_3_Night,BAL_DEEP_LEVEL_3,21.8064,80.1876,22,23,4,13,0.28,7.49,24.2,13.3,63.5,25.6,0.261,13.3,484.7,546.6,464.1,377.1,87.0,18.75,Moderate (10-25%)
2028-01-17 06:00:00,Shift_1_Morning,UKWA_EXTENSION,21.7932,80.2015,21,23,3,16,1.18,7.83,20.6,2.3,50.1,24.7,0.172,8.0,513.4,456.5,418.7,370.5,48.2,11.51,Moderate (10-25%)
2028-01-17 14:00:00,Shift_2_Evening,BAL_DEEP_LEVEL_3,21.8064,80.1876,26,26,4,12,1.45,7.55,20.3,1.3,67.1,25.1,0.182,0.0,317.1,466.0,485.4,374.7,110.7,22.81,Moderate (10-25%)
2028-01-17 22:00:00,Shift_3_Night,BAL_NORTH_PIT,21.8121,80.1843,16,17,3,12,0.61,7.54,20.9,6.9,55.5,27.9,0.203,1.3,551.2,525.5,425.8,337.6,88.2,20.71,Moderate (10-25%)
2028-01-18 06:00:00,Shift_1_Morning,UKWA_EXTENSION,21.7932,80.2015,21,22,3,16,0.19,8.19,18.1,7.4,55.0,28.8,0.234,7.3,524.4,492.1,589.5,600.8,0.0,0.0,Normal (<10%)
2028-01-18 14:00:00,Shift_2_Evening,BAL_DEEP_LEVEL_3,21.8064,80.1876,20,22,3,14,0.94,7.58,22.7,6.0,69.2,27.2,0.272,12.1,416.5,523.5,495.0,408.4,86.6,17.49,Moderate (10-25%)
2028-01-18 22:00:00,Shift_3_Night,BAL_DEEP_LEVEL_3,21.8064,80.1876,19,19,4,15,0.76,7.96,19.7,7.6,62.2,26.7,0.227,15.9,416.4,326.9,463.5,407.2,56.3,12.15,Moderate (10-25%)
2028-01-19 06:00:00,Shift_1_Morning,UKWA_EXTENSION,21.7932,80.2015,26,26,4,14,2.03,7.58,20.0,5.3,61.7,26.7,0.175,6.8,433.5,398.8,553.3,443.8,109.5,19.79,Moderate (10-25%)
2028-01-19 14:00:00,Shift_2_Evening,BAL_SOUTH_PIT,21.8005,80.1901,27,27,3,12,1.01,7.36,19.6,12.6,62.1,24.1,0.192,17.4,346.0,286.7,499.6,380.7,118.9,23.8,Moderate (10-25%)
2028-01-19 22:00:00,Shift_3_Night,UKWA_EXTENSION,21.7932,80.2015,21,24,3,12,1.22,7.9,22.6,16.2,72.4,22.2,0.288,18.3,469.5,525.0,462.0,374.6,87.4,18.92,Moderate (10-25%)
2028-01-20 06:00:00,Shift_1_Morning,BAL_SOUTH_PIT,21.8005,80.1901,21,24,4,12,0.76,8.03,18.8,2.9,58.6,29.1,0.156,8.7,595.9,412.8,562.4,548.3,14.1,2.51,Normal (<10%)
2028-01-20 14:00:00,Shift_2_Evening,BAL_NORTH_PIT,21.8121,80.1843,22,23,2,12,0.13,7.28,20.5,4.3,65.4,23.7,0.185,4.7,453.3,441.7,573.4,489.6,83.8,14.61,Moderate (10-25%)
2028-01-20 22:00:00,Shift_3_Night,BAL_NORTH_PIT,21.8121,80.1843,21,23,3,15,0.42,7.5,18.7,2.3,55.7,27.4,0.173,10.4,490.5,427.8,534.6,459.8,74.8,13.99,Moderate (10-25%)
2028-01-21 06:00:00,Shift_1_Morning,UKWA_EXTENSION,21.7932,80.2015,17,17,4,14,1.19,7.9,21.2,7.6,65.5,23.1,0.203,10.3,450.3,551.8,409.4,369.6,39.8,9.72,Normal (<10%)
2028-01-21 14:00:00,Shift_2_Evening,UKWA_EXTENSION,21.7932,80.2015,18,19,3,13,0.28,8.01,20.0,9.7,69.9,26.3,0.281,19.1,566.0,434.4,513.3,482.4,30.9,6.02,Normal (<10%)
2028-01-21 22:00:00,Shift_3_Night,BAL_NORTH_PIT,21.8121,80.1843,19,20,3,14,0.51,7.89,21.2,8.4,69.9,25.8,0.169,2.4,477.3,454.4,552.7,517.2,35.5,6.42,Normal (<10%)
2028-01-22 06:00:00,Shift_1_Morning,BAL_SOUTH_PIT,21.8005,80.1901,21,21,4,16,0.15,7.54,19.8,11.0,56.2,26.0,0.16,9.6,436.0,464.1,427.3,392.8,34.5,8.07,Normal (<10%)
2028-01-22 14:00:00,Shift_2_Evening,BAL_NORTH_PIT,21.8121,80.1843,20,20,3,13,0.51,8.0,19.3,4.7,61.2,27.1,0.191,12.0,411.9,494.2,445.7,427.0,18.7,4.2,Normal (<10%)
2028-01-22 22:00:00,Shift_3_Night,UKWA_EXTENSION,21.7932,80.2015,23,24,3,11,1.7,8.14,21.3,13.7,74.4,27.5,0.307,7.1,340.8,460.6,576.5,498.2,78.3,13.58,Moderate (10-25%)
2028-01-23 06:00:00,Shift_1_Morning,BAL_NORTH_PIT,21.8121,80.1843,23,25,4,13,1.09,7.5,19.0,4.7,66.8,29.5,0.169,10.6,448.7,423.7,404.0,322.3,81.7,20.22,Moderate (10-25%)
2028-01-23 14:00:00,Shift_2_Evening,UKWA_EXTENSION,21.7932,80.2015,16,18,4,12,0.73,7.92,20.6,6.2,61.4,26.3,0.185,10.0,494.2,443.4,550.5,506.7,43.8,7.96,Normal (<10%)
2028-01-23 22:00:00,Shift_3_Night,UKWA_EXTENSION,21.7932,80.2015,15,18,3,11,0.33,7.98,20.9,11.6,64.7,25.4,0.228,5.8,506.3,514.7,494.8,448.6,46.2,9.34,Normal (<10%)
2028-01-24 06:00:00,Shift_1_Morning,BAL_NORTH_PIT,21.8121,80.1843,18,19,3,15,0.81,7.87,19.0,2.7,63.4,24.9,0.16,2.5,531.9,526.1,489.4,455.2,34.2,6.99,Normal (<10%)
2028-01-24 14:00:00,Shift_2_Evening,BAL_SOUTH_PIT,21.8005,80.1901,17,19,3,12,0.49,8.04,21.7,2.2,59.2,28.0,0.167,1.9,492.7,530.6,401.4,393.4,8.0,1.99,Normal (<10%)
2028-01-24 22:00:00,Shift_3_Night,BAL_DEEP_LEVEL_3,21.8064,80.1876,25,27,3,15,1.7,7.56,21.0,12.5,67.3,27.5,0.214,14.0,422.4,529.9,563.9,456.1,107.8,19.12,Moderate (10-25%)
2028-01-25 06:00:00,Shift_1_Morning,BAL_NORTH_PIT,21.8121,80.1843,19,20,3,16,0.25,8.25,19.0,4.9,63.6,29.9,0.157,2.2,517.9,483.5,472.0,444.1,27.9,5.91,Normal (<10%)
2028-01-25 14:00:00,Shift_2_Evening,BAL_DEEP_LEVEL_3,21.8064,80.1876,17,18,3,15,0.24,7.94,23.1,5.3,57.3,27.1,0.161,1.9,465.5,401.8,508.2,466.2,42.0,8.26,Normal (<10%)
2028-01-25 22:00:00,Shift_3_Night,BAL_NORTH_PIT,21.8121,80.1843,23,24,4,14,0.55,7.97,20.2,1.4,58.1,25.7,0.142,8.9,438.1,507.8,535.5,491.9,43.6,8.14,Normal (<10%)
2028-01-26 06:00:00,Shift_1_Morning,BAL_DEEP_LEVEL_3,21.8064,80.1876,24,24,4,14,0.63,7.94,22.0,2.4,61.7,26.4,0.27,13.4,594.0,426.1,540.5,527.2,13.3,2.46,Normal (<10%)
2028-01-26 14:00:00,Shift_2_Evening,BAL_SOUTH_PIT,21.8005,80.1901,21,21,4,16,0.26,8.02,20.3,4.8,61.8,28.1,0.22,7.2,458.3,485.4,591.2,552.7,38.5,6.51,Normal (<10%)
2028-01-26 22:00:00,Shift_3_Night,BAL_SOUTH_PIT,21.8005,80.1901,18,20,4,11,0.91,8.04,20.7,4.9,64.1,28.4,0.225,2.4,539.8,463.9,506.3,460.0,46.3,9.14,Normal (<10%)
2028-01-27 06:00:00,Shift_1_Morning,BAL_NORTH_PIT,21.8121,80.1843,19,20,4,12,0.26,7.49,22.5,12.4,66.1,25.8,0.267,17.0,457.0,457.4,479.9,402.6,77.3,16.11,Moderate (10-25%)
2028-01-27 14:00:00,Shift_2_Evening,UKWA_EXTENSION,21.7932,80.2015,18,20,3,12,1.12,7.61,18.5,5.8,58.9,29.1,0.191,10.0,403.8,477.3,590.7,501.4,89.3,15.12,Moderate (10-25%)
2028-01-27 22:00:00,Shift_3_Night,BAL_DEEP_LEVEL_3,21.8064,80.1876,27,27,3,16,1.67,7.44,20.2,3.9,69.1,25.3,0.221,0.0,521.9,525.5,528.4,400.7,127.7,24.17,Moderate (10-25%)
2028-01-28 06:00:00,Shift_1_Morning,UKWA_EXTENSION,21.7932,80.2015,16,17,4,12,0.8,8.1,21.9,10.2,64.7,25.8,0.235,15.9,383.0,424.2,459.6,388.5,71.1,15.47,Moderate (10-25%)
2028-01-28 14:00:00,Shift_2_Evening,UKWA_EXTENSION,21.7932,80.2015,26,27,3,11,1.14,8.05,19.6,5.7,69.5,27.9,0.196,9.7,374.0,384.2,425.3,387.0,38.3,9.01,Normal (<10%)
2028-01-28 22:00:00,Shift_3_Night,UKWA_EXTENSION,21.7932,80.2015,24,26,3,16,0.61,8.0,19.4,13.4,72.9,25.2,0.272,12.3,451.6,442.8,568.5,504.4,64.1,11.28,Moderate (10-25%)
2028-01-29 06:00:00,Shift_1_Morning,BAL_SOUTH_PIT,21.8005,80.1901,17,17,3,16,1.17,7.47,21.3,4.8,59.0,27.0,0.299,0.0,487.2,504.8,472.4,401.6,70.8,14.99,Moderate (10-25%)
2028-01-29 14:00:00,Shift_2_Evening,BAL_NORTH_PIT,21.8121,80.1843,24,26,3,14,1.72,8.24,20.1,4.2,58.9,30.8,0.159,15.6,448.6,508.9,532.1,464.3,67.8,12.74,Moderate (10-25%)
2028-01-29 22:00:00,Shift_3_Night,BAL_NORTH_PIT,21.8121,80.1843,19,19,4,12,0.29,7.42,17.7,3.2,60.5,26.0,0.168,7.1,432.0,430.9,494.2,416.4,77.8,15.74,Moderate (10-25%)
2028-01-30 06:00:00,Shift_1_Morning,BAL_SOUTH_PIT,21.8005,80.1901,21,22,2,12,1.38,8.03,21.4,6.1,63.9,27.6,0.19,12.4,390.4,428.3,439.8,370.8,69.0,15.69,Moderate (10-25%)
2028-01-30 14:00:00,Shift_2_Evening,BAL_SOUTH_PIT,21.8005,80.1901,23,23,3,12,1.19,7.92,23.5,28.6,74.0,22.3,0.331,21.4,441.0,480.5,520.3,410.6,109.7,21.08,Moderate (10-25%)
2028-01-30 22:00:00,Shift_3_Night,BAL_NORTH_PIT,21.8121,80.1843,18,20,2,12,0.05,7.68,22.7,12.7,65.8,29.5,0.264,12.0,511.3,435.3,412.1,340.9,71.2,17.28,Moderate (10-25%)
2028-01-31 06:00:00,Shift_1_Morning,UKWA_EXTENSION,21.7932,80.2015,19,21,4,13,0.47,7.59,22.5,5.9,61.7,26.4,0.271,11.9,410.7,491.2,482.7,410.4,72.3,14.98,Moderate (10-25%)
2028-01-31 14:00:00,Shift_2_Evening,BAL_DEEP_LEVEL_3,21.8064,80.1876,18,18,3,12,0.28,7.43,19.5,3.5,71.8,26.0,0.23,12.4,589.3,447.8,509.3,482.7,26.6,5.22,Normal (<10%)
2028-01-31 22:00:00,Shift_3_Night,BAL_DEEP_LEVEL_3,21.8064,80.1876,22,22,3,15,0.0,7.55,20.8,6.1,59.7,27.7,0.137,0.5,492.0,493.0,487.2,443.2,44.0,9.03,Normal (<10%)
2028-02-01 06:00:00,Shift_1_Morning,BAL_DEEP_LEVEL_3,21.8064,80.1876,17,17,3,16,0.48,7.53,24.4,4.6,66.9,29.9,0.225,4.7,570.0,551.9,549.7,492.2,57.5,10.46,Moderate (10-25%)
2028-02-01 14:00:00,Shift_2_Evening,UKWA_EXTENSION,21.7932,80.2015,19,20,3,13,0.22,7.45,22.2,3.6,62.8,29.9,0.192,4.5,429.2,520.9,565.6,491.2,74.4,13.15,Moderate (10-25%)
2028-02-01 22:00:00,Shift_3_Night,BAL_NORTH_PIT,21.8121,80.1843,27,28,4,13,1.01,8.08,20.0,3.3,62.7,27.6,0.198,1.4,508.9,501.1,554.2,515.7,38.5,6.95,Normal (<10%)
2028-02-02 06:00:00,Shift_1_Morning,BAL_SOUTH_PIT,21.8005,80.1901,24,24,4,16,0.6,7.54,22.9,11.8,68.4,29.7,0.239,12.8,478.0,479.1,407.8,347.3,60.5,14.84,Moderate (10-25%)
2028-02-02 14:00:00,Shift_2_Evening,BAL_NORTH_PIT,21.8121,80.1843,22,24,4,16,1.01,8.02,21.2,7.6,71.7,28.2,0.255,9.8,469.9,472.8,438.8,374.8,64.0,14.59,Moderate (10-25%)
2028-02-02 22:00:00,Shift_3_Night,UKWA_EXTENSION,21.7932,80.2015,18,20,2,15,0.85,8.0,21.3,4.8,63.3,28.3,0.132,4.6,366.4,414.5,507.3,445.7,61.6,12.14,Moderate (10-25%)
2028-02-03 06:00:00,Shift_1_Morning,BAL_SOUTH_PIT,21.8005,80.1901,16,18,2,16,1.04,8.04,18.0,3.8,60.4,29.0,0.189,2.3,353.8,446.4,587.0,521.4,65.6,11.18,Moderate (10-25%)
2028-02-03 14:00:00,Shift_2_Evening,UKWA_EXTENSION,21.7932,80.2015,20,22,4,12,1.33,8.02,20.3,22.4,75.1,25.1,0.356,26.4,507.2,505.9,567.0,475.5,91.5,16.14,Moderate (10-25%)
2028-02-03 22:00:00,Shift_3_Night,BAL_DEEP_LEVEL_3,21.8064,80.1876,22,22,3,12,0.35,8.01,19.9,5.9,65.9,29.3,0.272,7.9,517.6,513.2,568.5,531.8,36.7,6.46,Normal (<10%)
2028-02-04 06:00:00,Shift_1_Morning,BAL_DEEP_LEVEL_3,21.8064,80.1876,18,20,4,16,0.79,7.44,20.6,5.2,63.5,26.9,0.228,1.2,505.7,527.3,460.6,370.5,90.1,19.56,Moderate (10-25%)
2028-02-04 14:00:00,Shift_2_Evening,UKWA_EXTENSION,21.7932,80.2015,21,21,4,16,0.25,7.67,21.5,12.5,70.4,31.5,0.257,14.4,401.8,419.9,485.9,425.3,60.6,12.47,Moderate (10-25%)
2028-02-04 22:00:00,Shift_3_Night,BAL_SOUTH_PIT,21.8005,80.1901,17,17,4,11,0.52,7.39,19.9,6.4,65.3,27.7,0.249,11.3,416.8,556.9,494.1,445.5,48.6,9.84,Normal (<10%)
2028-02-05 06:00:00,Shift_1_Morning,BAL_SOUTH_PIT,21.8005,80.1901,20,22,3,14,0.81,8.04,20.7,5.7,75.7,29.1,0.223,2.1,468.2,481.6,431.5,377.1,54.4,12.61,Moderate (10-25%)
2028-02-05 14:00:00,Shift_2_Evening,BAL_NORTH_PIT,21.8121,80.1843,17,17,4,16,0.34,7.47,18.4,5.5,62.3,26.3,0.113,8.5,545.7,542.8,406.2,379.2,27.0,6.65,Normal (<10%)
2028-02-05 22:00:00,Shift_3_Night,BAL_DEEP_LEVEL_3,21.8064,80.1876,18,20,4,17,2.27,8.18,23.1,15.0,73.3,27.6,0.311,7.6,540.0,598.3,589.4,539.6,49.8,8.45,Normal (<10%)
2028-02-06 06:00:00,Shift_1_Morning,BAL_NORTH_PIT,21.8121,80.1843,21,22,3,14,0.4,7.91,22.0,10.9,66.8,26.6,0.225,13.0,531.8,454.1,448.1,386.9,61.2,13.66,Moderate (10-25%)
2028-02-06 14:00:00,Shift_2_Evening,BAL_NORTH_PIT,21.8121,80.1843,15,17,3,12,1.5,7.93,20.7,6.2,65.7,27.5,0.225,13.0,365.4,402.5,448.0,335.0,113.0,25.22,Critical (>25%)
2028-02-06 22:00:00,Shift_3_Night,UKWA_EXTENSION,21.7932,80.2015,23,26,3,16,0.7,7.9,18.7,3.3,60.4,29.0,0.202,2.9,476.5,484.7,416.7,377.1,39.6,9.5,Normal (<10%)
2028-02-07 06:00:00,Shift_1_Morning,UKWA_EXTENSION,21.7932,80.2015,21,21,3,14,0.1,7.53,20.8,2.9,59.4,26.6,0.196,4.2,458.7,511.0,585.7,512.7,73.0,12.46,Moderate (10-25%)
2028-02-07 14:00:00,Shift_2_Evening,BAL_NORTH_PIT,21.8121,80.1843,24,24,4,14,1.81,7.36,21.9,3.2,65.3,25.8,0.217,6.0,515.0,589.8,515.9,412.5,103.4,20.04,Moderate (10-25%)
2028-02-07 22:00:00,Shift_3_Night,BAL_DEEP_LEVEL_3,21.8064,80.1876,21,22,3,16,1.25,7.45,22.9,13.1,61.0,28.0,0.223,22.8,370.9,401.7,533.4,426.3,107.1,20.08,Moderate (10-25%)
2028-02-08 06:00:00,Shift_1_Morning,UKWA_EXTENSION,21.7932,80.2015,21,23,3,14,1.42,7.28,23.1,20.5,65.1,22.8,0.298,31.9,490.6,422.2,582.3,436.2,146.1,25.09,Critical (>25%)
2028-02-08 14:00:00,Shift_2_Evening,BAL_NORTH_PIT,21.8121,80.1843,25,27,3,14,0.25,7.52,20.8,7.2,62.9,28.7,0.207,13.9,561.4,362.4,469.1,447.5,21.6,4.6,Normal (<10%)
2028-02-08 22:00:00,Shift_3_Night,BAL_NORTH_PIT,21.8121,80.1843,21,21,4,16,0.15,7.95,19.9,6.8,69.1,26.0,0.199,3.5,402.9,585.6,524.3,456.0,68.3,13.03,Moderate (10-25%)
2028-02-09 06:00:00,Shift_1_Morning,BAL_NORTH_PIT,21.8121,80.1843,20,21,4,14,0.14,7.35,18.1,4.9,63.3,27.9,0.187,5.3,546.5,443.0,407.8,347.5,60.3,14.79,Moderate (10-25%)
2028-02-09 14:00:00,Shift_2_Evening,BAL_NORTH_PIT,21.8121,80.1843,18,20,3,14,1.33,8.11,22.3,9.3,64.4,29.2,0.238,15.0,473.8,520.9,437.4,364.7,72.7,16.62,Moderate (10-25%)
2028-02-09 22:00:00,Shift_3_Night,BAL_NORTH_PIT,21.8121,80.1843,19,19,4,16,1.59,7.87,21.1,8.1,58.0,28.3,0.171,0.0,493.7,500.3,566.2,484.0,82.2,14.52,Moderate (10-25%)
2028-02-10 06:00:00,Shift_1_Morning,BAL_NORTH_PIT,21.8121,80.1843,19,19,3,16,0.98,8.08,21.1,4.2,71.1,31.7,0.186,0.0,551.2,482.6,553.4,536.4,17.0,3.07,Normal (<10%)
2028-02-10 14:00:00,Shift_2_Evening,UKWA_EXTENSION,21.7932,80.2015,22,24,4,14,0.77,7.43,20.1,7.1,70.1,28.5,0.269,8.2,515.0,431.9,470.1,383.5,86.6,18.42,Moderate (10-25%)
2028-02-10 22:00:00,Shift_3_Night,BAL_DEEP_LEVEL_3,21.8064,80.1876,23,23,4,16,0.92,8.16,21.5,4.6,69.1,31.0,0.198,10.5,413.5,378.4,475.4,408.4,67.0,14.09,Moderate (10-25%)
2028-02-11 06:00:00,Shift_1_Morning,BAL_NORTH_PIT,21.8121,80.1843,20,20,3,12,0.55,8.07,20.3,8.1,57.3,28.9,0.234,10.6,487.1,507.6,506.7,461.0,45.7,9.02,Normal (<10%)
2028-02-11 14:00:00,Shift_2_Evening,BAL_SOUTH_PIT,21.8005,80.1901,17,18,3,14,1.53,7.4,21.3,18.2,68.2,24.8,0.268,15.3,487.9,461.0,400.0,315.2,84.8,21.2,Moderate (10-25%)
2028-02-11 22:00:00,Shift_3_Night,UKWA_EXTENSION,21.7932,80.2015,25,26,4,12,1.07,7.91,20.4,22.9,63.3,27.4,0.29,18.9,487.4,332.4,448.2,387.7,60.5,13.5,Moderate (10-25%)
2028-02-12 06:00:00,Shift_1_Morning,UKWA_EXTENSION,21.7932,80.2015,23,25,4,14,0.28,8.06,21.2,6.9,67.4,29.0,0.198,8.7,559.8,394.0,441.6,404.5,37.1,8.4,Normal (<10%)
2028-02-12 14:00:00,Shift_2_Evening,BAL_NORTH_PIT,21.8121,80.1843,25,26,3,13,0.41,7.97,19.2,5.3,64.1,29.8,0.201,6.9,470.2,531.1,450.1,397.2,52.9,11.75,Moderate (10-25%)
2028-02-12 22:00:00,Shift_3_Night,UKWA_EXTENSION,21.7932,80.2015,17,17,4,15,1.0,7.48,22.4,5.2,65.6,29.1,0.188,9.7,458.8,496.3,561.2,468.3,92.9,16.55,Moderate (10-25%)
2028-02-13 06:00:00,Shift_1_Morning,BAL_NORTH_PIT,21.8121,80.1843,25,27,3,16,1.53,8.13,23.5,28.9,67.5,26.4,0.412,31.1,450.8,591.2,455.9,405.9,50.0,10.97,Moderate (10-25%)
2028-02-13 14:00:00,Shift_2_Evening,BAL_DEEP_LEVEL_3,21.8064,80.1876,21,22,3,14,1.37,7.93,21.6,2.9,58.4,27.4,0.226,6.3,381.7,324.0,438.3,373.4,64.9,14.81,Moderate (10-25%)
2028-02-13 22:00:00,Shift_3_Night,BAL_DEEP_LEVEL_3,21.8064,80.1876,23,26,3,16,0.77,7.51,23.4,13.7,63.3,28.8,0.3,13.4,370.0,509.2,500.9,397.3,103.6,20.68,Moderate (10-25%)
2028-02-14 06:00:00,Shift_1_Morning,UKWA_EXTENSION,21.7932,80.2015,18,18,3,16,0.0,7.6,20.7,17.3,68.1,28.5,0.295,20.2,579.2,543.9,573.1,517.0,56.1,9.79,Normal (<10%)
2028-02-14 14:00:00,Shift_2_Evening,UKWA_EXTENSION,21.7932,80.2015,20,20,3,14,0.59,8.08,19.8,10.0,62.5,29.1,0.2,15.6,450.6,424.8,448.3,419.0,29.3,6.54,Normal (<10%)
2028-02-14 22:00:00,Shift_3_Night,BAL_SOUTH_PIT,21.8005,80.1901,25,26,4,14,0.66,7.48,24.1,2.8,65.3,27.2,0.235,9.4,487.0,543.6,415.7,362.3,53.4,12.85,Moderate (10-25%)
2028-02-15 06:00:00,Shift_1_Morning,UKWA_EXTENSION,21.7932,80.2015,22,24,3,12,0.85,7.47,19.8,3.7,56.9,29.4,0.194,5.1,544.2,520.3,471.3,431.2,40.1,8.51,Normal (<10%)
2028-02-15 14:00:00,Shift_2_Evening,BAL_SOUTH_PIT,21.8005,80.1901,19,20,3,12,0.74,7.33,23.5,9.7,65.2,24.6,0.23,13.8,445.9,510.8,549.5,453.7,95.8,17.43,Moderate (10-25%)
2028-02-15 22:00:00,Shift_3_Night,BAL_DEEP_LEVEL_3,21.8064,80.1876,26,26,2,14,0.58,7.39,22.5,12.8,72.4,26.4,0.232,21.5,384.0,396.5,510.1,376.4,133.7,26.21,Critical (>25%)
2028-02-16 06:00:00,Shift_1_Morning,BAL_DEEP_LEVEL_3,21.8064,80.1876,21,22,3,14,0.66,7.53,21.4,8.5,64.7,32.1,0.211,3.6,503.8,557.4,563.4,459.1,104.3,18.51,Moderate (10-25%)
2028-02-16 14:00:00,Shift_2_Evening,BAL_NORTH_PIT,21.8121,80.1843,20,20,4,12,0.88,7.49,21.3,7.8,64.4,29.3,0.172,8.7,395.4,491.5,591.9,500.2,91.7,15.49,Moderate (10-25%)
2028-02-16 22:00:00,Shift_3_Night,BAL_DEEP_LEVEL_3,21.8064,80.1876,19,20,3,12,2.58,7.51,21.6,5.8,66.1,30.6,0.228,0.2,426.5,541.4,558.5,405.7,152.8,27.36,Critical (>25%)
2028-02-17 06:00:00,Shift_1_Morning,BAL_SOUTH_PIT,21.8005,80.1901,25,26,2,14,0.49,8.1,19.8,9.2,61.0,29.2,0.193,4.3,510.3,546.8,520.8,508.8,12.0,2.3,Normal (<10%)
2028-02-17 14:00:00,Shift_2_Evening,UKWA_EXTENSION,21.7932,80.2015,25,27,3,14,0.06,7.38,21.1,8.0,70.8,27.6,0.17,9.5,436.2,475.0,498.7,407.7,91.0,18.25,Moderate (10-25%)
2028-02-17 22:00:00,Shift_3_Night,BAL_NORTH_PIT,21.8121,80.1843,25,26,3,16,0.46,7.48,18.9,8.8,65.4,29.6,0.268,18.4,535.8,513.4,408.0,337.3,70.7,17.33,Moderate (10-25%)
2028-02-18 06:00:00,Shift_1_Morning,BAL_SOUTH_PIT,21.8005,80.1901,22,24,4,12,0.91,7.52,18.7,4.0,63.3,31.0,0.22,10.9,543.9,438.0,596.9,535.0,61.9,10.37,Moderate (10-25%)
2028-02-18 14:00:00,Shift_2_Evening,UKWA_EXTENSION,21.7932,80.2015,19,20,4,12,0.41,7.93,21.0,9.2,67.8,28.4,0.219,4.7,444.1,472.1,476.7,412.3,64.4,13.51,Moderate (10-25%)
2028-02-18 22:00:00,Shift_3_Night,BAL_NORTH_PIT,21.8121,80.1843,21,21,4,12,0.67,7.64,22.0,5.5,67.8,30.8,0.206,9.8,411.0,446.1,430.4,369.6,60.8,14.13,Moderate (10-25%)
2028-02-19 06:00:00,Shift_1_Morning,BAL_DEEP_LEVEL_3,21.8064,80.1876,22,22,4,13,0.72,7.59,21.1,13.7,58.3,30.7,0.228,4.1,476.1,573.1,533.3,466.8,66.5,12.47,Moderate (10-25%)
2028-02-19 14:00:00,Shift_2_Evening,BAL_SOUTH_PIT,21.8005,80.1901,17,17,4,14,1.1,8.03,21.3,4.2,62.7,28.4,0.17,0.0,482.6,432.4,456.9,379.1,77.8,17.03,Moderate (10-25%)
2028-02-19 22:00:00,Shift_3_Night,UKWA_EXTENSION,21.7932,80.2015,25,25,4,16,1.2,7.68,18.4,2.5,74.5,33.0,0.232,14.9,469.2,481.9,517.2,476.4,40.8,7.89,Normal (<10%)
2028-02-20 06:00:00,Shift_1_Morning,BAL_NORTH_PIT,21.8121,80.1843,17,17,3,12,0.46,7.85,20.3,15.3,73.2,24.2,0.225,10.9,466.1,481.1,517.4,485.2,32.2,6.22,Normal (<10%)
2028-02-20 14:00:00,Shift_2_Evening,BAL_NORTH_PIT,21.8121,80.1843,18,18,3,13,0.29,8.0,19.6,3.5,62.1,30.6,0.181,10.8,441.9,329.8,489.1,464.3,24.8,5.07,Normal (<10%)
2028-02-20 22:00:00,Shift_3_Night,BAL_DEEP_LEVEL_3,21.8064,80.1876,23,25,3,13,0.46,7.54,22.9,13.9,68.2,29.5,0.251,14.0,554.9,502.7,567.2,505.4,61.8,10.9,Moderate (10-25%)
2028-02-21 06:00:00,Shift_1_Morning,UKWA_EXTENSION,21.7932,80.2015,24,24,3,16,0.79,7.91,18.7,1.9,60.0,29.3,0.157,4.7,534.9,463.2,453.0,411.6,41.4,9.14,Normal (<10%)
2028-02-21 14:00:00,Shift_2_Evening,BAL_DEEP_LEVEL_3,21.8064,80.1876,25,26,4,14,0.42,7.53,19.6,7.7,66.3,31.0,0.248,13.3,468.8,534.8,489.7,447.9,41.8,8.54,Normal (<10%)
2028-02-21 22:00:00,Shift_3_Night,BAL_DEEP_LEVEL_3,21.8064,80.1876,27,27,4,12,1.91,7.39,21.2,4.5,58.8,29.2,0.144,8.3,458.5,516.3,507.5,413.9,93.6,18.44,Moderate (10-25%)
2028-02-22 06:00:00,Shift_1_Morning,UKWA_EXTENSION,21.7932,80.2015,25,26,3,11,0.28,8.07,18.7,4.7,61.9,27.9,0.295,5.5,465.5,401.0,532.7,461.9,70.8,13.29,Moderate (10-25%)
2028-02-22 14:00:00,Shift_2_Evening,UKWA_EXTENSION,21.7932,80.2015,20,22,4,11,0.04,8.11,20.4,12.7,61.0,30.5,0.201,16.7,545.6,575.6,556.8,510.9,45.9,8.24,Normal (<10%)
2028-02-22 22:00:00,Shift_3_Night,UKWA_EXTENSION,21.7932,80.2015,24,26,3,12,0.19,7.53,20.6,8.6,70.5,27.0,0.222,5.9,372.3,447.8,479.0,394.0,85.0,17.75,Moderate (10-25%)
2028-02-23 06:00:00,Shift_1_Morning,BAL_SOUTH_PIT,21.8005,80.1901,22,22,4,15,0.74,7.31,19.9,1.3,59.2,26.8,0.169,5.1,558.7,553.0,529.2,484.9,44.3,8.37,Normal (<10%)
2028-02-23 14:00:00,Shift_2_Evening,UKWA_EXTENSION,21.7932,80.2015,17,18,4,14,0.0,7.9,20.8,5.4,68.1,27.0,0.186,5.4,487.5,399.7,430.1,377.4,52.7,12.25,Moderate (10-25%)
2028-02-23 22:00:00,Shift_3_Night,BAL_NORTH_PIT,21.8121,80.1843,25,26,3,16,0.18,7.56,21.8,27.3,66.8,27.3,0.329,16.3,386.9,390.2,586.5,473.7,112.8,19.23,Moderate (10-25%)
2028-02-24 06:00:00,Shift_1_Morning,BAL_DEEP_LEVEL_3,21.8064,80.1876,20,21,4,15,1.17,7.5,18.5,3.0,59.9,28.2,0.253,9.2,429.7,516.4,476.6,381.4,95.2,19.97,Moderate (10-25%)
2028-02-24 14:00:00,Shift_2_Evening,BAL_SOUTH_PIT,21.8005,80.1901,23,23,2,12,1.98,7.23,20.9,4.3,63.8,24.3,0.167,1.5,420.7,575.3,545.9,406.6,139.3,25.52,Critical (>25%)
2028-02-24 22:00:00,Shift_3_Night,UKWA_EXTENSION,21.7932,80.2015,23,25,3,12,1.17,8.12,19.4,5.4,56.7,31.5,0.239,17.4,401.1,491.8,404.1,371.1,33.0,8.17,Normal (<10%)
2028-02-25 06:00:00,Shift_1_Morning,BAL_SOUTH_PIT,21.8005,80.1901,21,22,4,12,1.34,7.51,21.6,14.7,69.5,28.8,0.298,14.1,433.6,394.4,441.0,329.1,111.9,25.37,Critical (>25%)
2028-02-25 14:00:00,Shift_2_Evening,UKWA_EXTENSION,21.7932,80.2015,21,22,3,11,1.4,7.42,20.9,5.2,60.9,28.3,0.137,4.5,535.0,518.4,497.4,419.1,78.3,15.74,Moderate (10-25%)
2028-02-25 22:00:00,Shift_3_Night,BAL_SOUTH_PIT,21.8005,80.1901,25,26,4,15,0.36,7.6,22.0,5.4,60.9,33.0,0.228,13.3,580.1,583.5,575.7,500.0,75.7,13.15,Moderate (10-25%)
2028-02-26 06:00:00,Shift_1_Morning,BAL_DEEP_LEVEL_3,21.8064,80.1876,18,19,4,16,0.63,7.93,21.0,7.9,60.4,27.0,0.233,4.0,355.2,402.6,505.5,472.5,33.0,6.53,Normal (<10%)
2028-02-26 14:00:00,Shift_2_Evening,BAL_DEEP_LEVEL_3,21.8064,80.1876,26,28,3,15,0.44,7.93,22.0,10.8,75.7,26.9,0.264,8.5,487.0,452.7,586.0,519.7,66.3,11.31,Moderate (10-25%)
2028-02-26 22:00:00,Shift_3_Night,BAL_NORTH_PIT,21.8121,80.1843,17,18,3,14,0.0,8.04,21.4,10.2,64.2,28.9,0.237,11.6,452.1,397.2,496.8,452.4,44.4,8.94,Normal (<10%)
2028-02-27 06:00:00,Shift_1_Morning,BAL_NORTH_PIT,21.8121,80.1843,17,18,4,16,0.94,7.68,20.9,13.4,64.1,30.3,0.221,16.3,382.4,481.1,498.1,400.9,97.2,19.51,Moderate (10-25%)
2028-02-27 14:00:00,Shift_2_Evening,UKWA_EXTENSION,21.7932,80.2015,25,26,4,14,1.63,8.16,20.4,8.4,69.0,32.0,0.264,10.2,405.5,469.2,423.9,373.2,50.7,11.96,Moderate (10-25%)
2028-02-27 22:00:00,Shift_3_Night,BAL_DEEP_LEVEL_3,21.8064,80.1876,19,20,2,12,0.0,7.54,22.4,4.2,58.4,28.5,0.197,0.7,532.2,490.2,560.5,462.2,98.3,17.54,Moderate (10-25%)
2028-02-28 06:00:00,Shift_1_Morning,BAL_SOUTH_PIT,21.8005,80.1901,19,20,4,14,1.04,8.05,20.7,4.5,69.6,26.5,0.235,7.5,391.7,583.2,449.4,403.3,46.1,10.26,Moderate (10-25%)
2028-02-28 14:00:00,Shift_2_Evening,BAL_SOUTH_PIT,21.8005,80.1901,17,18,3,12,1.33,7.58,21.3,16.7,66.6,28.0,0.346,21.8,578.0,448.2,579.9,470.8,109.1,18.81,Moderate (10-25%)
2028-02-28 22:00:00,Shift_3_Night,BAL_SOUTH_PIT,21.8005,80.1901,18,20,4,12,0.7,7.87,20.2,6.1,56.1,26.8,0.203,1.0,497.9,452.3,582.2,501.2,81.0,13.91,Moderate (10-25%)
2028-02-29 06:00:00,Shift_1_Morning,BAL_NORTH_PIT,21.8121,80.1843,18,20,3,12,0.53,7.56,22.0,4.4,59.2,31.6,0.202,8.4,496.4,432.3,588.7,547.6,41.1,6.98,Normal (<10%)
2028-02-29 14:00:00,Shift_2_Evening,BAL_SOUTH_PIT,21.8005,80.1901,25,26,3,14,0.23,7.43,17.7,4.0,56.8,26.9,0.193,12.3,533.5,538.4,504.0,474.6,29.4,5.83,Normal (<10%)
2028-02-29 22:00:00,Shift_3_Night,BAL_NORTH_PIT,21.8121,80.1843,19,21,4,14,0.77,8.03,20.2,4.8,63.8,29.8,0.262,12.3,324.6,341.3,535.4,495.1,40.3,7.53,Normal (<10%)
2028-03-01 06:00:00,Shift_1_Morning,BAL_NORTH_PIT,21.8121,80.1843,21,22,3,12,0.15,7.48,20.6,6.4,58.0,32.5,0.143,6.0,461.6,426.2,555.7,494.2,61.5,11.07,Moderate (10-25%)
2028-03-01 14:00:00,Shift_2_Evening,UKWA_EXTENSION,21.7932,80.2015,18,19,4,15,0.65,8.05,21.8,7.1,58.6,33.0,0.195,8.0,559.6,377.5,426.2,391.9,34.3,8.05,Normal (<10%)
2028-03-01 22:00:00,Shift_3_Night,BAL_SOUTH_PIT,21.8005,80.1901,26,26,4,16,0.57,8.01,19.3,10.0,64.4,33.1,0.172,3.3,606.4,473.0,520.2,518.2,2.0,0.38,Normal (<10%)
2028-03-02 06:00:00,Shift_1_Morning,BAL_SOUTH_PIT,21.8005,80.1901,25,25,3,11,0.21,7.19,20.4,5.5,62.3,27.5,0.161,0.0,344.3,389.4,406.9,333.3,73.6,18.09,Moderate (10-25%)
2028-03-02 14:00:00,Shift_2_Evening,BAL_DEEP_LEVEL_3,21.8064,80.1876,15,17,3,16,0.74,7.52,20.2,8.8,69.3,31.7,0.213,8.5,391.4,459.8,499.5,422.6,76.9,15.4,Moderate (10-25%)
2028-03-02 22:00:00,Shift_3_Night,UKWA_EXTENSION,21.7932,80.2015,23,24,4,14,0.44,8.06,19.0,4.6,68.2,33.4,0.189,1.8,390.0,376.1,431.0,408.2,22.8,5.29,Normal (<10%)
2028-03-03 06:00:00,Shift_1_Morning,BAL_DEEP_LEVEL_3,21.8064,80.1876,22,22,3,12,0.27,8.04,19.7,4.4,63.1,32.5,0.17,1.9,423.8,514.9,436.6,417.5,19.1,4.37,Normal (<10%)
2028-03-03 14:00:00,Shift_2_Evening,UKWA_EXTENSION,21.7932,80.2015,21,21,3,16,0.15,7.99,19.5,4.7,65.7,29.9,0.213,1.7,447.9,346.3,473.0,443.9,29.1,6.15,Normal (<10%)
2028-03-03 22:00:00,Shift_3_Night,BAL_SOUTH_PIT,21.8005,80.1901,16,17,4,16,1.09,7.66,19.6,14.9,59.7,32.2,0.274,11.4,419.5,473.6,486.5,416.4,70.1,14.41,Moderate (10-25%)
2028-03-04 06:00:00,Shift_1_Morning,BAL_NORTH_PIT,21.8121,80.1843,22,24,3,15,1.22,8.03,24.1,14.8,70.5,29.9,0.328,14.7,520.4,493.3,524.6,454.1,70.5,13.44,Moderate (10-25%)
2028-03-04 14:00:00,Shift_2_Evening,BAL_NORTH_PIT,21.8121,80.1843,23,24,4,14,0.82,7.54,21.8,5.0,65.8,31.4,0.202,9.1,446.0,431.1,414.9,351.7,63.2,15.23,Moderate (10-25%)
2028-03-04 22:00:00,Shift_3_Night,BAL_NORTH_PIT,21.8121,80.1843,19,19,3,14,1.88,7.6,23.7,13.9,70.0,31.6,0.235,9.1,453.5,537.4,500.7,405.2,95.5,19.07,Moderate (10-25%)
2028-03-05 06:00:00,Shift_1_Morning,BAL_NORTH_PIT,21.8121,80.1843,26,26,2,16,0.99,8.04,22.5,5.1,61.3,32.8,0.182,5.7,532.2,447.2,436.5,367.7,68.8,15.76,Moderate (10-25%)
2028-03-05 14:00:00,Shift_2_Evening,BAL_NORTH_PIT,21.8121,80.1843,25,26,3,16,1.2,7.91,20.8,13.2,63.1,29.4,0.241,20.9,441.3,528.6,514.8,429.7,85.1,16.53,Moderate (10-25%)
2028-03-05 22:00:00,Shift_3_Night,BAL_DEEP_LEVEL_3,21.8064,80.1876,21,23,4,16,0.34,7.26,19.0,4.5,61.4,29.3,0.191,1.6,537.8,435.6,527.5,466.7,60.8,11.53,Moderate (10-25%)
2028-03-06 06:00:00,Shift_1_Morning,UKWA_EXTENSION,21.7932,80.2015,21,22,3,16,0.24,7.45,16.8,2.2,68.9,32.6,0.211,17.5,328.6,385.7,511.3,425.7,85.6,16.74,Moderate (10-25%)
2028-03-06 14:00:00,Shift_2_Evening,BAL_SOUTH_PIT,21.8005,80.1901,26,27,3,12,0.71,7.58,20.5,2.3,62.5,30.9,0.155,7.0,501.4,412.5,547.7,463.5,84.2,15.37,Moderate (10-25%)
2028-03-06 22:00:00,Shift_3_Night,BAL_DEEP_LEVEL_3,21.8064,80.1876,19,21,4,16,0.43,7.46,22.7,6.9,57.0,29.1,0.257,8.8,499.2,351.8,467.1,396.1,71.0,15.2,Moderate (10-25%)
2028-03-07 06:00:00,Shift_1_Morning,UKWA_EXTENSION,21.7932,80.2015,21,21,3,16,0.95,8.08,18.9,2.3,66.5,30.0,0.265,4.2,408.2,489.2,553.0,463.2,89.8,16.24,Moderate (10-25%)
2028-03-07 14:00:00,Shift_2_Evening,BAL_NORTH_PIT,21.8121,80.1843,18,20,4,12,0.4,7.51,20.9,6.8,60.4,31.9,0.157,13.0,390.9,394.5,486.6,395.4,91.2,18.74,Moderate (10-25%)
2028-03-07 22:00:00,Shift_3_Night,UKWA_EXTENSION,21.7932,80.2015,21,21,3,11,0.43,8.13,19.3,6.7,69.1,32.9,0.223,2.7,374.5,408.1,496.8,454.8,42.0,8.45,Normal (<10%)
2028-03-08 06:00:00,Shift_1_Morning,UKWA_EXTENSION,21.7932,80.2015,26,26,4,16,0.0,7.97,21.2,0.6,63.5,32.5,0.169,2.1,412.9,558.3,529.6,491.2,38.4,7.25,Normal (<10%)
2028-03-08 14:00:00,Shift_2_Evening,BAL_NORTH_PIT,21.8121,80.1843,18,18,4,16,0.96,8.05,23.0,9.1,70.0,32.8,0.23,20.8,424.0,488.2,403.7,362.9,40.8,10.11,Moderate (10-25%)
2028-03-08 22:00:00,Shift_3_Night,BAL_NORTH_PIT,21.8121,80.1843,23,25,4,12,0.77,7.55,18.9,11.3,69.4,31.7,0.192,11.7,440.9,506.7,530.8,444.9,85.9,16.18,Moderate (10-25%)
2028-03-09 06:00:00,Shift_1_Morning,BAL_NORTH_PIT,21.8121,80.1843,25,26,3,14,0.82,7.65,21.0,18.8,71.0,31.4,0.278,18.6,387.0,337.5,523.7,445.7,78.0,14.89,Moderate (10-25%)
2028-03-09 14:00:00,Shift_2_Evening,BAL_SOUTH_PIT,21.8005,80.1901,21,22,4,13,0.68,7.83,23.5,10.9,70.4,28.1,0.247,9.5,414.4,389.4,462.0,374.9,87.1,18.85,Moderate (10-25%)
2028-03-09 22:00:00,Shift_3_Night,BAL_NORTH_PIT,21.8121,80.1843,25,26,3,12,1.66,7.95,21.3,10.5,66.9,30.3,0.184,5.2,380.0,376.9,417.2,351.1,66.1,15.84,Moderate (10-25%)
2028-03-10 06:00:00,Shift_1_Morning,BAL_SOUTH_PIT,21.8005,80.1901,26,26,4,10,0.53,8.08,18.7,9.4,60.1,31.2,0.199,9.5,415.5,447.3,418.2,379.5,38.7,9.25,Normal (<10%)
2028-03-10 14:00:00,Shift_2_Evening,BAL_NORTH_PIT,21.8121,80.1843,24,24,4,15,0.46,8.15,24.0,6.6,60.6,34.2,0.234,5.4,588.2,483.2,584.6,575.7,8.9,1.52,Normal (<10%)
2028-03-10 22:00:00,Shift_3_Night,BAL_SOUTH_PIT,21.8005,80.1901,22,22,3,14,1.12,7.52,19.2,2.9,56.7,33.7,0.155,7.6,416.6,491.6,537.9,458.8,79.1,14.71,Moderate (10-25%)
2028-03-11 06:00:00,Shift_1_Morning,UKWA_EXTENSION,21.7932,80.2015,18,18,4,14,1.24,7.97,22.0,2.8,65.5,33.5,0.197,3.4,429.3,386.8,425.4,344.0,81.4,19.13,Moderate (10-25%)
2028-03-11 14:00:00,Shift_2_Evening,BAL_DEEP_LEVEL_3,21.8064,80.1876,16,18,4,16,0.84,7.58,20.1,3.8,51.4,32.2,0.177,6.6,504.4,433.4,471.3,404.6,66.7,14.15,Moderate (10-25%)
2028-03-11 22:00:00,Shift_3_Night,UKWA_EXTENSION,21.7932,80.2015,18,20,3,12,0.93,7.59,21.5,6.4,62.9,31.2,0.163,1.6,443.3,461.3,518.5,446.2,72.3,13.94,Moderate (10-25%)
2028-03-12 06:00:00,Shift_1_Morning,UKWA_EXTENSION,21.7932,80.2015,25,25,4,14,0.79,7.46,19.6,27.1,67.6,27.0,0.292,20.9,397.2,414.7,567.1,469.8,97.3,17.16,Moderate (10-25%)
2028-03-12 14:00:00,Shift_2_Evening,BAL_NORTH_PIT,21.8121,80.1843,23,26,4,14,0.38,7.53,20.0,3.2,69.1,32.6,0.25,3.1,471.5,465.9,408.7,361.5,47.2,11.55,Moderate (10-25%)
2028-03-12 22:00:00,Shift_3_Night,BAL_SOUTH_PIT,21.8005,80.1901,22,24,4,16,0.73,8.12,21.2,9.6,63.7,34.0,0.221,11.9,517.5,523.1,447.3,413.1,34.2,7.65,Normal (<10%)
2028-03-13 06:00:00,Shift_1_Morning,BAL_DEEP_LEVEL_3,21.8064,80.1876,21,23,4,16,0.2,7.69,19.7,7.9,61.3,34.9,0.197,11.2,544.0,463.7,577.9,511.6,66.3,11.47,Moderate (10-25%)
2028-03-13 14:00:00,Shift_2_Evening,BAL_NORTH_PIT,21.8121,80.1843,17,18,3,12,1.22,8.07,21.3,6.6,70.4,32.6,0.227,2.9,462.4,393.7,401.8,330.9,70.9,17.65,Moderate (10-25%)
2028-03-13 22:00:00,Shift_3_Night,BAL_NORTH_PIT,21.8121,80.1843,24,24,3,16,0.42,7.5,20.1,1.4,60.7,33.8,0.171,1.9,341.3,446.8,440.3,380.3,60.0,13.63,Moderate (10-25%)
2028-03-14 06:00:00,Shift_1_Morning,BAL_NORTH_PIT,21.8121,80.1843,24,25,4,12,0.87,7.99,18.9,12.8,63.1,30.5,0.183,13.4,460.0,529.2,591.8,553.4,38.4,6.49,Normal (<10%)
2028-03-14 14:00:00,Shift_2_Evening,UKWA_EXTENSION,21.7932,80.2015,23,26,4,11,0.0,8.06,21.2,9.4,62.1,33.3,0.235,5.8,589.1,514.4,522.7,535.0,0.0,0.0,Normal (<10%)
2028-03-14 22:00:00,Shift_3_Night,BAL_SOUTH_PIT,21.8005,80.1901,20,21,3,16,0.94,7.99,21.0,35.7,72.4,29.7,0.365,36.4,505.9,380.2,452.3,387.3,65.0,14.37,Moderate (10-25%)
2028-03-15 06:00:00,Shift_1_Morning,BAL_SOUTH_PIT,21.8005,80.1901,25,26,3,14,0.19,8.02,22.9,9.9,64.0,29.6,0.253,13.2,334.3,406.0,413.4,362.5,50.9,12.31,Moderate (10-25%)
2028-03-15 14:00:00,Shift_2_Evening,BAL_DEEP_LEVEL_3,21.8064,80.1876,24,25,3,13,0.5,7.89,22.8,10.8,64.0,28.8,0.266,9.2,325.4,430.6,405.6,346.4,59.2,14.6,Moderate (10-25%)
2028-03-15 22:00:00,Shift_3_Night,BAL_SOUTH_PIT,21.8005,80.1901,21,21,3,13,1.23,7.63,19.6,6.0,70.7,31.6,0.255,9.3,378.8,520.9,448.9,388.3,60.6,13.5,Moderate (10-25%)
2028-03-16 06:00:00,Shift_1_Morning,BAL_SOUTH_PIT,21.8005,80.1901,25,25,4,15,0.5,7.89,21.2,7.4,63.2,29.0,0.216,4.7,577.0,412.6,576.3,519.9,56.4,9.79,Normal (<10%)
2028-03-16 14:00:00,Shift_2_Evening,BAL_NORTH_PIT,21.8121,80.1843,21,22,3,12,0.03,7.46,18.7,5.7,59.9,32.1,0.184,9.2,532.6,467.3,483.2,433.9,49.3,10.2,Moderate (10-25%)
2028-03-16 22:00:00,Shift_3_Night,BAL_NORTH_PIT,21.8121,80.1843,19,21,4,12,0.86,8.01,21.0,2.1,55.1,31.5,0.125,0.0,544.2,529.7,544.1,496.2,47.9,8.8,Normal (<10%)
2028-03-17 06:00:00,Shift_1_Morning,UKWA_EXTENSION,21.7932,80.2015,22,22,3,16,1.49,7.7,21.3,7.6,65.8,33.0,0.27,10.6,447.9,534.6,583.7,502.3,81.4,13.95,Moderate (10-25%)
2028-03-17 14:00:00,Shift_2_Evening,BAL_NORTH_PIT,21.8121,80.1843,18,20,3,15,1.11,7.46,19.9,5.4,59.1,33.2,0.16,10.1,435.2,401.8,481.6,427.2,54.4,11.3,Moderate (10-25%)
2028-03-17 22:00:00,Shift_3_Night,BAL_NORTH_PIT,21.8121,80.1843,26,27,4,16,0.61,7.43,20.4,3.2,60.7,31.3,0.228,2.9,509.2,454.7,438.3,381.2,57.1,13.03,Moderate (10-25%)
2028-03-18 06:00:00,Shift_1_Morning,BAL_NORTH_PIT,21.8121,80.1843,19,21,3,16,0.48,7.94,21.8,11.4,60.4,31.4,0.22,9.2,417.5,374.1,503.4,417.4,86.0,17.08,Moderate (10-25%)
2028-03-18 14:00:00,Shift_2_Evening,BAL_NORTH_PIT,21.8121,80.1843,22,25,4,14,0.5,7.67,18.7,1.3,61.4,33.9,0.111,0.0,550.9,427.4,581.6,497.6,84.0,14.44,Moderate (10-25%)
2028-03-18 22:00:00,Shift_3_Night,UKWA_EXTENSION,21.7932,80.2015,25,26,3,14,1.22,7.72,18.5,5.4,55.7,28.3,0.139,4.0,402.8,477.1,560.9,491.9,69.0,12.3,Moderate (10-25%)
2028-03-19 06:00:00,Shift_1_Morning,BAL_NORTH_PIT,21.8121,80.1843,18,18,4,14,2.36,7.9,21.6,7.2,64.5,32.8,0.166,2.0,467.9,403.3,413.2,315.6,97.6,23.62,Moderate (10-25%)
2028-03-19 14:00:00,Shift_2_Evening,BAL_DEEP_LEVEL_3,21.8064,80.1876,23,25,3,14,2.06,7.77,20.8,8.8,61.8,34.4,0.228,8.0,407.9,453.2,538.5,439.2,99.3,18.44,Moderate (10-25%)
2028-03-19 22:00:00,Shift_3_Night,BAL_DEEP_LEVEL_3,21.8064,80.1876,25,26,4,12,0.27,7.56,18.9,9.9,68.4,31.2,0.235,7.3,432.3,540.6,514.4,433.8,80.6,15.67,Moderate (10-25%)
2028-03-20 06:00:00,Shift_1_Morning,BAL_DEEP_LEVEL_3,21.8064,80.1876,18,20,3,14,0.92,7.89,17.1,6.1,65.3,30.8,0.172,3.7,451.1,569.9,581.5,576.8,4.7,0.81,Normal (<10%)
2028-03-20 14:00:00,Shift_2_Evening,BAL_DEEP_LEVEL_3,21.8064,80.1876,22,22,3,15,1.22,8.0,20.1,4.8,62.5,31.2,0.183,0.0,390.1,445.1,424.5,353.3,71.2,16.77,Moderate (10-25%)
2028-03-20 22:00:00,Shift_3_Night,BAL_NORTH_PIT,21.8121,80.1843,18,20,4,16,1.0,8.01,20.5,4.3,66.9,32.9,0.18,0.2,403.7,539.2,506.8,434.8,72.0,14.21,Moderate (10-25%)
2028-03-21 06:00:00,Shift_1_Morning,BAL_DEEP_LEVEL_3,21.8064,80.1876,17,18,4,15,0.73,8.08,21.0,14.9,74.3,28.9,0.307,5.1,485.6,560.9,575.9,538.0,37.9,6.58,Normal (<10%)
2028-03-21 14:00:00,Shift_2_Evening,BAL_NORTH_PIT,21.8121,80.1843,21,22,4,14,0.97,8.18,21.1,2.3,67.1,32.5,0.168,3.4,378.4,433.9,482.0,423.3,58.7,12.18,Moderate (10-25%)
2028-03-21 22:00:00,Shift_3_Night,UKWA_EXTENSION,21.7932,80.2015,26,27,4,14,0.39,8.04,21.2,4.2,57.6,32.6,0.314,3.3,418.9,395.7,496.4,438.8,57.6,11.6,Moderate (10-25%)
2028-03-22 06:00:00,Shift_1_Morning,BAL_DEEP_LEVEL_3,21.8064,80.1876,16,18,4,16,1.18,7.45,19.2,0.4,58.1,30.9,0.152,4.9,460.6,419.0,414.1,327.7,86.4,20.86,Moderate (10-25%)
2028-03-22 14:00:00,Shift_2_Evening,BAL_SOUTH_PIT,21.8005,80.1901,18,18,3,14,0.76,8.08,22.7,9.9,61.8,31.7,0.22,8.9,491.8,434.0,455.6,401.1,54.5,11.96,Moderate (10-25%)
2028-03-22 22:00:00,Shift_3_Night,BAL_DEEP_LEVEL_3,21.8064,80.1876,20,21,4,13,0.5,7.93,23.3,16.2,70.5,29.7,0.29,13.4,455.3,380.2,464.9,392.0,72.9,15.68,Moderate (10-25%)
2028-03-23 06:00:00,Shift_1_Morning,BAL_DEEP_LEVEL_3,21.8064,80.1876,24,27,4,12,0.01,7.4,21.1,11.5,61.9,30.4,0.199,7.8,412.9,565.4,589.0,500.4,88.6,15.04,Moderate (10-25%)
2028-03-23 14:00:00,Shift_2_Evening,BAL_NORTH_PIT,21.8121,80.1843,24,24,4,16,1.74,7.32,20.3,1.8,58.9,28.4,0.168,11.9,436.7,561.3,456.5,396.6,59.9,13.12,Moderate (10-25%)
2028-03-23 22:00:00,Shift_3_Night,BAL_DEEP_LEVEL_3,21.8064,80.1876,20,21,3,14,0.0,7.34,19.9,6.0,58.7,30.5,0.159,6.7,544.5,447.5,492.2,463.7,28.5,5.79,Normal (<10%)
2028-03-24 06:00:00,Shift_1_Morning,BAL_SOUTH_PIT,21.8005,80.1901,19,20,3,15,0.16,7.91,20.1,13.5,66.5,28.8,0.208,5.9,509.8,465.7,534.3,531.9,2.4,0.45,Normal (<10%)
2028-03-24 14:00:00,Shift_2_Evening,BAL_NORTH_PIT,21.8121,80.1843,23,24,3,14,0.26,7.38,20.1,5.8,65.5,30.8,0.19,6.1,411.3,347.2,432.4,358.0,74.4,17.21,Moderate (10-25%)
2028-03-24 22:00:00,Shift_3_Night,BAL_NORTH_PIT,21.8121,80.1843,20,20,1,14,0.82,7.53,19.9,4.8,55.1,33.4,0.112,7.0,352.2,377.6,497.3,427.1,70.2,14.12,Moderate (10-25%)
2028-03-25 06:00:00,Shift_1_Morning,UKWA_EXTENSION,21.7932,80.2015,17,18,3,11,0.14,7.88,20.1,8.7,59.6,28.5,0.172,15.7,501.4,569.4,547.7,505.6,42.1,7.69,Normal (<10%)
2028-03-25 14:00:00,Shift_2_Evening,UKWA_EXTENSION,21.7932,80.2015,20,22,3,11,0.07,7.69,19.8,4.6,52.9,26.9,0.201,5.8,485.0,486.8,573.4,499.6,73.8,12.87,Moderate (10-25%)
2028-03-25 22:00:00,Shift_3_Night,BAL_DEEP_LEVEL_3,21.8064,80.1876,18,18,4,11,1.32,7.9,18.0,3.8,49.1,28.8,0.114,3.6,425.0,424.0,525.3,426.0,99.3,18.9,Moderate (10-25%)
2028-03-26 06:00:00,Shift_1_Morning,UKWA_EXTENSION,21.7932,80.2015,23,23,4,12,0.55,7.95,20.4,6.9,66.3,30.8,0.267,5.8,503.6,501.9,533.8,459.6,74.2,13.9,Moderate (10-25%)
2028-03-26 14:00:00,Shift_2_Evening,UKWA_EXTENSION,21.7932,80.2015,18,18,4,16,1.56,7.44,19.8,8.1,65.0,31.0,0.222,7.8,460.5,401.0,425.3,346.1,79.2,18.62,Moderate (10-25%)
2028-03-26 22:00:00,Shift_3_Night,UKWA_EXTENSION,21.7932,80.2015,17,18,1,12,1.62,8.15,18.6,5.2,62.4,33.8,0.156,11.4,454.5,388.7,589.2,488.5,100.7,17.09,Moderate (10-25%)
2028-03-27 06:00:00,Shift_1_Morning,BAL_NORTH_PIT,21.8121,80.1843,23,26,3,12,1.37,7.44,22.0,13.1,74.3,29.0,0.25,9.2,404.1,544.5,426.5,326.6,99.9,23.42,Moderate (10-25%)
2028-03-27 14:00:00,Shift_2_Evening,BAL_NORTH_PIT,21.8121,80.1843,23,24,3,16,1.54,8.09,20.1,3.5,53.6,32.7,0.13,6.6,569.0,470.3,554.9,505.0,49.9,8.99,Normal (<10%)
2028-03-27 22:00:00,Shift_3_Night,BAL_NORTH_PIT,21.8121,80.1843,22,22,3,11,0.7,7.5,21.0,4.8,52.7,33.7,0.242,5.0,477.3,399.1,453.0,337.1,115.9,25.58,Critical (>25%)
2028-03-28 06:00:00,Shift_1_Morning,UKWA_EXTENSION,21.7932,80.2015,21,22,3,12,1.4,8.0,21.8,8.4,59.4,29.6,0.289,10.2,450.1,586.7,586.7,543.3,43.4,7.4,Normal (<10%)
2028-03-28 14:00:00,Shift_2_Evening,BAL_NORTH_PIT,21.8121,80.1843,18,19,3,16,0.29,7.92,23.6,24.1,57.8,27.8,0.334,16.8,502.8,434.9,544.0,479.1,64.9,11.93,Moderate (10-25%)
2028-03-28 22:00:00,Shift_3_Night,UKWA_EXTENSION,21.7932,80.2015,22,23,3,14,0.63,7.99,18.2,2.0,58.7,30.9,0.226,10.0,502.7,574.9,550.8,507.6,43.2,7.84,Normal (<10%)
2028-03-29 06:00:00,Shift_1_Morning,BAL_NORTH_PIT,21.8121,80.1843,23,25,3,16,0.39,7.42,22.5,12.9,69.2,29.3,0.323,16.8,441.7,471.4,443.8,356.6,87.2,19.65,Moderate (10-25%)
2028-03-29 14:00:00,Shift_2_Evening,BAL_NORTH_PIT,21.8121,80.1843,21,21,3,14,0.42,7.52,20.8,4.1,63.7,33.6,0.195,8.2,422.8,478.7,488.6,416.7,71.9,14.72,Moderate (10-25%)
2028-03-29 22:00:00,Shift_3_Night,BAL_SOUTH_PIT,21.8005,80.1901,19,20,3,14,0.83,7.48,20.3,7.2,69.4,28.2,0.261,13.7,558.8,453.4,523.6,427.6,96.0,18.33,Moderate (10-25%)
2028-03-30 06:00:00,Shift_1_Morning,BAL_DEEP_LEVEL_3,21.8064,80.1876,18,19,4,17,1.1,7.91,20.1,7.8,65.4,30.8,0.2,6.6,575.8,421.6,554.0,525.5,28.5,5.14,Normal (<10%)
2028-03-30 14:00:00,Shift_2_Evening,UKWA_EXTENSION,21.7932,80.2015,21,23,3,16,1.3,7.6,22.2,13.2,63.2,34.2,0.251,13.9,522.5,480.1,420.8,362.3,58.5,13.9,Moderate (10-25%)
2028-03-30 22:00:00,Shift_3_Night,BAL_SOUTH_PIT,21.8005,80.1901,21,24,4,12,0.34,8.04,21.3,10.3,61.8,32.0,0.249,15.5,597.4,445.7,592.5,542.8,49.7,8.39,Normal (<10%)
2028-03-31 06:00:00,Shift_1_Morning,BAL_NORTH_PIT,21.8121,80.1843,21,22,4,12,0.05,7.96,21.8,5.9,64.8,30.4,0.214,6.6,593.4,481.3,578.0,537.7,40.3,6.97,Normal (<10%)
2028-03-31 14:00:00,Shift_2_Evening,UKWA_EXTENSION,21.7932,80.2015,25,27,3,16,0.45,8.01,19.5,4.5,54.5,32.6,0.173,5.8,477.5,405.8,454.1,430.8,23.3,5.13,Normal (<10%)
2028-03-31 22:00:00,Shift_3_Night,BAL_NORTH_PIT,21.8121,80.1843,23,25,3,11,0.35,7.49,22.2,6.6,46.6,31.9,0.117,0.0,574.6,449.0,564.6,496.1,68.5,12.13,Moderate (10-25%)
2028-04-01 06:00:00,Shift_1_Morning,BAL_DEEP_LEVEL_3,21.8064,80.1876,21,22,3,11,0.39,7.91,20.2,6.7,64.1,36.1,0.137,0.4,461.3,527.8,503.7,459.0,44.7,8.87,Normal (<10%)
2028-04-01 14:00:00,Shift_2_Evening,BAL_SOUTH_PIT,21.8005,80.1901,26,27,3,16,0.3,7.51,21.8,9.7,65.0,35.4,0.228,10.8,443.9,416.6,492.4,402.0,90.4,18.36,Moderate (10-25%)
2028-04-01 22:00:00,Shift_3_Night,BAL_DEEP_LEVEL_3,21.8064,80.1876,23,26,3,14,0.86,7.94,19.8,9.9,71.9,34.1,0.216,17.6,457.3,442.4,462.9,405.3,57.6,12.44,Moderate (10-25%)
2028-04-02 06:00:00,Shift_1_Morning,BAL_SOUTH_PIT,21.8005,80.1901,23,23,4,14,0.61,7.91,21.8,9.6,67.8,35.4,0.251,4.6,512.8,457.3,516.2,457.5,58.7,11.37,Moderate (10-25%)
2028-04-02 14:00:00,Shift_2_Evening,BAL_NORTH_PIT,21.8121,80.1843,17,18,4,14,1.52,7.84,20.9,19.5,68.3,32.1,0.241,12.3,537.9,482.5,546.0,473.5,72.5,13.28,Moderate (10-25%)
2028-04-02 22:00:00,Shift_3_Night,BAL_DEEP_LEVEL_3,21.8064,80.1876,24,26,4,13,0.15,7.46,21.7,8.3,62.9,33.7,0.277,6.5,394.2,508.9,482.2,397.9,84.3,17.48,Moderate (10-25%)
2028-04-03 06:00:00,Shift_1_Morning,BAL_DEEP_LEVEL_3,21.8064,80.1876,23,24,4,14,0.45,7.56,21.5,4.4,59.2,35.8,0.195,5.8,411.7,360.7,525.8,421.9,103.9,19.76,Moderate (10-25%)
2028-04-03 14:00:00,Shift_2_Evening,BAL_NORTH_PIT,21.8121,80.1843,24,24,4,13,0.46,7.93,19.1,5.6,62.5,36.3,0.273,5.7,502.8,495.0,539.9,525.0,14.9,2.76,Normal (<10%)
2028-04-03 22:00:00,Shift_3_Night,BAL_DEEP_LEVEL_3,21.8064,80.1876,23,24,4,16,0.44,7.75,20.3,12.0,69.3,36.9,0.193,9.0,398.5,315.7,542.2,476.5,65.7,12.12,Moderate (10-25%)
2028-04-04 06:00:00,Shift_1_Morning,UKWA_EXTENSION,21.7932,80.2015,21,22,3,14,0.9,7.59,19.1,5.5,64.7,36.1,0.204,0.0,468.0,416.3,410.4,335.9,74.5,18.15,Moderate (10-25%)
2028-04-04 14:00:00,Shift_2_Evening,BAL_SOUTH_PIT,21.8005,80.1901,16,18,4,14,1.02,8.13,17.9,4.2,66.0,36.2,0.136,5.0,532.6,554.3,571.9,526.8,45.1,7.89,Normal (<10%)
2028-04-04 22:00:00,Shift_3_Night,BAL_SOUTH_PIT,21.8005,80.1901,23,25,3,12,1.06,8.08,22.1,2.6,63.6,33.9,0.224,7.7,428.0,499.7,491.7,437.1,54.6,11.1,Moderate (10-25%)
2028-04-05 06:00:00,Shift_1_Morning,BAL_SOUTH_PIT,21.8005,80.1901,19,20,4,14,0.4,7.69,17.7,4.4,57.0,37.5,0.183,4.4,375.0,518.8,452.5,386.8,65.7,14.52,Moderate (10-25%)
2028-04-05 14:00:00,Shift_2_Evening,UKWA_EXTENSION,21.7932,80.2015,26,27,4,11,0.93,7.92,22.8,18.7,71.8,30.9,0.273,22.1,495.1,409.4,448.4,381.4,67.0,14.94,Moderate (10-25%)
2028-04-05 22:00:00,Shift_3_Night,BAL_SOUTH_PIT,21.8005,80.1901,20,21,4,13,0.97,7.74,20.7,11.4,70.2,29.1,0.227,12.0,409.8,530.9,496.6,415.4,81.2,16.35,Moderate (10-25%)
2028-04-06 06:00:00,Shift_1_Morning,BAL_NORTH_PIT,21.8121,80.1843,23,25,4,14,0.29,7.46,19.9,9.0,64.4,34.7,0.193,4.9,443.0,615.1,577.4,481.5,95.9,16.61,Moderate (10-25%)
2028-04-06 14:00:00,Shift_2_Evening,BAL_DEEP_LEVEL_3,21.8064,80.1876,17,18,3,11,1.09,7.56,21.2,4.9,66.7,35.2,0.205,10.0,439.4,441.9,475.7,374.1,101.6,21.36,Moderate (10-25%)
2028-04-06 22:00:00,Shift_3_Night,UKWA_EXTENSION,21.7932,80.2015,19,20,2,14,1.43,8.02,21.0,5.7,64.8,36.4,0.139,3.9,408.8,513.3,549.9,473.3,76.6,13.93,Moderate (10-25%)
2028-04-07 06:00:00,Shift_1_Morning,BAL_SOUTH_PIT,21.8005,80.1901,25,25,4,11,2.01,7.53,20.7,10.9,62.2,34.7,0.212,17.1,471.2,344.4,419.4,319.7,99.7,23.77,Moderate (10-25%)
2028-04-07 14:00:00,Shift_2_Evening,BAL_NORTH_PIT,21.8121,80.1843,18,20,3,12,0.83,7.63,18.4,8.1,60.9,37.3,0.142,0.0,424.8,417.1,495.2,416.1,79.1,15.97,Moderate (10-25%)
2028-04-07 22:00:00,Shift_3_Night,BAL_DEEP_LEVEL_3,21.8064,80.1876,19,20,4,16,0.15,8.04,22.7,4.7,59.1,34.9,0.193,8.6,457.2,578.4,598.3,570.0,28.3,4.73,Normal (<10%)
2028-04-08 06:00:00,Shift_1_Morning,BAL_DEEP_LEVEL_3,21.8064,80.1876,23,24,4,14,1.01,8.08,21.5,3.7,59.7,39.2,0.141,4.0,526.9,470.7,554.1,487.4,66.7,12.04,Moderate (10-25%)
2028-04-08 14:00:00,Shift_2_Evening,UKWA_EXTENSION,21.7932,80.2015,20,21,3,16,0.86,7.91,21.2,4.5,69.7,32.0,0.273,2.1,513.3,317.0,442.1,393.1,49.0,11.08,Moderate (10-25%)
2028-04-08 22:00:00,Shift_3_Night,UKWA_EXTENSION,21.7932,80.2015,23,27,4,12,0.64,7.89,22.4,22.7,72.2,31.5,0.299,11.7,549.3,564.8,500.3,463.4,36.9,7.38,Normal (<10%)
2028-04-09 06:00:00,Shift_1_Morning,UKWA_EXTENSION,21.7932,80.2015,21,24,4,14,0.0,7.66,17.0,8.1,66.3,35.5,0.193,16.9,371.8,438.4,446.7,388.8,57.9,12.96,Moderate (10-25%)
2028-04-09 14:00:00,Shift_2_Evening,BAL_NORTH_PIT,21.8121,80.1843,21,22,4,13,0.5,7.51,17.5,4.6,67.3,34.8,0.185,4.8,448.7,472.2,481.9,425.1,56.8,11.79,Moderate (10-25%)
2028-04-09 22:00:00,Shift_3_Night,BAL_NORTH_PIT,21.8121,80.1843,17,18,3,12,0.89,7.94,22.5,12.4,62.1,35.8,0.195,4.5,504.8,551.5,556.0,469.8,86.2,15.5,Moderate (10-25%)
2028-04-10 06:00:00,Shift_1_Morning,UKWA_EXTENSION,21.7932,80.2015,19,19,3,12,0.85,7.94,22.3,11.3,59.3,33.9,0.267,18.8,403.7,537.7,554.2,500.8,53.4,9.64,Normal (<10%)
2028-04-10 14:00:00,Shift_2_Evening,BAL_SOUTH_PIT,21.8005,80.1901,16,18,3,14,1.11,7.94,21.0,2.1,60.9,32.8,0.159,3.6,386.4,429.2,445.6,391.4,54.2,12.16,Moderate (10-25%)
2028-04-10 22:00:00,Shift_3_Night,BAL_DEEP_LEVEL_3,21.8064,80.1876,20,21,3,14,1.57,7.93,19.3,4.4,61.9,32.8,0.146,10.4,412.1,464.8,584.4,529.9,54.5,9.33,Normal (<10%)
2028-04-11 06:00:00,Shift_1_Morning,BAL_DEEP_LEVEL_3,21.8064,80.1876,20,22,4,16,0.97,7.37,24.1,5.8,67.3,34.4,0.233,5.2,564.6,371.6,518.5,439.5,79.0,15.24,Moderate (10-25%)
2028-04-11 14:00:00,Shift_2_Evening,BAL_NORTH_PIT,21.8121,80.1843,24,25,3,14,1.86,7.35,22.6,7.9,64.7,33.0,0.156,9.5,523.1,520.8,476.0,377.6,98.4,20.67,Moderate (10-25%)
2028-04-11 22:00:00,Shift_3_Night,BAL_DEEP_LEVEL_3,21.8064,80.1876,17,18,4,12,0.52,7.98,23.2,19.9,72.1,31.8,0.241,26.6,513.5,565.9,500.4,495.3,5.1,1.02,Normal (<10%)
2028-04-12 06:00:00,Shift_1_Morning,BAL_SOUTH_PIT,21.8005,80.1901,24,25,3,16,0.39,7.94,22.2,4.0,52.3,33.6,0.173,8.4,296.0,511.6,521.0,472.0,49.0,9.4,Normal (<10%)
2028-04-12 14:00:00,Shift_2_Evening,BAL_DEEP_LEVEL_3,21.8064,80.1876,22,22,2,14,0.94,7.61,19.8,4.3,58.5,36.6,0.168,5.6,451.7,497.6,512.0,455.1,56.9,11.11,Moderate (10-25%)
2028-04-12 22:00:00,Shift_3_Night,BAL_NORTH_PIT,21.8121,80.1843,20,21,3,11,1.05,7.53,17.7,0.9,60.6,37.8,0.16,3.3,432.9,535.6,497.3,422.6,74.7,15.02,Moderate (10-25%)
2028-04-13 06:00:00,Shift_1_Morning,BAL_NORTH_PIT,21.8121,80.1843,26,26,3,14,0.58,7.53,19.0,2.9,64.2,34.8,0.192,10.5,478.9,463.3,501.0,433.7,67.3,13.43,Moderate (10-25%)
2028-04-13 14:00:00,Shift_2_Evening,BAL_SOUTH_PIT,21.8005,80.1901,19,19,3,14,0.41,7.43,19.7,8.6,75.6,31.6,0.265,5.4,416.9,536.6,435.3,373.0,62.3,14.31,Moderate (10-25%)
2028-04-13 22:00:00,Shift_3_Night,BAL_SOUTH_PIT,21.8005,80.1901,22,24,3,15,1.48,7.99,19.9,7.9,59.0,35.1,0.235,8.8,360.6,497.5,562.5,455.5,107.0,19.02,Moderate (10-25%)
2028-04-14 06:00:00,Shift_1_Morning,BAL_DEEP_LEVEL_3,21.8064,80.1876,24,26,3,12,0.83,7.54,21.4,1.7,57.5,35.2,0.148,9.5,538.7,490.4,508.4,434.4,74.0,14.56,Moderate (10-25%)
2028-04-14 14:00:00,Shift_2_Evening,BAL_DEEP_LEVEL_3,21.8064,80.1876,18,18,3,16,0.06,7.57,19.9,11.6,63.1,33.8,0.245,0.0,521.1,389.0,426.2,377.9,48.3,11.33,Moderate (10-25%)
2028-04-14 22:00:00,Shift_3_Night,BAL_NORTH_PIT,21.8121,80.1843,24,25,4,16,1.02,7.49,19.6,8.8,60.2,34.3,0.212,6.7,435.1,519.0,553.2,483.5,69.7,12.6,Moderate (10-25%)
2028-04-15 06:00:00,Shift_1_Morning,BAL_SOUTH_PIT,21.8005,80.1901,22,22,3,14,0.26,8.11,20.7,2.6,58.1,36.9,0.197,1.9,517.4,525.4,586.5,584.6,1.9,0.32,Normal (<10%)
2028-04-15 14:00:00,Shift_2_Evening,BAL_SOUTH_PIT,21.8005,80.1901,21,21,3,14,0.26,8.0,18.3,6.3,63.1,33.9,0.165,7.0,564.8,496.9,589.5,567.8,21.7,3.68,Normal (<10%)
2028-04-15 22:00:00,Shift_3_Night,BAL_SOUTH_PIT,21.8005,80.1901,17,18,4,12,1.04,7.58,19.6,5.7,67.4,36.5,0.146,6.3,470.6,544.9,473.8,393.4,80.4,16.97,Moderate (10-25%)
2028-04-16 06:00:00,Shift_1_Morning,BAL_DEEP_LEVEL_3,21.8064,80.1876,26,27,3,16,1.0,7.45,19.0,6.9,62.5,34.8,0.19,7.4,509.2,493.9,427.1,389.5,37.6,8.8,Normal (<10%)
2028-04-16 14:00:00,Shift_2_Evening,BAL_SOUTH_PIT,21.8005,80.1901,26,26,4,12,0.62,7.82,19.5,3.8,59.0,29.7,0.228,5.2,506.8,437.3,503.7,430.9,72.8,14.45,Moderate (10-25%)
2028-04-16 22:00:00,Shift_3_Night,BAL_NORTH_PIT,21.8121,80.1843,24,24,3,11,0.39,8.03,20.7,10.4,63.9,35.2,0.236,13.6,464.6,525.7,422.5,368.7,53.8,12.73,Moderate (10-25%)
2028-04-17 06:00:00,Shift_1_Morning,BAL_NORTH_PIT,21.8121,80.1843,25,26,4,13,0.26,7.57,23.5,23.8,63.3,32.7,0.331,12.8,538.4,572.9,586.8,508.3,78.5,13.38,Moderate (10-25%)
2028-04-17 14:00:00,Shift_2_Evening,BAL_DEEP_LEVEL_3,21.8064,80.1876,25,26,3,15,0.63,8.06,20.0,9.3,69.4,35.8,0.318,13.3,415.1,385.5,436.7,393.5,43.2,9.89,Normal (<10%)
2028-04-17 22:00:00,Shift_3_Night,UKWA_EXTENSION,21.7932,80.2015,22,22,4,15,0.42,7.54,19.4,4.9,71.1,37.4,0.205,6.4,445.2,491.3,450.6,388.0,62.6,13.89,Moderate (10-25%)
2028-04-18 06:00:00,Shift_1_Morning,BAL_DEEP_LEVEL_3,21.8064,80.1876,17,18,4,12,0.2,7.97,18.9,6.2,53.8,34.9,0.151,7.6,422.7,390.1,481.3,408.2,73.1,15.19,Moderate (10-25%)
2028-04-18 14:00:00,Shift_2_Evening,UKWA_EXTENSION,21.7932,80.2015,20,22,4,12,0.51,7.42,22.9,0.5,62.6,33.5,0.196,2.5,487.9,432.7,476.6,383.0,93.6,19.64,Moderate (10-25%)
2028-04-18 22:00:00,Shift_3_Night,BAL_SOUTH_PIT,21.8005,80.1901,23,26,3,12,0.67,7.56,20.7,5.5,57.6,38.0,0.108,1.5,425.3,386.6,558.9,493.1,65.8,11.77,Moderate (10-25%)
2028-04-19 06:00:00,Shift_1_Morning,BAL_DEEP_LEVEL_3,21.8064,80.1876,18,19,4,15,0.89,8.04,20.1,2.5,61.9,35.1,0.134,4.3,452.6,490.0,491.3,474.3,17.0,3.46,Normal (<10%)
2028-04-19 14:00:00,Shift_2_Evening,BAL_NORTH_PIT,21.8121,80.1843,17,19,3,13,0.39,7.44,20.3,7.1,63.1,36.1,0.242,5.0,344.0,488.6,434.2,370.8,63.4,14.6,Moderate (10-25%)
2028-04-19 22:00:00,Shift_3_Night,BAL_SOUTH_PIT,21.8005,80.1901,19,19,4,12,0.05,8.11,22.3,14.0,58.2,35.2,0.224,10.8,387.2,473.5,453.4,397.9,55.5,12.24,Moderate (10-25%)
2028-04-20 06:00:00,Shift_1_Morning,BAL_NORTH_PIT,21.8121,80.1843,23,26,3,12,0.54,7.91,20.6,3.3,69.6,32.5,0.226,0.4,497.7,464.9,501.8,453.6,48.2,9.61,Normal (<10%)
2028-04-20 14:00:00,Shift_2_Evening,BAL_SOUTH_PIT,21.8005,80.1901,18,18,3,16,0.16,7.94,19.8,6.5,62.2,36.8,0.158,0.0,520.1,402.7,429.5,395.0,34.5,8.03,Normal (<10%)
2028-04-20 22:00:00,Shift_3_Night,BAL_DEEP_LEVEL_3,21.8064,80.1876,19,21,3,14,0.17,7.66,20.3,6.1,60.0,38.1,0.188,0.0,513.6,531.3,522.3,456.2,66.1,12.66,Moderate (10-25%)
2028-04-21 06:00:00,Shift_1_Morning,UKWA_EXTENSION,21.7932,80.2015,18,19,3,15,0.2,7.59,20.8,8.7,64.5,37.6,0.189,5.7,509.6,428.0,513.1,440.3,72.8,14.19,Moderate (10-25%)
2028-04-21 14:00:00,Shift_2_Evening,BAL_SOUTH_PIT,21.8005,80.1901,21,24,4,13,1.7,7.46,18.6,9.6,59.1,34.0,0.173,13.9,466.0,586.0,542.9,445.3,97.6,17.98,Moderate (10-25%)
2028-04-21 22:00:00,Shift_3_Night,UKWA_EXTENSION,21.7932,80.2015,17,18,3,12,0.66,8.03,19.1,13.1,63.6,34.2,0.199,11.7,572.8,487.9,587.5,515.9,71.6,12.19,Moderate (10-25%)
2028-04-22 06:00:00,Shift_1_Morning,BAL_SOUTH_PIT,21.8005,80.1901,20,20,3,16,0.59,7.52,22.7,0.1,53.0,32.2,0.188,3.9,496.5,607.5,582.5,522.3,60.2,10.33,Moderate (10-25%)
2028-04-22 14:00:00,Shift_2_Evening,BAL_NORTH_PIT,21.8121,80.1843,18,19,3,16,0.76,7.23,20.1,4.1,51.4,32.3,0.183,11.7,451.8,498.9,589.2,485.2,104.0,17.65,Moderate (10-25%)
2028-04-22 22:00:00,Shift_3_Night,BAL_NORTH_PIT,21.8121,80.1843,24,24,3,13,1.43,7.41,19.1,6.4,58.4,34.0,0.183,9.7,409.4,476.7,448.9,353.6,95.3,21.23,Moderate (10-25%)
2028-04-23 06:00:00,Shift_1_Morning,BAL_SOUTH_PIT,21.8005,80.1901,17,17,3,16,0.33,7.49,19.8,3.3,60.1,34.8,0.229,14.3,421.1,478.1,426.3,344.6,81.7,19.16,Moderate (10-25%)
2028-04-23 14:00:00,Shift_2_Evening,UKWA_EXTENSION,21.7932,80.2015,19,20,4,14,0.85,7.96,21.4,3.5,55.3,34.9,0.25,8.5,519.4,478.0,460.5,426.5,34.0,7.38,Normal (<10%)
2028-04-23 22:00:00,Shift_3_Night,BAL_DEEP_LEVEL_3,21.8064,80.1876,18,20,3,11,0.68,7.52,23.8,5.4,60.4,35.3,0.201,9.9,400.5,485.1,579.0,455.3,123.7,21.36,Moderate (10-25%)
2028-04-24 06:00:00,Shift_1_Morning,BAL_DEEP_LEVEL_3,21.8064,80.1876,21,23,3,16,0.7,8.11,19.9,5.5,59.4,35.9,0.183,3.2,451.4,482.8,594.4,552.2,42.2,7.1,Normal (<10%)
2028-04-24 14:00:00,Shift_2_Evening,BAL_NORTH_PIT,21.8121,80.1843,21,22,4,14,0.33,7.97,20.8,5.4,63.0,34.6,0.193,1.7,472.7,444.2,571.9,508.6,63.3,11.07,Moderate (10-25%)
2028-04-24 22:00:00,Shift_3_Night,BAL_DEEP_LEVEL_3,21.8064,80.1876,26,27,3,16,0.16,7.89,20.6,6.7,66.9,32.6,0.241,5.2,404.0,439.8,422.0,380.1,41.9,9.93,Normal (<10%)
2028-04-25 06:00:00,Shift_1_Morning,BAL_NORTH_PIT,21.8121,80.1843,25,25,3,11,0.08,8.03,21.3,12.5,74.3,34.6,0.287,10.3,427.9,517.0,589.5,511.7,77.8,13.2,Moderate (10-25%)
2028-04-25 14:00:00,Shift_2_Evening,BAL_DEEP_LEVEL_3,21.8064,80.1876,21,21,3,12,0.56,7.47,21.5,7.9,66.5,33.4,0.22,13.3,437.1,545.3,484.7,402.9,81.8,16.88,Moderate (10-25%)
2028-04-25 22:00:00,Shift_3_Night,BAL_SOUTH_PIT,21.8005,80.1901,16,17,3,16,0.28,7.48,21.7,12.1,60.7,32.9,0.276,12.2,520.4,370.7,401.9,341.3,60.6,15.08,Moderate (10-25%)
2028-04-26 06:00:00,Shift_1_Morning,BAL_NORTH_PIT,21.8121,80.1843,22,22,3,14,0.43,7.47,21.3,6.1,66.7,33.6,0.225,7.7,445.9,454.1,488.5,416.3,72.2,14.78,Moderate (10-25%)
2028-04-26 14:00:00,Shift_2_Evening,BAL_NORTH_PIT,21.8121,80.1843,23,23,2,12,1.78,8.22,21.5,8.4,71.2,36.4,0.247,8.9,377.4,523.8,409.2,361.7,47.5,11.61,Moderate (10-25%)
2028-04-26 22:00:00,Shift_3_Night,BAL_SOUTH_PIT,21.8005,80.1901,26,26,4,12,0.41,7.28,20.9,2.7,56.8,31.4,0.237,6.0,523.3,480.2,508.8,442.0,66.8,13.13,Moderate (10-25%)
2028-04-27 06:00:00,Shift_1_Morning,BAL_NORTH_PIT,21.8121,80.1843,21,22,2,16,0.35,7.96,17.7,7.8,56.8,35.4,0.162,12.5,518.6,554.8,467.7,470.4,0.0,0.0,Normal (<10%)
2028-04-27 14:00:00,Shift_2_Evening,BAL_DEEP_LEVEL_3,21.8064,80.1876,21,23,3,14,0.59,7.5,20.3,6.0,54.6,34.6,0.129,8.8,482.8,459.6,494.7,397.3,97.4,19.69,Moderate (10-25%)
2028-04-27 22:00:00,Shift_3_Night,BAL_DEEP_LEVEL_3,21.8064,80.1876,22,22,3,13,0.14,7.42,21.5,4.3,58.8,32.9,0.166,5.0,566.0,471.5,522.6,493.4,29.2,5.59,Normal (<10%)
2028-04-28 06:00:00,Shift_1_Morning,BAL_NORTH_PIT,21.8121,80.1843,22,24,4,13,0.55,7.59,18.7,6.9,65.9,36.5,0.237,19.4,510.7,555.1,573.8,529.4,44.4,7.74,Normal (<10%)
2028-04-28 14:00:00,Shift_2_Evening,BAL_DEEP_LEVEL_3,21.8064,80.1876,21,22,3,12,0.16,8.08,20.0,9.3,71.1,35.1,0.193,7.2,497.7,533.8,532.4,492.3,40.1,7.53,Normal (<10%)
2028-04-28 22:00:00,Shift_3_Night,UKWA_EXTENSION,21.7932,80.2015,23,25,4,12,1.26,7.5,19.4,2.2,66.6,35.8,0.148,8.4,320.5,334.3,486.8,399.5,87.3,17.93,Moderate (10-25%)
2028-04-29 06:00:00,Shift_1_Morning,BAL_NORTH_PIT,21.8121,80.1843,18,19,3,11,0.55,7.97,20.3,4.2,65.7,33.9,0.24,9.5,482.4,475.3,563.9,552.1,11.8,2.09,Normal (<10%)
2028-04-29 14:00:00,Shift_2_Evening,BAL_SOUTH_PIT,21.8005,80.1901,21,23,2,14,1.22,7.99,21.7,1.8,62.9,34.1,0.239,3.9,480.0,452.7,581.1,521.5,59.6,10.26,Moderate (10-25%)
2028-04-29 22:00:00,Shift_3_Night,UKWA_EXTENSION,21.7932,80.2015,25,25,3,14,0.0,7.99,20.2,2.4,62.1,33.8,0.147,13.3,471.7,544.4,424.0,386.3,37.7,8.89,Normal (<10%)
2028-04-30 06:00:00,Shift_1_Morning,BAL_NORTH_PIT,21.8121,80.1843,25,26,4,14,1.34,7.49,20.3,5.2,65.6,33.3,0.229,5.1,566.0,487.9,506.4,433.5,72.9,14.4,Moderate (10-25%)
2028-04-30 14:00:00,Shift_2_Evening,BAL_SOUTH_PIT,21.8005,80.1901,19,19,4,11,0.66,7.48,19.7,14.8,72.1,31.9,0.297,16.1,477.4,440.3,456.9,402.4,54.5,11.93,Moderate (10-25%)
2028-04-30 22:00:00,Shift_3_Night,BAL_DEEP_LEVEL_3,21.8064,80.1876,23,23,3,12,0.03,8.03,18.4,7.8,62.8,35.6,0.197,13.2,497.8,515.5,409.4,390.2,19.2,4.69,Normal (<10%)
2028-05-01 06:00:00,Shift_1_Morning,BAL_SOUTH_PIT,21.8005,80.1901,16,17,4,14,0.0,8.08,19.8,9.6,65.1,37.7,0.211,6.9,533.0,472.9,533.7,518.7,15.0,2.81,Normal (<10%)
2028-05-01 14:00:00,Shift_2_Evening,UKWA_EXTENSION,21.7932,80.2015,25,26,3,15,1.48,7.88,20.6,11.3,62.1,33.5,0.222,12.7,450.8,570.2,572.6,501.1,71.5,12.49,Moderate (10-25%)
2028-05-01 22:00:00,Shift_3_Night,BAL_DEEP_LEVEL_3,21.8064,80.1876,18,18,2,11,0.61,7.89,22.3,18.2,66.3,30.5,0.22,18.9,460.3,416.5,432.6,353.4,79.2,18.31,Moderate (10-25%)
2028-05-02 06:00:00,Shift_1_Morning,BAL_NORTH_PIT,21.8121,80.1843,20,22,3,12,1.49,7.83,21.8,11.9,63.7,34.0,0.21,7.3,479.9,419.7,562.5,495.5,67.0,11.91,Moderate (10-25%)
2028-05-02 14:00:00,Shift_2_Evening,BAL_DEEP_LEVEL_3,21.8064,80.1876,21,22,4,17,1.68,7.59,24.6,26.5,64.9,35.7,0.349,21.9,516.2,452.3,570.7,452.5,118.2,20.71,Moderate (10-25%)
2028-05-02 22:00:00,Shift_3_Night,BAL_NORTH_PIT,21.8121,80.1843,18,19,4,12,0.46,7.53,21.3,2.1,67.0,38.6,0.203,4.5,380.3,491.2,582.9,493.8,89.1,15.29,Moderate (10-25%)
2028-05-03 06:00:00,Shift_1_Morning,BAL_NORTH_PIT,21.8121,80.1843,24,26,4,11,0.57,7.55,20.1,5.5,68.7,36.9,0.176,11.7,493.1,554.6,453.1,376.7,76.4,16.86,Moderate (10-25%)
2028-05-03 14:00:00,Shift_2_Evening,BAL_SOUTH_PIT,21.8005,80.1901,18,20,3,14,0.99,7.86,21.5,3.9,62.5,36.3,0.168,12.9,463.1,586.2,580.8,504.9,75.9,13.07,Moderate (10-25%)
2028-05-03 22:00:00,Shift_3_Night,BAL_SOUTH_PIT,21.8005,80.1901,23,25,3,16,0.51,8.18,20.8,24.5,70.5,37.3,0.294,12.8,538.7,485.7,464.1,442.2,21.9,4.72,Normal (<10%)
2028-05-04 06:00:00,Shift_1_Morning,BAL_SOUTH_PIT,21.8005,80.1901,24,25,3,12,1.46,7.44,19.1,4.8,66.1,37.3,0.192,5.6,393.0,422.3,510.5,414.7,95.8,18.77,Moderate (10-25%)
2028-05-04 14:00:00,Shift_2_Evening,UKWA_EXTENSION,21.7932,80.2015,23,24,4,12,0.5,7.52,19.0,4.0,60.7,37.2,0.15,1.4,416.1,446.2,410.1,364.2,45.9,11.19,Moderate (10-25%)
2028-05-04 22:00:00,Shift_3_Night,UKWA_EXTENSION,21.7932,80.2015,22,23,3,15,0.23,8.09,22.2,2.6,63.8,38.1,0.214,7.1,359.8,453.0,408.8,367.4,41.4,10.13,Moderate (10-25%)
2028-05-05 06:00:00,Shift_1_Morning,BAL_SOUTH_PIT,21.8005,80.1901,21,21,4,15,0.73,7.9,19.5,5.1,61.7,37.9,0.192,14.6,523.0,507.5,544.1,499.8,44.3,8.14,Normal (<10%)
2028-05-05 14:00:00,Shift_2_Evening,UKWA_EXTENSION,21.7932,80.2015,23,24,4,16,1.66,7.95,19.5,5.0,59.7,38.4,0.236,13.1,465.1,503.0,488.9,402.0,86.9,17.77,Moderate (10-25%)
2028-05-05 22:00:00,Shift_3_Night,BAL_DEEP_LEVEL_3,21.8064,80.1876,19,19,4,14,0.98,7.52,19.1,5.2,65.9,37.1,0.236,6.0,485.5,375.0,451.3,384.3,67.0,14.85,Moderate (10-25%)
2028-05-06 06:00:00,Shift_1_Morning,BAL_DEEP_LEVEL_3,21.8064,80.1876,22,24,3,15,1.12,8.29,22.5,14.8,69.9,39.5,0.322,7.9,355.1,449.0,438.1,376.3,61.8,14.11,Moderate (10-25%)
2028-05-06 14:00:00,Shift_2_Evening,UKWA_EXTENSION,21.7932,80.2015,19,20,3,16,0.98,8.03,23.2,9.9,69.0,34.0,0.242,13.1,547.2,566.7,534.0,482.5,51.5,9.64,Normal (<10%)
2028-05-06 22:00:00,Shift_3_Night,UKWA_EXTENSION,21.7932,80.2015,18,21,1,13,0.53,8.16,22.4,7.3,63.6,40.6,0.23,8.7,447.9,374.8,400.1,328.7,71.4,17.85,Moderate (10-25%)
2028-05-07 06:00:00,Shift_1_Morning,BAL_DEEP_LEVEL_3,21.8064,80.1876,19,21,4,14,0.11,7.62,21.7,4.4,56.5,40.2,0.235,2.0,410.9,559.5,561.2,536.3,24.9,4.44,Normal (<10%)
2028-05-07 14:00:00,Shift_2_Evening,BAL_NORTH_PIT,21.8121,80.1843,20,21,3,16,0.29,8.04,21.8,15.3,70.9,36.6,0.237,14.8,468.5,465.8,415.8,380.2,35.6,8.56,Normal (<10%)
2028-05-07 22:00:00,Shift_3_Night,BAL_DEEP_LEVEL_3,21.8064,80.1876,21,22,3,12,1.54,7.4,23.4,15.0,62.7,33.2,0.28,19.6,402.2,451.6,438.3,338.3,100.0,22.82,Moderate (10-25%)
2028-05-08 06:00:00,Shift_1_Morning,BAL_DEEP_LEVEL_3,21.8064,80.1876,15,16,3,13,1.27,8.11,20.0,4.3,58.5,39.2,0.185,10.3,408.8,391.0,477.2,423.4,53.8,11.27,Moderate (10-25%)
2028-05-08 14:00:00,Shift_2_Evening,UKWA_EXTENSION,21.7932,80.2015,17,18,2,16,0.58,7.85,23.7,13.9,63.2,35.2,0.286,13.5,535.1,430.0,497.0,419.2,77.8,15.65,Moderate (10-25%)
2028-05-08 22:00:00,Shift_3_Night,BAL_DEEP_LEVEL_3,21.8064,80.1876,21,21,4,12,0.8,7.66,21.1,4.8,55.1,39.9,0.275,11.5,552.8,480.3,471.0,415.0,56.0,11.89,Moderate (10-25%)
2028-05-09 06:00:00,Shift_1_Morning,UKWA_EXTENSION,21.7932,80.2015,24,25,3,11,0.73,8.02,20.6,9.4,63.6,39.6,0.232,10.8,375.9,488.7,464.1,431.5,32.6,7.02,Normal (<10%)
2028-05-09 14:00:00,Shift_2_Evening,UKWA_EXTENSION,21.7932,80.2015,26,27,3,15,1.27,7.23,21.1,10.2,66.4,33.7,0.208,15.6,459.9,497.7,592.8,463.8,129.0,21.76,Moderate (10-25%)
2028-05-09 22:00:00,Shift_3_Night,BAL_SOUTH_PIT,21.8005,80.1901,25,26,4,16,0.9,7.97,20.1,4.9,59.5,36.0,0.164,3.9,573.5,451.9,528.3,499.9,28.4,5.38,Normal (<10%)
2028-05-10 06:00:00,Shift_1_Morning,BAL_DEEP_LEVEL_3,21.8064,80.1876,18,20,4,14,1.22,7.57,19.1,13.6,73.0,35.7,0.254,4.9,390.7,440.3,404.7,340.7,64.0,15.81,Moderate (10-25%)
2028-05-10 14:00:00,Shift_2_Evening,BAL_NORTH_PIT,21.8121,80.1843,18,18,3,11,0.89,7.98,19.3,7.6,69.7,35.4,0.239,14.2,507.9,481.6,486.0,447.7,38.3,7.88,Normal (<10%)
2028-05-10 22:00:00,Shift_3_Night,BAL_SOUTH_PIT,21.8005,80.1901,24,24,4,12,0.5,7.57,21.3,10.5,69.1,38.1,0.283,6.1,478.3,399.8,575.0,522.2,52.8,9.18,Normal (<10%)
2028-05-11 06:00:00,Shift_1_Morning,UKWA_EXTENSION,21.7932,80.2015,23,25,4,12,0.15,7.41,19.9,2.7,51.6,38.3,0.172,7.1,512.8,376.1,460.3,403.7,56.6,12.3,Moderate (10-25%)
2028-05-11 14:00:00,Shift_2_Evening,UKWA_EXTENSION,21.7932,80.2015,20,20,4,16,0.45,7.87,19.7,4.7,70.2,36.9,0.204,2.7,355.7,432.7,418.9,365.3,53.6,12.8,Moderate (10-25%)
2028-05-11 22:00:00,Shift_3_Night,BAL_NORTH_PIT,21.8121,80.1843,19,19,3,16,0.17,7.49,24.6,9.5,64.3,35.4,0.241,9.7,553.7,544.3,551.7,475.3,76.4,13.85,Moderate (10-25%)
2028-05-12 06:00:00,Shift_1_Morning,UKWA_EXTENSION,21.7932,80.2015,16,17,4,16,0.59,8.0,20.5,6.9,71.8,37.2,0.237,8.8,375.5,381.4,521.2,458.5,62.7,12.03,Moderate (10-25%)
2028-05-12 14:00:00,Shift_2_Evening,BAL_DEEP_LEVEL_3,21.8064,80.1876,24,26,4,11,0.65,7.47,22.0,4.2,59.9,38.3,0.181,5.2,470.4,508.3,514.1,404.5,109.6,21.32,Moderate (10-25%)
2028-05-12 22:00:00,Shift_3_Night,BAL_SOUTH_PIT,21.8005,80.1901,24,26,3,14,0.85,8.12,23.1,8.4,64.1,39.9,0.231,4.8,523.3,376.0,410.7,384.5,26.2,6.38,Normal (<10%)
2028-05-13 06:00:00,Shift_1_Morning,UKWA_EXTENSION,21.7932,80.2015,24,24,3,11,0.37,7.91,21.4,4.2,64.2,34.1,0.245,8.4,460.7,492.3,428.1,386.8,41.3,9.65,Normal (<10%)
2028-05-13 14:00:00,Shift_2_Evening,UKWA_EXTENSION,21.7932,80.2015,17,18,3,16,0.24,8.03,19.8,1.6,56.4,39.3,0.172,0.0,552.0,436.7,524.5,498.2,26.3,5.01,Normal (<10%)
2028-05-13 22:00:00,Shift_3_Night,BAL_NORTH_PIT,21.8121,80.1843,18,19,4,12,0.52,8.01,21.4,4.7,54.9,36.0,0.196,5.2,517.8,451.5,441.6,382.9,58.7,13.29,Moderate (10-25%)
2028-05-14 06:00:00,Shift_1_Morning,BAL_DEEP_LEVEL_3,21.8064,80.1876,22,22,4,15,1.0,7.34,20.6,9.5,53.1,33.4,0.242,11.2,529.8,457.4,500.8,417.9,82.9,16.55,Moderate (10-25%)
2028-05-14 14:00:00,Shift_2_Evening,UKWA_EXTENSION,21.7932,80.2015,26,26,3,9,0.55,7.87,22.3,5.6,79.0,32.5,0.261,0.2,410.2,592.6,509.0,432.4,76.6,15.05,Moderate (10-25%)
2028-05-14 22:00:00,Shift_3_Night,BAL_NORTH_PIT,21.8121,80.1843,21,22,4,12,0.98,8.0,21.4,1.9,53.1,37.4,0.139,8.6,400.6,466.4,456.7,371.8,84.9,18.59,Moderate (10-25%)
2028-05-15 06:00:00,Shift_1_Morning,UKWA_EXTENSION,21.7932,80.2015,24,25,3,16,0.87,8.2,19.5,12.1,56.2,37.6,0.209,15.4,564.8,564.7,589.7,543.0,46.7,7.92,Normal (<10%)
2028-05-15 14:00:00,Shift_2_Evening,BAL_NORTH_PIT,21.8121,80.1843,20,20,4,12,0.87,8.06,20.2,3.3,64.9,36.8,0.148,2.4,423.9,597.8,568.5,514.8,53.7,9.45,Normal (<10%)
2028-05-15 22:00:00,Shift_3_Night,BAL_NORTH_PIT,21.8121,80.1843,17,18,4,12,0.05,7.83,17.8,4.3,55.2,33.9,0.2,5.5,541.8,556.9,544.5,502.3,42.2,7.75,Normal (<10%)
2028-05-16 06:00:00,Shift_1_Morning,BAL_DEEP_LEVEL_3,21.8064,80.1876,26,26,3,12,1.22,7.19,22.3,3.9,54.2,33.3,0.249,11.9,474.1,332.2,415.6,321.3,94.3,22.69,Moderate (10-25%)
2028-05-16 14:00:00,Shift_2_Evening,UKWA_EXTENSION,21.7932,80.2015,21,21,3,15,0.03,8.07,20.3,4.8,48.7,38.6,0.2,5.9,404.3,513.7,421.2,409.9,11.3,2.68,Normal (<10%)
2028-05-16 22:00:00,Shift_3_Night,BAL_DEEP_LEVEL_3,21.8064,80.1876,18,19,3,16,0.71,7.49,20.9,3.0,63.2,35.5,0.205,5.5,425.1,443.9,498.6,416.5,82.1,16.47,Moderate (10-25%)
2028-05-17 06:00:00,Shift_1_Morning,BAL_NORTH_PIT,21.8121,80.1843,23,24,4,16,1.4,7.61,19.8,7.1,59.3,41.5,0.247,16.2,523.4,558.9,432.1,333.2,98.9,22.89,Moderate (10-25%)
2028-05-17 14:00:00,Shift_2_Evening,BAL_SOUTH_PIT,21.8005,80.1901,24,26,3,12,0.25,7.91,18.9,9.2,66.9,34.6,0.183,20.0,396.7,540.7,595.7,539.6,56.1,9.42,Normal (<10%)
2028-05-17 22:00:00,Shift_3_Night,UKWA_EXTENSION,21.7932,80.2015,25,26,3,14,1.51,8.04,23.6,10.6,63.6,35.3,0.273,11.1,417.6,361.1,431.7,369.2,62.5,14.48,Moderate (10-25%)
2028-05-18 06:00:00,Shift_1_Morning,BAL_SOUTH_PIT,21.8005,80.1901,16,18,3,16,0.56,7.58,21.4,7.3,62.9,39.1,0.159,12.6,423.0,541.9,497.5,416.6,80.9,16.26,Moderate (10-25%)
2028-05-18 14:00:00,Shift_2_Evening,UKWA_EXTENSION,21.7932,80.2015,18,18,4,16,1.14,7.46,21.1,18.6,65.6,33.9,0.334,24.0,449.6,380.9,472.8,379.4,93.4,19.75,Moderate (10-25%)
2028-05-18 22:00:00,Shift_3_Night,BAL_DEEP_LEVEL_3,21.8064,80.1876,19,21,4,16,0.26,7.46,20.6,6.7,60.7,36.0,0.171,12.4,532.1,538.1,527.9,468.6,59.3,11.23,Moderate (10-25%)
2028-05-19 06:00:00,Shift_1_Morning,BAL_DEEP_LEVEL_3,21.8064,80.1876,20,22,4,12,0.86,8.0,24.2,19.4,62.8,35.6,0.311,10.9,532.0,437.8,425.8,351.8,74.0,17.38,Moderate (10-25%)
2028-05-19 14:00:00,Shift_2_Evening,BAL_DEEP_LEVEL_3,21.8064,80.1876,20,23,4,12,0.57,7.55,19.8,3.5,58.8,37.3,0.203,13.5,459.7,526.8,486.1,443.7,42.4,8.72,Normal (<10%)
2028-05-19 22:00:00,Shift_3_Night,BAL_DEEP_LEVEL_3,21.8064,80.1876,20,20,3,13,0.31,7.5,18.6,5.2,55.3,37.7,0.094,0.0,548.0,448.7,454.9,402.9,52.0,11.43,Moderate (10-25%)
2028-05-20 06:00:00,Shift_1_Morning,BAL_DEEP_LEVEL_3,21.8064,80.1876,23,23,3,14,0.5,8.1,19.7,10.3,70.7,39.8,0.179,2.7,521.5,486.1,577.6,540.8,36.8,6.37,Normal (<10%)
2028-05-20 14:00:00,Shift_2_Evening,BAL_SOUTH_PIT,21.8005,80.1901,24,26,2,14,1.68,7.45,17.5,2.6,59.6,37.3,0.229,10.7,405.2,350.7,408.1,328.9,79.2,19.41,Moderate (10-25%)
2028-05-20 22:00:00,Shift_3_Night,BAL_DEEP_LEVEL_3,21.8064,80.1876,19,21,2,14,0.18,7.87,20.9,10.5,54.4,35.0,0.276,0.2,551.2,578.0,582.7,508.0,74.7,12.82,Moderate (10-25%)
2028-05-21 06:00:00,Shift_1_Morning,BAL_NORTH_PIT,21.8121,80.1843,23,24,4,12,0.87,7.7,22.0,7.1,64.2,39.5,0.252,7.2,481.2,406.9,566.6,511.6,55.0,9.71,Normal (<10%)
2028-05-21 14:00:00,Shift_2_Evening,BAL_NORTH_PIT,21.8121,80.1843,24,25,3,11,0.38,7.94,19.3,2.3,57.5,37.0,0.159,0.0,489.6,363.6,459.5,408.2,51.3,11.16,Moderate (10-25%)
2028-05-21 22:00:00,Shift_3_Night,BAL_SOUTH_PIT,21.8005,80.1901,17,18,3,14,0.12,7.44,18.3,4.7,61.7,35.9,0.19,6.8,416.1,414.7,557.9,514.6,43.3,7.76,Normal (<10%)
2028-05-22 06:00:00,Shift_1_Morning,UKWA_EXTENSION,21.7932,80.2015,22,23,3,15,0.31,7.99,20.0,4.5,60.7,36.4,0.144,15.4,441.8,433.5,406.2,385.8,20.4,5.02,Normal (<10%)
2028-05-22 14:00:00,Shift_2_Evening,BAL_NORTH_PIT,21.8121,80.1843,20,20,4,14,1.22,8.01,21.5,1.5,68.5,37.4,0.166,2.1,428.1,368.5,593.4,492.5,100.9,17.0,Moderate (10-25%)
2028-05-22 22:00:00,Shift_3_Night,UKWA_EXTENSION,21.7932,80.2015,21,23,3,11,0.8,7.46,20.9,28.3,67.1,32.5,0.358,14.7,360.8,455.2,505.3,401.4,103.9,20.56,Moderate (10-25%)
2028-05-23 06:00:00,Shift_1_Morning,BAL_SOUTH_PIT,21.8005,80.1901,18,19,4,13,1.17,8.0,20.4,11.1,68.0,37.6,0.197,7.2,412.7,460.5,460.7,384.9,75.8,16.45,Moderate (10-25%)
2028-05-23 14:00:00,Shift_2_Evening,UKWA_EXTENSION,21.7932,80.2015,19,20,3,14,0.76,7.5,22.6,4.7,65.5,38.0,0.159,1.3,375.5,303.1,472.5,356.8,115.7,24.49,Moderate (10-25%)
2028-05-23 22:00:00,Shift_3_Night,UKWA_EXTENSION,21.7932,80.2015,26,26,3,16,0.5,8.02,21.6,8.4,56.5,34.5,0.219,6.8,481.3,392.8,413.3,334.1,79.2,19.16,Moderate (10-25%)
2028-05-24 06:00:00,Shift_1_Morning,UKWA_EXTENSION,21.7932,80.2015,22,24,4,15,0.71,7.76,20.9,4.4,64.2,35.4,0.227,6.4,487.1,463.5,597.9,544.6,53.3,8.91,Normal (<10%)
2028-05-24 14:00:00,Shift_2_Evening,UKWA_EXTENSION,21.7932,80.2015,21,22,3,11,1.24,8.19,21.2,9.9,59.4,40.6,0.236,10.3,399.7,405.0,407.9,342.6,65.3,16.01,Moderate (10-25%)
2028-05-24 22:00:00,Shift_3_Night,BAL_SOUTH_PIT,21.8005,80.1901,26,26,4,16,0.52,7.99,20.6,8.5,57.2,38.2,0.188,15.9,432.6,611.5,531.0,503.4,27.6,5.2,Normal (<10%)
2028-05-25 06:00:00,Shift_1_Morning,BAL_NORTH_PIT,21.8121,80.1843,18,18,3,12,1.25,8.06,19.9,7.7,57.0,37.9,0.193,5.6,490.2,398.1,488.5,438.3,50.2,10.28,Moderate (10-25%)
2028-05-25 14:00:00,Shift_2_Evening,BAL_DEEP_LEVEL_3,21.8064,80.1876,21,23,3,15,0.15,7.86,21.2,6.1,67.1,32.9,0.217,6.9,499.5,438.3,589.8,512.3,77.5,13.14,Moderate (10-25%)
2028-05-25 22:00:00,Shift_3_Night,UKWA_EXTENSION,21.7932,80.2015,25,26,4,13,0.77,7.95,21.0,5.8,75.5,34.6,0.168,5.8,362.9,458.3,449.2,403.7,45.5,10.13,Moderate (10-25%)
2028-05-26 06:00:00,Shift_1_Morning,BAL_NORTH_PIT,21.8121,80.1843,15,17,4,16,0.43,7.43,21.3,19.9,64.8,35.4,0.302,14.6,399.1,572.3,506.4,427.5,78.9,15.58,Moderate (10-25%)
2028-05-26 14:00:00,Shift_2_Evening,BAL_NORTH_PIT,21.8121,80.1843,24,25,3,13,0.66,7.65,21.6,15.7,67.5,35.4,0.243,16.0,423.2,501.3,496.5,415.7,80.8,16.27,Moderate (10-25%)
2028-05-26 22:00:00,Shift_3_Night,BAL_SOUTH_PIT,21.8005,80.1901,26,26,4,15,0.86,7.94,20.2,3.2,64.6,34.3,0.138,8.0,452.0,592.9,540.6,515.3,25.3,4.68,Normal (<10%)
2028-05-27 06:00:00,Shift_1_Morning,BAL_NORTH_PIT,21.8121,80.1843,26,26,4,14,0.8,8.08,20.8,9.7,61.6,37.2,0.227,12.6,427.0,499.3,413.6,365.9,47.7,11.53,Moderate (10-25%)
2028-05-27 14:00:00,Shift_2_Evening,BAL_SOUTH_PIT,21.8005,80.1901,20,22,3,16,0.51,7.93,21.8,13.9,73.7,32.3,0.268,13.7,370.3,451.6,438.8,369.2,69.6,15.86,Moderate (10-25%)
2028-05-27 22:00:00,Shift_3_Night,UKWA_EXTENSION,21.7932,80.2015,22,23,3,14,0.18,7.45,19.9,10.1,74.1,36.6,0.185,12.6,381.3,391.7,442.9,367.0,75.9,17.14,Moderate (10-25%)
2028-05-28 06:00:00,Shift_1_Morning,UKWA_EXTENSION,21.7932,80.2015,17,18,4,12,0.45,7.98,21.6,9.3,60.6,37.2,0.23,8.9,488.8,542.7,547.6,490.5,57.1,10.43,Moderate (10-25%)
2028-05-28 14:00:00,Shift_2_Evening,BAL_DEEP_LEVEL_3,21.8064,80.1876,21,23,4,15,1.0,7.63,22.7,16.7,74.3,37.6,0.23,20.3,470.3,383.6,437.8,334.5,103.3,23.6,Moderate (10-25%)
2028-05-28 22:00:00,Shift_3_Night,BAL_DEEP_LEVEL_3,21.8064,80.1876,25,26,3,16,1.32,7.81,20.2,7.3,60.6,33.4,0.223,7.0,456.6,422.8,514.7,389.0,125.7,24.42,Moderate (10-25%)
2028-05-29 06:00:00,Shift_1_Morning,BAL_DEEP_LEVEL_3,21.8064,80.1876,20,20,4,10,1.05,7.87,20.7,7.5,60.1,34.6,0.221,7.0,513.9,559.5,443.0,420.9,22.1,4.99,Normal (<10%)
2028-05-29 14:00:00,Shift_2_Evening,BAL_NORTH_PIT,21.8121,80.1843,22,23,3,12,0.97,7.81,20.6,4.1,63.5,35.8,0.238,1.3,499.3,455.5,572.3,523.2,49.1,8.58,Normal (<10%)
2028-05-29 22:00:00,Shift_3_Night,UKWA_EXTENSION,21.7932,80.2015,25,26,4,16,0.0,7.89,20.6,5.6,68.1,33.2,0.28,8.1,598.8,539.5,588.4,590.5,0.0,0.0,Normal (<10%)
2028-05-30 06:00:00,Shift_1_Morning,BAL_SOUTH_PIT,21.8005,80.1901,19,22,3,12,1.51,7.92,21.0,22.1,67.3,34.6,0.282,23.4,465.8,452.6,503.7,441.2,62.5,12.41,Moderate (10-25%)
2028-05-30 14:00:00,Shift_2_Evening,BAL_DEEP_LEVEL_3,21.8064,80.1876,20,20,4,11,0.34,7.34,19.4,6.8,67.8,35.0,0.276,12.3,502.0,464.1,470.5,398.2,72.3,15.37,Moderate (10-25%)
2028-05-30 22:00:00,Shift_3_Night,BAL_SOUTH_PIT,21.8005,80.1901,19,19,3,12,0.25,7.93,21.4,4.3,64.7,35.7,0.294,17.8,490.2,371.0,446.8,403.6,43.2,9.67,Normal (<10%)
2028-05-31 06:00:00,Shift_1_Morning,BAL_SOUTH_PIT,21.8005,80.1901,21,22,4,9,0.73,7.3,20.6,4.8,70.3,33.8,0.226,10.5,517.2,469.5,410.0,337.4,72.6,17.71,Moderate (10-25%)
2028-05-31 14:00:00,Shift_2_Evening,BAL_DEEP_LEVEL_3,21.8064,80.1876,18,20,3,12,0.0,7.4,22.6,4.9,65.3,36.1,0.182,7.0,462.5,384.9,453.7,385.5,68.2,15.03,Moderate (10-25%)
2028-05-31 22:00:00,Shift_3_Night,UKWA_EXTENSION,21.7932,80.2015,20,22,3,14,0.76,8.12,18.1,2.6,69.6,37.9,0.138,1.6,398.9,559.4,530.8,506.1,24.7,4.65,Normal (<10%)
2028-06-01 06:00:00,Shift_1_Morning,BAL_DEEP_LEVEL_3,21.8064,80.1876,17,20,3,12,1.28,8.04,22.2,25.6,64.1,33.7,0.3,19.5,446.7,480.7,506.7,414.9,91.8,18.12,Moderate (10-25%)
2028-06-01 14:00:00,Shift_2_Evening,BAL_SOUTH_PIT,21.8005,80.1901,20,22,4,12,1.03,8.02,21.1,9.2,62.7,38.8,0.222,8.2,453.5,483.6,588.8,529.8,59.0,10.02,Moderate (10-25%)
2028-06-01 22:00:00,Shift_3_Night,BAL_DEEP_LEVEL_3,21.8064,80.1876,21,22,4,13,0.12,7.4,20.0,14.9,65.1,33.5,0.254,17.1,386.6,381.1,479.3,417.5,61.8,12.89,Moderate (10-25%)
2028-06-02 06:00:00,Shift_1_Morning,BAL_SOUTH_PIT,21.8005,80.1901,20,23,3,12,0.14,7.35,21.5,15.5,61.6,32.8,0.289,14.0,376.1,410.9,538.8,435.9,102.9,19.1,Moderate (10-25%)
2028-06-02 14:00:00,Shift_2_Evening,BAL_SOUTH_PIT,21.8005,80.1901,20,20,3,12,1.5,7.39,26.3,43.8,69.3,29.7,0.384,39.7,452.3,300.8,497.9,338.3,159.6,32.05,Critical (>25%)
2028-06-02 22:00:00,Shift_3_Night,BAL_DEEP_LEVEL_3,21.8064,80.1876,21,24,4,15,1.52,8.0,25.8,59.3,80.3,29.9,0.528,47.4,424.6,475.5,502.5,412.9,89.6,17.83,Moderate (10-25%)
2028-06-03 06:00:00,Shift_1_Morning,BAL_NORTH_PIT,21.8121,80.1843,21,24,4,15,1.98,7.59,25.1,59.5,84.5,29.3,0.573,49.9,474.2,425.3,453.6,318.1,135.5,29.87,Critical (>25%)
2028-06-03 14:00:00,Shift_2_Evening,BAL_DEEP_LEVEL_3,21.8064,80.1876,20,23,4,16,0.6,7.59,23.3,27.8,70.3,34.8,0.341,20.8,451.6,530.1,491.0,395.1,95.9,19.53,Moderate (10-25%)
2028-06-03 22:00:00,Shift_3_Night,BAL_NORTH_PIT,21.8121,80.1843,21,26,3,14,1.94,7.56,33.2,100.0,98.0,23.6,0.792,78.7,516.4,381.1,494.2,362.0,132.2,26.75,Critical (>25%)
2028-06-04 06:00:00,Shift_1_Morning,BAL_SOUTH_PIT,21.8005,80.1901,20,21,4,16,2.13,7.93,24.5,26.4,64.5,33.0,0.326,26.5,443.6,410.2,541.3,441.8,99.5,18.38,Moderate (10-25%)
2028-06-04 14:00:00,Shift_2_Evening,BAL_SOUTH_PIT,21.8005,80.1901,18,20,4,12,0.0,7.5,21.6,15.6,65.6,34.7,0.284,18.3,539.5,433.5,588.1,507.9,80.2,13.64,Moderate (10-25%)
2028-06-04 22:00:00,Shift_3_Night,BAL_NORTH_PIT,21.8121,80.1843,19,22,4,16,1.52,7.47,32.0,100.0,85.0,23.1,0.714,72.9,483.4,533.1,465.9,333.7,132.2,28.38,Critical (>25%)
2028-06-05 06:00:00,Shift_1_Morning,BAL_SOUTH_PIT,21.8005,80.1901,17,18,3,12,1.41,7.98,26.8,80.4,85.5,26.3,0.576,57.2,378.1,370.3,408.4,354.8,53.6,13.12,Moderate (10-25%)
2028-06-05 14:00:00,Shift_2_Evening,BAL_NORTH_PIT,21.8121,80.1843,18,20,3,11,0.47,8.2,23.3,60.7,80.2,33.1,0.446,39.1,523.0,449.1,499.3,436.2,63.1,12.64,Moderate (10-25%)
2028-06-05 22:00:00,Shift_3_Night,BAL_NORTH_PIT,21.8121,80.1843,24,26,3,12,0.14,7.82,21.3,13.7,70.8,34.9,0.199,26.4,330.7,339.3,508.9,438.9,70.0,13.76,Moderate (10-25%)
2028-06-06 06:00:00,Shift_1_Morning,BAL_SOUTH_PIT,21.8005,80.1901,17,18,3,14,0.74,7.48,21.3,28.9,63.1,34.3,0.286,26.4,406.1,468.8,433.7,342.1,91.6,21.12,Moderate (10-25%)
2028-06-06 14:00:00,Shift_2_Evening,UKWA_EXTENSION,21.7932,80.2015,20,22,4,11,0.75,7.62,28.8,73.3,84.9,30.2,0.531,57.9,425.0,354.9,552.1,405.5,146.6,26.55,Critical (>25%)
2028-06-06 22:00:00,Shift_3_Night,BAL_NORTH_PIT,21.8121,80.1843,19,21,4,12,1.22,7.35,25.3,40.7,80.5,28.2,0.323,34.0,525.7,468.4,597.0,459.4,137.6,23.05,Moderate (10-25%)
2028-06-07 06:00:00,Shift_1_Morning,BAL_DEEP_LEVEL_3,21.8064,80.1876,24,26,3,12,0.85,7.94,23.3,35.7,69.5,32.9,0.477,28.7,526.8,531.0,589.2,506.5,82.7,14.04,Moderate (10-25%)
2028-06-07 14:00:00,Shift_2_Evening,BAL_DEEP_LEVEL_3,21.8064,80.1876,20,22,4,14,0.48,7.45,24.9,41.8,67.9,30.6,0.437,28.9,446.9,437.6,439.4,345.3,94.1,21.42,Moderate (10-25%)
2028-06-07 22:00:00,Shift_3_Night,BAL_SOUTH_PIT,21.8005,80.1901,24,26,4,15,2.2,7.98,30.1,86.7,80.6,23.0,0.607,66.3,498.8,500.9,575.1,435.8,139.3,24.22,Moderate (10-25%)
2028-06-08 06:00:00,Shift_1_Morning,UKWA_EXTENSION,21.7932,80.2015,17,18,4,16,0.34,7.84,20.6,23.6,71.4,31.7,0.317,17.5,457.3,596.7,540.9,481.5,59.4,10.98,Moderate (10-25%)
2028-06-08 14:00:00,Shift_2_Evening,BAL_SOUTH_PIT,21.8005,80.1901,22,25,3,15,1.08,7.56,22.2,39.6,68.5,33.5,0.36,38.4,545.1,503.3,490.8,383.5,107.3,21.86,Moderate (10-25%)
2028-06-08 22:00:00,Shift_3_Night,UKWA_EXTENSION,21.7932,80.2015,24,26,3,16,1.21,7.57,21.5,9.1,66.6,37.4,0.199,10.9,433.8,471.0,508.1,436.1,72.0,14.17,Moderate (10-25%)
2028-06-09 06:00:00,Shift_1_Morning,BAL_NORTH_PIT,21.8121,80.1843,18,20,4,12,1.1,7.55,23.9,66.3,78.7,28.6,0.514,46.2,499.4,469.6,569.9,462.4,107.5,18.86,Moderate (10-25%)
2028-06-09 14:00:00,Shift_2_Evening,BAL_NORTH_PIT,21.8121,80.1843,21,24,3,16,1.33,7.91,24.0,43.0,83.0,31.7,0.444,42.9,442.1,522.4,496.0,397.0,99.0,19.96,Moderate (10-25%)
2028-06-09 22:00:00,Shift_3_Night,BAL_NORTH_PIT,21.8121,80.1843,20,20,3,12,0.55,8.01,20.5,6.7,67.6,36.6,0.254,9.5,371.7,397.4,474.6,423.5,51.1,10.77,Moderate (10-25%)
2028-06-10 06:00:00,Shift_1_Morning,BAL_NORTH_PIT,21.8121,80.1843,22,23,3,12,1.95,7.41,25.2,51.6,72.2,27.0,0.481,37.5,440.6,479.3,498.6,356.4,142.2,28.52,Critical (>25%)
2028-06-10 14:00:00,Shift_2_Evening,BAL_DEEP_LEVEL_3,21.8064,80.1876,17,19,3,13,1.17,7.97,25.0,32.6,69.7,32.6,0.385,29.8,445.4,515.3,515.8,428.6,87.2,16.91,Moderate (10-25%)
2028-06-10 22:00:00,Shift_3_Night,BAL_DEEP_LEVEL_3,21.8064,80.1876,17,18,4,16,2.04,7.72,19.5,7.7,67.0,42.0,0.181,2.6,389.6,454.6,437.8,379.6,58.2,13.29,Moderate (10-25%)
2028-06-11 06:00:00,Shift_1_Morning,BAL_SOUTH_PIT,21.8005,80.1901,19,21,3,14,1.64,7.51,24.3,36.1,65.9,32.6,0.338,32.7,470.7,418.7,580.2,422.0,158.2,27.27,Critical (>25%)
2028-06-11 14:00:00,Shift_2_Evening,UKWA_EXTENSION,21.7932,80.2015,17,20,4,14,0.98,7.38,20.5,13.6,71.5,33.4,0.275,9.0,534.4,511.0,534.8,454.9,79.9,14.94,Moderate (10-25%)
2028-06-11 22:00:00,Shift_3_Night,BAL_NORTH_PIT,21.8121,80.1843,21,22,3,13,0.31,8.02,24.2,44.4,74.0,31.4,0.481,27.8,461.8,577.8,526.7,448.6,78.1,14.83,Moderate (10-25%)
2028-06-12 06:00:00,Shift_1_Morning,BAL_NORTH_PIT,21.8121,80.1843,20,22,4,12,0.99,7.86,20.6,17.3,71.1,35.6,0.29,15.7,456.1,469.7,419.9,325.9,94.0,22.39,Moderate (10-25%)
2028-06-12 14:00:00,Shift_2_Evening,UKWA_EXTENSION,21.7932,80.2015,21,24,3,16,0.61,7.38,24.4,48.2,74.5,29.2,0.416,42.8,508.3,493.4,520.8,424.5,96.3,18.49,Moderate (10-25%)
2028-06-12 22:00:00,Shift_3_Night,UKWA_EXTENSION,21.7932,80.2015,20,20,3,12,1.32,7.4,24.3,40.7,69.0,30.5,0.289,27.8,490.6,383.9,424.2,338.5,85.7,20.2,Moderate (10-25%)
2028-06-13 06:00:00,Shift_1_Morning,BAL_SOUTH_PIT,21.8005,80.1901,17,19,4,15,1.84,7.96,21.8,39.0,69.5,32.5,0.409,25.6,511.7,396.1,415.7,348.0,67.7,16.29,Moderate (10-25%)
2028-06-13 14:00:00,Shift_2_Evening,UKWA_EXTENSION,21.7932,80.2015,18,21,3,16,0.47,7.59,18.6,5.4,72.5,38.9,0.251,5.3,382.5,513.4,505.5,479.3,26.2,5.18,Normal (<10%)
2028-06-13 22:00:00,Shift_3_Night,BAL_NORTH_PIT,21.8121,80.1843,17,21,3,11,2.65,8.06,28.8,80.5,82.7,28.3,0.554,65.1,449.7,485.6,480.6,357.9,122.7,25.53,Critical (>25%)
2028-06-14 06:00:00,Shift_1_Morning,BAL_NORTH_PIT,21.8121,80.1843,21,21,3,14,1.74,7.55,24.7,54.3,94.3,28.7,0.557,41.1,444.1,391.2,517.8,368.3,149.5,28.87,Critical (>25%)
2028-06-14 14:00:00,Shift_2_Evening,BAL_NORTH_PIT,21.8121,80.1843,25,25,4,16,1.11,7.89,19.8,1.5,60.7,36.9,0.111,1.2,427.3,526.8,417.8,383.1,34.7,8.31,Normal (<10%)
2028-06-14 22:00:00,Shift_3_Night,BAL_NORTH_PIT,21.8121,80.1843,21,25,3,14,0.91,7.45,29.6,87.0,83.4,25.7,0.631,60.2,433.2,357.2,486.2,384.3,101.9,20.96,Moderate (10-25%)
2028-06-15 06:00:00,Shift_1_Morning,BAL_NORTH_PIT,21.8121,80.1843,25,26,2,14,0.59,8.03,20.7,12.0,57.4,38.0,0.28,15.0,476.2,395.7,435.0,411.4,23.6,5.43,Normal (<10%)
2028-06-15 14:00:00,Shift_2_Evening,BAL_SOUTH_PIT,21.8005,80.1901,17,18,3,14,0.44,7.44,24.4,30.5,77.6,33.4,0.333,16.2,441.6,474.7,597.4,461.0,136.4,22.83,Moderate (10-25%)
2028-06-15 22:00:00,Shift_3_Night,BAL_NORTH_PIT,21.8121,80.1843,19,20,3,11,0.32,7.97,22.0,22.6,67.4,34.6,0.314,24.0,360.4,482.5,512.2,432.1,80.1,15.64,Moderate (10-25%)
2028-06-16 06:00:00,Shift_1_Morning,BAL_SOUTH_PIT,21.8005,80.1901,18,20,3,12,1.01,8.04,21.8,32.5,74.9,35.5,0.346,23.0,560.2,570.5,537.5,455.8,81.7,15.2,Moderate (10-25%)
2028-06-16 14:00:00,Shift_2_Evening,BAL_NORTH_PIT,21.8121,80.1843,15,17,4,14,0.71,7.97,26.2,65.9,92.6,28.0,0.508,57.0,495.5,552.4,465.1,425.4,39.7,8.54,Normal (<10%)
2028-06-16 22:00:00,Shift_3_Night,BAL_DEEP_LEVEL_3,21.8064,80.1876,21,22,4,12,0.54,8.02,21.5,20.6,70.2,35.3,0.278,12.1,401.0,334.1,418.9,349.6,69.3,16.54,Moderate (10-25%)
2028-06-17 06:00:00,Shift_1_Morning,BAL_DEEP_LEVEL_3,21.8064,80.1876,21,21,3,12,0.34,7.66,19.2,6.8,63.4,41.5,0.14,2.8,492.7,556.6,595.2,511.4,83.8,14.08,Moderate (10-25%)
2028-06-17 14:00:00,Shift_2_Evening,BAL_DEEP_LEVEL_3,21.8064,80.1876,15,19,3,10,3.49,7.98,35.0,100.0,98.0,15.0,0.913,98.9,503.8,404.5,457.3,325.1,132.2,28.91,Critical (>25%)
2028-06-17 22:00:00,Shift_3_Night,BAL_DEEP_LEVEL_3,21.8064,80.1876,19,22,3,16,2.89,8.12,34.5,100.0,97.1,24.4,0.823,86.6,472.8,459.5,484.8,366.5,118.3,24.4,Moderate (10-25%)
2028-06-18 06:00:00,Shift_1_Morning,BAL_SOUTH_PIT,21.8005,80.1901,20,20,4,16,1.56,7.56,27.2,57.8,73.0,31.6,0.52,44.3,458.5,548.8,530.0,414.2,115.8,21.85,Moderate (10-25%)
2028-06-18 14:00:00,Shift_2_Evening,BAL_SOUTH_PIT,21.8005,80.1901,22,24,4,14,0.67,7.85,22.6,31.3,76.8,31.3,0.274,23.6,399.5,321.6,404.9,332.5,72.4,17.88,Moderate (10-25%)
2028-06-18 22:00:00,Shift_3_Night,UKWA_EXTENSION,21.7932,80.2015,17,18,4,11,1.55,7.39,23.7,7.8,64.4,35.2,0.241,3.7,423.9,421.9,562.1,420.0,142.1,25.28,Critical (>25%)
2028-06-19 06:00:00,Shift_1_Morning,BAL_NORTH_PIT,21.8121,80.1843,21,24,4,14,1.88,7.92,26.0,82.3,93.4,24.7,0.613,60.7,523.2,448.8,507.3,394.4,112.9,22.26,Moderate (10-25%)
2028-06-19 14:00:00,Shift_2_Evening,BAL_DEEP_LEVEL_3,21.8064,80.1876,22,24,4,16,0.63,7.91,23.3,13.9,68.2,35.0,0.293,24.7,373.9,394.3,455.6,375.1,80.5,17.67,Moderate (10-25%)
2028-06-19 22:00:00,Shift_3_Night,BAL_SOUTH_PIT,21.8005,80.1901,21,21,4,12,1.76,7.99,22.9,7.5,69.9,38.7,0.242,7.6,446.3,466.4,412.3,364.3,48.0,11.64,Moderate (10-25%)
2028-06-20 06:00:00,Shift_1_Morning,BAL_NORTH_PIT,21.8121,80.1843,22,24,3,12,0.69,8.06,27.3,35.4,70.7,33.6,0.376,23.7,501.2,500.8,432.5,370.8,61.7,14.27,Moderate (10-25%)
2028-06-20 14:00:00,Shift_2_Evening,BAL_NORTH_PIT,21.8121,80.1843,24,26,4,12,1.67,8.13,21.4,9.3,56.3,37.7,0.237,0.0,473.5,459.0,579.0,519.3,59.7,10.31,Moderate (10-25%)
2028-06-20 22:00:00,Shift_3_Night,BAL_SOUTH_PIT,21.8005,80.1901,23,25,3,16,0.46,8.03,20.9,3.2,66.2,37.9,0.274,0.6,553.8,553.6,537.2,504.8,32.4,6.03,Normal (<10%)
2028-06-21 06:00:00,Shift_1_Morning,BAL_DEEP_LEVEL_3,21.8064,80.1876,19,20,4,14,0.81,7.46,21.9,12.2,68.4,37.4,0.234,6.2,418.7,529.9,450.0,340.5,109.5,24.33,Moderate (10-25%)
2028-06-21 14:00:00,Shift_2_Evening,UKWA_EXTENSION,21.7932,80.2015,21,21,4,16,0.0,7.29,19.3,9.0,61.2,35.6,0.235,3.8,318.7,433.1,413.1,364.3,48.8,11.81,Moderate (10-25%)
2028-06-21 22:00:00,Shift_3_Night,BAL_NORTH_PIT,21.8121,80.1843,20,22,3,13,1.54,8.01,20.6,15.0,63.2,37.3,0.193,18.6,491.7,535.1,538.1,475.4,62.7,11.65,Moderate (10-25%)
2028-06-22 06:00:00,Shift_1_Morning,UKWA_EXTENSION,21.7932,80.2015,20,21,4,15,0.75,8.0,19.4,13.6,52.6,37.1,0.191,9.0,445.3,523.5,514.5,470.3,44.2,8.59,Normal (<10%)
2028-06-22 14:00:00,Shift_2_Evening,BAL_DEEP_LEVEL_3,21.8064,80.1876,22,24,4,16,0.1,7.52,21.9,14.4,64.6,37.0,0.243,11.1,318.7,394.4,480.9,358.5,122.4,25.45,Critical (>25%)
2028-06-22 22:00:00,Shift_3_Night,BAL_DEEP_LEVEL_3,21.8064,80.1876,16,18,3,10,1.34,7.71,25.6,72.5,76.3,30.2,0.574,48.5,447.7,473.3,472.7,368.4,104.3,22.06,Moderate (10-25%)
2028-06-23 06:00:00,Shift_1_Morning,UKWA_EXTENSION,21.7932,80.2015,18,23,4,10,0.99,8.12,29.6,89.6,92.5,23.1,0.72,68.0,411.6,432.3,443.4,381.4,62.0,13.98,Moderate (10-25%)
2028-06-23 14:00:00,Shift_2_Evening,BAL_DEEP_LEVEL_3,21.8064,80.1876,24,24,4,14,0.22,8.08,23.3,38.6,74.2,32.9,0.402,37.2,358.8,395.4,533.9,481.5,52.4,9.81,Normal (<10%)
2028-06-23 22:00:00,Shift_3_Night,BAL_NORTH_PIT,21.8121,80.1843,17,19,3,16,0.41,7.9,24.2,23.6,69.3,33.9,0.338,25.8,522.0,437.7,594.1,512.6,81.5,13.72,Moderate (10-25%)
2028-06-24 06:00:00,Shift_1_Morning,UKWA_EXTENSION,21.7932,80.2015,21,23,4,15,0.86,7.95,19.3,6.5,69.7,36.5,0.222,8.0,466.4,566.9,435.1,407.5,27.6,6.34,Normal (<10%)
2028-06-24 14:00:00,Shift_2_Evening,BAL_DEEP_LEVEL_3,21.8064,80.1876,22,24,3,13,1.06,7.99,22.8,7.7,63.8,37.4,0.152,12.2,424.9,362.2,519.4,461.3,58.1,11.19,Moderate (10-25%)
2028-06-24 22:00:00,Shift_3_Night,UKWA_EXTENSION,21.7932,80.2015,24,26,3,14,1.2,7.92,22.6,15.6,65.4,37.1,0.202,4.4,552.2,499.1,484.8,417.7,67.1,13.84,Moderate (10-25%)
2028-06-25 06:00:00,Shift_1_Morning,BAL_NORTH_PIT,21.8121,80.1843,24,26,4,16,1.57,7.55,22.7,22.6,68.4,35.4,0.268,17.0,503.0,526.3,489.3,415.4,73.9,15.1,Moderate (10-25%)
2028-06-25 14:00:00,Shift_2_Evening,BAL_DEEP_LEVEL_3,21.8064,80.1876,20,20,4,14,1.15,8.04,23.7,38.1,70.0,32.3,0.386,20.1,394.4,492.1,450.8,396.4,54.4,12.07,Moderate (10-25%)
2028-06-25 22:00:00,Shift_3_Night,BAL_NORTH_PIT,21.8121,80.1843,22,24,3,12,0.4,7.89,24.9,30.5,76.7,31.9,0.336,29.4,443.7,457.0,565.0,491.2,73.8,13.06,Moderate (10-25%)
2028-06-26 06:00:00,Shift_1_Morning,BAL_DEEP_LEVEL_3,21.8064,80.1876,22,22,3,14,0.61,7.62,23.8,30.4,64.9,35.5,0.275,24.5,553.3,412.8,497.1,427.4,69.7,14.02,Moderate (10-25%)
2028-06-26 14:00:00,Shift_2_Evening,BAL_SOUTH_PIT,21.8005,80.1901,20,21,2,16,0.0,7.51,20.8,6.9,66.1,36.6,0.246,6.6,330.4,346.4,508.7,407.1,101.6,19.97,Moderate (10-25%)
2028-06-26 22:00:00,Shift_3_Night,BAL_DEEP_LEVEL_3,21.8064,80.1876,17,19,3,11,1.3,7.33,27.5,69.8,88.2,26.8,0.603,42.8,448.9,404.6,461.0,346.5,114.5,24.84,Moderate (10-25%)
2028-06-27 06:00:00,Shift_1_Morning,UKWA_EXTENSION,21.7932,80.2015,26,26,4,11,0.01,7.49,24.4,27.5,63.6,33.5,0.286,21.0,395.5,428.3,436.4,353.8,82.6,18.93,Moderate (10-25%)
2028-06-27 14:00:00,Shift_2_Evening,BAL_DEEP_LEVEL_3,21.8064,80.1876,17,20,4,17,1.3,8.03,29.1,69.0,75.4,27.8,0.544,47.8,432.8,541.0,417.2,327.4,89.8,21.52,Moderate (10-25%)
2028-06-27 22:00:00,Shift_3_Night,BAL_NORTH_PIT,21.8121,80.1843,20,21,3,12,0.37,7.6,23.2,32.2,66.9,35.4,0.416,23.3,381.5,468.9,542.8,469.6,73.2,13.49,Moderate (10-25%)
2028-06-28 06:00:00,Shift_1_Morning,BAL_NORTH_PIT,21.8121,80.1843,20,23,3,12,1.83,7.47,27.3,82.7,95.0,25.0,0.638,66.8,396.8,560.4,439.2,315.3,123.9,28.21,Critical (>25%)
2028-06-28 14:00:00,Shift_2_Evening,BAL_DEEP_LEVEL_3,21.8064,80.1876,22,27,4,12,2.4,8.08,29.2,93.6,86.9,23.5,0.73,70.0,572.4,449.7,538.0,428.0,110.0,20.45,Moderate (10-25%)
2028-06-28 22:00:00,Shift_3_Night,UKWA_EXTENSION,21.7932,80.2015,23,25,4,11,1.62,7.52,28.8,70.6,76.6,30.3,0.559,55.8,512.3,459.9,478.1,360.4,117.7,24.62,Moderate (10-25%)
2028-06-29 06:00:00,Shift_1_Morning,BAL_SOUTH_PIT,21.8005,80.1901,23,24,3,13,0.78,7.37,24.9,45.8,77.1,28.4,0.429,37.7,487.8,455.4,483.2,353.4,129.8,26.86,Critical (>25%)
2028-06-29 14:00:00,Shift_2_Evening,UKWA_EXTENSION,21.7932,80.2015,21,21,4,14,1.56,7.86,22.7,21.0,53.2,33.9,0.269,20.9,406.2,440.3,493.8,397.3,96.5,19.54,Moderate (10-25%)
2028-06-29 22:00:00,Shift_3_Night,BAL_SOUTH_PIT,21.8005,80.1901,23,24,4,12,1.05,8.11,20.7,13.9,61.1,38.7,0.278,14.3,539.4,496.5,473.5,445.3,28.2,5.96,Normal (<10%)
2028-06-30 06:00:00,Shift_1_Morning,BAL_NORTH_PIT,21.8121,80.1843,14,18,4,16,1.24,8.12,28.2,94.6,95.5,28.7,0.654,70.9,478.5,506.1,420.1,347.9,72.2,17.19,Moderate (10-25%)
2028-06-30 14:00:00,Shift_2_Evening,UKWA_EXTENSION,21.7932,80.2015,20,23,3,16,0.27,8.03,21.1,27.6,65.1,34.5,0.304,30.5,459.5,507.3,461.9,402.8,59.1,12.79,Moderate (10-25%)
2028-06-30 22:00:00,Shift_3_Night,BAL_SOUTH_PIT,21.8005,80.1901,17,18,3,14,1.82,8.15,22.7,8.2,63.5,38.2,0.213,12.0,558.7,428.0,532.7,468.7,64.0,12.01,Moderate (10-25%)
2028-07-01 06:00:00,Shift_1_Morning,BAL_DEEP_LEVEL_3,21.8064,80.1876,17,18,3,16,0.13,8.11,22.0,21.7,70.6,36.1,0.306,17.8,540.0,423.9,533.2,514.9,18.3,3.43,Normal (<10%)
2028-07-01 14:00:00,Shift_2_Evening,BAL_NORTH_PIT,21.8121,80.1843,16,17,4,14,0.61,8.07,19.5,6.9,63.9,40.7,0.164,3.7,419.6,492.6,457.2,390.2,67.0,14.65,Moderate (10-25%)
2028-07-01 22:00:00,Shift_3_Night,BAL_DEEP_LEVEL_3,21.8064,80.1876,24,26,4,13,0.35,7.41,24.2,44.2,72.1,29.9,0.433,34.9,515.9,448.5,492.0,395.9,96.1,19.53,Moderate (10-25%)
2028-07-02 06:00:00,Shift_1_Morning,BAL_NORTH_PIT,21.8121,80.1843,23,24,4,12,0.91,7.67,21.5,32.0,73.1,35.3,0.293,24.5,454.2,417.4,438.7,359.2,79.5,18.12,Moderate (10-25%)
2028-07-02 14:00:00,Shift_2_Evening,UKWA_EXTENSION,21.7932,80.2015,24,24,4,14,1.23,8.05,21.8,23.8,75.7,35.2,0.277,18.9,461.2,520.8,442.1,408.5,33.6,7.6,Normal (<10%)
2028-07-02 22:00:00,Shift_3_Night,UKWA_EXTENSION,21.7932,80.2015,18,20,3,14,1.23,7.46,21.4,5.3,59.0,33.7,0.258,8.0,520.9,469.2,404.6,350.4,54.2,13.4,Moderate (10-25%)
2028-07-03 06:00:00,Shift_1_Morning,BAL_NORTH_PIT,21.8121,80.1843,15,20,3,12,1.96,7.93,35.0,100.0,92.8,15.0,0.905,86.8,492.4,430.7,579.3,408.4,170.9,29.5,Critical (>25%)
2028-07-03 14:00:00,Shift_2_Evening,BAL_NORTH_PIT,21.8121,80.1843,17,20,4,17,0.98,7.53,30.4,83.9,85.4,23.3,0.647,57.9,398.0,541.4,442.1,357.2,84.9,19.2,Moderate (10-25%)
2028-07-03 22:00:00,Shift_3_Night,BAL_NORTH_PIT,21.8121,80.1843,16,18,3,13,1.6,7.83,32.0,100.0,94.7,18.9,0.684,76.3,434.3,404.2,445.5,337.8,107.7,24.18,Moderate (10-25%)
2028-07-04 06:00:00,Shift_1_Morning,UKWA_EXTENSION,21.7932,80.2015,20,22,3,14,0.19,7.57,20.0,16.0,66.2,35.9,0.27,25.0,402.8,379.1,455.9,359.8,96.1,21.08,Moderate (10-25%)
2028-07-04 14:00:00,Shift_2_Evening,BAL_SOUTH_PIT,21.8005,80.1901,17,21,4,12,0.36,7.9,22.4,39.8,72.5,27.2,0.416,23.7,409.6,466.2,425.5,341.9,83.6,19.65,Moderate (10-25%)
2028-07-04 22:00:00,Shift_3_Night,BAL_DEEP_LEVEL_3,21.8064,80.1876,20,22,3,13,1.31,7.54,22.1,19.1,59.4,35.9,0.265,24.8,525.6,489.1,527.9,456.7,71.2,13.49,Moderate (10-25%)
2028-07-05 06:00:00,Shift_1_Morning,BAL_DEEP_LEVEL_3,21.8064,80.1876,22,24,4,16,2.06,7.95,19.5,11.8,58.0,36.6,0.186,9.5,506.2,415.6,415.0,361.8,53.2,12.82,Moderate (10-25%)
2028-07-05 14:00:00,Shift_2_Evening,UKWA_EXTENSION,21.7932,80.2015,23,25,3,14,1.79,7.47,22.2,9.5,66.7,35.1,0.291,16.0,425.6,444.0,426.8,316.1,110.7,25.94,Critical (>25%)
2028-07-05 22:00:00,Shift_3_Night,BAL_DEEP_LEVEL_3,21.8064,80.1876,19,21,3,12,1.41,7.42,23.4,29.3,69.1,29.8,0.402,19.5,507.0,562.3,529.0,447.7,81.3,15.37,Moderate (10-25%)
2028-07-06 06:00:00,Shift_1_Morning,BAL_NORTH_PIT,21.8121,80.1843,20,22,4,14,0.35,7.98,21.0,4.8,61.5,38.2,0.226,0.0,528.9,456.7,467.9,446.8,21.1,4.51,Normal (<10%)
2028-07-06 14:00:00,Shift_2_Evening,BAL_SOUTH_PIT,21.8005,80.1901,17,26,3,14,5.0,7.69,35.0,100.0,94.9,15.0,0.886,100.0,555.7,390.8,541.6,358.6,183.0,33.79,Critical (>25%)
2028-07-06 22:00:00,Shift_3_Night,BAL_DEEP_LEVEL_3,21.8064,80.1876,17,19,4,14,0.03,7.64,21.7,4.9,73.8,39.5,0.196,0.0,484.7,376.7,511.5,448.9,62.6,12.24,Moderate (10-25%)
2028-07-07 06:00:00,Shift_1_Morning,BAL_SOUTH_PIT,21.8005,80.1901,21,24,4,12,0.96,7.54,23.0,32.0,67.7,33.3,0.308,33.7,547.3,396.8,451.2,351.9,99.3,22.01,Moderate (10-25%)
2028-07-07 14:00:00,Shift_2_Evening,BAL_NORTH_PIT,21.8121,80.1843,23,25,4,15,1.38,7.5,23.1,21.0,73.7,34.2,0.258,15.5,403.3,538.2,530.2,450.3,79.9,15.07,Moderate (10-25%)
2028-07-07 22:00:00,Shift_3_Night,BAL_DEEP_LEVEL_3,21.8064,80.1876,22,26,3,14,1.49,7.58,22.5,23.7,74.4,36.0,0.274,19.6,451.4,563.6,423.3,317.8,105.5,24.92,Moderate (10-25%)
2028-07-08 06:00:00,Shift_1_Morning,UKWA_EXTENSION,21.7932,80.2015,17,18,3,14,0.9,8.11,22.4,25.5,73.4,35.3,0.324,20.3,450.6,427.6,507.3,415.0,92.3,18.19,Moderate (10-25%)
2028-07-08 14:00:00,Shift_2_Evening,BAL_SOUTH_PIT,21.8005,80.1901,21,25,3,10,0.76,7.92,22.1,16.9,62.1,34.8,0.278,18.2,551.0,450.1,487.4,435.0,52.4,10.75,Moderate (10-25%)
2028-07-08 22:00:00,Shift_3_Night,BAL_NORTH_PIT,21.8121,80.1843,17,18,3,15,1.48,7.49,25.3,57.8,80.4,28.9,0.514,43.1,543.5,484.5,453.6,397.4,56.2,12.39,Moderate (10-25%)
2028-07-09 06:00:00,Shift_1_Morning,BAL_SOUTH_PIT,21.8005,80.1901,20,21,4,14,1.58,7.82,20.1,17.9,63.3,32.2,0.25,8.8,541.2,514.9,520.8,429.1,91.7,17.61,Moderate (10-25%)
2028-07-09 14:00:00,Shift_2_Evening,BAL_DEEP_LEVEL_3,21.8064,80.1876,22,22,4,12,1.01,7.61,24.7,38.2,82.1,32.6,0.345,32.5,471.9,451.4,574.3,468.2,106.1,18.47,Moderate (10-25%)
2028-07-09 22:00:00,Shift_3_Night,BAL_DEEP_LEVEL_3,21.8064,80.1876,22,25,4,16,0.0,8.21,26.3,47.8,76.0,33.9,0.388,31.8,539.0,522.7,599.8,541.5,58.3,9.72,Normal (<10%)
2028-07-10 06:00:00,Shift_1_Morning,UKWA_EXTENSION,21.7932,80.2015,18,20,3,14,1.49,7.51,31.7,100.0,90.6,22.5,0.763,85.3,439.2,473.4,521.6,398.6,123.0,23.58,Moderate (10-25%)
2028-07-10 14:00:00,Shift_2_Evening,BAL_NORTH_PIT,21.8121,80.1843,18,23,4,12,1.67,7.29,30.8,100.0,98.0,15.5,0.816,84.0,517.0,525.4,480.9,366.5,114.4,23.79,Moderate (10-25%)
2028-07-10 22:00:00,Shift_3_Night,BAL_NORTH_PIT,21.8121,80.1843,19,22,3,12,0.68,7.56,24.4,43.7,72.1,32.1,0.35,30.0,466.5,340.5,445.0,342.8,102.2,22.97,Moderate (10-25%)
2028-07-11 06:00:00,Shift_1_Morning,UKWA_EXTENSION,21.7932,80.2015,17,19,3,14,1.07,7.41,20.7,25.4,72.7,32.0,0.36,24.2,355.0,577.5,451.4,344.1,107.3,23.77,Moderate (10-25%)
2028-07-11 14:00:00,Shift_2_Evening,UKWA_EXTENSION,21.7932,80.2015,24,26,3,15,0.07,7.93,23.6,21.8,71.7,32.7,0.295,14.5,453.9,462.1,495.9,425.2,70.7,14.26,Moderate (10-25%)
2028-07-11 22:00:00,Shift_3_Night,BAL_NORTH_PIT,21.8121,80.1843,16,18,3,15,1.65,8.06,25.2,69.9,84.6,29.4,0.551,57.6,416.7,482.2,473.5,395.3,78.2,16.52,Moderate (10-25%)
2028-07-12 06:00:00,Shift_1_Morning,BAL_SOUTH_PIT,21.8005,80.1901,23,26,3,12,0.9,8.03,30.2,84.0,86.3,26.5,0.659,60.5,475.3,455.7,582.8,506.4,76.4,13.11,Moderate (10-25%)
2028-07-12 14:00:00,Shift_2_Evening,BAL_SOUTH_PIT,21.8005,80.1901,26,27,4,14,1.08,7.45,22.5,9.1,69.5,35.6,0.243,10.2,426.3,531.2,473.7,364.1,109.6,23.14,Moderate (10-25%)
2028-07-12 22:00:00,Shift_3_Night,UKWA_EXTENSION,21.7932,80.2015,23,24,3,16,0.54,7.94,22.6,24.5,65.2,35.6,0.303,26.7,363.9,389.1,474.7,409.8,64.9,13.67,Moderate (10-25%)
2028-07-13 06:00:00,Shift_1_Morning,BAL_SOUTH_PIT,21.8005,80.1901,14,18,4,10,2.07,8.01,29.2,76.1,90.1,26.9,0.652,50.6,534.1,426.5,476.7,390.7,86.0,18.04,Moderate (10-25%)
2028-07-13 14:00:00,Shift_2_Evening,BAL_NORTH_PIT,21.8121,80.1843,23,26,3,12,0.82,7.46,19.8,25.3,68.7,33.2,0.365,21.7,319.7,409.3,567.3,421.6,145.7,25.68,Critical (>25%)
2028-07-13 22:00:00,Shift_3_Night,BAL_DEEP_LEVEL_3,21.8064,80.1876,21,22,3,12,1.13,7.39,20.0,15.7,71.8,33.4,0.232,19.6,288.3,312.4,530.2,426.1,104.1,19.63,Moderate (10-25%)
2028-07-14 06:00:00,Shift_1_Morning,BAL_DEEP_LEVEL_3,21.8064,80.1876,22,26,3,14,0.6,7.47,23.1,21.4,72.7,33.5,0.287,24.4,400.3,478.3,522.8,418.7,104.1,19.91,Moderate (10-25%)
2028-07-14 14:00:00,Shift_2_Evening,BAL_SOUTH_PIT,21.8005,80.1901,20,23,4,12,1.69,8.03,21.8,35.0,74.8,33.2,0.405,29.5,428.0,502.8,466.8,376.2,90.6,19.41,Moderate (10-25%)
2028-07-14 22:00:00,Shift_3_Night,UKWA_EXTENSION,21.7932,80.2015,17,23,3,13,4.06,7.98,35.0,100.0,94.7,15.0,0.86,95.1,368.9,567.9,563.6,422.4,141.2,25.05,Critical (>25%)
2028-07-15 06:00:00,Shift_1_Morning,UKWA_EXTENSION,21.7932,80.2015,17,19,4,12,0.94,7.36,19.9,19.0,71.7,31.1,0.245,16.2,399.6,524.5,407.7,342.9,64.8,15.89,Moderate (10-25%)
2028-07-15 14:00:00,Shift_2_Evening,UKWA_EXTENSION,21.7932,80.2015,22,24,4,16,0.37,8.1,21.8,14.4,70.1,35.9,0.292,20.2,492.2,490.9,574.2,502.1,72.1,12.56,Moderate (10-25%)
2028-07-15 22:00:00,Shift_3_Night,UKWA_EXTENSION,21.7932,80.2015,20,21,4,14,0.44,7.23,20.2,20.2,50.5,32.7,0.222,9.3,536.8,525.6,502.5,436.0,66.5,13.23,Moderate (10-25%)
2028-07-16 06:00:00,Shift_1_Morning,UKWA_EXTENSION,21.7932,80.2015,19,20,3,15,0.24,7.96,22.7,9.9,59.8,33.0,0.233,5.3,469.9,343.4,479.7,440.7,39.0,8.13,Normal (<10%)
2028-07-16 14:00:00,Shift_2_Evening,BAL_SOUTH_PIT,21.8005,80.1901,21,24,4,12,0.64,7.44,21.6,28.5,70.7,34.3,0.322,28.3,494.3,454.5,499.4,372.2,127.2,25.47,Critical (>25%)
2028-07-16 22:00:00,Shift_3_Night,BAL_DEEP_LEVEL_3,21.8064,80.1876,19,20,3,14,0.9,8.01,24.3,24.8,70.3,35.0,0.333,16.0,408.8,484.1,533.5,454.9,78.6,14.73,Moderate (10-25%)
2028-07-17 06:00:00,Shift_1_Morning,BAL_DEEP_LEVEL_3,21.8064,80.1876,20,22,4,16,1.1,8.06,21.5,19.7,70.2,35.6,0.284,13.0,399.9,529.9,402.6,339.1,63.5,15.77,Moderate (10-25%)
2028-07-17 14:00:00,Shift_2_Evening,BAL_SOUTH_PIT,21.8005,80.1901,20,22,4,13,0.82,8.11,22.4,54.5,85.1,31.4,0.45,39.2,551.9,597.5,574.3,542.1,32.2,5.61,Normal (<10%)
2028-07-17 22:00:00,Shift_3_Night,UKWA_EXTENSION,21.7932,80.2015,14,17,4,11,1.26,7.43,26.3,57.0,80.4,29.4,0.44,39.0,554.4,456.8,489.3,358.2,131.1,26.79,Critical (>25%)
2028-07-18 06:00:00,Shift_1_Morning,BAL_SOUTH_PIT,21.8005,80.1901,19,19,3,13,0.0,7.56,21.6,14.0,54.7,37.1,0.242,11.2,556.1,517.7,468.6,418.1,50.5,10.78,Moderate (10-25%)
2028-07-18 14:00:00,Shift_2_Evening,BAL_DEEP_LEVEL_3,21.8064,80.1876,24,27,3,14,0.85,7.52,21.3,19.4,68.5,36.1,0.302,8.7,530.7,368.2,427.6,345.6,82.0,19.18,Moderate (10-25%)
2028-07-18 22:00:00,Shift_3_Night,BAL_NORTH_PIT,21.8121,80.1843,18,25,3,13,3.43,7.83,35.0,100.0,98.0,15.0,0.866,93.1,340.4,604.0,487.9,336.1,151.8,31.11,Critical (>25%)
2028-07-19 06:00:00,Shift_1_Morning,BAL_SOUTH_PIT,21.8005,80.1901,24,24,3,14,1.06,7.69,20.6,23.3,69.6,37.0,0.343,19.0,431.0,408.2,499.3,372.7,126.6,25.36,Critical (>25%)
2028-07-19 14:00:00,Shift_2_Evening,UKWA_EXTENSION,21.7932,80.2015,21,25,3,12,0.86,7.86,26.5,57.6,79.5,25.5,0.518,37.2,487.4,487.0,480.7,412.4,68.3,14.21,Moderate (10-25%)
2028-07-19 22:00:00,Shift_3_Night,BAL_DEEP_LEVEL_3,21.8064,80.1876,21,23,3,13,0.35,7.54,23.2,39.4,70.3,32.5,0.377,28.6,441.1,454.7,535.7,459.1,76.6,14.3,Moderate (10-25%)
2028-07-20 06:00:00,Shift_1_Morning,BAL_DEEP_LEVEL_3,21.8064,80.1876,19,20,3,12,1.22,7.54,28.4,77.8,88.3,24.1,0.56,51.3,426.6,467.8,484.2,371.7,112.5,23.23,Moderate (10-25%)
2028-07-20 14:00:00,Shift_2_Evening,BAL_DEEP_LEVEL_3,21.8064,80.1876,17,18,4,14,0.91,8.03,25.0,57.4,76.4,30.2,0.481,40.7,503.5,473.9,592.3,512.2,80.1,13.52,Moderate (10-25%)
2028-07-20 22:00:00,Shift_3_Night,BAL_DEEP_LEVEL_3,21.8064,80.1876,15,18,3,16,2.02,7.95,25.5,62.2,83.1,26.6,0.51,49.3,490.7,390.4,519.9,386.4,133.5,25.68,Critical (>25%)
2028-07-21 06:00:00,Shift_1_Morning,UKWA_EXTENSION,21.7932,80.2015,19,25,3,12,2.27,7.58,34.0,100.0,95.6,20.5,0.811,85.1,418.4,402.7,561.5,414.9,146.6,26.11,Critical (>25%)
2028-07-21 14:00:00,Shift_2_Evening,BAL_NORTH_PIT,21.8121,80.1843,22,26,3,10,1.84,7.34,34.3,100.0,92.0,18.7,0.744,85.6,494.2,520.7,421.9,310.3,111.6,26.45,Critical (>25%)
2028-07-21 22:00:00,Shift_3_Night,BAL_DEEP_LEVEL_3,21.8064,80.1876,20,21,3,15,0.11,7.99,24.1,33.7,73.3,31.3,0.324,26.1,458.7,489.7,479.5,421.3,58.2,12.14,Moderate (10-25%)
2028-07-22 06:00:00,Shift_1_Morning,BAL_SOUTH_PIT,21.8005,80.1901,22,22,4,16,1.2,7.94,20.7,17.9,65.7,35.3,0.194,16.9,424.8,410.1,467.4,423.2,44.2,9.46,Normal (<10%)
2028-07-22 14:00:00,Shift_2_Evening,BAL_NORTH_PIT,21.8121,80.1843,26,26,3,16,1.33,7.43,20.4,16.5,71.2,34.3,0.214,8.0,457.9,376.9,513.9,388.7,125.2,24.36,Moderate (10-25%)
2028-07-22 22:00:00,Shift_3_Night,BAL_DEEP_LEVEL_3,21.8064,80.1876,17,20,4,12,0.46,8.04,23.8,38.0,77.1,31.9,0.443,34.5,421.3,557.4,572.2,457.0,115.2,20.13,Moderate (10-25%)
2028-07-23 06:00:00,Shift_1_Morning,BAL_NORTH_PIT,21.8121,80.1843,25,27,4,11,0.94,7.61,22.8,38.0,76.8,34.1,0.331,27.7,480.8,371.9,415.7,340.1,75.6,18.19,Moderate (10-25%)
2028-07-23 14:00:00,Shift_2_Evening,BAL_SOUTH_PIT,21.8005,80.1901,23,24,3,16,1.47,7.47,20.9,13.6,61.7,37.5,0.229,10.2,425.4,451.6,414.5,324.3,90.2,21.76,Moderate (10-25%)
2028-07-23 22:00:00,Shift_3_Night,BAL_DEEP_LEVEL_3,21.8064,80.1876,23,26,4,11,1.98,7.58,19.6,6.1,59.7,38.6,0.22,2.4,407.0,409.3,570.1,433.6,136.5,23.94,Moderate (10-25%)
2028-07-24 06:00:00,Shift_1_Morning,BAL_SOUTH_PIT,21.8005,80.1901,19,23,4,16,1.04,8.0,24.5,54.6,77.5,31.2,0.476,42.8,403.2,402.3,442.6,356.1,86.5,19.54,Moderate (10-25%)
2028-07-24 14:00:00,Shift_2_Evening,UKWA_EXTENSION,21.7932,80.2015,17,18,4,14,0.5,7.41,21.1,22.1,70.6,35.1,0.282,25.0,417.9,419.1,533.8,440.0,93.8,17.57,Moderate (10-25%)
